step,time,route_name,spawn_index,controller_type,tuning_value,x,y,path_x,path_y,yaw_deg,steer,throttle,brake,cross_track_error,heading_error_deg,closest_waypoint,target_waypoint,speed,distance_to_goal
0,0.0,straightline,349,pure_pursuit,3.0,-364.3430480957031,37.064048767089844,-364.3430480957031,37.06404113769531,-0.368408203125,-5.200865899194766e-06,0.35,0.0,7.62939453125e-06,5.088887490341627e-14,0,2,0.9800000786781311,597.6172067986624
1,0.05,straightline,349,pure_pursuit,3.0,-364.3430480957031,37.064048767089844,-364.3430480957031,37.06404113769531,-0.368408203125,-5.200865899194766e-06,0.35,0.0,7.62939453125e-06,5.088887490341627e-14,0,2,1.470000147819519,597.6172067986624
2,0.1,straightline,349,pure_pursuit,3.0,-364.3430480957031,37.064048767089844,-364.3430480957031,37.06404113769531,-0.368408203125,-5.200865899194766e-06,0.35,0.0,7.62939453125e-06,5.088887490341627e-14,0,2,1.9600002765655518,597.6172067986624
3,0.15000000000000002,straightline,349,pure_pursuit,3.0,-364.3429870605469,37.064048767089844,-364.3430480957031,37.06404113769531,-0.368408203125,-5.500759791069831e-06,0.35,0.0,6.151014517439689e-05,5.088887490341627e-14,0,2,0.9199349297457808,597.6171457643981
4,0.2,straightline,349,pure_pursuit,3.0,-364.3429870605469,37.064048767089844,-364.3430480957031,37.06404113769531,-0.368408203125,-5.500759791069831e-06,0.35,0.0,6.151014517439689e-05,5.088887490341627e-14,0,2,0.3441779020329866,597.6171457643981
5,0.25,straightline,349,pure_pursuit,3.0,-364.3429870605469,37.064048767089844,-364.3430480957031,37.06404113769531,-0.3683776557445526,-7.1299534149011475e-06,0.35,0.0,6.151014517439689e-05,-3.054738039840921e-05,0,2,0.06916984176555799,597.6171457643981
6,0.30000000000000004,straightline,349,pure_pursuit,3.0,-364.3429870605469,37.064048767089844,-364.3430480957031,37.06404113769531,-0.3683776557445526,-7.1299534149011475e-06,0.35,0.0,6.151014517439689e-05,-3.054738039840921e-05,0,2,0.04898205780720673,597.6171457643981
7,0.35000000000000003,straightline,349,pure_pursuit,3.0,-364.3429870605469,37.064048767089844,-364.3430480957031,37.06404113769531,-0.368408203125,-5.500759791069831e-06,0.35,0.0,6.151014517439689e-05,5.088887490341627e-14,0,2,0.08883195385126562,597.6171457643981
8,0.4,straightline,349,pure_pursuit,3.0,-364.3429870605469,37.064048767089844,-364.3430480957031,37.06404113769531,-0.368408203125,-5.500759791069831e-06,0.35,0.0,6.151014517439689e-05,5.088887490341627e-14,0,2,0.0922465475034467,597.6171457643981
9,0.45,straightline,349,pure_pursuit,3.0,-364.3429870605469,37.064048767089844,-364.3430480957031,37.06404113769531,-0.368408203125,-5.500759791069831e-06,0.35,0.0,6.151014517439689e-05,5.088887490341627e-14,0,2,0.08080438540307387,597.6171457643981
10,0.5,straightline,349,pure_pursuit,3.0,-364.3429870605469,37.064048767089844,-364.3430480957031,37.06404113769531,-0.368408203125,-5.500759791069831e-06,0.35,0.0,6.151014517439689e-05,5.088887490341627e-14,0,2,0.06508419677097078,597.6171457643981
11,0.55,straightline,349,pure_pursuit,3.0,-364.3429870605469,37.064048767089844,-364.3430480957031,37.06404113769531,-0.3684081733226776,-5.502349248262111e-06,0.35,0.0,6.151014517439689e-05,-2.9802306254062185e-08,0,2,0.049854096140902124,597.6171457643981
12,0.6000000000000001,straightline,349,pure_pursuit,3.0,-364.3429870605469,37.064048767089844,-364.3430480957031,37.06404113769531,-0.3684081733226776,-5.502349248262111e-06,0.35,0.0,6.151014517439689e-05,-2.9802306254062185e-08,0,2,0.036929674538972064,597.6171457643981
13,0.65,straightline,349,pure_pursuit,3.0,-364.3429870605469,37.064048767089844,-364.3430480957031,37.06404113769531,-0.3684081733226776,-5.502349248262111e-06,0.35,0.0,6.151014517439689e-05,-2.9802306254062185e-08,0,2,0.026707224636415613,597.6171457643981
14,0.7000000000000001,straightline,349,pure_pursuit,3.0,-364.3429870605469,37.064048767089844,-364.3430480957031,37.06404113769531,-0.368408203125,-5.500759791069831e-06,0.35,0.0,6.151014517439689e-05,5.088887490341627e-14,0,2,0.018968530078875077,597.6171457643981
15,0.75,straightline,349,pure_pursuit,3.0,-364.3429870605469,37.064048767089844,-364.3430480957031,37.06404113769531,-0.368408203125,-5.500759791069831e-06,0.35,0.0,6.151014517439689e-05,5.088887490341627e-14,0,2,0.013283299360778258,597.6171457643981
16,0.8,straightline,349,pure_pursuit,3.0,-364.3429870605469,37.064048767089844,-364.3430480957031,37.06404113769531,-0.368408203125,-5.500759791069831e-06,0.35,0.0,6.151014517439689e-05,5.088887490341627e-14,0,2,0.009199017771211427,597.6171457643981
17,0.8500000000000001,straightline,349,pure_pursuit,3.0,-364.3429870605469,37.064048767089844,-364.3430480957031,37.06404113769531,-0.368408203125,-5.500759791069831e-06,0.35,0.0,6.151014517439689e-05,5.088887490341627e-14,0,2,0.0063100244782923025,597.6171457643981
18,0.9,straightline,349,pure_pursuit,3.0,-364.3429870605469,37.064048767089844,-364.3430480957031,37.06404113769531,-0.368408203125,-5.500759791069831e-06,0.35,0.0,6.151014517439689e-05,5.088887490341627e-14,0,2,0.004295178126633162,597.6171457643981
19,0.9500000000000001,straightline,349,pure_pursuit,3.0,-364.3429870605469,37.064048767089844,-364.3430480957031,37.06404113769531,-0.368408203125,-5.500759791069831e-06,0.35,0.0,6.151014517439689e-05,5.088887490341627e-14,0,2,0.002904454242380072,597.6171457643981
20,1.0,straightline,349,pure_pursuit,3.0,-364.3429870605469,37.064048767089844,-364.3430480957031,37.06404113769531,-0.368408203125,-5.500759791069831e-06,0.35,0.0,6.151014517439689e-05,5.088887490341627e-14,0,2,0.0019524399993504252,597.6171457643981
21,1.05,straightline,349,pure_pursuit,3.0,-364.3429870605469,37.064048767089844,-364.3430480957031,37.06404113769531,-0.368408203125,-5.500759791069831e-06,0.35,0.0,6.151014517439689e-05,5.088887490341627e-14,0,2,0.001306087504381025,597.6171457643981
22,1.1,straightline,349,pure_pursuit,3.0,-364.34027099609375,37.06403350830078,-364.3430480957031,37.06404113769531,-0.3686217963695526,4.201069301838919e-06,0.35,0.0,0.002777110089292769,0.00021359324459327634,0,2,0.26704942175544455,597.6144298221174
23,1.1500000000000001,straightline,349,pure_pursuit,3.0,-364.30364990234375,37.06379699707031,-364.3430480957031,37.06404113769531,-0.3686828315258026,8.189626962732332e-06,0.35,0.0,0.03939894979092051,0.0002746284008284755,0,2,1.0345628275388168,597.5778105421691
24,1.2000000000000002,straightline,349,pure_pursuit,3.0,-364.2392883300781,37.063385009765625,-364.3430480957031,37.06404113769531,-0.3683776557445526,-9.651204149933832e-06,0.35,0.0,0.10376184012639256,-3.054738039840921e-05,0,2,1.4601424875654438,597.5134521385182
25,1.25,straightline,349,pure_pursuit,3.0,-364.1583557128906,37.06293487548828,-364.3430480957031,37.06404113769531,-0.3789062201976776,0.0004954264774186004,0.35,0.0,0.18469569590282756,0.010498017072692448,0,2,1.7179858978687859,597.4325231396928
26,1.3,straightline,349,pure_pursuit,3.0,-364.06640625,37.06224822998047,-364.3430480957031,37.06404113769531,-0.363494873046875,-0.00024980354925575063,0.35,0.0,0.27664765553336174,-0.004913330078078533,0,2,1.900371515590549,597.3405787375502
27,1.35,straightline,349,pure_pursuit,3.0,-363.96588134765625,37.061527252197266,-364.3430480957031,37.06404113769531,-0.355682373046875,-0.0006032080306228373,0.35,0.0,0.377175125707611,-0.012725830078117804,0,2,2.0747678117877597,597.2400592098065
28,1.4000000000000001,straightline,349,pure_pursuit,3.0,-363.8592224121094,37.060699462890625,-364.3430480957031,37.06404113769531,-0.3364257514476776,-0.001504558324460364,0.35,0.0,0.48383722355298353,-0.03198245167728573,0,2,2.1699940492958283,597.1334063199512
29,1.4500000000000002,straightline,349,pure_pursuit,3.0,-363.7469482421875,37.05988693237305,-364.3430480957031,37.06404113769531,-0.3301086127758026,-0.001753499114832184,0.35,0.0,0.5961143286175976,-0.03829959034918095,0,2,2.2953073966406987,597.0211381987765
30,1.5,straightline,349,pure_pursuit,3.0,-363.63006591796875,37.05898666381836,-364.3430480957031,37.06404113769531,-0.3161621391773224,-0.0023487793336366674,0.35,0.0,0.7130000935995904,-0.05224606394764467,0,2,2.365727259714582,596.9042624699856
31,1.55,straightline,349,pure_pursuit,3.0,-363.5084533691406,37.05811309814453,-364.3430480957031,37.06404113769531,-0.3141478896141052,-0.0023509694931988755,0.35,0.0,0.8346157794211956,-0.05426031351088479,0,2,2.475361672946416,596.7826564452726
32,1.6,straightline,349,pure_pursuit,3.0,-363.38287353515625,37.05716323852539,-364.3430480957031,37.06404113769531,-0.304168701171875,-0.0027176386580702767,0.35,0.0,0.9601991940313094,-0.06423950195309368,0,2,2.5373409776760463,596.6570836117108
33,1.6500000000000001,straightline,349,pure_pursuit,3.0,-363.2529602050781,37.056236267089844,-362.3431091308594,37.051177978515625,-0.3051146864891052,-0.0028820617175195733,0.35,0.0,0.9098651348086229,-0.0632935166358825,1,3,2.6387629507929526,596.5271772261184
34,1.7000000000000002,straightline,349,pure_pursuit,3.0,-363.1192626953125,37.055233001708984,-362.3431091308594,37.051177978515625,-0.2987365424633026,-0.003116547049624613,0.35,0.0,0.7761641571384175,-0.06967166066165577,1,3,2.697551713564969,596.3934871355239
35,1.75,straightline,349,pure_pursuit,3.0,-362.98150634765625,37.05424880981445,-362.3431091308594,37.051177978515625,-0.30273428559303284,-0.0028207028917146726,0.35,0.0,0.6384046024417916,-0.06567391753192128,1,3,2.793559810082913,596.2557381683362
36,1.8,straightline,349,pure_pursuit,3.0,-362.8401184082031,37.053199768066406,-362.3431091308594,37.051177978515625,-0.29876708984375,-0.0029157758285584144,0.35,0.0,0.49701338955680485,-0.06964111328120647,1,3,2.851024790042084,596.1143580207008
37,1.85,straightline,349,pure_pursuit,3.0,-362.69482421875,37.052181243896484,-362.3431091308594,37.051177978515625,-0.3040770888328552,-0.0025467401041357747,0.35,0.0,0.3517165187922434,-0.06433111429213532,1,3,2.9425656520133345,595.9690715203875
38,1.9000000000000001,straightline,349,pure_pursuit,3.0,-362.5460205078125,37.05110168457031,-362.3431091308594,37.051177978515625,-0.3015136122703552,-0.0025629083505658962,0.35,0.0,0.20291139129624852,-0.06689459085462435,1,3,2.9994076779962153,595.8202758883443
39,1.9500000000000002,straightline,349,pure_pursuit,3.0,-362.3934020996094,37.05006408691406,-362.3431091308594,37.051177978515625,-0.3074035048484802,-0.002168476324006126,0.35,0.0,0.0503053025056853,-0.061004698276477295,1,3,3.0868533688066644,595.6676653930544
40,2.0,straightline,349,pure_pursuit,3.0,-362.23736572265625,37.04897689819336,-362.3431091308594,37.051177978515625,-0.3056334853172302,-0.0021535870965704545,0.35,0.0,0.1057663137912908,-0.06277471780775608,1,3,3.1433623635680146,595.5116372559224
41,2.0500000000000003,straightline,349,pure_pursuit,3.0,-362.07769775390625,37.04792022705078,-362.3431091308594,37.051177978515625,-0.3116759657859802,-0.0017557077840493062,0.35,0.0,0.26543136958686797,-0.05673223733899558,1,3,3.226850910851887,595.351977420874
42,2.1,straightline,349,pure_pursuit,3.0,-361.9147033691406,37.04681396484375,-362.3431091308594,37.051177978515625,-0.31030264496803284,-0.0017211945291258437,0.35,0.0,0.4284279884521443,-0.05810555815692459,1,3,3.2831297271976783,595.1889914961807
43,2.15,straightline,349,pure_pursuit,3.0,-361.7481994628906,37.04574203491211,-362.3431091308594,37.051177978515625,-0.3161010444164276,-0.0013434029894646028,0.35,0.0,0.5949345027190379,-0.05230715870854327,1,3,3.3627267074639073,595.0224959215506
44,2.2,straightline,349,pure_pursuit,3.0,-361.57843017578125,37.04462814331055,-362.3431091308594,37.051177978515625,-0.3148192763328552,-0.0013148343673409916,0.35,0.0,0.7647070057744906,-0.053588926792094045,1,3,3.418785987190157,594.8527352506517
45,2.25,straightline,349,pure_pursuit,3.0,-361.40521240234375,37.04354476928711,-362.3431091308594,37.051177978515625,-0.3201598823070526,-0.0009730590026377458,0.35,0.0,0.9379277899942182,-0.048248320817910195,1,3,3.4945598328686693,594.6795259851256
46,2.3000000000000003,straightline,349,pure_pursuit,3.0,-361.22882080078125,37.04241943359375,-360.3431396484375,37.03832244873047,-0.3187560439109802,-0.0016504339560344133,0.35,0.0,0.8856906282116362,-0.04965215921398225,2,4,3.550451015674504,594.5031431754459
47,2.35,straightline,349,pure_pursuit,3.0,-361.0491027832031,37.041290283203125,-360.3431396484375,37.03832244873047,-0.32534781098365784,-0.0012779407215076145,0.35,0.0,0.7059693730535094,-0.04306039214130944,2,4,3.6220476482834605,594.3234340278203
48,2.4000000000000004,straightline,349,pure_pursuit,3.0,-360.86627197265625,37.04009246826172,-360.3431396484375,37.03832244873047,-0.3261108100414276,-0.0011810698869020734,0.35,0.0,0.5231353186429419,-0.042297393083527944,2,4,3.677447158601151,594.1406125175607
49,2.45,straightline,349,pure_pursuit,3.0,-360.6803894042969,37.038917541503906,-360.3431396484375,37.03832244873047,-0.333343505859375,-0.0007635667771391151,0.35,0.0,0.3372502808933108,-0.03506469726559492,2,4,3.743055998365613,593.9547391780167
50,2.5,straightline,349,pure_pursuit,3.0,-360.4914855957031,37.03770065307617,-360.3431396484375,37.03832244873047,-0.3325194716453552,-0.0007554809690573089,0.35,0.0,0.14834725039572286,-0.035888731479611614,2,4,3.7989937728711474,593.76584488196
51,2.5500000000000003,straightline,349,pure_pursuit,3.0,-360.2998046875,37.03652572631836,-360.3431396484375,37.03832244873047,-0.3399657607078552,-0.0003466904165036623,0.35,0.0,0.043372192138290945,-0.02844244241713621,2,4,3.8565177766801138,593.5741733063512
52,2.6,straightline,349,pure_pursuit,3.0,-360.105224609375,37.03530502319336,-360.3431396484375,37.03832244873047,-0.3380737602710724,-0.00041180357805068363,0.35,0.0,0.23793417297433947,-0.030334442853915733,2,4,3.9142794984597957,593.3796028643521
53,2.6500000000000004,straightline,349,pure_pursuit,3.0,-359.9076843261719,37.03411102294922,-360.3431396484375,37.03832244873047,-0.343505859375,-0.00012056720205661889,0.35,0.0,0.43547568680302956,-0.02490234374996615,2,4,3.9717021671903616,593.1820721240507
54,2.7,straightline,349,pure_pursuit,3.0,-359.7073669433594,37.03287124633789,-360.3431396484375,37.03832244873047,-0.3410644233226776,-0.00022271631538874195,0.35,0.0,0.6357960743272023,-0.027343779802291034,2,4,4.028524068419524,592.981764586712
55,2.75,straightline,349,pure_pursuit,3.0,-359.50421142578125,37.03165054321289,-360.3431396484375,37.03832244873047,-0.3450927734375,-1.1197971608689073e-05,0.35,0.0,0.8389547527086368,-0.023315429687494747,2,4,4.084621298073052,592.7786188618614
56,2.8000000000000003,straightline,349,pure_pursuit,3.0,-359.29827880859375,37.030391693115234,-358.3431701660156,37.02545928955078,-0.3425597846508026,-0.0006325306057827706,0.35,0.0,0.9551213785338234,-0.02584841847414699,3,5,4.1398704112592455,592.5726962989013
57,2.85,straightline,349,pure_pursuit,3.0,-359.089599609375,37.02911376953125,-358.3431701660156,37.02545928955078,-0.347137451171875,-0.0003967183592952597,0.35,0.0,0.7464383893783291,-0.021270751953081243,3,5,4.194243627090161,592.3640273104561
58,2.9000000000000004,straightline,349,pure_pursuit,3.0,-358.87823486328125,37.027774810791016,-358.3431701660156,37.02545928955078,-0.3467406630516052,-0.00039705485678466566,0.35,0.0,0.5350697075134874,-0.021667540073349766,3,5,4.247781791931133,592.1526731626832
59,2.95,straightline,349,pure_pursuit,3.0,-358.6642150878906,37.02644348144531,-358.3431701660156,37.02545928955078,-0.350830078125,-0.0001730789597897861,0.35,0.0,0.3210464304355526,-0.01757812499996114,3,5,4.300472908680372,591.9386639945549
60,3.0,straightline,349,pure_pursuit,3.0,-358.4475402832031,37.025081634521484,-358.3431701660156,37.02545928955078,-0.3500365912914276,-0.00019840322896040998,0.35,0.0,0.10437080044271786,-0.018371611833528537,3,5,4.3523559935487866,591.7220000169526
61,3.0500000000000003,straightline,349,pure_pursuit,3.0,-358.2283630371094,37.02372360229492,-358.3431701660156,37.02545928955078,-0.352752685546875,-4.9795701231049146e-05,0.35,0.0,0.114820248466664,-0.01565551757811981,3,5,4.40342345668537,591.5028336261786
62,3.1,straightline,349,pure_pursuit,3.0,-358.0066223144531,37.022315979003906,-358.3431701660156,37.02545928955078,-0.3516845405101776,-7.439788992504655e-05,0.35,0.0,0.33656253028602073,-0.016723662614771047,3,5,4.453169027743344,591.2811040837157
63,3.1500000000000004,straightline,349,pure_pursuit,3.0,-357.78240966796875,37.02092361450195,-358.3431701660156,37.02545928955078,-0.3533324599266052,2.2961629022199066e-05,0.35,0.0,0.5607788410041233,-0.015075743198370703,3,5,4.50207013634854,591.0569025825678
64,3.2,straightline,349,pure_pursuit,3.0,-357.5558776855469,37.019527435302734,-358.3431701660156,37.02545928955078,-0.3522949814796448,-3.1530715503382343e-05,0.35,0.0,0.7873148269259618,-0.016113221645347627,3,5,4.550241712560644,590.8303818140022
65,3.25,straightline,349,pure_pursuit,3.0,-357.326904296875,37.01812744140625,-356.34320068359375,37.01259994506836,-0.3532104194164276,-0.00026139282282989303,0.35,0.0,0.9837191428443143,-0.015197783708534847,4,6,4.597662740169337,590.601419709823
66,3.3000000000000003,straightline,349,pure_pursuit,3.0,-357.0955810546875,37.01669692993164,-356.34320068359375,37.01259994506836,-0.353363037109375,-0.00026312975324802013,0.35,0.0,0.7523915257976653,-0.01504516601561515,4,6,4.6442729489903325,590.3701079698662
67,3.35,straightline,349,pure_pursuit,3.0,-356.8619384765625,37.0152702331543,-356.34320068359375,37.01259994506836,-0.3545837104320526,-0.0002213359566816108,0.35,0.0,0.5187446657967208,-0.013824492692912088,4,6,4.689838000848525,590.1364769210694
68,3.4000000000000004,straightline,349,pure_pursuit,3.0,-356.62603759765625,37.01380920410156,-356.34320068359375,37.01259994506836,-0.35498037934303284,-0.00021161114022147525,0.35,0.0,0.2828394991223952,-0.013427823781919467,4,6,4.7345762368128215,589.9005878099455
69,3.45,straightline,349,pure_pursuit,3.0,-356.38787841796875,37.01230239868164,-356.34320068359375,37.01259994506836,-0.35552978515625,-0.0001711321351247393,0.35,0.0,0.04467872516909257,-0.012878417968731246,4,6,4.778305290143598,589.6624407008742
70,3.5,straightline,349,pure_pursuit,3.0,-356.1476135253906,37.010799407958984,-356.34320068359375,37.01259994506836,-0.3557433784008026,-0.00016084190155008882,0.35,0.0,0.19559544572370924,-0.012664824724188858,4,6,4.8213338729055035,589.422187903946
71,3.5500000000000003,straightline,349,pure_pursuit,3.0,-355.9051513671875,37.0092887878418,-356.34320068359375,37.01259994506836,-0.3558654487133026,-0.00016085458977568008,0.35,0.0,0.4380618305287074,-0.012542754411667571,4,6,4.863697614140926,589.1797379317946
72,3.6,straightline,349,pure_pursuit,3.0,-355.66058349609375,37.007774353027344,-356.34320068359375,37.01259994506836,-0.35595703125,-0.00017211405611309392,0.35,0.0,0.6826342439469005,-0.012451171874983074,4,6,4.905423282519889,588.9351823147457
73,3.6500000000000004,straightline,349,pure_pursuit,3.0,-355.4139709472656,37.006248474121094,-356.34320068359375,37.01259994506836,-0.3560790717601776,-0.0001857110148222138,0.35,0.0,0.9292514428612046,-0.01232913136481893,4,6,4.946525382807502,588.6885821298663
74,3.7,straightline,349,pure_pursuit,3.0,-355.1653137207031,37.00469970703125,-354.34326171875,36.99974060058594,-0.356292724609375,0.002865119748655553,0.35,0.0,0.8220669599563508,-0.012115478515613145,5,7,4.986978965333642,588.439937441496
75,3.75,straightline,349,pure_pursuit,3.0,-354.9146423339844,37.00334167480469,-354.34326171875,36.99974060058594,-0.3466491401195526,0.002374064421505921,0.35,0.0,0.5713919628426198,-0.021759063005421755,5,7,5.026755036497497,588.1892775718661
76,3.8000000000000003,straightline,349,pure_pursuit,3.0,-354.6626892089844,37.00229263305664,-354.34326171875,36.99974060058594,-0.3559570014476776,0.002669317044430672,0.35,0.0,0.31943768466973843,-0.012451201677289329,5,7,5.017313464150743,587.9373342666325
77,3.85,straightline,349,pure_pursuit,3.0,-354.41168212890625,37.00103759765625,-354.34326171875,36.99974060058594,-0.3150939643383026,0.0004248602734764387,0.35,0.0,0.06843270217775911,-0.05331423878665306,5,7,5.008735539832157,587.6863381561868
78,3.9000000000000004,straightline,349,pure_pursuit,3.0,-354.1597595214844,36.9998779296875,-354.34326171875,36.99974060058594,-0.3058471381664276,-0.00022398756064917952,0.35,0.0,0.18350224865269224,-0.0625610649585503,5,7,5.0615405810356515,587.4344260099544
79,3.95,straightline,349,pure_pursuit,3.0,-353.9083557128906,36.99871063232422,-354.34326171875,36.99974060058594,-0.30963134765625,-0.00019115176991933524,0.35,0.0,0.4349072254713353,-0.058776855468745684,5,7,5.043738074447029,587.1830327084685
80,4.0,straightline,349,pure_pursuit,3.0,-353.65643310546875,36.997493743896484,-354.34326171875,36.99974060058594,-0.3179625868797302,0.00010203222841764977,0.35,0.0,0.6868322883985782,-0.050445616245243394,5,7,5.003413946326545,586.9311209062447
81,4.05,straightline,349,pure_pursuit,3.0,-353.4043273925781,36.99604034423828,-354.34326171875,36.99974060058594,-0.2953185439109802,0.005699993954251385,0.35,0.0,0.938941617333512,-0.07308965921399829,5,8,5.0625788032479,586.6790273429892
82,4.1000000000000005,straightline,349,pure_pursuit,3.0,-353.1537170410156,36.995338439941406,-352.352783203125,36.987037658691406,-0.331756591796875,0.007563574781840944,0.35,0.0,0.8009768508812014,-0.0021667480468750082,6,8,4.988510731035275,586.4284249029532
83,4.15,straightline,349,pure_pursuit,3.0,-352.9004211425781,36.994712829589844,-352.352783203125,36.987037658691406,-0.3041381537914276,0.005943110522683087,0.35,0.0,0.547691720748803,-0.02978518605232239,6,8,5.078351472715931,586.1751365366953
84,4.2,straightline,349,pure_pursuit,3.0,-352.64862060546875,36.9941520690918,-352.352783203125,36.987037658691406,-0.2712096571922302,0.003977919492396477,0.35,0.0,0.29592293500308997,-0.06271368265151978,6,8,5.016218536979831,585.9233431499182
85,4.25,straightline,349,pure_pursuit,3.0,-352.3963928222656,36.99357223510742,-352.352783203125,36.987037658691406,-0.2375183254480362,0.0019589159074025575,0.35,0.0,0.044096480251003184,-0.09640501439571378,6,8,5.103590294881774,585.6711226380246
86,4.3,straightline,349,pure_pursuit,3.0,-352.14202880859375,36.99306869506836,-352.352783203125,36.987037658691406,-0.2444152683019638,0.002004364492176326,0.35,0.0,0.21084067020860542,-0.08950807154178615,6,8,5.03190515481268,585.4167655061959
87,4.3500000000000005,straightline,349,pure_pursuit,3.0,-351.8880920410156,36.992488861083984,-352.352783203125,36.987037658691406,-0.25152587890625,0.0020828243951656494,0.35,0.0,0.4647231345113844,-0.08239746093749997,6,8,5.111010196755982,585.1628360506078
88,4.4,straightline,349,pure_pursuit,3.0,-351.63568115234375,36.9921760559082,-352.352783203125,36.987037658691406,-0.3122863471508026,0.0047226038778365054,0.35,0.0,0.7171204601464332,-0.021636992692947384,6,8,5.0005301759406375,584.9104309487859
89,4.45,straightline,349,pure_pursuit,3.0,-351.3824157714844,36.991756439208984,-350.41583251953125,36.979618072509766,-0.3524474799633026,0.01303332660770511,0.35,0.0,0.966659465842239,0.2477111518383026,7,9,5.089588340305033,584.657171976974
90,4.5,straightline,349,pure_pursuit,3.0,-351.1248474121094,36.99162673950195,-350.41583251953125,36.979618072509766,-0.3357848525047302,0.011911171165808122,0.35,0.0,0.7091165813746703,0.23104852437973025,7,9,5.186302395501668,584.3996084625627
91,4.55,straightline,349,pure_pursuit,3.0,-350.8683776855469,36.9913330078125,-350.41583251953125,36.979618072509766,-0.22058100998401642,0.00562170181025171,0.35,0.0,0.45269677157370675,0.11584468185901639,7,9,5.076649311892481,584.1431444952749
92,4.6000000000000005,straightline,349,pure_pursuit,3.0,-350.6098327636719,36.9912223815918,-350.41583251953125,36.979618072509766,-0.1413574069738388,0.0010948165772936662,0.35,0.0,0.1943469956441144,0.03662107884883879,7,9,5.206263890796866,583.8846043351186
93,4.65,straightline,349,pure_pursuit,3.0,-350.3527526855469,36.99079513549805,-350.41583251953125,36.979618072509766,-0.0462646447122097,-0.004067118257641555,0.35,0.0,0.0640624085758592,-0.05847168341279031,7,9,5.109084303611246,583.6275307917523
94,4.7,straightline,349,pure_pursuit,3.0,-350.0945739746094,36.990291595458984,-350.41583251953125,36.979618072509766,-0.01080322265625,-0.005999263077892966,0.35,0.0,0.3214358050645072,-0.09393310546875001,7,9,5.201490459833366,583.3693590714136
95,4.75,straightline,349,pure_pursuit,3.0,-349.8366394042969,36.98932647705078,-350.41583251953125,36.979618072509766,0.05006519705057144,-0.008873763314565191,0.35,0.0,0.5792744754031822,-0.15480152517557144,7,9,5.1101270987244005,583.1114341106443
96,4.800000000000001,straightline,349,pure_pursuit,3.0,-349.57586669921875,36.988426208496094,-350.41583251953125,36.979618072509766,0.054259445518255234,-0.008733091602360557,0.35,0.0,0.8400120014337918,-0.15899577364325523,7,9,5.253779328410783,582.8506707030114
97,4.8500000000000005,straightline,349,pure_pursuit,3.0,-349.316162109375,36.987239837646484,-348.4656982421875,36.97979736328125,0.08238024264574051,-0.005703355352028743,0.35,0.0,0.850496431395332,-0.005552239716053008,8,10,5.1637522405203224,582.5909770272708
98,4.9,straightline,349,pure_pursuit,3.0,-349.05517578125,36.986385345458984,-348.4656982421875,36.97979736328125,0.08070061355829239,-0.005119324471205453,0.35,0.0,0.5895143514524098,-0.003872610628604883,8,10,5.257812385626105,582.3299997605636
99,4.95,straightline,349,pure_pursuit,3.0,-348.79443359375,36.98548126220703,-348.4656982421875,36.97979736328125,0.12947385013103485,-0.007131424112282962,0.35,0.0,0.3287844857561241,-0.052645847201347365,8,10,5.168899800382125,582.0692669218483
100,5.0,straightline,349,pure_pursuit,3.0,-348.53076171875,36.98491287231445,-348.4656982421875,36.97979736328125,0.13517773151397705,-0.0070230376605531905,0.35,0.0,0.06526426598888375,-0.058349728584289544,8,10,5.312408839129313,581.8056025430643
101,5.050000000000001,straightline,349,pure_pursuit,3.0,-348.26800537109375,36.98419952392578,-348.4656982421875,36.97979736328125,0.1702667474746704,-0.008308247077418578,0.35,0.0,0.19774187796122072,-0.09343874454498291,8,10,5.225714810758436,581.5428545093072
102,5.1000000000000005,straightline,349,pure_pursuit,3.0,-348.00396728515625,36.98368835449219,-348.4656982421875,36.97979736328125,0.16576990485191345,-0.007569319836391884,0.35,0.0,0.46174735136608813,-0.08894190192222597,8,10,5.319360793423103,581.2788236148098
103,5.15,straightline,349,pure_pursuit,3.0,-347.7401123046875,36.982967376708984,-348.4656982421875,36.97979736328125,0.2037314623594284,-0.00881859091689182,0.35,0.0,0.7255928622050288,-0.1269034594297409,8,10,5.231718247736448,581.0149770256259
104,5.2,straightline,349,pure_pursuit,3.0,-347.4734802246094,36.9825325012207,-348.4656982421875,36.97979736328125,0.1981615126132965,-0.007898279951125775,0.35,0.0,0.9922217873974609,-0.12133350968360901,8,10,5.372492423114,580.7483517587585
105,5.25,straightline,349,pure_pursuit,3.0,-347.2076416015625,36.98192596435547,-346.4656982421875,36.98248291015625,0.22523033618927002,-0.008196988223427747,0.35,0.0,0.741943568412912,-0.14840233325958252,9,11,5.287881537551431,580.4825209222074
106,5.300000000000001,straightline,349,pure_pursuit,3.0,-346.9405517578125,36.98154067993164,-346.4656982421875,36.98248291015625,0.21766074001789093,-0.007302476586902452,0.35,0.0,0.4748544504363609,-0.14083273708820343,9,11,5.380583636351444,580.2154376296995
107,5.3500000000000005,straightline,349,pure_pursuit,3.0,-346.673583984375,36.98100662231445,-346.4656982421875,36.98248291015625,0.25522053241729736,-0.008644596688340347,0.35,0.0,0.2078909840051741,-0.17839252948760986,9,11,5.293320265904748,579.9484772618262
108,5.4,straightline,349,pure_pursuit,3.0,-346.40386962890625,36.980674743652344,-346.4656982421875,36.98248291015625,0.26797834038734436,-0.008727309229808503,0.35,0.0,0.061855047380049856,-0.19115033745765683,9,11,5.452030196667096,579.6787692082479
109,5.45,straightline,349,pure_pursuit,3.0,-346.1339111328125,36.980369567871094,-346.4656982421875,36.98248291015625,0.2866951525211334,-0.009061766154597228,0.35,0.0,0.33179383985094185,-0.20986714959144595,9,11,5.361985319145789,579.408816871352
110,5.5,straightline,349,pure_pursuit,3.0,-345.8630676269531,36.98025894165039,-346.4656982421875,36.98248291015625,0.2704319953918457,-0.007598386313680623,0.35,0.0,0.6026347189248861,-0.19360399246215823,9,11,5.4512243279813335,579.1379784316531
111,5.550000000000001,straightline,349,pure_pursuit,3.0,-345.59295654296875,36.979949951171875,-346.4656982421875,36.98248291015625,0.3011628985404968,-0.008345954095983175,0.35,0.0,0.8727453749155292,-0.22433489561080933,9,11,5.358694146418917,578.86787354242
112,5.6000000000000005,straightline,349,pure_pursuit,3.0,-345.3210144042969,36.97987365722656,-344.4656982421875,36.98516082763672,0.3056107759475708,-0.009595928156861907,0.35,0.0,0.8553325033789237,-0.22878277301788333,10,12,5.49242110063058,578.5959363013359
113,5.65,straightline,349,pure_pursuit,3.0,-345.0485534667969,36.97957992553711,-344.4656982421875,36.98516082763672,0.34295588731765747,-0.010993227642213613,0.35,0.0,0.5828819428689573,-0.26612788438796997,10,12,5.441374308973717,578.3234815209197
114,5.7,straightline,349,pure_pursuit,3.0,-344.7740478515625,36.97953414916992,-344.4656982421875,36.98516082763672,0.328856498003006,-0.009743885703215611,0.35,0.0,0.30840094213909885,-0.2520284950733185,10,12,5.531211399481406,578.0489806802732
115,5.75,straightline,349,pure_pursuit,3.0,-344.4994201660156,36.97927474975586,-344.4656982421875,36.98516082763672,0.3551706373691559,-0.010420059468192527,0.35,0.0,0.03423176973937232,-0.2783426344394684,10,12,5.445062159640421,577.7743590016332
116,5.800000000000001,straightline,349,pure_pursuit,3.0,-344.2225036621094,36.97920227050781,-344.4656982421875,36.98516082763672,0.3532044291496277,-0.009628095410552782,0.35,0.0,0.2432675650028873,-0.2763764262199402,10,12,5.5895220235643475,577.4974474750369
117,5.8500000000000005,straightline,349,pure_pursuit,3.0,-343.9454650878906,36.97901916503906,-344.4656982421875,36.98516082763672,0.3820827305316925,-0.010274253977944854,0.35,0.0,0.5202694060283957,-0.305254727602005,10,12,5.527811658939055,577.2204145203677
118,5.9,straightline,349,pure_pursuit,3.0,-343.6669921875,36.97916030883789,-344.4656982421875,36.98516082763672,0.3657573163509369,-0.008659488353638,0.35,0.0,0.798728594718085,-0.28892931342124945,10,12,5.607162281756124,576.9419454052279
119,5.95,straightline,349,pure_pursuit,3.0,-343.3888244628906,36.97916030883789,-342.4657287597656,36.98784637451172,0.39374271035194397,-0.012281169063354578,0.35,0.0,0.923136568913142,-0.31691470742225647,11,13,5.515443700885408,576.6637822759958
120,6.0,straightline,349,pure_pursuit,3.0,-343.1087341308594,36.979244232177734,-342.4657287597656,36.98784637451172,0.3862275779247284,-0.011409724549401683,0.35,0.0,0.6430629083597851,-0.3093995749950409,11,13,5.650339548729767,576.3836960928451
121,6.050000000000001,straightline,349,pure_pursuit,3.0,-342.8287353515625,36.97908020019531,-342.4657287597656,36.98784637451172,0.40557989478111267,-0.011737247715673886,0.35,0.0,0.36311242267392707,-0.32875189185142517,11,13,5.585433039496589,576.1037028919292
122,6.1000000000000005,straightline,349,pure_pursuit,3.0,-342.54736328125,36.97917175292969,-342.4657287597656,36.98784637451172,0.37933823466300964,-0.00972432233142635,0.35,0.0,0.08209411767949228,-0.30251023173332214,11,13,5.6629009888409465,575.8223349565704
123,6.15,straightline,349,pure_pursuit,3.0,-342.2664794921875,36.97908401489258,-342.4657287597656,36.98784637451172,0.39818790555000305,-0.009882614368257688,0.35,0.0,0.19944184509905238,-0.32135990262031555,11,13,5.567822987878571,575.5414563312444
124,6.2,straightline,349,pure_pursuit,3.0,-341.98370361328125,36.979251861572266,-342.4657287597656,36.98784637451172,0.39226600527763367,-0.008799988894402965,0.35,0.0,0.48210176051944637,-0.31543800234794617,11,13,5.6996816942328214,575.2586841794862
125,6.25,straightline,349,pure_pursuit,3.0,-341.7010192871094,36.979347229003906,-342.4657287597656,36.98784637451172,0.42125850915908813,-0.009377267018390421,0.35,0.0,0.7647567018631238,-0.34443050622940063,11,13,5.633081587829818,574.9760040005654
126,6.300000000000001,straightline,349,pure_pursuit,3.0,-341.41717529296875,36.97979736328125,-340.4657287597656,36.99052429199219,0.40720421075820923,-0.011787207376779005,0.35,0.0,0.9515070007854985,-0.33037620782852173,12,14,5.708490367480786,574.6921621306444
127,6.3500000000000005,straightline,349,pure_pursuit,3.0,-341.1338195800781,36.979915618896484,-340.4657287597656,36.99052429199219,0.42702120542526245,-0.012318732066030041,0.35,0.0,0.6681750430318995,-0.350193202495575,12,14,5.616367695102695,574.4088104513702
128,6.4,straightline,349,pure_pursuit,3.0,-340.84869384765625,36.980079650878906,-340.4657287597656,36.99052429199219,0.4108434319496155,-0.01089020491271765,0.35,0.0,0.38310749023095253,-0.334015429019928,12,14,5.742770286728975,574.1236885217883
129,6.45,straightline,349,pure_pursuit,3.0,-340.56390380859375,36.980045318603516,-340.4657287597656,36.99052429199219,0.42735013365745544,-0.010979077362022891,0.35,0.0,0.09873271542748746,-0.35052213072776794,12,14,5.67559307801865,573.8389034295486
130,6.5,straightline,349,pure_pursuit,3.0,-340.2779541015625,36.98031234741211,-340.4657287597656,36.99052429199219,0.40186119079589844,-0.008947745305314498,0.35,0.0,0.18805213658825312,-0.32503318786621094,12,14,5.750742374975439,573.5529569520932
131,6.550000000000001,straightline,349,pure_pursuit,3.0,-339.99249267578125,36.980438232421875,-340.4657287597656,36.99052429199219,0.422702431678772,-0.009157820895092003,0.35,0.0,0.4733435536505407,-0.3458744287490845,12,14,5.659703551565451,573.2674995670474
132,6.6000000000000005,straightline,349,pure_pursuit,3.0,-339.7053527832031,36.98084259033203,-340.4657287597656,36.99052429199219,0.4181419909000397,-0.0081095816049878,0.35,0.0,0.7604376115635074,-0.3413139879703522,12,14,5.78384412957867,572.9803621367302
133,6.65,straightline,349,pure_pursuit,3.0,-339.41851806640625,36.98116683959961,-338.4657287597656,36.99320602416992,0.44947338104248047,-0.013234531385728915,0.35,0.0,0.9528653655232941,-0.3726453781127929,13,15,5.716561683918408,572.6935303433271
134,6.7,straightline,349,pure_pursuit,3.0,-339.130615234375,36.98163604736328,-338.4657287597656,36.99320602416992,0.42617660760879517,-0.011636844109353901,0.35,0.0,0.6649871340723739,-0.34934860467910767,13,15,5.790471649385732,572.4056296166749
135,6.75,straightline,349,pure_pursuit,3.0,-338.8433837890625,36.98173141479492,-338.4657287597656,36.99320602416992,0.43738827109336853,-0.011573576043242327,0.35,0.0,0.37782931042142875,-0.36056026816368103,13,15,5.698589393404267,572.1184024326361
136,6.800000000000001,straightline,349,pure_pursuit,3.0,-338.5545654296875,36.981964111328125,-338.4657287597656,36.99320602416992,0.4192275404930115,-0.009948771436244577,0.35,0.0,0.08954515356595648,-0.342399537563324,13,15,5.821858751635717,571.82958756988
137,6.8500000000000005,straightline,349,pure_pursuit,3.0,-338.26605224609375,36.9820556640625,-338.4657287597656,36.99320602416992,0.4373183846473694,-0.010045103688602746,0.35,0.0,0.19998760122237497,-0.36049038171768194,13,15,5.753924335772825,571.5410786994464
138,6.9,straightline,349,pure_pursuit,3.0,-337.9763488769531,36.98248291015625,-338.4657287597656,36.99320602416992,0.4152434468269348,-0.008143979528199933,0.35,0.0,0.48949734920194043,-0.3384154438972473,13,15,5.827357138938703,571.2513777213676
139,6.95,straightline,349,pure_pursuit,3.0,-337.687255859375,36.98279571533203,-338.4657287597656,36.99320602416992,0.4393915832042694,-0.008472060920009537,0.35,0.0,0.7785425044098057,-0.3625635802745819,13,15,5.7367396478216675,570.9622877511309
140,7.0,straightline,349,pure_pursuit,3.0,-337.3966979980469,36.9833984375,-336.4657287597656,36.995887756347656,0.43711981177330017,-0.01224928092515237,0.35,0.0,0.9310530090769533,-0.36029180884361267,14,16,5.855354853958113,570.6717312827852
141,7.050000000000001,straightline,349,pure_pursuit,3.0,-337.1064758300781,36.98368453979492,-336.4657287597656,36.995887756347656,0.4581248164176941,-0.012866010915509981,0.35,0.0,0.6408632667022544,-0.38129681348800665,14,16,5.786124105316902,570.3815123420362
142,7.1000000000000005,straightline,349,pure_pursuit,3.0,-336.815185546875,36.98405456542969,-336.4657287597656,36.995887756347656,0.42630112171173096,-0.010654187393977098,0.35,0.0,0.34965707552416003,-0.34947311878204346,14,16,5.85950426889332,570.090224820132
143,7.15,straightline,349,pure_pursuit,3.0,-336.52447509765625,36.98416519165039,-336.4657287597656,36.995887756347656,0.43617120385169983,-0.010398541407726477,0.35,0.0,0.059904513508091034,-0.35934320092201233,14,16,5.769631420885417,569.7995186325202
144,7.2,straightline,349,pure_pursuit,3.0,-336.2322998046875,36.984493255615234,-336.4657287597656,36.995887756347656,0.4198382794857025,-0.008795827312439237,0.35,0.0,0.23370689274346715,-0.343010276556015,14,16,5.885981854490853,569.5073463664185
145,7.25,straightline,349,pure_pursuit,3.0,-335.9405517578125,36.98473358154297,-336.4657287597656,36.995887756347656,0.4422767162322998,-0.009062409219910611,0.35,0.0,0.5252954397251571,-0.3654487133026123,14,16,5.816568327701235,569.215601852663
146,7.300000000000001,straightline,349,pure_pursuit,3.0,-335.6477355957031,36.98532485961914,-336.4657287597656,36.995887756347656,0.42528700828552246,-0.007387490400185676,0.35,0.0,0.8180613615373099,-0.34845900535583496,14,16,5.8900285212660775,568.9227872039356
147,7.3500000000000005,straightline,349,pure_pursuit,3.0,-335.35552978515625,36.985816955566406,-334.4657287597656,36.99856948852539,0.4534126818180084,-0.012860560039726453,0.35,0.0,0.8898924046664729,-0.3765846788883209,15,17,5.800997797192182,568.630583475739
148,7.4,straightline,349,pure_pursuit,3.0,-335.0618591308594,36.986324310302734,-334.4657287597656,36.99856948852539,0.43911999464035034,-0.01171231161077204,0.35,0.0,0.5962561225933674,-0.36229199171066284,15,17,5.914860172789972,568.3369148423552
149,7.45,straightline,349,pure_pursuit,3.0,-334.76861572265625,36.986480712890625,-334.4657287597656,36.99856948852539,0.45077985525131226,-0.011647403879745217,0.35,0.0,0.3031281095270687,-0.3739518523216247,15,17,5.8447686468830256,568.0436754941293
150,7.5,straightline,349,pure_pursuit,3.0,-334.4743347167969,36.986846923828125,-334.4657287597656,36.99856948852539,0.419139564037323,-0.009329331343398159,0.35,0.0,0.01454238699475776,-0.3423115611076355,15,17,5.9182970544640945,567.749397347679
151,7.550000000000001,straightline,349,pure_pursuit,3.0,-334.1806945800781,36.98703384399414,-334.4657287597656,36.99856948852539,0.4332408607006073,-0.009205666708623493,0.35,0.0,0.2852675142473769,-0.3564128577709198,15,17,5.827844747305899,567.4557611077171
152,7.6000000000000005,straightline,349,pure_pursuit,3.0,-333.88568115234375,36.98750305175781,-334.4657287597656,36.99856948852539,0.42162203788757324,-0.007806209381898027,0.35,0.0,0.5801531633099767,-0.34479403495788574,15,17,5.9395974434036996,567.160749958081
153,7.65,straightline,349,pure_pursuit,3.0,-333.59112548828125,36.9879035949707,-334.4657287597656,36.99856948852539,0.4491395056247711,-0.008281878129080926,0.35,0.0,0.8746683050028115,-0.3723115026950836,15,17,5.868600643527943,566.8661969676307
154,7.7,straightline,349,pure_pursuit,3.0,-333.29559326171875,36.98866271972656,-332.4657287597656,37.001251220703125,0.4369179606437683,-0.011944191396908374,0.35,0.0,0.8299599761185747,-0.3600899577140808,16,18,5.94165258916673,566.5706653419048
155,7.75,straightline,349,pure_pursuit,3.0,-333.00067138671875,36.98904800415039,-332.4657287597656,37.001251220703125,0.45442938804626465,-0.012399086740814575,0.35,0.0,0.5350817999387973,-0.37760138511657715,16,18,5.8535197798947385,566.275746241138
156,7.800000000000001,straightline,349,pure_pursuit,3.0,-332.7044372558594,36.989437103271484,-332.4657287597656,37.001251220703125,0.43087413907051086,-0.010596169405653354,0.35,0.0,0.23900066836314174,-0.35404613614082336,16,18,5.961814012045529,565.9795148877646
157,7.8500000000000005,straightline,349,pure_pursuit,3.0,-332.40875244140625,36.989585876464844,-332.4657287597656,37.001251220703125,0.44210803508758545,-0.01038198702228069,0.35,0.0,0.058158241978127696,-0.36528003215789795,16,18,5.889617315888928,565.683834248677
158,7.9,straightline,349,pure_pursuit,3.0,-332.1121520996094,36.99001693725586,-332.4657287597656,37.001251220703125,0.4148991107940674,-0.008218728608669353,0.35,0.0,0.35375509004369365,-0.3380711078643799,16,18,5.963137182629004,565.3872364522792
159,7.95,straightline,349,pure_pursuit,3.0,-331.816162109375,36.99032211303711,-332.4657287597656,37.001251220703125,0.4342343509197235,-0.008299501699243397,0.35,0.0,0.6496585862544048,-0.357406347990036,16,18,5.875858935510833,565.0912497360998
160,8.0,straightline,349,pure_pursuit,3.0,-331.5188903808594,36.99094009399414,-332.4657287597656,37.001251220703125,0.42670154571533203,-0.007069495959073448,0.35,0.0,0.9468945216357649,-0.34987354278564453,16,18,5.981930673776764,564.7939794773557
161,8.05,straightline,349,pure_pursuit,3.0,-331.2222595214844,36.99148941040039,-330.4657287597656,37.00393295288086,0.4581691324710846,-0.012995461583902048,0.35,0.0,0.7566330915154421,-0.38134112954139715,17,19,5.908199665617899,564.4973504807924
162,8.1,straightline,349,pure_pursuit,3.0,-330.92474365234375,36.992122650146484,-330.4657287597656,37.00393295288086,0.4355650544166565,-0.011460670957417457,0.35,0.0,0.45916680504930363,-0.358737051486969,17,19,5.982346466992793,564.1998360008704
163,8.15,straightline,349,pure_pursuit,3.0,-330.6280517578125,36.992347717285156,-330.4657287597656,37.00393295288086,0.44414669275283813,-0.011244688542856691,0.35,0.0,0.16273590070643212,-0.36731868982315063,17,19,5.894922328986945,563.9031478737828
164,8.200000000000001,straightline,349,pure_pursuit,3.0,-330.33001708984375,36.99271011352539,-330.4657287597656,37.00393295288086,0.4204006791114807,-0.009305230634139496,0.15,0.0,0.136174922346894,-0.3435726761817932,17,19,6.000222528922382,563.6051161957864
165,8.25,straightline,349,pure_pursuit,3.0,-330.0328063964844,36.992919921875,-330.4657287597656,37.00393295288086,0.4356871247291565,-0.00920741564804759,0.35,0.0,0.4330624198437895,-0.358859121799469,17,19,5.915436606523171,563.3079093759902
166,8.3,straightline,349,pure_pursuit,3.0,-329.73577880859375,36.99347686767578,-330.4657287597656,37.00393295288086,0.41328510642051697,-0.007258846458850583,0.35,0.0,0.7300248358334384,-0.3364571034908295,17,19,5.963530560291169,563.0108836271597
167,8.35,straightline,349,pure_pursuit,3.0,-329.4406433105469,36.99393844604492,-328.4657287597656,37.006614685058594,0.43726155161857605,-0.012239688688045773,0.35,0.0,0.9749969581288642,-0.36043354868888855,18,20,5.854838225009144,562.7157504975045
168,8.4,straightline,349,pure_pursuit,3.0,-329.145263671875,36.99444580078125,-328.4657287597656,37.006614685058594,0.41944995522499084,-0.010921689568794099,0.35,0.0,0.6796438615334147,-0.34262195229530334,18,20,5.942592565377539,562.4203729656806
169,8.450000000000001,straightline,349,pure_pursuit,3.0,-328.8510437011719,36.99460983276367,-328.4657287597656,37.006614685058594,0.4322519600391388,-0.010950640728709592,0.35,0.0,0.3855019073228105,-0.3554239571094513,18,20,5.857633975193611,562.1261570999379
170,8.5,straightline,349,pure_pursuit,3.0,-328.5561218261719,36.99497604370117,-328.4657287597656,37.006614685058594,0.40412211418151855,-0.008851441704345308,0.35,0.0,0.09113925842890874,-0.32729411125183105,18,20,5.928218350591735,561.8312381589047
171,8.55,straightline,349,pure_pursuit,3.0,-328.26220703125,36.995174407958984,-328.4657287597656,37.006614685058594,0.42089229822158813,-0.008922182587534671,0.35,0.0,0.20384301292441595,-0.34406429529190063,18,20,5.8365605109342535,561.5373272700944
172,8.6,straightline,349,pure_pursuit,3.0,-327.9671325683594,36.99564743041992,-328.4657287597656,37.006614685058594,0.41008588671684265,-0.00761887955699847,0.35,0.0,0.498716796146999,-0.33325788378715515,18,20,5.940581232035746,561.2422551229952
173,8.65,straightline,349,pure_pursuit,3.0,-327.67266845703125,36.99602508544922,-328.4657287597656,37.006614685058594,0.4388246238231659,-0.008202794163797383,0.35,0.0,0.7931310001462718,-0.3619966208934784,18,20,5.866619629439296,560.9477938805369
174,8.700000000000001,straightline,349,pure_pursuit,3.0,-327.3772888183594,36.99675369262695,-326.46575927734375,37.00929641723633,0.4277309477329254,-0.011671561404876959,0.35,0.0,0.9116158314140791,-0.3509029448032379,19,21,5.940666680684314,560.6524150653472
175,8.75,straightline,349,pure_pursuit,3.0,-327.0826110839844,36.99711227416992,-326.46575927734375,37.00929641723633,0.4463031589984894,-0.012188325623404597,0.35,0.0,0.6169721263542346,-0.3694751560688019,19,21,5.852699119185612,560.357740321488
176,8.8,straightline,349,pure_pursuit,3.0,-326.7865905761719,36.99747848510742,-326.46575927734375,37.00929641723633,0.4236963093280792,-0.010446024722521478,0.35,0.0,0.3210488838596781,-0.3468683063983917,19,21,5.959697560212065,560.0617227859218
177,8.85,straightline,349,pure_pursuit,3.0,-326.4911193847656,36.997615814208984,-326.46575927734375,37.00929641723633,0.436078280210495,-0.010318752524363548,0.35,0.0,0.02792080828936425,-0.3592502772808075,19,21,5.887356118695139,559.7662559086899
178,8.9,straightline,349,pure_pursuit,3.0,-326.1947326660156,36.99803161621094,-326.46575927734375,37.00929641723633,0.40963807702064514,-0.008221041600623178,0.35,0.0,0.27126061230880566,-0.3328100740909577,19,21,5.959993889881503,559.4698718836587
179,8.950000000000001,straightline,349,pure_pursuit,3.0,-325.8989562988281,36.998313903808594,-326.46575927734375,37.00929641723633,0.42957359552383423,-0.00836160535278808,0.35,0.0,0.5669093684667545,-0.35274559259414673,19,21,5.87125239190873,559.1740989898032
180,9.0,straightline,349,pure_pursuit,3.0,-325.6019592285156,36.9989013671875,-326.46575927734375,37.00929641723633,0.42217451333999634,-0.007161649627630241,0.35,0.0,0.8638625940628456,-0.34534651041030884,19,21,5.9777003923978596,558.877103618138
181,9.05,straightline,349,pure_pursuit,3.0,-325.3054504394531,36.99941635131836,-324.46575927734375,37.01197814941406,0.45349645614624023,-0.012868238176179023,0.35,0.0,0.8397851192394337,-0.37666845321655273,20,22,5.904700952432885,558.580596949223
182,9.1,straightline,349,pure_pursuit,3.0,-325.008056640625,37.000022888183594,-324.46575927734375,37.01197814941406,0.431130975484848,-0.011342540441033855,0.35,0.0,0.5424291276221114,-0.3543029725551605,20,22,5.977698542836123,558.2832047483884
183,9.15,straightline,349,pure_pursuit,3.0,-324.71142578125,37.0002326965332,-324.46575927734375,37.01197814941406,0.44030433893203735,-0.01116879891221281,0.35,0.0,0.24594712196912577,-0.36347633600234985,20,22,5.889943461627676,557.9865778182658
184,9.200000000000001,straightline,349,pure_pursuit,3.0,-324.41351318359375,37.000579833984375,-324.46575927734375,37.01197814941406,0.4171393811702728,-0.009272874656683295,0.35,0.0,0.053475002634580965,-0.3403113782405853,20,22,5.994217159419641,557.68866836531
185,9.25,straightline,349,pure_pursuit,3.0,-324.1162414550781,37.00077819824219,-324.46575927734375,37.01197814941406,0.43340355157852173,-0.009249801914932255,0.35,0.0,0.34969722187566404,-0.35657554864883423,20,22,5.920821168621233,557.3914006530304
186,9.3,straightline,349,pure_pursuit,3.0,-323.81805419921875,37.00130844116211,-324.46575927734375,37.01197814941406,0.41275492310523987,-0.007398656812073066,0.35,0.0,0.6477929537306609,-0.33592692017555237,20,22,5.994005830007016,557.0932154717141
187,9.35,straightline,349,pure_pursuit,3.0,-323.52056884765625,37.001731872558594,-324.46575927734375,37.01197814941406,0.43772947788238525,-0.007730968357282909,0.35,0.0,0.9452459651129117,-0.3609014749526978,20,22,5.906550708491522,556.795732816826
188,9.4,straightline,349,pure_pursuit,3.0,-323.221923828125,37.00246810913086,-322.46575927734375,37.0146598815918,0.434190958738327,-0.011877648830424114,0.15,0.0,0.7562628294276725,-0.3573629558086395,21,23,6.009992852108256,556.4970886668584
189,9.450000000000001,straightline,349,pure_pursuit,3.0,-322.9242248535156,37.002864837646484,-322.46575927734375,37.0146598815918,0.4542631506919861,-0.01246692979754414,0.35,0.0,0.458617277908586,-0.3774351477622986,21,23,5.922493223085404,556.1993925563818
190,9.5,straightline,349,pure_pursuit,3.0,-322.6268615722656,37.00333023071289,-322.46575927734375,37.0146598815918,0.4214368164539337,-0.010217676511599124,0.35,0.0,0.16150018705293406,-0.34460881352424627,21,23,5.969752754239077,555.9020317301857
191,9.55,straightline,349,pure_pursuit,3.0,-322.3315124511719,37.00352096557617,-322.46575927734375,37.0146598815918,0.4295550286769867,-0.00986485212962956,0.35,0.0,0.13470815041126788,-0.3527270257472992,21,23,5.860004976259446,555.6066866587
192,9.600000000000001,straightline,349,pure_pursuit,3.0,-322.035888671875,37.00394058227539,-322.46575927734375,37.0146598815918,0.409426212310791,-0.008070389881498594,0.35,0.0,0.43000423349532785,-0.3325982093811035,21,23,5.946659720070251,555.3110655818325
193,9.65,straightline,349,pure_pursuit,3.0,-321.7414855957031,37.00424575805664,-322.46575927734375,37.0146598815918,0.4321586787700653,-0.008330306035529506,0.35,0.0,0.7243485486188751,-0.3553306758403778,21,23,5.860762197337082,555.0166658682842
194,9.700000000000001,straightline,349,pure_pursuit,3.0,-321.4465026855469,37.00489044189453,-320.46575927734375,37.01734161376953,0.41822147369384766,-0.011375385467888967,0.35,0.0,0.9808224428585136,-0.34139347076416016,22,24,5.930240334190987,554.7216843211411
195,9.75,straightline,349,pure_pursuit,3.0,-321.15252685546875,37.00519943237305,-320.46575927734375,37.01734161376953,0.43639054894447327,-0.011860288218280734,0.35,0.0,0.6868749077763309,-0.35956254601478577,22,24,5.837430139001948,554.4277118301407
196,9.8,straightline,349,pure_pursuit,3.0,-320.85748291015625,37.00553894042969,-320.46575927734375,37.01734161376953,0.41471484303474426,-0.010173784226965915,0.35,0.0,0.39190140035701504,-0.33788684010505676,22,24,5.940163387858658,554.132671065296
197,9.850000000000001,straightline,349,pure_pursuit,3.0,-320.5631103515625,37.00565719604492,-320.46575927734375,37.01734161376953,0.4289734959602356,-0.010164322837684347,0.35,0.0,0.0980497693475499,-0.3521454930305481,22,24,5.865088626401033,553.838302992803
198,9.9,straightline,349,pure_pursuit,3.0,-320.2678527832031,37.00605773925781,-320.46575927734375,37.01734161376953,0.40428104996681213,-0.008182055666376226,0.35,0.0,0.19822791490360145,-0.32745304703712463,22,24,5.937922672219747,553.5430482538227
199,9.950000000000001,straightline,349,pure_pursuit,3.0,-319.97332763671875,37.00632858276367,-320.46575927734375,37.01734161376953,0.4251827299594879,-0.008409315650244506,0.35,0.0,0.49255477618287813,-0.3483547270298004,22,24,5.84884178806542,553.2485266979671
200,10.0,straightline,349,pure_pursuit,3.0,-319.6775817871094,37.006893157958984,-320.46575927734375,37.01734161376953,0.41837814450263977,-0.007269875834224482,0.35,0.0,0.7882467420427333,-0.34155014157295227,22,24,5.954994436984116,552.9527827179719
201,10.05,straightline,349,pure_pursuit,3.0,-319.38238525390625,37.00737380981445,-318.46575927734375,37.020023345947266,0.4498644471168518,-0.012797106148994259,0.35,0.0,0.9167132548804626,-0.3730364441871643,23,25,5.881564240149854,552.657588546424
202,10.100000000000001,straightline,349,pure_pursuit,3.0,-319.0863037109375,37.00795364379883,-318.46575927734375,37.020023345947266,0.4277353882789612,-0.011283063354562103,0.35,0.0,0.6206618014459565,-0.3509073853492737,23,25,5.954282572380154,552.3615087935522
203,10.15,straightline,349,pure_pursuit,3.0,-318.79095458984375,37.00814437866211,-318.46575927734375,37.020023345947266,0.43754079937934875,-0.011153501176459692,0.35,0.0,0.32541220188513903,-0.36071279644966125,23,25,5.865601966817875,552.0661637683191
204,10.200000000000001,straightline,349,pure_pursuit,3.0,-318.494384765625,37.00847244262695,-318.46575927734375,37.020023345947266,0.415194571018219,-0.009313860735283286,0.35,0.0,0.030868138052937165,-0.3383665680885315,23,25,5.971128045102476,551.7695972481541
205,10.25,straightline,349,pure_pursuit,3.0,-318.1983642578125,37.00864791870117,-318.46575927734375,37.020023345947266,0.4321962893009186,-0.009346801796443028,0.35,0.0,0.2676368749166466,-0.3553682863712311,23,25,5.897091578674939,551.4735809475803
206,10.3,straightline,349,pure_pursuit,3.0,-317.9014892578125,37.0091552734375,-318.46575927734375,37.020023345947266,0.4111655056476593,-0.007492372453105391,0.35,0.0,0.5643746715984647,-0.3343375027179718,23,25,5.968216382848323,551.1767081961909
207,10.350000000000001,straightline,349,pure_pursuit,3.0,-317.6053466796875,37.00955581665039,-318.46575927734375,37.020023345947266,0.4360336661338806,-0.007846811547569459,0.35,0.0,0.8604762677582438,-0.3592056632041931,23,25,5.878916305242308,550.8805684934895
208,10.4,straightline,349,pure_pursuit,3.0,-317.3080139160156,37.0102653503418,-316.46575927734375,37.022705078125,0.43256324529647827,-0.01183489239568864,0.35,0.0,0.8423464982960461,-0.35573524236679077,24,26,5.983345932138017,550.5832367865031
209,10.450000000000001,straightline,349,pure_pursuit,3.0,-317.0113220214844,37.01063537597656,-316.46575927734375,37.022705078125,0.4532952308654785,-0.01245600398114265,0.35,0.0,0.5456962392249016,-0.376467227935791,24,26,5.908940858784708,550.2865479653252
210,10.5,straightline,349,pure_pursuit,3.0,-316.7137756347656,37.01106262207031,-316.46575927734375,37.022705078125,0.42221999168395996,-0.010285244052912288,0.35,0.0,0.24828946882983294,-0.34539198875427246,24,26,5.980842017945381,549.989004329129
211,10.55,straightline,349,pure_pursuit,3.0,-316.4169921875,37.01123046875,-316.46575927734375,37.022705078125,0.43171805143356323,-0.010002795894890266,0.35,0.0,0.05009885938958313,-0.35489004850387573,24,26,5.891977289555311,549.69222517147
212,10.600000000000001,straightline,349,pure_pursuit,3.0,-316.1191101074219,37.011627197265625,-316.46575927734375,37.022705078125,0.4132480025291443,-0.008287858929929287,0.35,0.0,0.34682613288484976,-0.3364199995994568,24,26,5.99497444435911,549.3943460375226
213,10.65,straightline,349,pure_pursuit,3.0,-315.8218078613281,37.01191711425781,-316.46575927734375,37.022705078125,0.4353654086589813,-0.008513192850695387,0.35,0.0,0.6440417737638827,-0.3585374057292938,24,26,5.920448328161067,549.0970473692352
214,10.700000000000001,straightline,349,pure_pursuit,3.0,-315.523681640625,37.0125617980957,-316.46575927734375,37.022705078125,0.4200518727302551,-0.0069069978798031615,0.35,0.0,0.9421322411080824,-0.3432238698005676,24,26,5.9924573840447835,548.7989226233104
215,10.75,straightline,349,pure_pursuit,3.0,-315.2263488769531,37.01310729980469,-314.46575927734375,37.025386810302734,0.4492016136646271,-0.012634783621301935,0.35,0.0,0.7606887178156523,-0.37237361073493963,25,27,5.902629829033673,548.5015919159505
216,10.8,straightline,349,pure_pursuit,3.0,-314.9280090332031,37.013675689697266,-314.46575927734375,37.025386810302734,0.43377193808555603,-0.011444183210032327,0.15,0.0,0.4623980829738458,-0.35694393515586853,25,27,6.005054732200147,548.2032540123377
217,10.850000000000001,straightline,349,pure_pursuit,3.0,-314.6306457519531,37.01388168334961,-314.46575927734375,37.025386810302734,0.4444216787815094,-0.011328673072745822,0.35,0.0,0.16528737839083657,-0.3675936758518219,25,27,5.917530353863434,547.9058948262725
218,10.9,straightline,349,pure_pursuit,3.0,-314.3335876464844,37.0142936706543,-314.46575927734375,37.025386810302734,0.41194066405296326,-0.008971630561860669,0.35,0.0,0.13263633646662074,-0.33511266112327576,25,27,5.963456125216729,547.6088395810289
219,10.950000000000001,straightline,349,pure_pursuit,3.0,-314.03857421875,37.0145263671875,-314.46575927734375,37.025386810302734,0.4250689148902893,-0.008797539081602065,0.35,0.0,0.4273230903080301,-0.3482409119606018,25,27,5.852516272703678,547.3138300547022
220,11.0,straightline,349,pure_pursuit,3.0,-313.7433776855469,37.015037536621094,-314.46575927734375,37.025386810302734,0.41131067276000977,-0.007290951292929485,0.35,0.0,0.7224557229565868,-0.33448266983032227,25,27,5.938340595151632,547.0186357608688
221,11.05,straightline,349,pure_pursuit,3.0,-313.44940185546875,37.015464782714844,-312.46575927734375,37.02806854248047,0.43986204266548157,-0.012442282881281663,0.35,0.0,0.9837233230236164,-0.36303403973579407,26,28,5.851290098914158,546.7246626544556
222,11.100000000000001,straightline,349,pure_pursuit,3.0,-313.15496826171875,37.0159912109375,-312.46575927734375,37.02806854248047,0.4179544746875763,-0.010925284658580609,0.35,0.0,0.689314794618843,-0.3411264717578888,26,28,5.919479412297004,546.4302312007601
223,11.15,straightline,349,pure_pursuit,3.0,-312.8615417480469,37.01615905761719,-312.46575927734375,37.02806854248047,0.42949169874191284,-0.010898627357026272,0.35,0.0,0.3959616142324641,-0.3526636958122254,26,28,5.825330220645637,546.1368089642841
224,11.200000000000001,straightline,349,pure_pursuit,3.0,-312.567138671875,37.016475677490234,-312.46575927734375,37.02806854248047,0.4090619683265686,-0.009183112537190842,0.35,0.0,0.10204007131614837,-0.3322339653968811,26,28,5.927663754385011,545.8424092940616
225,11.25,straightline,349,pure_pursuit,3.0,-312.2734069824219,37.016639709472656,-312.46575927734375,37.02806854248047,0.4278314411640167,-0.009341222716977099,0.35,0.0,0.19269152442604331,-0.3510034382343292,26,28,5.851662183197757,545.5486819191246
226,11.3,straightline,349,pure_pursuit,3.0,-311.9788818359375,37.01713180541992,-312.46575927734375,37.02806854248047,0.40825656056404114,-0.007595524859592783,0.35,0.0,0.48700026197921903,-0.33142855763435364,26,28,5.923330559015239,545.2541591341028
227,11.350000000000001,straightline,349,pure_pursuit,3.0,-311.68511962890625,37.01750564575195,-312.46575927734375,37.02806854248047,0.43374836444854736,-0.00801620168661532,0.35,0.0,0.7807111088616076,-0.35692036151885986,26,28,5.832814165676204,544.9603999888598
228,11.4,straightline,349,pure_pursuit,3.0,-311.39019775390625,37.0181770324707,-310.46575927734375,37.03074645996094,0.4306548535823822,-0.011840126873984712,0.35,0.0,0.9245239247616192,-0.3538268506526947,27,29,5.938801955629505,544.665479410201
229,11.450000000000001,straightline,349,pure_pursuit,3.0,-311.09588623046875,37.01851272583008,-310.46575927734375,37.03074645996094,0.45189329981803894,-0.012487017776919459,0.35,0.0,0.6302456991565912,-0.37506529688835144,27,29,5.864468703715007,544.371171194455
230,11.5,straightline,349,pure_pursuit,3.0,-310.80072021484375,37.018917083740234,-310.46575927734375,37.03074645996094,0.4211300313472748,-0.010340699582344503,0.35,0.0,0.3351697536960187,-0.34430202841758734,27,29,5.9360584615720935,544.0760080923802
231,11.55,straightline,349,pure_pursuit,3.0,-310.50634765625,37.019065856933594,-310.46575927734375,37.03074645996094,0.4311789572238922,-0.01010622749784363,0.35,0.0,0.04223568383866552,-0.3543509542942047,27,29,5.845906816930974,543.7816399759163
232,11.600000000000001,straightline,349,pure_pursuit,3.0,-310.2107238769531,37.019432067871094,-310.46575927734375,37.03074645996094,0.4133363664150238,-0.008435997434278215,0.35,0.0,0.2552862529020494,-0.3365083634853363,27,29,5.952027661884712,543.486019355933
233,11.65,straightline,349,pure_pursuit,3.0,-309.915771484375,37.01968765258789,-310.46575927734375,37.03074645996094,0.43608757853507996,-0.008712342213405458,0.35,0.0,0.5500989634921618,-0.35925957560539246,27,29,5.8758640934979525,543.1910707811195
234,11.700000000000001,straightline,349,pure_pursuit,3.0,-309.6199645996094,37.02030563354492,-310.46575927734375,37.03074645996094,0.4200059175491333,-0.007089292401742381,0.35,0.0,0.8458591181396844,-0.3431779146194458,27,29,5.9463343445041374,542.8952655481035
235,11.75,straightline,349,pure_pursuit,3.0,-309.3249816894531,37.02082061767578,-308.46575927734375,37.03343200683594,0.4487641751766205,-0.012630172028531119,0.35,0.0,0.8593149600743615,-0.371936172246933,28,30,5.855641048591241,542.6002848986357
236,11.8,straightline,349,pure_pursuit,3.0,-309.02880859375,37.021358489990234,-308.46575927734375,37.03343200683594,0.4339143633842468,-0.011464774718197618,0.35,0.0,0.563178748280303,-0.3570863604545593,28,30,5.960179041143686,542.3041139500991
237,11.850000000000001,straightline,349,pure_pursuit,3.0,-308.7333068847656,37.021541595458984,-308.46575927734375,37.03343200683594,0.44563019275665283,-0.011412172142759,0.35,0.0,0.26781169526344983,-0.36880218982696533,28,30,5.884837311336465,542.0086165211903
238,11.9,straightline,349,pure_pursuit,3.0,-308.43701171875,37.021915435791016,-308.46575927734375,37.03343200683594,0.4148251712322235,-0.00913523308417146,0.35,0.0,0.03096858946955483,-0.337997168302536,28,30,5.955468975848101,541.7123245021123
239,11.950000000000001,straightline,349,pure_pursuit,3.0,-308.1415710449219,37.02212142944336,-308.46575927734375,37.03343200683594,0.4292198717594147,-0.00903025666574958,0.35,0.0,0.32438547933249595,-0.3523918688297272,28,30,5.864953621638666,541.4168879778197
240,12.0,straightline,349,pure_pursuit,3.0,-307.84503173828125,37.022605895996094,-308.46575927734375,37.03343200683594,0.4170638620853424,-0.0076037073359662075,0.35,0.0,0.6208219409995945,-0.3402358591556549,28,30,5.968299934986265,541.1203511614717
241,12.05,straightline,349,pure_pursuit,3.0,-307.5491027832031,37.02301788330078,-308.46575927734375,37.03343200683594,0.4448241889476776,-0.008087499670575303,0.35,0.0,0.9167156495987112,-0.3679961860179901,28,30,5.892845168894906,540.8244251271309
242,12.100000000000001,straightline,349,pure_pursuit,3.0,-307.25244140625,37.02377700805664,-306.46575927734375,37.036109924316406,0.43357303738594055,-0.011826500969270168,0.35,0.0,0.7867787953192055,-0.35674503445625305,29,31,5.963671875734044,540.5277645871095
243,12.15,straightline,349,pure_pursuit,3.0,-306.95672607421875,37.024166107177734,-306.46575927734375,37.036109924316406,0.45154139399528503,-0.012305659908459556,0.35,0.0,0.49111205483223436,-0.3747133910655976,29,31,5.87149130277642,540.2320523166175
244,12.200000000000001,straightline,349,pure_pursuit,3.0,-306.6599426269531,37.024559020996094,-306.46575927734375,37.036109924316406,0.42803895473480225,-0.010505269704209286,0.35,0.0,0.1945265962099578,-0.35121095180511475,29,31,5.974843063801204,539.9352719310112
245,12.25,straightline,349,pure_pursuit,3.0,-306.3638916015625,37.02470779418945,-306.46575927734375,37.036109924316406,0.4396691918373108,-0.010306274742277206,0.35,0.0,0.10250381427296176,-0.36284118890762335,29,31,5.899205592581418,539.6392254368037
246,12.3,straightline,349,pure_pursuit,3.0,-306.0670471191406,37.025142669677734,-306.46575927734375,37.036109924316406,0.4129881262779236,-0.008169063144351797,0.35,0.0,0.3988629661591851,-0.3361601233482361,29,31,5.969578912426475,539.3423837707262
247,12.350000000000001,straightline,349,pure_pursuit,3.0,-305.77105712890625,37.02544403076172,-306.46575927734375,37.036109924316406,0.4327142536640167,-0.00825885703954865,0.35,0.0,0.6947840213541171,-0.3558862507343292,29,31,5.878971645955404,539.0463973942964
248,12.4,straightline,349,pure_pursuit,3.0,-305.47393798828125,37.02605438232422,-306.46575927734375,37.036109924316406,0.4255859851837158,-0.007035036924339151,0.35,0.0,0.991872261615555,-0.3487579822540283,29,31,5.981577694365875,538.7492800176641
249,12.450000000000001,straightline,349,pure_pursuit,3.0,-305.1775207519531,37.0265998840332,-304.46575927734375,37.038795471191406,0.4575038254261017,-0.013012162105675374,0.35,0.0,0.7118659488163802,-0.3806758224964142,30,32,5.905715037500072,538.4528649286312
250,12.5,straightline,349,pure_pursuit,3.0,-304.88037109375,37.0272216796875,-304.46575927734375,37.038795471191406,0.4351571202278137,-0.011484327720980493,0.35,0.0,0.41477332478531675,-0.3583291172981262,30,32,5.975872088161394,538.1557169709159
251,12.55,straightline,349,pure_pursuit,3.0,-304.58404541015625,37.02743911743164,-304.46575927734375,37.038795471191406,0.4437885880470276,-0.01126245783851686,0.35,0.0,0.11883002981760685,-0.3669605851173401,30,32,5.885152854272461,537.8593954313181
252,12.600000000000001,straightline,349,pure_pursuit,3.0,-304.28662109375,37.02779006958008,-304.46575927734375,37.038795471191406,0.42017337679862976,-0.009318036985688151,0.35,0.0,0.1794759250871679,-0.34334537386894226,30,32,5.987119752794223,537.5619744724461
253,12.65,straightline,349,pure_pursuit,3.0,-303.98992919921875,37.02798843383789,-304.46575927734375,37.038795471191406,0.43616634607315063,-0.009240899898167374,0.35,0.0,0.4759527868442456,-0.35933834314346313,30,32,5.911145581728551,537.2652868535965
254,12.700000000000001,straightline,349,pure_pursuit,3.0,-303.6925048828125,37.02851867675781,-304.46575927734375,37.038795471191406,0.41540953516960144,-0.007343682862592422,0.35,0.0,0.7733226824332262,-0.33858153223991394,30,32,5.981420199737081,536.9678648124518
255,12.75,straightline,349,pure_pursuit,3.0,-303.3959045410156,37.02895736694336,-302.46575927734375,37.041473388671875,0.4406786561012268,-0.012420675187989083,0.35,0.0,0.9302294675676162,-0.3638506531715393,31,33,5.890851670838083,536.6712672908067
256,12.8,straightline,349,pure_pursuit,3.0,-303.0982666015625,37.02943801879883,-302.46575927734375,37.041473388671875,0.42428088188171387,-0.01115124933027421,0.35,0.0,0.6326218185601442,-0.34745287895202637,31,33,5.992438413207937,536.3736319387632
257,12.850000000000001,straightline,349,pure_pursuit,3.0,-302.8013000488281,37.02959060668945,-302.46575927734375,37.041473388671875,0.4362393319606781,-0.011110471131013657,0.35,0.0,0.33575111293333243,-0.3594113290309906,31,33,5.916324862669924,536.0766699623175
258,12.9,straightline,349,pure_pursuit,3.0,-302.50360107421875,37.02995300292969,-302.46575927734375,37.041473388671875,0.4066089689731598,-0.008908354461829075,0.35,0.0,0.039556552913234955,-0.3297809660434723,31,33,5.9865972563435275,535.7789743042317
259,12.950000000000001,straightline,349,pure_pursuit,3.0,-302.20672607421875,37.03014373779297,-302.46575927734375,37.041473388671875,0.4221705496311188,-0.008880133283261366,0.35,0.0,0.25928085411428936,-0.3453425467014313,31,33,5.896052179606762,535.4821036558648
260,13.0,straightline,349,pure_pursuit,3.0,-301.9088439941406,37.03062057495117,-302.46575927734375,37.041473388671875,0.4103766083717346,-0.007494676886543665,0.35,0.0,0.5570210195592921,-0.3335486054420471,31,33,5.994978195476974,535.1842242060656
261,13.05,straightline,349,pure_pursuit,3.0,-301.6116638183594,37.0310173034668,-302.46575927734375,37.041473388671875,0.43861573934555054,-0.008026573261547057,0.35,0.0,0.8541594598056887,-0.36178773641586304,31,33,5.9178032529742035,534.8870471396328
262,13.100000000000001,straightline,349,pure_pursuit,3.0,-301.3137512207031,37.031768798828125,-300.46575927734375,37.044158935546875,0.4277283847332001,-0.011621599105951102,0.35,0.0,0.8480824555963404,-0.3509003818035126,32,34,5.987661672759616,534.5891355032734
263,13.15,straightline,349,pure_pursuit,3.0,-301.01678466796875,37.03215026855469,-300.46575927734375,37.044158935546875,0.44624489545822144,-0.012135054975496063,0.35,0.0,0.5511562293908716,-0.36941689252853394,32,34,5.896685235491517,534.2921721556581
264,13.200000000000001,straightline,349,pure_pursuit,3.0,-300.7187194824219,37.03254318237305,-300.46575927734375,37.044158935546875,0.42311590909957886,-0.010366428562360872,0.35,0.0,0.253226758212797,-0.34628790616989136,32,34,5.997177795979233,533.9941101296569
265,13.25,straightline,349,pure_pursuit,3.0,-300.4214172363281,37.03268814086914,-300.46575927734375,37.044158935546875,0.43518346548080444,-0.010205123074395632,0.35,0.0,0.04580170009912415,-0.35835546255111694,32,34,5.920411056349774,533.6968125481277
266,13.3,straightline,349,pure_pursuit,3.0,-300.1233825683594,37.033119201660156,-300.46575927734375,37.044158935546875,0.4091040790081024,-0.008114787437245292,0.35,0.0,0.3425546475808801,-0.3322760760784149,32,34,5.9901756992363255,533.3987808141733
267,13.350000000000001,straightline,349,pure_pursuit,3.0,-299.8262939453125,37.03342056274414,-300.46575927734375,37.044158935546875,0.4290570616722107,-0.008241480012549781,0.35,0.0,0.6395554890080197,-0.3522290587425232,32,34,5.89921136242899,533.1016959044865
268,13.4,straightline,349,pure_pursuit,3.0,-299.5281066894531,37.03402328491211,-300.46575927734375,37.044158935546875,0.42171090841293335,-0.0070254808707877914,0.35,0.0,0.9377073674616064,-0.34488290548324585,32,34,5.999512292334866,532.8035105425337
269,13.450000000000001,straightline,349,pure_pursuit,3.0,-299.2306823730469,37.03456115722656,-298.46575927734375,37.046836853027344,0.45345303416252136,-0.012871806700249249,0.35,0.0,0.7650215912295845,-0.3766250312328339,33,35,5.922660676030058,532.5060885055573
270,13.5,straightline,349,pure_pursuit,3.0,-298.93267822265625,37.035179138183594,-298.46575927734375,37.046836853027344,0.43120306730270386,-0.011353325404748022,0.35,0.0,0.4670644535897755,-0.35437506437301636,33,35,5.991685945926564,532.208086157937
271,13.55,straightline,349,pure_pursuit,3.0,-298.6356506347656,37.035396575927734,-298.46575927734375,37.046836853027344,0.44028282165527344,-0.011167520885385697,0.35,0.0,0.17027610891362044,-0.36345481872558594,33,35,5.899501335475129,531.9110628113809
272,13.600000000000001,straightline,349,pure_pursuit,3.0,-298.33758544921875,37.03574752807617,-298.46575927734375,37.046836853027344,0.4170575737953186,-0.009257943464269324,0.15,0.0,0.128652646082736,-0.3402295708656311,33,35,6.00003303804511,531.6130010730059
273,13.65,straightline,349,pure_pursuit,3.0,-298.04052734375,37.03594970703125,-298.46575927734375,37.046836853027344,0.43282845616340637,-0.00919286064930039,0.35,0.0,0.42537128170084504,-0.35600045323371887,33,35,5.910727132051187,531.3159473123128
274,13.700000000000001,straightline,349,pure_pursuit,3.0,-297.7439270019531,37.0364990234375,-298.46575927734375,37.046836853027344,0.4107809066772461,-0.007272263265245863,0.35,0.0,0.721906298986396,-0.3339529037475586,33,35,5.954106482424492,531.0193491815817
275,13.75,straightline,349,pure_pursuit,3.0,-297.4495544433594,37.03694152832031,-296.46575927734375,37.049522399902344,0.4350039064884186,-0.012197568958246273,0.35,0.0,0.9838756054529835,-0.3581759035587311,34,36,5.840546439892235,530.7249794507492
276,13.8,straightline,349,pure_pursuit,3.0,-297.155029296875,37.037437438964844,-296.46575927734375,37.049522399902344,0.4176921546459198,-0.010906471497321954,0.35,0.0,0.6893759541102885,-0.3408641517162323,34,36,5.92435849180343,530.4304568104595
277,13.850000000000001,straightline,349,pure_pursuit,3.0,-296.8619079589844,37.0375862121582,-296.46575927734375,37.049522399902344,0.43107181787490845,-0.010965336256656912,0.35,0.0,0.39632846294893914,-0.35424381494522095,34,36,5.83500669481512,530.1373400881573
278,13.9,straightline,349,pure_pursuit,3.0,-296.568359375,37.03794479370117,-296.46575927734375,37.049522399902344,0.4032634496688843,-0.0088889925496565,0.35,0.0,0.10325125182980326,-0.3264354467391968,34,36,5.900916406946,529.8437948433445
279,13.950000000000001,straightline,349,pure_pursuit,3.0,-296.2760314941406,37.03812789916992,-296.46575927734375,37.049522399902344,0.42039087414741516,-0.008981221118524911,0.35,0.0,0.1900696355710537,-0.34356287121772766,34,36,5.804159206658102,529.5514713615984
280,14.0,straightline,349,pure_pursuit,3.0,-295.9826965332031,37.03858184814453,-296.46575927734375,37.049522399902344,0.4101739823818207,-0.007709848338212485,0.35,0.0,0.48318662072685364,-0.33334597945213323,34,36,5.905580526127407,529.2581391574228
281,14.05,straightline,349,pure_pursuit,3.0,-295.690185546875,37.0389404296875,-296.46575927734375,37.049522399902344,0.4392586052417755,-0.008315747241042745,0.35,0.0,0.7756459175982564,-0.36243060231208807,34,36,5.827633538940782,528.9656315026621
282,14.100000000000001,straightline,349,pure_pursuit,3.0,-295.39697265625,37.039649963378906,-294.46575927734375,37.05220031738281,0.42805948853492737,-0.011728821579318963,0.35,0.0,0.9312979482634001,-0.35123148560523987,35,37,5.897060211652773,528.6724197999355
283,14.15,straightline,349,pure_pursuit,3.0,-295.1046447753906,37.03998947143555,-294.46575927734375,37.05220031738281,0.4469479024410248,-0.012260282233463477,0.35,0.0,0.6390021786921789,-0.3701198995113373,35,37,5.803542161409269,528.3800953715763
284,14.200000000000001,straightline,349,pure_pursuit,3.0,-294.8111877441406,37.040340423583984,-294.46575927734375,37.05220031738281,0.4256318509578705,-0.010588518595970863,0.35,0.0,0.34563200481807127,-0.348803848028183,35,37,5.910162638531938,528.0866417477838
285,14.25,straightline,349,pure_pursuit,3.0,-294.5184020996094,37.04045486450195,-294.46575927734375,37.05220031738281,0.43890470266342163,-0.010507691728972632,0.35,0.0,0.053937207931692856,-0.36207669973373413,35,37,5.835077331937879,527.7938609601671
286,14.3,straightline,349,pure_pursuit,3.0,-294.2248229980469,37.04084777832031,-294.46575927734375,37.05220031738281,0.412560373544693,-0.00841464322806248,0.35,0.0,0.24120358791814717,-0.3357323706150055,35,37,5.904142530040061,527.5002850182428
287,14.350000000000001,straightline,349,pure_pursuit,3.0,-293.93212890625,37.04110336303711,-294.46575927734375,37.05220031738281,0.43270042538642883,-0.008566708938528034,0.35,0.0,0.5337457403571516,-0.35587242245674133,35,37,5.8085055151367655,527.2075949205235
288,14.4,straightline,349,pure_pursuit,3.0,-293.6383361816406,37.04167175292969,-294.46575927734375,37.05220031738281,0.42594119906425476,-0.007409988260096288,0.35,0.0,0.8274900784736856,-0.34911319613456726,35,37,5.91417313783374,526.9138042842525
289,14.450000000000001,straightline,349,pure_pursuit,3.0,-293.34527587890625,37.04215621948242,-292.46575927734375,37.05488586425781,0.45756015181541443,-0.0130722156235704,0.35,0.0,0.8796087177149605,-0.38073214888572693,36,38,5.838098396992127,526.6207465771489
290,14.5,straightline,349,pure_pursuit,3.0,-293.05145263671875,37.04273986816406,-292.46575927734375,37.05488586425781,0.43489041924476624,-0.011526190902041149,0.35,0.0,0.5858192865014622,-0.35806241631507874,36,38,5.9062024171401575,526.3269253356856
291,14.55,straightline,349,pure_pursuit,3.0,-292.7585754394531,37.04292678833008,-292.46575927734375,37.05488586425781,0.4444091022014618,-0.011370893735829602,0.35,0.0,0.29306027415790953,-0.3675810992717743,36,38,5.812091910653612,526.0340525762174
292,14.600000000000001,straightline,349,pure_pursuit,3.0,-292.4645690917969,37.043251037597656,-292.46575927734375,37.05488586425781,0.4228397011756897,-0.009561801824236524,0.35,0.0,0.011695543298533539,-0.34601169824600225,36,38,5.918399570971982,525.7400498436452
293,14.65,straightline,349,pure_pursuit,3.0,-292.1712951660156,37.04342269897461,-292.46575927734375,37.05488586425781,0.4397569000720978,-0.009577570109153524,0.35,0.0,0.2946871510917509,-0.3629288971424103,36,38,5.842406475173236,525.4467804672972
294,14.700000000000001,straightline,349,pure_pursuit,3.0,-291.87725830078125,37.0439338684082,-292.46575927734375,37.05488586425781,0.41842684149742126,-0.007701931495177057,0.35,0.0,0.5886028759937434,-0.34159883856773376,36,38,5.9101433692135865,525.1527460695746
295,14.75,straightline,349,pure_pursuit,3.0,-291.5841979980469,37.04432678222656,-292.46575927734375,37.05488586425781,0.44317975640296936,-0.008033726503207304,0.35,0.0,0.8816245138203029,-0.36635175347328186,36,38,5.815855765986595,524.859688951204
296,14.8,straightline,349,pure_pursuit,3.0,-291.2900085449219,37.04502868652344,-290.46575927734375,37.05756378173828,0.4407303035259247,-0.012168110287974942,0.35,0.0,0.8243445782651334,-0.3639023005962372,37,39,5.921880236707702,524.5655007937148
297,14.850000000000001,straightline,349,pure_pursuit,3.0,-290.99664306640625,37.04538345336914,-290.46575927734375,37.05756378173828,0.46162840723991394,-0.012787840864830436,0.35,0.0,0.5310235003166405,-0.38480040431022644,37,39,5.844029494167551,524.2721387487367
298,14.9,straightline,349,pure_pursuit,3.0,-290.70263671875,37.04580307006836,-290.46575927734375,37.05756378173828,0.42971178889274597,-0.010567344350158228,0.35,0.0,0.23716921508946823,-0.35288378596305847,37,39,5.911773125009145,523.9781354489265
299,14.950000000000001,straightline,349,pure_pursuit,3.0,-290.4096374511719,37.045955657958984,-290.46575927734375,37.05756378173828,0.43903684616088867,-0.010265389267147878,0.35,0.0,0.05730975406108136,-0.36220884323120117,37,39,5.816744082923171,523.6851408700304
300,15.0,straightline,349,pure_pursuit,3.0,-290.11553955078125,37.04632568359375,-290.46575927734375,37.05756378173828,0.42187660932540894,-0.0086004495001628,0.35,0.0,0.35039998818980916,-0.34504860639572144,37,39,5.923467500971849,523.3910463352469
301,15.05,straightline,349,pure_pursuit,3.0,-289.8221435546875,37.04660415649414,-290.46575927734375,37.05756378173828,0.4443023204803467,-0.008835005519913999,0.35,0.0,0.6437090273064523,-0.3674743175506592,37,39,5.8473545617949085,523.0976542637425
302,15.100000000000001,straightline,349,pure_pursuit,3.0,-289.5280456542969,37.047237396240234,-290.46575927734375,37.05756378173828,0.4280475676059723,-0.0071728002539444636,0.35,0.0,0.9377704799603958,-0.3512195646762848,37,39,5.914254453226529,522.8035581022706
303,15.15,straightline,349,pure_pursuit,3.0,-289.2349548339844,37.04777145385742,-288.46575927734375,37.06024932861328,0.45693689584732056,-0.012940645003218877,0.35,0.0,0.7692967578991243,-0.380108892917633,38,40,5.8193192544229895,522.5104696204675
304,15.200000000000001,straightline,349,pure_pursuit,3.0,-288.9407653808594,37.04830551147461,-288.46575927734375,37.06024932861328,0.44248566031455994,-0.011783323395714744,0.35,0.0,0.47515624077237867,-0.36565765738487244,38,40,5.924751077160371,522.2162825302512
305,15.25,straightline,349,pure_pursuit,3.0,-288.6473388671875,37.048484802246094,-288.46575927734375,37.06024932861328,0.45373889803886414,-0.011685408624073244,0.35,0.0,0.1819603020674255,-0.37691089510917664,38,40,5.847878897579296,521.9228605743419
306,15.3,straightline,349,pure_pursuit,3.0,-288.3532409667969,37.048858642578125,-288.46575927734375,37.06024932861328,0.4218370020389557,-0.009331252131822667,0.35,0.0,0.11309340359488039,-0.3450089991092682,38,40,5.91476769979146,521.6287660392974
307,15.350000000000001,straightline,349,pure_pursuit,3.0,-288.06005859375,37.0490608215332,-288.46575927734375,37.06024932861328,0.43576428294181824,-0.009171961455359411,0.35,0.0,0.40585493388539334,-0.35893628001213074,38,40,5.819761375383161,521.3355880865764
308,15.4,straightline,349,pure_pursuit,3.0,-287.7658386230469,37.04954147338867,-288.46575927734375,37.06024932861328,0.42444559931755066,-0.007759120132214414,0.35,0.0,0.7000025574773829,-0.34761759638786316,38,40,5.92515271485005,521.0413708269418
309,15.450000000000001,straightline,349,pure_pursuit,3.0,-287.4723815917969,37.049949645996094,-288.46575927734375,37.06024932861328,0.4525563418865204,-0.008221070343602654,0.35,0.0,0.9934310794436023,-0.3757283389568329,38,40,5.84838852708106,520.7479169470602
310,15.5,straightline,349,pure_pursuit,3.0,-287.17822265625,37.05072021484375,-286.46575927734375,37.06292724609375,0.4410131275653839,-0.012126993302546732,0.35,0.0,0.7125679461598377,-0.3641851246356964,39,41,5.915416495276528,520.4537589214909
311,15.55,straightline,349,pure_pursuit,3.0,-286.8850402832031,37.05111312866211,-286.46575927734375,37.06292724609375,0.45875486731529236,-0.012589018265007666,0.35,0.0,0.41944741654364476,-0.38192686438560486,39,41,5.8204313664203,520.1605797963971
312,15.600000000000001,straightline,349,pure_pursuit,3.0,-286.59075927734375,37.05148696899414,-286.46575927734375,37.06292724609375,0.435617595911026,-0.010784719434512586,0.35,0.0,0.12552242803625113,-0.3587895929813385,39,41,5.92557961997947,519.8663021828182
313,15.65,straightline,349,pure_pursuit,3.0,-286.29730224609375,37.051631927490234,-286.46575927734375,37.06292724609375,0.44700950384140015,-0.0105545248583411,0.35,0.0,0.1688352913342421,-0.37018150091171265,39,41,5.848711686911275,519.5728499604738
314,15.700000000000001,straightline,349,pure_pursuit,3.0,-286.00311279296875,37.05205154418945,-286.46575927734375,37.06292724609375,0.41938894987106323,-0.008339075712959991,0.35,0.0,0.46277429746741366,-0.34256094694137573,39,41,5.914495587000324,519.2786636208557
315,15.75,straightline,349,pure_pursuit,3.0,-285.70989990234375,37.05234909057617,-286.46575927734375,37.06292724609375,0.43905243277549744,-0.008400170504443536,0.35,0.0,0.7559333913444655,-0.36222442984580994,39,41,5.818192110805643,518.9854545911561
316,15.8,straightline,349,pure_pursuit,3.0,-285.4156188964844,37.052955627441406,-284.46575927734375,37.065608978271484,0.43305251002311707,-0.011973334157190282,0.35,0.0,0.9499438948491654,-0.35622450709342957,40,42,5.923552190464247,518.6911755404137
317,15.850000000000001,straightline,349,pure_pursuit,3.0,-285.12213134765625,37.053245544433594,-284.46575927734375,37.065608978271484,0.45271798968315125,-0.012511343132980994,0.35,0.0,0.6564884988958918,-0.3758899867534637,40,42,5.8462661432532395,518.3976919137689
318,15.9,straightline,349,pure_pursuit,3.0,-284.8280334472656,37.05363082885742,-284.46575927734375,37.065608978271484,0.4212917685508728,-0.010320994130988716,0.35,0.0,0.3624721372132887,-0.3444637656211853,40,42,5.912598863640903,518.1035973555261
319,15.950000000000001,straightline,349,pure_pursuit,3.0,-284.5348815917969,37.05376052856445,-284.46575927734375,37.065608978271484,0.4317046105861664,-0.010098604093995767,0.35,0.0,0.0701304507030772,-0.3548766076564789,40,42,5.817075715488019,517.8104504273609
320,16.0,straightline,349,pure_pursuit,3.0,-284.2406921386719,37.05412292480469,-284.46575927734375,37.065608978271484,0.41538718342781067,-0.008514449606529539,0.35,0.0,0.22536003712767516,-0.33855918049812317,40,42,5.921663266114107,517.5162644703721
321,16.05,straightline,349,pure_pursuit,3.0,-283.94732666015625,37.05438232421875,-284.46575927734375,37.065608978271484,0.4385448396205902,-0.008827908218292296,0.35,0.0,0.5185541594906946,-0.3617168366909027,40,42,5.844111382789536,517.2229031212937
322,16.1,straightline,349,pure_pursuit,3.0,-283.6532897949219,37.05500030517578,-284.46575927734375,37.065608978271484,0.4227379560470581,-0.007234164645662401,0.35,0.0,0.8125387398836569,-0.3459099531173706,40,42,5.91054955840502,516.928868156107
323,16.150000000000002,straightline,349,pure_pursuit,3.0,-283.3602600097656,37.055503845214844,-282.46575927734375,37.06829071044922,0.4516060948371887,-0.012753652386094352,0.35,0.0,0.8945921217101082,-0.3747780919075012,41,43,5.815026578180271,516.6358409716042
324,16.2,straightline,349,pure_pursuit,3.0,-283.066162109375,37.056026458740234,-282.46575927734375,37.06829071044922,0.4375091791152954,-0.011624609878183768,0.35,0.0,0.6005280780955431,-0.36068117618560797,41,43,5.919865382345128,516.3417455766869
325,16.25,straightline,349,pure_pursuit,3.0,-282.7730712890625,37.05619430541992,-282.46575927734375,37.06829071044922,0.4497871994972229,-0.011601784972303115,0.35,0.0,0.30754998871932665,-0.37295919656753546,41,43,5.841179815383636,516.0486594716193
326,16.3,straightline,349,pure_pursuit,3.0,-282.4793395996094,37.05656051635742,-282.46575927734375,37.06829071044922,0.41879063844680786,-0.009321056041483314,0.35,0.0,0.01794498833294289,-0.34196263551712036,41,43,5.907507771392141,515.7549312700187
327,16.35,straightline,349,pure_pursuit,3.0,-282.18658447265625,37.0567512512207,-282.46575927734375,37.06829071044922,0.43341192603111267,-0.009233545754561133,0.35,0.0,0.2794131899026786,-0.35658392310142517,41,43,5.81140725464854,515.4621807181198
328,16.400000000000002,straightline,349,pure_pursuit,3.0,-281.8927917480469,37.05721664428711,-282.46575927734375,37.06829071044922,0.4226195514202118,-0.007882933520100463,0.35,0.0,0.5730745366616179,-0.3457915484905243,41,43,5.917269105148246,515.1683908682395
329,16.45,straightline,349,pure_pursuit,3.0,-281.59979248046875,37.0576057434082,-282.46575927734375,37.06829071044922,0.45062336325645447,-0.008385604484190266,0.35,0.0,0.8660327140533521,-0.37379536032676697,41,43,5.839983828492536,514.8753949430687
330,16.5,straightline,349,pure_pursuit,3.0,-281.30615234375,37.058353424072266,-280.46575927734375,37.07097244262695,0.4385044276714325,-0.012034164956062014,0.35,0.0,0.8404878022273632,-0.361676424741745,42,44,5.905697372497238,514.5817559102262
331,16.55,straightline,349,pure_pursuit,3.0,-281.0135192871094,37.058719635009766,-280.46575927734375,37.07097244262695,0.45627519488334656,-0.012497483282946666,0.35,0.0,0.5478970337508147,-0.37944719195365906,42,44,5.8092672974289545,514.2891263399626
332,16.6,straightline,349,pure_pursuit,3.0,-280.71978759765625,37.059085845947266,-280.46575927734375,37.07097244262695,0.4339630603790283,-0.010753348561300781,0.35,0.0,0.2543062694890074,-0.3571350574493408,42,44,5.9144895311766765,513.9953981628847
333,16.650000000000002,straightline,349,pure_pursuit,3.0,-280.4269714355469,37.05921936035156,-280.46575927734375,37.07097244262695,0.44603219628334045,-0.010584077375295115,0.35,0.0,0.04052939197954374,-0.36920419335365295,42,44,5.836863131500908,513.7025869648023
334,16.7,straightline,349,pure_pursuit,3.0,-280.13348388671875,37.05963134765625,-280.46575927734375,37.07097244262695,0.41880908608436584,-0.008418930319890912,0.35,0.0,0.3324688792204931,-0.34198108315467834,42,44,5.902554639202508,513.4091026442799
335,16.75,straightline,349,pure_pursuit,3.0,-279.8409729003906,37.0599250793457,-280.46575927734375,37.07097244262695,0.4384686350822449,-0.008527222833287575,0.35,0.0,0.6248840380916129,-0.3616406321525574,42,44,5.806092065170748,513.116595616356
336,16.8,straightline,349,pure_pursuit,3.0,-279.5474548339844,37.060508728027344,-280.46575927734375,37.07097244262695,0.4324623644351959,-0.007370531113515065,0.35,0.0,0.9183640563615246,-0.3556343615055084,42,44,5.911602471967174,512.823079704612
337,16.85,straightline,349,pure_pursuit,3.0,-279.2547302246094,37.06102752685547,-278.46575927734375,37.07365417480469,0.4645070433616638,-0.013294118368109082,0.35,0.0,0.7890719788889041,-0.3876790404319763,43,45,5.8340272426054005,512.5303576463829
338,16.900000000000002,straightline,349,pure_pursuit,3.0,-278.9613952636719,37.0616340637207,-278.46575927734375,37.07365417480469,0.4414965808391571,-0.011730264814919648,0.35,0.0,0.4957817201288533,-0.3646685779094696,43,45,5.899689402066068,512.2370246984183
339,16.95,straightline,349,pure_pursuit,3.0,-278.6690368652344,37.06183624267578,-278.46575927734375,37.07365417480469,0.4502197504043579,-0.01152063845291454,0.35,0.0,0.20362082717255178,-0.37339174747467035,43,45,5.803133992929107,511.94467084978186
340,17.0,straightline,349,pure_pursuit,3.0,-278.3756408691406,37.062164306640625,-278.46575927734375,37.07365417480469,0.42810580134391785,-0.00966040795571263,0.35,0.0,0.09084791999541103,-0.35127779841423035,43,45,5.908708323839633,511.65127863415177
341,17.05,straightline,349,pure_pursuit,3.0,-278.08306884765625,37.062339782714844,-278.46575927734375,37.07365417480469,0.444746732711792,-0.009630817687933526,0.35,0.0,0.38285765036468333,-0.3679187297821045,43,45,5.831207590512563,511.35871134570897
342,17.1,straightline,349,pure_pursuit,3.0,-277.78985595703125,37.0628547668457,-278.46575927734375,37.07365417480469,0.4227735996246338,-0.007689639410968837,0.35,0.0,0.6759895898767425,-0.3459455966949463,43,45,5.895247173060261,511.06550105938055
343,17.150000000000002,straightline,349,pure_pursuit,3.0,-277.49761962890625,37.06325912475586,-278.46575927734375,37.07365417480469,0.44775301218032837,-0.007997257434043985,0.35,0.0,0.9681954533781925,-0.3709250092506409,43,45,5.797688704618817,510.7732680193809
344,17.2,straightline,349,pure_pursuit,3.0,-277.2043762207031,37.0639762878418,-276.4657897949219,37.07633590698242,0.44622185826301575,-0.012369188348148711,0.35,0.0,0.7386898324287557,-0.36939385533332825,44,46,5.903854755399023,510.4800259438144
345,17.25,straightline,349,pure_pursuit,3.0,-276.9119567871094,37.06434631347656,-276.4657897949219,37.07633590698242,0.46720603108406067,-0.012990942355283324,0.35,0.0,0.44632805790144586,-0.3903780281543732,44,46,5.825742712235036,510.1876100267024
346,17.3,straightline,349,pure_pursuit,3.0,-276.618896484375,37.06477355957031,-276.4657897949219,37.07633590698242,0.4346347153186798,-0.010726729335219586,0.35,0.0,0.15354265281339244,-0.3578067123889923,44,46,5.890691073585273,509.8945528951488
347,17.35,straightline,349,pure_pursuit,3.0,-276.326904296875,37.0649299621582,-276.4657897949219,37.07633590698242,0.4433589279651642,-0.010374037646583567,0.35,0.0,0.13935306650756432,-0.3665309250354767,44,46,5.793314922913325,509.6025655778469
348,17.400000000000002,straightline,349,pure_pursuit,3.0,-276.0339050292969,37.06529998779297,-276.4657897949219,37.07633590698242,0.4259481430053711,-0.008672619801620778,0.35,0.0,0.4320257426257344,-0.3491201400756836,44,46,5.898753775237183,509.30956985179347
349,17.45,straightline,349,pure_pursuit,3.0,-275.7417297363281,37.06557846069336,-276.4657897949219,37.07633590698242,0.44832611083984375,-0.008873270095248182,0.35,0.0,0.7241399665129986,-0.3714981079101562,44,46,5.820762350761496,509.01739866889494
350,17.5,straightline,349,pure_pursuit,3.0,-275.4489440917969,37.066219329833984,-274.4657897949219,37.079017639160156,0.432090163230896,-0.011907436687798997,0.35,0.0,0.9832375949816932,-0.3552621603012085,45,47,5.885872594734639,508.72461485165854
351,17.55,straightline,349,pure_pursuit,3.0,-275.1571960449219,37.06650924682617,-274.4657897949219,37.079017639160156,0.4484784007072449,-0.012277702688340074,0.35,0.0,0.6915193868705659,-0.3716503977775573,45,47,5.788304479834999,508.43287084222516
352,17.6,straightline,349,pure_pursuit,3.0,-274.864501953125,37.066829681396484,-274.4657897949219,37.079017639160156,0.42707008123397827,-0.010584035731181439,0.35,0.0,0.3988983973563228,-0.35024207830429077,45,47,5.89416436247903,508.1401806179033
353,17.650000000000002,straightline,349,pure_pursuit,3.0,-274.5727233886719,37.066932678222656,-274.4657897949219,37.079017639160156,0.4407701790332794,-0.010525107718863523,0.35,0.0,0.10761431016900559,-0.3639421761035919,45,47,5.8162431866624775,507.8484072890131
354,17.7,straightline,349,pure_pursuit,3.0,-274.28033447265625,37.06732940673828,-274.4657897949219,37.079017639160156,0.41467031836509705,-0.008455895069451949,0.35,0.0,0.18582327984887845,-0.33784231543540955,45,47,5.88093481049859,507.55602175914834
355,17.75,straightline,349,pure_pursuit,3.0,-273.9889831542969,37.06760025024414,-274.4657897949219,37.079017639160156,0.43519991636276245,-0.008656125345449215,0.35,0.0,0.47694331876414564,-0.35837191343307495,45,47,5.782869923257737,507.2646746109822
356,17.8,straightline,349,pure_pursuit,3.0,-273.6965637207031,37.068153381347656,-274.4657897949219,37.079017639160156,0.4299479126930237,-0.007581895668783072,0.35,0.0,0.769302791724953,-0.3531199097633362,45,47,5.889915829210482,506.97225757752756
357,17.85,straightline,349,pure_pursuit,3.0,-273.405029296875,37.06863021850586,-272.4657897949219,37.08169937133789,0.46182167530059814,-0.013226447663642026,0.35,0.0,0.9393304236448968,-0.3849936723709107,46,48,5.811896991179846,506.6807260250305
358,17.900000000000002,straightline,349,pure_pursuit,3.0,-273.11285400390625,37.069210052490234,-272.4657897949219,37.08169937133789,0.4388578534126282,-0.01166611064166262,0.35,0.0,0.6471847291414201,-0.36202985048294073,46,48,5.876021752279101,506.3885529641005
359,17.95,straightline,349,pure_pursuit,3.0,-272.82177734375,37.069393157958984,-272.4657897949219,37.08169937133789,0.44832852482795715,-0.011515225159457017,0.35,0.0,0.35620019344237286,-0.3715005218982696,46,48,5.777473514705109,506.0974810450364
360,18.0,straightline,349,pure_pursuit,3.0,-272.5296325683594,37.069705963134766,-272.4657897949219,37.08169937133789,0.42741110920906067,-0.009743841860792763,0.35,0.0,0.06495953787180711,-0.35058310627937317,46,48,5.884103690389267,505.80534021100897
361,18.05,straightline,349,pure_pursuit,3.0,-272.23834228515625,37.06986618041992,-272.4657897949219,37.08169937133789,0.4444727897644043,-0.009775854586516456,0.35,0.0,0.22775511872597984,-0.3676447868347168,46,48,5.806107373115354,505.5140548299016
362,18.1,straightline,349,pure_pursuit,3.0,-271.94647216796875,37.07036209106445,-272.4657897949219,37.08169937133789,0.4227052628993988,-0.007882337501692373,0.35,0.0,0.5194413649183357,-0.3458772599697113,46,48,5.870497037893624,505.22218748984335
363,18.150000000000002,straightline,349,pure_pursuit,3.0,-271.6556091308594,37.07074737548828,-272.4657897949219,37.08169937133789,0.4473063349723816,-0.008226552452909664,0.35,0.0,0.8102546850428224,-0.3704783320426941,46,48,5.771976773866363,504.9313279193527
364,18.2,straightline,349,pure_pursuit,3.0,-271.3637390136719,37.07142639160156,-270.4657897949219,37.084381103515625,0.4454651474952698,-0.01232942569970384,0.35,0.0,0.898042662691763,-0.3686371445655823,47,49,5.879212149140417,504.63945941741713
365,18.25,straightline,349,pure_pursuit,3.0,-271.07269287109375,37.071773529052734,-270.4657897949219,37.084381103515625,0.46655604243278503,-0.012962486751377381,0.35,0.0,0.6070340145335532,-0.3897280395030975,47,49,5.801256152304225,504.34841699671
366,18.3,straightline,349,pure_pursuit,3.0,-270.7810363769531,37.07218933105469,-270.4657897949219,37.084381103515625,0.43435904383659363,-0.010734239779965475,0.35,0.0,0.3154822448223115,-0.35753104090690613,47,49,5.865624083761737,504.0567638024702
367,18.35,straightline,349,pure_pursuit,3.0,-270.4904479980469,37.072330474853516,-270.4657897949219,37.084381103515625,0.4437181055545807,-0.010443005982366978,0.35,0.0,0.02744530255810294,-0.3668901026248932,47,49,5.766949756831094,503.7661804625471
368,18.400000000000002,straightline,349,pure_pursuit,3.0,-270.19879150390625,37.072696685791016,-270.4657897949219,37.084381103515625,0.4272414743900299,-0.008831090088986164,0.35,0.0,0.2672538363107769,-0.3504134714603424,47,49,5.874604437030493,503.4745275947665
369,18.45,straightline,349,pure_pursuit,3.0,-269.9080505371094,37.07295227050781,-270.4657897949219,37.084381103515625,0.4496369957923889,-0.00907373890510558,0.35,0.0,0.5578563416589963,-0.3728089928627014,47,49,5.792202273367218,503.1837909483221
370,18.5,straightline,349,pure_pursuit,3.0,-269.61676025390625,37.07357406616211,-270.4657897949219,37.084381103515625,0.43255430459976196,-0.007387676671874098,0.35,0.0,0.8490983179665139,-0.35572630167007446,47,49,5.855859919891638,502.8925026561163
371,18.55,straightline,349,pure_pursuit,3.0,-269.3265686035156,37.074092864990234,-268.4657897949219,37.08706283569336,0.4611112177371979,-0.013066846973336108,0.35,0.0,0.8608765169663508,-0.38428321480751043,48,50,5.756490363749237,502.60231363721556
372,18.6,straightline,349,pure_pursuit,3.0,-269.0353698730469,37.074607849121094,-268.4657897949219,37.08706283569336,0.4474368095397949,-0.011947539083611647,0.35,0.0,0.5697162382163566,-0.3706088066101074,48,50,5.863620471701966,502.3111175869595
373,18.650000000000002,straightline,349,pure_pursuit,3.0,-268.7449951171875,37.07476806640625,-268.4657897949219,37.08706283569336,0.4594446122646332,-0.011893823425726402,0.35,0.0,0.27947589043292226,-0.3826166093349457,48,50,5.785724413861411,502.0207477732999
374,18.7,straightline,349,pure_pursuit,3.0,-268.45404052734375,37.07513427734375,-268.4657897949219,37.08706283569336,0.4276576638221741,-0.009559318583770206,0.35,0.0,0.0167432312569114,-0.3508296608924866,48,50,5.8500747022904696,501.7297968214975
375,18.75,straightline,349,pure_pursuit,3.0,-268.16412353515625,37.07532501220703,-268.4657897949219,37.08706283569336,0.4419538378715515,-0.009440790045838999,0.35,0.0,0.3018945325460164,-0.365125834941864,48,50,5.750933520267558,501.4398845770129
376,18.8,straightline,349,pure_pursuit,3.0,-267.8731384277344,37.075782775878906,-268.4657897949219,37.08706283569336,0.43179649114608765,-0.008102960947933379,0.35,0.0,0.5927587053587915,-0.35496848821640015,48,50,5.859217476631564,501.14890252970457
377,18.85,straightline,349,pure_pursuit,3.0,-267.5830078125,37.076168060302734,-268.4657897949219,37.08706283569336,0.4600239396095276,-0.008596888721493987,0.35,0.0,0.8828492083133493,-0.3831959366798401,48,50,5.781209999405447,500.8587754266576
378,18.900000000000002,straightline,349,pure_pursuit,3.0,-267.29229736328125,37.07691955566406,-266.4657897949219,37.089744567871094,0.447596937417984,-0.012356072632547059,0.35,0.0,0.826607065959055,-0.3707689344882965,49,51,5.845104366440543,500.5680661517803
379,18.95,straightline,349,pure_pursuit,3.0,-267.0026550292969,37.0772819519043,-266.4657897949219,37.089744567871094,0.4651903808116913,-0.012803281016402818,0.35,0.0,0.5370098664617434,-0.38836237788200373,49,51,5.744072608494667,500.2784274747538
380,19.0,straightline,349,pure_pursuit,3.0,-266.7121276855469,37.07763671875,-266.4657897949219,37.089744567871094,0.44358178973197937,-0.01108476224039343,0.35,0.0,0.24663526991878845,-0.36675378680229187,49,51,5.85311982331549,499.98790385986933
381,19.05,straightline,349,pure_pursuit,3.0,-266.4224853515625,37.0777587890625,-266.4657897949219,37.089744567871094,0.4557795524597168,-0.010909240502124095,0.35,0.0,0.04493254620332407,-0.3789515495300293,49,51,5.775069747538197,499.698266738971
382,19.1,straightline,349,pure_pursuit,3.0,-266.13226318359375,37.07817077636719,-266.4657897949219,37.089744567871094,0.42784950137138367,-0.00870250952304708,0.35,0.0,0.3337273634477671,-0.35102149844169617,49,51,5.8385157752079415,499.4080479348739
383,19.150000000000002,straightline,349,pure_pursuit,3.0,-265.8430480957031,37.078453063964844,-266.4657897949219,37.089744567871094,0.44732150435447693,-0.008787601435938317,0.35,0.0,0.6228440591402642,-0.37049350142478943,49,51,5.738177594735665,499.1188370299363
384,19.200000000000003,straightline,349,pure_pursuit,3.0,-265.5528564453125,37.07902145385742,-266.4657897949219,37.089744567871094,0.4422592222690582,-0.0076637202536484735,0.35,0.0,0.9129963231049419,-0.3654312193393707,49,51,5.847354880832816,498.82864774340277
385,19.25,straightline,349,pure_pursuit,3.0,-265.2634582519531,37.079532623291016,-264.4657897949219,37.09242630004883,0.47440558671951294,-0.013675247883758833,0.35,0.0,0.7977726582447847,-0.3975775837898254,50,52,5.768959610779742,498.5392522698165
386,19.3,straightline,349,pure_pursuit,3.0,-264.9735412597656,37.080135345458984,-264.4657897949219,37.09242630004883,0.4506600797176361,-0.01206978740825462,0.35,0.0,0.5079002043863573,-0.37383207678794866,50,52,5.831947177153244,498.24933742121186
387,19.35,straightline,349,pure_pursuit,3.0,-264.68475341796875,37.080322265625,-264.4657897949219,37.09242630004883,0.4590313136577606,-0.011832644904101451,0.35,0.0,0.2192979157838651,-0.3822033107280732,50,52,5.731155566427203,497.9605543865279
388,19.400000000000002,straightline,349,pure_pursuit,3.0,-264.39483642578125,37.080631256103516,-264.4657897949219,37.09242630004883,0.437713623046875,-0.010002785524913278,0.35,0.0,0.07192707177466388,-0.3608856201171875,50,52,5.840291824948655,497.67064144229096
389,19.450000000000003,straightline,349,pure_pursuit,3.0,-264.1058349609375,37.0807991027832,-264.4657897949219,37.09242630004883,0.4541984796524048,-0.009963624459916259,0.35,0.0,0.360142574857476,-0.37737047672271734,50,52,5.761955418863649,497.3816449231842
390,19.5,straightline,349,pure_pursuit,3.0,-263.8162536621094,37.081302642822266,-264.4657897949219,37.09242630004883,0.43176132440567017,-0.007993796277600681,0.35,0.0,0.6496313751498705,-0.35493332147598267,50,52,5.825215470798617,497.0920664178845
391,19.55,straightline,349,pure_pursuit,3.0,-263.5277404785156,37.08169937133789,-264.4657897949219,37.09242630004883,0.4563834071159363,-0.008286382476230508,0.35,0.0,0.9381106475303446,-0.3795554041862488,50,52,5.724379587498012,496.80355670001535
392,19.6,straightline,349,pure_pursuit,3.0,-263.2381896972656,37.0823974609375,-262.4657897949219,37.09510803222656,0.45553603768348694,-0.012722111305839588,0.35,0.0,0.7725044775036122,-0.37870803475379944,51,53,5.8341302776560795,496.51400746077263
393,19.650000000000002,straightline,349,pure_pursuit,3.0,-262.949462890625,37.0827522277832,-262.4657897949219,37.09510803222656,0.47649675607681274,-0.013336522428110969,0.35,0.0,0.483830889268644,-0.3996687531471252,51,53,5.755722849865735,496.22528440375754
394,19.700000000000003,straightline,349,pure_pursuit,3.0,-262.66021728515625,37.08316421508789,-262.4657897949219,37.09510803222656,0.44321438670158386,-0.0110289801562871,0.35,0.0,0.19479400331293573,-0.36638638377189636,51,53,5.818952352229094,495.9360421928716
395,19.75,straightline,349,pure_pursuit,3.0,-262.37200927734375,37.08330154418945,-262.4657897949219,37.09510803222656,0.4518009126186371,-0.010664070329265904,0.35,0.0,0.09452078415349409,-0.3749729096889496,51,53,5.71798027146104,495.6478393416317
396,19.8,straightline,349,pure_pursuit,3.0,-262.082763671875,37.083656311035156,-262.4657897949219,37.09510803222656,0.43545886874198914,-0.009018160075844169,0.35,0.0,0.38319727667947423,-0.35863086581230164,51,53,5.828179432234128,495.3585975110618
397,19.85,straightline,349,pure_pursuit,3.0,-261.79437255859375,37.08390426635742,-262.4657897949219,37.09510803222656,0.4580788314342499,-0.00922135172234635,0.35,0.0,0.6715107069944215,-0.38125082850456243,51,53,5.748978006568394,495.07021085208316
398,19.900000000000002,straightline,349,pure_pursuit,3.0,-261.50537109375,37.08453369140625,-262.4657897949219,37.09510803222656,0.44086146354675293,-0.00748982251192623,0.35,0.0,0.9604769118747496,-0.36403346061706543,51,53,5.8112667559640725,494.781211384603
399,19.950000000000003,straightline,349,pure_pursuit,3.0,-261.21746826171875,37.08506393432617,-260.4657897949219,37.09778594970703,0.4699104130268097,-0.01343086586608032,0.35,0.0,0.7517861179361133,-0.3930824100971222,52,54,5.7093689131293734,494.49331117367774
400,20.0,straightline,349,pure_pursuit,3.0,-260.92852783203125,37.08557891845703,-260.4657897949219,37.09778594970703,0.45672371983528137,-0.012327249484188094,0.35,0.0,0.46289901987342313,-0.37989571690559387,52,54,5.819463902332348,494.2043734896752
401,20.05,straightline,349,pure_pursuit,3.0,-260.6404724121094,37.085731506347656,-260.4657897949219,37.09778594970703,0.4679943919181824,-0.012209901377802352,0.35,0.0,0.17509804782515154,-0.3911663889884948,52,54,5.740584196818448,493.91632315482894
402,20.1,straightline,349,pure_pursuit,3.0,-260.3518371582031,37.086090087890625,-260.4657897949219,37.09778594970703,0.43504980206489563,-0.009787983355591525,0.35,0.0,0.11455128370639886,-0.35822179913520813,52,54,5.803093815091032,493.6276916652369
403,20.150000000000002,straightline,349,pure_pursuit,3.0,-260.0643615722656,37.08626937866211,-260.4657897949219,37.09778594970703,0.4487732946872711,-0.009600527698840882,0.35,0.0,0.40159338808499895,-0.3719452917575837,52,54,5.701211875151425,493.34022098972235
404,20.200000000000003,straightline,349,pure_pursuit,3.0,-259.7758483886719,37.086727142333984,-260.4657897949219,37.09778594970703,0.43898314237594604,-0.008251650879524614,0.35,0.0,0.6900300292586851,-0.36215513944625854,52,54,5.811509994997284,493.05171093241177
405,20.25,straightline,349,pure_pursuit,3.0,-259.4881896972656,37.08711242675781,-260.4657897949219,37.09778594970703,0.46739670634269714,-0.008713642128365137,0.35,0.0,0.9776583631461744,-0.3905687034130096,52,54,5.732773967442994,492.764055825055
406,20.3,straightline,349,pure_pursuit,3.0,-259.1999816894531,37.08787155151367,-258.4658203125,37.10047149658203,0.45491260290145874,-0.012666945092885516,0.35,0.0,0.7342694914167647,-0.3780845999717713,53,55,5.795558472902438,492.47584898300806
407,20.35,straightline,349,pure_pursuit,3.0,-258.9128723144531,37.08823776245117,-258.4658203125,37.10047149658203,0.4722024202346802,-0.01309210781914405,0.35,0.0,0.44721936082987446,-0.39537441730499273,53,55,5.692054606250268,492.18874331252204
408,20.400000000000002,straightline,349,pure_pursuit,3.0,-258.6248779296875,37.088584899902344,-258.4658203125,37.10047149658203,0.4507950246334076,-0.01136826004790871,0.35,0.0,0.1595011497325046,-0.37396702170372015,53,55,5.8042267357534865,491.9007527799803
409,20.450000000000003,straightline,349,pure_pursuit,3.0,-258.3377380371094,37.08869934082031,-258.4658203125,37.10047149658203,0.4626163840293884,-0.011149185967982206,0.35,0.0,0.1286221323121261,-0.3857883810997009,53,55,5.725742862282475,491.61361824364235
410,20.5,straightline,349,pure_pursuit,3.0,-258.050048828125,37.0890998840332,-258.4658203125,37.10047149658203,0.4340471625328064,-0.008881626788658894,0.35,0.0,0.4159269656939203,-0.3572191596031189,53,55,5.788047587004795,491.3259325421821
411,20.55,straightline,349,pure_pursuit,3.0,-257.76348876953125,37.089378356933594,-258.4658203125,37.10047149658203,0.4533922076225281,-0.008931619750983597,0.35,0.0,0.7024191440985396,-0.3765642046928406,53,55,5.685291098152321,491.0393767682969
412,20.6,straightline,349,pure_pursuit,3.0,-257.475830078125,37.089942932128906,-258.4658203125,37.10047149658203,0.4489644765853882,-0.007811361520210746,0.35,0.0,0.9900462185308881,-0.3721364736557007,53,55,5.7967745033719895,490.75172052180096
413,20.650000000000002,straightline,349,pure_pursuit,3.0,-257.1890869140625,37.090450286865234,-256.4658203125,37.1031494140625,0.4814263880252838,-0.013990003227035487,0.35,0.0,0.723378078716338,-0.40459838509559626,54,56,5.717824036196911,490.46498016044677
414,20.700000000000003,straightline,349,pure_pursuit,3.0,-256.90179443359375,37.09104537963867,-256.4658203125,37.1031494140625,0.4573139548301697,-0.012357254461979513,0.35,0.0,0.4361421120607376,-0.3804859519004822,54,56,5.779916274563793,490.1776899247944
415,20.75,straightline,349,pure_pursuit,3.0,-256.6156311035156,37.09122085571289,-256.4658203125,37.1031494140625,0.4653480648994446,-0.012085241583189573,0.35,0.0,0.15028494139143583,-0.3885200619697571,54,56,5.6768099081956525,489.89153156247266
416,20.8,straightline,349,pure_pursuit,3.0,-256.3283996582031,37.09151840209961,-256.4658203125,37.1031494140625,0.4443037807941437,-0.010251522277227601,0.35,0.0,0.13791198884311012,-0.3674757778644562,54,56,5.788594612947366,489.60430431501254
417,20.85,straightline,349,pure_pursuit,3.0,-256.04205322265625,37.09166717529297,-256.4658203125,37.1031494140625,0.46068066358566284,-0.010175608447435727,0.35,0.0,0.4239226205828151,-0.3838526606559753,54,56,5.709817833589116,489.3179630372873
418,20.900000000000002,straightline,349,pure_pursuit,3.0,-255.755126953125,37.0921630859375,-256.4658203125,37.1031494140625,0.43783554434776306,-0.008162415545797021,0.35,0.0,0.7107782709575421,-0.3610075414180756,54,56,5.772257106316048,489.03103967069774
419,20.950000000000003,straightline,349,pure_pursuit,3.0,-255.46934509277344,37.092552185058594,-256.4658203125,37.1031494140625,0.4624815285205841,-0.008427564330108583,0.35,0.0,0.9965315673834233,-0.3856535255908966,54,56,5.669153743730278,488.7452613924217
420,21.0,straightline,349,pure_pursuit,3.0,-255.18247985839844,37.09323501586914,-254.46578979492188,37.1058349609375,0.4624064564704895,-0.013023568829806462,0.35,0.0,0.71680081312856,-0.385578453540802,55,57,5.781505592544037,488.4583978426554
421,21.05,straightline,349,pure_pursuit,3.0,-254.896484375,37.09357833862305,-254.46578979492188,37.1058349609375,0.48339641094207764,-0.013628570984104955,0.35,0.0,0.43086894306648693,-0.4065684080123902,55,57,5.702510859323732,488.1724062542298
422,21.1,straightline,349,pure_pursuit,3.0,-254.60995483398438,37.09397888183594,-254.46578979492188,37.1058349609375,0.44954124093055725,-0.011278260632166153,0.35,0.0,0.1446517372849516,-0.37271323800086975,55,57,5.7649101956357915,487.8858802491017
423,21.150000000000002,straightline,349,pure_pursuit,3.0,-254.3245086669922,37.09410095214844,-254.46578979492188,37.1058349609375,0.457904189825058,-0.010881727522261535,0.35,0.0,0.1417675705912552,-0.38107618689537054,55,57,5.66163320042429,487.6004394269298
424,21.200000000000003,straightline,349,pure_pursuit,3.0,-254.03802490234375,37.09444046020508,-254.46578979492188,37.1058349609375,0.44206470251083374,-0.009241614954182987,0.35,0.0,0.4279166250209449,-0.36523669958114624,55,57,5.77453767788505,487.31395960779975
425,21.25,straightline,349,pure_pursuit,3.0,-253.7523651123047,37.09467697143555,-254.46578979492188,37.1058349609375,0.46477070450782776,-0.00942654970517926,0.35,0.0,0.7135119329746072,-0.38794270157814026,55,57,5.694981990518166,487.02830442709285
426,21.3,straightline,349,pure_pursuit,3.0,-253.4661407470703,37.095298767089844,-254.46578979492188,37.1058349609375,0.4472271203994751,-0.007658836275653879,0.35,0.0,0.9997045714866621,-0.3703991174697876,55,57,5.75649888816526,486.7420821562905
427,21.35,straightline,349,pure_pursuit,3.0,-253.18104553222656,37.0958137512207,-252.46578979492188,37.10851287841797,0.4763519763946533,-0.01369946317703547,0.35,0.0,0.7153684628069961,-0.3995239734649659,56,58,5.65227685571549,486.4569897170849
428,21.400000000000002,straightline,349,pure_pursuit,3.0,-252.89491271972656,37.0963134765625,-252.46578979492188,37.10851287841797,0.46353405714035034,-0.012604485916127868,0.35,0.0,0.4292962962786433,-0.38670605421066284,56,58,5.764765315844304,486.17085980685823
429,21.450000000000003,straightline,349,pure_pursuit,3.0,-252.6096954345703,37.09645080566406,-252.46578979492188,37.10851287841797,0.4747099280357361,-0.012467824201990897,0.35,0.0,0.14441027221685607,-0.3978819251060486,56,58,5.685273207602713,485.8856477933111
430,21.5,straightline,349,pure_pursuit,3.0,-252.32391357421875,37.096797943115234,-252.46578979492188,37.10851287841797,0.44131579995155334,-0.010010072223508313,0.35,0.0,0.14235905910811958,-0.36448779702186584,56,58,5.747123586407868,485.5998698413335
431,21.55,straightline,349,pure_pursuit,3.0,-252.03929138183594,37.09696578979492,-252.46578979492188,37.10851287841797,0.45497894287109375,-0.00980495486795744,0.35,0.0,0.4266546983457366,-0.37815093994140625,56,58,5.642890501688401,485.31525271829855
432,21.6,straightline,349,pure_pursuit,3.0,-251.75363159179688,37.0974006652832,-252.46578979492188,37.10851287841797,0.4457852244377136,-0.008462484968722015,0.35,0.0,0.7122448929679884,-0.3689572215080261,56,58,5.755923715948079,485.02959626587034
433,21.650000000000002,straightline,349,pure_pursuit,3.0,-251.4688262939453,37.097774505615234,-252.46578979492188,37.10851287841797,0.47436729073524475,-0.00891503237500136,0.35,0.0,0.9970213312311301,-0.3975392878055573,56,58,5.676797419925127,484.74479469389246
434,21.700000000000003,straightline,349,pure_pursuit,3.0,-251.1834716796875,37.09852600097656,-250.46578979492188,37.11119842529297,0.46165043115615845,-0.012938716284297568,0.35,0.0,0.7177937573278239,-0.3848224282264709,57,59,5.738881526918226,484.4594413304835
435,21.75,straightline,349,pure_pursuit,3.0,-250.8992919921875,37.098880767822266,-250.46578979492188,37.11119842529297,0.47887423634529114,-0.013352995797940762,0.35,0.0,0.4336771607079285,-0.4020462334156037,57,59,5.633249630128125,484.1752654893066
436,21.8,straightline,349,pure_pursuit,3.0,-250.6141357421875,37.099205017089844,-250.46578979492188,37.11119842529297,0.45790359377861023,-0.011635824034008925,0.35,0.0,0.1488299765183828,-0.38107559084892273,57,59,5.748155972815399,483.89011331322706
437,21.85,straightline,349,pure_pursuit,3.0,-250.3298797607422,37.09930419921875,-250.46578979492188,37.11119842529297,0.4696604311466217,-0.011400766058425724,0.35,0.0,0.13642950562333814,-0.3928324282169342,57,59,5.669138048114176,483.605862878117
438,21.900000000000002,straightline,349,pure_pursuit,3.0,-250.0450897216797,37.099693298339844,-250.46578979492188,37.11119842529297,0.44066116213798523,-0.009100553815521654,0.35,0.0,0.42085736250205896,-0.36383315920829773,57,59,5.730621461796627,483.32107648704334
439,21.950000000000003,straightline,349,pure_pursuit,3.0,-249.76144409179688,37.09995651245117,-250.46578979492188,37.11119842529297,0.4599463939666748,-0.009133696310620335,0.35,0.0,0.7044354123090301,-0.38311839103698725,57,59,5.6256781127437465,483.0374353172937
440,22.0,straightline,349,pure_pursuit,3.0,-249.4767303466797,37.10050964355469,-250.46578979492188,37.11119842529297,0.4560662806034088,-0.008032261270179612,0.35,0.0,0.9891172034760032,-0.3792382776737213,57,59,5.739620156688727,482.75272414275133
441,22.05,straightline,349,pure_pursuit,3.0,-249.1929168701172,37.10100555419922,-248.46578979492188,37.11387634277344,0.4886297881603241,-0.01427262408790831,0.35,0.0,0.727240978411291,-0.41180178523063665,58,60,5.660061955553054,482.46891359946954
442,22.1,straightline,349,pure_pursuit,3.0,-248.90858459472656,37.10158920288086,-248.46578979492188,37.11387634277344,0.46417659521102905,-0.012615654044721977,0.35,0.0,0.4429652452967536,-0.3873485922813416,58,60,5.721584751363607,482.1845836916829
443,22.150000000000002,straightline,349,pure_pursuit,3.0,-248.6254119873047,37.10175323486328,-248.46578979492188,37.11387634277344,0.4721527695655823,-0.01233511712803807,0.35,0.0,0.16008189793507852,-0.3953247666358948,58,60,5.616294896200144,481.901416209958
444,22.200000000000003,straightline,349,pure_pursuit,3.0,-248.3411407470703,37.10203170776367,-248.46578979492188,37.11387634277344,0.45161551237106323,-0.010517175146920625,0.35,0.0,0.12521054471894802,-0.37478750944137573,58,60,5.7308359724907785,481.61714936700685
445,22.25,straightline,349,pure_pursuit,3.0,-248.05776977539062,37.102169036865234,-248.46578979492188,37.11387634277344,0.4680003225803375,-0.010437430355792322,0.35,0.0,0.40818794366064987,-0.3911723196506501,58,60,5.651531493932568,481.3337837142911
446,22.3,straightline,349,pure_pursuit,3.0,-247.77386474609375,37.10265350341797,-248.46578979492188,37.11387634277344,0.44473499059677124,-0.008397872389562258,0.35,0.0,0.6920160585701765,-0.3679069876670838,58,60,5.713331177659511,481.0498817184743
447,22.35,straightline,349,pure_pursuit,3.0,-247.49107360839844,37.103031158447266,-248.46578979492188,37.11387634277344,0.4692973494529724,-0.008657162083742809,0.35,0.0,0.9747765191539347,-0.39246934652328486,58,60,5.607943444991027,480.7670943028531
448,22.400000000000002,straightline,349,pure_pursuit,3.0,-247.2071990966797,37.10369873046875,-246.46580505371094,37.11656188964844,0.469674289226532,-0.013302165486805897,0.35,0.0,0.7415056222400682,-0.3928462862968445,59,61,5.723079622561253,480.48322161631756
449,22.450000000000003,straightline,349,pure_pursuit,3.0,-246.92420959472656,37.10403060913086,-246.46580505371094,37.11656188964844,0.490613728761673,-0.0139007536710863,0.35,0.0,0.4585757911350708,-0.41378572583198553,59,61,5.643796454575649,480.20023615345036
450,22.5,straightline,349,pure_pursuit,3.0,-246.6406707763672,37.10441970825195,-246.46580505371094,37.11656188964844,0.4563368558883667,-0.011524641334063912,0.35,0.0,0.1752867751119795,-0.3795088529586792,59,61,5.705571014293728,479.9167010109325
451,22.55,straightline,349,pure_pursuit,3.0,-246.35826110839844,37.10452651977539,-246.46580505371094,37.11656188964844,0.4646623432636261,-0.01112292186224183,0.35,0.0,0.10821529606002579,-0.38783434033393865,59,61,5.60002403400111,479.6342968759523
452,22.6,straightline,349,pure_pursuit,3.0,-246.0747528076172,37.10485076904297,-246.46580505371094,37.11656188964844,0.4493805468082428,-0.009509523937578304,0.35,0.0,0.3912275674346104,-0.3725525438785553,59,61,5.7156493153721275,479.35079269206
453,22.650000000000002,straightline,349,pure_pursuit,3.0,-245.79220581054688,37.10508346557617,-246.46580505371094,37.11656188964844,0.47175997495651245,-0.00968885122846321,0.35,0.0,0.6736970347347393,-0.394931972026825,59,61,5.6316744001320895,479.06825040520204
454,22.700000000000003,straightline,349,pure_pursuit,3.0,-245.5092010498047,37.105690002441406,-246.46580505371094,37.11656188964844,0.453706830739975,-0.00789639392960429,0.35,0.0,0.9566657818804387,-0.3768788278102875,59,61,5.693121840933403,478.785247880382
455,22.75,straightline,349,pure_pursuit,3.0,-245.227294921875,37.1061897277832,-244.46580505371094,37.119239807128906,0.4826454222202301,-0.01392352913454993,0.35,0.0,0.761601683222569,-0.40581741929054266,60,62,5.587185854829675,478.50334467911574
456,22.8,straightline,349,pure_pursuit,3.0,-244.9443359375,37.10667037963867,-244.46580505371094,37.119239807128906,0.47037947177886963,-0.012850763142312208,0.35,0.0,0.47869593402009747,-0.39355146884918213,60,62,5.703091268585038,478.22038877592126
457,22.85,straightline,349,pure_pursuit,3.0,-244.66226196289062,37.106788635253906,-244.46580505371094,37.119239807128906,0.48176145553588867,-0.01272147217621662,0.35,0.0,0.19685108291674897,-0.4049334526062012,60,62,5.623682509611802,477.9383202839976
458,22.900000000000002,straightline,349,pure_pursuit,3.0,-244.37960815429688,37.10712432861328,-244.46580505371094,37.119239807128906,0.4481918215751648,-0.010256489808430002,0.35,0.0,0.08704418583834637,-0.3713638186454773,60,62,5.685336485568734,477.655670526436
459,22.950000000000003,straightline,349,pure_pursuit,3.0,-244.09811401367188,37.10728454589844,-244.46580505371094,37.119239807128906,0.4619569778442383,-0.010067839908886758,0.35,0.0,0.36788534789536836,-0.3851289749145508,60,62,5.579264279843723,477.3741815876287
460,23.0,straightline,349,pure_pursuit,3.0,-243.81556701660156,37.10770034790039,-244.46580505371094,37.119239807128906,0.4533313810825348,-0.008758246237735842,0.35,0.0,0.6503404216432649,-0.37650337815284723,60,62,5.6954125094176336,477.09163811469944
461,23.05,straightline,349,pure_pursuit,3.0,-243.53387451171875,37.10806655883789,-244.46580505371094,37.119239807128906,0.48177728056907654,-0.009224390403342273,0.35,0.0,0.9319975196186012,-0.40494927763938904,60,62,5.615756158088933,476.80994945083575
462,23.1,straightline,349,pure_pursuit,3.0,-243.2516326904297,37.108802795410156,-242.46580505371094,37.121925354003906,0.4683997929096222,-0.013177637298893914,0.35,0.0,0.785937196075502,-0.3915717899799347,61,63,5.677367538502546,476.52770901370025
463,23.150000000000002,straightline,349,pure_pursuit,3.0,-242.97059631347656,37.10913848876953,-242.46580505371094,37.121925354003906,0.48553502559661865,-0.013582837905823191,0.35,0.0,0.5049531858086339,-0.4087070226669311,61,63,5.570599551887439,476.2466766756999
464,23.200000000000003,straightline,349,pure_pursuit,3.0,-242.6885528564453,37.10945129394531,-242.46580505371094,37.121925354003906,0.46488314867019653,-0.011885551207295939,0.35,0.0,0.2230968081289767,-0.3880551457405091,61,63,5.687223387518785,475.9646374383476
465,23.25,straightline,349,pure_pursuit,3.0,-242.40744018554688,37.10953903198242,-242.46580505371094,37.121925354003906,0.47675907611846924,-0.01166639570688082,0.35,0.0,0.05966471996941161,-0.39993107318878174,61,63,5.607599336236874,475.6835304784403
466,23.3,straightline,349,pure_pursuit,3.0,-242.1258087158203,37.109920501708984,-242.46580505371094,37.121925354003906,0.4474843144416809,-0.009364834948203395,0.35,0.0,0.3402082101561615,-0.3706563115119934,61,63,5.668774205476518,475.4019027703108
467,23.35,straightline,349,pure_pursuit,3.0,-241.84532165527344,37.11016845703125,-242.46580505371094,37.121925354003906,0.46669867634773254,-0.009410298219871716,0.35,0.0,0.6205947730709428,-0.38987067341804504,61,63,5.561427195821699,475.1214203452796
468,23.400000000000002,straightline,349,pure_pursuit,3.0,-241.5637664794922,37.1107063293457,-242.46580505371094,37.121925354003906,0.4631967842578888,-0.008347225164832044,0.35,0.0,0.9021083393322982,-0.3863687813282013,61,63,5.678320834356384,474.8398678905667
469,23.450000000000003,straightline,349,pure_pursuit,3.0,-241.28309631347656,37.11117935180664,-240.46580505371094,37.124603271484375,0.49548137187957764,-0.014507810021865797,0.35,0.0,0.8174014955386346,-0.4186533689498901,62,64,5.598206746579942,474.5592008645713
470,23.5,straightline,349,pure_pursuit,3.0,-241.0019073486328,37.111751556396484,-240.46580505371094,37.124603271484375,0.47061964869499207,-0.01282870576574839,0.35,0.0,0.5362563167005134,-0.3937916457653046,62,64,5.659231360292637,474.2780143899939
471,23.55,straightline,349,pure_pursuit,3.0,-240.72190856933594,37.111900329589844,-240.46580505371094,37.124603271484375,0.4787037670612335,-0.012559439970178617,0.35,0.0,0.2564183602011768,-0.401875764131546,62,64,5.55171553041093,473.99802092080677
472,23.6,straightline,349,pure_pursuit,3.0,-240.44078063964844,37.11216354370117,-240.46580505371094,37.124603271484375,0.45891073346138,-0.010788892396907893,0.35,0.0,0.027945806957245724,-0.3820827305316925,62,64,5.66900180557441,473.71689756419426
473,23.650000000000002,straightline,349,pure_pursuit,3.0,-240.16053771972656,37.11228942871094,-240.46580505371094,37.124603271484375,0.4754323661327362,-0.010736090230100349,0.35,0.0,0.3055155903088693,-0.39860436320304876,62,64,5.588994151214401,473.4366601260156
474,23.700000000000003,straightline,349,pure_pursuit,3.0,-239.8798065185547,37.11275863647461,-240.46580505371094,37.124603271484375,0.45176270604133606,-0.008691571268333064,0.35,0.0,0.5861182291857039,-0.37493470311164856,62,64,5.650372902558224,473.1559321152462
475,23.75,straightline,349,pure_pursuit,3.0,-239.60023498535156,37.113121032714844,-240.46580505371094,37.124603271484375,0.47606512904167175,-0.008967216785548973,0.35,0.0,0.8656462239545747,-0.3992371261119843,62,64,5.542766428487779,472.8763644690733
476,23.8,straightline,349,pure_pursuit,3.0,-239.319580078125,37.11376953125,-238.46580505371094,37.127288818359375,0.4766519367694855,-0.013535594752391153,0.35,0.0,0.853882054757669,-0.39982393383979803,63,65,5.660862097049193,472.5957115525536
477,23.85,straightline,349,pure_pursuit,3.0,-239.03977966308594,37.11407470703125,-238.46580505371094,37.127288818359375,0.4974696934223175,-0.014122650860665088,0.35,0.0,0.5741266976420587,-0.42064169049263,63,65,5.580746436781997,472.3159154239187
478,23.900000000000002,straightline,349,pure_pursuit,3.0,-238.75942993164062,37.11445236206055,-238.46580505371094,37.127288818359375,0.46306508779525757,-0.011746474243219887,0.35,0.0,0.2939053309307873,-0.38623708486557007,63,65,5.642147723432681,472.03556950831086
479,23.950000000000003,straightline,349,pure_pursuit,3.0,-238.48025512695312,37.11455154418945,-238.46580505371094,37.127288818359375,0.47164198756217957,-0.011378855060904943,0.35,0.0,0.019262470505735815,-0.39481398463249207,63,65,5.534367204045414,471.75640037470544
480,24.0,straightline,349,pure_pursuit,3.0,-238.1999969482422,37.114864349365234,-238.46580505371094,37.127288818359375,0.4570339322090149,-0.009821965959246644,0.35,0.0,0.26609832085654445,-0.3802059292793274,63,65,5.652868543496162,471.4761464576651
481,24.05,straightline,349,pure_pursuit,3.0,-237.9205780029297,37.11507797241211,-238.46580505371094,37.127288818359375,0.47957152128219604,-0.010035891066297912,0.35,0.0,0.5453637700309469,-0.40274351835250854,63,65,5.5730854789635735,471.19673242945197
482,24.1,straightline,349,pure_pursuit,3.0,-237.64065551757812,37.11566925048828,-238.46580505371094,37.127288818359375,0.46071869134902954,-0.008229343016775865,0.35,0.0,0.8252313441318784,-0.38389068841934204,63,65,5.633367092146573,470.9168123290499
483,24.150000000000002,straightline,349,pure_pursuit,3.0,-237.3618621826172,37.116146087646484,-236.46580505371094,37.129966735839844,0.48910361528396606,-0.014111812340576015,0.35,0.0,0.8961637063506849,-0.4122756123542786,64,66,5.524534919901913,470.6380221297441
484,24.200000000000003,straightline,349,pure_pursuit,3.0,-237.08197021484375,37.116607666015625,-236.46580505371094,37.129966735839844,0.4770706593990326,-0.013049715515999939,0.35,0.0,0.6163099630383994,-0.4002426564693451,64,66,5.642917938244042,470.3581334300018
485,24.25,straightline,349,pure_pursuit,3.0,-236.802978515625,37.116722106933594,-236.46580505371094,37.129966735839844,0.48858800530433655,-0.012947383568412733,0.35,0.0,0.3374334950978904,-0.41176000237464905,64,66,5.562119048097617,470.079147329255
486,24.3,straightline,349,pure_pursuit,3.0,-236.5234832763672,37.11704635620117,-236.46580505371094,37.129966735839844,0.454947292804718,-0.010494503398655609,0.35,0.0,0.05910764399628324,-0.3781192898750305,64,66,5.623017579991394,469.7996562875291
487,24.35,straightline,349,pure_pursuit,3.0,-236.24520874023438,37.11719512939453,-236.46580505371094,37.129966735839844,0.4688323140144348,-0.010341531033305082,0.35,0.0,0.22096571555479771,-0.39200431108474737,64,66,5.514277532474283,469.5213871136894
488,24.400000000000002,straightline,349,pure_pursuit,3.0,-235.96583557128906,37.11760330200195,-236.46580505371094,37.129966735839844,0.460685133934021,-0.009093059671174344,0.35,0.0,0.5001223228865729,-0.3838571310043335,64,66,5.633047412678642,469.2420175822698
489,24.450000000000003,straightline,349,pure_pursuit,3.0,-235.68736267089844,37.117942810058594,-236.46580505371094,37.129966735839844,0.48887112736701965,-0.009580534126496553,0.35,0.0,0.7785352388620542,-0.41204312443733215,64,66,5.552636560952172,468.9635487685611
490,24.5,straightline,349,pure_pursuit,3.0,-235.40835571289062,37.118656158447266,-234.46580505371094,37.13264846801758,0.47468313574790955,-0.013349281235203686,0.35,0.0,0.9426545124525607,-0.39785513281822205,65,67,5.613878288534273,468.6845433811609
491,24.55,straightline,349,pure_pursuit,3.0,-235.1305389404297,37.11897277832031,-234.46580505371094,37.13264846801758,0.4917435646057129,-0.013753849372655086,0.35,0.0,0.6648745480471574,-0.4149155616760254,65,67,5.505137621592954,468.4067308444682
492,24.6,straightline,349,pure_pursuit,3.0,-234.8516387939453,37.1192626953125,-234.46580505371094,37.13264846801758,0.47190025448799133,-0.012104544019563582,0.35,0.0,0.386065867455489,-0.3950722515583039,65,67,5.624418275305072,468.12783514504656
493,24.650000000000002,straightline,349,pure_pursuit,3.0,-234.57374572753906,37.11933898925781,-234.46580505371094,37.13264846801758,0.48428961634635925,-0.011938386087969783,0.35,0.0,0.10875813206986557,-0.4074616134166718,65,67,5.543392666821304,467.84994795781
494,24.700000000000003,straightline,349,pure_pursuit,3.0,-234.29534912109375,37.119712829589844,-234.46580505371094,37.13264846801758,0.4549389183521271,-0.009661669501665894,0.35,0.0,0.17094606080845573,-0.3781109154224395,65,67,5.604818756101265,467.57155522863036
495,24.75,straightline,349,pure_pursuit,3.0,-234.0181121826172,37.11994934082031,-234.46580505371094,37.13264846801758,0.47411131858825684,-0.009748089506429015,0.35,0.0,0.4478729447731102,-0.39728331565856934,65,67,5.495484398902412,467.2943230785432
496,24.8,straightline,349,pure_pursuit,3.0,-233.73976135253906,37.120460510253906,-234.46580505371094,37.13264846801758,0.47077125310897827,-0.008726093743116935,0.35,0.0,0.7261459924325163,-0.3939432501792907,65,67,5.615370701333264,467.0159752015289
497,24.85,straightline,349,pure_pursuit,3.0,-233.4623260498047,37.120906829833984,-232.46580505371094,37.13533020019531,0.502442479133606,-0.014695301425798954,0.35,0.0,0.9966253705722425,-0.42561447620391846,66,68,5.534590805370211,466.73854327573866
498,24.900000000000002,straightline,349,pure_pursuit,3.0,-233.18435668945312,37.1214599609375,-232.46580505371094,37.13533020019531,0.47712209820747375,-0.012990356041059935,0.35,0.0,0.718685492245977,-0.40029409527778625,66,68,5.595303842439723,466.46057658251453
499,24.950000000000003,straightline,349,pure_pursuit,3.0,-232.90760803222656,37.1215934753418,-232.46580505371094,37.13533020019531,0.48553240299224854,-0.012754715014504604,0.35,0.0,0.4420164809540239,-0.40870440006256104,66,68,5.485548178748852,466.18383342389495
500,25.0,straightline,349,pure_pursuit,3.0,-232.6297607421875,37.12184143066406,-232.46580505371094,37.13533020019531,0.4666999578475952,-0.011055601252656519,0.35,0.0,0.16450961882908485,-0.38987195491790777,66,68,5.6057021062137276,465.90599088515626
501,25.05,straightline,349,pure_pursuit,3.0,-232.352783203125,37.12196350097656,-232.46580505371094,37.13533020019531,0.48344501852989197,-0.011058807550710396,0.35,0.0,0.11380952226362481,-0.40661701560020447,66,68,5.524872255507267,465.62901894074173
502,25.1,straightline,349,pure_pursuit,3.0,-232.0752716064453,37.1224250793457,-232.46580505371094,37.13533020019531,0.45937037467956543,-0.00903359363711734,0.35,0.0,0.39074661300811775,-0.38254237174987793,66,68,5.586076974016372,465.35151064331797
503,25.150000000000002,straightline,349,pure_pursuit,3.0,-231.79898071289062,37.12276077270508,-232.46580505371094,37.13533020019531,0.4832812249660492,-0.009334599652933949,0.35,0.0,0.6669427951615314,-0.40645322203636164,66,68,5.476403894339696,465.0752238835658
504,25.200000000000003,straightline,349,pure_pursuit,3.0,-231.52157592773438,37.12337875366211,-232.46580505371094,37.13533020019531,0.48372161388397217,-0.008483650789702158,0.35,0.0,0.9443047598189364,-0.40689361095428467,66,68,5.597109565236273,464.7978213371931
505,25.25,straightline,349,pure_pursuit,3.0,-231.24505615234375,37.12393569946289,-230.46580505371094,37.13801193237305,0.5180659890174866,-0.015200330906461102,0.35,0.0,0.7793782233635902,-0.44123798608779913,67,69,5.516464788626351,464.52130420007376
506,25.3,straightline,349,pure_pursuit,3.0,-230.968017578125,37.12456130981445,-230.46580505371094,37.13801193237305,0.4928763508796692,-0.013516825869399068,0.35,0.0,0.502392614322264,-0.4160483479499817,67,69,5.57750371470677,464.24426781115267
507,25.35,straightline,349,pure_pursuit,3.0,-230.69216918945312,37.12472915649414,-230.46580505371094,37.13801193237305,0.49967509508132935,-0.013167368108015944,0.35,0.0,0.22675350953261283,-0.42284709215164185,67,69,5.467599931336488,463.9684247107651
508,25.400000000000002,straightline,349,pure_pursuit,3.0,-230.41517639160156,37.124996185302734,-230.46580505371094,37.13801193237305,0.4789706766605377,-0.011324322118412266,0.35,0.0,0.05227495670762064,-0.4021426737308502,67,69,5.588617315898274,463.69143655629995
509,25.450000000000003,straightline,349,pure_pursuit,3.0,-230.13905334472656,37.125125885009766,-230.46580505371094,37.13801193237305,0.49411746859550476,-0.011171091198206216,0.35,0.0,0.32700570261213857,-0.4172894656658173,67,69,5.508058388184422,463.4153190774155
510,25.5,straightline,349,pure_pursuit,3.0,-229.86239624023438,37.125606536865234,-230.46580505371094,37.13801193237305,0.4686524569988251,-0.00900891920570919,0.35,0.0,0.603536320380885,-0.3918244540691376,67,69,5.568605239325035,463.13866515855796
511,25.55,straightline,349,pure_pursuit,3.0,-229.58700561523438,37.125972747802734,-230.46580505371094,37.13801193237305,0.49253517389297485,-0.009230747380788303,0.35,0.0,0.8788819005030424,-0.41570717096328735,67,69,5.4564638235888205,462.86327847725227
512,25.6,straightline,349,pure_pursuit,3.0,-229.3104248046875,37.12662887573242,-228.46580505371094,37.14069366455078,0.4935316741466522,-0.014066864051402842,0.35,0.0,0.8447368477959367,-0.41670367121696467,68,70,5.578113991507879,462.58669965771594
513,25.650000000000002,straightline,349,pure_pursuit,3.0,-229.03477478027344,37.12694549560547,-228.46580505371094,37.14069366455078,0.5137759447097778,-0.014618952929765205,0.35,0.0,0.5691358026815347,-0.4369479417800903,68,70,5.496884297249017,462.3110539319287
514,25.700000000000003,straightline,349,pure_pursuit,3.0,-228.7585906982422,37.12732696533203,-228.46580505371094,37.14069366455078,0.47821053862571716,-0.012171517643580326,0.35,0.0,0.2930906042362737,-0.40138253569602966,68,70,5.557822137834639,462.0348737218588
515,25.75,straightline,349,pure_pursuit,3.0,-228.48361206054688,37.12742233276367,-228.46580505371094,37.14069366455078,0.4861699640750885,-0.011756093631629053,0.35,0.0,0.02220850602491452,-0.409341961145401,68,70,5.447176469579185,461.7599008950183
516,25.8,straightline,349,pure_pursuit,3.0,-228.20748901367188,37.12772750854492,-228.46580505371094,37.14069366455078,0.4717577397823334,-0.010190867048447058,0.35,0.0,0.2586412529799352,-0.3949297368526458,68,70,5.568659967903783,461.4837822530402
517,25.85,straightline,349,pure_pursuit,3.0,-227.93231201171875,37.12794876098633,-228.46580505371094,37.14069366455078,0.4940284192562103,-0.010385385819910883,0.35,0.0,0.5336452552219921,-0.4172004163265228,68,70,5.487477673328768,461.20861021537934
518,25.900000000000002,straightline,349,pure_pursuit,3.0,-227.65663146972656,37.1285400390625,-228.46580505371094,37.14069366455078,0.4750584065914154,-0.008560847417503167,0.35,0.0,0.8092648513500558,-0.39823040366172785,68,70,5.5484796410254695,460.9329321137702
519,25.950000000000003,straightline,349,pure_pursuit,3.0,-227.3821563720703,37.129024505615234,-226.46580505371094,37.143375396728516,0.5033196806907654,-0.014589815447189305,0.35,0.0,0.9164636854424237,-0.4264916777610779,69,71,5.437701189095172,460.65846016570765
520,26.0,straightline,349,pure_pursuit,3.0,-227.1065216064453,37.12947082519531,-226.46580505371094,37.143375396728516,0.491477906703949,-0.01352444300964204,0.35,0.0,0.6408674106688084,-0.4146499037742615,69,71,5.559693581639644,460.3828288436111
521,26.05,straightline,349,pure_pursuit,3.0,-226.83181762695312,37.12956619262695,-226.46580505371094,37.143375396728516,0.5023330450057983,-0.013371879356153806,0.35,0.0,0.3662729827455013,-0.42550504207611084,69,71,5.477754901566228,460.10813070425473
522,26.1,straightline,349,pure_pursuit,3.0,-226.55665588378906,37.129886627197266,-226.46580505371094,37.143375396728516,0.4677492082118988,-0.010864340822084132,0.35,0.0,0.09184672138596739,-0.39092120528221125,69,71,5.5395897322376095,459.8329732700052
523,26.150000000000002,straightline,349,pure_pursuit,3.0,-226.28277587890625,37.130027770996094,-226.46580505371094,37.143375396728516,0.4814199209213257,-0.010696026999981664,0.35,0.0,0.18351522536938908,-0.40459191799163813,69,71,5.4280807188995865,459.55909878363326
524,26.200000000000003,straightline,349,pure_pursuit,3.0,-226.0076904296875,37.13042449951172,-226.46580505371094,37.143375396728516,0.4737975597381592,-0.00946843905353942,0.35,0.0,0.4582976483496894,-0.3969695568084716,69,71,5.551063108889365,459.2840171272473
525,26.25,straightline,349,pure_pursuit,3.0,-225.7335662841797,37.130760192871094,-226.46580505371094,37.143375396728516,0.5016605854034424,-0.009942905634282273,0.35,0.0,0.7323474305089104,-0.4248325824737548,69,71,5.469315058631627,459.00989717732796
526,26.3,straightline,349,pure_pursuit,3.0,-225.45892333984375,37.131465911865234,-224.46580505371094,37.14605712890625,0.48676151037216187,-0.013748060844846238,0.35,0.0,0.9932254698033639,-0.40993350744247437,70,72,5.530150764731857,458.73525589453544
527,26.35,straightline,349,pure_pursuit,3.0,-225.1855010986328,37.13176727294922,-224.46580505371094,37.14605712890625,0.5034303665161133,-0.014124676817711776,0.35,0.0,0.7198378963763038,-0.4266023635864257,70,72,5.418417207317475,458.46183807834996
528,26.400000000000002,straightline,349,pure_pursuit,3.0,-224.91094970703125,37.132041931152344,-224.46580505371094,37.14605712890625,0.48405584692955017,-0.012494385240641451,0.35,0.0,0.44536523006151063,-0.40722784399986267,70,72,5.5410244749386335,458.18729132846573
529,26.450000000000003,straightline,349,pure_pursuit,3.0,-224.63729858398438,37.132102966308594,-224.46580505371094,37.14605712890625,0.495988130569458,-0.012301601221208233,0.35,0.0,0.1720603079720836,-0.4191601276397705,70,72,5.45933355608511,457.91364630672126
530,26.5,straightline,349,pure_pursuit,3.0,-224.36314392089844,37.13246154785156,-224.46580505371094,37.14605712890625,0.46601977944374084,-0.009989143110273756,0.35,0.0,0.1035574623798804,-0.3891917765140534,70,72,5.520389703684741,457.639495708188
531,26.55,straightline,349,pure_pursuit,3.0,-224.09019470214844,37.132686614990234,-224.46580505371094,37.14605712890625,0.4850424826145172,-0.010073975321862712,0.35,0.0,0.3758482497541836,-0.4082144796848297,70,72,5.408697459152158,457.3665514533603
532,26.6,straightline,349,pure_pursuit,3.0,-223.81607055664062,37.1331787109375,-224.46580505371094,37.14605712890625,0.4821944236755371,-0.00907860956986396,0.35,0.0,0.6498621164005406,-0.4053664207458496,70,72,5.531960194673405,457.0924304589433
533,26.650000000000002,straightline,349,pure_pursuit,3.0,-223.5428924560547,37.13361358642578,-224.46580505371094,37.14605712890625,0.5136826634407043,-0.009712715994991444,0.35,0.0,0.9229964813920313,-0.4368546605110168,70,72,5.450303465627132,456.81925588705434
534,26.700000000000003,straightline,349,pure_pursuit,3.0,-223.26919555664062,37.13441848754883,-222.46580505371094,37.148738861083984,0.5012671947479248,-0.014211597202695046,0.35,0.0,0.8035181225683729,-0.42443919181823736,71,73,5.51138644679725,456.5455599719195
535,26.75,straightline,349,pure_pursuit,3.0,-222.99673461914062,37.134788513183594,-222.46580505371094,37.148738861083984,0.518128514289856,-0.014607382957873515,0.35,0.0,0.5311128087835001,-0.44130051136016846,71,73,5.399451564960117,456.273103003137
536,26.8,straightline,349,pure_pursuit,3.0,-222.72308349609375,37.13508987426758,-222.46580505371094,37.148738861083984,0.4974064826965332,-0.01288139069699956,0.35,0.0,0.2576402370671953,-0.4205784797668457,71,73,5.523348485529661,455.99945635818216
537,26.85,straightline,349,pure_pursuit,3.0,-222.45030212402344,37.135162353515625,-222.46580505371094,37.148738861083984,0.5075253248214722,-0.012542421268874105,0.35,0.0,0.020607338174768914,-0.43069732189178467,71,73,5.441967391600574,455.72668103562967
538,26.900000000000002,straightline,349,pure_pursuit,3.0,-222.17703247070312,37.13553237915039,-222.46580505371094,37.148738861083984,0.4760373830795288,-0.010098333848011277,0.35,0.0,0.28907441232676806,-0.3992093801498413,71,73,5.503390273627741,455.45341538689297
539,26.950000000000003,straightline,349,pure_pursuit,3.0,-221.9049530029297,37.13577651977539,-222.46580505371094,37.148738861083984,0.4942031800746918,-0.010074471045949164,0.35,0.0,0.561001822775768,-0.41737517714500433,71,73,5.3913543765738,455.1813407737552
540,27.0,straightline,349,pure_pursuit,3.0,-221.63169860839844,37.13629913330078,-222.46580505371094,37.148738861083984,0.4913375675678253,-0.009020716935883003,0.35,0.0,0.8341992021928424,-0.4145095646381379,71,73,5.515203551306423,454.9080893346437
541,27.05,straightline,349,pure_pursuit,3.0,-221.3593292236328,37.13676834106445,-220.4658203125,37.15142059326172,0.5230490565299988,-0.015396590857121435,0.35,0.0,0.8936290409158582,-0.4462210536003112,72,74,5.433347662104746,454.6357232590537
542,27.1,straightline,349,pure_pursuit,3.0,-221.08645629882812,37.13733673095703,-220.4658203125,37.15142059326172,0.4966472387313843,-0.013626427376702816,0.35,0.0,0.620795765693438,-0.4198192358016968,72,74,5.494342672390657,454.3628529708187
543,27.150000000000002,straightline,349,pure_pursuit,3.0,-220.81480407714844,37.137474060058594,-220.4658203125,37.15142059326172,0.5039569139480591,-0.01330945720320073,0.35,0.0,0.34926232802376767,-0.4271289110183716,72,74,5.381692629824411,454.09120635693984
544,27.200000000000003,straightline,349,pure_pursuit,3.0,-220.5419921875,37.13771057128906,-220.4658203125,37.15142059326172,0.48482266068458557,-0.011558314267832914,0.35,0.0,0.07739586063547806,-0.4079946577548981,72,74,5.506151472302766,453.8183994199473
545,27.25,straightline,349,pure_pursuit,3.0,-220.27005004882812,37.137821197509766,-220.4658203125,37.15142059326172,0.5007607340812683,-0.011475096562730679,0.35,0.0,0.19624204366795028,-0.42393273115158087,72,74,5.424422171671504,453.54646309512896
546,27.3,straightline,349,pure_pursuit,3.0,-219.99758911132812,37.138282775878906,-220.4658203125,37.15142059326172,0.47580358386039734,-0.009368447819490755,0.35,0.0,0.4684154779642118,-0.3989755809307098,72,74,5.485674458563667,453.2740055470796
547,27.35,straightline,349,pure_pursuit,3.0,-219.72637939453125,37.13862609863281,-220.4658203125,37.15142059326172,0.4996124505996704,-0.009628524465534324,0.35,0.0,0.7395516008090827,-0.42278444766998285,72,74,5.373106937401216,453.0028000177766
548,27.400000000000002,straightline,349,pure_pursuit,3.0,-219.45396423339844,37.13924789428711,-218.4658203125,37.15410232543945,0.5009179711341858,-0.014329637850560973,0.35,0.0,0.9882555653945984,-0.4240899682044983,73,75,5.498132008867125,452.7303871377357
549,27.450000000000003,straightline,349,pure_pursuit,3.0,-219.1824493408203,37.139530181884766,-218.4658203125,37.15410232543945,0.5210996866226196,-0.014875857002912942,0.35,0.0,0.7167771701157157,-0.44427168369293213,73,75,5.41618922005452,452.4588768753228
550,27.5,straightline,349,pure_pursuit,3.0,-218.91038513183594,37.139888763427734,-218.4658203125,37.15410232543945,0.48548442125320435,-0.012432508894398179,0.35,0.0,0.44479197827327743,-0.4086564183235168,73,75,5.47756708887815,452.1868167833249
551,27.55,straightline,349,pure_pursuit,3.0,-218.63958740234375,37.13996887207031,-218.4658203125,37.15410232543945,0.49363812804222107,-0.012052780638937121,0.35,0.0,0.1743409189401718,-0.41681012511253357,73,75,5.363969542501399,451.91602508905305
552,27.6,straightline,349,pure_pursuit,3.0,-218.36764526367188,37.140254974365234,-218.4658203125,37.15410232543945,0.4802842438220978,-0.010569864327556393,0.35,0.0,0.09914680702966382,-0.4034562408924103,73,75,5.49060237844532,451.64408758201023
553,27.650000000000002,straightline,349,pure_pursuit,3.0,-218.0966033935547,37.14044952392578,-218.4658203125,37.15410232543945,0.5023419857025146,-0.010786886079801024,0.35,0.0,0.3694692574824612,-0.42551398277282715,73,75,5.408877863895691,451.3730509670667
554,27.700000000000003,straightline,349,pure_pursuit,3.0,-217.82498168945312,37.14101791381836,-218.4658203125,37.15410232543945,0.4825306832790375,-0.008953301264701867,0.35,0.0,0.6409721855245241,-0.40570268034935,73,75,5.470084255350828,451.101431925052
555,27.75,straightline,349,pure_pursuit,3.0,-217.5546112060547,37.14146423339844,-218.4658203125,37.15410232543945,0.5101709961891174,-0.009400064944302025,0.35,0.0,0.9112967447759824,-0.43334299325943,73,75,5.356983176604224,450.8310649308262
556,27.8,straightline,349,pure_pursuit,3.0,-217.28306579589844,37.14217758178711,-216.4658203125,37.15678405761719,0.5141246318817139,-0.014751810202388945,0.35,0.0,0.8173760023828204,-0.43729662895202637,74,76,5.482704902601866,450.5595211748113
557,27.85,straightline,349,pure_pursuit,3.0,-217.01242065429688,37.142520904541016,-216.4658203125,37.15678405761719,0.53452467918396,-0.01531643909472589,0.35,0.0,0.5467864036240613,-0.4576966762542725,74,76,5.400615486604928,450.2888802585391
558,27.900000000000002,straightline,349,pure_pursuit,3.0,-216.74118041992188,37.142906188964844,-216.4658203125,37.15678405761719,0.4974636137485504,-0.012778571236337296,0.35,0.0,0.27570960084429097,-0.4206356108188629,74,76,5.461972450345584,450.0176439755482
559,27.950000000000003,straightline,349,pure_pursuit,3.0,-216.47105407714844,37.14302062988281,-216.4658203125,37.15678405761719,0.5002153515815735,-0.012085180923356253,0.35,0.0,0.014724952814681514,-0.423387348651886,74,76,5.363328868828435,449.74752345977913
560,28.0,straightline,349,pure_pursuit,3.0,-216.2010955810547,37.14344024658203,-216.4658203125,37.15678405761719,0.4600323736667633,-0.009230860888014683,0.35,0.0,0.2650608245888758,-0.38320437073707575,74,76,5.436595456974689,449.47756865395775
561,28.05,straightline,349,pure_pursuit,3.0,-215.9330596923828,37.143672943115234,-216.4658203125,37.15678405761719,0.47688543796539307,-0.009151701083345665,0.35,0.0,0.5329219264311926,-0.40005743503570557,74,76,5.333057094869016,449.20953772420296
562,28.1,straightline,349,pure_pursuit,3.0,-215.664794921875,37.144264221191406,-216.4658203125,37.15678405761719,0.4615166187286377,-0.007531487153597819,0.35,0.0,0.8011232256838283,-0.38468861579895014,74,76,5.40174218552424,448.9412754078486
563,28.150000000000002,straightline,349,pure_pursuit,3.0,-215.39759826660156,37.1447639465332,-214.4658203125,37.15946578979492,0.4961993992328644,-0.014033319731658094,0.35,0.0,0.931893931703059,-0.41937139630317694,75,77,5.29547348026908,448.6740818268525
564,28.200000000000003,straightline,349,pure_pursuit,3.0,-215.1287078857422,37.14532470703125,-214.4658203125,37.15946578979492,0.47494256496429443,-0.0125504193208956,0.35,0.0,0.6630383887684373,-0.39811456203460693,75,77,5.413493591765794,448.4051941375891
565,28.25,straightline,349,pure_pursuit,3.0,-214.86184692382812,37.14552307128906,-214.4658203125,37.15946578979492,0.4784267544746399,-0.01209838015561325,0.35,0.0,0.39627197261397556,-0.4015987515449524,75,77,5.30584422104944,448.1383383675667
566,28.3,straightline,349,pure_pursuit,3.0,-214.59481811523438,37.14585494995117,-214.4658203125,37.15946578979492,0.44747501611709595,-0.009825629642025817,0.35,0.0,0.12971387000451778,-0.37064701318740845,75,77,5.376343555003307,447.8713138225843
567,28.35,straightline,349,pure_pursuit,3.0,-214.32907104492188,37.145999908447266,-214.4658203125,37.15946578979492,0.4662751257419586,-0.009977204407103228,0.35,0.0,0.13741066968624666,-0.3894471228122712,75,77,5.267381121350827,447.60557230434546
568,28.400000000000002,straightline,349,pure_pursuit,3.0,-214.06166076660156,37.14637756347656,-214.4658203125,37.15946578979492,0.4675999581813812,-0.009261465138740344,0.35,0.0,0.4043714136891872,-0.3907719552516937,75,77,5.408040681834092,447.33816598820795
569,28.450000000000003,straightline,349,pure_pursuit,3.0,-213.79489135742188,37.1468391418457,-214.4658203125,37.15946578979492,0.47929131984710693,-0.009052449333478185,0.35,0.0,0.6710477591056081,-0.40246331691741943,75,77,5.297063413589009,447.07139993947453
570,28.5,straightline,349,pure_pursuit,3.0,-213.5283203125,37.14754104614258,-214.4658203125,37.15946578979492,0.46066516637802124,-0.0073224125477074535,0.35,0.0,0.9375758366719857,-0.3838371634483338,75,77,5.366712072818911,446.8048305617451
571,28.55,straightline,349,pure_pursuit,3.0,-213.26336669921875,37.14808654785156,-212.46583557128906,37.162147521972656,0.4923211932182312,-0.013884471893328459,0.35,0.0,0.7976550701964061,-0.41549319028854376,76,78,5.253212479420182,446.53987968066855
572,28.6,straightline,349,pure_pursuit,3.0,-212.997314453125,37.148563385009766,-212.46583557128906,37.162147521972656,0.4857681095600128,-0.013130186603702649,0.35,0.0,0.5316524528435893,-0.40894010663032526,76,78,5.378536076187183,446.27383068204733
573,28.650000000000002,straightline,349,pure_pursuit,3.0,-212.73193359375,37.148799896240234,-212.46583557128906,37.162147521972656,0.48292413353919983,-0.012353154198489385,0.35,0.0,0.26643257434164164,-0.4060961306095124,76,78,5.270670901743036,446.0084547528674
574,28.700000000000003,straightline,349,pure_pursuit,3.0,-212.46658325195312,37.149139404296875,-212.46583557128906,37.162147521972656,0.44681358337402344,-0.009797790691094732,0.35,0.0,0.013029587554576911,-0.36998558044433594,76,78,5.342808553065984,445.7431086196637
575,28.75,straightline,349,pure_pursuit,3.0,-212.20274353027344,37.14927291870117,-212.46583557128906,37.162147521972656,0.46286630630493164,-0.00977240700200204,0.35,0.0,0.2634068667578076,-0.3860383033752441,76,78,5.231195178498335,445.4792745286033
576,28.8,straightline,349,pure_pursuit,3.0,-211.93763732910156,37.14964294433594,-212.46583557128906,37.162147521972656,0.4613511860370636,-0.008878525727715468,0.35,0.0,0.5283462382868243,-0.3845231831073761,76,78,5.361933876779471,445.214172325582
577,28.85,straightline,349,pure_pursuit,3.0,-211.67306518554688,37.15008544921875,-212.46583557128906,37.162147521972656,0.47542303800582886,-0.008753310745576726,0.35,0.0,0.7928621431932145,-0.3985950350761414,76,78,5.254101194410358,444.949603659678
578,28.900000000000002,straightline,349,pure_pursuit,3.0,-211.4085235595703,37.15079116821289,-210.46583557128906,37.164825439453125,0.4592214524745941,-0.012499109185972024,0.35,0.0,0.9427924501283379,-0.38239344954490656,77,79,5.326616038050582,444.6850636542037
579,28.950000000000003,straightline,349,pure_pursuit,3.0,-211.14552307128906,37.15107345581055,-210.46583557128906,37.164825439453125,0.4792156517505646,-0.013075781271909679,0.35,0.0,0.6798266063566177,-0.40238764882087713,77,79,5.214694794296893,444.42206774583076
580,29.0,straightline,349,pure_pursuit,3.0,-210.88116455078125,37.15131378173828,-210.46583557128906,37.164825439453125,0.46756383776664734,-0.01187342505038709,0.35,0.0,0.4155487048472477,-0.39073583483695984,77,79,5.347428419782708,444.15771414180625
581,29.05,straightline,349,pure_pursuit,3.0,-210.61734008789062,37.151485443115234,-210.46583557128906,37.164825439453125,0.46636146306991577,-0.011105557092416611,0.35,0.0,0.15209067707446128,-0.3895334601402282,77,79,5.238982871300444,443.89389507419787
582,29.1,straightline,349,pure_pursuit,3.0,-210.35354614257812,37.1518440246582,-210.46583557128906,37.164825439453125,0.435705304145813,-0.00881838837324296,0.35,0.0,0.11303730769222403,-0.3588773012161255,77,79,5.311571910079866,443.630105205648
583,29.150000000000002,straightline,349,pure_pursuit,3.0,-210.09127807617188,37.152034759521484,-210.46583557128906,37.164825439453125,0.4578072130680084,-0.0091148303791431,0.35,0.0,0.3747758245159039,-0.380979210138321,77,79,5.199392529673723,443.3678423724935
584,29.200000000000003,straightline,349,pure_pursuit,3.0,-209.82765197753906,37.1524658203125,-210.46583557128906,37.164825439453125,0.4619050621986389,-0.00852532748331618,0.35,0.0,0.6383032661023805,-0.38507705926895147,77,79,5.3327516889392985,443.10421984325177
585,29.25,straightline,349,pure_pursuit,3.0,-209.56455993652344,37.15298080444336,-210.46583557128906,37.164825439453125,0.47932273149490356,-0.008594374371271054,0.35,0.0,0.9013534629659414,-0.40249472856521606,77,79,5.224102695037482,442.84113076746667
586,29.3,straightline,349,pure_pursuit,3.0,-209.301513671875,37.153743743896484,-208.46583557128906,37.167510986328125,0.46516209840774536,-0.012719287167220962,0.35,0.0,0.8357914959863446,-0.38833409547805786,78,80,5.296954378408104,442.5780857112508
587,29.35,straightline,349,pure_pursuit,3.0,-209.0399932861328,37.154056549072266,-208.46583557128906,37.167510986328125,0.48573192954063416,-0.013334101049826248,0.35,0.0,0.5743153344604938,-0.4089039266109467,78,80,5.184521303479422,442.31656969411534
588,29.400000000000002,straightline,349,pure_pursuit,3.0,-208.77708435058594,37.15430450439453,-208.46583557128906,37.167510986328125,0.4741452634334564,-0.012125361938997886,0.35,0.0,0.31152883298156714,-0.397317260503769,78,80,5.319747519564752,442.0536656282903
589,29.450000000000003,straightline,349,pure_pursuit,3.0,-208.51461791992188,37.154476165771484,-208.46583557128906,37.167510986328125,0.47181248664855957,-0.01127731665028293,0.35,0.0,0.050493802442251115,-0.39498448371887207,78,80,5.210409962473361,441.79120460438304
590,29.5,straightline,349,pure_pursuit,3.0,-208.25225830078125,37.15483474731445,-208.46583557128906,37.167510986328125,0.440247118473053,-0.0089211870943005,0.35,0.0,0.21395311989568896,-0.36341911554336553,78,80,5.28334882570534,441.52884906651974
591,29.55,straightline,349,pure_pursuit,3.0,-207.99143981933594,37.15502166748047,-208.46583557128906,37.167510986328125,0.4617861211299896,-0.009154931989525284,0.35,0.0,0.47456012533339686,-0.3849581182003022,78,80,5.170582199730558,441.2680358538311
592,29.6,straightline,349,pure_pursuit,3.0,-207.72921752929688,37.15545654296875,-208.46583557128906,37.167510986328125,0.4662272334098816,-0.008555688128640772,0.35,0.0,0.736716668328543,-0.3893992304801941,78,80,5.30631258284629,441.00581710935086
593,29.650000000000002,straightline,349,pure_pursuit,3.0,-207.46743774414062,37.155975341796875,-208.46583557128906,37.167510986328125,0.48336610198020935,-0.008575514528057855,0.35,0.0,0.9984644672443145,-0.4065380990505218,78,80,5.196928659783229,440.7440402655279
594,29.700000000000003,straightline,349,pure_pursuit,3.0,-207.2057342529297,37.15674591064453,-206.46583557128906,37.170188903808594,0.46924540400505066,-0.012901806406813399,0.35,0.0,0.7400207923827168,-0.39241740107536316,79,81,5.270059779103043,440.4823379241916
595,29.75,straightline,349,pure_pursuit,3.0,-206.945556640625,37.15705871582031,-206.46583557128906,37.170188903808594,0.489611953496933,-0.01349719035028868,0.35,0.0,0.47990072536038425,-0.4127839505672455,79,81,5.157188918040419,440.22216468810996
596,29.8,straightline,349,pure_pursuit,3.0,-206.68389892578125,37.15729522705078,-206.46583557128906,37.170188903808594,0.4783495366573334,-0.01228541297543628,0.35,0.0,0.2184442113509085,-0.4015215337276459,79,81,5.295559219739715,439.9605119365635
597,29.85,straightline,349,pure_pursuit,3.0,-206.4226837158203,37.157470703125,-206.46583557128906,37.170188903808594,0.4751906394958496,-0.011379370484984549,0.35,0.0,0.04498705657213032,-0.3983626365661621,79,81,5.185429370716699,439.69930212014265
598,29.900000000000002,straightline,349,pure_pursuit,3.0,-206.1615753173828,37.15782165527344,-206.46583557128906,37.170188903808594,0.44300132989883423,-0.008966335482784967,0.35,0.0,0.30451149558502066,-0.36617332696914673,79,81,5.258432127590431,439.4381978663749
599,29.950000000000003,straightline,349,pure_pursuit,3.0,-205.90199279785156,37.15800857543945,-206.46583557128906,37.170188903808594,0.4643969237804413,-0.0091661656297422,0.35,0.0,0.5639743199445095,-0.38756892085075384,79,81,5.145153755863799,439.1786206293052
600,30.0,straightline,349,pure_pursuit,3.0,-205.6409149169922,37.1584358215332,-206.46583557128906,37.170188903808594,0.46982407569885254,-0.008583965745433068,0.35,0.0,0.8250043762481242,-0.39299607276916504,79,81,5.284436889413198,438.91754635813857
601,30.05,straightline,349,pure_pursuit,3.0,-205.3802490234375,37.15896987915039,-204.46583557128906,37.172874450683594,0.48661428689956665,-0.013971599631744271,0.35,0.0,0.9145191624999144,-0.40978628396987915,80,82,5.173886467608083,438.6568833049214
602,30.1,straightline,349,pure_pursuit,3.0,-205.1197052001953,37.15947341918945,-204.46583557128906,37.172874450683594,0.45840346813201904,-0.012127052233935395,0.35,0.0,0.654006941286638,-0.38157546520233154,80,82,5.246890249797797,438.3963425411679
603,30.150000000000002,straightline,349,pure_pursuit,3.0,-204.86070251464844,37.159549713134766,-204.46583557128906,37.172874450683594,0.470048725605011,-0.012075084748085779,0.35,0.0,0.3950917002275814,-0.39322072267532354,80,82,5.133394776189474,438.13734593684336
604,30.200000000000003,straightline,349,pure_pursuit,3.0,-204.60015869140625,37.15971755981445,-204.46583557128906,37.172874450683594,0.4614241421222687,-0.01092036622759668,0.35,0.0,0.13496593783380625,-0.3845961391925812,80,82,5.273632347395395,437.8768075860586
605,30.25,straightline,349,pure_pursuit,3.0,-204.3400421142578,37.159915924072266,-204.46583557128906,37.172874450683594,0.4641563594341278,-0.010303513639811652,0.35,0.0,0.12645915247149744,-0.38732835650444036,80,82,5.162696651883757,437.616696258382
606,30.3,straightline,349,pure_pursuit,3.0,-204.0800323486328,37.160343170166016,-204.46583557128906,37.172874450683594,0.4383394122123718,-0.008248279961114767,0.35,0.0,0.3860066833661799,-0.3615114092826843,80,82,5.235882546975148,437.3566901054827
607,30.35,straightline,349,pure_pursuit,3.0,-203.82159423828125,37.16061019897461,-204.46583557128906,37.172874450683594,0.465079665184021,-0.008752392182937784,0.35,0.0,0.6443580580901154,-0.38825166225433355,80,82,5.1221804345848145,437.0982567209218
608,30.400000000000002,straightline,349,pure_pursuit,3.0,-203.56161499023438,37.16111373901367,-204.46583557128906,37.172874450683594,0.4746885597705841,-0.008413918132383227,0.35,0.0,0.9042970604518515,-0.39786055684089666,80,82,5.263344679912859,436.83828054746533
609,30.450000000000003,straightline,349,pure_pursuit,3.0,-203.30203247070312,37.16170883178711,-202.46583557128906,37.17555236816406,0.4936266541481018,-0.014190373931644663,0.35,0.0,0.8363114838916849,-0.4167986512184143,81,83,5.152244653291246,436.5787004395479
610,30.5,straightline,349,pure_pursuit,3.0,-203.04254150390625,37.16225051879883,-202.46583557128906,37.17555236816406,0.46583157777786255,-0.012381693696356458,0.35,0.0,0.5768593172623594,-0.3890035748481751,81,83,5.225346579188795,436.31921226909134
611,30.55,straightline,349,pure_pursuit,3.0,-202.78460693359375,37.1623420715332,-202.46583557128906,37.17555236816406,0.47694694995880127,-0.012295001330386333,0.35,0.0,0.3190449707528104,-0.40011894702911377,81,83,5.111453534432601,436.06128369214304
612,30.6,straightline,349,pure_pursuit,3.0,-202.52511596679688,37.16250991821289,-202.46583557128906,37.17555236816406,0.46812447905540466,-0.011110799397608083,0.35,0.0,0.06069819430832765,-0.39129647612571716,81,83,5.2540929726918675,435.80179821768627
613,30.650000000000002,straightline,349,pure_pursuit,3.0,-202.26600646972656,37.162715911865234,-202.46583557128906,37.17555236816406,0.4698375463485718,-0.010423121774210758,0.35,0.0,0.20024096594250554,-0.3930095434188843,81,83,5.142586587820624,435.54269393539016
614,30.700000000000003,straightline,349,pure_pursuit,3.0,-202.0070037841797,37.16314697265625,-202.46583557128906,37.17555236816406,0.4432346224784851,-0.008305971794390599,0.35,0.0,0.45899945827820765,-0.3664066195487976,81,83,5.215744979177863,435.2836948489298
615,30.75,straightline,349,pure_pursuit,3.0,-201.74957275390625,37.16341781616211,-202.46583557128906,37.17555236816406,0.4697326719760895,-0.008769191235467575,0.35,0.0,0.7163655986418194,-0.392904669046402,81,83,5.1017945761452275,435.02626853492956
616,30.8,straightline,349,pure_pursuit,3.0,-201.49046325683594,37.1639289855957,-202.46583557128906,37.17555236816406,0.48019444942474365,-0.008448690029833535,0.35,0.0,0.9754415691490579,-0.4033664464950562,81,83,5.24624082324869,434.76716207277684
617,30.85,straightline,349,pure_pursuit,3.0,-201.23175048828125,37.16454315185547,-200.46583557128906,37.17823791503906,0.4987775683403015,-0.014381495659049288,0.35,0.0,0.7660373402190027,-0.421949565410614,82,84,5.1343204162584675,434.50845159108604
618,30.900000000000002,straightline,349,pure_pursuit,3.0,-200.97317504882812,37.16509246826172,-200.46583557128906,37.17823791503906,0.4703570604324341,-0.01253728481617148,0.35,0.0,0.5075097518674738,-0.3935290575027466,82,84,5.207121615406481,434.24987890588017
619,30.950000000000003,straightline,349,pure_pursuit,3.0,-200.71617126464844,37.165184020996094,-200.46583557128906,37.17823791503906,0.4809774160385132,-0.012410797073015236,0.35,0.0,0.25067581359078916,-0.4041494131088257,82,84,5.092933570903172,433.9928811397096
620,31.0,straightline,349,pure_pursuit,3.0,-200.45753479003906,37.16548156738281,-200.46583557128906,37.17823791503906,0.45281270146369934,-0.010278649179376055,0.35,0.0,0.015219309277607392,-0.37598469853401184,82,84,5.2128514638014805,433.734249246569
621,31.05,straightline,349,pure_pursuit,3.0,-200.2006378173828,37.16560363769531,-200.46583557128906,37.17823791503906,0.4656829237937927,-0.0101108314661726,0.35,0.0,0.26549853792614136,-0.3888549208641052,82,84,5.110312105488208,433.47735808237246
622,31.1,straightline,349,pure_pursuit,3.0,-199.943115234375,37.166011810302734,-200.46583557128906,37.17823791503906,0.4474712610244751,-0.008407763622025702,0.35,0.0,0.522863297871035,-0.3706432580947876,82,84,5.189098614164718,433.2198392647888
623,31.150000000000002,straightline,349,pure_pursuit,3.0,-199.68600463867188,37.166316986083984,-200.46583557128906,37.17823791503906,0.4772247076034546,-0.00905003576843058,0.35,0.0,0.7799220422668822,-0.4003967046737671,82,84,5.1079208625021195,432.9627331728025
624,31.200000000000003,straightline,349,pure_pursuit,3.0,-199.4283905029297,37.166996002197266,-198.46583557128906,37.18091583251953,0.4606580138206482,-0.01269419001046719,0.35,0.0,0.9626555760508994,-0.3838300108909607,83,85,5.195919537393827,432.70512085716837
625,31.25,straightline,349,pure_pursuit,3.0,-199.17218017578125,37.167205810546875,-198.46583557128906,37.18091583251953,0.48418301343917847,-0.013438623426765899,0.35,0.0,0.7064776464954255,-0.40735501050949097,83,85,5.103363584719087,432.4489157096914
626,31.3,straightline,349,pure_pursuit,3.0,-198.9149169921875,37.16748046875,-198.46583557128906,37.18091583251953,0.45909589529037476,-0.011573319607690636,0.35,0.0,0.4492823517519681,-0.38226789236068726,83,85,5.1880059050034895,432.19165727034095
627,31.35,straightline,349,pure_pursuit,3.0,-198.65890502929688,37.1676025390625,-198.46583557128906,37.18091583251953,0.45790567994117737,-0.010810522848789986,0.35,0.0,0.193527929245635,-0.3810776770114899,83,85,5.077214440947223,431.9356511293837
628,31.400000000000002,straightline,349,pure_pursuit,3.0,-198.4022674560547,37.16785430908203,-198.46583557128906,37.18091583251953,0.44051316380500793,-0.009191072573402261,0.35,0.0,0.06489613755039002,-0.36368516087532043,83,85,5.1848374481709865,431.6790184619498
629,31.450000000000003,straightline,349,pure_pursuit,3.0,-198.14613342285156,37.167945861816406,-198.46583557128906,37.18091583251953,0.4743107855319977,-0.010074187018285432,0.35,0.0,0.3199651291243988,-0.3974827826023102,83,85,5.120797756942608,431.4228904884484
630,31.5,straightline,349,pure_pursuit,3.0,-197.88912963867188,37.168556213378906,-198.46583557128906,37.18091583251953,0.4430924654006958,-0.007811308991063745,0.35,0.0,0.5768383594224307,-0.3662644624710083,83,85,5.17773972855948,431.1658890322827
631,31.55,straightline,349,pure_pursuit,3.0,-197.63385009765625,37.16892623901367,-198.46583557128906,37.18091583251953,0.4692780375480652,-0.008289992171885545,0.35,0.0,0.8320718590893764,-0.3924500346183777,83,85,5.061525427617206,430.91061352076747
632,31.6,straightline,349,pure_pursuit,3.0,-197.37753295898438,37.169525146484375,-196.46583557128906,37.18360137939453,0.47500255703926086,-0.013238944059177485,0.35,0.0,0.9118060468451599,-0.3981745541095734,84,86,5.184542178244835,430.65429878302905
633,31.650000000000002,straightline,349,pure_pursuit,3.0,-197.12185668945312,37.16988754272461,-196.46583557128906,37.18360137939453,0.48578575253486633,-0.013387753827108438,0.35,0.0,0.6561644434083853,-0.4089577496051788,84,86,5.077444299687194,430.39862661828124
634,31.700000000000003,straightline,349,pure_pursuit,3.0,-196.86599731445312,37.170230865478516,-196.46583557128906,37.18360137939453,0.4527498483657837,-0.011136377921786612,0.35,0.0,0.40038505383502954,-0.37592184543609614,84,86,5.154479093286669,430.1427714966235
635,31.75,straightline,349,pure_pursuit,3.0,-196.61135864257812,37.17026901245117,-196.46583557128906,37.18360137939453,0.4681715965270996,-0.011187853393933767,0.35,0.0,0.1461325298683149,-0.3913435935974121,84,86,5.044274338087073,429.8881392690708
636,31.8,straightline,349,pure_pursuit,3.0,-196.35459899902344,37.17060089111328,-196.46583557128906,37.18360137939453,0.4475345313549042,-0.009438174733496306,0.35,0.0,0.11199369493394051,-0.3707065284252167,84,86,5.173731689314769,429.63138399760356
637,31.85,straightline,349,pure_pursuit,3.0,-196.09971618652344,37.17081832885742,-196.46583557128906,37.18360137939453,0.46499574184417725,-0.009540148655432809,0.35,0.0,0.3663424767648355,-0.38816773891448975,84,86,5.067665720029026,429.37650634558315
638,31.900000000000002,straightline,349,pure_pursuit,3.0,-195.84429931640625,37.17129898071289,-196.46583557128906,37.18360137939453,0.4507918655872345,-0.008063768940168465,0.35,0.0,0.621657996930044,-0.37396386265754705,84,86,5.145992321845529,429.12109274045366
639,31.950000000000003,straightline,349,pure_pursuit,3.0,-195.58949279785156,37.17167282104492,-196.46583557128906,37.18360137939453,0.4827442467212677,-0.008830196690655566,0.35,0.0,0.8764239539517559,-0.40591624379158026,84,86,5.060845303409329,428.8662902529145
640,32.0,straightline,349,pure_pursuit,3.0,-195.33409118652344,37.17240524291992,-194.46583557128906,37.186279296875,0.4696054756641388,-0.012970102790365309,0.35,0.0,0.8683664564912509,-0.3927774727344513,85,87,5.153369161582742,428.61089008125174
641,32.050000000000004,straightline,349,pure_pursuit,3.0,-195.0799102783203,37.172637939453125,-194.46583557128906,37.186279296875,0.4952170252799988,-0.01382489870776992,0.35,0.0,0.6142262062528974,-0.4183890223503113,85,87,5.067474014856911,428.356714225152
642,32.1,straightline,349,pure_pursuit,3.0,-194.82435607910156,37.17292785644531,-194.46583557128906,37.186279296875,0.4707257151603699,-0.01198411808420807,0.35,0.0,0.3587690280440612,-0.3938977122306824,85,87,5.158492915886557,428.1011647034189
643,32.15,straightline,349,pure_pursuit,3.0,-194.56997680664062,37.173065185546875,-194.46583557128906,37.186279296875,0.4672061502933502,-0.011085462631294445,0.35,0.0,0.10497623368525665,-0.3903781473636627,85,87,5.045392509593037,427.8467911962179
644,32.2,straightline,349,pure_pursuit,3.0,-194.3151397705078,37.17333221435547,-194.46583557128906,37.186279296875,0.44623419642448425,-0.009263303397145456,0.35,0.0,0.1512509547701096,-0.3694061934947968,85,87,5.146430827735537,427.5919589976497
645,32.25,straightline,349,pure_pursuit,3.0,-194.06109619140625,37.17342758178711,-194.46583557128906,37.186279296875,0.47778093814849854,-0.009999733910297763,0.35,0.0,0.40494336913773993,-0.40095293521881104,85,87,5.073884676615484,427.3379214946462
646,32.300000000000004,straightline,349,pure_pursuit,3.0,-193.8062286376953,37.17402648925781,-194.46583557128906,37.186279296875,0.4475683569908142,-0.007755117741257201,0.35,0.0,0.6597207273835297,-0.3707403540611267,85,87,5.134945743879218,427.08305636670656
647,32.35,straightline,349,pure_pursuit,3.0,-193.55296325683594,37.17440414428711,-194.46583557128906,37.186279296875,0.47480952739715576,-0.008259729940107152,0.35,0.0,0.9129495504922442,-0.3979815244674682,85,87,5.0194132430188105,426.8297949899116
648,32.4,straightline,349,pure_pursuit,3.0,-193.29833984375,37.17499923706055,-192.46583557128906,37.18896484375,0.48539137840270996,-0.013664741021593924,0.35,0.0,0.8326214036619041,-0.40856337547302246,86,88,5.157248514501039,426.57517403206816
649,32.45,straightline,349,pure_pursuit,3.0,-193.04400634765625,37.17539596557617,-192.46583557128906,37.18896484375,0.4935286343097687,-0.013684533247827285,0.35,0.0,0.5783299759652205,-0.4167006313800811,86,88,5.046990468716345,426.32084443854365
650,32.5,straightline,349,pure_pursuit,3.0,-192.78965759277344,37.175743103027344,-192.46583557128906,37.18896484375,0.45854297280311584,-0.011320777021728446,0.35,0.0,0.3240918327048125,-0.3817149698734284,86,88,5.1238716680759255,426.06649995468285
651,32.550000000000004,straightline,349,pure_pursuit,3.0,-192.53677368164062,37.175777435302734,-192.46583557128906,37.18896484375,0.4717998802661896,-0.011237682926982838,0.35,0.0,0.07215347006073562,-0.39497187733650213,86,88,5.010140295559076,425.81362257169934
652,32.6,straightline,349,pure_pursuit,3.0,-192.2820281982422,37.17610168457031,-192.46583557128906,37.18896484375,0.4498152732849121,-0.009395369560899865,0.35,0.0,0.1842569164250695,-0.37298727035522466,86,88,5.134904065846494,425.5588815495585
653,32.65,straightline,349,pure_pursuit,3.0,-192.02903747558594,37.176300048828125,-192.46583557128906,37.18896484375,0.46871867775917053,-0.009537439693503697,0.35,0.0,0.4369816625904221,-0.39189067482948303,86,88,5.03189874828016,425.30589616956036
654,32.7,straightline,349,pure_pursuit,3.0,-191.7753448486328,37.17678451538086,-192.46583557128906,37.18896484375,0.4555523991584778,-0.008097463780757704,0.35,0.0,0.6905981454315747,-0.37872439622879034,86,88,5.113361752345679,425.052206811875
655,32.75,straightline,349,pure_pursuit,3.0,-191.5218963623047,37.17716598510742,-192.46583557128906,37.18896484375,0.48946642875671387,-0.008944237301013671,0.35,0.0,0.9440129465867061,-0.41263842582702637,86,88,5.035005934437098,424.79876234855186
656,32.800000000000004,straightline,349,pure_pursuit,3.0,-191.2678985595703,37.17792510986328,-190.46583557128906,37.19164276123047,0.47451457381248474,-0.013164947750567623,0.35,0.0,0.8021802859268484,-0.3976865708827973,87,89,5.123747562173993,424.5447658161145
657,32.85,straightline,349,pure_pursuit,3.0,-191.0153045654297,37.17817306518555,-190.46583557128906,37.19164276123047,0.49825337529182434,-0.013923353515027869,0.35,0.0,0.5496340675699176,-0.42142537236213684,87,89,5.031070853446773,424.29217681158764
658,32.9,straightline,349,pure_pursuit,3.0,-190.76097106933594,37.17845916748047,-190.46583557128906,37.19164276123047,0.47145742177963257,-0.011948880547547093,0.35,0.0,0.29542980444014444,-0.394629418849945,87,89,5.151120381935034,424.0378480778319
659,32.95,straightline,349,pure_pursuit,3.0,-190.50384521484375,37.178890228271484,-190.46583557128906,37.19164276123047,0.40847063064575195,-0.008075734752210037,0.35,0.0,0.04009189569008155,-0.33164262771606445,87,89,5.211382239912913,423.7807260012644
660,33.0,straightline,349,pure_pursuit,3.0,-190.2469024658203,37.17976760864258,-190.46583557128906,37.19164276123047,0.28815126419067383,-0.0014362371353150276,0.35,0.0,0.2192549290647225,-0.2113232612609863,87,89,5.124431055811879,423.52378374746337
661,33.050000000000004,straightline,349,pure_pursuit,3.0,-189.99012756347656,37.18048858642578,-190.46583557128906,37.19164276123047,0.24005253612995148,0.0015189496733626394,0.35,0.0,0.4758387587329463,-0.163224533200264,87,89,5.168662349663807,423.26701048891357
662,33.1,straightline,349,pure_pursuit,3.0,-189.7356719970703,37.1817626953125,-190.46583557128906,37.19164276123047,0.1601690948009491,0.0057031899171611075,0.35,0.0,0.7302304162512292,-0.08334109187126158,87,89,5.041699793996446,423.01255243592936
663,33.15,straightline,349,pure_pursuit,3.0,-189.48081970214844,37.18315505981445,-190.46583557128906,37.19164276123047,0.12696890532970428,0.0072668057977903445,0.35,0.0,0.9850524369464746,-0.05014090240001678,87,89,5.150848478601868,422.75769679564473
664,33.2,straightline,349,pure_pursuit,3.0,-189.22642517089844,37.18495178222656,-188.46583557128906,37.19432830810547,0.06566278636455536,0.0059569586357040025,0.35,0.0,0.7606473941791342,0.011165216565132146,88,90,5.0847577295113116,422.50329593084274
665,33.25,straightline,349,pure_pursuit,3.0,-188.97140502929688,37.1862678527832,-188.46583557128906,37.19432830810547,0.07653502374887466,0.005019924187876277,0.35,0.0,0.5056337091317346,0.00029297918081283607,88,90,5.136666060305977,422.2482730106971
666,33.300000000000004,straightline,349,pure_pursuit,3.0,-188.71829223632812,37.18778610229492,-188.46583557128906,37.19432830810547,0.032155923545360565,0.006837540421108672,0.35,0.0,0.2525414187405958,0.044672079384326935,88,90,5.016253750916761,421.9951558996747
667,33.35,straightline,349,pure_pursuit,3.0,-188.46432495117188,37.18912887573242,-188.46583557128906,37.19432830810547,0.013915023766458035,0.0073274134788378015,0.35,0.0,0.0054144316544157646,0.06291297916322947,88,90,5.138237342818951,421.7411856120056
668,33.4,straightline,349,pure_pursuit,3.0,-188.21102905273438,37.19050598144531,-188.46583557128906,37.19432830810547,-0.0175170861184597,0.008425924904058952,0.35,0.0,0.2548351861087029,0.0943450890481472,88,90,5.028630667961778,421.4878864406569
669,33.45,straightline,349,pure_pursuit,3.0,-187.95758056640625,37.19171142578125,-188.46583557128906,37.19432830810547,-0.010498047806322575,0.007540456461394779,0.35,0.0,0.5082617416858429,0.08732605073601007,88,90,5.105610477792414,421.23443595059734
670,33.5,straightline,349,pure_pursuit,3.0,-187.70263671875,37.193077087402344,-188.46583557128906,37.19432830810547,-0.039642333984375,0.008355336409381157,0.35,0.0,0.7631998781906281,0.11647033691406249,88,90,5.171137763736195,420.9794889604034
671,33.550000000000004,straightline,349,pure_pursuit,3.0,-187.44683837890625,37.19375991821289,-186.46585083007812,37.19700622558594,0.04400138184428215,0.0029352403725822884,0.35,0.0,0.980992920192278,0.03282662108540535,89,91,5.093456358268559,420.72369253401
672,33.6,straightline,349,pure_pursuit,3.0,-187.19046020507812,37.19447708129883,-186.46585083007812,37.19700622558594,0.10585223883390427,-0.0005406893170875203,0.35,0.0,0.7246137887928408,-0.02902423590421677,89,91,5.169330123889903,420.4673160396919
673,33.65,straightline,349,pure_pursuit,3.0,-186.9358673095703,37.194881439208984,-186.46585083007812,37.19700622558594,0.1785752773284912,-0.004404919206103088,0.35,0.0,0.4700212821898362,-0.10174727439880372,89,91,5.045614979022664,420.2127270857466
674,33.7,straightline,349,pure_pursuit,3.0,-186.68128967285156,37.1951789855957,-186.46585083007812,37.19700622558594,0.21015359461307526,-0.0059956189202258125,0.35,0.0,0.2154465914827613,-0.13332559168338776,89,91,5.138414321801568,419.95815418364464
675,33.75,straightline,349,pure_pursuit,3.0,-186.42787170410156,37.1950569152832,-186.46585083007812,37.19700622558594,0.2734420597553253,-0.008943381337849513,0.35,0.0,0.038029118062347315,-0.19661405682563782,89,91,5.055415405886264,419.7047440225835
676,33.800000000000004,straightline,349,pure_pursuit,3.0,-186.1730194091797,37.195072174072266,-186.46585083007812,37.19700622558594,0.28157418966293335,-0.009001938710194581,0.35,0.0,0.2928378077036082,-0.20474618673324585,89,91,5.143675836988793,419.44989856915237
677,33.85,straightline,349,pure_pursuit,3.0,-185.91957092285156,37.19490051269531,-186.46585083007812,37.19700622558594,0.30112531781196594,-0.009451344864811364,0.35,0.0,0.5462839655950369,-0.22429731488227844,89,91,5.024938651464512,419.19645827639937
678,33.9,straightline,349,pure_pursuit,3.0,-185.6658172607422,37.19477081298828,-186.46585083007812,37.19700622558594,0.29494649171829224,-0.008473937550932556,0.35,0.0,0.8000366923672202,-0.2181184887886047,89,91,5.125033674096907,418.9427125157147
679,33.95,straightline,349,pure_pursuit,3.0,-185.41261291503906,37.19450759887695,-184.46585083007812,37.19968795776367,0.32013773918151855,-0.01056059451461877,0.35,0.0,0.9467762574324393,-0.24330973625183105,90,92,5.123425210447281,418.68951705456914
680,34.0,straightline,349,pure_pursuit,3.0,-185.15614318847656,37.19456100463867,-184.46585083007812,37.19968795776367,0.27818718552589417,-0.008001970854863956,0.35,0.0,0.6903113976399512,-0.20135918259620667,90,92,5.060639497604524,418.43305396722445
681,34.050000000000004,straightline,349,pure_pursuit,3.0,-184.89852905273438,37.1948356628418,-184.46585083007812,37.19968795776367,0.1906711757183075,-0.0031266545304673653,0.35,0.0,0.43270542997168443,-0.11384317278862001,90,92,5.210173778573614,418.17544487015726
682,34.1,straightline,349,pure_pursuit,3.0,-184.64218139648438,37.19525146484375,-184.46585083007812,37.19968795776367,0.09857505559921265,0.0019131699472625372,0.35,0.0,0.17638636885705614,-0.02174705266952515,90,92,5.081221286017189,417.9191011773581
683,34.15,straightline,349,pure_pursuit,3.0,-184.38653564453125,37.195716857910156,-184.46585083007812,37.19968795776367,0.05926788970828056,0.004114365295843865,0.35,0.0,0.07941453451592977,0.01756011322140694,90,92,5.146426222095443,417.66345900686014
684,34.2,straightline,349,pure_pursuit,3.0,-184.1328125,37.1966438293457,-184.46585083007812,37.19968795776367,-0.00848388858139515,0.007458669349807521,0.35,0.0,0.33305224217688617,0.08531189151108265,90,92,5.024230648338286,417.40973596963784
685,34.25,straightline,349,pure_pursuit,3.0,-183.8778533935547,37.197532653808594,-184.46585083007812,37.19968795776367,-0.02001952938735485,0.007801406551020697,0.35,0.0,0.5880013866423044,0.09684753231704235,90,92,5.138869180144683,417.15477728997155
686,34.300000000000004,straightline,349,pure_pursuit,3.0,-183.624755859375,37.19874572753906,-184.46585083007812,37.19968795776367,-0.058685302734375,0.009229592756023686,0.35,0.0,0.84109549846607,0.1355133056640625,90,92,5.033930420206493,416.9016777256517
687,34.35,straightline,349,pure_pursuit,3.0,-183.3710174560547,37.19983673095703,-182.46585083007812,37.202369689941406,-0.0542297326028347,0.0078114204478850376,0.35,0.0,0.9051701700028624,0.1310577355325222,91,93,5.114023180942665,416.6479382176417
688,34.4,straightline,349,pure_pursuit,3.0,-183.11753845214844,37.20111846923828,-182.46585083007812,37.202369689941406,-0.0921935886144638,0.009262177680638608,0.35,0.0,0.6516888232223308,0.1690215915441513,91,93,5.034262771546947,416.394456686322
689,34.45,straightline,349,pure_pursuit,3.0,-182.86363220214844,37.20208740234375,-182.46585083007812,37.202369689941406,-0.0775756686925888,0.00806021296323951,0.35,0.0,0.39778147223372307,0.1544036716222763,91,93,5.121318913815767,416.1405502460785
690,34.5,straightline,349,pure_pursuit,3.0,-182.6111602783203,37.20333480834961,-182.46585083007812,37.202369689941406,-0.113739013671875,0.009308269226164867,0.35,0.0,0.1453126532755865,0.1905670166015625,91,93,5.027256240826674,415.888076024405
691,34.550000000000004,straightline,349,pure_pursuit,3.0,-182.35707092285156,37.204307556152344,-182.46585083007812,37.202369689941406,-0.1086425706744194,0.008484304892429373,0.35,0.0,0.10879716697447153,0.1854705736041069,91,93,5.146359457608954,415.6339864588059
692,34.6,straightline,349,pure_pursuit,3.0,-182.10025024414062,37.205039978027344,-182.46585083007812,37.202369689941406,-0.0668945163488388,0.005832080679174364,0.35,0.0,0.3656103374855602,0.1437225192785263,91,93,5.2058601820603885,415.3771674350251
693,34.65,straightline,349,pure_pursuit,3.0,-181.84361267089844,37.20533752441406,-182.46585083007812,37.202369689941406,0.03718531131744385,0.00018404822967950973,0.35,0.0,0.6222452368486103,0.03964269161224365,91,93,5.118396707743522,415.1205347510854
694,34.7,straightline,349,pure_pursuit,3.0,-181.5871124267578,37.20582580566406,-182.46585083007812,37.202369689941406,0.07416308671236038,-0.0020880327054152224,0.35,0.0,0.8787451998195043,0.0026649162173271145,91,93,5.162388849573582,414.86403797856326
695,34.75,straightline,349,pure_pursuit,3.0,-181.3329620361328,37.205787658691406,-180.46585083007812,37.20505142211914,0.1475488394498825,-0.0049640796914066435,0.35,0.0,0.8671115186121708,-0.07072083652019502,92,94,5.03520686602469,414.60989492081706
696,34.800000000000004,straightline,349,pure_pursuit,3.0,-181.0784149169922,37.20573806762695,-180.46585083007812,37.20505142211914,0.18003204464912415,-0.006503317732335795,0.35,0.0,0.6125644717569837,-0.10320404171943663,92,94,5.144234608050685,414.35535523989046
697,34.85,straightline,349,pure_pursuit,3.0,-180.8243865966797,37.205345153808594,-180.46585083007812,37.20505142211914,0.24402952194213867,-0.009460380617771606,0.35,0.0,0.3585358869219028,-0.1672015190124512,92,94,5.078225508626373,414.10133691364473
698,34.9,straightline,349,pure_pursuit,3.0,-180.5696563720703,37.205284118652344,-180.46585083007812,37.20505142211914,0.22662188112735748,-0.008265936414180181,0.35,0.0,0.10380580280489317,-0.14979387819767,92,94,5.130057602594071,413.846614237697
699,34.95,straightline,349,pure_pursuit,3.0,-180.31686401367188,37.20481872558594,-180.46585083007812,37.20505142211914,0.2566295564174652,-0.009246234996266858,0.35,0.0,0.14898699812583047,-0.1798015534877777,92,94,5.009541387844188,413.5938324038392
700,35.0,straightline,349,pure_pursuit,3.0,-180.06369018554688,37.20440673828125,-180.46585083007812,37.20505142211914,0.2703099846839905,-0.00931346345518191,0.35,0.0,0.40216116126130486,-0.19348198175430295,92,94,5.088564689329926,413.3406687250343
701,35.050000000000004,straightline,349,pure_pursuit,3.0,-179.80661010742188,37.204132080078125,-180.46585083007812,37.20505142211914,0.26075562834739685,-0.00816002018452674,0.35,0.0,0.6592413636886896,-0.18392762541770938,92,94,5.18060995314745,413.08359789095346
702,35.1,straightline,349,pure_pursuit,3.0,-179.5521240234375,37.20440673828125,-180.46585083007812,37.20505142211914,0.1624641716480255,-0.002715954885077811,0.35,0.0,0.9137270340703098,-0.085636168718338,92,94,5.042736417741978,412.82911687771747
703,35.15,straightline,349,pure_pursuit,3.0,-179.29733276367188,37.20471954345703,-178.46585083007812,37.207733154296875,0.09045562893152237,0.0004739730015191733,0.35,0.0,0.8314873948191249,-0.013627626001834866,93,95,5.1473855372026165,412.5743304179982
704,35.2,straightline,349,pure_pursuit,3.0,-179.0432586669922,37.20539855957031,-178.46585083007812,37.207733154296875,-0.010406493209302425,0.005694050753917115,0.35,0.0,0.5774125565506122,0.08723449613898993,93,95,5.077767516242204,412.32025836345287
705,35.25,straightline,349,pure_pursuit,3.0,-178.78854370117188,37.2058219909668,-178.46585083007812,37.207733154296875,-0.0219116173684597,0.006311138002844116,0.35,0.0,0.32269853052036324,0.0987396202981472,93,95,5.12996463093599,412.0655473771813
706,35.300000000000004,straightline,349,pure_pursuit,3.0,-178.53578186035156,37.20675277709961,-178.46585083007812,37.207733154296875,-0.0704650804400444,0.008521130042533551,0.35,0.0,0.06993790198850228,0.1472930833697319,93,95,5.009179738043825,411.8127856617285
707,35.35,straightline,349,pure_pursuit,3.0,-178.2826385498047,37.20773696899414,-178.46585083007812,37.207733154296875,-0.0937499850988388,0.009290911735911378,0.35,0.0,0.18321228031315076,0.1705779880285263,93,95,5.087553407349735,411.5596420889643
708,35.4,straightline,349,pure_pursuit,3.0,-178.025634765625,37.20870590209961,-178.46585083007812,37.207733154296875,-0.0862121433019638,0.008366972532972505,0.35,0.0,0.440217139194836,0.1630401462316513,93,95,5.178812581129966,411.30263826774177
709,35.45,straightline,349,pure_pursuit,3.0,-177.77127075195312,37.209171295166016,-178.46585083007812,37.207733154296875,0.011259276419878006,0.0030283760130206325,0.35,0.0,0.6945815669720085,0.0655687265098095,93,95,5.042171853381842,411.04827792436635
710,35.5,straightline,349,pure_pursuit,3.0,-177.5167694091797,37.209651947021484,-178.46585083007812,37.207733154296875,0.08167596906423569,-0.0009058810689315741,0.35,0.0,0.9490833605432755,-0.00484796613454819,93,95,5.138355090694979,410.793780146243
711,35.550000000000004,straightline,349,pure_pursuit,3.0,-177.2632598876953,37.20973205566406,-176.4658660888672,37.21041488647461,0.18018995225429535,-0.0057588235222520035,0.35,0.0,0.7973940911917169,-0.10336194932460785,94,96,5.060961276564591,410.54027717599917
712,35.6,straightline,349,pure_pursuit,3.0,-177.00917053222656,37.21002960205078,-176.4658660888672,37.21041488647461,0.19173721969127655,-0.006359407471793761,0.35,0.0,0.54330457997161,-0.11490921676158906,94,96,5.11815265004383,410.28619276146986
713,35.65,straightline,349,pure_pursuit,3.0,-176.75686645507812,37.209835052490234,-176.4658660888672,37.21041488647461,0.2403564304113388,-0.008586486864904876,0.35,0.0,0.2910009438856671,-0.1635284274816513,94,96,4.999147314469684,410.0338972829916
714,35.7,straightline,349,pure_pursuit,3.0,-176.50094604492188,37.209815979003906,-176.4658660888672,37.21041488647461,0.22280338406562805,-0.007367476284949236,0.35,0.0,0.0350850681481064,-0.14597538113594055,94,96,5.100560485334126,409.7779842636375
715,35.75,straightline,349,pure_pursuit,3.0,-176.2447967529297,37.209896087646484,-176.4658660888672,37.21041488647461,0.17573514580726624,-0.004615928147423772,0.35,0.0,0.22106994468735747,-0.09890714287757874,94,96,5.158051185945503,409.52184163107046
716,35.800000000000004,straightline,349,pure_pursuit,3.0,-175.9897003173828,37.21028518676758,-176.4658660888672,37.21041488647461,0.07082671672105789,0.0009860962440827407,0.35,0.0,0.4761657891484058,0.006001286208629612,94,96,5.0623981427889575,409.2667495046264
717,35.85,straightline,349,pure_pursuit,3.0,-175.734619140625,37.210548400878906,-176.4658660888672,37.21041488647461,0.029097985476255417,0.0033372864818030754,0.35,0.0,0.731246960431022,0.04773001745343208,94,96,5.141709741233317,409.01167359148394
718,35.9,straightline,349,pure_pursuit,3.0,-175.48133850097656,37.21128463745117,-176.4658660888672,37.21041488647461,-0.045562744140625,0.006983734113477237,0.35,0.0,0.9845279720680837,0.1223907470703125,94,96,5.039483171411423,408.75839460254736
719,35.95,straightline,349,pure_pursuit,3.0,-175.2274169921875,37.21195602416992,-174.4658660888672,37.213096618652344,-0.0635375902056694,0.007562654890743934,0.35,0.0,0.7615517574687601,0.1403655931353569,95,97,5.11972383983923,408.504475255462
720,36.0,straightline,349,pure_pursuit,3.0,-174.9737091064453,37.212947845458984,-174.4658660888672,37.213096618652344,-0.11193845421075821,0.009706552439638187,0.35,0.0,0.5078430393697632,0.1887664571404457,95,97,5.038342735273909,408.2507671101856
721,36.050000000000004,straightline,349,pure_pursuit,3.0,-174.71961975097656,37.213748931884766,-174.4658660888672,37.213096618652344,-0.099395751953125,0.00868536835056531,0.35,0.0,0.25375450054427023,0.1762237548828125,95,97,5.124227523027586,407.99667894839587
722,36.1,straightline,349,pure_pursuit,3.0,-174.467041015625,37.21491241455078,-174.4658660888672,37.213096618652344,-0.1341552734375,0.009864233904171082,0.35,0.0,0.002162768510730226,0.2109832763671875,95,97,5.0298924549756245,407.7440986293019
723,36.15,straightline,349,pure_pursuit,3.0,-174.21286010742188,37.2158317565918,-174.4658660888672,37.213096618652344,-0.1264648735523224,0.008888164270701692,0.35,0.0,0.25302076520841854,0.2032928764820099,95,97,5.147069697694068,407.4899180289885
724,36.2,straightline,349,pure_pursuit,3.0,-173.95594787597656,37.21664810180664,-174.4658660888672,37.213096618652344,-0.0987243503332138,0.006851750477953936,0.35,0.0,0.5099305804422442,0.1755523532629013,95,97,5.1916021759032125,407.2330069643774
725,36.25,straightline,349,pure_pursuit,3.0,-173.7000732421875,37.217079162597656,-174.4658660888672,37.213096618652344,-0.0166015625,0.002190149681346965,0.35,0.0,0.7658032023190133,0.0934295654296875,95,97,5.073682231992729,406.9771363842217
726,36.300000000000004,straightline,349,pure_pursuit,3.0,-173.44479370117188,37.21744918823242,-172.4658660888672,37.21577835083008,0.036540400236845016,0.00031749694036399263,0.35,0.0,0.9789290381994916,0.040287602692842484,96,98,5.138712735131031,406.7218613471439
727,36.35,straightline,349,pure_pursuit,3.0,-173.19122314453125,37.21744155883789,-172.4658660888672,37.21577835083008,0.12632149457931519,-0.004344268303271801,0.35,0.0,0.7253589624885841,-0.04949349164962769,96,98,5.0198331873420345,406.46829811037225
728,36.4,straightline,349,pure_pursuit,3.0,-172.93592834472656,37.2175178527832,-172.4658660888672,37.21577835083008,0.1589694768190384,-0.006000968491990102,0.35,0.0,0.47006547442951974,-0.0821414738893509,96,98,5.1422324382986035,406.21301005330724
729,36.45,straightline,349,pure_pursuit,3.0,-172.68275451660156,37.21725845336914,-172.4658660888672,37.21577835083008,0.20993973314762115,-0.008382618463922598,0.35,0.0,0.2168934779762069,-0.13311173021793365,96,98,5.030275284091818,405.95984546008486
730,36.5,straightline,349,pure_pursuit,3.0,-172.4292755126953,37.2170524597168,-172.4658660888672,37.21577835083008,0.21288403868675232,-0.008200859195678572,0.35,0.0,0.03661275212333815,-0.13605603575706482,96,98,5.10623392958283,405.7063753064258
731,36.550000000000004,straightline,349,pure_pursuit,3.0,-172.17440795898438,37.216617584228516,-172.4658660888672,37.21577835083008,0.2413250058889389,-0.009142671402407113,0.35,0.0,0.2914593381373866,-0.16449700295925138,96,98,5.167188146693989,405.4515183916589
732,36.6,straightline,349,pure_pursuit,3.0,-171.91909790039062,37.21669006347656,-172.4658660888672,37.21577835083008,0.17066621780395508,-0.005162812813291446,0.35,0.0,0.5467689485970207,-0.09383821487426759,96,98,5.059637959285794,405.19621514433305
733,36.65,straightline,349,pure_pursuit,3.0,-171.66441345214844,37.2167854309082,-172.4658660888672,37.21577835083008,0.1052870973944664,-0.00145338414357836,0.35,0.0,0.8014532694510145,-0.0284590944647789,96,98,5.128364330838114,404.94153732392033
734,36.7,straightline,349,pure_pursuit,3.0,-171.4114990234375,37.217220306396484,-170.4658660888672,37.21846008300781,0.006490213796496391,0.0037338122106934588,0.35,0.0,0.9456337472775107,0.07033778913319111,97,99,5.0085337498105345,404.68862689830195
735,36.75,straightline,349,pure_pursuit,3.0,-171.15719604492188,37.21760177612305,-170.4658660888672,37.21846008300781,-0.03076171688735485,0.005693249280347347,0.35,0.0,0.6913304888613583,0.10758971981704235,97,99,5.126126666576851,404.4343283748633
736,36.800000000000004,straightline,349,pure_pursuit,3.0,-170.90467834472656,37.21836471557617,-170.4658660888672,37.21846008300781,-0.0873718187212944,0.008417722138283335,0.35,0.0,0.4388122662225164,0.16419982165098188,97,99,5.021926900926168,404.18181218038575
737,36.85,straightline,349,pure_pursuit,3.0,-170.6505889892578,37.21908950805664,-170.4658660888672,37.21846008300781,-0.0930175632238388,0.008417747984747802,0.35,0.0,0.18472397273937366,0.1698455661535263,97,99,5.143458226608592,403.92772466997076
738,36.9,straightline,349,pure_pursuit,3.0,-170.39427185058594,37.219730377197266,-170.4658660888672,37.21846008300781,-0.05804443359375,0.0062796063554786995,0.35,0.0,0.07160550678823635,0.1348724365234375,97,99,5.177903480286487,403.6714100838745
739,36.95,straightline,349,pure_pursuit,3.0,-170.13894653320312,37.2199821472168,-170.4658660888672,37.21846008300781,0.05513710901141167,0.0002551594689376123,0.35,0.0,0.32692309883984083,0.02169089391827583,97,99,5.0976329918290695,403.41609025989237
740,37.0,straightline,349,pure_pursuit,3.0,-169.88339233398438,37.220523834228516,-170.4658660888672,37.21846008300781,0.09417696297168732,-0.0020723384815166516,0.35,0.0,0.5824774108893698,-0.017348960041999817,97,99,5.145117200629132,403.1605393571032
741,37.050000000000004,straightline,349,pure_pursuit,3.0,-169.63002014160156,37.22056579589844,-170.4658660888672,37.21846008300781,0.1687256544828415,-0.005852507766864576,0.35,0.0,0.8358485996800783,-0.09189765155315399,97,99,5.020524641855677,402.90717421504314
742,37.1,straightline,349,pure_pursuit,3.0,-169.37606811523438,37.22054672241211,-168.4658660888672,37.22114181518555,0.20020882785320282,-0.0069695581850688516,0.35,0.0,0.9102022209038733,-0.12338082492351533,98,100,5.134480534004619,402.6532297307496
743,37.15,straightline,349,pure_pursuit,3.0,-169.1224365234375,37.22018051147461,-168.4658660888672,37.22114181518555,0.2618739902973175,-0.009815986860799335,0.35,0.0,0.6565711383061805,-0.18504598736763003,98,100,5.0715666245452455,402.39960833329496
744,37.2,straightline,349,pure_pursuit,3.0,-168.86805725097656,37.22014236450195,-168.4658660888672,37.22114181518555,0.2419135421514511,-0.008485163088111645,0.35,0.0,0.4021924039319471,-0.1650855392217636,98,100,5.123276791485743,402.1452367819533
745,37.25,straightline,349,pure_pursuit,3.0,-168.6156005859375,37.21970748901367,-168.4658660888672,37.22114181518555,0.27021142840385437,-0.009405416108421756,0.35,0.0,0.14974136671096183,-0.19338342547416687,98,100,5.002723826179454,401.8927908267849
746,37.300000000000004,straightline,349,pure_pursuit,3.0,-168.3626708984375,37.219329833984375,-168.4658660888672,37.22114181518555,0.28325510025024414,-0.009480022528254277,0.35,0.0,0.10321109728945269,-0.20642709732055664,98,100,5.083527266592563,401.63987143882065
747,37.35,straightline,349,pure_pursuit,3.0,-168.10598754882812,37.21910858154297,-168.4658660888672,37.22114181518555,0.269439697265625,-0.008160738002556511,0.35,0.0,0.3598842836519711,-0.19261169433593753,98,100,5.149590477335844,401.38319731384286
748,37.4,straightline,349,pure_pursuit,3.0,-167.8500518798828,37.219173431396484,-168.4658660888672,37.22114181518555,0.20485186576843262,-0.004305086819429227,0.35,0.0,0.6158173548397223,-0.12802386283874512,98,100,5.1113349145801905,401.1272686658033
749,37.45,straightline,349,pure_pursuit,3.0,-167.59730529785156,37.21929931640625,-168.4658660888672,37.22114181518555,0.16088780760765076,-0.0015488479804733216,0.35,0.0,0.8685627452817902,-0.08405980467796324,98,100,5.02896033970273,400.8745285515603
750,37.5,straightline,349,pure_pursuit,3.0,-167.3465576171875,37.219566345214844,-166.4658660888672,37.22382354736328,0.13745811581611633,-0.0013076590611497592,0.35,0.0,0.880701817771089,-0.06063011288642883,99,101,5.054228969445797,400.62378620458543
751,37.550000000000004,straightline,349,pure_pursuit,3.0,-167.0911102294922,37.21992874145508,-166.4658660888672,37.22382354736328,0.12617693841457367,-0.0006127536899573627,0.35,0.0,0.6252562713791501,-0.04934893548488616,99,101,5.089446981581827,400.3683435636297
752,37.6,straightline,349,pure_pursuit,3.0,-166.8380889892578,37.220333099365234,-166.4658660888672,37.22382354736328,0.1196758970618248,-0.00019466626996685242,0.35,0.0,0.37223926553016434,-0.042847894132137306,99,101,5.05317515710747,400.11532668248594
753,37.65,straightline,349,pure_pursuit,3.0,-166.5863800048828,37.22077941894531,-166.4658660888672,37.22382354736328,0.11634816974401474,2.9830074973757607e-05,0.35,0.0,0.12055235655617107,-0.03952016681432724,99,101,5.0935495793279255,399.86362170177745
754,37.7,straightline,349,pure_pursuit,3.0,-166.33059692382812,37.22127151489258,-166.4658660888672,37.22382354736328,0.11544425040483475,0.00010160911108015992,0.35,0.0,0.13529323663840942,-0.03861624747514725,99,101,5.101643576715291,399.6078423983615
755,37.75,straightline,349,pure_pursuit,3.0,-166.07827758789062,37.22177505493164,-166.4658660888672,37.22382354736328,0.11544745415449142,0.00011264179930283852,0.35,0.0,0.3875939143104562,-0.03861945122480393,99,101,5.020610362700365,399.3555266549089
756,37.800000000000004,straightline,349,pure_pursuit,3.0,-165.82534790039062,37.222293853759766,-166.4658660888672,37.22382354736328,0.11585841327905655,9.087230316736218e-05,0.35,0.0,0.6405200150907213,-0.03903041034936905,99,101,5.134430832718588,399.10260046569226
757,37.85,straightline,349,pure_pursuit,3.0,-165.57020568847656,37.22282028198242,-166.4658660888672,37.22382354736328,0.11631045490503311,6.389474005192275e-05,0.35,0.0,0.895660962289481,-0.0394824519753456,99,101,5.070086098222417,398.8474617640346
758,37.9,straightline,349,pure_pursuit,3.0,-165.3182373046875,37.22334289550781,-164.4658660888672,37.226505279541016,0.11676947772502899,-0.0008609704904198867,0.35,0.0,0.8523770821835669,-0.039941474795341485,100,102,5.033402286453308,398.5954968308643
759,37.95,straightline,349,pure_pursuit,3.0,-165.06430053710938,37.22381591796875,-164.4658660888672,37.226505279541016,0.11465556174516678,-0.0007661990562609705,0.35,0.0,0.5984404912007524,-0.03782755881547928,100,102,5.1339029679463035,398.34156395974145
760,38.0,straightline,349,pure_pursuit,3.0,-164.8097381591797,37.224246978759766,-164.4658660888672,37.226505279541016,0.11069485545158386,-0.0005447468934504287,0.35,0.0,0.34387948566819676,-0.03386685252189636,100,102,5.078989707044746,398.0870058260521
761,38.050000000000004,straightline,349,pure_pursuit,3.0,-164.55862426757812,37.22465896606445,-164.4658660888672,37.226505279541016,0.10718756914138794,-0.000336489645244897,0.35,0.0,0.09277655194726712,-0.030359566211700443,100,102,4.998048315643571,397.83589622909767
762,38.1,straightline,349,pure_pursuit,3.0,-164.30325317382812,37.2250862121582,-164.4658660888672,37.226505279541016,0.10472994297742844,-0.00018759789410760147,0.35,0.0,0.1626191067794259,-0.027901940047740933,100,102,5.146086797764138,397.5805294449223
763,38.15,straightline,349,pure_pursuit,3.0,-164.04981994628906,37.22551345825195,-164.4658660888672,37.226505279541016,0.1030609980225563,-8.115823842534424e-05,0.35,0.0,0.4160473247884271,-0.0262329950928688,100,102,5.041599674069194,397.32710047514223
764,38.2,straightline,349,pure_pursuit,3.0,-163.7985382080078,37.22594451904297,-164.4658660888672,37.226505279541016,0.10207688808441162,-1.559734716797248e-05,0.35,0.0,0.6673281164649069,-0.025248885154724125,100,102,5.062182958692169,397.0758229067822
765,38.25,straightline,349,pure_pursuit,3.0,-163.54295349121094,37.22639083862305,-164.4658660888672,37.226505279541016,0.10172128677368164,1.1034950092588177e-05,0.35,0.0,0.9229126047515718,-0.024893283843994144,100,102,5.089939394709832,396.82024237630276
766,38.300000000000004,straightline,349,pure_pursuit,3.0,-163.2899627685547,37.226837158203125,-162.4658660888672,37.22918701171875,0.10160928964614868,-0.0005332436127848661,0.35,0.0,0.8241000299014112,-0.024781286716461185,101,103,5.052363247651192,396.5672557682425
767,38.35,straightline,349,pure_pursuit,3.0,-163.03834533691406,37.227256774902344,-162.4658660888672,37.22918701171875,0.10033664107322693,-0.0004769318448703461,0.35,0.0,0.5724825021417536,-0.023508638143539432,101,103,5.0909299318610675,396.3156426224941
768,38.400000000000006,straightline,349,pure_pursuit,3.0,-162.7827606201172,37.22765350341797,-162.4658660888672,37.22918701171875,0.09799845516681671,-0.0003444686898942876,0.35,0.0,0.31689824168629555,-0.021170452237129208,101,103,5.097456754947843,396.0600624936696
769,38.45,straightline,349,pure_pursuit,3.0,-162.53065490722656,37.22804260253906,-162.4658660888672,37.22918701171875,0.09576401859521866,-0.00021501264037029875,0.35,0.0,0.064798924811872,-0.018936015665531155,101,103,5.015847130743924,395.8079613297652
770,38.5,straightline,349,pure_pursuit,3.0,-162.27798461914062,37.22843551635742,-162.4658660888672,37.22918701171875,0.09413567185401917,-0.00011885262976127306,0.35,0.0,0.1878829726502413,-0.01730766892433166,101,103,5.129468675100316,395.55529558423893
771,38.550000000000004,straightline,349,pure_pursuit,3.0,-162.02313232421875,37.22882843017578,-162.4658660888672,37.22918701171875,0.09313126653432846,-5.163384495739295e-05,0.35,0.0,0.4427339098606532,-0.016303263604640957,101,103,5.064253803174318,395.30044790369925
772,38.6,straightline,349,pure_pursuit,3.0,-161.77145385742188,37.229225158691406,-162.4658660888672,37.22918701171875,0.09252797812223434,-1.1962065691002932e-05,0.35,0.0,0.694412232493099,-0.015699975192546844,101,103,5.027550384505231,395.04877393247534
773,38.650000000000006,straightline,349,pure_pursuit,3.0,-161.51780700683594,37.22962951660156,-162.4658660888672,37.22918701171875,0.09224201738834381,7.562879001994174e-06,0.35,0.0,0.9480591853004261,-0.01541401445865631,101,103,5.1280711651739885,394.79513158368246
774,38.7,straightline,349,pure_pursuit,3.0,-161.26356506347656,37.23003387451172,-160.4658660888672,37.23186492919922,0.09221074730157852,-0.0003355401790337975,0.35,0.0,0.7977010761269643,-0.015382744371891018,102,104,5.072987433270412,394.5408941662715
775,38.75,straightline,349,pure_pursuit,3.0,-161.0127410888672,37.23042297363281,-160.4658660888672,37.23186492919922,0.09143108129501343,-0.0003026740989313321,0.35,0.0,0.5468769010123352,-0.014603078365325928,102,104,4.992015297537254,394.2900747392277
776,38.800000000000004,straightline,349,pure_pursuit,3.0,-160.75767517089844,37.23080062866211,-160.4658660888672,37.23186492919922,0.0899759829044342,-0.00022214365941116898,0.35,0.0,0.291811022909612,-0.013147979974746706,102,104,5.140116684949605,394.0350135922152
777,38.85,straightline,349,pure_pursuit,3.0,-160.50454711914062,37.23116683959961,-160.4658660888672,37.23186492919922,0.08855308592319489,-0.00013649961523701216,0.35,0.0,0.03868732908981533,-0.011725082993507382,102,104,5.035572794521134,393.78189034834384
778,38.900000000000006,straightline,349,pure_pursuit,3.0,-160.25357055664062,37.23153305053711,-160.4658660888672,37.23186492919922,0.0874856561422348,-7.112049093956074e-05,0.35,0.0,0.21229579163705956,-0.010657653212547304,102,104,5.056249354078628,393.5309185350801
779,38.95,straightline,349,pure_pursuit,3.0,-159.99827575683594,37.231910705566406,-160.4658660888672,37.23186492919922,0.0868297591805458,-3.076173906831618e-05,0.35,0.0,0.4675903342719676,-0.010001756250858303,102,104,5.0838001078881305,393.27562853274077
780,39.0,straightline,349,pure_pursuit,3.0,-159.74560546875,37.23228454589844,-160.4658660888672,37.23186492919922,0.08649802207946777,-6.9855726440014255e-06,0.35,0.0,0.7202607423494424,-0.009670019149780275,102,104,5.04632072812458,393.0229629987671
781,39.050000000000004,straightline,349,pure_pursuit,3.0,-159.49429321289062,37.232662200927734,-160.4658660888672,37.23186492919922,0.08634979277849197,2.101211430325618e-06,0.35,0.0,0.9715732030966983,-0.009521789848804472,102,104,5.085116740708452,392.77165543248543
782,39.1,straightline,349,pure_pursuit,3.0,-159.23898315429688,37.23303985595703,-158.4658660888672,37.23455047607422,0.08623428642749786,-0.00019832551057218014,0.35,0.0,0.7731185412546708,-0.009406283497810362,103,105,5.091690629107019,392.5163501914501
783,39.150000000000006,straightline,349,pure_pursuit,3.0,-158.9871826171875,37.2334098815918,-158.4658660888672,37.23455047607422,0.0857960432767868,-0.00017994695890459885,0.35,0.0,0.5213177760787718,-0.008968040347099299,103,105,5.010068571128261,392.26455443120193
784,39.2,straightline,349,pure_pursuit,3.0,-158.73477172851562,37.233768463134766,-158.4658660888672,37.23455047607422,0.08499577641487122,-0.0001340299392812596,0.35,0.0,0.268906776744233,-0.00816777348518371,103,105,5.123939108673264,392.0121484338397
785,39.25,straightline,349,pure_pursuit,3.0,-158.48019409179688,37.234127044677734,-158.4658660888672,37.23455047607422,0.0841938778758049,-8.524276600004701e-05,0.35,0.0,0.014334258338004875,-0.0073658749461173985,103,105,5.058502046163911,391.75757576118264
786,39.300000000000004,straightline,349,pure_pursuit,3.0,-158.22879028320312,37.2344856262207,-158.4658660888672,37.23455047607422,0.08354268968105316,-4.7399573181278765e-05,0.35,0.0,0.23707581453359564,-0.006714686751365667,103,105,5.021883405636584,391.5061768264785
787,39.35,straightline,349,pure_pursuit,3.0,-157.9754180908203,37.23484420776367,-158.4658660888672,37.23455047607422,0.08319205045700073,-2.2665477200895123e-05,0.35,0.0,0.49044808600553524,-0.006364047527313236,103,105,5.122562841139955,391.2528095747719
788,39.400000000000006,straightline,349,pure_pursuit,3.0,-157.72146606445312,37.23521041870117,-158.4658660888672,37.23455047607422,0.08275496959686279,1.2440919889303353e-06,0.35,0.0,0.7444003169477614,-0.005926966667175298,103,105,5.067272138372622,390.998862453866
789,39.45,straightline,349,pure_pursuit,3.0,-157.47093200683594,37.23556900024414,-158.4658660888672,37.23455047607422,0.08270718902349472,7.2281598090327835e-06,0.35,0.0,0.9949346033679052,-0.0058791860938072265,103,105,4.9862910490397185,390.7483332634131
790,39.5,straightline,349,pure_pursuit,3.0,-157.2161407470703,37.23593521118164,-156.4658660888672,37.23722839355469,0.08275313675403595,-0.00013137642761696224,0.35,0.0,0.7502757726745987,-0.0059251338243484514,104,106,5.134355375760628,390.4935469482273
791,39.550000000000004,straightline,349,pure_pursuit,3.0,-156.96328735351562,37.23629379272461,-156.4658660888672,37.23722839355469,0.08249369263648987,-0.00012042865395007957,0.35,0.0,0.4974221426546696,-0.005665689706802369,104,106,5.029860956365416,390.240698506332
792,39.6,straightline,349,pure_pursuit,3.0,-156.7126007080078,37.23664474487305,-156.4658660888672,37.23722839355469,0.08195962011814117,-9.187014353933446e-05,0.35,0.0,0.24673530944770117,-0.005131617188453678,104,106,5.050717933497163,389.9900168124456
793,39.650000000000006,straightline,349,pure_pursuit,3.0,-156.45758056640625,37.23699951171875,-156.4658660888672,37.23722839355469,0.0815226286649704,-6.675437426244866e-05,0.35,0.0,0.00828868320938386,-0.004694625735282894,104,106,5.078373391019668,389.7350017325904
794,39.7,straightline,349,pure_pursuit,3.0,-156.20516967773438,37.23734664916992,-156.4658660888672,37.23722839355469,0.08103581517934799,-3.548841639089772e-05,0.35,0.0,0.2606964379540291,-0.004207812249660491,104,106,5.040958284294517,389.48259589211585
795,39.75,straightline,349,pure_pursuit,3.0,-155.95411682128906,37.23769760131836,-156.4658660888672,37.23722839355469,0.08069223165512085,-1.6106593923597465e-05,0.35,0.0,0.5117494826794384,-0.003864228725433345,104,106,5.079969150524707,389.2315480188805
796,39.800000000000004,straightline,349,pure_pursuit,3.0,-155.69908142089844,37.23805236816406,-156.4658660888672,37.23722839355469,0.08052540570497513,-4.310527097774264e-06,0.35,0.0,0.7667851106836276,-0.0036974027752876316,104,106,5.086478487857033,388.97651770143284
797,39.85,straightline,349,pure_pursuit,3.0,-155.447509765625,37.238407135009766,-154.46588134765625,37.23991394042969,0.08043184876441956,-7.541706161749779e-05,0.35,0.0,0.9816295744456788,-0.003603845834732054,105,107,5.004840302674198,388.72495102903815
798,39.900000000000006,straightline,349,pure_pursuit,3.0,-155.19537353515625,37.2387580871582,-154.46588134765625,37.23991394042969,0.08017316460609436,-6.370473248777074e-05,0.35,0.0,0.7294931032027104,-0.00334516167640686,105,107,5.118988121590291,388.4728198357022
799,39.95,straightline,349,pure_pursuit,3.0,-154.94107055664062,37.23910903930664,-154.46588134765625,37.23991394042969,0.07982640713453293,-4.549160296933713e-05,0.35,0.0,0.4751898906763631,-0.0029984042048454233,105,107,5.053234648627548,388.2185219682924
800,40.0,straightline,349,pure_pursuit,3.0,-154.68992614746094,37.23944854736328,-154.46588134765625,37.23991394042969,0.0795179009437561,-2.4222701368834033e-05,0.35,0.0,0.22404528316889147,-0.0026898980140685987,105,107,5.016698705566638,387.967382669418
801,40.050000000000004,straightline,349,pure_pursuit,3.0,-154.4368133544922,37.23979949951172,-154.46588134765625,37.23991394042969,0.07929997146129608,-1.3889483801811617e-05,0.35,0.0,0.029068218440587133,-0.0024719685316085846,105,107,5.117638116504728,387.71427496460296
802,40.1,straightline,349,pure_pursuit,3.0,-154.18309020996094,37.240142822265625,-154.46588134765625,37.23991394042969,0.07919866591691971,-2.9880771256536373e-06,0.35,0.0,0.28279123032000836,-0.002370662987232209,105,107,5.06224261030992,387.46055699430275
803,40.150000000000006,straightline,349,pure_pursuit,3.0,-153.9328155517578,37.24048614501953,-154.46588134765625,37.23991394042969,0.07913628965616226,2.4379496954280336e-06,0.35,0.0,0.5330661030068665,-0.0023082867264747563,105,107,4.981305266428416,387.21028741014055
804,40.2,straightline,349,pure_pursuit,3.0,-153.67825317382812,37.24083709716797,-154.46588134765625,37.23991394042969,0.07919399440288544,1.688099377789076e-07,0.35,0.0,0.7876287148309097,-0.002365991473197934,105,107,5.129623991098928,386.95573018643455
805,40.25,straightline,349,pure_pursuit,3.0,-153.42562866210938,37.241188049316406,-152.46588134765625,37.242591857910156,0.07924181967973709,-5.681433695027027e-05,0.35,0.0,0.9597483411178961,-0.0024138167500495885,106,108,5.025197912474988,386.7031107756306
806,40.300000000000004,straightline,349,pure_pursuit,3.0,-153.17518615722656,37.24153137207031,-152.46588134765625,37.242591857910156,0.07905929535627365,-4.8123894663270876e-05,0.35,0.0,0.709305602339213,-0.0022312924265861555,106,108,5.04612939350755,386.4526733708281
807,40.35,straightline,349,pure_pursuit,3.0,-152.92037963867188,37.24187469482422,-152.46588134765625,37.242591857910156,0.07879672199487686,-3.119891255783208e-05,0.35,0.0,0.4544988568291625,-0.001968719065189366,106,108,5.073707326767362,386.19787209561497
808,40.400000000000006,straightline,349,pure_pursuit,3.0,-152.66819763183594,37.24221420288086,-152.46588134765625,37.242591857910156,0.07858685404062271,-1.6563699216021668e-05,0.35,0.0,0.20231663665550895,-0.0017588511109352066,106,108,5.036304245553549,385.945695287434
809,40.45,straightline,349,pure_pursuit,3.0,-152.41738891601562,37.24256134033203,-152.46588134765625,37.242591857910156,0.07843417674303055,-1.1891298295944474e-05,0.35,0.0,0.048492441243386204,-0.0016061738133430435,106,108,5.075475144398638,385.6948916739942
810,40.5,straightline,349,pure_pursuit,3.0,-152.16258239746094,37.24290466308594,-152.46588134765625,37.242591857910156,0.07835230231285095,-3.8053895879337294e-06,0.35,0.0,0.30329911149994593,-0.0015242993831634545,106,108,5.081761575303034,385.44009042028307
811,40.550000000000004,straightline,349,pure_pursuit,3.0,-151.91127014160156,37.243247985839844,-152.46588134765625,37.242591857910156,0.07830751687288284,-1.3854110194868578e-06,0.35,0.0,0.554611594167752,-0.0014795139431953408,106,108,5.000099501665221,385.1887833268939
812,40.6,straightline,349,pure_pursuit,3.0,-151.6593475341797,37.24359130859375,-152.46588134765625,37.242591857910156,0.07827705144882202,1.0737341763873427e-06,0.35,0.0,0.8065344327322396,-0.001449048519134521,106,108,5.114530222586888,384.9368659081617
813,40.650000000000006,straightline,349,pure_pursuit,3.0,-151.40525817871094,37.24393844604492,-150.46588134765625,37.245277404785156,0.078311026096344,-3.0096619472663298e-05,0.35,0.0,0.9393777853094328,-0.001483023166656492,107,109,5.048891263828247,384.6827817863692
814,40.7,straightline,349,pure_pursuit,3.0,-151.15380859375,37.24427795410156,-150.46588134765625,37.245277404785156,0.07819551974534988,-2.2832598642833104e-05,0.35,0.0,0.6879279721161219,-0.0013675168156623819,107,109,5.063078425569272,384.4313374197516
815,40.75,straightline,349,pure_pursuit,3.0,-150.89845275878906,37.244625091552734,-150.46588134765625,37.245277404785156,0.07806037366390228,-1.5999453379188508e-05,0.35,0.0,0.43257190297335063,-0.0012323707342147847,107,109,5.08273562118844,384.1759868728006
816,40.800000000000004,straightline,349,pure_pursuit,3.0,-150.64585876464844,37.244964599609375,-150.46588134765625,37.245277404785156,0.07795605808496475,-8.018859361483164e-06,0.35,0.0,0.17997768882352538,-0.0011280551552772487,107,109,5.043947821603621,383.9233981474859
817,40.85,straightline,349,pure_pursuit,3.0,-150.39471435546875,37.24530792236328,-150.46588134765625,37.245277404785156,0.07789096981287003,-6.318526474763313e-06,0.35,0.0,0.0711669987307197,-0.0010629668831825274,107,109,5.080690462067525,383.6722589382676
818,40.900000000000006,straightline,349,pure_pursuit,3.0,-150.13970947265625,37.24564743041992,-150.46588134765625,37.245277404785156,0.07784142345190048,1.840434543339963e-06,0.35,0.0,0.32617208488769545,-0.0010134205222129848,107,109,5.085452509761767,383.4172594149341
819,40.95,straightline,349,pure_pursuit,3.0,-149.88824462890625,37.24599075317383,-150.46588134765625,37.245277404785156,0.07781735807657242,1.7545187136731626e-06,0.35,0.0,0.5776371592221108,-0.0009893551468849171,107,109,5.003230714524196,383.16579979569013
820,41.0,straightline,349,pure_pursuit,3.0,-149.63616943359375,37.246334075927734,-150.46588134765625,37.245277404785156,0.0778292641043663,3.319792359119805e-07,0.35,0.0,0.8297125869186034,-0.0010012611746787966,107,109,5.116956685398963,382.9137298513942
821,41.050000000000004,straightline,349,pure_pursuit,3.0,-149.38197326660156,37.24667739868164,-148.46588134765625,37.247955322265625,0.0778706818819046,-2.491043604644234e-05,0.35,0.0,0.9160928102793906,-0.0010426789522170975,108,110,5.050532993549543,382.65953900992787
822,41.1,straightline,349,pure_pursuit,3.0,-149.1309814453125,37.24701690673828,-148.46588134765625,37.247955322265625,0.0777667984366417,-1.965229230247295e-05,0.35,0.0,0.6651007596793551,-0.0009387955069541902,108,110,5.01384112350627,382.4085524501915
823,41.150000000000006,straightline,349,pure_pursuit,3.0,-148.87802124023438,37.24736022949219,-148.46588134765625,37.247955322265625,0.07764489203691483,-1.4265581988847243e-05,0.35,0.0,0.41214032220800406,-0.0008168891072273276,108,110,5.11456326514088,382.1555975460404
824,41.2,straightline,349,pure_pursuit,3.0,-148.62448120117188,37.247703552246094,-148.46588134765625,37.247955322265625,0.0776110365986824,-1.3135322218716529e-05,0.35,0.0,0.15860005335219923,-0.0007830336689949032,108,110,5.058999617856783,381.90206283369037
825,41.25,straightline,349,pure_pursuit,3.0,-148.37269592285156,37.248043060302734,-148.46588134765625,37.247955322265625,0.07750771194696426,-7.256934199512328e-06,0.35,0.0,0.0931854661092234,-0.0006797090172767602,108,110,5.090692760252949,381.65028286400934
826,41.300000000000004,straightline,349,pure_pursuit,3.0,-148.11734008789062,37.24838638305664,-148.46588134765625,37.247955322265625,0.07735972851514816,1.897008168202889e-06,0.35,0.0,0.3485415263242164,-0.000531725585460664,108,110,5.091833164595948,381.39493242842286
827,41.35,straightline,349,pure_pursuit,3.0,-147.86558532714844,37.24872589111328,-148.46588134765625,37.247955322265625,0.07735057920217514,2.8911743449552897e-06,0.35,0.0,0.6002965150772284,-0.0005225762724876364,108,110,5.008535511338097,381.14318299009085
828,41.400000000000006,straightline,349,pure_pursuit,3.0,-147.61329650878906,37.24906921386719,-148.46588134765625,37.247955322265625,0.07739156484603882,-1.7105924634104314e-06,0.35,0.0,0.852585566509713,-0.0005635619163513209,108,110,5.120873132140226,380.8908994880507
829,41.45,straightline,349,pure_pursuit,3.0,-147.35897827148438,37.249412536621094,-146.46588134765625,37.250640869140625,0.07744625210762024,-1.3843786898959851e-05,0.35,0.0,0.893097768529313,-0.0006182491779327368,109,111,5.053140379436524,380.6365866393705
830,41.5,straightline,349,pure_pursuit,3.0,-147.10784912109375,37.249752044677734,-146.46588134765625,37.250640869140625,0.07737533003091812,-1.0848772732473424e-05,0.35,0.0,0.6419683887398406,-0.0005473271012306161,109,111,5.01622600897022,380.3854628134807
831,41.550000000000004,straightline,349,pure_pursuit,3.0,-146.85476684570312,37.25009536743164,-146.46588134765625,37.250640869140625,0.07729292660951614,-8.156269371697746e-06,0.35,0.0,0.38888588064274143,-0.00046492367982864326,109,111,5.1163410129623275,380.132385902021
832,41.6,straightline,349,pure_pursuit,3.0,-146.60113525390625,37.25043487548828,-146.46588134765625,37.250640869140625,0.07728183269500732,-6.1101345357084395e-06,0.35,0.0,0.13525406311556262,-0.0004538297653198241,109,111,5.060754924500903,379.87875972982033
833,41.650000000000006,straightline,349,pure_pursuit,3.0,-146.35093688964844,37.25077438354492,-146.46588134765625,37.250640869140625,0.07721270620822906,-4.417253478049855e-06,0.35,0.0,0.1149445355500031,-0.00038470327854156776,109,111,4.979689173980718,379.62856668234207
834,41.7,straightline,349,pure_pursuit,3.0,-146.09646606445312,37.25111770629883,-146.46588134765625,37.250640869140625,0.07711973786354065,-9.983724467421208e-08,0.35,0.0,0.36941559095105947,-0.00029173493385314714,109,111,5.127651828761423,379.3741012881297
835,41.75,straightline,349,pure_pursuit,3.0,-145.8439483642578,37.251461029052734,-146.46588134765625,37.250640869140625,0.07708332687616348,-1.2730177201428075e-06,0.35,0.0,0.621933524181775,-0.0002553239464759826,109,111,5.0231093783478356,379.1215889635957
836,41.800000000000004,straightline,349,pure_pursuit,3.0,-145.59107971191406,37.251800537109375,-146.46588134765625,37.250640869140625,0.07707880437374115,-4.5919601999982445e-07,0.35,0.0,0.8748024043902741,-0.00025080144405364703,109,111,5.1311706938998665,378.8687257363464
837,41.85,straightline,349,pure_pursuit,3.0,-145.33642578125,37.25214385986328,-144.46588134765625,37.253318786621094,0.07702313363552094,-5.709758228741833e-06,0.35,0.0,0.8705452264609514,-0.00019513070583343967,110,112,5.059441086035703,378.6140772653169
838,41.900000000000006,straightline,349,pure_pursuit,3.0,-145.0850372314453,37.25248336791992,-144.46588134765625,37.253318786621094,0.07705579698085785,-8.797464437839665e-06,0.35,0.0,0.619156447398411,-0.0002277940511703471,110,112,5.021528201728404,378.36269410792767
839,41.95,straightline,349,pure_pursuit,3.0,-144.83175659179688,37.25282287597656,-144.46588134765625,37.253318786621094,0.07703983038663864,-7.669890113553969e-06,0.35,0.0,0.36587558022137706,-0.00021182745695114109,110,112,5.119333448819195,378.1094189293979
840,42.0,straightline,349,pure_pursuit,3.0,-144.57798767089844,37.25316619873047,-144.46588134765625,37.253318786621094,0.07702289521694183,-8.804415537485732e-06,0.35,0.0,0.11210642708581071,-0.0001948922872543338,110,112,5.0632067559042815,377.8556554623572
841,42.050000000000004,straightline,349,pure_pursuit,3.0,-144.32765197753906,37.253501892089844,-144.46588134765625,37.253318786621094,0.07695690542459488,-5.195845518983082e-06,0.35,0.0,0.13822949139241994,-0.00012890249490737338,110,112,4.981830593022341,377.605325180596
842,42.1,straightline,349,pure_pursuit,3.0,-144.07308959960938,37.25384521484375,-144.46588134765625,37.253318786621094,0.07684263586997986,-6.598376930659006e-07,0.35,0.0,0.39279210081211324,-1.4632940292363233e-05,110,112,5.129071129635176,377.350768297497
843,42.150000000000006,straightline,349,pure_pursuit,3.0,-143.82052612304688,37.25418472290039,-144.46588134765625,37.253318786621094,0.076840341091156,-1.2981650748530095e-06,0.35,0.0,0.6453558055648502,-1.2338161468508089e-05,110,112,5.024457988935354,377.09821028927917
844,42.2,straightline,349,pure_pursuit,3.0,-143.57009887695312,37.254520416259766,-144.46588134765625,37.253318786621094,0.07685593515634537,-2.0779914883816835e-06,0.35,0.0,0.8957832766538921,-2.793222665787127e-05,110,112,5.045253082292129,376.8477884804247
845,42.25,straightline,349,pure_pursuit,3.0,-143.3153533935547,37.25486373901367,-142.46588134765625,37.256004333496094,0.07682868838310242,8.522559833522792e-07,0.35,0.0,0.849472811641815,-6.854534149122845e-07,111,113,5.072771855183632,376.59304852088974
846,42.300000000000004,straightline,349,pure_pursuit,3.0,-143.06321716308594,37.25520324707031,-142.46588134765625,37.256004333496094,0.0768299475312233,-1.0866015025787063e-07,0.35,0.0,0.5973363525975222,-1.944601535791461e-06,111,113,5.03526296507185,376.34091776778604
847,42.35,straightline,349,pure_pursuit,3.0,-142.8124542236328,37.25553894042969,-142.46588134765625,37.256004333496094,0.07684624195098877,-5.87607939890113e-07,0.35,0.0,0.3465731884514035,-1.8239021301269585e-05,111,113,5.074395337445918,376.09016029933605
848,42.400000000000006,straightline,349,pure_pursuit,3.0,-142.55767822265625,37.255882263183594,-142.46588134765625,37.256004333496094,0.07689333707094193,-4.3397100153497e-06,0.35,0.0,0.09179695616373573,-6.53341412544286e-05,111,113,5.080823860881136,375.8353898464513
849,42.45,straightline,349,pure_pursuit,3.0,-142.30641174316406,37.256221771240234,-142.46588134765625,37.256004333496094,0.07686255127191544,-4.809937692499554e-06,0.35,0.0,0.15946975273094044,-3.4548342227937946e-05,111,113,4.999177374199524,375.5841288389072
850,42.5,straightline,349,pure_pursuit,3.0,-142.05125427246094,37.256561279296875,-142.46588134765625,37.256004333496094,0.07683588564395905,-1.3546841854864828e-06,0.35,0.0,0.4146274492525119,-7.882714271547179e-06,111,113,5.137516902272015,375.3289769752561
851,42.550000000000004,straightline,349,pure_pursuit,3.0,-141.7982940673828,37.25690460205078,-142.46588134765625,37.256004333496094,0.07678946852684021,-2.7351731562437186e-06,0.35,0.0,0.6675878872975122,3.853440284728845e-05,111,113,5.031844593442133,375.07602228220526
852,42.6,straightline,349,pure_pursuit,3.0,-141.54754638671875,37.257240295410156,-142.46588134765625,37.256004333496094,0.0767824575304985,-2.2207147405932118e-06,0.35,0.0,0.9183357926607961,4.554539918898951e-05,111,113,5.051058027903998,374.8252801105012
853,42.650000000000006,straightline,349,pure_pursuit,3.0,-141.2926025390625,37.25758361816406,-140.4658966064453,37.25868225097656,0.07680848985910416,-5.318413836953616e-06,0.35,0.0,0.8267066626189186,1.9513070583338996e-05,112,114,5.075868672582934,374.5703418555545
854,42.7,straightline,349,pure_pursuit,3.0,-141.04031372070312,37.2579231262207,-140.4658966064453,37.25868225097656,0.07676679641008377,-4.2560294236902e-06,0.35,0.0,0.5744176158707772,6.120651960372738e-05,112,114,5.038055126650841,374.3180585814119
855,42.75,straightline,349,pure_pursuit,3.0,-140.7894287109375,37.25825881958008,-140.4658966064453,37.25868225097656,0.07673554867506027,-2.517733819241514e-06,0.35,0.0,0.3235323815807179,9.24542546272271e-05,112,114,5.076541476224862,374.06717910836556
856,42.800000000000004,straightline,349,pure_pursuit,3.0,-140.53460693359375,37.258602142333984,-140.4658966064453,37.25868225097656,0.07662905752658844,1.469876991964337e-06,0.35,0.0,0.06871037384733053,0.000198945403099059,112,114,5.082408043993747,373.8123629433543
857,42.85,straightline,349,pure_pursuit,3.0,-140.28326416015625,37.25893783569336,-140.4658966064453,37.25868225097656,0.0766657367348671,-2.1306087857827066e-08,0.35,0.0,0.18263262512780887,0.00016226619482040817,112,114,5.000553724478166,373.56102573734444
858,42.900000000000006,straightline,349,pure_pursuit,3.0,-140.0313262939453,37.259273529052734,-140.4658966064453,37.25868225097656,0.0766766369342804,6.104833098582606e-07,0.35,0.0,0.4345707147474517,0.00015136599540709934,112,114,5.11481147932182,373.3090934660318
859,42.95,straightline,349,pure_pursuit,3.0,-139.77723693847656,37.25961685180664,-140.4658966064453,37.25868225097656,0.0767025500535965,-3.7561560021799314e-06,0.35,0.0,0.6886603021559617,0.00012545287609100797,112,114,5.048771126732634,373.0550097224532
860,43.0,straightline,349,pure_pursuit,3.0,-139.5258026123047,37.259952545166016,-140.4658966064453,37.25868225097656,0.07667829096317291,-1.8672046914775818e-06,0.35,0.0,0.9400948523774616,0.00014971196651458578,112,114,5.062997288738368,372.8035809902753
861,43.050000000000004,straightline,349,pure_pursuit,3.0,-139.27044677734375,37.26029586791992,-138.4658966064453,37.26136779785156,0.0767124816775322,-7.417520507884828e-07,0.35,0.0,0.8045508849827233,0.00011552125215530042,113,115,5.0826366353999815,372.54823082509665
862,43.1,straightline,349,pure_pursuit,3.0,-139.01785278320312,37.26063537597656,-138.4658966064453,37.26136779785156,0.07668108493089676,9.850729510401086e-09,0.35,0.0,0.551956662703608,0.00014691799879073977,113,115,5.043885342409264,372.29564244820597
863,43.150000000000006,straightline,349,pure_pursuit,3.0,-138.76670837402344,37.26097106933594,-138.4658966064453,37.26136779785156,0.07666033506393433,1.4174880083275094e-06,0.35,0.0,0.3008120291926355,0.0001676678657531788,113,115,5.080594040721077,372.0445036471272
864,43.2,straightline,349,pure_pursuit,3.0,-138.51171875,37.261314392089844,-138.4658966064453,37.26136779785156,0.07666148245334625,-1.8031435544082819e-07,0.35,0.0,0.0458221746769157,0.000166520476341245,113,115,5.085334600950598,371.78951970481796
865,43.25,straightline,349,pure_pursuit,3.0,-138.26026916503906,37.261653900146484,-138.4658966064453,37.26136779785156,0.07666058838367462,-2.6165774459650745e-06,0.35,0.0,0.20562764044214468,0.0001674145460128827,113,115,5.003060656471404,371.5380757228704
866,43.300000000000004,straightline,349,pure_pursuit,3.0,-138.00820922851562,37.26198959350586,-138.4658966064453,37.26136779785156,0.07664205878973007,-4.7058871530805866e-07,0.35,0.0,0.45768780030277,0.00018594413995743017,113,115,5.116783517371813,371.28602144877874
867,43.35,straightline,349,pure_pursuit,3.0,-137.7540283203125,37.2623291015625,-138.4658966064453,37.26136779785156,0.07665140181779861,-5.416801131959164e-07,0.35,0.0,0.7118689352026063,0.00017660111188887975,113,115,5.05027901354705,371.03184625066166
868,43.400000000000006,straightline,349,pure_pursuit,3.0,-137.50303649902344,37.262664794921875,-138.4658966064453,37.26136779785156,0.0766189694404602,1.232378096401384e-06,0.35,0.0,0.9628609809655104,0.00020903348922729506,113,115,5.013661448663241,370.7808600721655
869,43.45,straightline,349,pure_pursuit,3.0,-137.25006103515625,37.263004302978516,-136.4658966064453,37.26404571533203,0.07662039995193481,4.543796136746947e-06,0.35,0.0,0.7841651202363192,0.0002076029777526847,114,116,5.11448194238631,370.5278902942263
870,43.5,straightline,349,pure_pursuit,3.0,-136.9965362548828,37.26334762573242,-136.4658966064453,37.26404571533203,0.07662229239940643,1.8040813514418385e-06,0.35,0.0,0.5306401076275357,0.00020571053028106527,114,116,5.058993217749913,370.27437119514
871,43.550000000000004,straightline,349,pure_pursuit,3.0,-136.7447509765625,37.26368713378906,-136.4658966064453,37.26404571533203,0.07663725316524506,-8.819917614596876e-07,0.35,0.0,0.27885460066883666,0.00019074976444244236,114,116,5.090661932025525,370.02259157899863
872,43.6,straightline,349,pure_pursuit,3.0,-136.48939514160156,37.2640266418457,-136.4658966064453,37.26404571533203,0.07669655978679657,-2.5447640756933435e-06,0.35,0.0,0.023498542897111684,0.00013144314289093573,114,116,5.091878446604102,369.76724153416615
873,43.650000000000006,straightline,349,pure_pursuit,3.0,-136.2376251220703,37.264366149902344,-136.4658966064453,37.26404571533203,0.07668296247720718,-4.004046042117444e-06,0.35,0.0,0.22827170927883228,0.00014504045248031058,114,116,5.008508640693985,369.515477192499
874,43.7,straightline,349,pure_pursuit,3.0,-135.98533630371094,37.264705657958984,-136.4658966064453,37.26404571533203,0.07662525773048401,-2.821516117078665e-06,0.35,0.0,0.4805607558763252,0.0002027451992034881,114,116,5.120804140519351,369.26319407752356
875,43.75,straightline,349,pure_pursuit,3.0,-135.73101806640625,37.265045166015625,-136.4658966064453,37.26404571533203,0.07659098505973816,-6.44430716899991e-07,0.35,0.0,0.7348792196760042,0.00023701786994933835,114,116,5.053086323325263,369.008881620112
876,43.800000000000004,straightline,349,pure_pursuit,3.0,-135.47988891601562,37.265380859375,-136.4658966064453,37.26404571533203,0.07660486549139023,-1.43084578116066e-06,0.35,0.0,0.9860085943824739,0.00022313743829727452,114,116,5.016126143457184,368.75775818162947
877,43.85,straightline,349,pure_pursuit,3.0,-135.226806640625,37.26572036743164,-134.4658966064453,37.266727447509766,0.07661078870296478,3.0024370375221258e-06,0.35,0.0,0.7609107006249924,0.00021721422672272146,115,117,5.116229345652445,368.50468166086074
878,43.900000000000006,straightline,349,pure_pursuit,3.0,-134.97317504882812,37.26605987548828,-134.4658966064453,37.266727447509766,0.07663453370332718,1.6511670752077127e-06,0.35,0.0,0.5072788816407956,0.00019346922636032476,115,117,5.060671343073921,368.2510558504861
879,43.95,straightline,349,pure_pursuit,3.0,-134.72299194335938,37.266395568847656,-134.4658966064453,37.266727447509766,0.07661645114421844,1.946694531443743e-06,0.35,0.0,0.25709555112137134,0.00021155178546905341,115,117,4.979625138961897,368.00087844935246
880,44.0,straightline,349,pure_pursuit,3.0,-134.468505859375,37.26673889160156,-134.4658966064453,37.266727447509766,0.07661683112382889,-2.564588933457561e-07,0.35,0.0,0.0026092780262593437,0.00021117180585860927,115,117,5.1275441626988885,367.7463981608118
881,44.050000000000004,straightline,349,pure_pursuit,3.0,-134.21600341796875,37.2670783996582,-134.4658966064453,37.266727447509766,0.07662039995193481,-1.977694051070991e-06,0.35,0.0,0.24989343491655255,0.0002076029777526847,115,117,5.023049915977355,367.4939014873056
882,44.1,straightline,349,pure_pursuit,3.0,-133.96560668945312,37.26741027832031,-134.4658966064453,37.266727447509766,0.076603963971138,1.3520748526080477e-06,0.35,0.0,0.5002903829796908,0.0002240389585495011,115,117,5.049135967168271,367.24351052628333
883,44.150000000000006,straightline,349,pure_pursuit,3.0,-133.71072387695312,37.26775360107422,-134.4658966064453,37.266727447509766,0.07661805301904678,-1.6911937696525978e-06,0.35,0.0,0.7551734266774874,0.0002099499106407119,115,117,5.0846352921057045,366.9886335476491
884,44.2,straightline,349,pure_pursuit,3.0,-133.45822143554688,37.26809310913086,-132.4658966064453,37.2694091796875,0.07659927010536194,3.21018821584197e-06,0.35,0.0,0.9923257018203022,0.00022873282432555548,116,118,5.048301253018144,366.73613689895916
885,44.25,straightline,349,pure_pursuit,3.0,-133.20703125,37.268428802490234,-132.4658966064453,37.2694091796875,0.07660321891307831,3.2504731986193306e-06,0.35,0.0,0.7411352919787201,0.00022478401660918677,116,118,5.087576433231756,366.4849525011858
886,44.300000000000004,straightline,349,pure_pursuit,3.0,-132.951904296875,37.26877212524414,-132.4658966064453,37.2694091796875,0.07664616405963898,-3.695567547010649e-07,0.35,0.0,0.48600810795208216,0.00018183887004852054,116,118,5.0936257378074945,366.2298314154178
887,44.35,straightline,349,pure_pursuit,3.0,-132.7001953125,37.26911163330078,-132.4658966064453,37.2694091796875,0.07662906497716904,-1.4928327839671356e-06,0.35,0.0,0.2342988949883313,0.00019893795251845766,116,118,5.013746868332928,365.97812822163803
888,44.400000000000006,straightline,349,pure_pursuit,3.0,-132.44778442382812,37.26945114135742,-132.4658966064453,37.2694091796875,0.07660958170890808,-2.026470251758059e-06,0.35,0.0,0.018112231224785412,0.00021842122077941618,116,118,5.129541159718588,365.72572315586046
889,44.45,straightline,349,pure_pursuit,3.0,-132.19314575195312,37.26979064941406,-132.4658966064453,37.2694091796875,0.07658625394105911,-1.2811965825347963e-07,0.35,0.0,0.2727511212541036,0.00024174898862838694,116,118,5.065283712579554,365.471090391543
890,44.5,straightline,349,pure_pursuit,3.0,-131.9415740966797,37.2701301574707,-132.4658966064453,37.2694091796875,0.07660822570323944,-4.154689963410323e-06,0.35,0.0,0.5243230054612212,0.00021977722644806296,116,118,5.031038973215397,365.2195245472079
891,44.550000000000004,straightline,349,pure_pursuit,3.0,-131.6879425048828,37.270469665527344,-132.4658966064453,37.2694091796875,0.07660122960805893,-4.474440098010601e-06,0.35,0.0,0.7779548243748688,0.00022677332162857378,116,118,5.133262619481459,364.9658988453956
892,44.6,straightline,349,pure_pursuit,3.0,-131.43359375,37.270809173583984,-130.4658966064453,37.272090911865234,0.07661515474319458,1.5321047840255174e-06,0.35,0.0,0.9676979924009985,0.0002128481864929144,117,119,5.080767198968872,364.7115560136553
893,44.650000000000006,straightline,349,pure_pursuit,3.0,-131.18255615234375,37.27114486694336,-130.4658966064453,37.272090911865234,0.07658689469099045,3.1150078451764173e-06,0.35,0.0,0.716660170323668,0.00024110823869705778,117,119,5.001277111149151,364.46052426542997
894,44.7,straightline,349,pure_pursuit,3.0,-130.93019104003906,37.271484375,-130.4658966064453,37.272090911865234,0.07656518369913101,2.9615734244955743e-06,0.35,0.0,0.46429482977210723,0.00026281923055648435,117,119,5.126293164938822,364.2081650249988
895,44.75,straightline,349,pure_pursuit,3.0,-130.67506408691406,37.27183151245117,-130.4658966064453,37.272090911865234,0.07689739018678665,-1.908305945061762e-05,0.35,0.0,0.20916764131600502,-6.93872570991538e-05,117,119,5.068837742852441,363.9530439841004
896,44.800000000000004,straightline,349,pure_pursuit,3.0,-130.4228515625,37.27229309082031,-130.4658966064453,37.272090911865234,0.07636513561010361,-8.696234018141538e-05,0.35,0.0,0.04304551875147703,0.00046286731958389396,117,119,5.0356424780738775,363.7008363288756
897,44.85,straightline,349,pure_pursuit,3.0,-130.17161560058594,37.272674560546875,-130.4658966064453,37.272090911865234,0.07624772191047668,-0.00012503666889976845,0.35,0.0,0.294281584635174,0.0005802810192108138,117,119,5.084041685593547,363.4496058758098
898,44.900000000000006,straightline,349,pure_pursuit,3.0,-129.91586303710938,37.27301788330078,-130.4658966064453,37.272090911865234,0.07243432104587555,6.644146422484809e-05,0.35,0.0,0.5500343504477461,0.0043936818838119455,117,119,5.099948993800691,363.19385930287694
899,44.95,straightline,349,pure_pursuit,3.0,-129.6632537841797,37.273277282714844,-130.4658966064453,37.272090911865234,0.07587738335132599,-5.4639970836380176e-05,0.35,0.0,0.802643699041063,0.0009506195783615171,117,119,5.0233094695829275,362.94125663897125
900,45.0,straightline,349,pure_pursuit,3.0,-129.41244506835938,37.2735481262207,-128.4658966064453,37.27477264404297,0.07725416123867035,-5.042012418529662e-05,0.35,0.0,0.9465492539724356,-0.00042615830898285026,118,120,5.052605658125084,362.69045436374665
901,45.050000000000004,straightline,349,pure_pursuit,3.0,-129.1566619873047,37.27373123168945,-128.4658966064453,37.27477264404297,0.07277628779411316,0.0002910396357079357,0.35,0.0,0.6907661658864651,0.004051715135574343,118,120,5.091847759273318,362.43467863647993
902,45.1,straightline,349,pure_pursuit,3.0,-128.903076171875,37.273887634277344,-128.4658966064453,37.27477264404297,0.07575405389070511,0.0002629714381927347,0.35,0.0,0.43718046121890636,0.0010739490389823888,118,120,5.059808365433835,362.18110033160616
903,45.150000000000006,straightline,349,pure_pursuit,3.0,-128.65240478515625,37.27408981323242,-128.4658966064453,37.27477264404297,0.07872364670038223,0.0002146789157016425,0.35,0.0,0.18650942867315537,-0.0018956437706947285,118,120,4.9859703404692155,361.9304359824953
904,45.2,straightline,349,pure_pursuit,3.0,-128.39695739746094,37.27437973022461,-128.4658966064453,37.27477264404297,0.07792030274868011,0.0003189424016320784,0.35,0.0,0.0689403286666084,-0.001092299818992616,118,120,5.14761505943876,361.6749950761227
905,45.25,straightline,349,pure_pursuit,3.0,-128.14305114746094,37.27468490600586,-128.4658966064453,37.27477264404297,0.07704538851976395,0.0004209748502183028,0.35,0.0,0.32284547090643056,-0.00021738559007645263,118,120,5.046573474364801,361.4210951355373
906,45.300000000000004,straightline,349,pure_pursuit,3.0,-127.89167022705078,37.27490997314453,-128.4658966064453,37.27477264404297,0.07612280547618866,0.0006018340556464721,0.35,0.0,0.5742263958160007,0.0007051974534988368,118,120,5.020064153012863,361.1697211151847
907,45.35,straightline,349,pure_pursuit,3.0,-127.63783264160156,37.27522277832031,-128.4658966064453,37.27477264404297,0.07619528472423553,0.0006696782571920918,0.35,0.0,0.8280640871898859,0.0006327182054519701,118,120,5.134037500415176,360.9158897914938
908,45.400000000000006,straightline,349,pure_pursuit,3.0,-127.38300323486328,37.275638580322266,-126.4659194946289,37.2774543762207,0.08014249056577682,0.0001873596501889357,0.35,0.0,0.917085537840945,-0.003314487636089327,119,121,5.083737851709763,360.66106582817247
909,45.45,straightline,349,pure_pursuit,3.0,-127.1314697265625,37.276023864746094,-126.4659194946289,37.2774543762207,0.08106371015310287,0.00012641943605418526,0.35,0.0,0.6655517692786486,-0.004235707223415381,119,121,5.00678500051404,360.40953791146205
910,45.5,straightline,349,pure_pursuit,3.0,-126.87891387939453,37.27643585205078,-126.4659194946289,37.2774543762207,0.08341547846794128,-2.962506187487399e-05,0.35,0.0,0.41299564070268563,-0.0065874755382537885,119,121,5.1294818183110005,360.15698747622844
911,45.550000000000004,straightline,349,pure_pursuit,3.0,-126.62340545654297,37.276824951171875,-126.4659194946289,37.2774543762207,0.08104449510574341,8.243034686732801e-05,0.35,0.0,0.1574872197223941,-0.004216492176055908,119,121,5.078721966960812,359.9014847690963
912,45.6,straightline,349,pure_pursuit,3.0,-126.3708724975586,37.2772102355957,-126.4659194946289,37.2774543762207,0.07073088735342026,0.0006158480851500078,0.35,0.0,0.0950473106233352,0.006097115576267241,119,121,5.044537515524366,359.6489574616528
913,45.650000000000006,straightline,349,pure_pursuit,3.0,-126.11945343017578,37.27742385864258,-126.4659194946289,37.2774543762207,0.06943649053573608,0.0008081832923508652,0.35,0.0,0.34646606579715644,0.007391512393951414,119,121,5.093110083647723,359.3975454560129
914,45.7,straightline,349,pure_pursuit,3.0,-125.86359405517578,37.27769088745117,-126.4659194946289,37.2774543762207,0.0733584314584732,0.000698587187513728,0.35,0.0,0.60232548588779,0.0034695714712142905,119,121,5.1074909767988235,359.1416928608102
915,45.75,straightline,349,pure_pursuit,3.0,-125.61095428466797,37.2779655456543,-126.4659194946289,37.2774543762207,0.07852993905544281,0.0005263137585600156,0.35,0.0,0.8549653627707615,-0.0017019361257553103,119,121,5.0301392746058005,358.8890597020921
916,45.800000000000004,straightline,349,pure_pursuit,3.0,-125.360107421875,37.27815246582031,-124.4659194946289,37.28013610839844,0.08294367790222168,0.00016364021499608173,0.35,0.0,0.8941901274732031,-0.006115674972534181,120,122,5.061074745300412,358.63822013514937
917,45.85,straightline,349,pure_pursuit,3.0,-125.10426330566406,37.27836990356445,-124.4659194946289,37.28013610839844,0.08807474374771118,-2.373087537341737e-07,0.35,0.0,0.6383462544469128,-0.011246740818023683,120,122,5.104767034417761,358.382383245246
918,45.900000000000006,straightline,349,pure_pursuit,3.0,-124.85042572021484,37.27862548828125,-124.4659194946289,37.28013610839844,0.08690221607685089,0.0001561022117521983,0.35,0.0,0.38450919298175734,-0.010074213147163391,120,122,5.07309451419991,358.1285525041405
919,45.95,straightline,349,pure_pursuit,3.0,-124.59937286376953,37.2790412902832,-124.4659194946289,37.28013610839844,0.08697859942913055,0.00013561832573221803,0.35,0.0,0.1334578598722809,-0.010150596499443056,120,122,5.004313517258561,357.8775050529678
920,46.0,straightline,349,pure_pursuit,3.0,-124.34703063964844,37.27944564819336,-124.4659194946289,37.28013610839844,0.08779318630695343,8.423173371216943e-05,0.35,0.0,0.11889085992565503,-0.010965183377265927,120,122,5.131513213959623,357.6251683845064
921,46.050000000000004,straightline,349,pure_pursuit,3.0,-124.09159851074219,37.27981948852539,-124.4659194946289,37.28013610839844,0.09307829290628433,-0.0001769120203125582,0.35,0.0,0.37432111779335286,-0.01625028997659683,120,122,5.080466730299143,357.3697421869646
922,46.1,straightline,349,pure_pursuit,3.0,-123.83895111083984,37.28020095825195,-124.4659194946289,37.28013610839844,0.10260876268148422,-0.0006722168468351206,0.35,0.0,0.6269683871429027,-0.02578075975179672,120,122,5.052221709202289,357.11710056369134
923,46.150000000000006,straightline,349,pure_pursuit,3.0,-123.58885192871094,37.280574798583984,-124.4659194946289,37.28013610839844,0.1048283502459526,-0.0007719688112907355,0.35,0.0,0.8770676756296228,-0.028000347316265106,120,122,4.985210029442818,356.86700714032685
924,46.2,straightline,349,pure_pursuit,3.0,-123.33349609375,37.28092575073242,-122.4659194946289,37.28281784057617,0.1036599799990654,-0.0009760199156456599,0.35,0.0,0.8675786623393292,-0.026831977069377892,121,123,5.158227805714202,356.6116574537381
925,46.25,straightline,349,pure_pursuit,3.0,-123.07939910888672,37.281253814697266,-122.4659194946289,37.28281784057617,0.10059680789709091,-0.0007792073328045803,0.35,0.0,0.6134816079450666,-0.02376880496740341,121,123,5.059374411217295,356.35756677494044
926,46.300000000000004,straightline,349,pure_pursuit,3.0,-122.82764434814453,37.28155517578125,-122.4659194946289,37.28281784057617,0.09786511957645416,-0.0005799501529029885,0.35,0.0,0.361727057286685,-0.021037116646766666,121,123,5.035274069728355,356.1058184716603
927,46.35,straightline,349,pure_pursuit,3.0,-122.57648468017578,37.281856536865234,-122.4659194946289,37.28281784057617,0.09542056173086166,-0.0003901244686330399,0.35,0.0,0.11056936447244127,-0.01859255880117417,121,123,5.093314718976092,355.8546652492173
928,46.400000000000006,straightline,349,pure_pursuit,3.0,-122.3200912475586,37.282100677490234,-122.4659194946289,37.28281784057617,0.09349194914102554,-0.00016823890440458535,0.35,0.0,0.14583001051392658,-0.01666394621133804,121,123,5.121522462583836,355.5982789440503
929,46.45,straightline,349,pure_pursuit,3.0,-122.06665802001953,37.282371520996094,-122.4659194946289,37.28281784057617,0.09183137863874435,2.958159044947776e-05,0.35,0.0,0.39926172407134164,-0.01500337570905686,121,123,5.045467170657127,355.344852521686
930,46.5,straightline,349,pure_pursuit,3.0,-121.81532287597656,37.282737731933594,-122.4659194946289,37.28281784057617,0.09110098332166672,0.00010416480437990099,0.35,0.0,0.6505966235842743,-0.014272980391979223,121,123,5.027039408114884,355.0935233083364
931,46.550000000000004,straightline,349,pure_pursuit,3.0,-121.56098175048828,37.283206939697266,-122.4659194946289,37.28281784057617,0.09108752757310867,4.9462979065718996e-05,0.35,0.0,0.904937827791749,-0.014259524643421175,121,123,5.150892113551602,354.8391873564559
932,46.6,straightline,349,pure_pursuit,3.0,-121.30500030517578,37.283653259277344,-120.46592712402344,37.285499572753906,0.09247186034917831,-0.00037900991474546815,0.35,0.0,0.8390752124825089,-0.015628598630428887,122,124,5.1068440614841695,354.58321134629193
933,46.650000000000006,straightline,349,pure_pursuit,3.0,-121.05207824707031,37.28406524658203,-120.46592712402344,37.285499572753906,0.09133290499448776,-0.00034169052631216384,0.35,0.0,0.5861528779599057,-0.014489643275747784,122,124,5.034569150549159,354.33029491302347
934,46.7,straightline,349,pure_pursuit,3.0,-120.80106353759766,37.284446716308594,-120.46592712402344,37.285499572753906,0.08964817970991135,-0.0002584678942698811,0.35,0.0,0.3351380673843009,-0.012804917991175231,122,124,5.018196662393783,354.0792860274192
935,46.75,straightline,349,pure_pursuit,3.0,-120.54691314697266,37.284812927246094,-120.46592712402344,37.285499572753906,0.08804898709058762,-0.0001657269915495152,0.35,0.0,0.0809889337822445,-0.011205725371860716,122,124,5.15036502297092,353.8251417125881
936,46.800000000000004,straightline,349,pure_pursuit,3.0,-120.29090881347656,37.285179138183594,-120.46592712402344,37.285499572753906,0.08688381314277649,-9.294426302315513e-05,0.35,0.0,0.17501860388254795,-0.010040551424016438,122,124,5.10900528258844,353.5691435311587
937,46.85,straightline,349,pure_pursuit,3.0,-120.037841796875,37.28553771972656,-120.46592712402344,37.285499572753906,0.08602188527584076,-3.202539608611273e-05,0.35,0.0,0.42808532884808875,-0.00917862355711493,122,124,5.040953162178159,353.3160826343644
938,46.900000000000006,straightline,349,pure_pursuit,3.0,-119.78660583496094,37.28590774536133,-120.46592712402344,37.285499572753906,0.08556219190359116,-3.3319524214471975e-06,0.35,0.0,0.6793214116884688,-0.008718930184837818,122,124,5.026157519042281,353.064852637382
939,46.95,straightline,349,pure_pursuit,3.0,-119.53217315673828,37.28628158569336,-120.46592712402344,37.285499572753906,0.0853552520275116,1.3522410238299367e-05,0.35,0.0,0.9337542947505013,-0.008511990308792483,122,124,5.159716485018377,352.81042601666076
940,47.0,straightline,349,pure_pursuit,3.0,-119.27579498291016,37.28666305541992,-118.46592712402344,37.288177490234375,0.08533903956413269,-0.00018179490615173236,0.35,0.0,0.8098692748651263,-0.008495777845386498,123,125,5.1186794299840255,352.5540539151918
941,47.050000000000004,straightline,349,pure_pursuit,3.0,-119.02235412597656,37.28703308105469,-118.46592712402344,37.288177490234375,0.08495129644870758,-0.0001662231956389609,0.35,0.0,0.5564281788109886,-0.008108034729976857,123,125,5.0482980279739325,352.30061913052697
942,47.1,straightline,349,pure_pursuit,3.0,-118.77073669433594,37.287391662597656,-118.46592712402344,37.288177490234375,0.08421330153942108,-0.0001262957966606849,0.35,0.0,0.3048105832794615,-0.007370039820678958,123,125,5.033719052884323,352.04900781151656
943,47.150000000000006,straightline,349,pure_pursuit,3.0,-118.51925659179688,37.28774642944336,-118.46592712402344,37.288177490234375,0.08345521986484528,-8.249866951032181e-05,0.35,0.0,0.05333120987192828,-0.006611958146126491,123,125,5.103084073650474,351.7975338583058
944,47.2,straightline,349,pure_pursuit,3.0,-118.26194763183594,37.288108825683594,-118.46592712402344,37.288177490234375,0.08292315900325775,-4.973860725885279e-05,0.35,0.0,0.20397950374459417,-0.006079897284541687,123,125,5.141360092546823,351.54023120475597
945,47.25,straightline,349,pure_pursuit,3.0,-118.00727081298828,37.2884635925293,-118.46592712402344,37.288177490234375,0.08248022943735123,-1.7765342418444077e-05,0.35,0.0,0.45865640026811044,-0.005636967718616151,123,125,5.071320829902568,351.2855606708387
946,47.300000000000004,straightline,349,pure_pursuit,3.0,-117.75460815429688,37.288818359375,-118.46592712402344,37.288177490234375,0.08223459869623184,2.290253942506485e-06,0.35,0.0,0.7113192584248748,-0.0053913369774975396,123,125,5.054063956119225,351.03290423271295
947,47.35,straightline,349,pure_pursuit,3.0,-117.50398254394531,37.2891731262207,-118.46592712402344,37.288177490234375,0.08215426653623581,1.1739861182747068e-05,0.35,0.0,0.9619450953316917,-0.0053110048175051714,123,125,4.997072781989742,350.7822847774758
948,47.400000000000006,straightline,349,pure_pursuit,3.0,-117.247314453125,37.28954315185547,-116.46592712402344,37.290863037109375,0.08219724893569946,-0.00011254092974489619,0.35,0.0,0.7813884438469493,-0.005353987216969031,124,126,5.191786301289241,350.52562294217455
949,47.45,straightline,349,pure_pursuit,3.0,-116.9909896850586,37.2900390625,-116.46592712402344,37.290863037109375,0.0828704908490181,-0.00024138436245507724,0.35,0.0,0.5250632075616745,-0.006027229130252815,124,126,5.106647329497927,350.2693033466883
950,47.5,straightline,349,pure_pursuit,3.0,-116.73664855957031,37.29034423828125,-116.46592712402344,37.290863037109375,0.08148907124996185,-0.00013722561498507747,0.35,0.0,0.27072193264821537,-0.004645809531235539,124,126,5.089308674713426,350.01496896608995
951,47.550000000000004,straightline,349,pure_pursuit,3.0,-116.48434448242188,37.290618896484375,-116.46592712402344,37.290863037109375,0.08060382306575775,-3.46127877578102e-05,0.35,0.0,0.018418976492228654,-0.003760561346993452,124,126,5.033308794592199,349.76267183088066
952,47.6,straightline,349,pure_pursuit,3.0,-116.2332992553711,37.29092025756836,-116.46592712402344,37.290863037109375,0.0796923041343689,5.371898121273477e-05,0.35,0.0,0.23262787568972257,-0.0028490424156158572,124,126,5.0291257209167455,349.5116332800294
953,47.650000000000006,straightline,349,pure_pursuit,3.0,-115.98184204101562,37.29146957397461,-116.46592712402344,37.290863037109375,0.0818544402718544,-0.00023120081848084778,0.35,0.0,0.4840854629893874,-0.0050111785531261124,124,126,5.115037081121862,349.26018063478443
954,47.7,straightline,349,pure_pursuit,3.0,-115.723388671875,37.29182815551758,-116.46592712402344,37.290863037109375,0.06596298515796661,0.0006079927164153966,0.35,0.0,0.7425390793571334,0.010880276560799785,124,126,5.180553845431945,349.0017337421673
955,47.75,straightline,349,pure_pursuit,3.0,-115.46640014648438,37.29182434082031,-116.46592712402344,37.290863037109375,0.09103748202323914,-0.00037203847224024766,0.35,0.0,0.9995274398100326,-0.014194220304496817,124,126,5.144760833872174,348.7447547691622
956,47.800000000000004,straightline,349,pure_pursuit,3.0,-115.21144104003906,37.292236328125,-114.46592712402344,37.293540954589844,0.049016792327165604,0.00167955276530056,0.35,0.0,0.7455150575428809,0.027826469391554684,125,127,5.108289363918776,348.4898015712583
957,47.85,straightline,349,pure_pursuit,3.0,-114.95802307128906,37.2921028137207,-114.46592712402344,37.293540954589844,0.08309716731309891,0.0001949876872521085,0.35,0.0,0.49209804873054747,-0.0062539055943651774,125,127,5.075231477901033,348.2363941658961
958,47.900000000000006,straightline,349,pure_pursuit,3.0,-114.70592498779297,37.29239273071289,-114.46592712402344,37.293540954589844,0.04484293609857559,0.002301366444341225,0.35,0.0,0.2400006104825779,0.032000325620168656,125,127,5.043339037143755,347.98430295864574
959,47.95,straightline,349,pure_pursuit,3.0,-114.45503997802734,37.29283905029297,-114.46592712402344,37.293540954589844,0.0935717448592186,-0.0003442413239250297,0.35,0.0,0.010909748740563724,-0.01672848314049203,125,127,5.01415425963359,347.73342343995074
960,48.0,straightline,349,pure_pursuit,3.0,-114.205078125,37.29386901855469,-114.46592712402344,37.293540954589844,0.0703146904706955,0.00036500776511388906,0.35,0.0,0.2608492053227196,0.006528571248038304,125,127,5.002580391085341,347.4834620113224
961,48.050000000000004,straightline,349,pure_pursuit,3.0,-113.95533752441406,37.29427719116211,-114.46592712402344,37.293540954589844,0.10566474497318268,-0.0015832523993721333,0.35,0.0,0.5105901304114213,-0.028821483254437886,125,127,5.016793963637483,347.23372720279434
962,48.1,straightline,349,pure_pursuit,3.0,-113.70565032958984,37.29471969604492,-114.46592712402344,37.293540954589844,0.06710930913686752,0.00036796238769420974,0.35,0.0,0.7602777081998648,0.009733952581864422,125,127,5.014392475292791,346.9840455100202
963,48.150000000000006,straightline,349,pure_pursuit,3.0,-113.45606994628906,37.29477310180664,-112.46592712402344,37.296226501464844,0.10127605497837067,-0.0012269956098714789,0.35,0.0,0.9901438889649845,-0.024432793259615785,126,128,5.011317476945663,346.73447399945184
964,48.2,straightline,349,pure_pursuit,3.0,-113.20663452148438,37.29522705078125,-112.46592712402344,37.296226501464844,0.06163827329874039,0.0008140503245807311,0.35,0.0,0.7407080717496092,0.015204988419977488,126,128,5.008180939113715,346.485043987115
965,48.25,straightline,349,pure_pursuit,3.0,-112.95701599121094,37.29540252685547,-112.46592712402344,37.296226501464844,0.10194089263677597,-0.00122685697355205,0.35,0.0,0.4910895584408804,-0.025097630918057702,126,128,5.011115742840033,346.23543329671855
966,48.300000000000004,straightline,349,pure_pursuit,3.0,-112.70683288574219,37.29574203491211,-112.46592712402344,37.296226501464844,0.06545835733413696,0.0007226056510501291,0.35,0.0,0.2409062488544701,0.011384904384592729,126,128,5.003475459785909,345.985256641914
967,48.35,straightline,349,pure_pursuit,3.0,-112.45632934570312,37.29582977294922,-112.46592712402344,37.296226501464844,0.10717055946588516,-0.001304710213040366,0.35,0.0,0.009605974297330316,-0.030327297747136488,126,128,4.999830521698995,345.73476175796196
968,48.400000000000006,straightline,349,pure_pursuit,3.0,-112.19784545898438,37.296241760253906,-112.46592712402344,37.296226501464844,0.0945817157626152,-0.0006651265614080694,0.35,0.0,0.2680816654733157,-0.017738454043886017,126,128,5.225198959048857,345.47628402620194
969,48.45,straightline,349,pure_pursuit,3.0,-111.93734741210938,37.29607009887695,-112.46592712402344,37.296226501464844,0.13878367841243744,-0.0025428334315691077,0.35,0.0,0.5285797350532111,-0.06194041669371341,126,128,5.171932303608794,345.2157972890892
970,48.5,straightline,349,pure_pursuit,3.0,-111.67585754394531,37.29607009887695,-112.46592712402344,37.296226501464844,0.16213740408420563,-0.0033925376204407176,0.35,0.0,0.790069595558894,-0.0852941423654564,126,128,5.2738920887745095,344.9543172930894
971,48.550000000000004,straightline,349,pure_pursuit,3.0,-111.41557312011719,37.296321868896484,-110.46593475341797,37.29890441894531,0.21034014225006104,-0.006312444123476427,0.35,0.0,0.9496418783267272,-0.13349688053129535,127,129,5.169420689608326,344.694040520671
972,48.6,straightline,349,pure_pursuit,3.0,-111.15372467041016,37.29669952392578,-110.46593475341797,37.29890441894531,0.22742851078510284,-0.0071959657283559705,0.35,0.0,0.6877934511742368,-0.15058524906637566,127,129,5.284073094826516,344.4321986976421
973,48.650000000000006,straightline,349,pure_pursuit,3.0,-110.89091491699219,37.29636764526367,-110.46593475341797,37.29890441894531,0.2793882489204407,-0.009444886577040169,0.35,0.0,0.424987734708052,-0.20254498720170236,127,129,5.227916255329631,344.169401798339
974,48.7,straightline,349,pure_pursuit,3.0,-110.62606048583984,37.29621887207031,-110.46593475341797,37.29890441894531,0.2800055146217346,-0.009021206292408731,0.35,0.0,0.16014825114767794,-0.20316225290297285,127,129,5.320398190907015,343.9045587224861
975,48.75,straightline,349,pure_pursuit,3.0,-110.36075592041016,37.29585266113281,-110.46593475341797,37.29890441894531,0.3142496347427368,-0.010157465393332996,0.35,0.0,0.10522309698270367,-0.23740637302401033,127,129,5.253338184754661,343.639267444482
976,48.800000000000004,straightline,349,pure_pursuit,3.0,-110.09425354003906,37.2957763671875,-110.46593475341797,37.29890441894531,0.29517868161201477,-0.008591204682140025,0.35,0.0,0.37169437591469634,-0.21833541989325983,127,129,5.352621005204253,343.3727758860143
977,48.85,straightline,349,pure_pursuit,3.0,-109.82881927490234,37.295249938964844,-110.46593475341797,37.29890441894531,0.3231908082962036,-0.009042342837384476,0.35,0.0,0.637125959436689,-0.24634754657747526,127,129,5.264911923274298,343.1073563535292
978,48.900000000000006,straightline,349,pure_pursuit,3.0,-109.56271362304688,37.29533767700195,-110.46593475341797,37.29890441894531,0.31354057788848877,-0.007910133631661685,0.35,0.0,0.9032281727210056,-0.2366973161697589,127,129,5.356998391215565,342.841260110125
979,48.95,straightline,349,pure_pursuit,3.0,-109.29663848876953,37.29531478881836,-108.46593475341797,37.30158996582031,0.3470717966556549,-0.011148005908769857,0.35,0.0,0.8307274365117867,-0.2702285349369008,128,130,5.286446876801537,342.575195366312
980,49.0,straightline,349,pure_pursuit,3.0,-109.02950286865234,37.29546356201172,-108.46593475341797,37.30158996582031,0.3255789279937744,-0.009670444116791403,0.35,0.0,0.5636014135295011,-0.24873566627505764,128,130,5.385658511582148,342.30806868944165
981,49.050000000000004,straightline,349,pure_pursuit,3.0,-108.76312255859375,37.29523468017578,-108.46593475341797,37.30158996582031,0.3501710891723633,-0.010342315022059673,0.35,0.0,0.2972557504924366,-0.27332782745359824,128,130,5.305996951140124,342.04170061913624
982,49.1,straightline,349,pure_pursuit,3.0,-108.49537658691406,37.29523849487305,-108.46593475341797,37.30158996582031,0.33436620235443115,-0.00894861056530912,0.35,0.0,0.03011914246464642,-0.2575229406356706,128,130,5.394495519571813,341.7739649168146
983,49.150000000000006,straightline,349,pure_pursuit,3.0,-108.22765350341797,37.29505920410156,-108.46593475341797,37.30158996582031,0.3648988902568817,-0.009799059603662855,0.35,0.0,0.23837073006178755,-0.2880556285381639,128,130,5.3076726831526,341.5062537261387
984,49.2,straightline,349,pure_pursuit,3.0,-107.95735931396484,37.29520797729492,-108.46593475341797,37.30158996582031,0.35279256105422974,-0.008535641185871278,0.35,0.0,0.5086154808816553,-0.275949299335507,128,130,5.440955651418745,341.23596866378983
985,49.25,straightline,349,pure_pursuit,3.0,-107.6884536743164,37.295230865478516,-108.46593475341797,37.30158996582031,0.37402066588401794,-0.008831693975804002,0.35,0.0,0.777507084545271,-0.297177404165286,128,130,5.346783681215098,340.9670732194211
986,49.300000000000004,straightline,349,pure_pursuit,3.0,-107.41870880126953,37.295509338378906,-106.4659423828125,37.30426788330078,0.36179906129837036,-0.0105827589752804,0.35,0.0,0.9528066751700406,-0.2849557995796486,129,131,5.429945898432571,340.69733634027654
987,49.35,straightline,349,pure_pursuit,3.0,-107.14966583251953,37.29548645019531,-106.4659423828125,37.30426788330078,0.3876676857471466,-0.011446950051110977,0.35,0.0,0.6837798397486351,-0.31082442402842786,129,131,5.334015198673995,340.4283040059403
988,49.400000000000006,straightline,349,pure_pursuit,3.0,-106.87853240966797,37.29552459716797,-106.4659423828125,37.30426788330078,0.38362517952919006,-0.010690764315810517,0.35,0.0,0.4126826569084248,-0.30678191781042574,129,131,5.478610031025408,340.15718077743816
989,49.45,straightline,349,pure_pursuit,3.0,-106.60700225830078,37.295379638671875,-106.4659423828125,37.30426788330078,0.41021570563316345,-0.011361369017713238,0.35,0.0,0.14133962418710716,-0.3333724439144237,129,131,5.422533687679591,339.88566246787184
990,49.5,straightline,349,pure_pursuit,3.0,-106.33382415771484,37.29553985595703,-106.4659423828125,37.30426788330078,0.39009368419647217,-0.009672098297942775,0.35,0.0,0.13240620780110052,-0.31325042247771645,129,131,5.502792509470265,339.6124935972182
991,49.550000000000004,straightline,349,pure_pursuit,3.0,-106.06096649169922,37.295536041259766,-106.4659423828125,37.30426788330078,0.4145737886428833,-0.010129487872740603,0.35,0.0,0.40507001548920585,-0.33773052692413313,129,131,5.407461702260465,339.3396466132473
992,49.6,straightline,349,pure_pursuit,3.0,-105.78614807128906,37.29576873779297,-106.4659423828125,37.30426788330078,0.41365498304367065,-0.009303007181659433,0.35,0.0,0.6798474398377825,-0.33681172132493253,129,131,5.54593443641728,339.06483687685613
993,49.650000000000006,straightline,349,pure_pursuit,3.0,-105.51158142089844,37.29591369628906,-106.4659423828125,37.30426788330078,0.4447428584098816,-0.009956268171694703,0.35,0.0,0.954397526225923,-0.36789959669113154,129,131,5.477280095565106,338.79027969145557
994,49.7,straightline,349,pure_pursuit,3.0,-105.23584747314453,37.29641342163086,-104.4659423828125,37.30695343017578,0.43095216155052185,-0.012795511153579558,0.35,0.0,0.769977233364273,-0.3541088998317807,130,132,5.55064807557712,338.5145521275339
995,49.75,straightline,349,pure_pursuit,3.0,-104.96077728271484,37.296546936035156,-104.4659423828125,37.30695343017578,0.4501170217990875,-0.013284880796517037,0.35,0.0,0.49494431331379235,-0.37327376008032476,130,132,5.4515130900588105,338.23949155185426
996,49.800000000000004,straightline,349,pure_pursuit,3.0,-104.68397521972656,37.29669952392578,-104.4659423828125,37.30695343017578,0.43397483229637146,-0.011831058580437906,0.35,0.0,0.21827382015756713,-0.3571315705776244,130,132,5.583949253812158,337.96269901826565
997,49.85,straightline,349,pure_pursuit,3.0,-104.40753936767578,37.296653747558594,-104.4659423828125,37.30695343017578,0.4490886926651001,-0.01180816596043599,0.35,0.0,0.05930426324535694,-0.372245430946355,130,132,5.51352494607123,337.6862744579056
998,49.900000000000006,straightline,349,pure_pursuit,3.0,-104.13002014160156,37.296905517578125,-104.4659423828125,37.30695343017578,0.4216121435165405,-0.009633118615368325,0.35,0.0,0.3360724813009084,-0.3447688817977961,130,132,5.5858589921615165,337.4087639410832
999,49.95,straightline,349,pure_pursuit,3.0,-103.8531723022461,37.29702377319336,-104.4659423828125,37.30695343017578,0.44180911779403687,-0.009766490533421985,0.35,0.0,0.6128505280450924,-0.36496585607529075,130,132,5.486859085160958,337.13192598609214
1000,50.0,straightline,349,pure_pursuit,3.0,-103.57469177246094,37.29741287231445,-104.4659423828125,37.30695343017578,0.4386604428291321,-0.008745189726086263,0.35,0.0,0.8913016732264885,-0.3618171811104137,130,132,5.6171280611666035,336.85345301159543
1001,50.050000000000004,straightline,349,pure_pursuit,3.0,-103.29660034179688,37.2977409362793,-102.4659423828125,37.30963134765625,0.47020915150642395,-0.014163016676500972,0.35,0.0,0.8307430569717695,-0.39336588978767656,131,133,5.546438900020631,336.575369677207
1002,50.1,straightline,349,pure_pursuit,3.0,-103.0174560546875,37.29819869995117,-102.4659423828125,37.30963134765625,0.445956289768219,-0.012507609674217693,0.35,0.0,0.5516321561499054,-0.3691130280494964,131,133,5.618008035606453,336.2962323862111
1003,50.150000000000006,straightline,349,pure_pursuit,3.0,-102.739013671875,37.298274993896484,-102.4659423828125,37.30963134765625,0.4561813771724701,-0.012372725470061912,0.35,0.0,0.27330732826064574,-0.37933811545373286,131,133,5.5193002528807416,336.01780038532746
1004,50.2,straightline,349,pure_pursuit,3.0,-102.4589614868164,37.29847717285156,-102.4659423828125,37.30963134765625,0.43847206234931946,-0.010744464820499615,0.35,0.0,0.013158591280293008,-0.3616288006306005,131,133,5.647462557564309,335.73775754010387
1005,50.25,straightline,349,pure_pursuit,3.0,-102.1793441772461,37.29854965209961,-102.4659423828125,37.30963134765625,0.4562031328678131,-0.010797947669956518,0.35,0.0,0.2868123696954058,-0.3793598711490537,131,133,5.5766325128265,335.45815072711207
1006,50.300000000000004,straightline,349,pure_pursuit,3.0,-101.89871215820312,37.2989616394043,-102.4659423828125,37.30963134765625,0.43289870023727417,-0.008815565215041758,0.35,0.0,0.5673305653537308,-0.3560554385185207,131,133,5.647895103341859,335.1775262281481
1007,50.35,straightline,349,pure_pursuit,3.0,-101.61876678466797,37.299259185791016,-102.4659423828125,37.30963134765625,0.45688948035240173,-0.009116201927432788,0.35,0.0,0.847239090123504,-0.38004621863367527,131,133,5.549756524809438,334.89758938390105
1008,50.400000000000006,straightline,349,pure_pursuit,3.0,-101.3372573852539,37.29983139038086,-100.4659423828125,37.31231689453125,0.4563494622707367,-0.01314171096225908,0.35,0.0,0.8714044533357385,-0.3795062005519951,132,134,5.6762679397720905,334.61608613265645
1009,50.45,straightline,349,pure_pursuit,3.0,-101.05618286132812,37.30009460449219,-100.4659423828125,37.31231689453125,0.4773082137107849,-0.013749090415891473,0.35,0.0,0.5903670103013489,-0.40046495199205323,132,134,5.605067512308036,334.3350205182013
1010,50.5,straightline,349,pure_pursuit,3.0,-100.77413177490234,37.300445556640625,-100.4659423828125,37.31231689453125,0.444049596786499,-0.01145794650532214,0.35,0.0,0.3084179470459215,-0.3672063350677441,132,134,5.675903369010608,334.05297760924697
1011,50.550000000000004,straightline,349,pure_pursuit,3.0,-100.49278259277344,37.30052947998047,-100.4659423828125,37.31231689453125,0.45355045795440674,-0.011174262812726312,0.35,0.0,0.029314501744685653,-0.3767071962356527,132,134,5.5782389476897,333.7716389858354
1012,50.6,straightline,349,pure_pursuit,3.0,-100.20989227294922,37.30082702636719,-100.4659423828125,37.31231689453125,0.43886446952819824,-0.009650546632190525,0.35,0.0,0.25630777559689044,-0.36202120780945785,132,134,5.703311092401491,333.48875738685274
1013,50.650000000000006,straightline,349,pure_pursuit,3.0,-99.92745971679688,37.30103302001953,-100.4659423828125,37.31231689453125,0.4612582325935364,-0.00990439636684058,0.35,0.0,0.5386008795233177,-0.38441497087477405,132,134,5.632076900909367,333.20633437066385
1014,50.7,straightline,349,pure_pursuit,3.0,-99.64405822753906,37.30160140991211,-100.4659423828125,37.31231689453125,0.4426571726799011,-0.00814844446065006,0.35,0.0,0.821954004978475,-0.36581391096117577,132,134,5.702519646748436,332.9229392186314
1015,50.75,straightline,349,pure_pursuit,3.0,-99.36139678955078,37.302059173583984,-98.4659423828125,37.31499481201172,0.4702152907848358,-0.013655401484279158,0.35,0.0,0.8955478352877306,-0.39337202906607266,133,135,5.605349628676513,332.6402850949191
1016,50.800000000000004,straightline,349,pure_pursuit,3.0,-99.07720184326172,37.30251693725586,-98.4659423828125,37.31499481201172,0.45743000507354736,-0.01257298121362996,0.35,0.0,0.6113868050155261,-0.38058674335481624,133,135,5.728475377292119,332.3560975381242
1017,50.85,straightline,349,pure_pursuit,3.0,-98.79349517822266,37.302635192871094,-98.4659423828125,37.31499481201172,0.46917852759361267,-0.012507987020698481,0.35,0.0,0.3277858965335589,-0.39233526587485296,133,135,5.656953102159803,332.072401314881
1018,50.900000000000006,straightline,349,pure_pursuit,3.0,-98.50884246826172,37.302974700927734,-98.4659423828125,37.31499481201172,0.43615493178367615,-0.010122349335568331,0.35,0.0,0.04455222106721049,-0.35931167006493636,133,135,5.727180777721952,331.7877571080085
1019,50.95,straightline,349,pure_pursuit,3.0,-98.2249526977539,37.303138732910156,-98.4659423828125,37.31499481201172,0.4499339461326599,-0.009998292089158365,0.35,0.0,0.24128115325549718,-0.37309068441392546,133,135,5.630403593945315,331.5038774079388
1020,51.0,straightline,349,pure_pursuit,3.0,-97.9395751953125,37.30356216430664,-98.4659423828125,37.31499481201172,0.44029298424720764,-0.00870664423773331,0.35,0.0,0.5264913308974883,-0.36344972252844115,133,135,5.752241140467501,331.21850771132995
1021,51.050000000000004,straightline,349,pure_pursuit,3.0,-97.65469360351562,37.30392074584961,-98.4659423828125,37.31499481201172,0.4677375853061676,-0.009193938121197228,0.35,0.0,0.8113243598290591,-0.39089432358744436,133,135,5.680557485416803,330.9336345051774
1022,51.1,straightline,349,pure_pursuit,3.0,-97.3688735961914,37.30464553833008,-96.4659423828125,37.31768035888672,0.4534605145454407,-0.012719864038522736,0.35,0.0,0.903025294574215,-0.37661725282667724,134,136,5.7504513699493724,330.64781962491384
1023,51.150000000000006,straightline,349,pure_pursuit,3.0,-97.08379364013672,37.304988861083984,-96.4659423828125,37.31768035888672,0.4703058898448944,-0.01313769715642127,0.35,0.0,0.6179815938145689,-0.39346262812614186,134,136,5.654085017830337,330.36274822802636
1024,51.2,straightline,349,pure_pursuit,3.0,-96.79730224609375,37.30532455444336,-96.4659423828125,37.31768035888672,0.4491786062717438,-0.011457771049227069,0.35,0.0,0.33159014595915126,-0.37233534455302414,134,136,5.774108347046109,330.076265535271
1025,51.25,straightline,349,pure_pursuit,3.0,-96.51131439208984,37.30543899536133,-96.4659423828125,37.31768035888672,0.4610692858695984,-0.011294841632427156,0.35,0.0,0.04699436356441197,-0.3842260241508367,134,136,5.702174912878498,329.79028838268533
1026,51.300000000000004,straightline,349,pure_pursuit,3.0,-96.22441101074219,37.30584716796875,-96.4659423828125,37.31768035888672,0.43223538994789124,-0.009074097573999153,0.35,0.0,0.24182106628966143,-0.3553921282291521,134,136,5.771990336215246,329.5033930945799
1027,51.35,straightline,349,pure_pursuit,3.0,-95.93827056884766,37.30611801147461,-96.4659423828125,37.31768035888672,0.45097851753234863,-0.009160191474509262,0.35,0.0,0.5277984758699356,-0.3741352558136075,134,136,5.676109642889193,329.2172619757096
1028,51.400000000000006,straightline,349,pure_pursuit,3.0,-95.65068817138672,37.30668258666992,-96.4659423828125,37.31768035888672,0.4454599618911743,-0.008062886044164523,0.35,0.0,0.8153283879770193,-0.368616700172448,134,136,5.794943624109672,328.9296863088579
1029,51.45,straightline,349,pure_pursuit,3.0,-95.36366271972656,37.30717849731445,-94.46595001220703,37.32035827636719,0.4765446186065674,-0.013845913023607504,0.35,0.0,0.8978094518426092,-0.39970135688784136,135,137,5.722842171033009,328.642668201722
1030,51.5,straightline,349,pure_pursuit,3.0,-95.07572174072266,37.30777359008789,-94.46595001220703,37.32035827636719,0.45189031958580017,-0.012202956168872106,0.35,0.0,0.6099015783105348,-0.3750470578670726,135,137,5.792352237080126,328.3547337164879
1031,51.550000000000004,straightline,349,pure_pursuit,3.0,-94.78855895996094,37.307960510253906,-94.46595001220703,37.32035827636719,0.46009305119514465,-0.011982204284463269,0.35,0.0,0.32284708110107213,-0.3832497894763914,135,137,5.696776832906145,328.0675811254374
1032,51.6,straightline,349,pure_pursuit,3.0,-94.50001525878906,37.30828094482422,-94.46595001220703,37.32035827636719,0.4389425814151764,-0.010198927145779907,0.35,0.0,0.03614281341972951,-0.36209931969643844,135,137,5.814251854051249,327.7790464727907
1033,51.650000000000006,straightline,349,pure_pursuit,3.0,-94.2120132446289,37.30845260620117,-94.46595001220703,37.32035827636719,0.45509159564971924,-0.010184555972390541,0.35,0.0,0.25421570940862137,-0.37824833393098584,135,137,5.7420614427335686,327.49105485743775
1034,51.7,straightline,349,pure_pursuit,3.0,-93.92310333251953,37.308963775634766,-94.46595001220703,37.32035827636719,0.4318377673625946,-0.008219033409184019,0.35,0.0,0.5429662533663435,-0.35499450564385043,135,137,5.811479917212668,327.20215230218446
1035,51.75,straightline,349,pure_pursuit,3.0,-93.6349868774414,37.30936813354492,-94.46595001220703,37.32035827636719,0.4555169641971588,-0.008525163674648738,0.35,0.0,0.8310358082409975,-0.37867370247842225,135,137,5.7163980344654455,326.9140441600379
1036,51.800000000000004,straightline,349,pure_pursuit,3.0,-93.34550476074219,37.310062408447266,-92.46595001220703,37.32304000854492,0.4534968435764313,-0.012700325319615633,0.35,0.0,0.8796504838713138,-0.37665358185769493,136,138,5.832547227744875,326.6245677791673
1037,51.85,straightline,349,pure_pursuit,3.0,-93.05658721923828,37.310420989990234,-92.46595001220703,37.32304000854492,0.4737476110458374,-0.013296138919277391,0.35,0.0,0.5907719949007055,-0.3969043493270866,136,138,5.75982889411793,326.33565903117403
1038,51.900000000000006,straightline,349,pure_pursuit,3.0,-92.76679229736328,37.310848236083984,-92.46595001220703,37.32304000854492,0.4402904212474823,-0.011008909388982286,0.35,0.0,0.30108922241384484,-0.3634471595287293,136,138,5.8291171520311265,326.04587232714096
1039,51.95,straightline,349,pure_pursuit,3.0,-92.47779083251953,37.31100845336914,-92.46595001220703,37.32304000854492,0.44872334599494934,-0.010682201709903598,0.35,0.0,0.016880857372206577,-0.37188008427623226,136,138,5.7343525966266915,325.7568815076809
1040,52.0,straightline,349,pure_pursuit,3.0,-92.18746948242188,37.31138229370117,-92.46595001220703,37.32304000854492,0.43173128366470337,-0.009049380301409962,0.35,0.0,0.27872442983132906,-0.3548880219459476,136,138,5.849115102348079,325.46656891924
1041,52.050000000000004,straightline,349,pure_pursuit,3.0,-91.897705078125,37.31166458129883,-92.46595001220703,37.32304000854492,0.4535575807094574,-0.009284715946571234,0.35,0.0,0.5683587823328881,-0.37671431899071495,136,138,5.776298033880238,325.17681410908096
1042,52.1,straightline,349,pure_pursuit,3.0,-91.60708618164062,37.31230545043945,-92.46595001220703,37.32304000854492,0.43584930896759033,-0.007584779325821169,0.35,0.0,0.8589309111872271,-0.3590060472488612,136,138,5.845647029702773,324.88620156824976
1043,52.150000000000006,straightline,349,pure_pursuit,3.0,-91.31725311279297,37.312835693359375,-90.46595001220703,37.325721740722656,0.4636967182159424,-0.013235059743934614,0.35,0.0,0.851400622083329,-0.38685345649720226,137,139,5.751324708710211,324.5963758507647
1044,52.2,straightline,349,pure_pursuit,3.0,-91.02613830566406,37.313377380371094,-90.46595001220703,37.325721740722656,0.4494205117225647,-0.012102896469854367,0.35,0.0,0.5603242876752623,-0.3725772500038254,137,139,5.864879127116418,324.30526835796115
1045,52.25,straightline,349,pure_pursuit,3.0,-90.73558044433594,37.313560485839844,-90.46595001220703,37.325721740722656,0.46041807532310486,-0.012012988889673453,0.35,0.0,0.2699045498881882,-0.38357481360437196,137,139,5.7916971541734155,324.0147211003633
1046,52.300000000000004,straightline,349,pure_pursuit,3.0,-90.44419860839844,37.3139533996582,-90.46595001220703,37.325721740722656,0.4276201128959656,-0.009647040871784193,0.35,0.0,0.024730900085799555,-0.35077685117723817,137,139,5.860983318803181,323.72334799033945
1047,52.35,straightline,349,pure_pursuit,3.0,-90.15360260009766,37.31416320800781,-90.46595001220703,37.325721740722656,0.440996915102005,-0.009497362866390278,0.35,0.0,0.3125612028546471,-0.36415365338326894,137,139,5.767012568774496,323.4327623780853
1048,52.400000000000006,straightline,349,pure_pursuit,3.0,-89.8617172241211,37.31464767456055,-90.46595001220703,37.325721740722656,0.42980238795280457,-0.008131034062750727,0.35,0.0,0.6043342594454398,-0.3529591262340771,137,139,5.879590865214352,323.14088493881445
1049,52.45,straightline,349,pure_pursuit,3.0,-89.5704116821289,37.315059661865234,-90.46595001220703,37.325721740722656,0.4571601152420044,-0.00860766619625272,0.35,0.0,0.8956017979909814,-0.3803168535232775,137,139,5.806394357629071,322.8495879928184
1050,52.5,straightline,349,pure_pursuit,3.0,-89.27828216552734,37.31583023071289,-88.46595764160156,37.32840347290039,0.44411522150039673,-0.012296315491617473,0.35,0.0,0.8124218230638273,-0.36727195978163596,138,140,5.875668698226172,322.55746381170803
1051,52.550000000000004,straightline,349,pure_pursuit,3.0,-88.9869384765625,37.316219329833984,-88.46595764160156,37.32840347290039,0.46112915873527527,-0.012732722590122057,0.35,0.0,0.5211232903439054,-0.38428589701651733,138,140,5.782045125394409,322.2661289615705
1052,52.6,straightline,349,pure_pursuit,3.0,-88.69435119628906,37.31660079956055,-88.46595764160156,37.32840347290039,0.43836510181427,-0.010973730115428964,0.35,0.0,0.2286983142062029,-0.3615218400955431,138,140,5.893326317707846,321.9735506603529
1053,52.650000000000006,straightline,349,pure_pursuit,3.0,-88.40237426757812,37.31675338745117,-88.46595764160156,37.32840347290039,0.44968682527542114,-0.010775865210453952,0.35,0.0,0.06464185906344623,-0.3728435635566799,138,140,5.819683866664064,321.6815848200772
1054,52.7,straightline,349,pure_pursuit,3.0,-88.10956573486328,37.31718826293945,-88.46595764160156,37.32840347290039,0.42152780294418335,-0.008577497234156267,0.35,0.0,0.35656832742549593,-0.3446845412254498,138,140,5.889010647716897,321.3887848163729
1055,52.75,straightline,349,pure_pursuit,3.0,-87.81755828857422,37.3174934387207,-88.46595764160156,37.32840347290039,0.4404688775539398,-0.008654563692879072,0.35,0.0,0.6484911332100693,-0.36362561583521663,138,140,5.795827870429523,321.0967870833357
1056,52.800000000000004,straightline,349,pure_pursuit,3.0,-87.5243148803711,37.3181037902832,-88.46595764160156,37.32840347290039,0.43401315808296204,-0.007497523553699866,0.35,0.0,0.9416990884777134,-0.3571698963642298,138,140,5.9061657804038346,320.8035506278787
1057,52.85,straightline,349,pure_pursuit,3.0,-87.231689453125,37.31864547729492,-86.46595764160156,37.331085205078125,0.4654322862625122,-0.013407404821267403,0.35,0.0,0.7658328499132728,-0.38858902454377514,139,141,5.8323624493183335,320.51093277818063
1058,52.900000000000006,straightline,349,pure_pursuit,3.0,-86.93824005126953,37.319271087646484,-86.46595764160156,37.331085205078125,0.44173476099967957,-0.011822089386264,0.35,0.0,0.4724301512948466,-0.3648914992809338,139,141,5.90160475356257,320.21749022440537
1059,52.95,straightline,349,pure_pursuit,3.0,-86.64562225341797,37.319488525390625,-86.46595764160156,37.331085205078125,0.4498400092124939,-0.011591662647350407,0.35,0.0,0.18003848399415726,-0.37299674749377465,139,141,5.808660385502772,319.9248830480373
1060,53.0,straightline,349,pure_pursuit,3.0,-86.35177612304688,37.3198356628418,-86.46595764160156,37.331085205078125,0.42709535360336304,-0.009714039691897288,0.35,0.0,0.11473435135120334,-0.35025209188460404,139,141,5.91786005391905,319.63104640480475
1061,53.050000000000004,straightline,349,pure_pursuit,3.0,-86.05855560302734,37.320037841796875,-86.46595764160156,37.331085205078125,0.4429359436035156,-0.009664575202483155,0.35,0.0,0.40755179458554364,-0.3660926818847618,139,141,5.843799248694434,319.33783671286795
1062,53.1,straightline,349,pure_pursuit,3.0,-85.7645263671875,37.32057189941406,-86.46595764160156,37.331085205078125,0.42074719071388245,-0.007731750485556752,0.35,0.0,0.7015100586036681,-0.3439039289951559,139,141,5.91322562653957,319.04381526639156
1063,53.150000000000006,straightline,349,pure_pursuit,3.0,-85.4713363647461,37.321006774902344,-86.46595764160156,37.331085205078125,0.44503021240234375,-0.008034174601213442,0.35,0.0,0.9946723375707254,-0.36818695068360047,139,141,5.820691640211599,318.75063395732127
1064,53.2,straightline,349,pure_pursuit,3.0,-85.17691040039062,37.32174301147461,-84.46595764160156,37.33376693725586,0.44242680072784424,-0.012317493981336419,0.35,0.0,0.7110544283112031,-0.36558353900910323,140,142,5.9291289501985665,318.45621394334495
1065,53.25,straightline,349,pure_pursuit,3.0,-84.88314056396484,37.322147369384766,-84.46595764160156,37.33376693725586,0.46272575855255127,-0.012929719810519116,0.35,0.0,0.41734470772860954,-0.3858824968338137,140,142,5.854809250619333,318.16245314186233
1066,53.300000000000004,straightline,349,pure_pursuit,3.0,-84.58856201171875,37.322593688964844,-84.46595764160156,37.33376693725586,0.4299260079860687,-0.010671865221114499,0.35,0.0,0.12311244067601367,-0.3530827462673378,140,142,5.924407814788243,317.86788328478156
1067,53.35,straightline,349,pure_pursuit,3.0,-84.2947998046875,37.32278060913086,-84.46595764160156,37.33376693725586,0.4381735920906067,-0.010320514402033368,0.35,0.0,0.17151007125755321,-0.361330330371843,140,142,5.832689313683195,317.5741321812976
1068,53.400000000000006,straightline,349,pure_pursuit,3.0,-83.99987030029297,37.32319641113281,-84.46595764160156,37.33376693725586,0.4196522533893585,-0.008603331893798,0.35,0.0,0.46620719186927134,-0.34280899167062806,140,142,5.939407294336598,317.2792117086643
1069,53.45,straightline,349,pure_pursuit,3.0,-83.70560455322266,37.323486328125,-84.46595764160156,37.33376693725586,0.4409918189048767,-0.008763416769146602,0.35,0.0,0.760422586415897,-0.36414855718615147,140,142,5.864569412390179,316.9849561614719
1070,53.5,straightline,349,pure_pursuit,3.0,-83.41053771972656,37.32411575317383,-82.46595764160156,37.336448669433594,0.4245017170906067,-0.011703442772025266,0.35,0.0,0.9446605870968162,-0.3476584553718506,141,143,5.9351386058406,316.68989639757353
1071,53.550000000000004,straightline,349,pure_pursuit,3.0,-83.11628723144531,37.32440948486328,-82.46595764160156,37.336448669433594,0.44038820266723633,-0.012051713676212139,0.35,0.0,0.6504410176114804,-0.36354494094847334,141,143,5.843443374330169,316.3956561085886
1072,53.6,straightline,349,pure_pursuit,3.0,-82.82087707519531,37.32472229003906,-82.46595764160156,37.336448669433594,0.41758060455322266,-0.010279191057957278,0.35,0.0,0.3551130979226376,-0.3407373428345004,141,143,5.949469562565117,316.10025604287694
1073,53.650000000000006,straightline,349,pure_pursuit,3.0,-82.52613067626953,37.3248176574707,-82.46595764160156,37.336448669433594,0.429998517036438,-0.010142742419793412,0.35,0.0,0.06128682191493922,-0.35315525531768927,141,143,5.87436806200208,315.8055217690391
1074,53.7,straightline,349,pure_pursuit,3.0,-82.23057556152344,37.32521057128906,-82.46595764160156,37.336448669433594,0.40405508875846863,-0.008073949308032182,0.35,0.0,0.23565020363201677,-0.3272118270397048,141,143,5.94514303549083,315.50997603737306
1075,53.75,straightline,349,pure_pursuit,3.0,-81.93583679199219,37.325496673583984,-82.46595764160156,37.336448669433594,0.42442411184310913,-0.008267615048432759,0.35,0.0,0.5302339685494089,-0.34758085012438167,141,143,5.854328200128488,315.215247638881
1076,53.800000000000004,straightline,349,pure_pursuit,3.0,-81.63992309570312,37.32607650756836,-82.46595764160156,37.336448669433594,0.417667955160141,-0.007125989711701775,0.35,0.0,0.8260996627280491,-0.3408246934414068,141,143,5.958894289007509,314.9193416165288
1077,53.85,straightline,349,pure_pursuit,3.0,-81.34468078613281,37.32658767700195,-80.46595764160156,37.33913040161133,0.44942957162857056,-0.012753822378274143,0.35,0.0,0.8788126561876056,-0.372586309909812,142,144,5.88388439560651,314.62410761427674
1078,53.900000000000006,straightline,349,pure_pursuit,3.0,-81.0486068725586,37.32720184326172,-80.46595764160156,37.33913040161133,0.42756035923957825,-0.011272487204067686,0.35,0.0,0.582771324654122,-0.35071709752083347,142,144,5.954664729368514,314.32804108914934
1079,53.95,straightline,349,pure_pursuit,3.0,-80.75334167480469,37.3274040222168,-80.46595764160156,37.33913040161133,0.4374120831489563,-0.011147935519185716,0.35,0.0,0.2876231745075479,-0.3605688214302393,142,144,5.864487453063907,314.0327871514167
1080,54.0,straightline,349,pure_pursuit,3.0,-80.45692443847656,37.32773208618164,-80.46595764160156,37.33913040161133,0.41496649384498596,-0.009297443311416258,0.35,0.0,0.014543739317388837,-0.3381232321262566,142,144,5.968314572615659,313.73638005746704
1081,54.050000000000004,straightline,349,pure_pursuit,3.0,-80.1611557006836,37.327903747558594,-80.46595764160156,37.33913040161133,0.4316999018192291,-0.00930460701412458,0.35,0.0,0.30500862438393556,-0.3548566401004652,142,144,5.893390045174825,313.4406229328595
1082,54.1,straightline,349,pure_pursuit,3.0,-79.86456298828125,37.32839584350586,-80.46595764160156,37.33913040161133,0.41094645857810974,-0.007443008763191923,0.35,0.0,0.6014904486190771,-0.33410319685938344,142,144,5.964514165238758,313.1440388571708
1083,54.150000000000006,straightline,349,pure_pursuit,3.0,-79.56875610351562,37.328765869140625,-80.46595764160156,37.33913040161133,0.43599244952201843,-0.007763322897831638,0.35,0.0,0.8972614019766526,-0.35914918780325233,142,144,5.8749099356256185,312.8482417481927
1084,54.2,straightline,349,pure_pursuit,3.0,-79.27179718017578,37.32946014404297,-78.4659652709961,37.34181213378906,0.4329286217689514,-0.011825019905342755,0.35,0.0,0.8059265707884731,-0.3560853600502333,143,145,5.978406188949964,312.55128959510023
1085,54.25,straightline,349,pure_pursuit,3.0,-78.97549438476562,37.329811096191406,-78.4659652709961,37.34181213378906,0.45402419567108154,-0.012447766764031533,0.35,0.0,0.5096704255518307,-0.3771809339523472,143,145,5.903314274064804,312.2549968144256
1086,54.300000000000004,straightline,349,pure_pursuit,3.0,-78.67839050292969,37.330230712890625,-78.4659652709961,37.34181213378906,0.42309701442718506,-0.010272938014331082,0.35,0.0,0.21274070713445478,-0.34625375270843917,143,145,5.974624110396516,311.9579023504141
1087,54.35,straightline,349,pure_pursuit,3.0,-78.38208770751953,37.33038330078125,-78.4659652709961,37.34181213378906,0.4327785074710846,-0.009978324403169174,0.35,0.0,0.08465260704009792,-0.355935245752362,143,145,5.884915320013014,311.66161149476346
1088,54.400000000000006,straightline,349,pure_pursuit,3.0,-78.08464813232422,37.33076477050781,-78.4659652709961,37.34181213378906,0.41460973024368286,-0.008254509573999055,0.35,0.0,0.38147713493782803,-0.33776646852496595,143,145,5.988027662833062,311.36418175482004
1089,54.45,straightline,349,pure_pursuit,3.0,-77.78787231445312,37.33104705810547,-78.4659652709961,37.34181213378906,0.4370305836200714,-0.008471913950409561,0.35,0.0,0.6781784017260193,-0.3601873219013231,143,145,5.913048360416464,311.06741670626747
1090,54.5,straightline,349,pure_pursuit,3.0,-77.49026489257812,37.331687927246094,-78.4659652709961,37.34181213378906,0.421956330537796,-0.006855570340043457,0.35,0.0,0.9757529031486876,-0.3451130688190793,143,145,5.984333727729011,310.7698166933232
1091,54.550000000000004,straightline,349,pure_pursuit,3.0,-77.1934814453125,37.33222198486328,-76.4659652709961,37.3444938659668,0.45133736729621887,-0.012671943900224037,0.35,0.0,0.7276196691663842,-0.3744941055774555,144,146,5.895142921292384,310.47304165214905
1092,54.6,straightline,349,pure_pursuit,3.0,-76.89556121826172,37.33278274536133,-76.4659652709961,37.3444938659668,0.4361492693424225,-0.01148216501172746,0.35,0.0,0.4297555447610717,-0.35930600762369475,144,146,5.997772835674122,310.1751296450377
1093,54.650000000000006,straightline,349,pure_pursuit,3.0,-76.59830474853516,37.332969665527344,-76.4659652709961,37.3444938659668,0.44717323780059814,-0.01136104053729299,0.35,0.0,0.13284029701517805,-0.3703299760818822,144,146,5.9231277079542,309.87788495454316
1094,54.7,straightline,349,pure_pursuit,3.0,-76.30023956298828,37.33335494995117,-76.4659652709961,37.3444938659668,0.4160804748535156,-0.009039147538219957,0.35,0.0,0.16609962596193248,-0.33923721313476035,144,146,5.994683003041367,309.5798297104422
1095,54.75,straightline,349,pure_pursuit,3.0,-76.00298309326172,37.33359146118164,-76.4659652709961,37.3444938659668,0.43033355474472046,-0.008898369627758931,0.35,0.0,0.4631105260407755,-0.3534902930259654,144,146,5.905780953660972,309.28258458905503
1096,54.800000000000004,straightline,349,pure_pursuit,3.0,-75.70460510253906,37.3341064453125,-76.4659652709961,37.3444938659668,0.41802018880844116,-0.007432933839151728,0.15,0.0,0.7614310242042731,-0.3411769270897042,144,146,6.007636182678383,308.98421535185463
1097,54.85,straightline,349,pure_pursuit,3.0,-75.40711212158203,37.33454895019531,-74.4659652709961,37.34717559814453,0.4456196129322052,-0.012640420773230585,0.35,0.0,0.9412315478171471,-0.3687763512134603,145,147,5.920487408893985,308.6867317965311
1098,54.900000000000006,straightline,349,pure_pursuit,3.0,-75.10997009277344,37.335113525390625,-74.4659652709961,37.34717559814453,0.42094969749450684,-0.0109844195259394,0.35,0.0,0.6441177718954731,-0.3441064357757669,145,147,5.966371962926096,308.3895980245109
1099,54.95,straightline,349,pure_pursuit,3.0,-74.81489562988281,37.33530807495117,-74.4659652709961,37.34717559814453,0.42982232570648193,-0.010816370089884023,0.35,0.0,0.34913211462075394,-0.35297906398774953,145,147,5.85547969592556,308.09453529399997
1100,55.0,straightline,349,pure_pursuit,3.0,-74.51958465576172,37.33564758300781,-74.4659652709961,37.34717559814453,0.4065035879611969,-0.008946689376035561,0.35,0.0,0.0548446310557064,-0.32966032624247943,145,147,5.940971581475296,307.7992346922249
1101,55.050000000000004,straightline,349,pure_pursuit,3.0,-74.22551727294922,37.335819244384766,-74.4659652709961,37.34717559814453,0.4246913492679596,-0.009060244261378114,0.35,0.0,0.24071602882954626,-0.3478480875492389,145,147,5.854215861414211,307.50517925947594
1102,55.1,straightline,349,pure_pursuit,3.0,-73.93096923828125,37.33631896972656,-74.4659652709961,37.34717559814453,0.4061964452266693,-0.0073593834898992485,0.35,0.0,0.5351061776892769,-0.32935318350792026,145,147,5.922724670873623,307.21064006081787
1103,55.150000000000006,straightline,349,pure_pursuit,3.0,-73.6374282836914,37.336708068847656,-74.4659652709961,37.34717559814453,0.4328901767730713,-0.007833984431876204,0.35,0.0,0.8286031067414054,-0.356046915054352,145,147,5.829230921591846,306.91710897939396
1104,55.2,straightline,349,pure_pursuit,3.0,-73.34281921386719,37.337398529052734,-72.4659652709961,37.349857330322266,0.4305054247379303,-0.011792882390686023,0.35,0.0,0.8769424489997374,-0.35366216301920833,146,148,5.9316731867814365,306.6225069451649
1105,55.25,straightline,349,pure_pursuit,3.0,-73.04888153076172,37.337764739990234,-72.4659652709961,37.349857330322266,0.45258259773254395,-0.012498233403590183,0.35,0.0,0.5830416765893189,-0.3757393360137939,146,148,5.855991812056554,306.3285794111689
1106,55.300000000000004,straightline,349,pure_pursuit,3.0,-72.75411224365234,37.33818435668945,-72.4659652709961,37.349857330322266,0.4222683012485504,-0.010380529152315835,0.35,0.0,0.2883833146428448,-0.34542503952979614,146,148,5.927998783368726,306.0338198159747
1107,55.35,straightline,349,pure_pursuit,3.0,-72.46012115478516,37.338340759277344,-72.4659652709961,37.349857330322266,0.43239283561706543,-0.010146589596235307,0.35,0.0,0.012914530689098827,-0.3555495738983312,146,148,5.8379237050573956,305.739840946913
1108,55.400000000000006,straightline,349,pure_pursuit,3.0,-72.1649169921875,37.33871078491211,-72.4659652709961,37.349857330322266,0.41454872488975525,-0.008470005858052786,0.35,0.0,0.30125456286701696,-0.337705463171037,146,148,5.943881510557769,305.4446470171258
1109,55.45,straightline,349,pure_pursuit,3.0,-71.87032318115234,37.3389778137207,-72.4659652709961,37.349857330322266,0.4368392527103424,-0.008718266558530708,0.35,0.0,0.595741439783161,-0.35999599099161317,146,148,5.869830555185475,305.1500644281248
1110,55.5,straightline,349,pure_pursuit,3.0,-71.57485961914062,37.339595794677734,-72.4659652709961,37.349857330322266,0.42091870307922363,-0.007091011537860213,0.35,0.0,0.89116473330274,-0.34407544136046936,146,148,5.941970282943524,304.8546087488453
1111,55.550000000000004,straightline,349,pure_pursuit,3.0,-71.2801513671875,37.34011459350586,-70.46597290039062,37.3525390625,0.4496721625328064,-0.01269147715918468,0.35,0.0,0.8142732607825806,-0.3728289008140642,147,149,5.852471601322924,304.5599093227832
1112,55.6,straightline,349,pure_pursuit,3.0,-70.98424530029297,37.34064865112305,-70.46597290039062,37.3525390625,0.4346114695072174,-0.01151006510815894,0.35,0.0,0.5184087792304911,-0.35776820778849405,147,149,5.957944541063537,304.26401200807214
1113,55.650000000000006,straightline,349,pure_pursuit,3.0,-70.6889419555664,37.34082794189453,-70.46597290039062,37.3525390625,0.446090966463089,-0.011436063634946658,0.35,0.0,0.22327639801782995,-0.3692477047443314,147,149,5.883790247122066,303.9687208523037
1114,55.7,straightline,349,pure_pursuit,3.0,-70.39278411865234,37.34120178222656,-70.46597290039062,37.3525390625,0.415058970451355,-0.00914022463441152,0.35,0.0,0.07406167494954624,-0.3382157087326376,147,149,5.955722313103908,303.6725733763724
1115,55.75,straightline,349,pure_pursuit,3.0,-70.0973892211914,37.34140396118164,-70.46597290039062,37.3525390625,0.429330974817276,-0.009014381660275392,0.35,0.0,0.3687518393898568,-0.35248771309854265,147,149,5.866376920628532,303.3771904954394
1116,55.800000000000004,straightline,349,pure_pursuit,3.0,-69.80081176757812,37.34188461303711,-70.46597290039062,37.3525390625,0.4171864986419678,-0.0075724852174547585,0.35,0.0,0.6652464580121908,-0.3403432369232196,147,149,5.971138164281788,303.08062242489234
1117,55.85,straightline,349,pure_pursuit,3.0,-69.50484466552734,37.3422966003418,-70.46597290039062,37.3525390625,0.4450116455554962,-0.008041286931268137,0.35,0.0,0.9611828087738924,-0.3681683838367791,147,149,5.896920549443573,302.7846653655556
1118,55.900000000000006,straightline,349,pure_pursuit,3.0,-69.2080307006836,37.34306716918945,-68.46597290039062,37.355220794677734,0.43388426303863525,-0.011852322224586282,0.35,0.0,0.742157321319509,-0.35704100131991234,148,150,5.968828787363693,302.4878580048244
1119,55.95,straightline,349,pure_pursuit,3.0,-68.91199493408203,37.34346008300781,-68.46597290039062,37.355220794677734,0.45186713337898254,-0.012329833548551678,0.35,0.0,0.44617706000779667,-0.3750238716602374,148,150,5.879562522964591,302.1918325080969
1120,56.0,straightline,349,pure_pursuit,3.0,-68.61478424072266,37.34385299682617,-68.46597290039062,37.355220794677734,0.42804041504859924,-0.010505442242697078,0.35,0.0,0.14924490557271836,-0.35119715332986334,148,150,5.983450012266261,301.89463216138887
1121,56.050000000000004,straightline,349,pure_pursuit,3.0,-68.31820678710938,37.34400177001953,-68.46597290039062,37.355220794677734,0.4393596649169922,-0.010278424272348834,0.35,0.0,0.1481913990369501,-0.36251640319825795,148,150,5.909028787297277,301.5980674334522
1122,56.1,straightline,349,pure_pursuit,3.0,-68.02078247070312,37.34443664550781,-68.46597290039062,37.355220794677734,0.4125889241695404,-0.008123997966053844,0.35,0.0,0.44532102640528887,-0.33574566245078774,148,150,5.980914400653648,301.30065310691907
1123,56.150000000000006,straightline,349,pure_pursuit,3.0,-67.72415161132812,37.344749450683594,-68.46597290039062,37.355220794677734,0.43230560421943665,-0.008205215094281442,0.35,0.0,0.7418951906781663,-0.35546234250070063,148,150,5.891875818093285,301.0040334159756
1124,56.2,straightline,349,pure_pursuit,3.0,-67.42633819580078,37.345367431640625,-66.46597290039062,37.35790252685547,0.42508354783058167,-0.011644739466045545,0.35,0.0,0.9604470986162027,-0.34825554490089417,149,151,5.995082433430878,300.7062282548539
1125,56.25,straightline,349,pure_pursuit,3.0,-67.12918090820312,37.345672607421875,-66.46597290039062,37.35790252685547,0.4444405734539032,-0.0121744369135087,0.35,0.0,0.6633207614389718,-0.3676125705242157,149,151,5.920433880055314,300.40908227819375
1126,56.300000000000004,straightline,349,pure_pursuit,3.0,-66.83119201660156,37.346065521240234,-66.46597290039062,37.35790252685547,0.41383934020996094,-0.010030531894141348,0.35,0.0,0.36541088865526894,-0.33701133728027344,149,151,5.992280835969422,300.11110389834215
1127,56.35,straightline,349,pure_pursuit,3.0,-66.53398132324219,37.34621047973633,-66.46597290039062,37.35790252685547,0.4244152307510376,-0.009823780803831417,0.35,0.0,0.06900615584564274,-0.3475872278213501,149,151,5.90346270080155,299.81390613886606
1128,56.400000000000006,straightline,349,pure_pursuit,3.0,-66.23563385009766,37.346588134765625,-66.46597290039062,37.35790252685547,0.4069546163082123,-0.008184784118503206,0.15,0.0,0.23061676772999293,-0.3301266133785248,149,151,6.005993772668769,299.5155693899497
1129,56.45,straightline,349,pure_pursuit,3.0,-65.93814086914062,37.34687042236328,-66.46597290039062,37.35790252685547,0.4293120801448822,-0.00846728751227117,0.35,0.0,0.5279473084911291,-0.3524840772151947,149,151,5.919003420453477,299.21808805312645
1130,56.5,straightline,349,pure_pursuit,3.0,-65.64099884033203,37.3475227355957,-66.46597290039062,37.35790252685547,0.41287922859191895,-0.006868331890131009,0.35,0.0,0.8250393565377088,-0.3360512256622315,149,151,5.965264838808729,298.9209540264389
1131,56.550000000000004,straightline,349,pure_pursuit,3.0,-65.34590911865234,37.34805679321289,-64.46597290039062,37.3605842590332,0.440967321395874,-0.012314874570808133,0.35,0.0,0.8800253891840929,-0.3641393184661865,150,152,5.854600624181419,298.62587339115277
1132,56.6,straightline,349,pure_pursuit,3.0,-65.05058288574219,37.3486213684082,-64.46597290039062,37.3605842590332,0.4248160719871521,-0.011108182191386333,0.35,0.0,0.5847323710252921,-0.3479880690574646,150,152,5.940302972533414,298.3305559737355
1133,56.650000000000006,straightline,349,pure_pursuit,3.0,-64.75650787353516,37.34881591796875,-64.46597290039062,37.3605842590332,0.43767672777175903,-0.011141110241946884,0.35,0.0,0.29077321828446095,-0.36084872484207153,150,152,5.853395700247123,298.0364933916115
1134,56.7,straightline,349,pure_pursuit,3.0,-64.4619369506836,37.34919738769531,-64.46597290039062,37.3605842590332,0.40884891152381897,-0.008995984062268021,0.35,0.0,0.012080965561715697,-0.33202090859413147,150,152,5.922133600973701,297.74193309860055
1135,56.75,straightline,349,pure_pursuit,3.0,-64.16838836669922,37.34939956665039,-64.46597290039062,37.3605842590332,0.42484337091445923,-0.009000312276548952,0.35,0.0,0.2977946474267626,-0.34801536798477173,150,152,5.8284653357216625,297.44839689112075
1136,56.800000000000004,straightline,349,pure_pursuit,3.0,-63.8737907409668,37.34987258911133,-64.46597290039062,37.3605842590332,0.4135441780090332,-0.007641200179872037,0.35,0.0,0.5922790303669238,-0.3367161750793457,150,152,5.93101911924447,297.15380903383664
1137,56.85,straightline,349,pure_pursuit,3.0,-63.57988739013672,37.35025405883789,-64.46597290039062,37.3605842590332,0.4420744776725769,-0.008176670649679564,0.35,0.0,0.8861457242000328,-0.3652464747428894,150,152,5.855305412789256,296.85991634549663
1138,56.900000000000006,straightline,349,pure_pursuit,3.0,-63.28513717651367,37.35099792480469,-62.46597671508789,37.36326599121094,0.4309903383255005,-0.011806004974551781,0.35,0.0,0.819252321947669,-0.354162335395813,151,153,5.927432648280028,296.565173260414
1139,56.95,straightline,349,pure_pursuit,3.0,-62.99117660522461,37.351356506347656,-62.46597671508789,37.36326599121094,0.44941315054893494,-0.012304413976434298,0.35,0.0,0.5253349031135569,-0.37258514761924744,151,153,5.837416675264509,296.2712236221017
1140,57.0,straightline,349,pure_pursuit,3.0,-62.69600296020508,37.35172653198242,-62.46597671508789,37.36326599121094,0.4265565574169159,-0.010538882775733704,0.35,0.0,0.23031550656002084,-0.3497285544872284,151,153,5.943357622627815,295.97606087838705
1141,57.050000000000004,straightline,349,pure_pursuit,3.0,-62.40143966674805,37.35185623168945,-62.46597671508789,37.36326599121094,0.438690185546875,-0.010372786716890096,0.35,0.0,0.06553787623014215,-0.3618621826171875,151,153,5.869324794178595,295.68151087000416
1142,57.1,straightline,349,pure_pursuit,3.0,-62.10600280761719,37.35227584838867,-62.46597671508789,37.36326599121094,0.4121129810810089,-0.008250625151593204,0.35,0.0,0.3601416350534608,-0.3352849781513214,151,153,5.941404918010055,295.38608447780945
1143,57.150000000000006,straightline,349,pure_pursuit,3.0,-61.81132507324219,37.352561950683594,-62.46597671508789,37.36326599121094,0.43191224336624146,-0.008358631505219993,0.35,0.0,0.6547391455036775,-0.35508424043655396,151,153,5.851854907347987,295.0914185253191
1144,57.2,straightline,349,pure_pursuit,3.0,-61.51544189453125,37.3531494140625,-62.46597671508789,37.36326599121094,0.42483243346214294,-0.007145720062838906,0.35,0.0,0.9505886545840136,-0.34800443053245544,151,153,5.957551896625035,294.7955442051791
1145,57.25,straightline,349,pure_pursuit,3.0,-61.22016525268555,37.35367202758789,-60.465980529785156,37.36594772338867,0.4565490782260895,-0.013013820254719304,0.35,0.0,0.7542846206596899,-0.379721075296402,152,154,5.883358805308298,294.50027705823817
1146,57.300000000000004,straightline,349,pure_pursuit,3.0,-60.92403030395508,37.354278564453125,-60.465980529785156,37.36594772338867,0.43406835198402405,-0.011477739039394152,0.35,0.0,0.45819839031513354,-0.35724034905433655,152,154,5.955228103376384,294.20415082850025
1147,57.35,straightline,349,pure_pursuit,3.0,-60.62868118286133,37.3544807434082,-60.465980529785156,37.36594772338867,0.4429318904876709,-0.011270726231162919,0.35,0.0,0.16310424317376082,-0.3661038875579834,152,154,5.865739545420362,293.9088144506998
1148,57.400000000000006,straightline,349,pure_pursuit,3.0,-60.33212661743164,37.35482406616211,-60.465980529785156,37.36594772338867,0.4197179675102234,-0.00935662987850697,0.35,0.0,0.13431532154760564,-0.3428899645805359,152,154,5.97051039010415,293.6122713015182
1149,57.45,straightline,349,pure_pursuit,3.0,-60.03620147705078,37.35501480102539,-60.465980529785156,37.36594772338867,0.4358918368816376,-0.009302630494656091,0.35,0.0,0.4299180886641759,-0.3590638339519501,152,154,5.896244497658587,293.31635909847
1150,57.5,straightline,349,pure_pursuit,3.0,-59.739418029785156,37.35554122924805,-60.465980529785156,37.36594772338867,0.41501474380493164,-0.0074163790672688405,0.35,0.0,0.7266370218524163,-0.33818674087524414,152,154,5.968154372756051,293.0195852906414
1151,57.550000000000004,straightline,349,pure_pursuit,3.0,-59.44342041015625,37.35596466064453,-58.465980529785156,37.368629455566406,0.4401051104068756,-0.012404041468771061,0.35,0.0,0.977521926490793,-0.3632771074771881,153,155,5.878966328240355,292.72359832532356
1152,57.6,straightline,349,pure_pursuit,3.0,-59.146244049072266,37.356441497802734,-58.465980529785156,37.368629455566406,0.4237775504589081,-0.011141877784816906,0.35,0.0,0.6803726934462703,-0.3469495475292206,153,155,5.982869548358022,292.4264321636268
1153,57.650000000000006,straightline,349,pure_pursuit,3.0,-58.849700927734375,37.356590270996094,-58.465980529785156,37.368629455566406,0.4358973205089569,-0.011116791096273091,0.35,0.0,0.3839092155281309,-0.3590693175792694,153,155,5.908400593478981,292.1299025304643
1154,57.7,straightline,349,pure_pursuit,3.0,-58.55232238769531,37.35693359375,-58.465980529785156,37.368629455566406,0.40620070695877075,-0.008906999942288493,0.35,0.0,0.08713041725486044,-0.32937270402908325,153,155,5.979727287927496,291.8325355899338
1155,57.75,straightline,349,pure_pursuit,3.0,-58.25572967529297,37.35711669921875,-58.465980529785156,37.368629455566406,0.4217722713947296,-0.008886754738136205,0.35,0.0,0.21056582194984896,-0.3449442684650421,153,155,5.890663309149806,291.535956075535
1156,57.800000000000004,straightline,349,pure_pursuit,3.0,-57.957977294921875,37.35759735107422,-58.465980529785156,37.368629455566406,0.4102137088775635,-0.007530666710671668,0.35,0.0,0.5081230106589197,-0.333385705947876,153,155,5.993745286059531,291.2382139783246
1157,57.85,straightline,349,pure_pursuit,3.0,-57.66087341308594,37.35801315307617,-58.465980529785156,37.368629455566406,0.438292920589447,-0.008091710195855263,0.35,0.0,0.8051771079944422,-0.3614649176597595,153,155,5.919269321616674,290.9411210230168
1158,57.900000000000006,straightline,349,pure_pursuit,3.0,-57.36293029785156,37.35877227783203,-56.465980529785156,37.371307373046875,0.42711129784584045,-0.011610100469109503,0.35,0.0,0.8970373543205573,-0.35028329491615295,154,156,5.99126414133362,290.6431854318566
1159,57.95,straightline,349,pure_pursuit,3.0,-57.06577682495117,37.35915756225586,-56.465980529785156,37.371307373046875,0.4453989863395691,-0.01211984143819022,0.35,0.0,0.5999193392424815,-0.36857098340988165,154,156,5.902450360545241,290.34604323951527
1160,58.0,straightline,349,pure_pursuit,3.0,-56.76747512817383,37.35956573486328,-56.465980529785156,37.371307373046875,0.42235493659973145,-0.010374053506047608,0.15,0.0,0.30172314946782086,-0.34552693367004395,154,156,6.004689539689705,290.04775267409997
1161,58.050000000000004,straightline,349,pure_pursuit,3.0,-56.47003936767578,37.359737396240234,-56.465980529785156,37.371307373046875,0.43413203954696655,-0.010230538228910633,0.35,0.0,0.012261261286204417,-0.35730403661727905,154,156,5.917678980695814,289.7503304195945
1162,58.1,straightline,349,pure_pursuit,3.0,-56.17295455932617,37.36019515991211,-56.465980529785156,37.371307373046875,0.4067363142967224,-0.008111185503353083,0.35,0.0,0.29323659499486426,-0.3299083113670349,154,156,5.963818446606721,289.4532562264311
1163,58.150000000000006,straightline,349,pure_pursuit,3.0,-55.87791442871094,37.36050033569336,-56.465980529785156,37.371307373046875,0.42550352215766907,-0.008211011038998654,0.35,0.0,0.5881653945014051,-0.34867551922798157,154,156,5.853291681515103,289.1582281765821
1164,58.2,straightline,349,pure_pursuit,3.0,-55.58263397216797,37.361083984375,-56.465980529785156,37.371307373046875,0.41617271304130554,-0.006913549423213555,0.35,0.0,0.8834057156992314,-0.33934471011161804,154,156,5.939270655195753,288.86295701001694
1165,58.25,straightline,349,pure_pursuit,3.0,-55.288631439208984,37.36158752441406,-54.46598434448242,37.373992919921875,0.4477579891681671,-0.012577157413474437,0.35,0.0,0.8227406251667406,-0.37092998623847967,155,157,5.852252752809138,288.5689645354449
1166,58.300000000000004,straightline,349,pure_pursuit,3.0,-54.99413299560547,37.36219024658203,-54.46598434448242,37.373992919921875,0.42689916491508484,-0.011135930860560622,0.35,0.0,0.5282805133459505,-0.3500711619853974,155,157,5.92105818278731,288.27447518834117
1167,58.35,straightline,349,pure_pursuit,3.0,-54.70064926147461,37.36241149902344,-54.46598434448242,37.373992919921875,0.43806374073028564,-0.011083908873455244,0.35,0.0,0.23495053219130407,-0.36123573780059814,155,157,5.82733675978171,287.98100440188307
1168,58.400000000000006,straightline,349,pure_pursuit,3.0,-54.40611267089844,37.36276626586914,-54.46598434448242,37.373992919921875,0.4167484641075134,-0.009303348687405344,0.35,0.0,0.06091514638385883,-0.3399204611778259,155,157,5.929964335207222,287.6864794795386
1169,58.45,straightline,349,pure_pursuit,3.0,-54.11227035522461,37.36296081542969,-54.46598434448242,37.373992919921875,0.43460613489151,-0.009375816471310621,0.35,0.0,0.3538859894460396,-0.3577781319618225,155,157,5.854107847652458,287.3926504546609
1170,58.5,straightline,349,pure_pursuit,3.0,-53.81760025024414,37.363487243652344,-54.46598434448242,37.373992919921875,0.4144708216190338,-0.007566991759322889,0.35,0.0,0.6484691996502815,-0.3376428186893463,155,157,5.926180054122495,287.0979903224178
1171,58.550000000000004,straightline,349,pure_pursuit,3.0,-53.52372741699219,37.36390686035156,-54.46598434448242,37.373992919921875,0.439679354429245,-0.00793150619793925,0.35,0.0,0.9423109072917456,-0.3628513514995575,155,157,5.835924531899834,286.804128533185
1172,58.6,straightline,349,pure_pursuit,3.0,-53.22864532470703,37.36463165283203,-52.46598434448242,37.376670837402344,0.43653133511543274,-0.0094039877623925,0.35,0.0,0.762755998155557,-0.3597033321857453,156,158,5.942024664189865,286.50905445035835
1173,58.650000000000006,straightline,349,pure_pursuit,3.0,-52.93416976928711,37.36513137817383,-52.46598434448242,37.376670837402344,0.4642622470855713,-0.010304551123865989,0.35,0.0,0.4683276108866872,-0.3874342441558838,156,158,5.868161166082139,286.2145891945427
1174,58.7,straightline,349,pure_pursuit,3.0,-52.63880157470703,37.36581802368164,-52.46598434448242,37.376670837402344,0.44472283124923706,-0.008736700126164516,0.35,0.0,0.17315766985080944,-0.36789482831954956,156,158,5.940133567846575,285.91922945370476
1175,58.75,straightline,349,pure_pursuit,3.0,-52.34419631958008,37.366302490234375,-52.46598434448242,37.376670837402344,0.46571606397628784,-0.009091536826071655,0.35,0.0,0.12222857944281863,-0.3888880610466004,156,158,5.850564705215798,285.6246347041173
1176,58.800000000000004,straightline,349,pure_pursuit,3.0,-52.04838562011719,37.367027282714844,-52.46598434448242,37.376670837402344,0.4563656151294708,-0.007902634210688264,0.35,0.0,0.41771005822039026,-0.3795376121997833,156,158,5.956104141655456,285.3288321302041
1177,58.85,straightline,349,pure_pursuit,3.0,-51.75318908691406,37.367637634277344,-52.46598434448242,37.376670837402344,0.4843301773071289,-0.008473401283240868,0.35,0.0,0.7128524938377092,-0.4075021743774414,156,158,5.881954279765439,285.0336448840499
1178,58.900000000000006,straightline,349,pure_pursuit,3.0,-51.45712661743164,37.36857986450195,-50.47244644165039,37.37940216064453,0.47171035408973694,-0.00934381146769565,0.35,0.0,0.9847396461351554,-0.37138381600379944,157,159,5.953963907404565,284.7375883572113
1179,58.95,straightline,349,pure_pursuit,3.0,-51.161834716796875,37.36927795410156,-50.47244644165039,37.37940216064453,0.4956389367580414,-0.010074838607542099,0.35,0.0,0.6894626120882622,-0.39531239867210394,157,159,5.864521674293529,284.4423048847472
1180,59.0,straightline,349,pure_pursuit,3.0,-50.86534881591797,37.3701171875,-50.47244644165039,37.37940216064453,0.48352423310279846,-0.008904098771952536,0.35,0.0,0.39301206906581726,-0.383197695016861,157,159,5.969316978959942,284.14582604178156
1181,59.050000000000004,straightline,349,pure_pursuit,3.0,-50.569480895996094,37.37078094482422,-50.47244644165039,37.37940216064453,0.5063973069190979,-0.009393296767296016,0.35,0.0,0.09741668590333358,-0.40607076883316046,157,159,5.89510603218812,283.84996697169817
1182,59.1,straightline,349,pure_pursuit,3.0,-50.27275848388672,37.371726989746094,-50.47244644165039,37.37940216064453,0.4881681203842163,-0.007800577623287058,0.35,0.0,0.19983540408082404,-0.38784158229827886,157,159,5.967009939652565,283.55325056483974
1183,59.150000000000006,straightline,349,pure_pursuit,3.0,-49.976810455322266,37.37253189086914,-50.47244644165039,37.37940216064453,0.5130399465560913,-0.008280174985254497,0.35,0.0,0.49568360024338104,-0.41271340847015386,157,159,5.877710245537103,283.25730997208666
1184,59.2,straightline,349,pure_pursuit,3.0,-49.67967987060547,37.37360382080078,-50.47244644165039,37.37940216064453,0.5079990029335022,-0.007256276946561293,0.35,0.0,0.7927877754552392,-0.4076724648475647,157,159,5.981828963139978,282.96018414733817
1185,59.25,straightline,349,pure_pursuit,3.0,-49.38318634033203,37.37458038330078,-48.50883865356445,37.38606643676758,0.540002167224884,-0.011418778592623677,0.35,0.0,0.8744231279992868,-0.3073514103889466,158,160,5.9073592803660455,282.66369634229477
1186,59.300000000000004,straightline,349,pure_pursuit,3.0,-49.085853576660156,37.37571334838867,-48.50883865356445,37.38606643676758,0.5216561555862427,-0.010067680568709905,0.35,0.0,0.5771077957488719,-0.28900539875030523,158,160,5.9791671677357385,282.3663677472592
1187,59.35,straightline,349,pure_pursuit,3.0,-48.78929901123047,37.376522064208984,-48.50883865356445,37.38606643676758,0.5375070571899414,-0.010260387961689373,0.35,0.0,0.2806227133887894,-0.30485630035400385,158,160,5.890085645072108,282.06982067647493
1188,59.400000000000006,straightline,349,pure_pursuit,3.0,-48.491580963134766,37.37750244140625,-48.50883865356445,37.38606643676758,0.5208211541175842,-0.008746808650058566,0.35,0.0,0.019265770047308704,-0.28817039728164673,158,160,5.993425758434478,281.77210842624265
1189,59.45,straightline,349,pure_pursuit,3.0,-48.19450759887695,37.37833786010742,-48.50883865356445,37.38606643676758,0.5419882535934448,-0.009034481161122192,0.35,0.0,0.3144260530524594,-0.3093374967575074,158,160,5.918887020520844,281.4750423427799
1190,59.5,straightline,349,pure_pursuit,3.0,-47.89657974243164,37.379493713378906,-48.50883865356445,37.38606643676758,0.5242830514907837,-0.007385288148958612,0.35,0.0,0.6122941898746722,-0.29163229465484625,158,160,5.9907484480082935,281.1771185085828
1191,59.550000000000004,straightline,349,pure_pursuit,3.0,-47.599456787109375,37.38052749633789,-48.50883865356445,37.38606643676758,0.5506526231765747,-0.007835632091810093,0.35,0.0,0.9093987348234025,-0.3180018663406372,158,160,5.901829488733148,280.88000081193064
1192,59.6,straightline,349,pure_pursuit,3.0,-47.30118179321289,37.381858825683594,-46.508853912353516,37.394187927246094,0.5474944114685059,-0.010980940825054197,0.15,0.0,0.7924237991961413,-0.3148436546325684,159,161,6.0044365266080675,280.58172806467786
1193,59.650000000000006,straightline,349,pure_pursuit,3.0,-47.00376510620117,37.38288497924805,-46.508853912353516,37.394187927246094,0.56996089220047,-0.011671250010121502,0.35,0.0,0.4950402472821366,-0.3373101353645325,159,161,5.917326527803136,280.28431675929573
1194,59.7,straightline,349,pure_pursuit,3.0,-46.70671844482422,37.384029388427734,-46.508853912353516,37.394187927246094,0.541314423084259,-0.009651483045380905,0.35,0.0,0.19812513500506201,-0.30866366624832153,159,161,5.963489490272116,279.98727424538924
1195,59.75,straightline,349,pure_pursuit,3.0,-46.41171646118164,37.38491439819336,-46.508853912353516,37.394187927246094,0.5535167455673218,-0.009542558949699466,0.35,0.0,0.09757911027089922,-0.3208659887313843,159,161,5.852723662490114,279.6922790105804
1196,59.800000000000004,straightline,349,pure_pursuit,3.0,-46.11647415161133,37.38603210449219,-46.508853912353516,37.394187927246094,0.5364310145378113,-0.007943120959552439,0.35,0.0,0.3924645131535964,-0.30378025770187383,159,161,5.9384236580854015,279.3970410573762
1197,59.85,straightline,349,pure_pursuit,3.0,-45.8224983215332,37.387020111083984,-46.508853912353516,37.394187927246094,0.5610961318016052,-0.008336248076247828,0.35,0.0,0.6863930176209794,-0.32844537496566767,159,161,5.8515056456643375,279.10307087978646
1198,59.900000000000006,straightline,349,pure_pursuit,3.0,-45.52802658081055,37.38835144042969,-46.508853912353516,37.394187927246094,0.5480502843856812,-0.006882331555900008,0.35,0.0,0.980844696616166,-0.31539952754974365,159,161,5.92025060887578,278.8086012549168
1199,59.95,straightline,349,pure_pursuit,3.0,-45.23457336425781,37.38956069946289,-44.50886917114258,37.402305603027344,0.5788573026657104,-0.012127827905277352,0.35,0.0,0.7258160982452102,-0.346206545829773,160,162,5.826510782169549,278.5151513828956
1200,60.0,straightline,349,pure_pursuit,3.0,-44.94007873535156,37.390811920166016,-44.50886917114258,37.402305603027344,0.5662293434143066,-0.011071506982946516,0.35,0.0,0.43136271629687584,-0.33357858657836914,160,162,5.9290095270555785,278.2206597295933
1201,60.050000000000004,straightline,349,pure_pursuit,3.0,-44.646278381347656,37.391719818115234,-44.50886917114258,37.402305603027344,0.5810191631317139,-0.011172608070739628,0.35,0.0,0.1378163629304909,-0.34836840629577637,160,162,5.853245052783977,277.9268659110443
1202,60.1,straightline,349,pure_pursuit,3.0,-44.351646423339844,37.39282989501953,-44.50886917114258,37.402305603027344,0.5526857972145081,-0.009025082629212165,0.35,0.0,0.1575080362041618,-0.32003504037857056,160,162,5.9253398807536355,277.63223843746925
1203,60.150000000000006,straightline,349,pure_pursuit,3.0,-44.05778884887695,37.39376449584961,-44.50886917114258,37.402305603027344,0.5689057111740112,-0.009001468935917589,0.35,0.0,0.4511611770166862,-0.33625495433807373,160,162,5.835235450349936,277.33838715443125
1204,60.2,straightline,349,pure_pursuit,3.0,-43.76271438598633,37.39497375488281,-44.50886917114258,37.402305603027344,0.5581274032592773,-0.007627093703704439,0.35,0.0,0.7461908063014339,-0.32547664642333984,160,162,5.941524356979099,277.043316191283
1205,60.25,straightline,349,pure_pursuit,3.0,-43.46824264526367,37.3961067199707,-42.50888442993164,37.410430908203125,0.586666464805603,-0.012456677021878377,0.35,0.0,0.95946514667995,-0.35401570796966547,161,163,5.8676848081692095,276.7488487290507
1206,60.300000000000004,straightline,349,pure_pursuit,3.0,-43.17290115356445,37.397369384765625,-42.50888442993164,37.410430908203125,0.5640300512313843,-0.010884261157202002,0.35,0.0,0.66414517438476,-0.3313792943954468,161,163,5.939600754179037,276.4535102180629
1207,60.35,straightline,349,pure_pursuit,3.0,-42.878318786621094,37.39828109741211,-42.50888442993164,37.410430908203125,0.5753856897354126,-0.010833259475034236,0.35,0.0,0.36963409177835255,-0.34273493289947515,161,163,5.849853264971617,276.15893448281923
1208,60.400000000000006,straightline,349,pure_pursuit,3.0,-42.582523345947266,37.39935302734375,-42.50888442993164,37.410430908203125,0.5553666949272156,-0.009128119306608435,0.35,0.0,0.0744675056403179,-0.3227159380912781,161,163,5.955813312369382,275.8631440762493
1209,60.45,straightline,349,pure_pursuit,3.0,-42.28733444213867,37.4002799987793,-42.50888442993164,37.410430908203125,0.5740159749984741,-0.00927155487974802,0.35,0.0,0.22178241150550096,-0.3413652181625366,161,163,5.8817530024868905,275.56796171057096
1210,60.5,straightline,349,pure_pursuit,3.0,-41.991294860839844,37.40153884887695,-42.50888442993164,37.410430908203125,0.5543913245201111,-0.00751525817987023,0.35,0.0,0.5176659451342073,-0.3217405676841736,161,163,5.953494263791328,275.27192524329126
1211,60.550000000000004,straightline,349,pure_pursuit,3.0,-41.69602584838867,37.40268325805664,-42.50888442993164,37.410430908203125,0.5798461437225342,-0.007927079805068063,0.35,0.0,0.8128955035371025,-0.3471953868865967,161,163,5.863969888422322,274.97666051828026
1212,60.6,straightline,349,pure_pursuit,3.0,-41.39956283569336,37.40412902832031,-40.508907318115234,37.418548583984375,0.5765828490257263,-0.01159245708700816,0.35,0.0,0.890772234961276,-0.3439320921897888,162,164,5.9687961480183604,274.6801987016804
1213,60.650000000000006,straightline,349,pure_pursuit,3.0,-41.10373306274414,37.40524673461914,-40.508907318115234,37.418548583984375,0.5981027483940125,-0.01224999238575983,0.35,0.0,0.5949744579978775,-0.36545199155807495,162,164,5.8942647276715245,274.38437355440686
1214,60.7,straightline,349,pure_pursuit,3.0,-40.80706024169922,37.40644073486328,-40.508907318115234,37.418548583984375,0.5682238340377808,-0.01014922864885441,0.35,0.0,0.29839866932011677,-0.33557307720184326,162,164,5.966081157464079,274.08770461642905
1215,60.75,straightline,349,pure_pursuit,3.0,-40.51116943359375,37.40737533569336,-40.508907318115234,37.418548583984375,0.5789662599563599,-0.009945610060121781,0.35,0.0,0.011399940517863397,-0.3463155031204223,162,164,5.876746031368854,273.7918203969138
1216,60.800000000000004,straightline,349,pure_pursuit,3.0,-40.2140998840332,37.408538818359375,-40.508907318115234,37.418548583984375,0.5615571141242981,-0.00829844840130844,0.35,0.0,0.29497731878552735,-0.3289063572883606,162,164,5.980780644049811,273.4947551036168
1217,60.85,straightline,349,pure_pursuit,3.0,-39.91766357421875,37.40959548950195,-40.508907318115234,37.418548583984375,0.5842573642730713,-0.008573524712320549,0.35,0.0,0.5913115275364947,-0.35160660743713384,162,164,5.9063255596506545,273.1983241569099
1218,60.900000000000006,straightline,349,pure_pursuit,3.0,-39.62038040161133,37.411006927490234,-40.508907318115234,37.418548583984375,0.5689730048179626,-0.0069865333102033505,0.35,0.0,0.8885589220387218,-0.3363222479820251,162,164,5.978193545535177,272.9010426615228
1219,60.95,straightline,349,pure_pursuit,3.0,-39.32387924194336,37.41231918334961,-38.5089225769043,37.42667007446289,0.5980052947998047,-0.012477313999084987,0.35,0.0,0.8150830104764397,-0.3653545379638672,163,165,5.889142740541305,272.60454419499547
1220,61.0,straightline,349,pure_pursuit,3.0,-39.026214599609375,37.413658142089844,-38.5089225769043,37.42667007446289,0.5831575989723206,-0.011311848166045354,0.35,0.0,0.5174556475084524,-0.35050684213638306,163,165,5.992396754388149,272.3068820405944
1221,61.050000000000004,straightline,349,pure_pursuit,3.0,-38.72920227050781,37.414634704589844,-38.5089225769043,37.42667007446289,0.5951359868049622,-0.011265055683598067,0.35,0.0,0.22060823543566946,-0.36248522996902466,163,165,5.917718958270758,272.00987601168436
1222,61.1,straightline,349,pure_pursuit,3.0,-38.43134689331055,37.41581344604492,-38.5089225769043,37.42667007446289,0.5648646354675293,-0.009014159906569863,0.35,0.0,0.07833168621728667,-0.33221387863159174,163,165,5.98956256106905,271.7120248570916
1223,61.150000000000006,straightline,349,pure_pursuit,3.0,-38.13427734375,37.416812896728516,-38.5089225769043,37.42667007446289,0.5795341730117798,-0.008909023459631583,0.35,0.0,0.3747748853353497,-0.3468834161758423,163,165,5.900669737558756,271.4149614013308
1224,61.2,straightline,349,pure_pursuit,3.0,-37.8360595703125,37.41810607910156,-38.5089225769043,37.42667007446289,0.5673831701278687,-0.007476876077122159,0.15,0.0,0.672917504346782,-0.33473241329193115,163,165,6.003422168184852,271.1167466867268
1225,61.25,straightline,349,pure_pursuit,3.0,-37.5386962890625,37.41931915283203,-38.5089225769043,37.42667007446289,0.5947564244270325,-0.00792413024802322,0.35,0.0,0.9702541345792329,-0.362105667591095,163,165,5.9165129211386205,270.8193872795764
1226,61.300000000000004,straightline,349,pure_pursuit,3.0,-37.24169158935547,37.42090606689453,-36.50893783569336,37.434791564941406,0.5824411511421204,-0.01161052911996795,0.35,0.0,0.7328853051889641,-0.34979039430618286,164,166,5.9626468983711405,270.52238247614287
1227,61.35,straightline,349,pure_pursuit,3.0,-36.94673538208008,37.42211151123047,-36.50893783569336,37.434791564941406,0.5998417139053345,-0.01207565371839616,0.35,0.0,0.4379811358772697,-0.367190957069397,164,166,5.851783503819044,270.22743011330533
1228,61.400000000000006,straightline,349,pure_pursuit,3.0,-36.65153884887695,37.42332077026367,-36.50893783569336,37.434791564941406,0.5751000046730042,-0.010229034336077076,0.35,0.0,0.14306162340588136,-0.34244924783706665,164,166,5.937711850910828,269.9322374113439
1229,61.45,straightline,349,pure_pursuit,3.0,-36.35759353637695,37.424278259277344,-36.50893783569336,37.434791564941406,0.5876443386077881,-0.010096968468538385,0.35,0.0,0.15170901928217706,-0.3549935817718506,164,166,5.850882309762085,269.63829855305505
1230,61.5,straightline,349,pure_pursuit,3.0,-36.06315231323242,37.425498962402344,-36.50893783569336,37.434791564941406,0.5626688003540039,-0.00805461941526496,0.35,0.0,0.44588236621077537,-0.3300180435180664,164,166,5.919528202176921,269.3438610257706
1231,61.550000000000004,straightline,349,pure_pursuit,3.0,-35.76974105834961,37.42658996582031,-36.50893783569336,37.434791564941406,0.5839055180549622,-0.008234175662070093,0.35,0.0,0.7392422754845185,-0.3512547612190247,164,166,5.825715235701543,269.0504548044187
1232,61.6,straightline,349,pure_pursuit,3.0,-35.47528076171875,37.42798614501953,-34.50895309448242,37.44291305541992,0.5777519941329956,-0.011636910662287637,0.35,0.0,0.9664429487147728,-0.3451012372970581,165,167,5.928487954986108,268.75599636112133
1233,61.650000000000006,straightline,349,pure_pursuit,3.0,-35.181514739990234,37.42906188964844,-34.50895309448242,37.44291305541992,0.5983766317367554,-0.012234752065354397,0.35,0.0,0.6727042602818906,-0.36572587490081787,165,167,5.852609882150177,268.46223558466426
1234,61.7,straightline,349,pure_pursuit,3.0,-34.88690948486328,37.430233001708984,-34.50895309448242,37.44291305541992,0.5684859752655029,-0.010133905453274217,0.35,0.0,0.37816903203705193,-0.3358352184295655,165,167,5.924626822613428,268.16763461981674
1235,61.75,straightline,349,pure_pursuit,3.0,-34.59309768676758,37.43115234375,-34.50895309448242,37.44291305541992,0.5798112154006958,-0.009973673620071335,0.35,0.0,0.08496250202188148,-0.3471604585647583,165,167,5.834436820280162,267.8738297724645
1236,61.800000000000004,straightline,349,pure_pursuit,3.0,-34.298065185546875,37.43230056762695,-34.50895309448242,37.44291305541992,0.5633023381233215,-0.008388067828405286,0.35,0.0,0.21115476559235746,-0.33065158128738403,165,167,5.9407592642078,267.5788018617675
1237,61.85,straightline,349,pure_pursuit,3.0,-34.003631591796875,37.433349609375,-34.50895309448242,37.44291305541992,0.5865638852119446,-0.008721526971444784,0.35,0.0,0.5054119909307982,-0.35391312837600714,165,167,5.866991760785856,267.28437390102675
1238,61.900000000000006,straightline,349,pure_pursuit,3.0,-33.70832443237305,37.43474578857422,-34.50895309448242,37.44291305541992,0.571094274520874,-0.007147546655356624,0.35,0.0,0.8006703184449744,-0.33844351768493647,165,167,5.938959121869998,266.9890687226322
1239,61.95,straightline,349,pure_pursuit,3.0,-33.41377639770508,37.436031341552734,-32.508968353271484,37.45103454589844,0.5999232530593872,-0.012531243109809097,0.35,0.0,0.9049324247767803,-0.3672724962234497,166,168,5.849243327381903,266.6945238228305
1240,62.0,straightline,349,pure_pursuit,3.0,-33.11800765991211,37.437347412109375,-32.508968353271484,37.45103454589844,0.585446298122406,-0.011382696543762947,0.35,0.0,0.6091930848792138,-0.3527955412864685,166,168,5.955298115376418,266.3987579759345
1241,62.050000000000004,straightline,349,pure_pursuit,3.0,-32.822853088378906,37.43831253051758,-32.508968353271484,37.45103454589844,0.5977258086204529,-0.01136375125960733,0.35,0.0,0.3141424463659873,-0.3650750517845153,166,168,5.881161360606088,266.1036100397255
1242,62.1,straightline,349,pure_pursuit,3.0,-32.5268440246582,37.439483642578125,-32.508968353271484,37.45103454589844,0.5673108100891113,-0.009121018928507288,0.35,0.0,0.021282927313721715,-0.3346600532531739,166,168,5.952886222458466,265.8076054661158
1243,62.150000000000006,straightline,349,pure_pursuit,3.0,-32.231605529785156,37.44047927856445,-32.508968353271484,37.45103454589844,0.5819920301437378,-0.00904507778188046,0.35,0.0,0.27756359545300585,-0.34934127330780035,166,168,5.863369846970329,265.51237331826604
1244,62.2,straightline,349,pure_pursuit,3.0,-31.9351806640625,37.44175720214844,-32.508968353271484,37.45103454589844,0.5699378252029419,-0.00763910089689621,0.35,0.0,0.5738626851389117,-0.3372870683670044,166,168,5.968149606875469,265.21595184940657
1245,62.25,straightline,349,pure_pursuit,3.0,-31.639379501342773,37.442955017089844,-32.508968353271484,37.45103454589844,0.5976004600524902,-0.00813326959636802,0.35,0.0,0.869626385400341,-0.36494970321655273,166,168,5.893838683668924,264.9201549234885
1246,62.300000000000004,straightline,349,pure_pursuit,3.0,-31.342731475830078,37.44450759887695,-30.508981704711914,37.45915222167969,0.5860881209373474,-0.011731549677424171,0.35,0.0,0.8338783759137931,-0.3534373641014099,167,169,5.965646677620274,264.62350737752934
1247,62.35,straightline,349,pure_pursuit,3.0,-31.046857833862305,37.44568634033203,-30.508981704711914,37.45915222167969,0.604170560836792,-0.01221654250294282,0.35,0.0,0.5380446638247394,-0.3715198040008545,167,169,5.876244324229696,264.32763820938703
1248,62.400000000000006,straightline,349,pure_pursuit,3.0,-30.74981117248535,37.446876525878906,-30.508981704711914,37.45915222167969,0.5809012651443481,-0.010431927523197004,0.35,0.0,0.24114212667103707,-0.3482505083084106,167,169,5.980286862403336,264.03059598192357
1249,62.45,straightline,349,pure_pursuit,3.0,-30.45340347290039,37.44783020019531,-30.508981704711914,37.45915222167969,0.5927818417549133,-0.010260192466853193,0.35,0.0,0.05671973220836012,-0.36013108491897583,167,169,5.905764670498071,263.7341952472538
1250,62.5,straightline,349,pure_pursuit,3.0,-30.156145095825195,37.44906234741211,-30.508981704711914,37.45915222167969,0.5663968324661255,-0.008144930858221528,0.35,0.0,0.35298084669485236,-0.33374607563018804,167,169,5.977614136060498,263.4369408957071
1251,62.550000000000004,straightline,349,pure_pursuit,3.0,-29.859676361083984,37.450172424316406,-30.508981704711914,37.45915222167969,0.5862308144569397,-0.008263003227667024,0.35,0.0,0.6493674352972048,-0.3535800576210022,167,169,5.8884529442888125,263.1404774747456
1252,62.6,straightline,349,pure_pursuit,3.0,-29.56204605102539,37.45158767700195,-30.508981704711914,37.45915222167969,0.5789240002632141,-0.007047419798209399,0.35,0.0,0.946965867684208,-0.3462732434272766,167,169,5.991799274170171,262.842849261971
1253,62.650000000000006,straightline,349,pure_pursuit,3.0,-29.265052795410156,37.45293045043945,-28.509004592895508,37.4672737121582,0.6106297969818115,-0.012915010366660411,0.35,0.0,0.7561842458570288,-0.377979040145874,168,170,5.9172664682160265,262.5458588631927
1254,62.7,straightline,349,pure_pursuit,3.0,-28.967227935791016,37.4543571472168,-28.509004592895508,37.4672737121582,0.588408350944519,-0.011395053198031824,0.35,0.0,0.45840535514347963,-0.35575759410858154,168,170,5.989001068216467,262.2480360135841
1255,62.75,straightline,349,pure_pursuit,3.0,-28.670188903808594,37.455379486083984,-28.509004592895508,37.4672737121582,0.5972765684127808,-0.011192094028688508,0.35,0.0,0.1616225686543528,-0.36462581157684326,168,170,5.899984989671478,261.95100334030394
1256,62.800000000000004,straightline,349,pure_pursuit,3.0,-28.372005462646484,37.456539154052734,-28.509004592895508,37.4672737121582,0.5737485885620117,-0.009259770511159044,0.15,0.0,0.13741903953495155,-0.34109783172607416,168,170,6.002649711199575,261.6528248539805
1257,62.85,straightline,349,pure_pursuit,3.0,-28.074682235717773,37.45755386352539,-28.509004592895508,37.4672737121582,0.58930903673172,-0.009179841956823111,0.35,0.0,0.43443110547228114,-0.35665827989578247,168,170,5.91575327632501,261.3555081211931
1258,62.900000000000006,straightline,349,pure_pursuit,3.0,-27.777711868286133,37.45891571044922,-28.509004592895508,37.4672737121582,0.5671932101249695,-0.007252061201898782,0.35,0.0,0.7313404851771647,-0.334542453289032,168,170,5.961899298047687,261.0585404748221
1259,62.95,straightline,349,pure_pursuit,3.0,-27.48279571533203,37.460166931152344,-26.50901985168457,37.47539520263672,0.5913658142089844,-0.012204168338854992,0.35,0.0,0.9738949290733371,-0.3587150573730469,169,171,5.851137609688652,260.7636281373618
1260,63.0,straightline,349,pure_pursuit,3.0,-27.18762969970703,37.46147155761719,-26.50901985168457,37.47539520263672,0.5737918019294739,-0.010899239198074995,0.35,0.0,0.6787526749293129,-0.3411410450935363,169,171,5.937068625759328,260.46846538575045
1261,63.050000000000004,straightline,349,pure_pursuit,3.0,-26.893722534179688,37.46242904663086,-26.50901985168457,37.47539520263672,0.5868890285491943,-0.010944369944278024,0.35,0.0,0.3849211284412785,-0.3542382717132568,169,171,5.850141217663998,260.174565202268
1262,63.1,straightline,349,pure_pursuit,3.0,-26.599315643310547,37.46358871459961,-26.50901985168457,37.47539520263672,0.5589719414710999,-0.008856735339513996,0.35,0.0,0.0910643901046517,-0.32632118463516235,169,171,5.918821426464867,259.88016313986077
1263,63.150000000000006,straightline,349,pure_pursuit,3.0,-26.305938720703125,37.46458053588867,-26.50901985168457,37.47539520263672,0.5759378671646118,-0.00894067925796691,0.35,0.0,0.20336888350378055,-0.3432871103286743,169,171,5.82502499449711,259.5867928304892
1264,63.2,straightline,349,pure_pursuit,3.0,-26.011512756347656,37.465843200683594,-26.50901985168457,37.47539520263672,0.5653650760650635,-0.007647934466693812,0.35,0.0,0.4975987848175333,-0.3327143192291259,169,171,5.927731124608296,259.29237060560246
1265,63.25,straightline,349,pure_pursuit,3.0,-25.71778106689453,37.46700668334961,-26.50901985168457,37.47539520263672,0.5942505598068237,-0.008236394038546377,0.35,0.0,0.791283250051363,-0.36159980297088623,169,171,5.852065121578698,258.99864371171265
1266,63.300000000000004,straightline,349,pure_pursuit,3.0,-25.423202514648438,37.46852493286133,-24.509035110473633,37.483516693115234,0.5831290483474731,-0.01167981460058112,0.35,0.0,0.9142903235467448,-0.35047829151153564,170,172,5.92419211528114,258.70406614592224
1267,63.35,straightline,349,pure_pursuit,3.0,-25.129411697387695,37.46967315673828,-24.509035110473633,37.483516693115234,0.601841151714325,-0.012202312161294438,0.35,0.0,0.6205310250830021,-0.36919039487838745,170,172,5.833941708509999,258.41028032413334
1268,63.400000000000006,straightline,349,pure_pursuit,3.0,-24.834402084350586,37.47084045410156,-24.509035110473633,37.483516693115234,0.5796651840209961,-0.010487386284448322,0.35,0.0,0.3256138122460066,-0.34701442718505865,170,172,5.940237719213757,258.1152755873201
1269,63.45,straightline,349,pure_pursuit,3.0,-24.539997100830078,37.47176742553711,-24.509035110473633,37.483516693115234,0.5923799872398376,-0.010376265179675596,0.35,0.0,0.03311631222607662,-0.3597292304039002,170,172,5.8663960211238075,257.8208780914501
1270,63.5,straightline,349,pure_pursuit,3.0,-24.24471664428711,37.47297668457031,-24.509035110473633,37.483516693115234,0.5660771131515503,-0.00828561996700418,0.35,0.0,0.26452853030878043,-0.33342635631561285,170,172,5.938362713407419,257.5256021024343
1271,63.550000000000004,straightline,349,pure_pursuit,3.0,-23.950197219848633,37.474056243896484,-24.509035110473633,37.483516693115234,0.5859387516975403,-0.008428773507738383,0.35,0.0,0.5589179618670526,-0.3532879948616027,170,172,5.848631897010449,257.23108853786823
1272,63.6,straightline,349,pure_pursuit,3.0,-23.654455184936523,37.475433349609375,-24.509035110473633,37.483516693115234,0.5788404941558838,-0.007242367829899994,0.35,0.0,0.8546181542497474,-0.34618973731994634,170,172,5.954879546279003,256.9353491894203
1273,63.650000000000006,straightline,349,pure_pursuit,3.0,-23.359315872192383,37.476741790771484,-22.509050369262695,37.49163818359375,0.6102578639984131,-0.012930831361065646,0.35,0.0,0.8503959830522424,-0.37760710716247553,171,173,5.880901568276973,256.6402132943173
1274,63.7,straightline,349,pure_pursuit,3.0,-23.063323974609375,37.478145599365234,-22.509050369262695,37.49163818359375,0.5877477526664734,-0.01139741284031276,0.35,0.0,0.5544378048195941,-0.3550969958305359,171,173,5.952514663908349,256.344223832551
1275,63.75,straightline,349,pure_pursuit,3.0,-22.76810646057129,37.47914505004883,-22.509050369262695,37.49163818359375,0.5969687700271606,-0.011223533244910662,0.35,0.0,0.2593571607452891,-0.36431801319122314,171,173,5.862846380102495,256.04901316684
1276,63.800000000000004,straightline,349,pure_pursuit,3.0,-22.47170066833496,37.48028564453125,-22.509050369262695,37.49163818359375,0.5741631984710693,-0.009344916857862234,0.35,0.0,0.03903690949033735,-0.34151244163513184,171,173,5.967652956472082,255.75261276138139
1277,63.85,straightline,349,pure_pursuit,3.0,-22.17592430114746,37.481285095214844,-22.509050369262695,37.49163818359375,0.5906093716621399,-0.00933870433158128,0.35,0.0,0.3332869089791815,-0.35795861482620245,171,173,5.893375491384209,255.45684331478503
1278,63.900000000000006,straightline,349,pure_pursuit,3.0,-21.87929916381836,37.48260498046875,-22.509050369262695,37.49163818359375,0.5697324275970459,-0.007471657339238644,0.35,0.0,0.629815988616748,-0.3370816707611084,171,173,5.965123560165024,255.1602216379466
1279,63.95,straightline,349,pure_pursuit,3.0,-21.58345603942871,37.48382568359375,-22.509050369262695,37.49163818359375,0.5946502089500427,-0.007808946252590839,0.35,0.0,0.9256273000387751,-0.3619994521141053,171,173,5.875753712675459,254.8643830352123
1280,64.0,straightline,349,pure_pursuit,3.0,-21.28643035888672,37.48535919189453,-20.509065628051758,37.499755859375,0.5914036631584167,-0.011943173617039372,0.35,0.0,0.7774980313677035,-0.3587529063224793,172,174,5.97991525928158,254.56735851254388
1281,64.05,straightline,349,pure_pursuit,3.0,-20.99004364013672,37.48653793334961,-20.509065628051758,37.499755859375,0.6120239496231079,-0.012550433462837924,0.35,0.0,0.4811596010448233,-0.37937319278717035,172,174,5.905307084432007,254.27097684238427
1282,64.10000000000001,straightline,349,pure_pursuit,3.0,-20.69281768798828,37.4877815246582,-20.509065628051758,37.499755859375,0.5805044770240784,-0.010350531837126746,0.35,0.0,0.18414180465832736,-0.34785372018814087,172,174,5.977051405204181,253.9737552906205
1283,64.15,straightline,349,pure_pursuit,3.0,-20.396373748779297,37.48875427246094,-20.509065628051758,37.499755859375,0.5896084904670715,-0.010029094740856536,0.35,0.0,0.11322762281610695,-0.35695773363113403,172,174,5.887910938668277,253.67731871600026
1284,64.2,straightline,349,pure_pursuit,3.0,-20.098766326904297,37.48996353149414,-20.509065628051758,37.499755859375,0.5709601044654846,-0.008288415045593519,0.35,0.0,0.4104161378496478,-0.3383093476295472,172,174,5.991349765923787,253.37971613289375
1285,64.25,straightline,349,pure_pursuit,3.0,-19.80179786682129,37.49106979370117,-20.509065628051758,37.499755859375,0.5930140614509583,-0.008492444326306461,0.35,0.0,0.7073210966830054,-0.3603633046150208,172,174,5.916788592811682,253.082753630483
1286,64.3,straightline,349,pure_pursuit,3.0,-19.503990173339844,37.49253463745117,-18.50908088684082,37.507877349853516,0.5776968598365784,-0.011486965741876918,0.35,0.0,0.9950275811181603,-0.34504610300064087,173,175,5.988665148119262,252.7849479899648
1287,64.35000000000001,straightline,349,pure_pursuit,3.0,-19.20697021484375,37.493648529052734,-18.50908088684082,37.507877349853516,0.594406008720398,-0.011880936108396767,0.35,0.0,0.6980343641123705,-0.36175525188446045,173,175,5.899698880239775,252.48793394239345
1288,64.4,straightline,349,pure_pursuit,3.0,-18.908803939819336,37.49481201171875,-18.50908088684082,37.507877349853516,0.5714674592018127,-0.010122499851422514,0.15,0.0,0.3999365226420825,-0.3388167023658752,173,175,6.002269345354552,252.18977311721648
1289,64.45,straightline,349,pure_pursuit,3.0,-18.61150550842285,37.49575424194336,-18.50908088684082,37.507877349853516,0.5839961171150208,-0.010017395241363445,0.35,0.0,0.10313957946212304,-0.35134536027908325,173,175,5.9152652313959875,251.89248255871962
1290,64.5,straightline,349,pure_pursuit,3.0,-18.314556121826172,37.49700164794922,-18.50908088684082,37.507877349853516,0.5574541091918945,-0.007954816901126219,0.35,0.0,0.19482855308171673,-0.32480335235595703,173,175,5.961397354455707,251.59553765194573
1291,64.55,straightline,349,pure_pursuit,3.0,-18.01966094970703,37.49810791015625,-18.50908088684082,37.507877349853516,0.5770952105522156,-0.008136061865703603,0.35,0.0,0.4895174325966753,-0.3444444537162781,173,175,5.850640544587349,251.30064841988846
1292,64.60000000000001,straightline,349,pure_pursuit,3.0,-17.724517822265625,37.49951171875,-18.50908088684082,37.507877349853516,0.5686087608337402,-0.006939256998944726,0.35,0.0,0.7846076637908798,-0.33595800399780273,173,175,5.936604318092384,251.00550795313535
1293,64.65,straightline,349,pure_pursuit,3.0,-17.430631637573242,37.50082015991211,-16.509103775024414,37.51599884033203,0.6008303761482239,-0.012534452299356158,0.35,0.0,0.9216528596999534,-0.3681796193122864,174,176,5.849707773268799,250.71162542793377
1294,64.7,straightline,349,pure_pursuit,3.0,-17.136253356933594,37.50221252441406,-16.509103775024414,37.51599884033203,0.5804327130317688,-0.011124980932213997,0.35,0.0,0.6273010924551693,-0.3477819561958313,174,176,5.918309316941048,250.41724991695406
1295,64.75,straightline,349,pure_pursuit,3.0,-16.842905044555664,37.503211975097656,-16.509103775024414,37.51599884033203,0.5918434262275696,-0.011095927954741895,0.35,0.0,0.33404609182446104,-0.35919266939163214,174,176,5.824472259646299,250.12390870907856
1296,64.8,straightline,349,pure_pursuit,3.0,-16.54850959777832,37.50434875488281,-16.509103775024414,37.51599884033203,0.5705580711364746,-0.009328965346004735,0.35,0.0,0.04109188919831229,-0.3379073143005371,174,176,5.927178952992028,249.82951891896263
1297,64.85000000000001,straightline,349,pure_pursuit,3.0,-16.254802703857422,37.50532531738281,-16.509103775024414,37.51599884033203,0.5883941054344177,-0.009422372825422314,0.35,0.0,0.25452496712273065,-0.3557433485984802,174,176,5.8514417751430745,249.535819448082
1298,64.9,straightline,349,pure_pursuit,3.0,-15.96025562286377,37.50662612915039,-16.509103775024414,37.51599884033203,0.5681031346321106,-0.007617924840574923,0.35,0.0,0.5489281754884225,-0.3354523777961731,174,176,5.923589414437744,249.24127623674957
1299,64.95,straightline,349,pure_pursuit,3.0,-15.666492462158203,37.5078125,-16.509103775024414,37.51599884033203,0.5931922197341919,-0.007993972986504866,0.35,0.0,0.8426510788803107,-0.3605414628982544,174,176,5.833464373811042,248.94751819362298
1300,65.0,straightline,349,pure_pursuit,3.0,-15.371503829956055,37.50930404663086,-14.509119033813477,37.52412033081055,0.5901716351509094,-0.011958863682330208,0.35,0.0,0.8625120630430448,-0.3575208783149719,175,177,5.941403032543868,248.65253135496238
1301,65.05,straightline,349,pure_pursuit,3.0,-15.07707405090332,37.510459899902344,-14.509119033813477,37.52412033081055,0.6111895442008972,-0.012595037014257354,0.35,0.0,0.5681192734013892,-0.3785387873649597,175,177,5.869069775692398,248.3581071105869
1302,65.10000000000001,straightline,349,pure_pursuit,3.0,-14.78174877166748,37.51167678833008,-14.509119033813477,37.52412033081055,0.5800151228904724,-0.010420333627156208,0.35,0.0,0.27291356820760326,-0.3473643660545349,175,177,5.941236078482802,248.06278675616053
1303,65.15,straightline,349,pure_pursuit,3.0,-14.487162590026855,37.512630462646484,-14.509119033813477,37.52412033081055,0.5895166993141174,-0.010140582043186965,0.35,0.0,0.024781091464715372,-0.35686594247817993,175,177,5.851752621161474,247.76820842577473
1304,65.2,straightline,349,pure_pursuit,3.0,-14.19133186340332,37.51380920410156,-14.509119033813477,37.52412033081055,0.5715468525886536,-0.008449198420497796,0.35,0.0,0.31795440712671746,-0.33889609575271606,175,177,5.95864572145805,247.47238312218477
1305,65.25,straightline,349,pure_pursuit,3.0,-13.89608097076416,37.514888763427734,-14.509119033813477,37.52412033081055,0.593612790107727,-0.008679351028810393,0.35,0.0,0.6131075668947505,-0.36096203327178955,175,177,5.88526095897521,247.1771387499015
1306,65.3,straightline,349,pure_pursuit,3.0,-13.599953651428223,37.51632308959961,-14.509119033813477,37.52412033081055,0.5775803327560425,-0.007040719583907859,0.35,0.0,0.9091988173651715,-0.344929575920105,175,177,5.957166856851206,246.88101403405238
1307,65.35000000000001,straightline,349,pure_pursuit,3.0,-13.304574012756348,37.51765823364258,-12.509134292602539,37.53224182128906,0.6063448786735535,-0.012697213139652335,0.35,0.0,0.7955733966310161,-0.37369412183761597,176,178,5.867964167127702,246.58563808299925
1308,65.4,straightline,349,pure_pursuit,3.0,-13.007987976074219,37.519012451171875,-12.509134292602539,37.53224182128906,0.5910824537277222,-0.011508295951644884,0.35,0.0,0.4990290710439226,-0.3584316968917846,176,178,5.973070673363242,246.28905561167795
1309,65.45,straightline,349,pure_pursuit,3.0,-12.712018013000488,37.52000427246094,-12.509134292602539,37.53224182128906,0.6022909283638,-0.011417679161788595,0.35,0.0,0.20325245780514925,-0.3696401715278625,176,178,5.898969518375163,245.99309327817048
1310,65.5,straightline,349,pure_pursuit,3.0,-12.415170669555664,37.52119827270508,-12.509134292602539,37.53224182128906,0.5711706876754761,-0.009118664058142972,0.35,0.0,0.09461037163769119,-0.3385199308395386,176,178,5.970920750462038,245.6962513602785
1311,65.55,straightline,349,pure_pursuit,3.0,-12.11898422241211,37.522212982177734,-12.509134292602539,37.53224182128906,0.5852558016777039,-0.008977608963830411,0.35,0.0,0.3902789449656721,-0.35260504484176636,176,178,5.883401596434157,245.40007234094446
1312,65.60000000000001,straightline,349,pure_pursuit,3.0,-11.821572303771973,37.52351379394531,-12.509134292602539,37.53224182128906,0.5727991461753845,-0.007516832044288693,0.35,0.0,0.6876173841214002,-0.34014838933944697,176,178,5.987358919658985,245.102664715761
1313,65.65,straightline,349,pure_pursuit,3.0,-11.524763107299805,37.52473449707031,-12.509134292602539,37.53224182128906,0.600507915019989,-0.007964650937006925,0.35,0.0,0.9843998122568064,-0.3678571581840515,176,178,5.913411839790668,244.80586069790522
1314,65.7,straightline,349,pure_pursuit,3.0,-11.227081298828125,37.52632141113281,-10.509149551391602,37.54035949707031,0.5896202921867371,-0.011833466536179197,0.35,0.0,0.7180689812504427,-0.3569695353507996,177,179,5.986106528232982,244.5081799961361
1315,65.75,straightline,349,pure_pursuit,3.0,-10.93015193939209,37.527530670166016,-10.509149551391602,37.54035949707031,0.6075997352600098,-0.012310917617251881,0.35,0.0,0.42119780329656764,-0.37494897842407227,177,179,5.897797657684087,244.21125598698077
1316,65.8,straightline,349,pure_pursuit,3.0,-10.632036209106445,37.528743743896484,-10.509149551391602,37.54035949707031,0.5834739208221436,-0.01047045028659851,0.15,0.0,0.12343442131804429,-0.35082316398620605,177,179,6.001322965512202,243.9131456590192
1317,65.85000000000001,straightline,349,pure_pursuit,3.0,-10.334745407104492,37.52971649169922,-10.509149551391602,37.54035949707031,0.5940906405448914,-0.010209122402701703,0.35,0.0,0.17472858697948654,-0.3614398837089538,177,179,5.915156349073686,243.61586295295686
1318,65.9,straightline,349,pure_pursuit,3.0,-10.037763595581055,37.530982971191406,-10.509149551391602,37.54035949707031,0.5658860206604004,-0.00799425839410548,0.35,0.0,0.47147920269401133,-0.33323526382446284,177,179,5.962190264448242,243.3188859046642
1319,65.95,straightline,349,pure_pursuit,3.0,-9.742789268493652,37.5321159362793,-10.509149551391602,37.54035949707031,0.5845745205879211,-0.008037790016729454,0.35,0.0,0.7664046186564509,-0.35192376375198364,177,179,5.8523185970665645,243.0239177470234
1320,66.0,straightline,349,pure_pursuit,3.0,-9.447524070739746,37.5335578918457,-8.509164810180664,37.54848098754883,0.5759643316268921,-0.01143294207231429,0.35,0.0,0.938477916981722,-0.34331357479095453,178,180,5.939084479213673,242.72865524278944
1321,66.05,straightline,349,pure_pursuit,3.0,-9.153478622436523,37.53466796875,-8.509164810180664,37.54848098754883,0.5961715579032898,-0.012020025294235692,0.35,0.0,0.6444618593462421,-0.36352080106735224,178,180,5.852961388566342,242.4346162021432
1322,66.10000000000001,straightline,349,pure_pursuit,3.0,-8.858896255493164,37.535865783691406,-8.509164810180664,37.54848098754883,0.5671062469482422,-0.009972184900218443,0.35,0.0,0.3499588935985689,-0.33445549011230463,178,180,5.922504021994292,242.14003929871384
1323,66.15,straightline,349,pure_pursuit,3.0,-8.565301895141602,37.53681182861328,-8.509164810180664,37.54848098754883,0.5790799856185913,-0.009856077480354821,0.35,0.0,0.057337087283664566,-0.3464292287826538,178,180,5.8296765298206275,241.8464532277597
1324,66.2,straightline,349,pure_pursuit,3.0,-8.270605087280273,37.53799057006836,-8.509164810180664,37.54848098754883,0.5631811022758484,-0.008318315142236623,0.35,0.0,0.2387902641424597,-0.33053034543991083,178,180,5.936627052092658,241.55176214924307
1325,66.25,straightline,349,pure_pursuit,3.0,-7.976509094238281,37.539058685302734,-8.509164810180664,37.54848098754883,0.5870118737220764,-0.008688527411325218,0.35,0.0,0.5327390463498138,-0.35436111688613897,178,180,5.8633314289994445,241.25767312963626
1326,66.3,straightline,349,pure_pursuit,3.0,-7.681499481201172,37.54045867919922,-8.509164810180664,37.54848098754883,0.5720672607421875,-0.007136660548850943,0.35,0.0,0.8277042069640502,-0.33941650390624994,178,180,5.936865408098956,240.96266677789984
1327,66.35000000000001,straightline,349,pure_pursuit,3.0,-7.387195110321045,37.54175567626953,-6.509179592132568,37.556602478027344,0.6010408401489258,-0.012579512559029352,0.35,0.0,0.8781410352000496,-0.3683900833129883,179,181,5.848439815593201,240.66836681643602
1328,66.4,straightline,349,pure_pursuit,3.0,-7.091604232788086,37.54307174682617,-6.509179592132568,37.556602478027344,0.5863648056983948,-0.01141818721419887,0.35,0.0,0.5825817905921427,-0.3537140488624573,179,181,5.955731580248055,240.37278023207085
1329,66.45,straightline,349,pure_pursuit,3.0,-6.796544075012207,37.54404067993164,-6.509179592132568,37.556602478027344,0.5984019041061401,-0.011384372506507362,0.35,0.0,0.2876389139043592,-0.3657511472702026,179,181,5.883149028726867,240.07772832738405
1330,66.5,straightline,349,pure_pursuit,3.0,-6.5005364418029785,37.54520797729492,-6.509179592132568,37.556602478027344,0.5677551627159119,-0.009121099523102463,0.35,0.0,0.01430170250568273,-0.33510440587997437,179,181,5.956822082589791,239.7817267591737
1331,66.55,straightline,349,pure_pursuit,3.0,-6.205204963684082,37.54620361328125,-6.509179592132568,37.556602478027344,0.5822890996932983,-0.009028699925647133,0.35,0.0,0.30415244718463613,-0.3496383428573608,179,181,5.869121825678423,239.4864032922095
1332,66.60000000000001,straightline,349,pure_pursuit,3.0,-5.90859317779541,37.5474853515625,-6.509179592132568,37.556602478027344,0.5701693892478943,-0.007612621082566256,0.35,0.0,0.6006556110462472,-0.33751863241195673,179,181,5.975785511381705,239.18979633972572
1333,66.65,straightline,349,pure_pursuit,3.0,-5.612512111663818,37.54868698120117,-6.509179592132568,37.556602478027344,0.5977894067764282,-0.008093954163513165,0.35,0.0,0.896702417538941,-0.3651386499404907,179,181,5.903230821862783,238.8937210116142
1334,66.7,straightline,349,pure_pursuit,3.0,-5.31535005569458,37.55024719238281,-4.509202480316162,37.56472396850586,0.5864430069923401,-0.011747505847883812,0.35,0.0,0.8062775516752397,-0.35379225015640264,180,182,5.978024932704413,238.5965606607131
1335,66.75,straightline,349,pure_pursuit,3.0,-5.018730163574219,37.55142593383789,-4.509202480316162,37.56472396850586,0.6043386459350586,-0.012216097608812516,0.35,0.0,0.5097011847468603,-0.3716878890991211,180,182,5.892295949856207,238.29994684325388
1336,66.8,straightline,349,pure_pursuit,3.0,-4.720829486846924,37.5526237487793,-4.509202480316162,37.56472396850586,0.5805617570877075,-0.010401456757473579,0.35,0.0,0.21197265203464846,-0.34791100025177,180,182,5.997038148029336,238.00205212742546
1337,66.85000000000001,straightline,349,pure_pursuit,3.0,-4.423465251922607,37.553585052490234,-4.509202480316162,37.56472396850586,0.5921356678009033,-0.01020715825020803,0.35,0.0,0.08645778034747195,-0.3594849109649658,180,182,5.924397599257808,237.7046965659014
1338,66.9,straightline,349,pure_pursuit,3.0,-4.125152587890625,37.55482482910156,-4.509202480316162,37.56472396850586,0.5657593607902527,-0.008084937502173305,0.35,0.0,0.3841774496674842,-0.3331086039543152,180,182,5.9988782286407405,237.40638945013927
1339,66.95,straightline,349,pure_pursuit,3.0,-3.8275134563446045,37.55594253540039,-4.509202480316162,37.56472396850586,0.5855730175971985,-0.008189669554175279,0.35,0.0,0.6817455822890829,-0.352922260761261,180,182,5.912558810346963,237.1087572523133
1340,67.0,straightline,349,pure_pursuit,3.0,-3.528616189956665,37.557373046875,-4.509202480316162,37.56472396850586,0.5780664086341858,-0.006956230932509428,0.15,0.0,0.9806138429013854,-0.34541565179824824,180,182,6.017050126584481,236.8098634105091
1341,67.05,straightline,349,pure_pursuit,3.0,-3.2304646968841553,37.558738708496094,-2.509218215942383,37.572845458984375,0.6092727184295654,-0.012853325289295845,0.35,0.0,0.7213844236468023,-0.37662196159362793,181,183,5.932487565198148,236.51171605959087
1342,67.10000000000001,straightline,349,pure_pursuit,3.0,-2.9325454235076904,37.56019592285156,-2.509218215942383,37.572845458984375,0.5857239365577698,-0.011281318754330985,0.35,0.0,0.4235161572235661,-0.3530731797218323,181,183,5.981183130961306,236.21379987131016
1343,67.15,straightline,349,pure_pursuit,3.0,-2.6365556716918945,37.561241149902344,-2.509218215942383,37.572845458984375,0.5935731530189514,-0.011042607821116717,0.35,0.0,0.12786511496897882,-0.3609223961830139,181,183,5.873305816098317,235.91781786494576
1344,67.2,straightline,349,pure_pursuit,3.0,-2.340212345123291,37.56242370605469,-2.509218215942383,37.572845458984375,0.568428635597229,-0.00905030237818209,0.35,0.0,0.16932689480837648,-0.3357778787612915,181,183,5.960619303776304,235.621480739214
1345,67.25,straightline,349,pure_pursuit,3.0,-2.0450143814086914,37.56343460083008,-2.509218215942383,37.572845458984375,0.5850527286529541,-0.009035139113035573,0.35,0.0,0.464299218443218,-0.3524019718170166,181,183,5.875986780677308,235.32629091301544
1346,67.3,straightline,349,pure_pursuit,3.0,-1.7492060661315918,37.56477355957031,-2.509218215942383,37.572845458984375,0.5657786726951599,-0.007246188493715108,0.35,0.0,0.7600550134169046,-0.3331279158592224,181,183,5.947293611332657,235.03048699053568
1347,67.35000000000001,straightline,349,pure_pursuit,3.0,-1.4542980194091797,37.56601333618164,-0.5092334151268005,37.580963134765625,0.5921322107315063,-0.012304853053487554,0.35,0.0,0.9451828409070446,-0.3594814538955689,182,184,5.860029841193619,234.73558444739976
1348,67.4,straightline,349,pure_pursuit,3.0,-1.1582860946655273,37.567298889160156,-0.5092334151268005,37.580963134765625,0.5765228867530823,-0.011090120182566254,0.35,0.0,0.6491964975447478,-0.34387212991714483,182,184,5.962521167956613,234.43957758880435
1349,67.45,straightline,349,pure_pursuit,3.0,-0.8628584146499634,37.5682487487793,-0.5092334151268005,37.580963134765625,0.5896156430244446,-0.011121182436050796,0.35,0.0,0.35385349496474705,-0.3569648861885071,182,184,5.889245697706686,234.14415886381806
1350,67.5,straightline,349,pure_pursuit,3.0,-0.5664464831352234,37.569400787353516,-0.5092334151268005,37.580963134765625,0.5607913136482239,-0.008966772745369389,0.35,0.0,0.05836970985549552,-0.3281405568122864,182,184,5.9652385501018195,233.8477536243955
1351,67.55,straightline,349,pure_pursuit,3.0,-0.27066144347190857,37.57039260864258,-0.5092334151268005,37.580963134765625,0.5765087604522705,-0.008963995931022244,0.35,0.0,0.2388060335959303,-0.34385800361633306,182,184,5.879166175622181,233.5519771256431
1352,67.60000000000001,straightline,349,pure_pursuit,3.0,0.026470068842172623,37.571659088134766,-0.5092334151268005,37.580963134765625,0.5648958683013916,-0.007593491602006519,0.35,0.0,0.5357842737708948,-0.33224511146545416,182,184,5.9865649218075765,233.25485106539557
1353,67.65,straightline,349,pure_pursuit,3.0,0.32315653562545776,37.57284927368164,-0.5092334151268005,37.580963134765625,0.5927681922912598,-0.00811756056709558,0.35,0.0,0.8324294954259113,-0.3601174354553222,182,184,5.915768530321614,232.9581709324757
1354,67.7,straightline,349,pure_pursuit,3.0,0.620876133441925,37.57438659667969,1.4907512664794922,37.58908462524414,0.5813109278678894,-0.011588126740457363,0.35,0.0,0.8699992983450082,-0.34866017103195185,183,185,5.991413734259058,232.66045370241298
1355,67.75,straightline,349,pure_pursuit,3.0,0.9179982542991638,37.5755615234375,1.4907512664794922,37.58908462524414,0.5995239019393921,-0.012083093143274567,0.35,0.0,0.5729126349140087,-0.3668731451034546,183,185,5.9060389397052075,232.36333816508707
1356,67.8,straightline,349,pure_pursuit,3.0,1.2164510488510132,37.57675552368164,1.4907512664794922,37.58908462524414,0.5763199925422668,-0.010310351761319106,0.15,0.0,0.2745771588030756,-0.3436692357063294,183,185,6.012369469594755,232.06489184475322
1357,67.85000000000001,straightline,349,pure_pursuit,3.0,1.5142834186553955,37.57771682739258,1.4907512664794922,37.58908462524414,0.5879464149475098,-0.010139247191298209,0.35,0.0,0.026134058506551566,-0.35529565811157227,183,185,5.9309843764894135,231.76706865708098
1358,67.9,straightline,349,pure_pursuit,3.0,1.812124252319336,37.57896423339844,1.4907512664794922,37.58908462524414,0.5603922009468079,-0.007988065102059655,0.35,0.0,0.3215322975359194,-0.32774144411087036,183,185,5.980571600081696,231.46923367691338
1359,67.95,straightline,349,pure_pursuit,3.0,2.108170509338379,37.580078125,1.4907512664794922,37.58908462524414,0.5791105031967163,-0.008075995012952837,0.35,0.0,0.6174849297748801,-0.34645974636077875,183,185,5.874776577122881,231.17319473925286
1360,68.0,straightline,349,pure_pursuit,3.0,2.404646635055542,37.58150100708008,1.4907512664794922,37.58908462524414,0.5699581503868103,-0.006805497873100063,0.35,0.0,0.9139268329408061,-0.3373073935508728,183,185,5.963243971092271,230.87672235541723
1361,68.05,straightline,349,pure_pursuit,3.0,2.700045347213745,37.58283615112305,3.4907360076904297,37.597206115722656,0.6020076274871826,-0.01258024069350826,0.35,0.0,0.7908212291331396,-0.3693568706512452,184,186,5.879912323995593,230.5813283608842
1362,68.10000000000001,straightline,349,pure_pursuit,3.0,2.996119976043701,37.584251403808594,3.4907360076904297,37.597206115722656,0.5814327001571655,-0.01115890871104576,0.35,0.0,0.49478565391766754,-0.348781943321228,184,186,5.952777475688545,230.2852575734713
1363,68.15,straightline,349,pure_pursuit,3.0,3.2913503646850586,37.58526611328125,3.4907360076904297,37.597206115722656,0.5921630263328552,-0.011074012536951451,0.35,0.0,0.1997428303969033,-0.35951226949691767,184,186,5.863559806081993,229.9900357045084
1364,68.2,straightline,349,pure_pursuit,3.0,3.587784767150879,37.58641815185547,3.4907360076904297,37.597206115722656,0.5698333382606506,-0.009227558504090393,0.35,0.0,0.09764651492609389,-0.3371825814247131,184,186,5.967909173927846,229.69360831256765
1365,68.25,straightline,349,pure_pursuit,3.0,3.8837029933929443,37.5874137878418,3.4907360076904297,37.597206115722656,0.5870915055274963,-0.009255243344380874,0.35,0.0,0.3930889740725967,-0.35444074869155884,184,186,5.8957076300029545,229.39769893054398
1366,68.3,straightline,349,pure_pursuit,3.0,4.1806464195251465,37.588741302490234,3.4907360076904297,37.597206115722656,0.5669994354248047,-0.007430611215527904,0.35,0.0,0.6899623391323677,-0.3343486785888672,184,186,5.972158908209952,229.10076052727104
1367,68.35000000000001,straightline,349,pure_pursuit,3.0,4.477001667022705,37.58995819091797,3.4907360076904297,37.597206115722656,0.5922807455062866,-0.007769858617965651,0.35,0.0,0.9862922909523841,-0.3596299886703491,184,186,5.887127290434567,228.80441158996314
1368,68.4,straightline,349,pure_pursuit,3.0,4.774725914001465,37.59149169921875,5.49071741104126,37.60532760620117,0.5889929533004761,-0.01192540118273188,0.35,0.0,0.716125167938757,-0.3563421964645385,185,187,5.994489614213624,228.5066900261079
1369,68.45,straightline,349,pure_pursuit,3.0,5.072015762329102,37.592674255371094,5.49071741104126,37.60532760620117,0.6095314025878906,-0.012527443808785815,0.35,0.0,0.41889280003541307,-0.3768806457519531,185,187,5.923865893054925,228.20940700273735
1370,68.5,straightline,349,pure_pursuit,3.0,5.370347023010254,37.59391403198242,5.49071741104126,37.60532760620117,0.5787685513496399,-0.010359652879532845,0.15,0.0,0.1209102972917602,-0.34611779451370245,185,187,6.0008345327737915,227.9110819860104
1371,68.55,straightline,349,pure_pursuit,3.0,5.667923450469971,37.59490203857422,5.49071741104126,37.60532760620117,0.5871201753616333,-0.009998480397599476,0.35,0.0,0.17751245835251686,-0.35446941852569575,185,187,5.909938794387805,227.61351475866886
1372,68.60000000000001,straightline,349,pure_pursuit,3.0,5.965662002563477,37.59613037109375,5.49071741104126,37.60532760620117,0.565646767616272,-0.008117814027313647,0.35,0.0,0.4750336347563471,-0.33299601078033453,185,187,5.98697909707553,227.31578259340694
1373,68.65,straightline,349,pure_pursuit,3.0,6.261703968048096,37.59724807739258,5.49071741104126,37.60532760620117,0.5860651731491089,-0.008242961500833732,0.35,0.0,0.7710288904256597,-0.35341441631317133,185,187,5.892305848568701,227.0197482328094
1374,68.7,straightline,349,pure_pursuit,3.0,6.5579986572265625,37.59870910644531,7.490702152252197,37.61344909667969,0.5708850622177124,-0.011253386187742439,0.35,0.0,0.9328199595555102,-0.3382343053817749,186,188,5.958847958017828,226.72345710908937
1375,68.75,straightline,349,pure_pursuit,3.0,6.853157997131348,37.59981918334961,7.490702152252197,37.61344909667969,0.5884225964546204,-0.011698559970355606,0.35,0.0,0.6376898339052799,-0.3557718396186828,186,188,5.864820527419246,226.42830544958872
1376,68.8,straightline,349,pure_pursuit,3.0,7.149308204650879,37.60097885131836,7.490702152252197,37.61344909667969,0.5658884644508362,-0.009970344719693736,0.35,0.0,0.341621624722709,-0.3332377076148987,186,188,5.964680934479287,226.13216242754493
1377,68.85000000000001,straightline,349,pure_pursuit,3.0,7.444817543029785,37.60191345214844,7.490702152252197,37.61344909667969,0.5802492499351501,-0.009966000414007976,0.35,0.0,0.04731245563532741,-0.34759849309921265,186,188,5.889910625285434,225.83666293734248
1378,68.9,straightline,349,pure_pursuit,3.0,7.741304874420166,37.60312271118164,7.490702152252197,37.61344909667969,0.5563507676124573,-0.00801798110956303,0.35,0.0,0.25081538747742416,-0.3237000107765198,186,188,5.966529056726519,225.54018227560837
1379,68.95,straightline,349,pure_pursuit,3.0,8.037186622619629,37.604209899902344,7.490702152252197,37.61344909667969,0.577813446521759,-0.008269417697505894,0.35,0.0,0.5465625665098761,-0.3451626896858215,186,188,5.881272173627031,225.24430863595933
1380,69.0,straightline,349,pure_pursuit,3.0,8.334451675415039,37.60559844970703,7.490702152252197,37.61344909667969,0.5710998177528381,-0.0071321659202263745,0.35,0.0,0.8437860454495631,-0.3384490609169006,186,188,5.98887111054086,224.94704821444296
1381,69.05,straightline,349,pure_pursuit,3.0,8.631502151489258,37.606895446777344,9.490686416625977,37.62156677246094,0.6028661131858826,-0.012711741277416536,0.35,0.0,0.8593095188905087,-0.3702153563499451,187,189,5.9210154299242586,224.65000347046563
1382,69.10000000000001,straightline,349,pure_pursuit,3.0,8.929742813110352,37.60828399658203,9.490686416625977,37.62156677246094,0.581109344959259,-0.011210539330776067,0.35,0.0,0.5611008451786041,-0.3484585881233216,187,189,5.998585145017704,224.3517675526852
1383,69.15,straightline,349,pure_pursuit,3.0,9.227492332458496,37.60928726196289,9.490686416625977,37.62156677246094,0.5906991958618164,-0.011059535933816148,0.35,0.0,0.26348038317649086,-0.35804843902587885,187,189,5.915824179203402,224.05402738057884
1384,69.2,straightline,349,pure_pursuit,3.0,9.526658058166504,37.61044692993164,9.490686416625977,37.62156677246094,0.5675597786903381,-0.009176549342199124,0.15,0.0,0.03765116057967605,-0.3349090218544006,187,189,6.023055006400965,223.75486925711542
1385,69.25,straightline,349,pure_pursuit,3.0,9.825236320495605,37.6114501953125,9.490686416625977,37.62156677246094,0.5833871960639954,-0.009138881693818423,0.35,0.0,0.3347028283602907,-0.35073643922805786,187,189,5.941688775446162,223.4563004590403
1386,69.3,straightline,349,pure_pursuit,3.0,10.123748779296875,37.61280059814453,9.490686416625977,37.62156677246094,0.561441957950592,-0.0072458221726153125,0.35,0.0,0.6331230534758672,-0.32879120111465454,187,189,5.994004910512752,223.15779331750096
1387,69.35000000000001,straightline,349,pure_pursuit,3.0,10.42050552368164,37.61404037475586,9.490686416625977,37.62156677246094,0.5853606462478638,-0.007561533745424093,0.35,0.0,0.929849567676518,-0.3527098894119262,187,189,5.889906162031516,222.8610431164081
1388,69.4,straightline,349,pure_pursuit,3.0,10.71777057647705,37.6155891418457,11.490667343139648,37.62969207763672,0.5801042914390564,-0.01151274443040902,0.35,0.0,0.773025423071857,-0.34745353460311884,188,190,5.9797548068694555,222.56378094847673
1389,69.45,straightline,349,pure_pursuit,3.0,11.014050483703613,37.616783142089844,11.490667343139648,37.62969207763672,0.6013516187667847,-0.012175244905173011,0.35,0.0,0.4767916435043956,-0.36870086193084717,188,190,5.898090749805597,222.2675081470705
1390,69.5,straightline,349,pure_pursuit,3.0,11.311091423034668,37.6180305480957,11.490667343139648,37.62969207763672,0.571927547454834,-0.010104030718736253,0.35,0.0,0.17995416736710018,-0.33927679061889643,188,190,5.972864896523181,221.97047375028754
1391,69.55,straightline,349,pure_pursuit,3.0,11.607379913330078,37.6190071105957,11.490667343139648,37.62969207763672,0.5826965570449829,-0.009890473453973465,0.35,0.0,0.11720065085622847,-0.35004580020904547,188,190,5.885910856519048,221.67419504125073
1392,69.60000000000001,straightline,349,pure_pursuit,3.0,11.904937744140625,37.620208740234375,11.490667343139648,37.62969207763672,0.5645560622215271,-0.008188934568399213,0.35,0.0,0.41437893145501087,-0.3319053053855896,188,190,5.990656428488696,221.3766443956953
1393,69.65,straightline,349,pure_pursuit,3.0,12.20205307006836,37.62130355834961,11.490667343139648,37.62969207763672,0.5873540043830872,-0.008441672356573131,0.35,0.0,0.7114351830867803,-0.3547032475471496,188,190,5.919887074811189,221.0795375401098
1394,69.7,straightline,349,pure_pursuit,3.0,12.500296592712402,37.62275695800781,13.490652084350586,37.63780975341797,0.5728020071983337,-0.011385815622870284,0.15,0.0,0.9904698816559585,-0.3401512503623962,189,191,6.000180272443057,220.781298258833
1395,69.75,straightline,349,pure_pursuit,3.0,12.797863960266113,37.623870849609375,13.490652084350586,37.63780975341797,0.58984375,-0.01180486830829261,0.35,0.0,0.692928335336251,-0.3571929931640625,189,191,5.908454354927254,220.48373921639873
1396,69.8,straightline,349,pure_pursuit,3.0,13.095669746398926,37.62504959106445,13.490652084350586,37.63780975341797,0.5648418068885803,-0.009959377124763394,0.35,0.0,0.3951883968907077,-0.3321910500526428,189,191,5.986884367012322,220.1859410147779
1397,69.85000000000001,straightline,349,pure_pursuit,3.0,13.391838073730469,37.62600326538086,13.490652084350586,37.63780975341797,0.5766956210136414,-0.00984548983455551,0.35,0.0,0.09951684206506474,-0.34404486417770386,189,191,5.89339886499762,219.88978290961222
1398,69.9,straightline,349,pure_pursuit,3.0,13.688316345214844,37.62723159790039,13.490652084350586,37.63780975341797,0.5517442226409912,-0.00787144968684377,0.35,0.0,0.19794710757464337,-0.3190934658050537,189,191,5.961033330713505,219.59331157841106
1399,69.95,straightline,349,pure_pursuit,3.0,13.983723640441895,37.628318786621094,13.490652084350586,37.63780975341797,0.5729761719703674,-0.008135466175555672,0.35,0.0,0.49316289182890055,-0.3403254151344299,189,191,5.86839632638442,219.29791288600796
1400,70.0,straightline,349,pure_pursuit,3.0,14.280183792114258,37.62969970703125,13.490652084350586,37.63780975341797,0.5657792091369629,-0.0069954394598696155,0.35,0.0,0.7895733597434851,-0.3331284523010254,189,191,5.969366266193295,219.0014578692216
1401,70.05,straightline,349,pure_pursuit,3.0,14.576059341430664,37.6309928894043,15.490636825561523,37.645931243896484,0.5981253385543823,-0.012514375359972473,0.35,0.0,0.9146994746440311,-0.3654745817184449,190,192,5.895698038912592,218.7055885026357
1402,70.10000000000001,straightline,349,pure_pursuit,3.0,14.872963905334473,37.63237762451172,15.490636825561523,37.645931243896484,0.5774717330932617,-0.011082857278814152,0.35,0.0,0.6178216061131561,-0.3448209762573242,190,192,5.973406976701855,218.40868910633122
1403,70.15,straightline,349,pure_pursuit,3.0,15.1693115234375,37.633384704589844,15.490636825561523,37.645931243896484,0.5883509516716003,-0.011023189499884449,0.35,0.0,0.32157015631688834,-0.3557001948356629,190,192,5.889466718106665,218.1123512448169
1404,70.2,straightline,349,pure_pursuit,3.0,15.467132568359375,37.63452911376953,15.490636825561523,37.645931243896484,0.5662545561790466,-0.009207244574522024,0.35,0.0,0.02612391008361342,-0.33360379934310913,190,192,5.99781150939408,217.8145384203711
1405,70.25,straightline,349,pure_pursuit,3.0,15.764681816101074,37.635520935058594,15.490636825561523,37.645931243896484,0.5831771492958069,-0.00924675302128083,0.35,0.0,0.27424265053037017,-0.35052639245986944,190,192,5.929662365859973,217.51699926665137
1406,70.3,straightline,349,pure_pursuit,3.0,16.06340789794922,37.63683319091797,15.490636825561523,37.645931243896484,0.5628323554992676,-0.0074267621541048365,0.15,0.0,0.5728433258161871,-0.3301815986633301,190,192,6.008572097533901,217.2182794781467
1407,70.35000000000001,straightline,349,pure_pursuit,3.0,16.36148452758789,37.63804626464844,15.490636825561523,37.645931243896484,0.5875444412231445,-0.007777401093730423,0.35,0.0,0.870883398063338,-0.354893684387207,190,192,5.917109782928556,216.92021033307333
1408,70.4,straightline,349,pure_pursuit,3.0,16.659826278686523,37.63958740234375,17.490617752075195,37.654052734375,0.5811113715171814,-0.011567614692993085,0.35,0.0,0.8309173954648528,-0.34846061468124395,191,193,5.995636718168389,216.62187209262908
1409,70.45,straightline,349,pure_pursuit,3.0,16.95655059814453,37.64078903198242,17.490617752075195,37.654052734375,0.6004031896591187,-0.012135104324244044,0.35,0.0,0.534231832361905,-0.36775243282318115,191,193,5.9024874214183845,216.3251553475953
1410,70.5,straightline,349,pure_pursuit,3.0,17.25360107421875,37.64204025268555,17.490617752075195,37.654052734375,0.5697879791259766,-0.010010608567337025,0.35,0.0,0.23732089098611908,-0.337137222290039,191,193,5.970639662951114,216.0281118890916
1411,70.55,straightline,349,pure_pursuit,3.0,17.549592971801758,37.64301681518555,17.490617752075195,37.654052734375,0.580189049243927,-0.009792059708339922,0.35,0.0,0.0599989004411953,-0.3475382924079895,191,193,5.8786857870814915,215.7321303314504
1412,70.60000000000001,straightline,349,pure_pursuit,3.0,17.84664535522461,37.644229888916016,17.490617752075195,37.654052734375,0.5617796778678894,-0.008103326505578913,0.35,0.0,0.35616308413032893,-0.3291289210319519,191,193,5.97920548048869,215.43508549123678
1413,70.65,straightline,349,pure_pursuit,3.0,18.143117904663086,37.64532470703125,17.490617752075195,37.654052734375,0.5849372744560242,-0.00840192819866899,0.35,0.0,0.6525585242631758,-0.35228651762008667,191,193,5.905718551024428,215.13862192494216
1414,70.7,straightline,349,pure_pursuit,3.0,18.440635681152344,37.64677047729492,17.490617752075195,37.654052734375,0.5707507729530334,-0.006870307116938207,0.35,0.0,0.9500458393341945,-0.33810001611709595,191,193,5.984008765549191,214.84110891566476
1415,70.75,straightline,349,pure_pursuit,3.0,18.737611770629883,37.64811325073242,19.490602493286133,37.66217041015625,0.6005105972290039,-0.012546621886377637,0.35,0.0,0.7531219238194096,-0.3678598403930664,192,194,5.900720102241653,214.5441388456578
1416,70.8,straightline,349,pure_pursuit,3.0,19.0360164642334,37.649478912353516,19.490602493286133,37.66217041015625,0.5853245258331299,-0.011368634663421365,0.15,0.0,0.4547631602564243,-0.3526737689971923,192,194,6.008405616291053,214.24574002292889
1417,70.85000000000001,straightline,349,pure_pursuit,3.0,19.333866119384766,37.650482177734375,19.490602493286133,37.66217041015625,0.5962756872177124,-0.011268009302404389,0.35,0.0,0.15717158038556764,-0.3636249303817749,192,194,5.92758350288967,213.94790069989256
1418,70.9,straightline,349,pure_pursuit,3.0,19.63170051574707,37.651695251464844,19.490602493286133,37.66217041015625,0.5641148090362549,-0.008928697116180204,0.35,0.0,0.1414863275797254,-0.3314640522003174,192,194,5.980926539224837,213.65007407246148
1419,70.95,straightline,349,pure_pursuit,3.0,19.927825927734375,37.65272521972656,19.490602493286133,37.66217041015625,0.5772448778152466,-0.008753856721965334,0.35,0.0,0.4373254431804413,-0.34459412097930914,192,194,5.877553394828906,213.35395859426714
1420,71.0,straightline,349,pure_pursuit,3.0,20.22452163696289,37.65403747558594,19.490602493286133,37.66217041015625,0.5630710124969482,-0.007224256167333691,0.35,0.0,0.7339642049037204,-0.3304202556610107,192,194,5.968937556535833,213.0572693964009
1421,71.05,straightline,349,pure_pursuit,3.0,20.520282745361328,37.6552619934082,21.49058723449707,37.67029571533203,0.5912829637527466,-0.012308175939053876,0.35,0.0,0.9704209470285854,-0.35863220691680914,193,195,5.888510140215758,212.7615158421119
1422,71.10000000000001,straightline,349,pure_pursuit,3.0,20.816862106323242,37.65659713745117,21.49058723449707,37.67029571533203,0.5695032477378845,-0.010799555798769346,0.35,0.0,0.6738643775781586,-0.336852490901947,193,195,5.9641094650204085,212.46494275281876
1423,71.15,straightline,349,pure_pursuit,3.0,21.11273956298828,37.65756607055664,21.49058723449707,37.67029571533203,0.5809943079948425,-0.010765845685022733,0.35,0.0,0.37806204083552397,-0.34834355115890503,193,195,5.877910447087151,212.1690760909352
1424,71.2,straightline,349,pure_pursuit,3.0,21.409940719604492,37.65869903564453,21.49058723449707,37.67029571533203,0.5599337816238403,-0.009018422960525551,0.35,0.0,0.08147602926071754,-0.32728302478790283,193,195,5.984026456397646,211.87188382531372
1425,71.25,straightline,349,pure_pursuit,3.0,21.706745147705078,37.65968322753906,21.49058723449707,37.67029571533203,0.5783730149269104,-0.009161619985409413,0.35,0.0,0.2164182717323021,-0.34572225809097296,193,195,5.914182657970084,211.5750901412655
1426,71.3,straightline,349,pure_pursuit,3.0,22.00469398498535,37.660987854003906,21.49058723449707,37.67029571533203,0.5591574907302856,-0.0074270309235257665,0.35,0.0,0.5141910026246312,-0.32650673389434814,193,195,5.993206260496086,211.27714817714437
1427,71.35000000000001,straightline,349,pure_pursuit,3.0,22.30217742919922,37.66218566894531,21.49058723449707,37.67029571533203,0.584617018699646,-0.00784340014733851,0.35,0.0,0.8116307146658917,-0.3519662618637085,193,195,5.911105878435703,210.97967293004075
1428,71.4,straightline,349,pure_pursuit,3.0,22.601131439208984,37.66368865966797,23.490568161010742,37.67841339111328,0.5807633996009827,-0.011619921863671298,0.15,0.0,0.8895585982978267,-0.3481126427650452,194,196,6.019858879759351,210.68072345056643
1429,71.45,straightline,349,pure_pursuit,3.0,22.899553298950195,37.66486358642578,23.490568161010742,37.67841339111328,0.6010372638702393,-0.012225159026402675,0.35,0.0,0.5911701653361041,-0.36838650703430176,194,196,5.939584395732368,210.3823102039652
1430,71.5,straightline,349,pure_pursuit,3.0,23.197967529296875,37.666114807128906,23.490568161010742,37.67841339111328,0.5691890120506287,-0.010038865922408017,0.35,0.0,0.29285898457683496,-0.3365382552146911,194,196,5.992858187357262,210.08390366261017
1431,71.55,straightline,349,pure_pursuit,3.0,23.49467658996582,37.6671028137207,23.490568161010742,37.67841339111328,0.5780900120735168,-0.009760497841227646,0.35,0.0,0.012033634090848188,-0.34543925523757935,194,196,5.8897496976914105,209.7872054830902
1432,71.60000000000001,straightline,349,pure_pursuit,3.0,23.79194450378418,37.66831588745117,23.490568161010742,37.67841339111328,0.5580782294273376,-0.008001978427337696,0.35,0.0,0.30154545190352117,-0.3254274725914001,194,196,5.980607852384114,209.48994570808537
1433,71.65,straightline,349,pure_pursuit,3.0,24.08828353881836,37.669410705566406,23.490568161010742,37.67841339111328,0.5806912779808044,-0.008295841406370871,0.35,0.0,0.59778317240849,-0.348040521144867,194,196,5.90009475689695,209.19361625288622
1434,71.7,straightline,349,pure_pursuit,3.0,24.38543701171875,37.67084884643555,23.490568161010742,37.67841339111328,0.5667708516120911,-0.006798859261528697,0.35,0.0,0.8949008226075402,-0.3341200947761536,194,196,5.975802627518221,208.8964681444817
1435,71.75,straightline,349,pure_pursuit,3.0,24.681886672973633,37.67218017578125,25.49055290222168,37.6865348815918,0.5969070196151733,-0.012393330976520357,0.35,0.0,0.8087936250398875,-0.36425626277923584,195,197,5.889897750994177,208.600025160087
1436,71.8,straightline,349,pure_pursuit,3.0,24.97964859008789,37.67353820800781,25.49055290222168,37.6865348815918,0.5821903944015503,-0.011245148309907868,0.35,0.0,0.5110695937748095,-0.34953963756561285,195,197,5.995291046211925,208.3022697152314
1437,71.85000000000001,straightline,349,pure_pursuit,3.0,25.277006149291992,37.67453384399414,25.49055290222168,37.6865348815918,0.5945538878440857,-0.011228940621719126,0.35,0.0,0.21388370809912885,-0.36190313100814825,195,197,5.9252944495934985,208.00492318818957
1438,71.9,straightline,349,pure_pursuit,3.0,25.575517654418945,37.675724029541016,25.49055290222168,37.6865348815918,0.5646904110908508,-0.009003708511983406,0.15,0.0,0.08564977313458942,-0.33203965425491333,195,197,6.004460630055499,207.7064203902034
1439,71.95,straightline,349,pure_pursuit,3.0,25.873380661010742,37.67673873901367,25.49055290222168,37.6865348815918,0.5792362689971924,-0.008898130783451372,0.35,0.0,0.38295307455204947,-0.3465855121612549,195,197,5.912984891904434,207.40856828577802
1440,72.0,straightline,349,pure_pursuit,3.0,26.171510696411133,37.678062438964844,25.49055290222168,37.6865348815918,0.5642375349998474,-0.007341319725839843,0.35,0.0,0.6810104990023521,-0.3315867781639099,195,197,5.99163074725573,207.11044530624056
1441,72.05,straightline,349,pure_pursuit,3.0,26.468036651611328,37.679298400878906,25.49055290222168,37.6865348815918,0.5904057621955872,-0.0077544842956957715,0.35,0.0,0.9775105354797733,-0.35775500535964966,195,197,5.898731486072118,206.81392741696862
1442,72.10000000000001,straightline,349,pure_pursuit,3.0,26.764902114868164,37.68088150024414,27.490537643432617,37.69465637207031,0.579517126083374,-0.011496803481346312,0.35,0.0,0.7257662622420807,-0.34686636924743647,196,198,5.9671733382656935,206.51706568358603
1443,72.15,straightline,349,pure_pursuit,3.0,27.060726165771484,37.68207931518555,27.490537643432617,37.69465637207031,0.5984212756156921,-0.012035026017035192,0.35,0.0,0.42999545194005145,-0.36577051877975464,196,198,5.875330894505252,206.22125018262108
1444,72.2,straightline,349,pure_pursuit,3.0,27.357616424560547,37.68328857421875,27.490537643432617,37.69465637207031,0.5748463273048401,-0.010243757285155924,0.35,0.0,0.13340643633060142,-0.3421955704689026,196,198,5.9760831281720295,205.92436844591091
1445,72.25,straightline,349,pure_pursuit,3.0,27.653934478759766,37.684242248535156,27.490537643432617,37.69465637207031,0.5875082612037659,-0.010101947703211945,0.35,0.0,0.16372837189666536,-0.3548575043678284,196,198,5.902725000799101,205.6280621438499
1446,72.3,straightline,349,pure_pursuit,3.0,27.95130729675293,37.68547821044922,27.490537643432617,37.69465637207031,0.5623011589050293,-0.008040846619682535,0.35,0.0,0.4608610550607025,-0.3296504020690918,196,198,5.981158943031493,205.33069761425057
1447,72.35000000000001,straightline,349,pure_pursuit,3.0,28.24814796447754,37.68658447265625,27.490537643432617,37.69465637207031,0.5828784108161926,-0.008171513200615642,0.35,0.0,0.7576533205325113,-0.3502276539802551,196,198,5.897951151588532,205.03386687312494
1448,72.4,straightline,349,pure_pursuit,3.0,28.54642677307129,37.68800354003906,29.49051856994629,37.70277404785156,0.5756868124008179,-0.011534821951742845,0.15,0.0,0.9442073336019506,-0.34303605556488037,197,199,6.0060407783147225,204.7355941596794
1449,72.45,straightline,349,pure_pursuit,3.0,28.84415626525879,37.68911361694336,29.49051856994629,37.70277404785156,0.59478759765625,-0.012055301761025353,0.35,0.0,0.6465066405641433,-0.3621368408203125,197,199,5.925316807995334,204.43787468348643
1450,72.5,straightline,349,pure_pursuit,3.0,29.141883850097656,37.690330505371094,29.49051856994629,37.70277404785156,0.5631647706031799,-0.009877510082740114,0.35,0.0,0.3488567179135267,-0.3305140137672425,197,199,5.9788623655503805,204.14015578706125
1451,72.55,straightline,349,pure_pursuit,3.0,29.43790626525879,37.69129180908203,29.49051856994629,37.70277404785156,0.5729420185089111,-0.009651403080427114,0.35,0.0,0.053850686269451206,-0.3402912616729736,197,199,5.875572166492796,203.8441452179109
1452,72.60000000000001,straightline,349,pure_pursuit,3.0,29.734506607055664,37.69248962402344,29.49051856994629,37.70277404785156,0.5539575815200806,-0.007962630806344417,0.35,0.0,0.24420469206377313,-0.321306824684143,197,199,5.9671939563666445,203.54755378464787
1453,72.65,straightline,349,pure_pursuit,3.0,30.03018569946289,37.69356918334961,29.49051856994629,37.70277404785156,0.5773205161094666,-0.008317879206492174,0.35,0.0,0.5397456254673935,-0.3446697592735291,197,199,5.886866064852117,203.2518850717214
1454,72.7,straightline,349,pure_pursuit,3.0,30.32669448852539,37.69498825073242,29.49051856994629,37.70277404785156,0.5636921525001526,-0.006855583502831189,0.35,0.0,0.8362121653314933,-0.3310413956642151,197,199,5.962747418900257,202.95538241715462
1455,72.75,straightline,349,pure_pursuit,3.0,30.622507095336914,37.69629669189453,31.490503311157227,37.710899353027344,0.5938705801963806,-0.012312684999452784,0.35,0.0,0.868119040449259,-0.36121982336044306,198,200,5.876723481675572,202.6595773338464
1456,72.8,straightline,349,pure_pursuit,3.0,30.919652938842773,37.69763946533203,31.490503311157227,37.710899353027344,0.5795668959617615,-0.01118899322959975,0.35,0.0,0.5710043539179382,-0.3469161391258239,198,200,5.982983229979575,202.3624387134915
1457,72.85000000000001,straightline,349,pure_pursuit,3.0,31.21640968322754,37.69862365722656,31.490503311157227,37.710899353027344,0.5924768447875977,-0.01121191571942168,0.35,0.0,0.2743683829799842,-0.3598260879516601,198,200,5.91328647936699,202.0656937968578
1458,72.9,straightline,349,pure_pursuit,3.0,31.514320373535156,37.699806213378906,31.490503311157227,37.710899353027344,0.562951385974884,-0.009018693519655528,0.35,0.0,0.026273755109879702,-0.33030062913894653,198,200,5.992426385413026,201.7677925181679
1459,72.95,straightline,349,pure_pursuit,3.0,31.811763763427734,37.700809478759766,31.490503311157227,37.710899353027344,0.5778578519821167,-0.008948709964816408,0.35,0.0,0.3214188602988113,-0.3452070951461792,198,200,5.910398477557062,201.470360844152
1460,73.0,straightline,349,pure_pursuit,3.0,32.110687255859375,37.70209884643555,31.490503311157227,37.710899353027344,0.565269410610199,-0.007508828424924031,0.15,0.0,0.6202463818375644,-0.3326186537742614,198,200,6.019028395142858,201.17144554290212
1461,73.05,straightline,349,pure_pursuit,3.0,32.40908432006836,37.703311920166016,31.490503311157227,37.710899353027344,0.5921478271484375,-0.007953028733377157,0.35,0.0,0.9186123442832781,-0.3594970703125,198,200,5.938803653894873,200.8730576429329
1462,73.10000000000001,straightline,349,pure_pursuit,3.0,32.707481384277344,37.704891204833984,33.49048614501953,37.719017028808594,0.5794715881347656,-0.011502978195442205,0.35,0.0,0.7831321690799656,-0.34682083129882807,199,201,5.992275225012198,200.5746650488275
1463,73.15,straightline,349,pure_pursuit,3.0,33.004173278808594,37.70610046386719,33.49048614501953,37.719017028808594,0.5966412425041199,-0.011959227114286411,0.35,0.0,0.4864843692167126,-0.3639904856681824,199,201,5.889196414638346,200.27798228994396
1464,73.2,straightline,349,pure_pursuit,3.0,33.30143356323242,37.70731735229492,33.49048614501953,37.719017028808594,0.5715402960777283,-0.010098896114791716,0.35,0.0,0.18941425793982944,-0.33888953924179077,199,201,5.980105497096867,199.98073112445172
1465,73.25,straightline,349,pure_pursuit,3.0,33.59776306152344,37.708282470703125,33.49048614501953,37.719017028808594,0.5838327407836914,-0.009960477818568476,0.35,0.0,0.10781265024247275,-0.35118198394775396,199,201,5.899510860163061,199.68441396243136
1466,73.3,straightline,349,pure_pursuit,3.0,33.89491271972656,37.70952606201172,33.49048614501953,37.719017028808594,0.559001088142395,-0.007942939298039737,0.35,0.0,0.4045379250206355,-0.3263503313064576,199,201,5.975312604605085,199.38727314009793
1467,73.35000000000001,straightline,349,pure_pursuit,3.0,34.19136047363281,37.71063232421875,33.49048614501953,37.719017028808594,0.5799325108528137,-0.008118750818251202,0.35,0.0,0.700924480796738,-0.34728175401687617,199,201,5.889367390375675,199.09083597944795
1468,73.4,straightline,349,pure_pursuit,3.0,34.4891242980957,37.71204376220703,33.49048614501953,37.719017028808594,0.5727750658988953,-0.006911012092802782,0.35,0.0,0.9986624991589922,-0.3401243090629578,199,201,5.995006179724269,198.79307893217717
1469,73.45,straightline,349,pure_pursuit,3.0,34.7864875793457,37.713375091552734,35.4904670715332,37.72713851928711,0.6049925684928894,-0.012775981104867268,0.35,0.0,0.7041140229846085,-0.3723418116569519,200,202,5.925004172764184,198.49572346635298
1470,73.5,straightline,349,pure_pursuit,3.0,35.08499526977539,37.71479034423828,35.4904670715332,37.72713851928711,0.5834941267967224,-0.011290536771706912,0.15,0.0,0.40565978288186677,-0.3508433699607849,200,202,6.004179132456417,198.1972226282859
1471,73.55,straightline,349,pure_pursuit,3.0,35.38283920288086,37.71580505371094,35.4904670715332,37.72713851928711,0.5926108956336975,-0.011093853111081835,0.35,0.0,0.10822294374397895,-0.35996013879776,200,202,5.91238061331574,197.89939074110646
1472,73.60000000000001,straightline,349,pure_pursuit,3.0,35.680946350097656,37.71697998046875,35.4904670715332,37.72713851928711,0.5667394399642944,-0.009051470845098511,0.35,0.0,0.19074997109661287,-0.3340886831283569,200,202,5.991073216260365,197.6012936136693
1473,73.65,straightline,349,pure_pursuit,3.0,35.977447509765625,37.71799850463867,35.4904670715332,37.72713851928711,0.5814732313156128,-0.00893609768881262,0.35,0.0,0.48706620401010714,-0.3488224744796753,200,202,5.898086706771638,197.30480441655726
1474,73.7,straightline,349,pure_pursuit,3.0,36.274295806884766,37.71933364868164,35.4904670715332,37.72713851928711,0.5611807703971863,-0.007084882666909604,0.35,0.0,0.7838675923700367,-0.3285300135612488,200,202,5.966652961784358,197.0079640137785
1475,73.75,straightline,349,pure_pursuit,3.0,36.57009506225586,37.72056198120117,37.49045181274414,37.735260009765625,0.5871869325637817,-0.012100684080787651,0.35,0.0,0.9204741062153948,-0.35453617572784424,201,203,5.874695139471709,196.7121739934836
1476,73.8,straightline,349,pure_pursuit,3.0,36.86695861816406,37.721858978271484,37.49045181274414,37.735260009765625,0.5713334083557129,-0.010878649223623419,0.35,0.0,0.6236371952768517,-0.3386826515197754,201,203,5.975558673135157,196.41531890003077
1477,73.85000000000001,straightline,349,pure_pursuit,3.0,37.163246154785156,37.722808837890625,37.49045181274414,37.735260009765625,0.5849806070327759,-0.010935771096628324,0.35,0.0,0.32744247476684,-0.3523298501968384,201,203,5.902072653107818,196.11904436248574
1478,73.9,straightline,349,pure_pursuit,3.0,37.46058654785156,37.72396469116211,37.49045181274414,37.735260009765625,0.5572054386138916,-0.008835891109433641,0.35,0.0,0.031929896170498046,-0.32455468177795405,201,203,5.980554619692948,195.82171439885002
1479,73.95,straightline,349,pure_pursuit,3.0,37.75739288330078,37.72494888305664,37.49045181274414,37.735260009765625,0.5737337470054626,-0.00886279258412422,0.35,0.0,0.2671401401585582,-0.3410829901695252,201,203,5.897254713438601,195.5249207412637
1480,74.0,straightline,349,pure_pursuit,3.0,38.055633544921875,37.72620391845703,37.49045181274414,37.735260009765625,0.5621140003204346,-0.0074723236299657075,0.15,0.0,0.5652542818742852,-0.329463243484497,201,203,6.005058647018388,195.2266893617093
1481,74.05,straightline,349,pure_pursuit,3.0,38.35332107543945,37.727378845214844,37.49045181274414,37.735260009765625,0.5895652770996094,-0.007945115416462215,0.35,0.0,0.8629052539294385,-0.3569145202636719,201,203,5.924261533454947,194.92901215680808
1482,74.10000000000001,straightline,349,pure_pursuit,3.0,38.65100860595703,37.72893142700195,39.49043655395508,37.743377685546875,0.577079713344574,-0.011399295203700905,0.35,0.0,0.8395522462992749,-0.3444289565086365,202,204,5.977838824616372,194.6313300117965
1483,74.15,straightline,349,pure_pursuit,3.0,38.946983337402344,37.7301025390625,39.49043655395508,37.743377685546875,0.5945726037025452,-0.011857524257822933,0.35,0.0,0.5436153309976595,-0.36192184686660767,202,204,5.87433255895046,194.3353655793514
1484,74.2,straightline,349,pure_pursuit,3.0,39.243526458740234,37.731300354003906,39.49043655395508,37.743377685546875,0.5700481534004211,-0.010025276488270255,0.35,0.0,0.24720529334179314,-0.3373973965644837,202,204,5.965840395680339,194.0388324923398
1485,74.25,straightline,349,pure_pursuit,3.0,39.53913879394531,37.732242584228516,39.49043655395508,37.743377685546875,0.5828859210014343,-0.00991415671654261,0.35,0.0,0.04995896977957525,-0.3502351641654968,202,204,5.885406310623858,193.74323352833088
1486,74.3,straightline,349,pure_pursuit,3.0,39.83557891845703,37.73345947265625,39.49043655395508,37.743377685546875,0.5584508776664734,-0.007911139374275795,0.35,0.0,0.3452848428775043,-0.32580012083053594,202,204,5.961116270390677,193.44680325643324
1487,74.35000000000001,straightline,349,pure_pursuit,3.0,40.13132095336914,37.73454284667969,39.49043655395508,37.743377685546875,0.5797824859619141,-0.008108648449032805,0.35,0.0,0.6409452923535149,-0.34713172912597656,202,204,5.874992015931684,193.15107282033924
1488,74.4,straightline,349,pure_pursuit,3.0,40.42839431762695,37.73593521118164,39.49043655395508,37.743377685546875,0.5730067491531372,-0.0069235427571808185,0.35,0.0,0.9379872903494066,-0.34035599231719965,202,204,5.981359425267079,192.8540071139486
1489,74.45,straightline,349,pure_pursuit,3.0,40.72507095336914,37.73725128173828,41.490421295166016,37.751502990722656,0.6054427623748779,-0.012737877279790382,0.35,0.0,0.7654830219525243,-0.3727920055389405,203,205,5.911577017337801,192.55733914804384
1490,74.5,straightline,349,pure_pursuit,3.0,41.022884368896484,37.73863983154297,41.490421295166016,37.751502990722656,0.5840873122215271,-0.011245391599850559,0.35,0.0,0.4677138423113465,-0.3514365553855896,203,205,5.9904790224439735,192.25953357499398
1491,74.55,straightline,349,pure_pursuit,3.0,41.320228576660156,37.73963165283203,41.490421295166016,37.751502990722656,0.5937934517860413,-0.011070515406267972,0.35,0.0,0.1706062428392586,-0.36114269495010376,203,205,5.90826793666485,191.96220248258658
1492,74.60000000000001,straightline,349,pure_pursuit,3.0,41.61905288696289,37.74077224731445,41.490421295166016,37.751502990722656,0.5707401037216187,-0.009151445797433915,0.15,0.0,0.1290784074208021,-0.3380893468856811,203,205,6.0169526392481565,191.66338948244936
1493,74.65,straightline,349,pure_pursuit,3.0,41.91733932495117,37.74176025390625,41.490421295166016,37.751502990722656,0.586692750453949,-0.009070081642119648,0.35,0.0,0.42702918527462885,-0.3540419936180115,203,205,5.936649634249118,191.3651163844142
1494,74.7,straightline,349,pure_pursuit,3.0,42.21561813354492,37.74310302734375,41.490421295166016,37.751502990722656,0.5649966597557068,-0.007142102378643504,0.35,0.0,0.7252454851838296,-0.3323459029197693,203,205,5.989879258777588,191.06684622389028
1495,74.75,straightline,349,pure_pursuit,3.0,42.51219177246094,37.74433898925781,43.49040222167969,37.759620666503906,0.5893924236297607,-0.012083355990986998,0.35,0.0,0.9783298076927854,-0.35674166679382324,204,206,5.886692525919888,190.77028254505186
1496,74.8,straightline,349,pure_pursuit,3.0,42.80931854248047,37.745635986328125,43.49040222167969,37.759620666503906,0.5716813206672668,-0.010757241547613946,0.35,0.0,0.6812272376756255,-0.33903056383132935,204,206,5.977548952799007,190.47316500686566
1497,74.85000000000001,straightline,349,pure_pursuit,3.0,43.10552215576172,37.746585845947266,43.49040222167969,37.759620666503906,0.5846286416053772,-0.01077678034024566,0.35,0.0,0.38510072927477534,-0.3519778847694397,204,206,5.896839782459835,190.1769752310334
1498,74.9,straightline,349,pure_pursuit,3.0,43.40252685546875,37.74774169921875,43.49040222167969,37.759620666503906,0.5570604205131531,-0.00868818869541637,0.35,0.0,0.08867462912506704,-0.3244096636772156,204,206,5.972488650638915,189.8799817256179
1499,74.95,straightline,349,pure_pursuit,3.0,43.698822021484375,37.74873352050781,43.49040222167969,37.759620666503906,0.574088990688324,-0.008752985192839732,0.35,0.0,0.2087039599494132,-0.3414382338523864,204,206,5.886463200314926,189.58369993475466
1500,75.0,straightline,349,pure_pursuit,3.0,43.99643325805664,37.75,43.49040222167969,37.759620666503906,0.5630025863647461,-0.007406964316139044,0.35,0.0,0.5061224822122731,-0.33035182952880854,204,206,5.9920432881699,189.28609854681474
1501,75.05,straightline,349,pure_pursuit,3.0,44.29364013671875,37.75118637084961,43.49040222167969,37.759620666503906,0.5918276309967041,-0.007975351626496015,0.35,0.0,0.8032821954328904,-0.35917687416076666,204,206,5.9220736949680814,188.98890259777806
1502,75.10000000000001,straightline,349,pure_pursuit,3.0,44.59199142456055,37.75271987915039,45.490386962890625,37.76774215698242,0.5814883708953857,-0.011510741313517626,0.15,0.0,0.8985211250285958,-0.34883761405944824,205,207,6.001158312800711,188.69055770857008
1503,75.15,straightline,349,pure_pursuit,3.0,44.88967514038086,37.75388717651367,45.490386962890625,37.76774215698242,0.600227415561676,-0.012023602242462393,0.35,0.0,0.6008715787810184,-0.3675766587257385,205,207,5.909339206273799,188.39288530199036
1504,75.2,straightline,349,pure_pursuit,3.0,45.187625885009766,37.75509262084961,45.490386962890625,37.76774215698242,0.574862539768219,-0.010142884077880786,0.35,0.0,0.30302521519496545,-0.34221178293228155,205,207,5.987954108620333,188.09494541893804
1505,75.25,straightline,349,pure_pursuit,3.0,45.48395919799805,37.75605773925781,45.490386962890625,37.76774215698242,0.5858001708984375,-0.009944875765818663,0.35,0.0,0.013335733166100228,-0.3531494140625,205,207,5.894922197087663,187.79862611045894
1506,75.3,straightline,349,pure_pursuit,3.0,45.7806282043457,37.757286071777344,45.490386962890625,37.76774215698242,0.5600534677505493,-0.007880410622912924,0.35,0.0,0.2904295232224176,-0.3274027109146118,205,207,5.963234452029507,187.5019676264763
1507,75.35000000000001,straightline,349,pure_pursuit,3.0,46.07624435424805,37.75837707519531,45.490386962890625,37.76774215698242,0.5808215141296387,-0.0080605906190974,0.35,0.0,0.5859322382025097,-0.34817075729370117,205,207,5.871241568295183,187.2063638042143
1508,75.4,straightline,349,pure_pursuit,3.0,46.37293243408203,37.75978088378906,45.490386962890625,37.76774215698242,0.5735581517219543,-0.006868309589962091,0.35,0.0,0.8825813790191365,-0.34090739488601685,205,207,5.972225344826481,186.90968395346266
1509,75.45,straightline,349,pure_pursuit,3.0,46.6690673828125,37.7610969543457,47.4903678894043,37.77586364746094,0.6062743663787842,-0.01268033521163948,0.35,0.0,0.8214332458292041,-0.37362360954284674,206,208,5.898876310839604,186.6135584107174
1510,75.5,straightline,349,pure_pursuit,3.0,46.96623611450195,37.76250076293945,47.4903678894043,37.77586364746094,0.5854533910751343,-0.011227174829702148,0.35,0.0,0.5243020924476801,-0.35280263423919683,206,208,5.97708884445336,186.31639802725874
1511,75.55,straightline,349,pure_pursuit,3.0,47.26286697387695,37.76350021362305,47.4903678894043,37.77586364746094,0.5955853462219238,-0.01108687897013831,0.35,0.0,0.22783661045153278,-0.3629345893859864,206,208,5.893655650222565,186.01978100521606
1512,75.60000000000001,straightline,349,pure_pursuit,3.0,47.56093215942383,37.76464080810547,47.4903678894043,37.77586364746094,0.5727266669273376,-0.009186354783850118,0.15,0.0,0.07145116042856109,-0.3400759100914002,206,208,6.0018483780000755,185.72172791689025
1513,75.65,straightline,349,pure_pursuit,3.0,47.85845184326172,37.76564025878906,47.4903678894043,37.77586364746094,0.5888631343841553,-0.009138197959957064,0.35,0.0,0.3682259018092683,-0.3562123775482178,206,208,5.921199430803062,185.4242222504599
1514,75.7,straightline,349,pure_pursuit,3.0,48.15597152709961,37.76698303222656,47.4903678894043,37.77586364746094,0.5670902729034424,-0.0072207121751343625,0.35,0.0,0.6656628785204819,-0.3344395160675048,206,208,5.974558492903938,185.1267119465289
1515,75.75,straightline,349,pure_pursuit,3.0,48.4517707824707,37.76821517944336,47.4903678894043,37.77586364746094,0.591298520565033,-0.007509602526557787,0.35,0.0,0.9614333163872946,-0.35864776372909546,206,208,5.871093874189055,184.83092346240656
1516,75.8,straightline,349,pure_pursuit,3.0,48.74815368652344,37.7697639465332,49.490352630615234,37.78398132324219,0.5865705013275146,-0.011655654057201583,0.35,0.0,0.7423351038523394,-0.35391974449157715,207,209,5.96275400562717,184.5345470945977
1517,75.85000000000001,straightline,349,pure_pursuit,3.0,49.04359817504883,37.77095031738281,49.490352630615234,37.78398132324219,0.6078580021858215,-0.012302126234551503,0.35,0.0,0.4469444603998836,-0.37520724534988403,207,209,5.8822208659065645,184.23911405208054
1518,75.9,straightline,349,pure_pursuit,3.0,49.33987045288086,37.77218246459961,49.490352630615234,37.78398132324219,0.577926754951477,-0.010177087149037443,0.35,0.0,0.150944025655034,-0.34527599811553955,207,209,5.957857964427064,183.94285271476534
1519,75.95,straightline,349,pure_pursuit,3.0,49.63543701171875,37.77313995361328,49.490352630615234,37.78398132324219,0.5882994532585144,-0.009906368516153773,0.35,0.0,0.14548887564216287,-0.3556486964225769,207,209,5.871643060485114,183.64730084440345
1520,76.0,straightline,349,pure_pursuit,3.0,49.932342529296875,37.77433395385742,49.490352630615234,37.78398132324219,0.570156991481781,-0.008172730159235345,0.35,0.0,0.44209517331978765,-0.3375062346458435,207,209,5.978263142935474,183.3504069429702
1521,76.05,straightline,349,pure_pursuit,3.0,50.22886276245117,37.77542495727539,49.490352630615234,37.78398132324219,0.5930683612823486,-0.00839530398688436,0.35,0.0,0.7385596971287369,-0.3604176044464112,207,209,5.908501338526328,183.05389975237995
1522,76.10000000000001,straightline,349,pure_pursuit,3.0,50.52652359008789,37.77687072753906,51.49033737182617,37.79210662841797,0.5785618424415588,-0.011480166433505565,0.35,0.0,0.9639341982439668,-0.34591108560562134,208,210,5.987537003880824,182.75624723655284
1523,76.15,straightline,349,pure_pursuit,3.0,50.8237190246582,37.77797317504883,51.49033737182617,37.79210662841797,0.5956133008003235,-0.011877471038292757,0.35,0.0,0.6667681570719257,-0.362962543964386,208,210,5.905266906836657,182.45906484327213
1524,76.2,straightline,349,pure_pursuit,3.0,51.12239456176758,37.779117584228516,51.49033737182617,37.79210662841797,0.5725259184837341,-0.010086911607464666,0.15,0.0,0.36817200700592373,-0.33987516164779663,208,210,6.0140047394281835,182.16040195834344
1525,76.25,straightline,349,pure_pursuit,3.0,51.420536041259766,37.780052185058594,51.49033737182617,37.79210662841797,0.5849089622497559,-0.009951157000119176,0.35,0.0,0.07083456326924802,-0.3522582054138183,208,210,5.933665539582667,181.8622760296312
1526,76.3,straightline,349,pure_pursuit,3.0,51.718666076660156,37.78128433227539,51.49033737182617,37.79210662841797,0.5583847165107727,-0.00785566710726015,0.35,0.0,0.22858503788516524,-0.3257339596748352,208,210,5.986910407432303,181.56415748065862
1527,76.35000000000001,straightline,349,pure_pursuit,3.0,52.01509475708008,37.78239059448242,51.49033737182617,37.79210662841797,0.5780254602432251,-0.008005787149549345,0.35,0.0,0.5248473251279397,-0.3453747034072876,208,210,5.883647059815111,181.26774191407728
1528,76.4,straightline,349,pure_pursuit,3.0,52.31208801269531,37.7838020324707,51.49033737182617,37.79210662841797,0.5694116353988647,-0.006770826983684215,0.35,0.0,0.8217926028400905,-0.33676087856292725,208,210,5.974868130552763,180.97075764200957
1529,76.45,straightline,349,pure_pursuit,3.0,52.60814666748047,37.78512191772461,53.49032211303711,37.80022430419922,0.6016582250595093,-0.01246909232077654,0.35,0.0,0.8823047086014479,-0.3690074682235718,209,211,5.894331420230422,180.6747091928025
1530,76.5,straightline,349,pure_pursuit,3.0,52.9050178527832,37.786521911621094,53.49032211303711,37.80022430419922,0.5813928246498108,-0.011051125810771039,0.35,0.0,0.5854646297033984,-0.3487420678138733,209,211,5.969898069353548,180.37784722087693
1531,76.55,straightline,349,pure_pursuit,3.0,53.20117950439453,37.78752136230469,53.49032211303711,37.80022430419922,0.5924345254898071,-0.01097411229948877,0.35,0.0,0.2894215141716506,-0.35978376865386963,209,211,5.883731392712644,180.0817003311474
1532,76.60000000000001,straightline,349,pure_pursuit,3.0,53.498661041259766,37.788673400878906,53.49032211303711,37.80022430419922,0.5701629519462585,-0.009131422274857155,0.35,0.0,0.014246441359785932,-0.3375121951103211,209,211,5.989427751531696,179.78423161163698
1533,76.65,straightline,349,pure_pursuit,3.0,53.79574203491211,37.7896614074707,53.49032211303711,37.80022430419922,0.5875107645988464,-0.009162928660372839,0.35,0.0,0.3056025252929504,-0.35486000776290894,209,211,5.919462731880512,179.4871657354305
1534,76.7,straightline,349,pure_pursuit,3.0,54.09395980834961,37.79098129272461,53.49032211303711,37.80022430419922,0.567721426486969,-0.007348362516162618,0.35,0.0,0.6037084565113415,-0.3350706696510315,209,211,5.998533796595109,179.1889586086159
1535,76.75,straightline,349,pure_pursuit,3.0,54.39170837402344,37.792198181152344,53.49032211303711,37.80022430419922,0.5931060314178467,-0.007698901225902511,0.35,0.0,0.9014219933782825,-0.36045527458190924,209,211,5.916495971835428,178.8912221296532
1536,76.80000000000001,straightline,349,pure_pursuit,3.0,54.69091796875,37.79372787475586,55.49030303955078,37.808345794677734,0.5895864367485046,-0.011797774043608553,0.15,0.0,0.7995187146039875,-0.35693567991256714,210,212,6.024689292609585,178.59202043286697
1537,76.85000000000001,straightline,349,pure_pursuit,3.0,54.989593505859375,37.794918060302734,55.49030303955078,37.808345794677734,0.6096200942993164,-0.012370495624819875,0.35,0.0,0.5008895498809204,-0.37696933746337885,210,212,5.944183398579964,178.2933575405463
1538,76.9,straightline,349,pure_pursuit,3.0,55.28825378417969,37.79617691040039,55.49030303955078,37.808345794677734,0.5770143270492554,-0.010115478445375593,0.35,0.0,0.20241537328120324,-0.34436357021331787,210,212,5.997440172897139,177.9947089920617
1539,76.95,straightline,349,pure_pursuit,3.0,55.58521270751953,37.79716110229492,55.49030303955078,37.808345794677734,0.5851727724075317,-0.009749805380087337,0.35,0.0,0.09556642934439119,-0.35252201557159424,210,212,5.8943473101409225,177.69776553892123
1540,77.0,straightline,349,pure_pursuit,3.0,55.88271713256836,37.79838180541992,55.49030303955078,37.808345794677734,0.5647366642951965,-0.00792426089742746,0.35,0.0,0.3925405730376648,-0.3320859074592591,210,212,5.984860384205148,177.40027336714112
1541,77.05000000000001,straightline,349,pure_pursuit,3.0,56.17927932739258,37.79948425292969,55.49030303955078,37.808345794677734,0.5873349905014038,-0.008159006468591802,0.35,0.0,0.6890332736018014,-0.35468423366546625,210,212,5.904252194588173,177.10372504768878
1542,77.10000000000001,straightline,349,pure_pursuit,3.0,56.47665786743164,37.80093765258789,55.49030303955078,37.808345794677734,0.5738388895988464,-0.006627058998899839,0.35,0.0,0.9863826473803678,-0.34118813276290894,210,212,5.979929756767004,176.80635556741538
1543,77.15,straightline,349,pure_pursuit,3.0,56.77333068847656,37.80229949951172,57.49028778076172,37.81646728515625,0.6046956777572632,-0.012549351204770654,0.35,0.0,0.7170970633938305,-0.3720449209213257,211,213,5.89406192958527,176.50969307099763
1544,77.2,straightline,349,pure_pursuit,3.0,57.07129669189453,37.80367660522461,57.49028778076172,37.81646728515625,0.5898535251617432,-0.011381721668705097,0.35,0.0,0.4191862760673649,-0.35720276832580566,211,213,5.998946338820467,176.21173735101132
1545,77.25,straightline,349,pure_pursuit,3.0,57.36885452270508,37.8046760559082,57.49028778076172,37.81646728515625,0.6015228033065796,-0.011295613686414808,0.35,0.0,0.12200438209109815,-0.3688720464706421,211,213,5.928688510368852,175.9141951534779
1546,77.30000000000001,straightline,349,pure_pursuit,3.0,57.667537689208984,37.80586624145508,57.49028778076172,37.81646728515625,0.5710346698760986,-0.008997049009073313,0.15,0.0,0.177566641495857,-0.33838391304016113,211,213,6.007750126543494,175.6155250887863
1547,77.35000000000001,straightline,349,pure_pursuit,3.0,57.96555709838867,37.806884765625,57.49028778076172,37.81646728515625,0.5852200984954834,-0.00882233518708384,0.35,0.0,0.4753659105974643,-0.35256934165954584,211,213,5.916086212644264,175.31752120312095
1548,77.4,straightline,349,pure_pursuit,3.0,58.26382827758789,37.8082160949707,57.49028778076172,37.81646728515625,0.5702254772186279,-0.007213778488500334,0.35,0.0,0.7735845024104082,-0.3375747203826905,211,213,5.994429626701735,175.01926118745422
1549,77.45,straightline,349,pure_pursuit,3.0,58.56049346923828,37.8094596862793,59.490272521972656,37.8245849609375,0.5967981219291687,-0.012385149891438069,0.35,0.0,0.9299020705628727,-0.3641473650932312,212,214,5.901397372545971,174.72260829307388
1550,77.5,straightline,349,pure_pursuit,3.0,58.85749053955078,37.810813903808594,59.490272521972656,37.8245849609375,0.5736844539642334,-0.010799248216181239,0.35,0.0,0.6329318125139592,-0.3410336971282959,212,214,5.969644385523388,174.4256220290186
1551,77.55000000000001,straightline,349,pure_pursuit,3.0,59.15342712402344,37.81178283691406,59.490272521972656,37.8245849609375,0.5842302441596985,-0.010693510127608762,0.35,0.0,0.337088588503199,-0.351579487323761,212,214,5.877713044936733,174.12970168365996
1552,77.60000000000001,straightline,349,pure_pursuit,3.0,59.45042419433594,37.81291961669922,59.490272521972656,37.8245849609375,0.5623562932014465,-0.008882302858624593,0.35,0.0,0.041520711357597,-0.32970553636550903,212,214,5.9782909415644125,173.83271862489306
1553,77.65,straightline,349,pure_pursuit,3.0,59.746849060058594,37.813899993896484,59.490272521972656,37.8245849609375,0.5810052156448364,-0.00900560264603644,0.35,0.0,0.2567989260429882,-0.3483544588088989,212,214,5.904870248492392,173.5363100034084
1554,77.7,straightline,349,pure_pursuit,3.0,60.0443229675293,37.815208435058594,59.490272521972656,37.8245849609375,0.5625715255737305,-0.007285265868307461,0.35,0.0,0.5541297821441019,-0.329920768737793,212,214,5.983153285453119,173.23884781313566
1555,77.75,straightline,349,pure_pursuit,3.0,60.34126663208008,37.81637191772461,59.490272521972656,37.8245849609375,0.5886578559875488,-0.007663272669643727,0.35,0.0,0.851033741702607,-0.35600709915161133,212,214,5.9008051610829915,172.94191793876314
1556,77.80000000000001,straightline,349,pure_pursuit,3.0,60.63964080810547,37.81785583496094,61.49025344848633,37.83271026611328,0.5854651927947998,-0.011636492153312628,0.15,0.0,0.8507423335537951,-0.35281443595886225,213,215,6.008547025563153,172.6435531581028
1557,77.85000000000001,straightline,349,pure_pursuit,3.0,60.93746566772461,37.819034576416016,61.49025344848633,37.83271026611328,0.6061677932739258,-0.012250376955111598,0.35,0.0,0.5529569197036619,-0.37351703643798834,213,215,5.927675246393248,172.34574206584637
1558,77.9,straightline,349,pure_pursuit,3.0,61.23526382446289,37.820335388183594,61.49025344848633,37.83271026611328,0.574776828289032,-0.010105258499300215,0.35,0.0,0.2552897294514385,-0.34212607145309454,213,215,5.98185131342088,172.04795597384467
1559,77.95,straightline,349,pure_pursuit,3.0,61.53136444091797,37.821353912353516,61.49025344848633,37.83271026611328,0.584042489528656,-0.009848654226931038,0.35,0.0,0.04265067958932607,-0.3513917326927185,213,215,5.8790711302679854,171.75187136265882
1560,78.0,straightline,349,pure_pursuit,3.0,61.82804489135742,37.82258605957031,61.49025344848633,37.83271026611328,0.5641665458679199,-0.008091226231775233,0.35,0.0,0.3379431289951907,-0.3315157890319824,213,215,5.970271187722459,171.45520395892137
1561,78.05000000000001,straightline,349,pure_pursuit,3.0,62.12381362915039,37.82368850708008,61.49025344848633,37.83271026611328,0.5869741439819336,-0.008375679352939806,0.35,0.0,0.6336244113503935,-0.3543233871459961,213,215,5.890194928602528,171.15945009930095
1562,78.10000000000001,straightline,349,pure_pursuit,3.0,62.420413970947266,37.825130462646484,61.49025344848633,37.83271026611328,0.5730374455451965,-0.00685237854644173,0.35,0.0,0.9301914055533944,-0.34038668870925903,213,215,5.966219177336221,170.86285987385878
1563,78.15,straightline,349,pure_pursuit,3.0,62.71634292602539,37.82646560668945,63.490238189697266,37.84082794189453,0.6033537983894348,-0.012588220978578025,0.35,0.0,0.7740285238970873,-0.37070304155349726,214,216,5.880683549850969,170.56694255779811
1564,78.2,straightline,349,pure_pursuit,3.0,63.01360321044922,37.82781982421875,63.490238189697266,37.84082794189453,0.5884540677070618,-0.011417180391034069,0.35,0.0,0.47681245219504603,-0.35580331087112427,214,216,5.986877575045222,170.26969382671223
1565,78.25,straightline,349,pure_pursuit,3.0,63.310516357421875,37.82878494262695,63.490238189697266,37.84082794189453,0.6001719832420349,-0.011329364773386768,0.35,0.0,0.18012487564959628,-0.36752122640609747,214,216,5.917781842978814,169.9727978921337
1566,78.30000000000001,straightline,349,pure_pursuit,3.0,63.6086311340332,37.8299446105957,63.490238189697266,37.84082794189453,0.5696754455566406,-0.009027696713124981,0.35,0.0,0.11889211987635029,-0.3370246887207031,214,216,5.99750083862788,169.6746976942936
1567,78.35000000000001,straightline,349,pure_pursuit,3.0,63.90631866455078,37.83095169067383,63.490238189697266,37.84082794189453,0.5839783549308777,-0.008875424541893915,0.35,0.0,0.4161976716567519,-0.35132759809494013,214,216,5.915938076372801,169.37702697603245
1568,78.4,straightline,349,pure_pursuit,3.0,64.20552825927734,37.83229446411133,63.490238189697266,37.84082794189453,0.5715784430503845,-0.007434711994653706,0.15,0.0,0.7153409703651465,-0.338927686214447,214,216,6.025033932510669,169.07782953103447
1569,78.45,straightline,349,pure_pursuit,3.0,64.50425720214844,37.83356475830078,65.49022674560547,37.84894943237305,0.5986897349357605,-0.012548466413292136,0.35,0.0,0.986089564299905,-0.366038978099823,215,217,5.945419742159433,168.77911379740752
1570,78.5,straightline,349,pure_pursuit,3.0,64.80299377441406,37.834957122802734,65.49022674560547,37.84894943237305,0.573832631111145,-0.010895322906891715,0.35,0.0,0.6873754006506777,-0.34118187427520746,215,217,5.999276369211141,168.4803887094339
1571,78.55000000000001,straightline,349,pure_pursuit,3.0,65.10005950927734,37.835968017578125,65.49022674560547,37.84894943237305,0.5823787450790405,-0.010721133923820689,0.35,0.0,0.39038313159510973,-0.349727988243103,215,217,5.896868249356345,168.18333990898628
1572,78.60000000000001,straightline,349,pure_pursuit,3.0,65.39772033691406,37.83714294433594,65.49022674560547,37.84894943237305,0.5583763122558594,-0.0088390580210647,0.35,0.0,0.09325678961208073,-0.3257255554199219,215,217,5.987916989462179,167.88569374436904
1573,78.65,straightline,349,pure_pursuit,3.0,65.6944580078125,37.8381462097168,65.49022674560547,37.84894943237305,0.5759695172309875,-0.008947965022425666,0.35,0.0,0.20451679168820752,-0.34331876039505,215,217,5.90785979639793,167.58897321375895
1574,78.7,straightline,349,pure_pursuit,3.0,65.9920425415039,37.83946990966797,65.49022674560547,37.84894943237305,0.5574311017990112,-0.007263624125044081,0.35,0.0,0.5019053241039573,-0.32478034496307373,215,217,5.984256168722297,167.29140127537798
1575,78.75,straightline,349,pure_pursuit,3.0,66.28893280029297,37.84068298339844,65.49022674560547,37.84894943237305,0.583760142326355,-0.00774225048229782,0.35,0.0,0.7987488315942137,-0.3511093854904174,215,217,5.899102013694915,166.99452521792708
1576,78.80000000000001,straightline,349,pure_pursuit,3.0,66.58717346191406,37.842201232910156,67.49020385742188,37.85707092285156,0.5802149176597595,-0.01155395961025657,0.15,0.0,0.9031528125903998,-0.3475489020347242,216,218,6.004524626337568,166.69629447319252
1577,78.85000000000001,straightline,349,pure_pursuit,3.0,66.88483428955078,37.8433952331543,67.49020385742188,37.85707092285156,0.6014672517776489,-0.012226341430441516,0.35,0.0,0.605524019501399,-0.3688012361526171,216,218,5.926393543304504,166.39864832521454
1578,78.9,straightline,349,pure_pursuit,3.0,67.1825180053711,37.84465408325195,67.49020385742188,37.85707092285156,0.5705388784408569,-0.010098085213926127,0.35,0.0,0.30793629447964993,-0.3378728628158483,216,218,5.9813221439265,166.10097839618703
1579,78.95,straightline,349,pure_pursuit,3.0,67.4785385131836,37.84564208984375,67.49020385742188,37.85707092285156,0.5796401500701904,-0.00983590239042176,0.35,0.0,0.016330905673540157,-0.3469741344451738,216,218,5.8792397792214315,165.80497555308176
1580,79.0,straightline,349,pure_pursuit,3.0,67.77518463134766,37.846858978271484,67.49020385742188,37.85707092285156,0.5595357418060303,-0.008081577343419896,0.35,0.0,0.2851636816276642,-0.32686972618102983,216,218,5.971569472238568,165.5083438519306
1581,79.05000000000001,straightline,349,pure_pursuit,3.0,68.07095336914062,37.84794998168945,67.49020385742188,37.85707092285156,0.5818623304367065,-0.008365068693134765,0.35,0.0,0.5808211316138981,-0.3491963148117147,216,218,5.892237783478005,165.21259135991136
1582,79.10000000000001,straightline,349,pure_pursuit,3.0,68.36760711669922,37.84938049316406,67.49020385742188,37.85707092285156,0.567524790763855,-0.006846866724092572,0.35,0.0,0.8774369618948612,-0.33485877513883655,216,218,5.969374510461872,164.9159489865686
1583,79.15,straightline,349,pure_pursuit,3.0,68.66364288330078,37.8507080078125,69.49018096923828,37.86518859863281,0.5973426699638367,-0.012406454454124362,0.35,0.0,0.8266649230587515,-0.36467665433881624,217,219,5.884676563189278,164.61992610856223
1584,79.2,straightline,349,pure_pursuit,3.0,68.9610595703125,37.85206604003906,69.49018096923828,37.86518859863281,0.5825039744377136,-0.011254041566887075,0.35,0.0,0.5292840979523399,-0.3498379588126812,217,219,5.992025807529156,164.3225220662461
1585,79.25,straightline,349,pure_pursuit,3.0,69.2581558227539,37.853057861328125,69.49018096923828,37.86518859863281,0.5948053598403931,-0.011235390862193398,0.35,0.0,0.23234203964984687,-0.3621393442153654,217,219,5.92356257350822,164.0254439309142
1586,79.30000000000001,straightline,349,pure_pursuit,3.0,69.55646514892578,37.854248046875,69.49018096923828,37.86518859863281,0.5648382306098938,-0.009008160322288357,0.15,0.0,0.06718101033484211,-0.33217221498485383,217,219,6.004104135981411,163.72714997158926
1587,79.35000000000001,straightline,349,pure_pursuit,3.0,69.85427856445312,37.85526657104492,69.49018096923828,37.86518859863281,0.579473614692688,-0.008915110921648735,0.35,0.0,0.36423276276673283,-0.346807599067651,217,219,5.915900195752987,163.42935449460307
1588,79.4,straightline,349,pure_pursuit,3.0,70.1525650024414,37.856590270996094,69.49018096923828,37.86518859863281,0.5642882585525513,-0.0073519158015894915,0.35,0.0,0.6624398377819581,-0.33162224292754144,217,219,5.995584320728994,163.13108155859265
1589,79.45,straightline,349,pure_pursuit,3.0,70.4493637084961,37.85782241821289,69.49018096923828,37.86518859863281,0.5901921987533569,-0.007751795823276968,0.35,0.0,0.9592110236564734,-0.357526183128366,217,219,5.904586739975951,162.83429761822129
1590,79.5,straightline,349,pure_pursuit,3.0,70.74659729003906,37.85940170288086,71.49016571044922,37.873313903808594,0.5792135000228882,-0.011468000588498424,0.35,0.0,0.7436985579963891,-0.34654748439785604,218,220,5.975041534391962,162.53707371301567
1591,79.55000000000001,straightline,349,pure_pursuit,3.0,71.0428695678711,37.8606071472168,71.49016571044922,37.873313903808594,0.5980679392814636,-0.012007865710632126,0.35,0.0,0.4474765924921141,-0.36540192365647367,218,220,5.8852405358463615,162.2408166623593
1592,79.60000000000001,straightline,349,pure_pursuit,3.0,71.34027862548828,37.86181640625,71.49016571044922,37.873313903808594,0.5742716789245605,-0.010203896176617171,0.35,0.0,0.15032741163273305,-0.3416056632995284,218,220,5.987024161943635,161.9434229675797
1593,79.65,straightline,349,pure_pursuit,3.0,71.63720703125,37.86278533935547,71.49016571044922,37.873313903808594,0.5868476629257202,-0.01006912898212137,0.35,0.0,0.1474177760389902,-0.3541816473006839,218,220,5.915348280492183,161.6465135512132
1594,79.7,straightline,349,pure_pursuit,3.0,71.9352798461914,37.86402130126953,71.49016571044922,37.873313903808594,0.5617160201072693,-0.008011230882389347,0.35,0.0,0.4452111255342385,-0.32905000448223015,218,220,5.9959600616551185,161.34845590839552
1595,79.75,straightline,349,pure_pursuit,3.0,72.23292541503906,37.86513900756836,71.49016571044922,37.873313903808594,0.5822454690933228,-0.00814921433802836,0.35,0.0,0.7428046901379464,-0.34957945346828906,218,220,5.915024098875818,161.05082731259145
1596,79.80000000000001,straightline,349,pure_pursuit,3.0,72.5320816040039,37.8665657043457,73.49015045166016,37.881431579589844,0.5748059749603271,-0.011483114216921463,0.15,0.0,0.9581841738915067,-0.3421399593353036,219,221,6.02414611674354,160.75168367220215
1597,79.85000000000001,straightline,349,pure_pursuit,3.0,72.83078002929688,37.86768341064453,73.49015045166016,37.881431579589844,0.5937809944152832,-0.011998992193079663,0.35,0.0,0.6595137345324059,-0.3611149787902647,219,221,5.945288514270975,160.45300247601367
1598,79.9,straightline,349,pure_pursuit,3.0,73.12957000732422,37.86891174316406,73.49015045166016,37.881431579589844,0.5622552037239075,-0.009830768557263947,0.15,0.0,0.36079773161929724,-0.3295891880988772,219,221,6.000926724804516,160.1542281340464
1599,79.95,straightline,349,pure_pursuit,3.0,73.42656707763672,37.86988067626953,73.49015045166016,37.881431579589844,0.5718268156051636,-0.009596744587307386,0.35,0.0,0.06462405759250615,-0.3391607999801523,219,221,5.890694268332409,159.85725049590758
1600,80.0,straightline,349,pure_pursuit,3.0,73.72308349609375,37.871116638183594,73.49015045166016,37.881431579589844,0.5500011444091797,-0.007790215036374196,0.35,0.0,0.23316132013118498,-0.3173351287841725,219,221,5.954686420050029,159.56074947631978
1601,80.05000000000001,straightline,349,pure_pursuit,3.0,74.01750946044922,37.872222900390625,73.49015045166016,37.881431579589844,0.5713461637496948,-0.008075557012437916,0.35,0.0,0.5274394030820759,-0.338680148124692,219,221,5.852425996873986,159.26634070863602
1602,80.10000000000001,straightline,349,pure_pursuit,3.0,74.31206512451172,37.87348556518555,73.49015045166016,37.881431579589844,0.5554280877113342,-0.006364952312271568,0.35,0.0,0.8219530817471301,-0.3227620720863412,219,221,5.91351683852529,158.97179994557263
1603,80.15,straightline,349,pure_pursuit,3.0,74.60566711425781,37.87479782104492,75.4901351928711,37.88955307006836,0.5866074562072754,-0.011895196577692538,0.35,0.0,0.8845911481919843,-0.3539414405822551,220,222,5.826435572755352,158.67821205501207
1604,80.2,straightline,349,pure_pursuit,3.0,74.9008560180664,37.87641143798828,75.4901351928711,37.88955307006836,0.5749390125274658,-0.011100130506168869,0.35,0.0,0.5894256936647924,-0.34227299690242946,220,222,5.945232707425812,158.38303289700073
1605,80.25,straightline,349,pure_pursuit,3.0,75.1957015991211,37.87740707397461,75.4901351928711,37.88955307006836,0.591707706451416,-0.011359756968346672,0.35,0.0,0.2946840110179876,-0.3590416908263771,220,222,5.874907430856992,158.08820652250807
1606,80.30000000000001,straightline,349,pure_pursuit,3.0,75.49153900146484,37.878562927246094,75.4901351928711,37.88955307006836,0.5633106827735901,-0.009234324437371887,0.35,0.0,0.011079436710486818,-0.3306446671485514,220,222,5.948960591009989,157.7923860677728
1607,80.35000000000001,straightline,349,pure_pursuit,3.0,75.78679656982422,37.879539489746094,75.4901351928711,37.88955307006836,0.5785091519355774,-0.009191689299831277,0.35,0.0,0.29683032925662195,-0.3458431363105372,220,222,5.863408786689749,157.49714820020498
1608,80.4,straightline,349,pure_pursuit,3.0,76.08351135253906,37.88078308105469,75.4901351928711,37.88955307006836,0.5659610629081726,-0.007751268916724243,0.35,0.0,0.5934409655303606,-0.33329504728314946,220,222,5.973344893617938,157.2004492696449
1609,80.45,straightline,349,pure_pursuit,3.0,76.37983703613281,37.88193130493164,75.4901351928711,37.88955307006836,0.591374933719635,-0.008097499421691945,0.35,0.0,0.8897344891635365,-0.3587089180945976,220,222,5.905859695304212,156.90414092845353
1610,80.5,straightline,349,pure_pursuit,3.0,76.67733001708984,37.88347625732422,77.49011993408203,37.897674560546875,0.5803259611129761,-0.011622607184894778,0.35,0.0,0.8129139197839889,-0.3476599454879775,221,223,5.991483800017266,156.6066593936669
1611,80.55000000000001,straightline,349,pure_pursuit,3.0,76.97443389892578,37.88469696044922,77.49011993408203,37.897674560546875,0.5986748337745667,-0.012155578361016293,0.35,0.0,0.5158493045061394,-0.36600881814957,221,223,5.9135541488598715,156.3095719694867
1612,80.60000000000001,straightline,349,pure_pursuit,3.0,77.27310943603516,37.88582992553711,77.49011993408203,37.897674560546875,0.5754777789115906,-0.010338998281821736,0.15,0.0,0.21733350326414771,-0.34281176328658547,221,223,6.026185912664144,156.0109145042568
1613,80.65,straightline,349,pure_pursuit,3.0,77.57131958007812,37.88677215576172,77.49011993408203,37.897674560546875,0.585159420967102,-0.010041291903349315,0.35,0.0,0.08192829145045283,-0.3524934053420905,221,223,5.946013201841067,155.71272540335545
1614,80.7,straightline,349,pure_pursuit,3.0,77.86953735351562,37.888214111328125,77.49011993408203,37.897674560546875,0.559672474861145,-0.008155585242154035,0.35,0.0,0.3795353452171064,-0.3270064592361159,221,223,5.997617895550155,155.41452102189407
1615,80.75,straightline,349,pure_pursuit,3.0,78.16620635986328,37.889347076416016,77.49011993408203,37.897674560546875,0.5783112049102783,-0.008255011958553585,0.35,0.0,0.6761377094332303,-0.34564518928527665,221,223,5.901468014615678,155.11787007724777
1616,80.80000000000001,straightline,349,pure_pursuit,3.0,78.46370697021484,37.89072799682617,77.49011993408203,37.897674560546875,0.5682852864265442,-0.0068941969040350794,0.35,0.0,0.9736118177556188,-0.3356192708015187,221,223,5.995510513383925,154.82038385613544
1617,80.85000000000001,straightline,349,pure_pursuit,3.0,78.76048278808594,37.89204406738281,79.49010467529297,37.905792236328125,0.5993369817733765,-0.012587391120322252,0.35,0.0,0.7297514031784377,-0.36667096614838396,222,224,5.919072107701887,154.52362341594053
1618,80.9,straightline,349,pure_pursuit,3.0,79.05825805664062,37.89344787597656,79.49010467529297,37.905792236328125,0.5779672265052795,-0.011113747890613144,0.35,0.0,0.43202301475031635,-0.34530121088028987,222,224,5.998683134268371,154.2258623505718
1619,80.95,straightline,349,pure_pursuit,3.0,79.35553741455078,37.894439697265625,79.49010467529297,37.905792236328125,0.5879612565040588,-0.010962571124984744,0.35,0.0,0.13504528057959472,-0.35529524087905373,222,224,5.920011474574652,153.9286036269035
1620,81.0,straightline,349,pure_pursuit,3.0,79.65478515625,37.89561462402344,79.49010467529297,37.905792236328125,0.5650903582572937,-0.00908767128327599,0.15,0.0,0.1649946805217176,-0.33242434263229803,222,224,6.028767301694352,153.62937398630984
1621,81.05000000000001,straightline,349,pure_pursuit,3.0,79.95384216308594,37.89666748046875,79.49010467529297,37.905792236328125,0.5809967517852783,-0.009065616620745212,0.35,0.0,0.4638272509825474,-0.3483307361602869,222,224,5.952923012611836,153.33033704595906
1622,81.10000000000001,straightline,349,pure_pursuit,3.0,80.25357055664062,37.898887634277344,79.49010467529297,37.905792236328125,0.554883599281311,-0.007739041855771479,0.15,0.0,0.7634971024905289,-0.3222175836562803,222,224,6.029427353245964,153.03061060790137
1623,81.15,straightline,349,pure_pursuit,3.0,80.55335235595703,37.90076446533203,81.4900894165039,37.913917541503906,0.5514734983444214,-0.011218384392558517,0.35,0.0,0.9368293996319623,-0.31880748271942067,223,225,5.973224934813921,152.73083619140658
1624,81.2,straightline,349,pure_pursuit,3.0,80.85012817382812,37.901756286621094,81.4900894165039,37.913917541503906,0.5211573839187622,-0.00909114995985126,0.35,0.0,0.6400767830873535,-0.28849136829372357,223,225,5.8995487008897145,152.43408132860048
1625,81.25,straightline,349,pure_pursuit,3.0,81.1446304321289,37.90276336669922,81.4900894165039,37.913917541503906,0.4707692563533783,-0.005844450374761915,0.35,0.0,0.34563901038653033,-0.2381032407283883,223,225,5.878738914963689,152.1395995926841
1626,81.30000000000001,straightline,349,pure_pursuit,3.0,81.4371109008789,37.90387725830078,81.4900894165039,37.913917541503906,0.42719224095344543,-0.0029700768128092174,0.35,0.0,0.05392152079297582,-0.19452622532842853,223,225,5.824977764196733,151.84713780022304
1627,81.35000000000001,straightline,349,pure_pursuit,3.0,81.72844696044922,37.90510559082031,81.4900894165039,37.913917541503906,0.3924494683742523,-0.0005804268897155275,0.35,0.0,0.23852037487496044,-0.1597834527492335,223,225,5.826861259190386,151.55581855053669
1628,81.4,straightline,349,pure_pursuit,3.0,82.01720428466797,37.90798568725586,81.4900894165039,37.913917541503906,0.42691275477409363,-0.003260551863419788,0.35,0.0,0.5271482439830726,-0.1942467391490853,223,225,5.748391984416788,151.26705171922066
1629,81.45,straightline,349,pure_pursuit,3.0,82.30540466308594,37.91054916381836,81.4900894165039,37.913917541503906,0.4173634946346283,-0.003445524233998904,0.35,0.0,0.8153222045776448,-0.18469747900961234,223,225,5.75808930228259,150.97884678225725
1630,81.5,straightline,349,pure_pursuit,3.0,82.59285736083984,37.91259765625,83.49006652832031,37.922035217285156,0.3969482183456421,-0.00514637953916103,0.35,0.0,0.8972588020015675,-0.16428220272064273,224,226,5.72815877562301,150.69139759847857
1631,81.55000000000001,straightline,349,pure_pursuit,3.0,82.88014221191406,37.91416549682617,83.49006652832031,37.922035217285156,0.36707693338394165,-0.003593912830376741,0.35,0.0,0.6099750849368636,-0.13441091775895087,224,226,5.741962881591616,150.4041238883311
1632,81.60000000000001,straightline,349,pure_pursuit,3.0,83.16707611083984,37.91568374633789,83.49006652832031,37.922035217285156,0.33785685896873474,-0.002047814293441488,0.35,0.0,0.3230528609491045,-0.10519084334372374,224,226,5.727309170194162,150.11720193115875
1633,81.65,straightline,349,pure_pursuit,3.0,83.4552001953125,37.918914794921875,83.49006652832031,37.922035217285156,0.26597335934638977,0.000479476696849235,0.35,0.0,0.035005688296860286,-0.03330734372139501,224,226,5.789291045402864,149.82906283094272
1634,81.7,straightline,349,pure_pursuit,3.0,83.7433853149414,37.92041778564453,83.49006652832031,37.922035217285156,0.25042158365249634,0.0012110555874783116,0.35,0.0,0.25332395019084814,-0.01775556802747602,224,226,5.75235825958246,149.54089014127524
1635,81.75,straightline,349,pure_pursuit,3.0,84.03166961669922,37.92164611816406,83.49006652832031,37.922035217285156,0.24825076758861542,0.0014557702707518863,0.35,0.0,0.5416032281474099,-0.01558475196362566,224,226,5.770773300598193,149.25262271175487
1636,81.80000000000001,straightline,349,pure_pursuit,3.0,84.31961822509766,37.92285919189453,83.49006652832031,37.922035217285156,0.25042158365249634,0.001505516850991321,0.35,0.0,0.8295521059947513,-0.01775556802747602,224,226,5.746210859176735,148.96469125141977
1637,81.85000000000001,straightline,349,pure_pursuit,3.0,84.60778045654297,37.92417526245117,85.49005126953125,37.93015670776367,0.254513144493103,0.00033366256425910383,0.35,0.0,0.8822910886657698,-0.021847128868085385,225,227,5.774992768325325,148.67654462931134
1638,81.9,straightline,349,pure_pursuit,3.0,84.89349365234375,37.925209045410156,85.49005126953125,37.93015670776367,0.17998617887496948,0.004485645219050674,0.35,0.0,0.5965781340169888,0.05267983675002471,225,227,5.663973937633869,148.39085131016498
1639,81.95,straightline,349,pure_pursuit,3.0,85.18122100830078,37.9276123046875,85.49005126953125,37.93015670776367,0.14833404123783112,0.005409938822129163,0.35,0.0,0.3088407425173913,0.08433197438719636,225,227,5.831768083431871,148.10312227851426
1640,82.0,straightline,349,pure_pursuit,3.0,85.47123718261719,37.929901123046875,85.49005126953125,37.93015670776367,0.09736692160367966,0.007349135507422253,0.35,0.0,0.018815822861553463,0.1352990940213218,225,227,5.755116998710564,147.8131065847535
1641,82.05000000000001,straightline,349,pure_pursuit,3.0,85.76518249511719,37.93165969848633,85.49005126953125,37.93015670776367,0.07160236686468124,0.008270295997372397,0.35,0.0,0.2751353308347229,0.16106364876032786,225,227,5.94663107092922,147.5191707866603
1642,82.10000000000001,straightline,349,pure_pursuit,3.0,86.05989074707031,37.9334602355957,85.49005126953125,37.93015670776367,0.03348534554243088,0.009737806824012563,0.35,0.0,0.5698490532221043,0.19918067008257023,225,227,5.86002654014552,147.22447153325325
1643,82.15,straightline,349,pure_pursuit,3.0,86.35588073730469,37.93519592285156,85.49005126953125,37.93015670776367,0.032627303153276443,0.009179631573779634,0.35,0.0,0.8658441320200397,0.2000387124717138,225,227,5.964684875596122,146.92849180637094
1644,82.2,straightline,349,pure_pursuit,3.0,86.65122985839844,37.93661880493164,87.49003601074219,37.93827819824219,0.00542687252163887,0.011016000346718824,0.35,0.0,0.8388077937143201,0.22723914310336812,226,228,5.860410294458823,146.6331579576979
1645,82.25,straightline,349,pure_pursuit,3.0,86.948974609375,37.938194274902344,87.49003601074219,37.93827819824219,0.008097616024315357,0.010554700745384206,0.15,0.0,0.5410614078758083,0.22456839960069994,226,228,6.019505033091258,146.33542640806394
1646,82.30000000000001,straightline,349,pure_pursuit,3.0,87.24652862548828,37.94002914428711,87.49003601074219,37.93827819824219,-0.008209229446947575,0.010873477724686982,0.35,0.0,0.2435136802835655,0.2408752450719767,226,228,5.928444716451046,146.03788145669824
1647,82.35000000000001,straightline,349,pure_pursuit,3.0,87.54478454589844,37.941749572753906,87.49003601074219,37.93827819824219,0.015353857539594173,0.009073247594088984,0.15,0.0,0.054858477400997495,0.2173121580854185,226,228,6.005334935085845,145.73963660017438
1648,82.4,straightline,349,pure_pursuit,3.0,87.8408203125,37.94385528564453,87.49003601074219,37.93827819824219,0.0030864900909364223,0.008766730973584276,0.35,0.0,0.3508286337567238,0.22957952553406785,226,228,5.8691503690900575,145.44360544523323
1649,82.45,straightline,349,pure_pursuit,3.0,88.13661193847656,37.94579315185547,87.49003601074219,37.93827819824219,0.013035460375249386,0.007258105085432028,0.35,0.0,0.6466195982595776,0.2196305552497854,226,228,5.965478344608849,145.14782116439778
1650,82.5,straightline,349,pure_pursuit,3.0,88.43013763427734,37.94763946533203,87.49003601074219,37.93827819824219,-0.010711668990552425,0.007443727484673375,0.35,0.0,0.9401482308098889,0.24337768461554504,226,228,5.84406999645707,144.85430405559077
1651,82.55000000000001,straightline,349,pure_pursuit,3.0,88.7245864868164,37.9490852355957,89.49002075195312,37.94639587402344,-0.007568358443677425,0.00909465931684006,0.35,0.0,0.765438989672629,0.24023437406869438,227,229,5.947131855191855,144.55987046846786
1652,82.60000000000001,straightline,349,pure_pursuit,3.0,89.0180435180664,37.95071029663086,89.49002075195312,37.94639587402344,-0.0322265625,0.009869627822914668,0.35,0.0,0.47199695290308163,0.264892578125037,227,229,5.824257564550701,144.26642573539448
1653,82.65,straightline,349,pure_pursuit,3.0,89.31334686279297,37.952186584472656,89.49002075195312,37.94639587402344,-0.0328979454934597,0.009401660936181472,0.35,0.0,0.17676876262078056,0.2655639611184568,227,229,5.979812626920734,143.9711374222038
1654,82.7,straightline,349,pure_pursuit,3.0,89.60895538330078,37.9536018371582,89.49002075195312,37.94639587402344,-0.053649891167879105,0.009976567483027953,0.35,0.0,0.11915272736493486,0.2863159067928732,227,229,5.896473214325959,143.6755450451949
1655,82.75,straightline,349,pure_pursuit,3.0,89.90633392333984,37.955078125,89.49002075195312,37.94639587402344,-0.0449829138815403,0.008845996543900829,0.15,0.0,0.4164036961316356,0.2776489295065671,227,229,6.000127830103842,143.3781819689034
1656,82.80000000000001,straightline,349,pure_pursuit,3.0,90.20269012451172,37.95676040649414,89.49002075195312,37.94639587402344,-0.0689697116613388,0.00914269828305789,0.35,0.0,0.7127447355936036,0.3016357272863539,227,229,5.871273955036425,143.08183780849413
1657,82.85000000000001,straightline,349,pure_pursuit,3.0,90.49980163574219,37.95819854736328,91.49000549316406,37.95452117919922,-0.0730590745806694,0.012176038148410867,0.35,0.0,0.9902106858087197,0.30572509020566846,228,230,5.992608438640339,142.7847425037116
1658,82.9,straightline,349,pure_pursuit,3.0,90.79545593261719,37.96012496948242,91.49000549316406,37.95452117919922,-0.09393308311700821,0.012551819515784643,0.35,0.0,0.694572166532316,0.32659909874201687,228,230,5.884230056633455,142.48909629892214
1659,82.95,straightline,349,pure_pursuit,3.0,91.09233093261719,37.96212387084961,91.49000549316406,37.95452117919922,-0.0741576999425888,0.010611061376334706,0.35,0.0,0.3977472275534816,0.30682371556761806,228,230,5.983171592619287,142.19222842604685
1660,83.0,straightline,349,pure_pursuit,3.0,91.38829803466797,37.96416473388672,91.49000549316406,37.95452117919922,-0.0887756422162056,0.01034244117477015,0.35,0.0,0.10216362004522665,0.32144165784120204,228,230,5.863485778465652,141.8962676974595
1661,83.05000000000001,straightline,349,pure_pursuit,3.0,91.686279296875,37.9659309387207,91.49000549316406,37.95452117919922,-0.0869140475988388,0.009255381787982969,0.15,0.0,0.19660515922909483,0.31958006322387894,228,230,6.01589519043808,141.59829765386004
1662,83.10000000000001,straightline,349,pure_pursuit,3.0,91.98374938964844,37.96765899658203,91.49000549316406,37.95452117919922,-0.1115112230181694,0.009442985588826811,0.35,0.0,0.4939186548017369,0.3441772386432075,228,230,5.916728377669165,141.3008394079807
1663,83.15,straightline,349,pure_pursuit,3.0,92.28166961669922,37.96910095214844,91.49000549316406,37.95452117919922,-0.10369870811700821,0.007967125015755343,0.35,0.0,0.7917983671819094,0.3363647237420405,228,230,5.9953778640681294,141.0029358785699
1664,83.2,straightline,349,pure_pursuit,3.0,92.57764434814453,37.9705696105957,93.489990234375,37.96263885498047,-0.132476806640625,0.01765539200750856,0.35,0.0,0.9123803554473803,0.36514282226565115,229,231,5.859676347173976,140.70697722378034
1665,83.25,straightline,349,pure_pursuit,3.0,92.8749008178711,37.9723014831543,93.489990234375,37.96263885498047,-0.11538691818714142,0.01626979834209575,0.35,0.0,0.6151653084158286,0.34805293381213764,229,231,5.9982005904106375,140.40973273545893
1666,83.30000000000001,straightline,349,pure_pursuit,3.0,93.1715316772461,37.97450256347656,93.489990234375,37.96263885498047,-0.1077270582318306,0.014979453359600459,0.35,0.0,0.3186794630783495,0.3403930738568368,229,231,5.9073540568271445,140.11310607347116
1667,83.35000000000001,straightline,349,pure_pursuit,3.0,93.46976470947266,37.97665023803711,93.489990234375,37.96263885498047,-0.0655517578125,0.01176008670100094,0.15,0.0,0.02460468883638326,0.2982177734374962,229,231,6.014045109170253,139.81487839669393
1668,83.4,straightline,349,pure_pursuit,3.0,93.76731872558594,37.97889709472656,93.489990234375,37.96263885498047,-0.066253662109375,0.010582891572362696,0.35,0.0,0.27780464790383996,0.29891967773437916,229,231,5.893622827981467,139.51732805214286
1669,83.45,straightline,349,pure_pursuit,3.0,94.06571960449219,37.98093032836914,93.489990234375,37.96263885498047,-0.054199207574129105,0.008705798897644444,0.15,0.0,0.5760198656420297,0.2868652231991427,229,231,6.010724583058818,139.2189345637938
1670,83.5,straightline,349,pure_pursuit,3.0,94.36219787597656,37.9830207824707,93.489990234375,37.96263885498047,-0.0814208909869194,0.008619943477918876,0.35,0.0,0.8724457536353633,0.3140869066119263,229,231,5.8817331960219565,138.92246252602916
1671,83.55000000000001,straightline,349,pure_pursuit,3.0,94.65843200683594,37.984580993652344,95.45829010009766,37.97163391113281,-0.0835876539349556,0.02150156202514008,0.35,0.0,0.7999628718272117,0.43150330334901815,230,232,5.954650038411777,138.62624348815552
1672,83.60000000000001,straightline,349,pure_pursuit,3.0,94.95232391357422,37.98651123046875,95.45829010009766,37.97163391113281,-0.0864257737994194,0.021449979219049193,0.35,0.0,0.5061848639930805,0.4343414232134819,230,232,5.813260362533266,138.33236025592154
1673,83.65,straightline,349,pure_pursuit,3.0,95.24720764160156,37.9890022277832,95.45829010009766,37.97163391113281,-0.0368652418255806,0.018159701923954923,0.35,0.0,0.21179580427388872,0.3847808912396431,230,232,5.949005999217143,138.03747603720018
1674,83.7,straightline,349,pure_pursuit,3.0,95.54129791259766,37.9919319152832,95.45829010009766,37.97163391113281,-0.01068115234375,0.01565829010187405,0.35,0.0,0.0854535306966566,0.3585968017578125,230,232,5.8548596759202844,137.7433778730486
1675,83.75,straightline,349,pure_pursuit,3.0,95.83698272705078,37.9947509765625,95.45829010009766,37.97163391113281,0.03864777833223343,0.011839587882195286,0.35,0.0,0.3793975545819176,0.30926787108182907,230,232,5.9636555933072835,137.44768726838228
1676,83.80000000000001,straightline,349,pure_pursuit,3.0,96.13213348388672,37.997596740722656,95.45829010009766,37.97163391113281,0.03920441120862961,0.010374640604220678,0.35,0.0,0.6743433653537381,0.3087112382054329,230,232,5.8472525085497535,137.15253023217429
1677,83.85000000000001,straightline,349,pure_pursuit,3.0,96.42961883544922,38.00011444091797,97.39523315429688,37.987266540527344,0.044008221477270126,0.023878657677341177,0.15,0.0,0.9656997883959956,0.5330944396555425,231,233,6.007745874054513,136.8550444613724
1678,83.9,straightline,349,pure_pursuit,3.0,96.7267074584961,38.00330352783203,97.39523315429688,37.987266540527344,0.05870858207345009,0.022666469558221873,0.35,0.0,0.6687180204747958,0.5183940790593625,231,233,5.909034294906025,136.55794414073978
1679,83.95,straightline,349,pure_pursuit,3.0,97.02422332763672,38.00699996948242,97.39523315429688,37.987266540527344,0.135022833943367,0.017747704509612494,0.35,0.0,0.3715342510411716,0.44207982718944555,231,233,5.986910517593549,136.26040813905576
1680,84.0,straightline,349,pure_pursuit,3.0,97.31949615478516,38.011043548583984,97.39523315429688,37.987266540527344,0.17806389927864075,0.014194406177069728,0.35,0.0,0.07938160496716881,0.3990387618541718,231,233,5.848242099284712,135.9651090444501
1681,84.05000000000001,straightline,349,pure_pursuit,3.0,97.6159439086914,38.01470947265625,97.39523315429688,37.987266540527344,0.22579368948936462,0.010510088627995495,0.35,0.0,0.2224103226678898,0.35130897164344793,231,233,5.9858679811617295,135.6686415411762
1682,84.10000000000001,straightline,349,pure_pursuit,3.0,97.9118423461914,38.01811599731445,97.39523315429688,37.987266540527344,0.22484391927719116,0.009453111331759082,0.35,0.0,0.5175294640249773,0.3522587418556214,231,233,5.894818859425676,135.37272765143788
1683,84.15,straightline,349,pure_pursuit,3.0,98.20954132080078,38.02082824707031,97.39523315429688,37.987266540527344,0.23514635860919952,0.008284619526620707,0.35,0.0,0.8149994958164268,0.341956302523613,231,233,5.998890129668767,135.07502518325722
1684,84.2,straightline,349,pure_pursuit,3.0,98.50662994384766,38.02357482910156,99.33207702636719,38.010650634765625,0.20137426257133484,0.022736375924405354,0.35,0.0,0.8255482547006195,0.6049001514911652,232,234,5.882529659324822,134.77793244060555
1685,84.25,straightline,349,pure_pursuit,3.0,98.80573272705078,38.02724838256836,99.33207702636719,38.010650634765625,0.2297302782535553,0.020953879756937754,0.15,0.0,0.5266059310860464,0.5765441358089446,232,234,6.035805874690516,134.47881022968392
1686,84.30000000000001,straightline,349,pure_pursuit,3.0,99.10436248779297,38.03168487548828,99.33207702636719,38.010650634765625,0.26135048270225525,0.018397227799358058,0.35,0.0,0.22868395300249647,0.5449239313602448,232,234,5.939619553637375,134.18014811861468
1687,84.35000000000001,straightline,349,pure_pursuit,3.0,99.40338897705078,38.0361328125,99.33207702636719,38.010650634765625,0.3278099000453949,0.013842779763270405,0.15,0.0,0.07572803769004967,0.4784645140171051,232,234,6.01702723998202,133.8810891451158
1688,84.4,straightline,349,pure_pursuit,3.0,99.70033264160156,38.040653228759766,99.33207702636719,38.010650634765625,0.34629693627357483,0.011598479452951218,0.35,0.0,0.3694757824242684,0.45997747778892506,232,234,5.875183673762316,133.58411147946583
1689,84.45,straightline,349,pure_pursuit,3.0,99.9972152709961,38.04483413696289,99.33207702636719,38.010650634765625,0.3723035156726837,0.00904076443184282,0.35,0.0,0.6660160630874402,0.4339708983898163,232,234,5.975528832209349,133.28720057236387
1690,84.5,straightline,349,pure_pursuit,3.0,100.29188537597656,38.04889678955078,99.33207702636719,38.010650634765625,0.3557053208351135,0.01846131793151737,0.35,0.0,0.9605700580049965,0.4505690932273865,232,235,5.854108047262452,132.99250387626287
1691,84.55000000000001,straightline,349,pure_pursuit,3.0,100.58714294433594,38.053123474121094,101.28465270996094,38.041786193847656,0.39065828919410706,0.01620090512489963,0.35,0.0,0.6976018972639344,0.5873080193996082,233,235,5.947966136961993,132.6972170359565
1692,84.60000000000001,straightline,349,pure_pursuit,3.0,100.88125610351562,38.05779266357422,101.28465270996094,38.041786193847656,0.4025985598564148,0.014797903360550346,0.35,0.0,0.40371404380415316,0.5753677487373196,233,235,5.824172152364027,132.4030669692503
1693,84.65,straightline,349,pure_pursuit,3.0,101.17710876464844,38.06209945678711,101.28465270996094,38.041786193847656,0.43484020233154297,0.012487076978409735,0.35,0.0,0.1094455518722682,0.5431261062621907,233,235,5.977144696773639,132.10718377343767
1694,84.7,straightline,349,pure_pursuit,3.0,101.47264099121094,38.06648254394531,101.28465270996094,38.041786193847656,0.4371459484100342,0.011616768417302966,0.35,0.0,0.1896035432039051,0.5408203601837241,233,235,5.893766107196229,131.81161968033877
1695,84.75,straightline,349,pure_pursuit,3.0,101.77015686035156,38.07094955444336,101.28465270996094,38.041786193847656,0.4637230336666107,0.009272646031052437,0.15,0.0,0.4863792570081064,0.5142432749271239,233,235,6.002732038059162,131.5140708120686
1696,84.80000000000001,straightline,349,pure_pursuit,3.0,102.06715393066406,38.075462341308594,101.28465270996094,38.041786193847656,0.44679346680641174,0.009028529725077747,0.35,0.0,0.7832255379580594,0.5311728417873017,233,235,5.883167448095302,131.21703989664869
1697,84.85000000000001,straightline,349,pure_pursuit,3.0,102.36504364013672,38.07965850830078,103.28436279296875,38.07592010498047,0.44608402252197266,0.01629494487373495,0.15,0.0,0.9193267538928631,0.531882286071789,234,236,6.001275059029912,130.91912182822645
1698,84.9,straightline,349,pure_pursuit,3.0,102.66097259521484,38.08420181274414,103.28436279296875,38.07592010498047,0.4372243583202362,0.0163306064638064,0.35,0.0,0.6234452063647111,0.5407419502734775,234,236,5.875108156101055,130.62315836394743
1699,84.95,straightline,349,pure_pursuit,3.0,102.95648956298828,38.08889389038086,103.28436279296875,38.07592010498047,0.4791739881038666,0.013488188334453397,0.35,0.0,0.3281298127958518,0.49879232048986616,234,236,5.9439830702506535,130.32760431158286
1700,85.0,straightline,349,pure_pursuit,3.0,103.24955749511719,38.09379959106445,103.28436279296875,38.07592010498047,0.48630037903785706,0.012229015188275103,0.35,0.0,0.03912907846044131,0.4916659295558967,234,236,5.79939870030867,130.03449532895095
1701,85.05000000000001,straightline,349,pure_pursuit,3.0,103.54363250732422,38.098533630371094,103.28436279296875,38.07592010498047,0.5055925846099854,0.010333492064368345,0.35,0.0,0.26025402266354847,0.47237372398377453,234,236,5.93429488646685,129.74038231612843
1702,85.10000000000001,straightline,349,pure_pursuit,3.0,103.83694458007812,38.103267669677734,103.28436279296875,38.07592010498047,0.49000853300094604,0.010141979988088745,0.35,0.0,0.5532580959550992,0.48795777559277065,234,236,5.84055036536359,129.4470321338879
1703,85.15,straightline,349,pure_pursuit,3.0,104.1318130493164,38.10771942138672,103.28436279296875,38.07592010498047,0.5025543570518494,0.008550957664601911,0.35,0.0,0.8480466576242213,0.4754119515418796,234,236,5.947327931777883,129.15213055832882
1704,85.2,straightline,349,pure_pursuit,3.0,104.42613983154297,38.112178802490234,105.28407287597656,38.11005401611328,0.4761016070842743,0.016215576090107025,0.35,0.0,0.857935675588935,0.5018647015094619,235,237,5.8321267128962475,128.85777046513368
1705,85.25,straightline,349,pure_pursuit,3.0,104.72270965576172,38.1168212890625,105.28407287597656,38.11005401611328,0.4880894124507904,0.015171682344884052,0.35,0.0,0.5614040087077651,0.48987689614294827,235,237,5.990448018374836,128.56116455206205
1706,85.30000000000001,straightline,349,pure_pursuit,3.0,105.01915740966797,38.12183380126953,105.28407287597656,38.11005401611328,0.49042192101478577,0.01432014299911095,0.35,0.0,0.26517723814050687,0.4875443875789622,235,237,5.907497288531879,128.26467442410896
1707,85.35000000000001,straightline,349,pure_pursuit,3.0,105.31739807128906,38.12678527832031,105.28407287597656,38.11005401611328,0.5278018116950989,0.011555795881753437,0.15,0.0,0.03728945933714652,0.4501644968986275,235,237,6.015635964656436,127.96639267969499
1708,85.4,straightline,349,pure_pursuit,3.0,105.61502075195312,38.1318359375,105.28407287597656,38.11005401611328,0.5242745876312256,0.010758483012216897,0.35,0.0,0.3316639092706582,0.45369172096252397,235,237,5.895684209764844,127.66872714735938
1709,85.45,straightline,349,pure_pursuit,3.0,105.91350555419922,38.13664627075195,105.28407287597656,38.11005401611328,0.5360197424888611,0.009200129085556522,0.15,0.0,0.6299941622120906,0.4419465661048751,235,237,6.013669426997997,127.37020368872358
1710,85.5,straightline,349,pure_pursuit,3.0,106.21007537841797,38.14141845703125,105.28407287597656,38.11005401611328,0.5153200030326843,0.00920602328365849,0.35,0.0,0.9265335194594113,0.4626463055610295,235,237,5.888001541635143,127.07359558004867
1711,85.55000000000001,straightline,349,pure_pursuit,3.0,106.5062255859375,38.145877838134766,107.28378295898438,38.144187927246094,0.5247494578361511,0.014599317154055411,0.35,0.0,0.7775592094357631,0.45321685075758117,236,238,5.957055043035125,126.77741232972578
1712,85.60000000000001,straightline,349,pure_pursuit,3.0,106.7999496459961,38.15066146850586,107.28378295898438,38.144187927246094,0.5138611793518066,0.014709857354148816,0.35,0.0,0.48387661804809085,0.4641051292419103,236,238,5.81263151700324,126.48364938398244
1713,85.65,straightline,349,pure_pursuit,3.0,107.09464263916016,38.15557861328125,107.28378295898438,38.144187927246094,0.5358699560165405,0.012912346924265385,0.35,0.0,0.18948300269828758,0.442096352577174,236,238,5.946675866786041,126.188915381354
1714,85.7,straightline,349,pure_pursuit,3.0,107.3885498046875,38.160682678222656,107.28378295898438,38.144187927246094,0.5314761400222778,0.012273579269430575,0.35,0.0,0.1060573843179305,0.44649016857147067,236,238,5.852750170519833,125.894963924985
1715,85.75,straightline,349,pure_pursuit,3.0,107.68402099609375,38.16560363769531,107.28378295898438,38.144187927246094,0.557159960269928,0.010060839723198238,0.35,0.0,0.400810577459241,0.4208063483238204,236,238,5.959312579285533,125.5994517712357
1716,85.80000000000001,straightline,349,pure_pursuit,3.0,107.97891998291016,38.17056655883789,107.28378295898438,38.144187927246094,0.5422487258911133,0.009816739877674634,0.35,0.0,0.6956373439063259,0.4357175827026132,236,238,5.844153601965133,125.30451102860225
1717,85.85000000000001,straightline,349,pure_pursuit,3.0,108.2761001586914,38.17530059814453,107.28378295898438,38.144187927246094,0.5411789417266846,0.008891729644850547,0.15,0.0,0.9928048263001337,0.43678736686707526,236,238,6.001971747829574,125.00729330501531
1718,85.9,straightline,349,pure_pursuit,3.0,108.57289123535156,38.18000793457031,109.28348541259766,38.178321838378906,0.51435387134552,0.01576389276919047,0.35,0.0,0.7105961776258155,0.46361243724820955,237,239,5.903944210941135,124.71046507813624
1719,85.95,straightline,349,pure_pursuit,3.0,108.87008666992188,38.1848030090332,109.28348541259766,38.178321838378906,0.5389384031295776,0.014041895548013569,0.35,0.0,0.41344954470765466,0.4390279054641411,237,239,5.98216476089839,124.41323106442455
1720,86.0,straightline,349,pure_pursuit,3.0,109.16533660888672,38.18994140625,109.28348541259766,38.178321838378906,0.5402357578277588,0.013227691891833343,0.35,0.0,0.11871880295823654,0.4377305507659719,237,239,5.845710778415799,124.11793644465826
1721,86.05000000000001,straightline,349,pure_pursuit,3.0,109.4618911743164,38.195030212402344,109.28348541259766,38.178321838378906,0.5611088275909424,0.011308108895975583,0.35,0.0,0.17918645478091944,0.4168574810028048,237,239,5.984919850944537,123.82133822702966
1722,86.10000000000001,straightline,349,pure_pursuit,3.0,109.7578125,38.200172424316406,109.28348541259766,38.178321838378906,0.5509332418441772,0.01085510576422971,0.35,0.0,0.4748301106178953,0.4270330667495857,237,239,5.893358171166222,123.52537225258344
1723,86.15,straightline,349,pure_pursuit,3.0,110.05529022216797,38.2050666809082,109.28348541259766,38.178321838378906,0.5691450834274292,0.008959203573591798,0.35,0.0,0.7722680562329269,0.4088212251662945,237,239,5.999539965039276,123.22785430985067
1724,86.2,straightline,349,pure_pursuit,3.0,110.35222625732422,38.2099723815918,111.28319549560547,38.21245574951172,0.5475009083747864,0.014649291902030894,0.35,0.0,0.9309725504772933,0.43046540021897156,238,240,5.885211146926083,122.93087778234761
1725,86.25,straightline,349,pure_pursuit,3.0,110.65138244628906,38.21495819091797,111.28319549560547,38.21245574951172,0.5580800771713257,0.013628206294451373,0.15,0.0,0.6318180050453511,0.4198862314224322,238,240,6.040909235383118,122.63168006190043
1726,86.30000000000001,straightline,349,pure_pursuit,3.0,110.95011138916016,38.220218658447266,111.28319549560547,38.21245574951172,0.554916262626648,0.0130790121311866,0.35,0.0,0.3331745559336935,0.4230500459670794,238,240,5.943117962527657,122.33290486840033
1727,86.35000000000001,straightline,349,pure_pursuit,3.0,111.249267578125,38.225364685058594,111.28319549560547,38.21245574951172,0.5862424969673157,0.010675224477146902,0.15,0.0,0.03630074656966258,0.39172381162640624,238,240,6.020939188133815,122.0337044310189
1728,86.4,straightline,349,pure_pursuit,3.0,111.54630279541016,38.2305793762207,111.28319549560547,38.21245574951172,0.5779333710670471,0.010188245936964662,0.35,0.0,0.2637307662287438,0.4000329375267091,238,240,5.877885558634847,121.73662349620261
1729,86.45,straightline,349,pure_pursuit,3.0,111.84327697753906,38.235538482666016,111.28319549560547,38.21245574951172,0.5875402688980103,0.00881143420838502,0.35,0.0,0.5605569364255544,0.3904260396957459,238,240,5.97888138812487,121.43960792141837
1730,86.5,straightline,349,pure_pursuit,3.0,112.13803100585938,38.24047088623047,111.28319549560547,38.21245574951172,0.5635936856269836,0.00905899868957354,0.35,0.0,0.8552944507457222,0.4143726229667571,238,240,5.8566317873254885,121.14481263408413
1731,86.55000000000001,straightline,349,pure_pursuit,3.0,112.43339538574219,38.24512481689453,113.28290557861328,38.2465934753418,0.569379985332489,0.013577309876714167,0.35,0.0,0.8495114624003125,0.4085863232612287,239,241,5.951849296530259,120.84941180537581
1732,86.60000000000001,straightline,349,pure_pursuit,3.0,112.72765350341797,38.25007629394531,113.28290557861328,38.2465934753418,0.5526622533798218,0.013986263081536375,0.35,0.0,0.555262998077601,0.4253040552139001,239,241,5.829091210306748,120.55511203411112
1733,86.65,straightline,349,pure_pursuit,3.0,113.02389526367188,38.25514221191406,113.28290557861328,38.2465934753418,0.5672960877418518,0.012594482413238671,0.35,0.0,0.2591513537356663,0.4106702208518932,239,241,5.982527727158955,120.25882696470025
1734,86.7,straightline,349,pure_pursuit,3.0,113.31986999511719,38.2603759765625,113.28290557861328,38.2465934753418,0.5601039528846741,0.012142990404656552,0.35,0.0,0.039450290586672994,0.41786235570908137,239,241,5.8974520985201035,119.96280603932411
1735,86.75,straightline,349,pure_pursuit,3.0,113.61759185791016,38.26544189453125,113.28290557861328,38.2465934753418,0.5846862196922302,0.010021607921400975,0.15,0.0,0.33521659931382747,0.39328008890150956,239,241,6.005388913587998,119.66504108027927
1736,86.80000000000001,straightline,349,pure_pursuit,3.0,113.91471099853516,38.27055740356445,113.28290557861328,38.2465934753418,0.5695642828941345,0.009822154778601336,0.35,0.0,0.6322597239256328,0.40840202569961137,239,241,5.885033879920915,119.36787791582826
1737,86.85000000000001,straightline,349,pure_pursuit,3.0,114.21268463134766,38.27543258666992,113.28290557861328,38.2465934753418,0.5727143287658691,0.008703586887802423,0.15,0.0,0.9302261989676638,0.4052519798278833,239,241,6.003413750969513,119.0698644573548
1738,86.9,straightline,349,pure_pursuit,3.0,114.50870513916016,38.2802734375,115.2826156616211,38.28072738647461,0.5463499426841736,0.014851905300386799,0.35,0.0,0.7739106555962599,0.4316163659095868,240,242,5.877625390440247,118.77380442550425
1739,86.95,straightline,349,pure_pursuit,3.0,114.80435180664062,38.28514862060547,115.2826156616211,38.28072738647461,0.5691279768943787,0.013215038081307704,0.35,0.0,0.47828429024171254,0.40883833169934614,240,242,5.946594818297544,118.47811759816817
1740,87.0,straightline,349,pure_pursuit,3.0,115.0975341796875,38.29032516479492,115.2826156616211,38.28072738647461,0.5669211149215698,0.01260551172418863,0.35,0.0,0.1853301710553925,0.41104519367217757,240,242,5.802126376920495,118.18488959966763
1741,87.05000000000001,straightline,349,pure_pursuit,3.0,115.3917236328125,38.29542541503906,115.2826156616211,38.28072738647461,0.5839255452156067,0.010932632625756228,0.35,0.0,0.11009351216664048,0.394040763378131,240,242,5.9369420247225895,117.89065596003937
1742,87.10000000000001,straightline,349,pure_pursuit,3.0,115.68514251708984,38.30058288574219,115.2826156616211,38.28072738647461,0.5696896910667419,0.0107430393568907,0.35,0.0,0.40301626545925506,0.4082766175270085,240,242,5.843156641397837,117.59719180827794
1743,87.15,straightline,349,pure_pursuit,3.0,115.98014068603516,38.30549621582031,115.2826156616211,38.28072738647461,0.585161030292511,0.009045595701609736,0.35,0.0,0.6979646513907385,0.39280527830123013,240,242,5.949847561694853,117.30215273892148
1744,87.2,straightline,349,pure_pursuit,3.0,116.27458953857422,38.31044006347656,115.2826156616211,38.28072738647461,0.5618900060653687,0.009204989235612148,0.35,0.0,0.992418770344473,0.4160763025283868,240,242,5.8346503700420715,117.0076623895277
1745,87.25,straightline,349,pure_pursuit,3.0,116.57129669189453,38.31515884399414,117.2823257446289,38.31486129760742,0.5548716187477112,0.014497208365221094,0.35,0.0,0.7110291149919213,0.4230946898460202,241,243,5.993112684491582,116.710917881199
1746,87.30000000000001,straightline,349,pure_pursuit,3.0,116.86786651611328,38.320167541503906,117.2823257446289,38.31486129760742,0.5397571921348572,0.01479849248546283,0.35,0.0,0.41449319454733635,0.4382091164588749,241,243,5.909939378841989,116.41430576546368
1747,87.35000000000001,straightline,349,pure_pursuit,3.0,117.16620635986328,38.32526397705078,117.2823257446289,38.31486129760742,0.5718122720718384,0.012464921970193214,0.15,0.0,0.1165844211631578,0.4061540365219109,241,243,6.017857712814376,116.11592239670347
1748,87.4,straightline,349,pure_pursuit,3.0,117.46395111083984,38.33056640625,117.2823257446289,38.31486129760742,0.5695458650588989,0.011692695703774583,0.35,0.0,0.18230311047464973,0.40842044353485063,241,243,5.897979307486987,115.81813054163703
1749,87.45,straightline,349,pure_pursuit,3.0,117.76256561279297,38.33568572998047,117.2823257446289,38.31486129760742,0.5855746865272522,0.009962761877897321,0.15,0.0,0.48069115652141525,0.39239162206646183,241,243,6.015920222893414,115.51947216612122
1750,87.5,straightline,349,pure_pursuit,3.0,118.0592269897461,38.34080123901367,117.2823257446289,38.31486129760742,0.56962651014328,0.00975517268394454,0.35,0.0,0.7773341786032543,0.4083397984504645,241,243,5.890198595331207,115.2227666994882
1751,87.55000000000001,straightline,349,pure_pursuit,3.0,118.35550689697266,38.34562301635742,119.28203582763672,38.348995208740234,0.5831672549247742,0.013338046798266199,0.35,0.0,0.9265350673552285,0.39479905366897994,242,244,5.959207611995446,114.92644762879536
1752,87.60000000000001,straightline,349,pure_pursuit,3.0,118.64932250976562,38.35069274902344,119.28203582763672,38.348995208740234,0.5712947845458984,0.013445953449268258,0.35,0.0,0.6327155950776469,0.40667152404784973,242,244,5.814797792514949,114.63258829329767
1753,87.65,straightline,349,pure_pursuit,3.0,118.9441146850586,38.355812072753906,119.28203582763672,38.348995208740234,0.5879908204078674,0.011933985825888312,0.35,0.0,0.33798989368956933,0.3899754881858866,242,244,5.948685093557838,114.33775169485116
1754,87.7,straightline,349,pure_pursuit,3.0,119.23812866210938,38.36099624633789,119.28203582763672,38.348995208740234,0.5771757364273071,0.01174132565761143,0.35,0.0,0.04551773377559479,0.40079057216641334,242,244,5.855980819598044,114.04369208332307
1755,87.75,straightline,349,pure_pursuit,3.0,119.53363037109375,38.36595916748047,119.28203582763672,38.348995208740234,0.5986467599868774,0.00990302068558211,0.35,0.0,0.2521657990162273,0.37931954860686057,242,244,5.9607760626316395,113.74814870532977
1756,87.80000000000001,straightline,349,pure_pursuit,3.0,119.82852935791016,38.370994567871094,119.28203582763672,38.348995208740234,0.5815703272819519,0.00993050860056046,0.35,0.0,0.5469361484057285,0.3963959813117978,242,244,5.849770336844952,113.45320673392821
1757,87.85000000000001,straightline,349,pure_pursuit,3.0,120.1256332397461,38.37595748901367,119.28203582763672,38.348995208740234,0.581987202167511,0.008958134526383967,0.15,0.0,0.8440281738633955,0.3959791064262238,242,244,6.00473739991108,113.15606141342424
1758,87.9,straightline,349,pure_pursuit,3.0,120.42234802246094,38.38099670410156,121.28174591064453,38.38312911987305,0.5572166442871094,0.01455635080720228,0.35,0.0,0.8594005337509648,0.4207496643066392,243,245,5.909655787275834,112.85930384247423
1759,87.95,straightline,349,pure_pursuit,3.0,120.71953582763672,38.386051177978516,121.28174591064453,38.38312911987305,0.5807267427444458,0.01280149360259452,0.35,0.0,0.5622176765801865,0.39723956584930203,243,245,5.989350953658444,112.56207305833897
1760,88.0,straightline,349,pure_pursuit,3.0,121.01490020751953,38.3913688659668,121.28174591064453,38.38312911987305,0.578327476978302,0.012151565912121404,0.35,0.0,0.26697288755970167,0.39963883161542835,243,245,5.855696648200633,112.26666097472895
1761,88.05000000000001,straightline,349,pure_pursuit,3.0,121.31161499023438,38.396568298339844,121.28174591064453,38.38312911987305,0.5954127311706543,0.010452115264110638,0.35,0.0,0.03275322019904054,0.38255357742310725,243,245,5.995299248294971,111.9699006877283
1762,88.10000000000001,straightline,349,pure_pursuit,3.0,121.60777282714844,38.40181350708008,121.28174591064453,38.38312911987305,0.5817089080810547,0.010222953833148835,0.35,0.0,0.3265618725606946,0.3962574005127062,243,245,5.90552772462813,111.67369649086396
1763,88.15,straightline,349,pure_pursuit,3.0,121.90557098388672,38.40679931640625,121.28174591064453,38.38312911987305,0.5978072285652161,0.008490287144010475,0.15,0.0,0.624273978481837,0.38015908002852605,243,245,6.012386648966701,111.37585660680796
1764,88.2,straightline,349,pure_pursuit,3.0,122.20284271240234,38.41177749633789,121.28174591064453,38.38312911987305,0.574148416519165,0.008709606072452072,0.35,0.0,0.9215422115576379,0.4038178920745772,243,245,5.895273335037662,111.07854320469951
1765,88.25,straightline,349,pure_pursuit,3.0,122.50113677978516,38.41648483276367,123.28144836425781,38.417266845703125,0.5700105428695679,0.01374089256492573,0.15,0.0,0.7803119763315598,0.40795576572419356,244,246,6.015191400297753,110.78021220220026
1766,88.30000000000001,straightline,349,pure_pursuit,3.0,122.79765319824219,38.42146301269531,123.28144836425781,38.417266845703125,0.5531083941459656,0.014168967590670838,0.35,0.0,0.48381336326884616,0.42485791444775817,244,246,5.892305499944166,110.48365400181423
1767,88.35000000000001,straightline,349,pure_pursuit,3.0,123.09400939941406,38.426605224609375,123.28144836425781,38.417266845703125,0.5823546051979065,0.011947600098393761,0.35,0.0,0.18767144391806986,0.39561170339585,244,246,5.96439776264596,110.18725321468776
1768,88.4,straightline,349,pure_pursuit,3.0,123.38809204101562,38.43197250366211,123.28144836425781,38.417266845703125,0.5784186720848083,0.011193698815332392,0.35,0.0,0.10765282238952882,0.3995476365089287,244,246,5.823236816714838,109.89312184545282
1769,88.45,straightline,349,pure_pursuit,3.0,123.6833267211914,38.43717575073242,123.28144836425781,38.417266845703125,0.5898622274398804,0.009614453045140263,0.35,0.0,0.40237119463389837,0.3881040811538733,244,246,5.958169962924173,109.59784138431391
1770,88.5,straightline,349,pure_pursuit,3.0,123.97782897949219,38.44234085083008,123.28144836425781,38.417266845703125,0.5684018135070801,0.009643171180137805,0.35,0.0,0.6968318785814216,0.40956449508664916,244,246,5.865524870862802,109.3032938866884
1771,88.55000000000001,straightline,349,pure_pursuit,3.0,124.27396392822266,38.447242736816406,123.28144836425781,38.417266845703125,0.576980710029602,0.00813979361599391,0.35,0.0,0.9929681257525275,0.4009855985641343,244,246,5.974200922181796,109.00711839385474
1772,88.60000000000001,straightline,349,pure_pursuit,3.0,124.56966400146484,38.4521484375,125.28115844726562,38.45140075683594,0.5476701855659485,0.014584998672675641,0.35,0.0,0.7114948386543196,0.43029612302779763,245,247,5.86317840932416,108.71137764951762
1773,88.65,straightline,349,pure_pursuit,3.0,124.86771392822266,38.457149505615234,125.28115844726562,38.45140075683594,0.5540996789932251,0.01373731376043458,0.15,0.0,0.41348448391590126,0.42386662960051236,245,247,6.022286314417575,108.41328577291415
1774,88.7,straightline,349,pure_pursuit,3.0,125.16544342041016,38.46245574951172,125.28115844726562,38.45140075683594,0.549236536026001,0.013188837921224229,0.35,0.0,0.11624190424809562,0.42872977256773526,245,247,5.927339421329042,108.11550911273731
1775,88.75,straightline,349,pure_pursuit,3.0,125.4637451171875,38.46770477294922,125.28115844726562,38.45140075683594,0.5803263783454895,0.010648986390756357,0.15,0.0,0.1833131554869477,0.39763993024825484,245,247,6.009463376690467,107.81716130032133
1776,88.80000000000001,straightline,349,pure_pursuit,3.0,125.76014709472656,38.473018646240234,125.28115844726562,38.45140075683594,0.5716294050216675,0.01000326257868156,0.35,0.0,0.4794762325066329,0.4063369035720647,245,247,5.870065230489609,107.52071183608727
1777,88.85000000000001,straightline,349,pure_pursuit,3.0,126.05665588378906,38.478023529052734,125.28115844726562,38.45140075683594,0.5799621939659119,0.008539398208523315,0.35,0.0,0.7759542809050869,0.398004114627823,245,247,5.975891797345676,107.22416081101996
1778,88.9,straightline,349,pure_pursuit,3.0,126.3511962890625,38.48296356201172,127.28086853027344,38.48553466796875,0.5544689893722534,0.014341378373845538,0.35,0.0,0.9296757965355502,0.42349731922146966,246,248,5.857444087310948,106.92957898593805
1779,88.95,straightline,349,pure_pursuit,3.0,126.64656066894531,38.487884521484375,127.28086853027344,38.48553466796875,0.5736771821975708,0.012871291543423587,0.35,0.0,0.6343122139405837,0.4042891263961723,246,248,5.956795812468356,106.63417362772354
1780,89.0,straightline,349,pure_pursuit,3.0,126.94093322753906,38.49309158325195,127.28086853027344,38.48553466796875,0.5664765238761902,0.012537631242806328,0.35,0.0,0.34001928917887686,0.4114897847175291,246,248,5.837528158949079,106.33975510107487
1781,89.05000000000001,straightline,349,pure_pursuit,3.0,127.2374496459961,38.4982795715332,127.28086853027344,38.48553466796875,0.5789994597434998,0.011084284857348836,0.35,0.0,0.04525076881950823,0.39896684885025807,246,248,5.993439588854565,106.04319334573195
1782,89.10000000000001,straightline,349,pure_pursuit,3.0,127.53386688232422,38.5035400390625,127.28086853027344,38.48553466796875,0.5646023750305176,0.01088204574521328,0.35,0.0,0.2536382453981156,0.41336393356324447,246,248,5.91141208338275,105.74672953088339
1783,89.15,straightline,349,pure_pursuit,3.0,127.832275390625,38.50857925415039,127.28086853027344,38.48553466796875,0.5805097222328186,0.009115993517518671,0.15,0.0,0.5518881939261344,0.39745658636089565,246,248,6.023436494092257,105.44827847750564
1784,89.2,straightline,349,pure_pursuit,3.0,128.13026428222656,38.51365661621094,127.28086853027344,38.48553466796875,0.5581579208374023,0.009174247593379694,0.35,0.0,0.8498611577245726,0.4198083877563606,246,248,5.907406502073117,105.15024633450632
1785,89.25,straightline,349,pure_pursuit,3.0,128.42929077148438,38.51850128173828,129.28057861328125,38.51966857910156,0.5565380454063416,0.01405640183859758,0.15,0.0,0.8512886421034381,0.42139774560928345,247,249,6.027822121767738,104.85118068425687
1786,89.30000000000001,straightline,349,pure_pursuit,3.0,128.72659301757812,38.52365493774414,129.28057861328125,38.51966857910156,0.5427823662757874,0.014187548596909367,0.35,0.0,0.5539999379979871,0.43515342473983765,247,249,5.905530831009927,104.5538337958502
1787,89.35000000000001,straightline,349,pure_pursuit,3.0,129.02366638183594,38.528804779052734,129.28057861328125,38.51966857910156,0.5755120515823364,0.011755943550778289,0.35,0.0,0.2570746288838274,0.4024237394332886,247,249,5.9778865051157535,104.25671582118885
1788,89.4,straightline,349,pure_pursuit,3.0,129.31846618652344,38.534088134765625,129.28057861328125,38.51966857910156,0.5728845000267029,0.010980069598937025,0.35,0.0,0.04053876899624752,0.4050512909889221,247,249,5.838195043957925,103.96186881902798
1789,89.45,straightline,349,pure_pursuit,3.0,129.6144256591797,38.5391731262207,129.28057861328125,38.51966857910156,0.5844799876213074,0.009476487952386344,0.35,0.0,0.334416323485317,0.3934558033943177,247,249,5.975009956986732,103.66586567486553
1790,89.5,straightline,349,pure_pursuit,3.0,129.9098358154297,38.54423904418945,129.28057861328125,38.51966857910156,0.56325763463974,0.009578445137799218,0.35,0.0,0.6297367181690415,0.41467815637588507,247,249,5.88532753726969,103.37041209137732
1791,89.55000000000001,straightline,349,pure_pursuit,3.0,130.20700073242188,38.54905319213867,129.28057861328125,38.51966857910156,0.5720083713531494,0.008156220046195178,0.35,0.0,0.9268880182181378,0.4059274196624756,247,249,5.995228488151081,103.07320826231677
1792,89.60000000000001,straightline,349,pure_pursuit,3.0,130.5037841796875,38.55390167236328,131.2802734375,38.553802490234375,0.5434227585792542,0.014630455043690321,0.35,0.0,0.7764892641468405,0.4345130324363709,248,250,5.884677318914888,102.77638526722632
1793,89.65,straightline,349,pure_pursuit,3.0,130.802978515625,38.55887985229492,131.2802734375,38.553802490234375,0.5509397983551025,0.013746683469125855,0.15,0.0,0.4773219270609263,0.42699599266052246,248,250,6.044200848497738,102.4771495327336
1794,89.7,straightline,349,pure_pursuit,3.0,131.10194396972656,38.56416702270508,131.2802734375,38.553802490234375,0.5471693873405457,0.013167402365835525,0.35,0.0,0.17863040785290096,0.4307664036750794,248,250,5.95030845350236,102.17813741380272
1795,89.75,straightline,349,pure_pursuit,3.0,131.4015350341797,38.56936264038086,131.2802734375,38.553802490234375,0.5788887143135071,0.010653942991856504,0.15,0.0,0.12225585099245082,0.3990470767021179,248,250,6.032315326610265,101.87850132509502
1796,89.80000000000001,straightline,349,pure_pursuit,3.0,131.6991729736328,38.574668884277344,131.2802734375,38.553802490234375,0.5709994435310364,0.009998669547784842,0.35,0.0,0.41941891680352467,0.40693634748458857,248,250,5.8927452103283215,101.58081620829147
1797,89.85000000000001,straightline,349,pure_pursuit,3.0,131.99693298339844,38.5797004699707,131.2802734375,38.553802490234375,0.5805320739746094,0.008476202652984205,0.35,0.0,0.7171273318468471,0.3974037170410156,248,250,5.996892707199547,101.28301368957806
1798,89.9,straightline,349,pure_pursuit,3.0,132.2926483154297,38.58469009399414,133.2799835205078,38.58793640136719,0.5556186437606812,0.014185894418725682,0.35,0.0,0.9873405419095397,0.42231714725494385,249,251,5.878781637357738,100.98725626598015
1799,89.95,straightline,349,pure_pursuit,3.0,132.5891571044922,38.589683532714844,133.2799835205078,38.58793640136719,0.5755115151405334,0.012642213806899887,0.35,0.0,0.6908286252993135,0.40242427587509155,249,251,5.977506239206712,100.6907054345176
1800,90.0,straightline,349,pure_pursuit,3.0,132.88473510742188,38.594970703125,133.2799835205078,38.58793640136719,0.5687298774719238,0.012242645640085929,0.35,0.0,0.3953110034494004,0.40920591354370117,249,251,5.859316502941634,100.39508028246425
1801,90.05000000000001,straightline,349,pure_pursuit,3.0,133.18247985839844,38.600181579589844,133.2799835205078,38.58793640136719,0.5812220573425293,0.010784349106381434,0.15,0.0,0.0982695706434285,0.39671373367309576,249,251,6.014847060792266,100.09728998509429
1802,90.10000000000001,straightline,349,pure_pursuit,3.0,133.4799041748047,38.60544204711914,133.2799835205078,38.58793640136719,0.5670073628425598,0.010582856776448052,0.35,0.0,0.2006856139529774,0.4109284281730652,249,251,5.918894861072286,99.79981923728698
1803,90.15,straightline,349,pure_pursuit,3.0,133.77789306640625,38.6104621887207,133.2799835205078,38.58793640136719,0.5836113691329956,0.00879085305624152,0.15,0.0,0.4984188268842621,0.39432442188262934,249,251,6.000849945173936,99.50178806316933
1804,90.2,straightline,349,pure_pursuit,3.0,134.073974609375,38.61549758911133,133.2799835205078,38.58793640136719,0.5615572333335876,0.0088542308837721,0.35,0.0,0.7944692997658058,0.4163785576820374,249,251,5.861262440389194,99.20566370617239
1805,90.25,straightline,349,pure_pursuit,3.0,134.37020874023438,38.62025833129883,135.27969360351562,38.6220703125,0.560324490070343,0.013737109126966452,0.35,0.0,0.9094866682989847,0.417611300945282,250,252,5.96663491071536,98.90939143233284
1806,90.30000000000001,straightline,349,pure_pursuit,3.0,134.6643829345703,38.62528991699219,135.27969360351562,38.6220703125,0.5434517860412598,0.014086177079445834,0.35,0.0,0.6153190921554557,0.4344840049743653,250,252,5.848274701416362,98.61517421518363
1807,90.35000000000001,straightline,349,pure_pursuit,3.0,134.95936584472656,38.63037109375,135.27969360351562,38.6220703125,0.5715709328651428,0.011933730226932268,0.35,0.0,0.32043529147112393,0.4063648581504822,250,252,5.946964057243846,98.32014755866692
1808,90.4,straightline,349,pure_pursuit,3.0,135.25343322753906,38.63563537597656,135.27969360351562,38.6220703125,0.5650027394294739,0.011386999697287958,0.35,0.0,0.029557034586602065,0.4129330515861511,250,252,5.83139057898046,98.02603319932366
1809,90.45,straightline,349,pure_pursuit,3.0,135.54965209960938,38.6407470703125,135.27969360351562,38.6220703125,0.5737026929855347,0.010032961866584821,0.35,0.0,0.2706037895070688,0.4042330980300904,250,252,5.988088883036367,97.72977024177001
1810,90.5,straightline,349,pure_pursuit,3.0,135.84580993652344,38.645877838134766,135.27969360351562,38.6220703125,0.5540074706077576,0.010021985656052532,0.35,0.0,0.5666167141684602,0.42392832040786743,250,252,5.9078094942572985,97.43356798796728
1811,90.55000000000001,straightline,349,pure_pursuit,3.0,136.1439971923828,38.65074920654297,135.27969360351562,38.6220703125,0.5651127696037292,0.008445550948210596,0.15,0.0,0.8647792624087537,0.4128230214118958,250,252,6.020518368976573,97.1353409956001
1812,90.60000000000001,straightline,349,pure_pursuit,3.0,136.4417724609375,38.6556396484375,137.27940368652344,38.65620422363281,0.5384042263031006,0.014766122468423749,0.35,0.0,0.8376314158517163,0.43953156471252447,251,253,5.905374308364031,96.83752560901152
1813,90.65,straightline,349,pure_pursuit,3.0,136.7406463623047,38.66062545776367,137.27940368652344,38.65620422363281,0.5507350564002991,0.013615271550612575,0.15,0.0,0.538775465022849,0.4272007346153259,251,253,6.027365858471662,96.53861013299806
1814,90.7,straightline,349,pure_pursuit,3.0,137.0377960205078,38.66591262817383,137.27940368652344,38.65620422363281,0.5473471283912659,0.012998799009957826,0.35,0.0,0.24180264141702382,0.43058866262435913,251,253,5.9062215894787355,96.24141355263046
1815,90.75,straightline,349,pure_pursuit,3.0,137.33480834960938,38.67107009887695,137.27940368652344,38.65620422363281,0.5788511633872986,0.010500419609336068,0.35,0.0,0.05736436993849578,0.39908462762832647,251,253,5.979895438028518,95.94435647709811
1816,90.80000000000001,straightline,349,pure_pursuit,3.0,137.62957763671875,38.67629623413086,137.27940368652344,38.65620422363281,0.5707008242607117,0.009901194796609357,0.35,0.0,0.3507498884978338,0.40723496675491333,251,253,5.840813679480308,95.64954096081257
1817,90.85000000000001,straightline,349,pure_pursuit,3.0,137.925537109375,38.68128204345703,137.27940368652344,38.65620422363281,0.5757678151130676,0.00864819436259267,0.35,0.0,0.6466199016215106,0.40216797590255743,251,253,5.977335619790621,95.35353949587535
1818,90.9,straightline,349,pure_pursuit,3.0,138.22103881835938,38.68624496459961,137.27940368652344,38.65620422363281,0.5484815835952759,0.008947508572601444,0.35,0.0,0.9421142009467417,0.4294542074203491,251,253,5.888592347609812,95.05799611635567
1819,90.95,straightline,349,pure_pursuit,3.0,138.51837158203125,38.69093322753906,139.27911376953125,38.690338134765625,0.552009105682373,0.013998545682577232,0.35,0.0,0.7607424202564849,0.4259266853332519,252,254,5.999699444541756,94.76062659219626
1820,91.0,straightline,349,pure_pursuit,3.0,138.8153533935547,38.69594955444336,139.27911376953125,38.690338134765625,0.5358613133430481,0.014316019976430035,0.35,0.0,0.46379432333386994,0.4420744776725769,252,254,5.890322190062158,94.4636024184305
1821,91.05000000000001,straightline,349,pure_pursuit,3.0,139.1147918701172,38.701107025146484,139.27911376953125,38.690338134765625,0.5532897710800171,0.012686769349815594,0.15,0.0,0.16467439274847878,0.4246460199356079,252,254,6.050173285730413,94.16411954279762
1822,91.10000000000001,straightline,349,pure_pursuit,3.0,139.41403198242188,38.7064323425293,139.27911376953125,38.690338134765625,0.54938143491745,0.011952113141546409,0.35,0.0,0.13587475002052532,0.42855435609817505,252,254,5.957268465185598,93.86483216294192
1823,91.15,straightline,349,pure_pursuit,3.0,139.7139434814453,38.711570739746094,139.27911376953125,38.690338134765625,0.5762126445770264,0.009587526163324155,0.15,0.0,0.43534779415718095,0.4017231464385987,252,254,6.040397092442198,93.56487665560626
1824,91.2,straightline,349,pure_pursuit,3.0,140.01202392578125,38.71672821044922,139.27911376953125,38.690338134765625,0.5622008442878723,0.009189750818980665,0.35,0.0,0.7333851193124832,0.4157349467277527,252,254,5.903110488080666,93.26675161822311
1825,91.25,straightline,349,pure_pursuit,3.0,140.310302734375,38.72159957885742,141.27882385253906,38.72447204589844,0.5663775205612183,0.013548163776185049,0.15,0.0,0.9685253777762706,0.4115582704544068,253,255,6.008590569371196,92.96843308559723
1826,91.30000000000001,straightline,349,pure_pursuit,3.0,140.60635375976562,38.72671127319336,141.27882385253906,38.72447204589844,0.5525485277175903,0.01371527339623782,0.35,0.0,0.6724738209131965,0.42538726329803467,253,255,5.879806568720536,92.67233795109087
1827,91.35000000000001,straightline,349,pure_pursuit,3.0,140.90200805664062,38.7318229675293,141.27882385253906,38.72447204589844,0.5826750993728638,0.01145720823591968,0.35,0.0,0.3768874899587355,0.3952606916427613,253,255,5.951865548322577,92.37663948843257
1828,91.4,straightline,349,pure_pursuit,3.0,141.19534301757812,38.73708724975586,141.27882385253906,38.72447204589844,0.5775963068008423,0.010844319056989715,0.35,0.0,0.08442862769309706,0.4003394842147827,253,255,5.811144689815241,92.08325744884303
1829,91.45,straightline,349,pure_pursuit,3.0,141.48985290527344,38.7421760559082,141.27882385253906,38.72447204589844,0.5874300003051758,0.009453411758623447,0.35,0.0,0.21177037816558175,0.3905057907104493,253,255,5.9482399422875245,91.78870361927183
1830,91.5,straightline,349,pure_pursuit,3.0,141.78378295898438,38.747276306152344,141.27882385253906,38.72447204589844,0.5644811391830444,0.009648145503268077,0.35,0.0,0.50547377129558,0.41345465183258057,253,255,5.858791980580701,91.49472934733404
1831,91.55000000000001,straightline,349,pure_pursuit,3.0,142.0795440673828,38.75210952758789,141.27882385253906,38.72447204589844,0.5721775889396667,0.008296579768602494,0.35,0.0,0.8011970374717795,0.40575820207595825,253,255,5.971053841197213,91.19892879887296
1832,91.60000000000001,straightline,349,pure_pursuit,3.0,142.37501525878906,38.756980895996094,143.27853393554688,38.75860595703125,0.5429750680923462,0.014598936771432786,0.35,0.0,0.9035201381671337,0.43496072292327886,254,256,5.861999257790783,90.90341748095818
1833,91.65,straightline,349,pure_pursuit,3.0,142.67300415039062,38.761962890625,143.27853393554688,38.75860595703125,0.549690842628479,0.013753813180405463,0.15,0.0,0.6055390901622513,0.42824494838714605,254,256,6.024143875963521,90.6053869518893
1834,91.7,straightline,349,pure_pursuit,3.0,142.97085571289062,38.76724624633789,143.27853393554688,38.75860595703125,0.5449998378753662,0.013234502365918136,0.35,0.0,0.3077995180246574,0.43293595314025884,254,256,5.931617508941456,90.30748863477264
1835,91.75,straightline,349,pure_pursuit,3.0,143.2694549560547,38.77244186401367,143.27853393554688,38.75860595703125,0.5760045051574707,0.01077178452242817,0.15,0.0,0.016548721722410814,0.40193128585815435,254,256,6.016088457329137,90.00884422833501
1836,91.80000000000001,straightline,349,pure_pursuit,3.0,143.56631469726562,38.77771759033203,143.27853393554688,38.75860595703125,0.568099319934845,0.010168908609541323,0.35,0.0,0.28841466908402474,0.40983647108078003,254,256,5.879767831858447,89.7119377207753
1837,91.85000000000001,straightline,349,pure_pursuit,3.0,143.86341857910156,38.782737731933594,143.27853393554688,38.75860595703125,0.5781172513961792,0.008663520587635625,0.35,0.0,0.5853822587216247,0.3998185396194458,254,256,5.986228310969053,89.41479142952257
1838,91.9,straightline,349,pure_pursuit,3.0,144.1586151123047,38.78772735595703,143.27853393554688,38.75860595703125,0.5540436506271362,0.008797615645965911,0.35,0.0,0.8805628504307972,0.4238921403884888,254,256,5.869783972693479,89.11955273023597
1839,91.95,straightline,349,pure_pursuit,3.0,144.4547119140625,38.792415618896484,145.2782440185547,38.79273986816406,0.5590164065361023,0.013641759628678604,0.35,0.0,0.8235321683255116,0.41891938447952276,255,257,5.970742679029581,88.82341898739564
1840,92.0,straightline,349,pure_pursuit,3.0,144.74996948242188,38.79742431640625,145.2782440185547,38.79273986816406,0.5421105623245239,0.013997119097407291,0.35,0.0,0.5282953052807416,0.43582522869110113,255,257,5.854356786268617,88.52811893911255
1841,92.05000000000001,straightline,349,pure_pursuit,3.0,145.04747009277344,38.80255126953125,145.2782440185547,38.79273986816406,0.5575121641159058,0.012490350581409567,0.15,0.0,0.23098239850100685,0.42042362689971924,255,257,6.011718476702979,88.23057416971042
1842,92.10000000000001,straightline,349,pure_pursuit,3.0,145.3447265625,38.807838439941406,145.2782440185547,38.79273986816406,0.5510688424110413,0.011917822008571995,0.35,0.0,0.06817547593640992,0.42686694860458374,255,257,5.918640534183985,87.93327079695949
1843,92.15,straightline,349,pure_pursuit,3.0,145.64266967773438,38.81293487548828,145.2782440185547,38.79273986816406,0.5763441324234009,0.009671795497868469,0.15,0.0,0.36498479336730594,0.4015916585922241,255,257,6.002808373858337,87.63528410228996
1844,92.2,straightline,349,pure_pursuit,3.0,145.93878173828125,38.818077087402344,145.2782440185547,38.79273986816406,0.5615419149398804,0.009339286691794716,0.35,0.0,0.6610234896433678,0.41639387607574463,255,257,5.86628910389784,87.339127426713
1845,92.25,straightline,349,pure_pursuit,3.0,146.23516845703125,38.822933197021484,145.2782440185547,38.79273986816406,0.5653682947158813,0.008085625169881473,0.35,0.0,0.957400657019399,0.4125674962997437,255,257,5.973501954069538,87.0427009693368
1846,92.30000000000001,straightline,349,pure_pursuit,3.0,146.5296173095703,38.8277587890625,147.2779541015625,38.826873779296875,0.5363386273384094,0.014763619000339626,0.35,0.0,0.7483373153140526,0.44159716367721563,256,258,5.857556183955291,86.7482126174191
1847,92.35000000000001,straightline,349,pure_pursuit,3.0,146.82501220703125,38.8326301574707,147.2779541015625,38.826873779296875,0.5557541847229004,0.0132625162604234,0.35,0.0,0.45297847157589965,0.4221816062927246,256,258,5.959234775775942,86.45277758200356
1848,92.4,straightline,349,pure_pursuit,3.0,147.11961364746094,38.83784866333008,147.2779541015625,38.826873779296875,0.5508092045783997,0.012731194796313768,0.35,0.0,0.1587203436382094,0.4271265864372254,256,258,5.843342243326877,86.15813002004985
1849,92.45,straightline,349,pure_pursuit,3.0,147.41648864746094,38.843013763427734,147.2779541015625,38.826873779296875,0.565765380859375,0.01108378153741318,0.15,0.0,0.13947157235447902,0.41217041015625,256,258,6.002122975013684,85.86121012700553
1850,92.5,straightline,349,pure_pursuit,3.0,147.7131805419922,38.84823989868164,147.2779541015625,38.826873779296875,0.5535432696342468,0.010689819237049621,0.35,0.0,0.43575057717306626,0.4243925213813782,256,258,5.9085638289711095,85.56447228172851
1851,92.55000000000001,straightline,349,pure_pursuit,3.0,148.01060485839844,38.85321044921875,147.2779541015625,38.826873779296875,0.5713765621185303,0.008750799884201722,0.35,0.0,0.7331239674671984,0.4065592288970948,256,258,5.993327725139809,85.26700643999926
1852,92.60000000000001,straightline,349,pure_pursuit,3.0,148.306396484375,38.85818862915039,149.2776641845703,38.86100769042969,0.5500454902648926,0.014364617380591886,0.35,0.0,0.9712717912866552,0.4278903007507324,257,259,5.863446725443672,84.97117292643586
1853,92.65,straightline,349,pure_pursuit,3.0,148.60385131835938,38.86323547363281,149.2776641845703,38.86100769042969,0.5610029697418213,0.013262114758801727,0.15,0.0,0.6738165489874813,0.4169328212738037,257,259,6.00897127328264,84.6736752817555
1854,92.7,straightline,349,pure_pursuit,3.0,148.90078735351562,38.868553161621094,149.2776641845703,38.86100769042969,0.5551741719245911,0.012790239350279812,0.35,0.0,0.3769523576280215,0.422761619091034,257,259,5.909252606638904,84.37669178365944
1855,92.75,straightline,349,pure_pursuit,3.0,149.19827270507812,38.87374496459961,149.2776641845703,38.86100769042969,0.5840641856193542,0.01045271361079253,0.35,0.0,0.08040674828170946,0.39387160539627075,257,259,5.992136701103641,84.07916117595907
1856,92.80000000000001,straightline,349,pure_pursuit,3.0,149.49403381347656,38.87900161743164,149.2776641845703,38.86100769042969,0.5740193128585815,0.00999529821592672,0.35,0.0,0.21711655331176374,0.40391647815704346,257,259,5.861083643303086,83.78335346980253
1857,92.85000000000001,straightline,349,pure_pursuit,3.0,149.79129028320312,38.88402557373047,149.2776641845703,38.86100769042969,0.5783922076225281,0.008821363038249702,0.15,0.0,0.5141416070971226,0.399543583393097,257,259,6.0035934313221215,83.48605454795654
1858,92.9,straightline,349,pure_pursuit,3.0,150.0879364013672,38.8890380859375,149.2776641845703,38.86100769042969,0.5523251295089722,0.009099007328915098,0.35,0.0,0.8107569107847594,0.42561066150665283,257,259,5.903388091043386,83.1893660839068
1859,92.95,straightline,349,pure_pursuit,3.0,150.38516235351562,38.893760681152344,151.27737426757812,38.895145416259766,0.5584151744842529,0.01372624370800663,0.35,0.0,0.8922129886335368,0.41952061653137207,258,260,5.986827363036668,82.89210276778724
1860,93.0,straightline,349,pure_pursuit,3.0,150.68064880371094,38.89877700805664,151.27737426757812,38.895145416259766,0.5435050129890442,0.013983771358298208,0.35,0.0,0.5967365144571675,0.4344307780265808,258,260,5.857612915427344,82.59657374162241
1861,93.05000000000001,straightline,349,pure_pursuit,3.0,150.97764587402344,38.90390396118164,151.27737426757812,38.895145416259766,0.5615546703338623,0.01234596416549244,0.15,0.0,0.2998563356209472,0.4163811206817627,258,260,6.0001904977392435,82.29953244157754
1862,93.10000000000001,straightline,349,pure_pursuit,3.0,151.27403259277344,38.90919494628906,151.27737426757812,38.895145416259766,0.5547888875007629,0.011799797589584294,0.35,0.0,0.01444147099655703,0.4231469035148621,258,260,5.9006699565256815,82.00309863458456
1863,93.15,straightline,349,pure_pursuit,3.0,151.57101440429688,38.91429138183594,151.27737426757812,38.895145416259766,0.5793555974960327,0.00960443657918745,0.35,0.0,0.29426365370199925,0.39858019351959234,258,260,5.984628620201861,81.70607310722824
1864,93.2,straightline,349,pure_pursuit,3.0,151.86630249023438,38.9194221496582,151.27737426757812,38.895145416259766,0.5640782117843628,0.009329385665737277,0.35,0.0,0.5894283766714565,0.4138575792312622,258,260,5.854102360613321,81.41074048387736
1865,93.25,straightline,349,pure_pursuit,3.0,152.16317749023438,38.9243049621582,151.27737426757812,38.895145416259766,0.5635504126548767,0.008323823022620124,0.35,0.0,0.8862830407861819,0.41438537836074835,258,260,5.997923733306325,81.11382536170863
1866,93.30000000000001,straightline,349,pure_pursuit,3.0,152.45968627929688,38.929161071777344,153.27706909179688,38.92927932739258,0.5329363942146301,0.014957393303309483,0.35,0.0,0.8173828210543703,0.4449993968009949,259,261,5.912587628172446,80.81727684959041
1867,93.35000000000001,straightline,349,pure_pursuit,3.0,152.75811767578125,38.934085845947266,153.27706909179688,38.92927932739258,0.5524864196777344,0.013449772323591031,0.15,0.0,0.518973674481894,0.4254493713378906,259,261,6.025576621952236,80.51880484457484
1868,93.4,straightline,349,pure_pursuit,3.0,153.05615234375,38.939361572265625,153.27706909179688,38.92927932739258,0.5487226843833923,0.012861636802488816,0.35,0.0,0.22114669617538157,0.42921310663223267,259,261,5.911693460431126,80.22072358166768
1869,93.45,straightline,349,pure_pursuit,3.0,153.35536193847656,38.94456100463867,153.27706909179688,38.92927932739258,0.5692675113677979,0.010929015870275267,0.15,0.0,0.07977029209337792,0.4086682796478272,259,261,6.035011833141161,79.92146884912584
1870,93.5,straightline,349,pure_pursuit,3.0,153.65304565429688,38.9498176574707,153.27706909179688,38.92927932739258,0.5590373873710632,0.010434109482838221,0.35,0.0,0.3765371144412121,0.41889840364456177,259,261,5.9196681933827096,79.62373881160494
1871,93.55000000000001,straightline,349,pure_pursuit,3.0,153.95083618164062,38.95480728149414,153.27706909179688,38.92927932739258,0.5778384208679199,0.008451212772525685,0.35,0.0,0.6742505230232508,0.4000973701477051,259,261,5.9958906838952775,79.32590648821022
1872,93.60000000000001,straightline,349,pure_pursuit,3.0,154.24655151367188,38.95978546142578,153.27706909179688,38.92927932739258,0.5568357110023499,0.00838373319196406,0.35,0.0,0.9699622624299706,0.42110008001327515,259,261,5.859795974389647,79.03014925740364
1873,93.65,straightline,349,pure_pursuit,3.0,154.54354858398438,38.9644889831543,155.2767791748047,38.96341323852539,0.5515913367271423,0.0139654934833152,0.35,0.0,0.7332313799485202,0.42634445428848267,260,262,5.9968281880299275,78.73311511092821
1874,93.7,straightline,349,pure_pursuit,3.0,154.8400115966797,38.96949768066406,155.2767791748047,38.96341323852539,0.5329812169075012,0.014407449320391225,0.35,0.0,0.4368099560876753,0.4449545741081238,260,262,5.908754170321854,78.43660979066107
1875,93.75,straightline,349,pure_pursuit,3.0,155.1383056640625,38.9745979309082,155.2767791748047,38.96341323852539,0.5619687438011169,0.012183288758678757,0.15,0.0,0.13892447776027397,0.4159670472145081,260,262,6.021519546541889,78.13827213031934
1876,93.80000000000001,straightline,349,pure_pursuit,3.0,155.43621826171875,38.97990417480469,155.2767791748047,38.96341323852539,0.5573353171348572,0.011478712722508895,0.35,0.0,0.16028965473591178,0.4206004738807678,260,262,5.907626659521939,77.84031240574728
1877,93.85000000000001,straightline,349,pure_pursuit,3.0,155.7353057861328,38.98503494262695,155.2767791748047,38.96341323852539,0.5719643831253052,0.009751450239494776,0.15,0.0,0.4590361111985733,0.4059714078903199,260,262,6.030855428131393,77.54118088638613
1878,93.9,straightline,349,pure_pursuit,3.0,156.0327606201172,38.99016189575195,155.2767791748047,38.96341323852539,0.5549349784851074,0.009521688005928723,0.35,0.0,0.7564545170201581,0.4230008125305176,260,262,5.914012023092726,77.24368188911211
1879,93.95,straightline,349,pure_pursuit,3.0,156.33021545410156,38.9949951171875,157.2764892578125,38.9975471496582,0.5674106478691101,0.013494277914723001,0.35,0.0,0.946277245028801,0.4105251431465149,261,263,5.990919169520806,76.94618785267554
1880,94.0,straightline,349,pure_pursuit,3.0,156.62559509277344,39.00008773803711,157.2764892578125,38.9975471496582,0.5558291077613831,0.01354517753579358,0.35,0.0,0.6508991232681216,0.42210668325424194,261,263,5.855448922487687,76.65076433445002
1881,94.05000000000001,straightline,349,pure_pursuit,3.0,156.92230224609375,39.0052490234375,157.2764892578125,38.9975471496582,0.574336588382721,0.011879345304342894,0.35,0.0,0.35427074128407804,0.4035992026329041,261,263,5.994050279364932,76.35401233145325
1882,94.10000000000001,straightline,349,pure_pursuit,3.0,157.21853637695312,39.010562896728516,157.2764892578125,38.9975471496582,0.5650940537452698,0.01147435171125456,0.35,0.0,0.059396515652850056,0.4128417372703552,261,263,5.907091090554089,76.05773070747084
1883,94.15,straightline,349,pure_pursuit,3.0,157.5166778564453,39.01567840576172,157.2764892578125,38.9975471496582,0.5862241387367249,0.009489897027981087,0.15,0.0,0.24087196881556303,0.39171165227890015,261,263,6.020760720742985,75.75954535638662
1884,94.2,straightline,349,pure_pursuit,3.0,157.81446838378906,39.02084732055664,157.2764892578125,38.9975471496582,0.5677152872085571,0.009420500850251184,0.35,0.0,0.5384834611670097,0.4102205038070679,261,263,5.907439577637127,75.46171000601545
1885,94.25,straightline,349,pure_pursuit,3.0,158.1134796142578,39.02576446533203,157.2764892578125,38.9975471496582,0.5685769319534302,0.008377208464718032,0.15,0.0,0.8374658641916622,0.4093588590621948,261,263,6.0316758202844625,75.16265837660201
1886,94.30000000000001,straightline,349,pure_pursuit,3.0,158.410888671875,39.030662536621094,159.2761993408203,39.03168487548828,0.5403562784194946,0.01470213607113474,0.35,0.0,0.8653112728766126,0.43757951259613037,262,264,5.913466198580517,74.86520901392853
1887,94.35000000000001,straightline,349,pure_pursuit,3.0,158.70831298828125,39.03559875488281,159.2761993408203,39.03168487548828,0.5618332028388977,0.013088660452861497,0.35,0.0,0.5678998396302251,0.4161025881767273,262,264,5.990744773842658,74.56774375073746
1888,94.4,straightline,349,pure_pursuit,3.0,159.0038299560547,39.04085159301758,159.2761993408203,39.03168487548828,0.5595055818557739,0.0124340187054639,0.35,0.0,0.27252359616713373,0.41843020915985113,262,264,5.857010634119509,74.2721802187636
1889,94.45,straightline,349,pure_pursuit,3.0,159.3007049560547,39.04602813720703,159.2761993408203,39.03168487548828,0.5773957967758179,0.010658153426455439,0.35,0.0,0.0283946180595512,0.40053999423980713,262,264,5.995909969107276,73.97526013665495
1890,94.5,straightline,349,pure_pursuit,3.0,159.5971221923828,39.051265716552734,159.2761993408203,39.03168487548828,0.5633410215377808,0.010397524015968206,0.35,0.0,0.3215196510196504,0.41459476947784424,262,264,5.9086931631446005,73.67879672335111
1891,94.55000000000001,straightline,349,pure_pursuit,3.0,159.8954315185547,39.05625915527344,159.2761993408203,39.03168487548828,0.578309178352356,0.008654612506831466,0.15,0.0,0.6197196020529089,0.3996266126632691,262,264,6.022328896826522,73.38044561008884
1892,94.60000000000001,straightline,349,pure_pursuit,3.0,160.19338989257812,39.0612678527832,159.2761993408203,39.03168487548828,0.5540869235992432,0.008799400658872861,0.35,0.0,0.9176675110187962,0.42384886741638184,262,264,5.909188592776803,73.0824451414965
1893,94.65,straightline,349,pure_pursuit,3.0,160.49256896972656,39.06602096557617,161.27590942382812,39.065818786621094,0.550308883190155,0.014134979180295843,0.15,0.0,0.7833404801925993,0.42762690782546997,263,265,6.033484444560617,72.7832284576402
1894,94.7,straightline,349,pure_pursuit,3.0,160.79017639160156,39.071067810058594,161.27590942382812,39.065818786621094,0.5348833799362183,0.014404906319621486,0.35,0.0,0.48576139291122983,0.4430524110794068,263,265,5.915528216097126,72.48557824733541
1895,94.75,straightline,349,pure_pursuit,3.0,161.0877685546875,39.076168060302734,161.27590942382812,39.065818786621094,0.56703120470047,0.012020102695144072,0.35,0.0,0.1884253011321125,0.41090458631515503,263,265,5.993783378424659,72.18794239218016
1896,94.80000000000001,straightline,349,pure_pursuit,3.0,161.3833465576172,39.08145523071289,161.27590942382812,39.065818786621094,0.5653083920478821,0.01117081814482232,0.35,0.0,0.10856903840711128,0.4126273989677429,263,265,5.860177947102468,71.89231725580285
1897,94.85000000000001,straightline,349,pure_pursuit,3.0,161.68023681640625,39.086570739746094,161.27590942382812,39.065818786621094,0.5787879228591919,0.009516612433935465,0.35,0.0,0.40485958547072515,0.39914786815643316,263,265,5.9986635531077255,71.59538294793644
1898,94.9,straightline,349,pure_pursuit,3.0,161.97671508789062,39.09169006347656,161.27590942382812,39.065818786621094,0.558451771736145,0.009488989846922102,0.35,0.0,0.7012830396838454,0.41948401927948004,263,265,5.912381798561648,71.2988605045225
1899,94.95,straightline,349,pure_pursuit,3.0,162.27511596679688,39.09653091430664,161.27590942382812,39.065818786621094,0.5673056244850159,0.007992822295903286,0.15,0.0,0.9996784234435261,0.4106301665306092,263,265,6.026716114149688,71.00042042613958
1900,95.0,straightline,349,pure_pursuit,3.0,162.57321166992188,39.10139465332031,163.27561950683594,39.099952697753906,0.5380369424819946,0.014732256873203635,0.35,0.0,0.7024093169898501,0.4398988485336304,264,266,5.914318088219755,70.70228509431503
1901,95.05000000000001,straightline,349,pure_pursuit,3.0,162.8725128173828,39.106353759765625,163.27561950683594,39.099952697753906,0.5492522716522217,0.01364480942296332,0.15,0.0,0.40315750852084603,0.4286835193634034,264,266,6.038830086173153,70.40294288057117
1902,95.10000000000001,straightline,349,pure_pursuit,3.0,163.17030334472656,39.11162567138672,163.27561950683594,39.099952697753906,0.54572993516922,0.013023509285414701,0.35,0.0,0.10596108868297122,0.4322058558464051,264,266,5.921461979337413,70.10510579255507
1903,95.15,straightline,349,pure_pursuit,3.0,163.46810913085938,39.116783142089844,163.27561950683594,39.099952697753906,0.5775843858718872,0.010480954886571144,0.35,0.0,0.19322401303468836,0.4003514051437378,264,266,5.999224139829465,69.80725537966889
1904,95.2,straightline,349,pure_pursuit,3.0,163.763916015625,39.12201690673828,163.27561950683594,39.099952697753906,0.569953978061676,0.00981158281258262,0.35,0.0,0.4887947522362461,0.407981812953949,264,266,5.864820177328362,69.51140229680887
1905,95.25,straightline,349,pure_pursuit,3.0,164.06112670898438,39.12701416015625,163.27561950683594,39.099952697753906,0.5755075812339783,0.008482862303046233,0.15,0.0,0.7859732103414337,0.4024282097816468,264,266,6.003957411994435,69.21414959541119
1906,95.30000000000001,straightline,349,pure_pursuit,3.0,164.35772705078125,39.13198471069336,165.27532958984375,39.13408660888672,0.5487964153289795,0.014460009655079232,0.35,0.0,0.917604946406656,0.42913937568664556,265,267,5.904027745091925,68.91750760920442
1907,95.35000000000001,straightline,349,pure_pursuit,3.0,164.6549835205078,39.13697052001953,165.27532958984375,39.13408660888672,0.5695753693580627,0.012868076655657028,0.35,0.0,0.6203527727704372,0.40836042165756226,265,267,5.989349180877989,68.6202093310379
1908,95.4,straightline,349,pure_pursuit,3.0,164.95057678222656,39.14225387573242,165.27532958984375,39.13408660888672,0.5652722120285034,0.012320568801355986,0.35,0.0,0.32485549141576,0.4126635789871216,265,267,5.8605832671704166,68.32456900495598
1909,95.45,straightline,349,pure_pursuit,3.0,165.247802734375,39.14745330810547,165.27532958984375,39.13408660888672,0.5812432765960693,0.010658316017439976,0.15,0.0,0.03060059509228511,0.39669251441955566,265,267,6.005387016290704,68.02729763708379
1910,95.5,straightline,349,pure_pursuit,3.0,165.54454040527344,39.1527099609375,165.27532958984375,39.13408660888672,0.5671805739402771,0.010416390181798088,0.35,0.0,0.2698542057962496,0.41075521707534796,265,267,5.9074985723465785,67.73051351679474
1911,95.55000000000001,straightline,349,pure_pursuit,3.0,165.84194946289062,39.15771484375,165.27532958984375,39.13408660888672,0.5834091305732727,0.00861932511737503,0.35,0.0,0.5671123116406582,0.3945266604423523,265,267,5.993331183808229,67.43306235054906
1912,95.60000000000001,straightline,349,pure_pursuit,3.0,166.13778686523438,39.162723541259766,165.27532958984375,39.13408660888672,0.5610036849975586,0.008682856395612512,0.35,0.0,0.862932573130693,0.41693210601806646,265,267,5.8666027944119525,67.13718255186325
1913,95.65,straightline,349,pure_pursuit,3.0,166.4352569580078,39.16748046875,167.27503967285156,39.16822052001953,0.5554842352867126,0.013946715752274616,0.15,0.0,0.8397830409255838,0.42245155572891235,266,268,6.011180074192135,66.83967454014332
1914,95.7,straightline,349,pure_pursuit,3.0,166.73220825195312,39.17253112792969,167.27503967285156,39.16822052001953,0.5379957556724548,0.014330497340702854,0.35,0.0,0.5428485358322077,0.4399400353431702,266,268,5.91392122753405,66.54268030056305
1915,95.75,straightline,349,pure_pursuit,3.0,167.02984619140625,39.17764663696289,167.27503967285156,39.16822052001953,0.5682101249694824,0.012053716248680124,0.15,0.0,0.2453746014238285,0.4097256660461426,266,268,6.000062204402137,66.24499841962033
1916,95.80000000000001,straightline,349,pure_pursuit,3.0,167.3257598876953,39.18294906616211,167.27503967285156,39.16822052001953,0.5647359490394592,0.011310369626049775,0.35,0.0,0.052815435861783916,0.41319984197616577,266,268,5.865084930351637,65.94903738572081
1917,95.85000000000001,straightline,349,pure_pursuit,3.0,167.62203979492188,39.18805694580078,167.27503967285156,39.16822052001953,0.5810924768447876,0.009525735548381195,0.35,0.0,0.34756663894077466,0.3968433141708374,266,268,5.974672794058994,65.65271347327598
1918,95.9,straightline,349,pure_pursuit,3.0,167.91656494140625,39.19316864013672,167.27503967285156,39.16822052001953,0.5628489255905151,0.009401182773200189,0.35,0.0,0.6420101859718003,0.4150868654251099,266,268,5.861203963288735,65.3581440082559
1919,95.95,straightline,349,pure_pursuit,3.0,168.21214294433594,39.19799041748047,167.27503967285156,39.16822052001953,0.5725044012069702,0.007880020954034598,0.35,0.0,0.9375760173028921,0.4054313898086548,266,268,5.9660120723048236,65.0625267226605
1920,96.0,straightline,349,pure_pursuit,3.0,168.507080078125,39.202823638916016,169.27474975585938,39.202354431152344,0.5430783033370972,0.014492372957836444,0.35,0.0,0.7676698211267163,0.4348574876785279,267,269,5.853387859166579,64.76755002261267
1921,96.05000000000001,straightline,349,pure_pursuit,3.0,168.804443359375,39.20777130126953,169.27474975585938,39.202354431152344,0.54925936460495,0.01367167716281226,0.15,0.0,0.4703375905198144,0.4286764264106751,267,269,6.014112173341738,64.47014559083966
1922,96.10000000000001,straightline,349,pure_pursuit,3.0,169.10177612304688,39.213035583496094,169.27474975585938,39.202354431152344,0.5436273813247681,0.013178822201623707,0.35,0.0,0.17330310056009954,0.43430840969085693,267,269,5.9236308113848,64.17276633504787
1923,96.15,straightline,349,pure_pursuit,3.0,169.40000915527344,39.21820831298828,169.27474975585938,39.202354431152344,0.5739361047744751,0.010729286185791604,0.15,0.0,0.1262587134056082,0.4039996862411499,267,269,6.012413006048989,63.87448848234158
1924,96.2,straightline,349,pure_pursuit,3.0,169.69667053222656,39.22346496582031,169.27474975585938,39.202354431152344,0.5656706094741821,0.010108527612178309,0.35,0.0,0.42244857225969856,0.41226518154144287,267,269,5.879521840230927,63.57778064808136
1925,96.25,straightline,349,pure_pursuit,3.0,169.99375915527344,39.22846603393555,169.27474975585938,39.202354431152344,0.5755559206008911,0.008570880458376257,0.35,0.0,0.719483378713976,0.4023798704147339,267,269,5.989595550124882,63.2806499350949
1926,96.30000000000001,straightline,349,pure_pursuit,3.0,170.2891387939453,39.23344039916992,171.2744598388672,39.236488342285156,0.5512105226516724,0.014317242596202468,0.35,0.0,0.9853257590884191,0.4267252683639527,268,270,5.876948182924528,62.98522841380359
1927,96.35000000000001,straightline,349,pure_pursuit,3.0,170.58555603027344,39.23841857910156,171.2744598388672,39.236488342285156,0.5718622803688049,0.012735421886725265,0.35,0.0,0.6889065127498372,0.40607351064682007,268,270,5.981603816529503,62.688769377870166
1928,96.4,straightline,349,pure_pursuit,3.0,170.88136291503906,39.24370574951172,171.2744598388672,39.236488342285156,0.565869927406311,0.012288814143482629,0.35,0.0,0.39316317539948825,0.41206586360931396,268,270,5.869442103617872,62.39291540146581
1929,96.45,straightline,349,pure_pursuit,3.0,171.1796112060547,39.24892044067383,171.2744598388672,39.236488342285156,0.5793260335922241,0.010773235432432915,0.15,0.0,0.09565991959408114,0.39860975742340093,268,270,6.029702431585917,62.094621587040855
1930,96.5,straightline,349,pure_pursuit,3.0,171.47776794433594,39.25418472290039,171.2744598388672,39.236488342285156,0.5656372308731079,0.010539011077878713,0.35,0.0,0.2040768179783574,0.41229856014251715,268,270,5.940361103653729,61.79641847797515
1931,96.55000000000001,straightline,349,pure_pursuit,3.0,171.77674865722656,39.25920486450195,171.2744598388672,39.236488342285156,0.582522988319397,0.008732420969689405,0.15,0.0,0.5028022448542602,0.3954128026962281,268,270,6.028739815253611,61.49739562217518
1932,96.60000000000001,straightline,349,pure_pursuit,3.0,172.0741729736328,39.26424789428711,171.2744598388672,39.236488342285156,0.5608862042427063,0.008770181514462901,0.35,0.0,0.8001947829397614,0.41704958677291876,268,270,5.8967531260434605,61.199928556868265
1933,96.65,straightline,349,pure_pursuit,3.0,172.37200927734375,39.269020080566406,173.274169921875,39.27062225341797,0.5603104829788208,0.01367239627773536,0.15,0.0,0.9021620672023883,0.41762530803680425,269,271,6.006745043446066,60.9020541232527
1934,96.7,straightline,349,pure_pursuit,3.0,172.6679229736328,39.27406311035156,173.274169921875,39.27062225341797,0.5446226596832275,0.01396186531397632,0.35,0.0,0.6062567127458491,0.4333131313323975,269,271,5.8821162858301115,60.60609746373826
1935,96.75,straightline,349,pure_pursuit,3.0,172.96371459960938,39.27914047241211,173.274169921875,39.27062225341797,0.575119137763977,0.011687671820891216,0.35,0.0,0.3105721609833779,0.402816653251648,269,271,5.959275300045906,60.310262279186716
1936,96.80000000000001,straightline,349,pure_pursuit,3.0,173.25741577148438,39.28439712524414,173.274169921875,39.27062225341797,0.5712629556655884,0.010991960053726017,0.35,0.0,0.02168982824134722,0.4066728353500366,269,271,5.82379116290677,60.01651423433368
1937,96.85000000000001,straightline,349,pure_pursuit,3.0,173.55252075195312,39.28947448730469,173.274169921875,39.27062225341797,0.5826727747917175,0.009502294061470512,0.35,0.0,0.2789885146877928,0.39526301622390747,269,271,5.964775261581861,59.721365598680336
1938,96.9,straightline,349,pure_pursuit,3.0,173.84730529785156,39.29457473754883,173.274169921875,39.27062225341797,0.5608670711517334,0.00960812379635229,0.35,0.0,0.5736356689501052,0.41706871986389166,269,271,5.879660225676782,59.426536967233794
1939,96.95,straightline,349,pure_pursuit,3.0,174.1441192626953,39.29941177368164,173.274169921875,39.27062225341797,0.5691525936126709,0.008191887432298093,0.35,0.0,0.870425581006618,0.40878319740295416,269,271,5.996388460703012,59.129683634183074
1940,97.0,straightline,349,pure_pursuit,3.0,174.4408721923828,39.30427551269531,175.27386474609375,39.30475616455078,0.5401851534843445,0.014659823928519578,0.35,0.0,0.8329926923833577,0.4377506375312805,270,272,5.893649128065088,58.83289087855523
1941,97.05000000000001,straightline,349,pure_pursuit,3.0,174.7404327392578,39.30926513671875,175.27386474609375,39.30475616455078,0.5478916764259338,0.01375826807423342,0.15,0.0,0.5334510631229703,0.4300441145896912,270,272,6.058350334618724,58.53328878463225
1942,97.10000000000001,straightline,349,pure_pursuit,3.0,175.04006958007812,39.314571380615234,175.27386474609375,39.30475616455078,0.5441323518753052,0.013171007783373137,0.35,0.0,0.23400110708854682,0.4338034391403198,270,272,5.970857754411492,58.23360507801003
1943,97.15,straightline,349,pure_pursuit,3.0,175.34068298339844,39.319786071777344,175.27386474609375,39.30475616455078,0.5760192275047302,0.010644074862882193,0.15,0.0,0.06848777224983017,0.4019165635108948,270,272,6.059671083982281,57.932946488845374
1944,97.2,straightline,349,pure_pursuit,3.0,175.6397247314453,39.325077056884766,175.27386474609375,39.30475616455078,0.5686311721801758,0.009993240861060718,0.35,0.0,0.36642389052393254,0.4093046188354492,270,272,5.928426460571719,57.633858049371675
1945,97.25,straightline,349,pure_pursuit,3.0,175.93917846679688,39.33011245727539,175.27386474609375,39.30475616455078,0.5792062282562256,0.008436015146561398,0.15,0.0,0.6657967321462098,0.3987295627593994,270,272,6.0375633563893425,57.33436198117724
1946,97.30000000000001,straightline,349,pure_pursuit,3.0,176.2367401123047,39.335113525390625,175.27386474609375,39.30475616455078,0.555817723274231,0.00850486286866026,0.35,0.0,0.9633537980477409,0.42211806774139404,270,272,5.913400736384431,57.03675831263661
1947,97.35000000000001,straightline,349,pure_pursuit,3.0,176.53414916992188,39.33979415893555,177.27357482910156,39.338890075683594,0.5621997117996216,0.01345125818514316,0.35,0.0,0.7394262118831343,0.4157360792160035,271,273,5.990438273896881,56.739312602030736
1948,97.4,straightline,349,pure_pursuit,3.0,176.82948303222656,39.34477233886719,177.27357482910156,39.338890075683594,0.5474953055381775,0.013699218247416621,0.35,0.0,0.44413075222486825,0.43044048547744757,271,273,5.857515686554443,56.44393678642466
1949,97.45,straightline,349,pure_pursuit,3.0,177.1261749267578,39.349857330322266,177.27357482910156,39.338890075683594,0.5660795569419861,0.012030711660177206,0.35,0.0,0.14780734719646552,0.4118562340736389,271,273,5.995929938501753,56.147201333481256
1950,97.5,straightline,349,pure_pursuit,3.0,177.42250061035156,39.35512924194336,177.27357482910156,39.338890075683594,0.5574433207511902,0.011557203636935662,0.35,0.0,0.14980854061679916,0.42049247026443487,271,273,5.911300462646808,55.850828895104954
1951,97.55000000000001,straightline,349,pure_pursuit,3.0,177.72084045410156,39.3602180480957,177.27357482910156,39.338890075683594,0.5792984962463379,0.0094820633889972,0.15,0.0,0.44777385108316936,0.3986372947692871,271,273,6.028230668066162,55.552445662546354
1952,97.60000000000001,straightline,349,pure_pursuit,3.0,178.0189971923828,39.3653564453125,177.27357482910156,39.338890075683594,0.5612602233886719,0.009318892142312412,0.35,0.0,0.7458920621652557,0.4166755676269532,271,273,5.918298086509121,55.25424467557214
1953,97.65,straightline,349,pure_pursuit,3.0,178.31851196289062,39.370243072509766,179.27328491210938,39.373023986816406,0.5622605085372925,0.013832663210856485,0.15,0.0,0.9547769991177263,0.4156752824783325,272,274,6.045054824078745,54.954690083197306
1954,97.7,straightline,349,pure_pursuit,3.0,178.61659240722656,39.375389099121094,179.27328491210938,39.373023986816406,0.548542857170105,0.013992601234778997,0.35,0.0,0.6566967639066577,0.42939293384552,272,274,5.930150510159889,54.656565250993324
1955,97.75,straightline,349,pure_pursuit,3.0,178.914794921875,39.38056182861328,179.27328491210938,39.373023986816406,0.5799850821495056,0.011648459238927515,0.15,0.0,0.35856922923920426,0.3979507088661194,272,274,6.010193405618388,54.35831791701477
1956,97.80000000000001,straightline,349,pure_pursuit,3.0,179.2110137939453,39.38589096069336,179.27328491210938,39.373023986816406,0.5765237212181091,0.010929600712095724,0.35,0.0,0.06358656441539226,0.40141206979751587,272,274,5.8712397198644775,54.06205131640583
1957,97.85000000000001,straightline,349,pure_pursuit,3.0,179.50741577148438,39.39101028442383,179.27328491210938,39.373023986816406,0.5922533273696899,0.009217316485016875,0.35,0.0,0.2348207107844169,0.3856824636459351,272,274,5.977385142210379,53.765605164281624
1958,97.9,straightline,349,pure_pursuit,3.0,179.80210876464844,39.39613723754883,179.27328491210938,39.373023986816406,0.5730423927307129,0.00919287787763585,0.35,0.0,0.5293287158030215,0.40489339828491216,272,274,5.864559581796737,53.47086762736811
1959,97.95,straightline,349,pure_pursuit,3.0,180.097900390625,39.40098190307617,179.27328491210938,39.373023986816406,0.5815536379814148,0.007780261267174254,0.35,0.0,0.8250892875859808,0.3963821530342102,272,274,5.970209868942151,53.175036356699486
1960,98.0,straightline,349,pure_pursuit,3.0,180.39309692382812,39.40583801269531,181.2729949951172,39.40715789794922,0.5514713525772095,0.014165590380047523,0.35,0.0,0.8798990612310571,0.4264644384384156,273,275,5.859069080731343,52.87979990268247
1961,98.05000000000001,straightline,349,pure_pursuit,3.0,180.69078063964844,39.41080856323242,181.2729949951172,39.40715789794922,0.5566486716270447,0.013406042109251184,0.15,0.0,0.5822258007602393,0.4212871193885803,273,275,6.020560863811101,52.582074693979884
1962,98.10000000000001,straightline,349,pure_pursuit,3.0,180.9884796142578,39.416080474853516,181.2729949951172,39.40715789794922,0.5494718551635742,0.01302338127641058,0.35,0.0,0.2846552552196574,0.42846393585205084,273,275,5.931599683653627,52.28432916381428
1963,98.15,straightline,349,pure_pursuit,3.0,181.287109375,39.421260833740234,181.2729949951172,39.40715789794922,0.5788959860801697,0.01065431184394107,0.15,0.0,0.019952656900820296,0.3990398049354554,273,275,6.021350060230714,51.985654518298624
1964,98.2,straightline,349,pure_pursuit,3.0,181.584228515625,39.426536560058594,181.2729949951172,39.40715789794922,0.569886326789856,0.010109700807849694,0.35,0.0,0.3118362339960452,0.4080494642257691,273,275,5.890056767077827,51.688488678489335
1965,98.25,straightline,349,pure_pursuit,3.0,181.8818359375,39.431549072265625,181.2729949951172,39.40715789794922,0.5797145366668701,0.008623621013339985,0.15,0.0,0.6093293218827768,0.3982212543487549,273,275,6.00234091274254,51.390839047796305
1966,98.30000000000001,straightline,349,pure_pursuit,3.0,182.1775360107422,39.43654251098633,181.2729949951172,39.40715789794922,0.5563425421714783,0.008718197961402253,0.35,0.0,0.9050181790611983,0.42159324884414673,273,275,5.879891017443872,51.09509681706192
1967,98.35000000000001,straightline,349,pure_pursuit,3.0,182.4732208251953,39.441226959228516,183.272705078125,39.44129180908203,0.5633717179298401,0.013462082538644797,0.35,0.0,0.7994842555598228,0.41456407308578497,274,276,5.958835828095791,50.79937503304617
1968,98.4,straightline,349,pure_pursuit,3.0,182.76690673828125,39.44620895385742,183.272705078125,39.44129180908203,0.5486968755722046,0.013702119165297915,0.35,0.0,0.5058222404179513,0.42923891544342047,274,276,5.824951357631368,50.505646870358596
1969,98.45,straightline,349,pure_pursuit,3.0,183.06204223632812,39.451290130615234,183.272705078125,39.44129180908203,0.5665007829666138,0.012077015574988019,0.35,0.0,0.2108999747449404,0.4114350080490113,274,276,5.966812759442406,50.21046766128018
1970,98.5,straightline,349,pure_pursuit,3.0,183.35690307617188,39.4565544128418,183.272705078125,39.44129180908203,0.557290256023407,0.011644916182054746,0.35,0.0,0.08557014636325673,0.420645534992218,274,276,5.8833265041936125,49.91555999724316
1971,98.55000000000001,straightline,349,pure_pursuit,3.0,183.65386962890625,39.461631774902344,183.272705078125,39.44129180908203,0.5788659453392029,0.009601824735396048,0.15,0.0,0.38170686263393744,0.3990698456764222,274,276,6.001711566951703,49.61855005665104
1972,98.60000000000001,straightline,349,pure_pursuit,3.0,183.95068359375,39.466766357421875,183.272705078125,39.44129180908203,0.5607162117958069,0.00946327463069438,0.35,0.0,0.6784569406102331,0.4172195792198181,274,276,5.892268878112437,49.32169172211432
1973,98.65,straightline,349,pure_pursuit,3.0,184.2489013671875,39.47165298461914,183.272705078125,39.44129180908203,0.5617986917495728,0.008350099946821187,0.15,0.0,0.9766683140961374,0.41613709926605225,274,276,6.020897379031499,49.02343393916853
1974,98.7,straightline,349,pure_pursuit,3.0,184.54576110839844,39.47651290893555,185.2724151611328,39.475425720214844,0.533540666103363,0.014981069811606665,0.35,0.0,0.7266548660365568,0.44439512491226196,275,277,5.906566097104383,48.726534445657336
1975,98.75,straightline,349,pure_pursuit,3.0,184.84286499023438,39.48142623901367,185.2724151611328,39.475425720214844,0.5558202862739563,0.01331713863946603,0.35,0.0,0.42959208040271407,0.42211550474166876,275,277,5.989670862166723,48.42938994945228
1976,98.80000000000001,straightline,349,pure_pursuit,3.0,185.13829040527344,39.48667526245117,185.2724151611328,39.475425720214844,0.5546905398368835,0.012567846923555875,0.35,0.0,0.1345956995407501,0.4232452511787415,275,277,5.8593954957965755,48.1339180473547
1977,98.85000000000001,straightline,349,pure_pursuit,3.0,185.4352569580078,39.49184799194336,185.2724151611328,39.475425720214844,0.5739511847496033,0.01068379450979905,0.15,0.0,0.163667778802683,0.4039846062660218,275,277,6.001500598623259,47.836906506599824
1978,98.9,straightline,349,pure_pursuit,3.0,185.73171997070312,39.4970817565918,185.2724151611328,39.475425720214844,0.5612521767616272,0.010301962562667695,0.35,0.0,0.45981506283067863,0.41668361425399786,275,277,5.904051228073775,47.540397411740756
1979,98.95,straightline,349,pure_pursuit,3.0,186.02894592285156,39.502052307128906,185.2724151611328,39.475425720214844,0.5777564644813538,0.00842621330311558,0.35,0.0,0.7569991866293149,0.4001793265342713,275,277,5.992645150996987,47.243129901364
1980,99.0,straightline,349,pure_pursuit,3.0,186.32470703125,39.507022857666016,187.27212524414062,39.509559631347656,0.5549510717391968,0.014139191005329375,0.35,0.0,0.9474216090725277,0.4229847192764283,276,278,5.867282674452377,46.94732702857283
1981,99.05000000000001,straightline,349,pure_pursuit,3.0,186.62222290039062,39.512054443359375,187.27212524414062,39.509559631347656,0.5652487874031067,0.0130821224948025,0.15,0.0,0.6499071322109928,0.41268700361251837,276,278,6.014421591086279,46.64976861804648
1982,99.10000000000001,straightline,349,pure_pursuit,3.0,186.91937255859375,39.51736068725586,187.27212524414062,39.509559631347656,0.5581957697868347,0.012684520509070488,0.35,0.0,0.3528389344074933,0.41974002122879034,276,278,5.920683884471585,46.352571760380386
1983,99.15,straightline,349,pure_pursuit,3.0,187.21731567382812,39.52254867553711,187.27212524414062,39.509559631347656,0.5863778591156006,0.010391652767534136,0.15,0.0,0.05632765099661486,0.39155793190002447,276,278,6.009712068056718,46.05458354180205
1984,99.2,straightline,349,pure_pursuit,3.0,187.51368713378906,39.52781295776367,187.27212524414062,39.509559631347656,0.5759198069572449,0.009955088480894712,0.35,0.0,0.24225055305566076,0.4020159840583802,276,278,5.878663560712867,45.75816547989987
1985,99.25,straightline,349,pure_pursuit,3.0,187.8106231689453,39.5328254699707,187.27212524414062,39.509559631347656,0.5845107436180115,0.008561031195530344,0.35,0.0,0.5390002915266267,0.3934250473976136,276,278,5.990465613965586,45.46118714234506
1986,99.30000000000001,straightline,349,pure_pursuit,3.0,188.10589599609375,39.53782653808594,187.27212524414062,39.509559631347656,0.5595520734786987,0.008771302881727165,0.35,0.0,0.8342497736463763,0.41838371753692627,276,278,5.8801537353366475,45.16587197107091
1987,99.35000000000001,straightline,349,pure_pursuit,3.0,188.40240478515625,39.542537689208984,189.27183532714844,39.543697357177734,0.5642423033714294,0.013477669501158512,0.35,0.0,0.8694313153887584,0.4136934876441956,277,279,5.987826935558225,44.869325870195496
1988,99.4,straightline,349,pure_pursuit,3.0,188.69839477539062,39.547569274902344,189.27183532714844,39.543697357177734,0.5471494793891907,0.013847482791731919,0.35,0.0,0.573453623362143,0.43078631162643427,277,279,5.878549448340948,44.5732931248368
1989,99.45,straightline,349,pure_pursuit,3.0,188.99688720703125,39.55271530151367,189.27183532714844,39.543697357177734,0.5626396536827087,0.012347711349691244,0.15,0.0,0.275095968847276,0.4152961373329163,277,279,6.040892485705524,44.27475637176061
1990,99.5,straightline,349,pure_pursuit,3.0,189.29551696777344,39.55803680419922,189.27183532714844,39.543697357177734,0.5559742450714111,0.011794916391479483,0.35,0.0,0.027684649962995876,0.42196154594421387,277,279,5.953499113927511,43.97607936968898
1991,99.55000000000001,straightline,349,pure_pursuit,3.0,189.59515380859375,39.56317138671875,189.27183532714844,39.543697357177734,0.5810220837593079,0.009569693560534916,0.15,0.0,0.32390442767993655,0.39691370725631714,277,279,6.044464652117762,43.676398561102765
1992,99.60000000000001,straightline,349,pure_pursuit,3.0,189.893310546875,39.5683479309082,189.27183532714844,39.543697357177734,0.5665655732154846,0.009238136927621854,0.35,0.0,0.6219639053188057,0.4113702178001404,277,279,5.9153472643598475,43.37819694524074
1993,99.65,straightline,349,pure_pursuit,3.0,190.19219970703125,39.5732536315918,189.27183532714844,39.543697357177734,0.5704900026321411,0.007990617980255067,0.15,0.0,0.9208388377530095,0.40744578838348394,277,279,6.02935365928472,43.079267545546955
1994,99.7,straightline,349,pure_pursuit,3.0,190.48934936523438,39.578125,191.27154541015625,39.57783126831055,0.542710542678833,0.014492102387207842,0.35,0.0,0.7821961000732037,0.435225248336792,278,280,5.90735528374261,42.782077979058755
1995,99.75,straightline,349,pure_pursuit,3.0,190.78643798828125,39.583030700683594,191.27154541015625,39.57783126831055,0.5640689730644226,0.012888235343708122,0.35,0.0,0.48513528510634135,0.4138668179512024,278,280,5.986339762861416,42.484948864348866
1996,99.80000000000001,straightline,349,pure_pursuit,3.0,191.08155822753906,39.588253021240234,191.27154541015625,39.57783126831055,0.5613869428634644,0.012249636012904306,0.35,0.0,0.19027281070332672,0.4165488481521607,278,280,5.853630948536761,42.189782554896965
1997,99.85000000000001,straightline,349,pure_pursuit,3.0,191.3781280517578,39.59339904785156,191.27154541015625,39.57783126831055,0.5792650580406189,0.01047131862699229,0.35,0.0,0.10771357969450641,0.3986707329750061,278,280,5.994242996207673,41.89316814241222
1998,99.9,straightline,349,pure_pursuit,3.0,191.67440795898438,39.59861755371094,191.27154541015625,39.57783126831055,0.5643259286880493,0.010242276921025325,0.35,0.0,0.40339844187730806,0.4136098623275757,278,280,5.910984784509097,41.59684239425647
1999,99.95,straightline,349,pure_pursuit,3.0,191.9728546142578,39.60359191894531,191.27154541015625,39.57783126831055,0.578386127948761,0.008534333416663644,0.15,0.0,0.7017821676836007,0.39954966306686396,278,280,6.029847881386224,41.298354287386694
2000,100.0,straightline,349,pure_pursuit,3.0,192.27114868164062,39.60859680175781,191.27154541015625,39.57783126831055,0.5533608794212341,0.008687185904826132,0.35,0.0,1.0000766062710196,0.42457491159439087,278,280,5.92382408811495,41.00001823638956
2001,100.05000000000001,straightline,349,pure_pursuit,3.0,192.57089233398438,39.61333465576172,193.27125549316406,39.61196517944336,0.5493597984313965,0.014197047260564852,0.15,0.0,0.7003644981019089,0.4285759925842285,279,281,6.0519479947977235,40.70023727253668
2002,100.10000000000001,straightline,349,pure_pursuit,3.0,192.8693084716797,39.61838150024414,193.27125549316406,39.61196517944336,0.5341401100158691,0.014454240151232384,0.35,0.0,0.4019982304100096,0.44379568099975586,279,281,5.93939221242689,40.40177846585218
2003,100.15,straightline,349,pure_pursuit,3.0,193.16796875,39.62350082397461,193.27125549316406,39.61196517944336,0.5669841766357422,0.012016117685606783,0.15,0.0,0.10392892960186961,0.4109516143798828,279,281,6.021877581691107,40.103074339755075
2004,100.2,straightline,349,pure_pursuit,3.0,193.4646759033203,39.628807067871094,193.27125549316406,39.61196517944336,0.5658682584762573,0.011109920328111002,0.35,0.0,0.19415227083612552,0.4120675325393677,279,281,5.885423466530115,39.80631993852576
2005,100.25,straightline,349,pure_pursuit,3.0,193.76173400878906,39.6339111328125,193.27125549316406,39.61196517944336,0.5839442014694214,0.009196924491638891,0.35,0.0,0.4909692446161815,0.3939915895462036,279,281,5.993101236587825,39.50921801780567
2006,100.30000000000001,straightline,349,pure_pursuit,3.0,194.05706787109375,39.639015197753906,193.27125549316406,39.61196517944336,0.5657368302345276,0.009022364402010213,0.35,0.0,0.786277811462406,0.4121989607810974,279,281,5.880964842368989,39.213840099687616
2007,100.35000000000001,straightline,349,pure_pursuit,3.0,194.3535919189453,39.64382553100586,195.27096557617188,39.64609909057617,0.5743758082389832,0.013207084713990432,0.35,0.0,0.9173764745437711,0.4035599827766419,280,282,5.9886802386792555,38.91727707406319
2008,100.4,straightline,349,pure_pursuit,3.0,194.6496124267578,39.64891815185547,195.27096557617188,39.64609909057617,0.5583968162536621,0.013500337791172379,0.35,0.0,0.621359544380925,0.41953897476196295,280,282,5.879793926732034,38.62121279782195
2009,100.45,straightline,349,pure_pursuit,3.0,194.94818115234375,39.65410232543945,195.27096557617188,39.64609909057617,0.5730229616165161,0.012045345252216249,0.15,0.0,0.3228836261477678,0.4049128293991089,280,282,6.042303594743824,38.322599130015256
2010,100.5,straightline,349,pure_pursuit,3.0,195.2469482421875,39.65945053100586,195.27096557617188,39.64609909057617,0.5644475221633911,0.011605013757342825,0.35,0.0,0.02747896092039341,0.4134882688522339,280,282,5.95685649085052,38.02378438605244
2011,100.55000000000001,straightline,349,pure_pursuit,3.0,195.5468292236328,39.664615631103516,195.27096557617188,39.64609909057617,0.5879542231559753,0.00947208892888563,0.15,0.0,0.2764843833990505,0.38998156785964966,280,282,6.048889110910405,37.72385896674052
2012,100.60000000000001,straightline,349,pure_pursuit,3.0,195.8452911376953,39.66981506347656,195.27096557617188,39.64609909057617,0.5724532604217529,0.009218317207922306,0.35,0.0,0.5748150119732642,0.40548253059387207,280,282,5.920654920124482,37.42535184442648
2013,100.65,straightline,349,pure_pursuit,3.0,196.1443328857422,39.67474365234375,195.27096557617188,39.64609909057617,0.5767364501953125,0.007974969187987829,0.15,0.0,0.8738369231984551,0.40119934082031256,280,282,6.032717093345243,37.12626949149368
2014,100.7,straightline,349,pure_pursuit,3.0,196.44163513183594,39.67964172363281,197.27066040039062,39.68023681640625,0.5489333271980286,0.01430141053485915,0.35,0.0,0.8290254821400731,0.42900246381759644,281,283,5.911595473239816,36.82892690768921
2015,100.75,straightline,349,pure_pursuit,3.0,196.73892211914062,39.6845703125,197.27066040039062,39.68023681640625,0.5698549151420593,0.012721352458097817,0.35,0.0,0.5317559392570042,0.40808087587356573,281,283,5.991904688890871,36.53159907100978
2016,100.80000000000001,straightline,349,pure_pursuit,3.0,197.03433227539062,39.6898078918457,197.27066040039062,39.68023681640625,0.5663864016532898,0.01213506416479925,0.35,0.0,0.23652185554633917,0.4115493893623352,281,283,5.860571388345986,36.2361426447722
2017,100.85000000000001,straightline,349,pure_pursuit,3.0,197.33120727539062,39.69496536254883,197.27066040039062,39.68023681640625,0.5835386514663696,0.010410950112879812,0.15,0.0,0.06231255205606394,0.3943971395492554,281,283,6.002410565469629,35.9392229178568
2018,100.9,straightline,349,pure_pursuit,3.0,197.62765502929688,39.700191497802734,197.27066040039062,39.68023681640625,0.5688585638999939,0.01019015490566452,0.35,0.0,0.35755189046842745,0.40907722711563116,281,283,5.907587140461051,35.642729233468586
2019,100.95,straightline,349,pure_pursuit,3.0,197.92494201660156,39.70516586303711,197.27066040039062,39.68023681640625,0.5841019153594971,0.008435450518785043,0.35,0.0,0.6547563597839429,0.393833875656128,281,283,5.998292267037755,35.34540063260771
2020,101.0,straightline,349,pure_pursuit,3.0,198.22085571289062,39.71015930175781,197.27066040039062,39.68023681640625,0.56082683801651,0.008514828723509407,0.35,0.0,0.9506663384314116,0.41710895299911505,281,283,5.8752921163068415,35.049444813704305
2021,101.05000000000001,straightline,349,pure_pursuit,3.0,198.5186309814453,39.714900970458984,199.27037048339844,39.71437072753906,0.5547393560409546,0.013976934374852189,0.15,0.0,0.7517396889577446,0.4231964349746704,282,284,6.023847955902511,34.75163188074388
2022,101.10000000000001,straightline,349,pure_pursuit,3.0,198.81613159179688,39.719947814941406,199.27037048339844,39.71437072753906,0.5370727181434631,0.014366653618681561,0.35,0.0,0.45427312769666384,0.4408630728721619,282,284,5.931023572187972,34.454088477449396
2023,101.15,straightline,349,pure_pursuit,3.0,199.1145782470703,39.72507095336914,199.27037048339844,39.71437072753906,0.5676634311676025,0.012057309022376606,0.15,0.0,0.15615926399971608,0.41027235984802246,282,284,6.022051018739126,34.15559788865435
2024,101.2,straightline,349,pure_pursuit,3.0,199.41156005859375,39.73038864135742,199.27037048339844,39.71437072753906,0.5647806525230408,0.01125832232271312,0.35,0.0,0.14209528390106826,0.41315513849258423,282,284,5.892569551323105,33.85856869786865
2025,101.25,straightline,349,pure_pursuit,3.0,199.70912170410156,39.735511779785156,199.27037048339844,39.71437072753906,0.5819274187088013,0.009405702031915885,0.15,0.0,0.4392602619843438,0.39600837230682373,282,284,6.005383520183637,33.560962998222365
2026,101.30000000000001,straightline,349,pure_pursuit,3.0,200.00494384765625,39.74063491821289,199.27037048339844,39.71437072753906,0.5647304058074951,0.0091925991450487,0.35,0.0,0.735042743783511,0.4132053852081299,282,284,5.884225761168878,33.26509656006331
2027,101.35000000000001,straightline,349,pure_pursuit,3.0,200.30084228515625,39.745452880859375,201.27008056640625,39.748504638671875,0.576074481010437,0.013134952246641404,0.35,0.0,0.9692430856427092,0.401861310005188,283,285,5.965959748526627,32.969158921870545
2028,101.4,straightline,349,pure_pursuit,3.0,200.5949249267578,39.75053024291992,201.27008056640625,39.748504638671875,0.5631897449493408,0.01326258816588191,0.35,0.0,0.6751586782539795,0.4147460460662842,283,285,5.835558728204599,32.675032507241816
2029,101.45,straightline,349,pure_pursuit,3.0,200.890625,39.75567626953125,201.27008056640625,39.748504638671875,0.5803695321083069,0.01167961431234312,0.35,0.0,0.3795233315171429,0.3975662589073181,283,285,5.978991812273418,32.379287743057105
2030,101.5,straightline,349,pure_pursuit,3.0,201.18612670898438,39.7609748840332,201.27008056640625,39.748504638671875,0.5695649981498718,0.01137626220325121,0.35,0.0,0.08487495034098248,0.4083707928657532,283,285,5.897868049521312,32.08373877872173
2031,101.55000000000001,straightline,349,pure_pursuit,3.0,201.48388671875,39.76609420776367,201.27008056640625,39.748504638671875,0.5896209478378296,0.009458836695120286,0.15,0.0,0.21452846832267725,0.3883148431777954,283,285,6.018467688946908,31.785934811033634
2032,101.60000000000001,straightline,349,pure_pursuit,3.0,201.78160095214844,39.771270751953125,201.27008056640625,39.748504638671875,0.5705434083938599,0.009433022839680005,0.35,0.0,0.51202675803494,0.4073923826217652,283,285,5.911952884254902,31.488175663126786
2033,101.65,straightline,349,pure_pursuit,3.0,202.0808563232422,39.77620315551758,201.27008056640625,39.748504638671875,0.5715189576148987,0.008395606248135788,0.15,0.0,0.8112487508208188,0.4064168334007263,283,285,6.04237984301605,31.188879649249362
2034,101.7,straightline,349,pure_pursuit,3.0,202.37887573242188,39.78112030029297,203.26979064941406,39.78263854980469,0.5436845421791077,0.014606614811120406,0.35,0.0,0.890916210651022,0.43425124883651733,284,286,5.930804495054075,30.890819680210573
2035,101.75,straightline,349,pure_pursuit,3.0,202.67718505859375,39.78607177734375,203.26979064941406,39.78263854980469,0.5654301643371582,0.012984888192594633,0.15,0.0,0.5926155358432874,0.41250562667846685,284,286,6.015462633548168,30.59246926352537
2036,101.80000000000001,straightline,349,pure_pursuit,3.0,202.97364807128906,39.791343688964844,203.26979064941406,39.78263854980469,0.5630335211753845,0.012340229577153514,0.35,0.0,0.2962704946941552,0.41490226984024053,284,286,5.881399036806732,30.29595958009757
2037,101.85000000000001,straightline,349,pure_pursuit,3.0,203.27044677734375,39.79651641845703,203.26979064941406,39.78263854980469,0.5853468179702759,0.010342489445756279,0.35,0.0,0.013893370440315097,0.3925889730453491,284,286,5.990445620564376,29.99911590028002
2038,101.9,straightline,349,pure_pursuit,3.0,203.5656280517578,39.80174255371094,203.26979064941406,39.78263854980469,0.573223888874054,0.00998992145196046,0.35,0.0,0.29645359095606827,0.40471190214157104,284,286,5.8798923965672385,29.703888545049296
2039,101.95,straightline,349,pure_pursuit,3.0,203.862060546875,39.80670928955078,203.26979064941406,39.78263854980469,0.5881093144416809,0.008270956180577969,0.35,0.0,0.592758831187114,0.3898264765739441,284,286,5.989250280644773,29.407414447711577
2040,102.0,straightline,349,pure_pursuit,3.0,204.15809631347656,39.81169891357422,203.26979064941406,39.78263854980469,0.5628209114074707,0.008490806823452289,0.35,0.0,0.8887808827534133,0.41511487960815435,284,286,5.8821250261041795,29.11133664464219
2041,102.05000000000001,straightline,349,pure_pursuit,3.0,204.45677185058594,39.81644821166992,205.26950073242188,39.8167724609375,0.5539789199829102,0.014007941503410294,0.15,0.0,0.8127289465177678,0.4239568710327149,285,287,6.046035612627751,28.81262342215984
2042,102.10000000000001,straightline,349,pure_pursuit,3.0,204.75558471679688,39.821510314941406,205.26950073242188,39.8167724609375,0.5363103747367859,0.014406769832287706,0.35,0.0,0.5139378545859777,0.44162541627883917,285,287,5.960778436309579,28.513767698796162
2043,102.15,straightline,349,pure_pursuit,3.0,205.05555725097656,39.82665252685547,205.26950073242188,39.8167724609375,0.5672340393066406,0.01209073264560513,0.15,0.0,0.2141714942644893,0.41070175170898443,285,287,6.054200212820658,28.21375113851189
2044,102.2,straightline,349,pure_pursuit,3.0,205.35418701171875,39.83199691772461,205.26950073242188,39.8167724609375,0.5649008750915527,0.011273967779325295,0.35,0.0,0.08604388406860118,0.41303491592407227,285,287,5.927514539105712,27.915073816464176
2045,102.25,straightline,349,pure_pursuit,3.0,205.65350341796875,39.8371467590332,205.26950073242188,39.8167724609375,0.582828938961029,0.009393229689407397,0.15,0.0,0.38454281235007465,0.39510685205459595,285,287,6.04143429615795,27.615713171010736
2046,102.30000000000001,straightline,349,pure_pursuit,3.0,205.95123291015625,39.84230041503906,205.26950073242188,39.8167724609375,0.5665236711502075,0.009148910250292257,0.35,0.0,0.6822099666518109,0.4114121198654175,285,287,5.922149644559987,27.317939160175417
2047,102.35000000000001,straightline,349,pure_pursuit,3.0,206.2490234375,39.84714889526367,205.26950073242188,39.8167724609375,0.5784757137298584,0.007487441326472061,0.15,0.0,0.9799936007576476,0.3994600772857666,285,287,6.004059565501455,27.020109176906033
2048,102.4,straightline,349,pure_pursuit,3.0,206.54486083984375,39.851985931396484,207.2692108154297,39.85090637207031,0.5514772534370422,0.014048187020258677,0.35,0.0,0.7243507800642497,0.4264585375785828,286,288,5.867210422396693,26.724232240492558
2049,102.45,straightline,349,pure_pursuit,3.0,206.84097290039062,39.85688400268555,207.2692108154297,39.85090637207031,0.56440269947052,0.012885333681551675,0.35,0.0,0.42827963288577653,0.41353309154510504,286,288,5.975042153306229,26.42807967263696
2050,102.5,straightline,349,pure_pursuit,3.0,207.13543701171875,39.86208724975586,207.2692108154297,39.85090637207031,0.5577360391616821,0.012456942373408055,0.35,0.0,0.13424024204802223,0.42019975185394287,286,288,5.864041449516187,26.13356977484791
2051,102.55000000000001,straightline,349,pure_pursuit,3.0,207.43118286132812,39.867191314697266,207.2692108154297,39.85090637207031,0.5844518542289734,0.010220720748116332,0.35,0.0,0.16278864520871442,0.3934839367866516,286,288,5.973712170081907,25.837779958915508
2052,102.60000000000001,straightline,349,pure_pursuit,3.0,207.72650146484375,39.87239074707031,207.2692108154297,39.85090637207031,0.5715510249137878,0.009874607932868842,0.35,0.0,0.45779505939959164,0.4063847661018372,286,288,5.8675100628464145,25.5424157556123
2053,102.65,straightline,349,pure_pursuit,3.0,208.0244903564453,39.87738800048828,207.2692108154297,39.85090637207031,0.5729659795761108,0.0087994878899292,0.15,0.0,0.7557436481509061,0.40496981143951416,286,288,6.0324994559180025,25.24438497354549
2054,102.7,straightline,349,pure_pursuit,3.0,208.3227081298828,39.88237762451172,209.2689208984375,39.885040283203125,0.5464766025543213,0.014677182500402983,0.35,0.0,0.9462165149305065,0.43145918846130377,287,289,5.948110030747387,24.946125467187176
2055,102.75,straightline,349,pure_pursuit,3.0,208.62208557128906,39.88740539550781,209.2689208984375,39.885040283203125,0.5686109066009521,0.013014122433882643,0.15,0.0,0.6468396510754733,0.4093248844146729,287,289,6.042144635939068,24.646705821001547
2056,102.80000000000001,straightline,349,pure_pursuit,3.0,208.92010498046875,39.89274215698242,209.2689208984375,39.885040283203125,0.5658733248710632,0.012380511712284353,0.35,0.0,0.34890093649644155,0.41206246614456177,287,289,5.915686712163417,24.34863891970426
2057,102.85000000000001,straightline,349,pure_pursuit,3.0,209.21885681152344,39.89797592163086,209.2689208984375,39.885040283203125,0.587641179561615,0.01041051005997768,0.15,0.0,0.051708254080677314,0.39029461145401,287,289,6.0303215093116975,24.04984140184323
2058,102.9,straightline,349,pure_pursuit,3.0,209.5159454345703,39.90325927734375,209.2689208984375,39.885040283203125,0.5764992833137512,0.01000822925912015,0.35,0.0,0.2476954848178047,0.4014365077018738,287,289,5.911176381340588,23.752706052785506
2059,102.95,straightline,349,pure_pursuit,3.0,209.81320190429688,39.90826416015625,209.2689208984375,39.885040283203125,0.5938390493392944,0.008163764885581995,0.35,0.0,0.544776249298762,0.38409674167633057,287,289,5.9935889655915275,23.455407471808233
2060,103.0,straightline,349,pure_pursuit,3.0,210.108642578125,39.91326141357422,209.2689208984375,39.885040283203125,0.5715996623039246,0.008242073767560993,0.35,0.0,0.8401957697683431,0.40633612871170044,287,289,5.864253442351523,23.159924566625225
2061,103.05000000000001,straightline,349,pure_pursuit,3.0,210.40565490722656,39.91800308227539,211.2686309814453,39.91917419433594,0.5660509467124939,0.01344636775269064,0.15,0.0,0.8629768688542375,0.41188484430313116,288,290,6.006948164001926,22.862874429027794
2062,103.10000000000001,straightline,349,pure_pursuit,3.0,210.70228576660156,39.92304229736328,211.2686309814453,39.91917419433594,0.5464206337928772,0.01395590198536772,0.35,0.0,0.5663584241427362,0.43151515722274786,288,290,5.912605212193727,22.566200808553624
2063,103.15,straightline,349,pure_pursuit,3.0,210.99989318847656,39.92815399169922,211.2686309814453,39.91917419433594,0.5743806958198547,0.011810634344169398,0.15,0.0,0.26888777980860407,0.40355509519577026,288,290,6.00521178267269,22.268549565956977
2064,103.2,straightline,349,pure_pursuit,3.0,211.29611206054688,39.93345260620117,211.2686309814453,39.91917419433594,0.5693394541740417,0.011168890377482983,0.35,0.0,0.03096906123826812,0.4085963368415833,288,290,5.8767234646131365,21.972283613824107
2065,103.25,straightline,349,pure_pursuit,3.0,211.59295654296875,39.93856430053711,211.2686309814453,39.91917419433594,0.5850475430488586,0.009436057325637605,0.35,0.0,0.3249046722901746,0.39288824796676636,288,290,5.9915018661619746,21.675395213977595
2066,103.30000000000001,straightline,349,pure_pursuit,3.0,211.8883514404297,39.94369125366211,211.2686309814453,39.91917419433594,0.5665783286094666,0.009337846143634265,0.35,0.0,0.6202052349680769,0.41135746240615845,288,290,5.884104913391267,21.379955955794223
2067,103.35000000000001,straightline,349,pure_pursuit,3.0,212.18508911132812,39.94853591918945,211.2686309814453,39.91917419433594,0.5762690901756287,0.007826727852203846,0.35,0.0,0.9169283585508061,0.4016667008399964,288,290,5.994795156425013,21.083178740744607
2068,103.4,straightline,349,pure_pursuit,3.0,212.48147583007812,39.95339584350586,213.26834106445312,39.95330810546875,0.5472109913825989,0.014341211923112485,0.35,0.0,0.7868652392665385,0.4307247996330261,289,291,5.889082992477708,20.786752180068746
2069,103.45,straightline,349,pure_pursuit,3.0,212.78054809570312,39.9583740234375,213.26834106445312,39.95330810546875,0.5540276765823364,0.013488916359291768,0.15,0.0,0.4878192737959465,0.42390811443328863,289,291,6.053439720416223,20.48763849315729
2070,103.5,straightline,349,pure_pursuit,3.0,213.079833984375,39.96366882324219,213.26834106445312,39.95330810546875,0.548324704170227,0.013005673001580849,0.35,0.0,0.18879158803389906,0.429611086845398,289,291,5.969138060443046,20.18830601880971
2071,103.55000000000001,straightline,349,pure_pursuit,3.0,213.3802947998047,39.968875885009766,213.26834106445312,39.95330810546875,0.5788661241531372,0.01054973695675291,0.15,0.0,0.11303094540436862,0.39906966686248785,289,291,6.063079924750521,19.887800219699564
2072,103.60000000000001,straightline,349,pure_pursuit,3.0,213.679443359375,39.97417068481445,213.26834106445312,39.95330810546875,0.570704996585846,0.009929734040817716,0.35,0.0,0.4116313206098244,0.4072307944297791,289,291,5.93719970366385,19.588605069140147
2073,103.65,straightline,349,pure_pursuit,3.0,213.9792938232422,39.979209899902344,213.26834106445312,39.95330810546875,0.581080436706543,0.008374982632020248,0.15,0.0,0.7114244360328502,0.39685535430908203,289,291,6.050900775458461,19.2887122942121
2074,103.7,straightline,349,pure_pursuit,3.0,214.27748107910156,39.98421859741211,215.26803588867188,39.98744201660156,0.5576364398002625,0.014036008937969571,0.35,0.0,0.9905600543097571,0.42029935121536255,290,292,5.9318858526513045,18.990483004865318
2075,103.75,straightline,349,pure_pursuit,3.0,214.5757598876953,39.98922348022461,215.26803588867188,39.98744201660156,0.5799490809440613,0.012369817365944774,0.15,0.0,0.692278293131268,0.3979867100715637,290,292,6.01397539029681,18.69216223827847
2076,103.80000000000001,straightline,349,pure_pursuit,3.0,214.8720703125,39.99451446533203,215.26803588867188,39.98744201660156,0.5759177803993225,0.011825855271860686,0.35,0.0,0.39602873259925225,0.40201801061630255,290,292,5.877610457736655,18.395804923734676
2077,103.85000000000001,straightline,349,pure_pursuit,3.0,215.16873168945312,39.99968338012695,215.26803588867188,39.98744201660156,0.5959556102752686,0.009983087318948964,0.35,0.0,0.10005585921592974,0.38198018074035645,290,292,5.985738436923104,18.09909870392438
2078,103.9,straightline,349,pure_pursuit,3.0,215.4636993408203,40.00489807128906,215.26803588867188,39.98744201660156,0.5814669132232666,0.009805862915462413,0.35,0.0,0.19644057715221894,0.39646887779235845,290,292,5.875016793414977,17.804085246389775
2079,103.95,straightline,349,pure_pursuit,3.0,215.75999450683594,40.00986099243164,215.26803588867188,39.98744201660156,0.5946031808853149,0.008229963813553133,0.35,0.0,0.49246917920126076,0.3833326101303101,290,292,5.98500339632989,17.507748552743507
2080,104.0,straightline,349,pure_pursuit,3.0,216.05587768554688,40.01485824584961,215.26803588867188,39.98744201660156,0.5684055089950562,0.008552611999467385,0.35,0.0,0.7883186833568073,0.4095302820205689,290,292,5.878614257896879,17.211823234976222
2081,104.05000000000001,straightline,349,pure_pursuit,3.0,216.35443115234375,40.01963424682617,217.26776123046875,40.021575927734375,0.5593647360801697,0.013834808102738034,0.15,0.0,0.9133321420669306,0.4185710549354554,291,293,6.0434572090181184,16.913231579783073
2082,104.10000000000001,straightline,349,pure_pursuit,3.0,216.6532440185547,40.02470779418945,217.26776123046875,40.021575927734375,0.5412589311599731,0.014268616214748417,0.35,0.0,0.6145251925886565,0.4366768598556519,291,293,5.9590468430688475,16.614375722793593
2083,104.15,straightline,349,pure_pursuit,3.0,216.95318603515625,40.02986526489258,217.26776123046875,40.021575927734375,0.5714403986930847,0.012005347738936878,0.15,0.0,0.3146843920762831,0.40649539232254034,291,293,6.05308014233713,16.314389504777647
2084,104.2,straightline,349,pure_pursuit,3.0,217.25184631347656,40.035213470458984,217.26776123046875,40.021575927734375,0.5684923529624939,0.011252710240845032,0.35,0.0,0.020958701162852734,0.4094434380531311,291,293,5.9270447471084875,16.015681770868472
2085,104.25,straightline,349,pure_pursuit,3.0,217.55120849609375,40.04037857055664,217.26776123046875,40.021575927734375,0.586041271686554,0.00941889707466206,0.15,0.0,0.2840702233029555,0.3918945193290711,291,293,6.0410785419032385,15.716275201995135
2086,104.30000000000001,straightline,349,pure_pursuit,3.0,217.848876953125,40.04554748535156,217.26776123046875,40.021575927734375,0.5694906115531921,0.00922324749615562,0.35,0.0,0.5816099368931809,0.4084451794624329,291,293,5.922041861451576,15.41856208254534
2087,104.35000000000001,straightline,349,pure_pursuit,3.0,218.14666748046875,40.050418853759766,217.26776123046875,40.021575927734375,0.5816487669944763,0.007583593328259896,0.15,0.0,0.8793793894962336,0.3962870240211487,291,293,6.004460825495392,15.120731720118748
2088,104.4,straightline,349,pure_pursuit,3.0,218.44252014160156,40.05527877807617,219.2674560546875,40.05570983886719,0.555054783821106,0.013908022576364738,0.35,0.0,0.8249360257088637,0.4228810071945191,292,294,5.868170538405064,14.824839156285734
2089,104.45,straightline,349,pure_pursuit,3.0,218.7387237548828,40.06019592285156,219.2674560546875,40.05570983886719,0.5678008198738098,0.012756567003514442,0.35,0.0,0.5287513307843951,0.4101349711418152,292,294,5.976697819495493,14.528594762974727
2090,104.5,straightline,349,pure_pursuit,3.0,219.0332794189453,40.065406799316406,219.2674560546875,40.05570983886719,0.5606229901313782,0.012373101036124802,0.35,0.0,0.23437731923008864,0.4173128008842469,292,294,5.86608205137475,14.233993372155467
2091,104.55000000000001,straightline,349,pure_pursuit,3.0,219.32911682128906,40.070518493652344,219.2674560546875,40.05570983886719,0.5867680311203003,0.010188319504653385,0.35,0.0,0.0634140867192637,0.39116775989532476,292,294,5.9760741667599,13.938112018452927
2092,104.60000000000001,straightline,349,pure_pursuit,3.0,219.62454223632812,40.07572555541992,219.2674560546875,40.05570983886719,0.5735117197036743,0.009891820951126007,0.35,0.0,0.35764671119388314,0.40442407131195074,292,294,5.869744599165711,13.642641077234725
2093,104.65,straightline,349,pure_pursuit,3.0,219.92266845703125,40.08073425292969,219.2674560546875,40.05570983886719,0.5748035311698914,0.00885524052510077,0.15,0.0,0.6556901047630959,0.40313225984573364,292,294,6.035104167565933,13.344472870957063
2094,104.7,straightline,349,pure_pursuit,3.0,220.2210235595703,40.08573913574219,219.2674560546875,40.05570983886719,0.5485355854034424,0.009105738281321146,0.35,0.0,0.954040221918992,0.4294002056121826,292,294,5.950771072388208,13.046075877206485
2095,104.75,straightline,349,pure_pursuit,3.0,220.5205841064453,40.09047317504883,221.26718139648438,40.08984375,0.554916262626648,0.013950988661391757,0.15,0.0,0.746597555360024,0.4230195283889771,293,295,6.044999359687048,12.746477932889421
2096,104.80000000000001,straightline,349,pure_pursuit,3.0,220.81884765625,40.09553146362305,221.26718139648438,40.08984375,0.541383683681488,0.014118011945417314,0.35,0.0,0.44836981691322825,0.436552107334137,293,295,5.918683465376707,12.448171628598553
2097,104.85000000000001,straightline,349,pure_pursuit,3.0,221.11778259277344,40.100685119628906,221.26718139648438,40.08984375,0.5657350420951843,0.012121597487210678,0.15,0.0,0.14979164811727588,0.41220074892044073,293,295,6.033053317740844,12.149192506896904
2098,104.9,straightline,349,pure_pursuit,3.0,221.41505432128906,40.10599899291992,221.26718139648438,40.08984375,0.562366783618927,0.011350080981562607,0.35,0.0,0.14875279413878062,0.415569007396698,293,295,5.914002614452813,11.851873842680545
2099,104.95,straightline,349,pure_pursuit,3.0,221.71243286132812,40.1110954284668,221.26718139648438,40.08984375,0.5882827639579773,0.009045796127400925,0.35,0.0,0.4457583434812648,0.38965302705764776,293,295,5.996452202424684,11.554451861124907
2100,105.0,straightline,349,pure_pursuit,3.0,222.00804138183594,40.11620330810547,221.26718139648438,40.08984375,0.5731993317604065,0.008727539452631746,0.35,0.0,0.7413287693045731,0.4047364592552185,293,295,5.867389361715867,11.25879950726757
2101,105.05000000000001,straightline,349,pure_pursuit,3.0,222.30520629882812,40.121055603027344,223.26687622070312,40.12397766113281,0.5725353360176086,0.013313070676713796,0.15,0.0,0.961674361238065,0.40540045499801636,294,296,6.010544228861639,10.961595011971989
2102,105.10000000000001,straightline,349,pure_pursuit,3.0,222.60205078125,40.12617111206055,223.26687622070312,40.12397766113281,0.5549447536468506,0.013690729836004728,0.35,0.0,0.6648290578569902,0.4229910373687744,294,296,5.916302374059642,10.664706751590469
2103,105.15,straightline,349,pure_pursuit,3.0,222.89984130859375,40.13132095336914,223.26687622070312,40.12397766113281,0.5828371644020081,0.011551829548799282,0.15,0.0,0.3671083636312373,0.395098626613617,294,296,6.008584308042653,10.36687203976278
2104,105.2,straightline,349,pure_pursuit,3.0,223.19618225097656,40.13663864135742,223.26687622070312,40.12397766113281,0.5766938328742981,0.010991777460207831,0.35,0.0,0.0718187842834177,0.4012419581413269,294,296,5.88008304536658,10.07048411922539
2105,105.25,straightline,349,pure_pursuit,3.0,223.49317932128906,40.14176940917969,223.26687622070312,40.12397766113281,0.5913298726081848,0.009342542508121778,0.35,0.0,0.22700140887970813,0.3866059184074402,294,296,5.9946043791765335,9.773443117206844
2106,105.30000000000001,straightline,349,pure_pursuit,3.0,223.78872680664062,40.14691162109375,223.26687622070312,40.12397766113281,0.5720074772834778,0.009329228976371633,0.35,0.0,0.5223542864405364,0.4059283137321472,294,296,5.887378178779354,9.47785136960266
2107,105.35000000000001,straightline,349,pure_pursuit,3.0,224.0856170654297,40.15178298950195,223.26687622070312,40.12397766113281,0.5813111662864685,0.007871778664999685,0.35,0.0,0.8192128582421548,0.3966246247291565,294,296,5.998149400986044,9.180921251411737
2108,105.4,straightline,349,pure_pursuit,3.0,224.38218688964844,40.15666580200195,225.26658630371094,40.158111572265625,0.552252471446991,0.014164906982990787,0.35,0.0,0.8844005957968079,0.42568331956863403,295,297,5.892508382854405,8.884311358239183
2109,105.45,straightline,349,pure_pursuit,3.0,224.68142700195312,40.16166305541992,225.26658630371094,40.158111572265625,0.558697521686554,0.013337734118735777,0.15,0.0,0.5851700790934939,0.4192382693290711,295,297,6.056629619346131,8.585029732893828
2110,105.5,straightline,349,pure_pursuit,3.0,224.9808807373047,40.166969299316406,225.26658630371094,40.158111572265625,0.5522439479827881,0.012912745127764618,0.35,0.0,0.2858428414426751,0.42569184303283697,295,297,5.972146545085509,8.28552975783984
2111,105.55000000000001,straightline,349,pure_pursuit,3.0,225.28147888183594,40.17218017578125,225.26658630371094,40.158111572265625,0.5821027159690857,0.010520652348134112,0.15,0.0,0.020486934570332495,0.39583307504653936,295,297,6.065963649558475,7.98488702785479
2112,105.60000000000001,straightline,349,pure_pursuit,3.0,225.58078002929688,40.177490234375,225.26658630371094,40.158111572265625,0.5735458135604858,0.009950228967105193,0.35,0.0,0.31479077137476685,0.40438997745513916,295,297,5.9401800472254305,7.685539676452985
2113,105.65,straightline,349,pure_pursuit,3.0,225.88072204589844,40.18254470825195,225.26658630371094,40.158111572265625,0.5838894844055176,0.00842837406303921,0.15,0.0,0.6146215811101314,0.3940463066101074,295,297,6.053648784254245,7.385555477211597
2114,105.7,straightline,349,pure_pursuit,3.0,226.17901611328125,40.18757247924805,225.26658630371094,40.158111572265625,0.5606613755226135,0.008514226552022795,0.35,0.0,0.9129053085795611,0.4172744154930115,295,297,5.934682606928679,7.0872194765786825
2115,105.75,straightline,349,pure_pursuit,3.0,226.47747802734375,40.19229507446289,227.26629638671875,40.1922492980957,0.5673472881317139,0.013276384631286994,0.15,0.0,0.7888183607032372,0.4105885028839111,296,298,6.016942030566045,6.7887202808922735
2116,105.80000000000001,straightline,349,pure_pursuit,3.0,226.77394104003906,40.19730758666992,227.26629638671875,40.1922492980957,0.5525587201118469,0.013528738781747806,0.35,0.0,0.4923813295479179,0.4253770709037781,296,298,5.880594990746487,6.492215414284357
2117,105.85000000000001,straightline,349,pure_pursuit,3.0,227.07073974609375,40.202396392822266,227.26629638671875,40.1922492980957,0.5749080181121826,0.011672572995614416,0.35,0.0,0.1958197212333968,0.40302777290344244,296,298,5.98842501120252,6.195373804633479
2118,105.9,straightline,349,pure_pursuit,3.0,227.36585998535156,40.2076530456543,227.26629638671875,40.1922492980957,0.5679227709770203,0.01113027166032522,0.35,0.0,0.10074812956856652,0.41001302003860474,296,298,5.877637596214061,5.900208073614137
2119,105.95,straightline,349,pure_pursuit,3.0,227.66229248046875,40.21270751953125,227.26629638671875,40.1922492980957,0.5894593000411987,0.009103172013001988,0.35,0.0,0.3965242049226814,0.3884764909744263,296,298,5.987519617431463,5.603733318167861
2120,106.0,straightline,349,pure_pursuit,3.0,227.95831298828125,40.21781539916992,227.26629638671875,40.1922492980957,0.5703035593032837,0.009034469577802066,0.35,0.0,0.6924887019744431,0.40763223171234136,296,298,5.881188455335952,5.307669825965138
2121,106.05000000000001,straightline,349,pure_pursuit,3.0,228.2570037841797,40.22269821166992,227.26629638671875,40.1922492980957,0.5660727024078369,0.00821782439966428,0.15,0.0,0.9911752033428168,0.4118630886077881,296,298,6.045972548031947,5.008939675054402
2122,106.10000000000001,straightline,349,pure_pursuit,3.0,228.55593872070312,40.227561950683594,229.26600646972656,40.226383209228516,0.5351948142051697,0.014983941086306877,0.35,0.0,0.7100687274022349,0.4427409768104553,297,299,5.961683736168278,4.7099657500520085
