step,time,route_name,spawn_index,controller_type,tuning_value,x,y,path_x,path_y,yaw_deg,steer,throttle,brake,cross_track_error,heading_error_deg,closest_waypoint,target_waypoint,speed,distance_to_goal
0,0.0,ccurve,247,pure_pursuit,6.0,250.85569763183594,-310.97308349609375,250.85572814941406,-310.97308349609375,-179.4102020263672,-2.5024173347442687e-06,0.35,0.0,3.0517578125e-05,-1.5258789046077574e-05,0,4,0.9800000786781311,79.21691570285796
1,0.05,ccurve,247,pure_pursuit,6.0,250.85569763183594,-310.97308349609375,250.85572814941406,-310.97308349609375,-179.4102020263672,-2.5024173347442687e-06,0.35,0.0,3.0517578125e-05,-1.5258789046077574e-05,0,4,1.470000147819519,79.21691570285796
2,0.1,ccurve,247,pure_pursuit,6.0,250.85569763183594,-310.97308349609375,250.85572814941406,-310.97308349609375,-179.4102020263672,-2.5024173347442687e-06,0.35,0.0,3.0517578125e-05,-1.5258789046077574e-05,0,4,1.9600002765655518,79.21691570285796
3,0.15000000000000002,ccurve,247,pure_pursuit,6.0,250.85569763183594,-310.97308349609375,250.85572814941406,-310.97308349609375,-179.4102020263672,-2.5024173347442687e-06,0.35,0.0,3.0517578125e-05,-1.5258789046077574e-05,0,4,2.450000286102295,79.21691570285796
4,0.2,ccurve,247,pure_pursuit,6.0,250.85574340820312,-310.97308349609375,250.85572814941406,-310.97308349609375,-179.41123962402344,2.895228045199073e-05,0.35,0.0,1.52587890625e-05,0.0010223388672067526,0,3,2.137713305508314,79.21687843827782
5,0.25,ccurve,247,pure_pursuit,6.0,250.85585021972656,-310.97308349609375,250.85572814941406,-310.97308349609375,-179.4153594970703,0.00013853556122732502,0.35,0.0,0.0001220703125,0.00514221191407503,0,3,0.8317166705170111,79.2167914876255
6,0.30000000000000004,ccurve,247,pure_pursuit,6.0,250.85585021972656,-310.97308349609375,250.85572814941406,-310.97308349609375,-179.41671752929688,0.0001747497534111316,0.35,0.0,0.0001220703125,0.006500244140651711,0,3,0.200935268274513,79.2167914876255
7,0.35000000000000003,ccurve,247,pure_pursuit,6.0,250.85585021972656,-310.97308349609375,250.85572814941406,-310.97308349609375,-179.41671752929688,0.0001747497534111316,0.35,0.0,0.0001220703125,0.006500244140651711,0,3,0.07588265741002105,79.2167914876255
8,0.4,ccurve,247,pure_pursuit,6.0,250.85585021972656,-310.97308349609375,250.85572814941406,-310.97308349609375,-179.416259765625,0.00016254272236538366,0.35,0.0,0.0001220703125,0.006042480468760495,0,3,0.17462458701830993,79.2167914876255
9,0.45,ccurve,247,pure_pursuit,6.0,250.85585021972656,-310.97308349609375,250.85572814941406,-310.97308349609375,-179.41567993164062,0.00014708048299956502,0.35,0.0,0.0001220703125,0.005462646484398881,0,3,0.18938582349496524,79.2167914876255
10,0.5,ccurve,247,pure_pursuit,6.0,250.85585021972656,-310.97308349609375,250.85572814941406,-310.97308349609375,-179.41506958007812,0.00013080444151821144,0.35,0.0,0.0001220703125,0.0048522949218942225,0,3,0.16895678031400643,79.2167914876255
11,0.55,ccurve,247,pure_pursuit,6.0,250.85585021972656,-310.97308349609375,250.85572814941406,-310.97308349609375,-179.4146270751953,0.00011900431141789317,0.35,0.0,0.0001220703125,0.004409790039099973,0,3,0.13747045691252363,79.2167914876255
12,0.6000000000000001,ccurve,247,pure_pursuit,6.0,250.85585021972656,-310.97308349609375,250.85572814941406,-310.97308349609375,-179.41424560546875,0.00010883178545390607,0.35,0.0,0.0001220703125,0.004028320312540923,0,3,0.10598433467510375,79.2167914876255
13,0.65,ccurve,247,pure_pursuit,6.0,250.85585021972656,-310.97308349609375,250.85572814941406,-310.97308349609375,-179.41397094726562,0.00010150756675124674,0.35,0.0,0.0001220703125,0.003753662109406193,0,3,0.07886436840565145,79.2167914876255
14,0.7000000000000001,ccurve,247,pure_pursuit,6.0,250.85585021972656,-310.97308349609375,250.85572814941406,-310.97308349609375,-179.41372680664062,9.499715012172873e-05,0.35,0.0,0.0001220703125,0.003509521484363619,0,3,0.0572266962283705,79.2167914876255
15,0.75,ccurve,247,pure_pursuit,6.0,250.85585021972656,-310.97308349609375,250.85572814941406,-310.97308349609375,-179.41358947753906,9.133504076527109e-05,0.35,0.0,0.0001220703125,0.003372192382847143,0,3,0.04074831414572191,79.2167914876255
16,0.8,ccurve,247,pure_pursuit,6.0,250.85585021972656,-310.97308349609375,250.85572814941406,-310.97308349609375,-179.41348266601562,8.848673348680236e-05,0.35,0.0,0.0001220703125,0.003265380859371933,0,3,0.028600632119522358,79.2167914876255
17,0.8500000000000001,ccurve,247,pure_pursuit,6.0,250.85585021972656,-310.97308349609375,250.85572814941406,-310.97308349609375,-179.41348266601562,8.848673348680236e-05,0.35,0.0,0.0001220703125,0.003265380859371933,0,3,0.019836991221716754,79.2167914876255
18,0.9,ccurve,247,pure_pursuit,6.0,250.85585021972656,-310.97308349609375,250.85572814941406,-310.97308349609375,-179.41336059570312,8.523152516800604e-05,0.35,0.0,0.0001220703125,0.003143310546850646,0,3,0.013628913635303793,79.2167914876255
19,0.9500000000000001,ccurve,247,pure_pursuit,6.0,250.85585021972656,-310.97308349609375,250.85572814941406,-310.97308349609375,-179.41336059570312,8.523152516800604e-05,0.35,0.0,0.0001220703125,0.003143310546850646,0,3,0.00928997324283296,79.2167914876255
20,1.0,ccurve,247,pure_pursuit,6.0,250.85585021972656,-310.97308349609375,250.85572814941406,-310.97308349609375,-179.41336059570312,8.523152516800604e-05,0.35,0.0,0.0001220703125,0.003143310546850646,0,3,0.006289260508647442,79.2167914876255
21,1.05,ccurve,247,pure_pursuit,6.0,250.85585021972656,-310.97308349609375,250.85572814941406,-310.97308349609375,-179.41336059570312,8.523152516800604e-05,0.35,0.0,0.0001220703125,0.003143310546850646,0,3,0.004232727988923662,79.2167914876255
22,1.1,ccurve,247,pure_pursuit,6.0,250.85311889648438,-310.97308349609375,250.85572814941406,-310.97308349609375,-179.4134979248047,9.045874361428272e-05,0.35,0.0,0.0026092529296875,0.0032806396484689,0,4,0.26675683631966035,79.21901495528186
23,1.1500000000000001,ccurve,247,pure_pursuit,6.0,250.81663513183594,-310.9734802246094,250.85572814941406,-310.97308349609375,-179.4136199951172,8.966589767945799e-05,0.35,0.0,0.03909503059058402,0.003402709960939298,0,4,1.009276405874371,79.24894838441013
24,1.2000000000000002,ccurve,247,pure_pursuit,6.0,250.75213623046875,-310.97406005859375,250.85572814941406,-310.97308349609375,-179.40277099609375,-0.0001833741226550021,0.35,0.0,0.10359652187737096,-0.007446289062526298,0,4,1.4266614269592082,79.30180999762833
25,1.25,ccurve,247,pure_pursuit,6.0,250.67184448242188,-310.9748229980469,250.85572814941406,-310.97308349609375,-179.38363647460938,-0.0006810430016491693,0.35,0.0,0.18389189447482082,-0.02658081054686668,0,4,1.695288353293726,79.3676629085085
26,1.3,ccurve,247,pure_pursuit,6.0,250.5796356201172,-310.97576904296875,250.85572814941406,-310.97308349609375,-179.38278198242188,-0.0007028738669884962,0.35,0.0,0.27610559012009084,-0.027435302734363023,0,4,1.9346724841446363,79.44336312503988
27,1.35,ccurve,247,pure_pursuit,6.0,250.47930908203125,-310.9767761230469,250.85572814941406,-310.97308349609375,-179.377197265625,-0.0008462744715037508,0.35,0.0,0.3764371790659914,-0.033020019531232306,0,4,2.0431006807988994,79.52575439952594
28,1.4000000000000001,ccurve,247,pure_pursuit,6.0,250.3724365234375,-310.97784423828125,250.85572814941406,-310.97308349609375,-179.36929321289062,-0.0010500512265380925,0.35,0.0,0.4833150736375242,-0.04092407226564982,0,4,2.1939995241679715,79.61356406113426
29,1.4500000000000002,ccurve,247,pure_pursuit,6.0,250.2607421875,-310.9789123535156,250.85572814941406,-310.97308349609375,-179.35235595703125,-0.0014842388132915456,0.35,0.0,0.5950145128092649,-0.05786132812501414,0,4,2.262353887819163,79.70535739309204
30,1.5,ccurve,247,pure_pursuit,6.0,250.14401245117188,-310.9801025390625,250.85572814941406,-310.97308349609375,-179.34544372558594,-0.0016652276146568537,0.35,0.0,0.7117503088081955,-0.06477355957031707,0,4,2.383704225668361,79.80138581586837
31,1.55,ccurve,247,pure_pursuit,6.0,250.02317810058594,-310.9812927246094,250.85572814941406,-310.97308349609375,-179.3324737548828,-0.0019986029249695605,0.35,0.0,0.832590520746264,-0.07774353027342655,0,4,2.4406107613804946,79.9008249049328
32,1.6,ccurve,247,pure_pursuit,6.0,249.8977813720703,-310.9825439453125,250.85572814941406,-310.97308349609375,-179.3290252685547,-0.002080639960298929,0.35,0.0,0.9579934907517361,-0.08119201660155496,0,4,2.552170864136873,80.00409010765517
33,1.6500000000000001,ccurve,247,pure_pursuit,6.0,249.7686309814453,-310.9838562011719,248.8558349609375,-310.9936828613281,-179.31964111328125,-0.0023254992342736677,0.35,0.0,0.9128489131859254,-0.09057617187501957,1,4,2.6051961457653863,80.11052608261868
34,1.7000000000000002,ccurve,247,pure_pursuit,6.0,249.6352081298828,-310.9852294921875,248.8558349609375,-310.9936828613281,-179.3192138671875,-0.002335086451430343,0.35,0.0,0.7794190117784441,-0.09100341796871685,1,4,2.71038460323978,80.22056328217526
35,1.75,ccurve,247,pure_pursuit,6.0,249.49819946289062,-310.98663330078125,248.8558349609375,-310.9936828613281,-179.31301879882812,-0.0024968878501732666,0.35,0.0,0.6424031831127477,-0.09719848632814167,1,4,2.7621024297776415,80.33362791347338
36,1.8,ccurve,247,pure_pursuit,6.0,249.35708618164062,-310.9881286621094,248.8558349609375,-310.9936828613281,-179.31517028808594,-0.0024474951186705253,0.35,0.0,0.5012819918821486,-0.09504699707030384,1,4,2.8622642696040717,80.45018597186028
37,1.85,ccurve,247,pure_pursuit,6.0,249.2124481201172,-310.9895935058594,248.8558349609375,-310.9936828613281,-179.31173706054688,-0.00253128247117821,0.35,0.0,0.35663660514348067,-0.0984802246093353,1,4,2.9136306233425775,80.56969821758881
38,1.9000000000000001,ccurve,247,pure_pursuit,6.0,249.0638885498047,-310.99114990234375,248.8558349609375,-310.9936828613281,-179.3159942626953,-0.0024221622754606012,0.35,0.0,0.20806900711478682,-0.09422302246089966,1,4,3.009239727914514,80.69256596737408
39,1.9500000000000002,ccurve,247,pure_pursuit,6.0,248.9119110107422,-310.99273681640625,248.8558349609375,-310.9936828613281,-179.3147735595703,-0.002458109203681178,0.35,0.0,0.05608402947980823,-0.09544372558590897,1,4,3.060617923144847,80.81834688802402
40,2.0,ccurve,247,pure_pursuit,6.0,248.7561492919922,-310.9943542480469,248.8558349609375,-310.9936828613281,-179.3206329345703,-0.0023224871057071126,0.35,0.0,0.09968792982703852,-0.08958435058590497,1,5,3.1518591190573466,80.94734789491883
41,2.0500000000000003,ccurve,247,pure_pursuit,6.0,248.59703063964844,-310.99603271484375,248.8558349609375,-310.9936828613281,-179.3212127685547,-0.0023136519950094875,0.35,0.0,0.25881498899684535,-0.08900451660154335,1,5,3.2033669808961442,81.07924103850516
42,2.1,ccurve,247,pure_pursuit,6.0,248.43423461914062,-310.99774169921875,248.8558349609375,-310.9936828613281,-179.3281707763672,-0.002133506042700993,0.35,0.0,0.42161987900034337,-0.08204650878905131,1,5,3.2902966266329865,81.21427865612371
43,2.15,ccurve,247,pure_pursuit,6.0,248.26820373535156,-310.99945068359375,248.8558349609375,-310.9936828613281,-179.3300018310547,-0.00208343066424737,0.35,0.0,0.5876595315804202,-0.08021545410153734,1,5,3.341890081442603,81.3520850542702
44,2.2,ccurve,247,pure_pursuit,6.0,248.0986328125,-311.0012512207031,248.8558349609375,-310.9936828613281,-179.33750915527344,-0.0018935287753228099,0.35,0.0,0.757239970988058,-0.07270812988282672,1,5,3.4245976952579924,81.49296949419917
45,2.25,ccurve,247,pure_pursuit,6.0,247.92587280273438,-311.0030517578125,248.8558349609375,-310.9936828613281,-179.34010314941406,-0.0018280325163050643,0.35,0.0,0.9300093504428593,-0.07011413574214376,1,5,3.476215142864684,81.6365966531122
46,2.3000000000000003,ccurve,247,pure_pursuit,6.0,247.7496795654297,-311.0048828125,246.85594177246094,-311.0142517089844,-179.3477783203125,-0.0016261346740984997,0.35,0.0,0.8937868978688305,-0.062438964843722744,2,5,3.5548959282092314,81.78319125075548
47,2.35,ccurve,247,pure_pursuit,6.0,247.57041931152344,-311.00677490234375,246.85594177246094,-311.0142517089844,-179.35079956054688,-0.0015551744400566577,0.35,0.0,0.7145166593315705,-0.0594177246093425,2,5,3.606602116747743,81.93247373903932
48,2.4000000000000004,ccurve,247,pure_pursuit,6.0,247.38783264160156,-311.0086975097656,246.85594177246094,-311.0142517089844,-179.35829162597656,-0.0013646384104912602,0.35,0.0,0.5319198678411354,-0.051925659179677966,2,5,3.681347885698113,82.08464718019604
49,2.45,ccurve,247,pure_pursuit,6.0,247.20223999023438,-311.0106506347656,246.85594177246094,-311.0142517089844,-179.36155700683594,-0.0012872385415042466,0.35,0.0,0.34631694063182655,-0.04866027832030603,2,5,3.7331990273249294,82.23945218369568
50,2.5,ccurve,247,pure_pursuit,6.0,247.013427734375,-311.01263427734375,246.85594177246094,-311.0142517089844,-179.3685760498047,-0.0011096727596585192,0.35,0.0,0.15749426746745304,-0.04164123535152791,2,5,3.804085427299651,82.3970713825992
51,2.5500000000000003,ccurve,247,pure_pursuit,6.0,246.8217010498047,-311.01458740234375,246.85594177246094,-311.0142517089844,-179.37181091308594,-0.0010172627451952606,0.35,0.0,0.03424236817239369,-0.03840637207029902,2,6,3.8561104800343884,82.55722341501918
52,2.6,ccurve,247,pure_pursuit,6.0,246.6269073486328,-311.0166320800781,246.85594177246094,-311.0142517089844,-179.377685546875,-0.0008681925104574424,0.35,0.0,0.22904679317734433,-0.03253173828124893,2,6,3.9230104445231637,82.72010854622093
53,2.6500000000000004,ccurve,247,pure_pursuit,6.0,246.42922973632812,-311.0187072753906,246.85594177246094,-311.0142517089844,-179.3802947998047,-0.0008067600424244715,0.35,0.0,0.4267352971721594,-0.02992248535151989,2,6,3.974876020535509,82.8855461413575
54,2.7,ccurve,247,pure_pursuit,6.0,246.2285919189453,-311.0207824707031,246.85594177246094,-311.0142517089844,-179.38490295410156,-0.0006861525936223467,0.35,0.0,0.6273838454683889,-0.025314331054668245,2,6,4.037771386826997,83.05358810800037
55,2.75,ccurve,247,pure_pursuit,6.0,246.02513122558594,-311.0228576660156,246.85594177246094,-311.0142517089844,-179.38754272460938,-0.0006119753947294432,0.35,0.0,0.8308551181133569,-0.022674560546897933,2,6,4.0901570980863475,83.22412569786256
56,2.8000000000000003,ccurve,247,pure_pursuit,6.0,245.81893920898438,-311.0250244140625,244.85604858398438,-311.03485107421875,-179.39031982421875,-0.0005478355691667658,0.35,0.0,0.9629407660716817,-0.019897460937458485,3,6,4.146924080987984,83.39713850307898
57,2.85,ccurve,247,pure_pursuit,6.0,245.6100311279297,-311.0271911621094,244.85604858398438,-311.03485107421875,-179.39292907714844,-0.0004824634923515664,0.35,0.0,0.7540214524983812,-0.017288208007831218,3,6,4.1991527818061245,83.57256818208259
58,2.9000000000000004,ccurve,247,pure_pursuit,6.0,245.3984375,-311.02935791015625,244.85604858398438,-311.03485107421875,-179.395263671875,-0.00041823914290080007,0.35,0.0,0.5424167319211515,-0.014953613281236906,3,6,4.254607484691442,83.75039438531354
59,2.95,ccurve,247,pure_pursuit,6.0,245.1841583251953,-311.0315856933594,244.85604858398438,-311.03485107421875,-179.3972930908203,-0.0003700900061176361,0.35,0.0,0.3281259895065692,-0.012924194335920368,3,6,4.305896557738124,83.93065569119453
60,3.0,ccurve,247,pure_pursuit,6.0,244.96725463867188,-311.0338439941406,244.85604858398438,-311.03485107421875,-179.39913940429688,-0.00032813096645788333,0.35,0.0,0.1112106146437605,-0.011077880859360316,3,6,4.359598326261101,84.11328919200783
61,3.0500000000000003,ccurve,247,pure_pursuit,6.0,244.74777221679688,-311.03607177734375,244.85604858398438,-311.03485107421875,-179.4008026123047,-0.0002737844959657059,0.35,0.0,0.10828324804623156,-0.00941467285155675,3,7,4.4097088407677125,84.29822803873441
62,3.1,ccurve,247,pure_pursuit,6.0,244.52577209472656,-311.0383605957031,244.85604858398438,-311.03485107421875,-179.4021759033203,-0.00023852763117126016,0.35,0.0,0.33029513483779205,-0.00804138183593399,3,7,4.461527338141907,84.48547595402465
63,3.1500000000000004,ccurve,247,pure_pursuit,6.0,244.30123901367188,-311.04071044921875,244.85604858398438,-311.03485107421875,-179.40341186523438,-0.00021419714733327065,0.35,0.0,0.5548405100438607,-0.006805419921878596,3,7,4.510417249336123,84.67505022882564
64,3.2,ccurve,247,pure_pursuit,6.0,244.07423400878906,-311.04302978515625,244.85604858398438,-311.03485107421875,-179.40452575683594,-0.00018182749591210082,0.35,0.0,0.7818573535501384,-0.0056915283202936,3,7,4.560334099301406,84.86685441944601
65,3.25,ccurve,247,pure_pursuit,6.0,243.8448028564453,-311.04541015625,242.8561553955078,-311.055419921875,-179.40548706054688,-0.00016124636598276214,0.35,0.0,0.9886981326097632,-0.004730224609372936,4,7,4.608026607742785,85.06090434909105
66,3.3000000000000003,ccurve,247,pure_pursuit,6.0,243.6129608154297,-311.0477600097656,242.8561553955078,-311.055419921875,-179.4063262939453,-0.00013176598205354175,0.35,0.0,0.7568441833539113,-0.003890991210922669,4,7,4.656005086086649,85.25714195195982
67,3.35,ccurve,247,pure_pursuit,6.0,243.3787841796875,-311.0502014160156,242.8561553955078,-311.055419921875,-179.40707397460938,-0.00012004503583133438,0.35,0.0,0.5226548372076382,-0.003143310546850646,4,7,4.702484554674719,85.4555733587329
68,3.4000000000000004,ccurve,247,pure_pursuit,6.0,243.14230346679688,-311.0526428222656,242.8561553955078,-311.055419921875,-179.40771484375,-0.00010603640362514813,0.35,0.0,0.28616154700569185,-0.0025024414062538324,4,7,4.748478773612358,85.656127494623
69,3.45,ccurve,247,pure_pursuit,6.0,242.90353393554688,-311.0550842285156,242.8561553955078,-311.055419921875,-179.4082794189453,-8.836683803942904e-05,0.35,0.0,0.047379729275973885,-0.0019378662109382958,4,7,4.793571269080865,85.85879564890328
70,3.5,ccurve,247,pure_pursuit,6.0,242.66253662109375,-311.0575256347656,242.8561553955078,-311.055419921875,-179.4087677001953,-5.692887071727137e-05,0.35,0.0,0.1936302244805324,-0.0014495849609040357,4,8,4.837978647028963,86.06353039283658
71,3.5500000000000003,ccurve,247,pure_pursuit,6.0,242.4193572998047,-311.06005859375,242.8561553955078,-311.055419921875,-179.40914916992188,-5.333696928578026e-05,0.35,0.0,0.4368227256984694,-0.0010681152343449854,4,8,4.881686892510103,86.2703459063058
72,3.6,ccurve,247,pure_pursuit,6.0,242.17398071289062,-311.0625915527344,242.8561553955078,-311.055419921875,-179.40943908691406,-4.791097413508569e-05,0.35,0.0,0.6822123788770207,-0.0007781982421641783,4,8,4.924731352495539,86.47920978453294
73,3.6500000000000004,ccurve,247,pure_pursuit,6.0,241.92648315429688,-311.06512451171875,242.8561553955078,-311.055419921875,-179.4097137451172,-3.834279473315004e-05,0.35,0.0,0.9297228915877047,-0.0005035400390294486,4,8,4.96712674911331,86.69006126810272
74,3.7,ccurve,247,pure_pursuit,6.0,241.67689514160156,-311.0676574707031,240.85626220703125,-311.0760192871094,-179.40994262695312,-2.5019191453151207e-05,0.35,0.0,0.820675534712163,-0.0002746582031347296,5,8,5.008912583057273,86.90287814177837
75,3.75,ccurve,247,pure_pursuit,6.0,241.4252471923828,-311.07025146484375,240.85626220703125,-311.0760192871094,-179.4100799560547,-2.2855208683183513e-05,0.35,0.0,0.5690142189165448,-0.0001373291015673648,5,8,5.049630504879311,87.11767037712166
76,3.8000000000000003,ccurve,247,pure_pursuit,6.0,241.17266845703125,-311.0728759765625,240.85626220703125,-311.0760192871094,-179.41004943847656,-3.0353547814716437e-05,0.35,0.0,0.31642186308827747,-0.0001678466797104088,5,8,5.007340484923397,87.33346613859565
77,3.85,ccurve,247,pure_pursuit,6.0,240.92173767089844,-311.0754089355469,240.85626220703125,-311.0760192871094,-179.41006469726562,-1.8391246557422943e-05,0.35,0.0,0.06547830860409593,-0.00015258789061344235,5,8,5.0677431132699695,87.5480096826325
78,3.9000000000000004,ccurve,247,pure_pursuit,6.0,240.6707305908203,-311.0779724121094,240.85626220703125,-311.0760192871094,-179.41021728515625,-1.0664453957189657e-05,0.35,0.0,0.18554189637682436,0.0,5,9,5.030715027758435,87.76282723854487
79,3.95,ccurve,247,pure_pursuit,6.0,240.41859436035156,-311.0805969238281,240.85626220703125,-311.0760192871094,-179.41029357910156,-1.48479922532075e-05,0.35,0.0,0.4376917851355715,7.629394533216562e-05,5,9,5.048413321192273,87.97883007928434
80,4.0,ccurve,247,pure_pursuit,6.0,240.16546630859375,-311.0832214355469,240.85626220703125,-311.0760192871094,-179.4103240966797,-1.8550265308560057e-05,0.35,0.0,0.6908334417500275,0.00010681152342432076,5,9,5.024423845698617,88.19587021201282
81,4.05,ccurve,247,pure_pursuit,6.0,239.9148406982422,-311.0857849121094,240.85626220703125,-311.0760192871094,-179.41041564941406,-1.3304451063346162e-05,0.35,0.0,0.9414721581875459,0.00019836425780256396,5,9,5.034992361688989,88.41093552179579
82,4.1000000000000005,ccurve,247,pure_pursuit,6.0,239.66151428222656,-311.0884094238281,238.8563690185547,-311.09661865234375,-179.41050720214844,-1.53193510750676e-05,0.35,0.0,0.8051871130650781,0.00028991699218080717,6,9,5.032650415280602,88.62852577279001
83,4.15,ccurve,247,pure_pursuit,6.0,239.4102020263672,-311.09100341796875,238.8563690185547,-311.09661865234375,-179.4105987548828,-1.538956179827786e-05,0.35,0.0,0.5538614731137442,0.00038146972655905034,6,9,5.052728068747175,88.84456822787872
84,4.2,ccurve,247,pure_pursuit,6.0,239.15554809570312,-311.0936279296875,238.8563690185547,-311.09661865234375,-179.41065979003906,-1.5547425206405867e-05,0.35,0.0,0.29919402504962783,0.0004425048828451384,6,9,5.062554254379457,89.06367018069459
85,4.25,ccurve,247,pure_pursuit,6.0,238.90310668945312,-311.09625244140625,238.8563690185547,-311.09661865234375,-179.41075134277344,-2.078588898630089e-05,0.35,0.0,0.04673910559115778,0.0005340576172233816,6,9,5.040459671750763,89.28106655528791
86,4.3,ccurve,247,pure_pursuit,6.0,238.65139770507812,-311.09881591796875,238.8563690185547,-311.09661865234375,-179.4108428955078,-2.637527974095092e-06,0.35,0.0,0.2049830903380424,0.0006256103516016247,6,10,5.087356620756037,89.49798790210366
87,4.3500000000000005,ccurve,247,pure_pursuit,6.0,238.39540100097656,-311.1014709472656,238.8563690185547,-311.09661865234375,-179.41090393066406,-5.677678768462323e-06,0.35,0.0,0.4609935552650551,0.0006866455077859351,6,10,5.105291093239535,89.71881545690144
88,4.4,ccurve,247,pure_pursuit,6.0,238.1420135498047,-311.1040954589844,238.8563690185547,-311.09661865234375,-179.41098022460938,-7.861639732447524e-06,0.35,0.0,0.7143945957036444,0.0007629394531181007,6,10,5.043664262349054,89.93757414168718
89,4.45,ccurve,247,pure_pursuit,6.0,237.8900909423828,-311.106689453125,238.8563690185547,-311.09661865234375,-179.41098022460938,-9.02386862594177e-06,0.35,0.0,0.9663305549959577,0.0007629394531181007,6,10,5.037147871765906,90.15524017782059
90,4.5,ccurve,247,pure_pursuit,6.0,237.63792419433594,-311.1092834472656,236.85647583007812,-311.1171875,-179.4110107421875,-8.893551474345869e-06,0.35,0.0,0.7814883364777997,0.0007934570312611447,7,10,5.110125494833513,90.37329420677128
91,4.55,ccurve,247,pure_pursuit,6.0,237.3799591064453,-311.1119079589844,236.85647583007812,-311.1171875,-179.41110229492188,-3.8403031133932965e-07,0.35,0.0,0.5235098988457246,0.0008850097656393879,7,10,5.151944742941823,90.59653063299987
92,4.6000000000000005,ccurve,247,pure_pursuit,6.0,237.12417602539062,-311.1145324707031,236.85647583007812,-311.1171875,-179.41110229492188,7.146442927720208e-07,0.35,0.0,0.2677133611736962,0.0008850097656393879,7,10,5.093497258023937,90.81807184429188
93,4.65,ccurve,247,pure_pursuit,6.0,236.86959838867188,-311.1171875,236.85647583007812,-311.1171875,-179.4111328125,-8.181738684743141e-06,0.35,0.0,0.01312255859375,0.000915527343782432,7,10,5.091543138878743,91.0387690674772
94,4.7,ccurve,247,pure_pursuit,6.0,236.61631774902344,-311.11981201171875,236.85647583007812,-311.1171875,-179.4111328125,-1.8205292852503876e-06,0.35,0.0,0.2401724213094245,0.000915527343782432,7,11,5.049905299211356,91.25850849091566
95,4.75,ccurve,247,pure_pursuit,6.0,236.363525390625,-311.1224670410156,236.85647583007812,-311.1171875,-179.4111328125,-1.3445870921677615e-05,0.35,0.0,0.4929787108084534,0.000915527343782432,7,11,5.061254661199923,91.47801525706863
96,4.800000000000001,ccurve,247,pure_pursuit,6.0,236.11143493652344,-311.1250305175781,236.85647583007812,-311.1171875,-179.4112091064453,-6.0837260667055846e-06,0.35,0.0,0.7450821739872039,0.0009918212890637087,7,11,5.030307534854726,91.69704096915893
97,4.8500000000000005,ccurve,247,pure_pursuit,6.0,235.859375,-311.12762451171875,236.85647583007812,-311.1171875,-179.41123962402344,-6.285104156204981e-06,0.35,0.0,0.9971554525529623,0.0010223388672067526,7,11,5.049733005343611,91.91622516299323
98,4.9,ccurve,247,pure_pursuit,6.0,235.60763549804688,-311.1302185058594,234.85658264160156,-311.1377868652344,-179.41123962402344,-8.120932856629735e-06,0.35,0.0,0.7510909886546985,0.0010223388672067526,8,11,5.025195093008835,92.1353002702969
99,4.95,ccurve,247,pure_pursuit,6.0,235.35565185546875,-311.1328125,234.85658264160156,-311.1377868652344,-179.4113006591797,-7.881984105175666e-06,0.35,0.0,0.4990940037102204,0.001083374023441952,8,11,5.049387678340503,92.35475341724313
100,5.0,ccurve,247,pure_pursuit,6.0,235.10382080078125,-311.1353759765625,234.85658264160156,-311.1377868652344,-179.411376953125,-2.6810242065389214e-07,0.35,0.0,0.24724991352627138,0.0011596679687232287,8,11,5.028591205556852,92.57422482291808
101,5.050000000000001,ccurve,247,pure_pursuit,6.0,234.8516082763672,-311.1379699707031,234.85658264160156,-311.1377868652344,-179.411376953125,3.5324089227243845e-06,0.35,0.0,0.0049777341328806225,0.0011596679687232287,8,12,5.055525919768933,92.7942067329701
102,5.1000000000000005,ccurve,247,pure_pursuit,6.0,234.5994110107422,-311.14056396484375,234.85658264160156,-311.1377868652344,-179.411376953125,3.060049162774207e-06,0.35,0.0,0.2571866248487876,0.0011596679687232287,8,12,5.036872599629803,93.01433909090426
103,5.15,ccurve,247,pure_pursuit,6.0,234.34671020507812,-311.1431884765625,234.85658264160156,-311.1377868652344,-179.411376953125,-2.6135947082459522e-06,0.35,0.0,0.5099010481762976,0.0011596679687232287,8,12,5.0653403746246575,93.23508651788283
104,5.2,ccurve,247,pure_pursuit,6.0,234.093994140625,-311.1458435058594,234.85658264160156,-311.1377868652344,-179.411376953125,-1.5092630127765215e-05,0.35,0.0,0.7626310584285438,0.0011596679687232287,8,12,5.047889518892123,93.45602424033709
105,5.25,ccurve,247,pure_pursuit,6.0,233.8407440185547,-311.14849853515625,232.856689453125,-311.1583557128906,-179.4114227294922,-2.6055954217406232e-05,0.35,0.0,0.9841039333809708,0.0012054443359632392,9,12,5.077187169311929,93.67758736137107
106,5.300000000000001,ccurve,247,pure_pursuit,6.0,233.58740234375,-311.151123046875,232.856689453125,-311.1583557128906,-179.4114227294922,-3.201678431460703e-05,0.35,0.0,0.7307486845579928,0.0012054443359632392,9,12,5.060394621843196,93.89937548840766
107,5.3500000000000005,ccurve,247,pure_pursuit,6.0,233.33351135253906,-311.15374755859375,232.856689453125,-311.1583557128906,-179.41163635253906,-3.141942301847428e-05,0.35,0.0,0.4768441662082678,0.0014190673828118807,9,12,5.090109919566342,94.12180159751078
108,5.4,ccurve,247,pure_pursuit,6.0,233.0795135498047,-311.1564025878906,232.856689453125,-311.1583557128906,-179.4117889404297,-4.008966223334004e-05,0.35,0.0,0.22283265640023311,0.0015716552734762119,9,12,5.073663253041872,94.34449471204455
109,5.45,ccurve,247,pure_pursuit,6.0,232.824951171875,-311.1590270996094,232.856689453125,-311.1583557128906,-179.41201782226562,-1.4414772452821813e-05,0.35,0.0,0.03174538166143566,0.001800537109370931,9,13,5.103564023429057,94.56782342922122
110,5.5,ccurve,247,pure_pursuit,6.0,232.5702667236328,-311.16168212890625,232.856689453125,-311.1583557128906,-179.4121551513672,-1.9410489165662856e-05,0.35,0.0,0.28644204477217344,0.0019378662109382958,9,13,5.087285643928924,94.79143114929738
111,5.550000000000001,ccurve,247,pure_pursuit,6.0,232.31503295898438,-311.164306640625,232.856689453125,-311.1583557128906,-179.4122772216797,-1.8000563075365807e-05,0.35,0.0,0.54168918319052,0.002059936523459583,9,13,5.1172344194965325,95.01566055085095
112,5.6000000000000005,ccurve,247,pure_pursuit,6.0,232.05966186523438,-311.16693115234375,232.856689453125,-311.1583557128906,-179.41238403320312,-1.6829893164286045e-05,0.35,0.0,0.797073719313692,0.002166748046883904,9,13,5.101020601290702,95.24016619684018
113,5.65,ccurve,247,pure_pursuit,6.0,231.80372619628906,-311.1695861816406,230.85679626464844,-311.178955078125,-179.41244506835938,-2.2442870268930372e-05,0.35,0.0,0.9469762782975367,0.002227783203119103,10,13,5.130944103959747,95.4653358817515
114,5.7,ccurve,247,pure_pursuit,6.0,231.54766845703125,-311.1722106933594,230.85679626464844,-311.178955078125,-179.41258239746094,-1.9321589567613422e-05,0.35,0.0,0.6909051113819471,0.002365112304686468,10,13,5.114736838946292,95.69075248207102
115,5.75,ccurve,247,pure_pursuit,6.0,231.29107666015625,-311.17486572265625,230.85679626464844,-311.178955078125,-179.41270446777344,-2.2598057821929732e-05,0.35,0.0,0.4342996485729316,0.002487182617156866,10,13,5.1445916412144825,95.91680566055942
116,5.800000000000001,ccurve,247,pure_pursuit,6.0,231.03433227539062,-311.177490234375,230.85679626464844,-311.178955078125,-179.41281127929688,-1.8890463408180688e-05,0.35,0.0,0.17754205382799318,0.0025939941406320755,10,13,5.1283586543104995,96.14313135510531
117,5.8500000000000005,ccurve,247,pure_pursuit,6.0,230.77703857421875,-311.18011474609375,230.85679626464844,-311.178955078125,-179.41293334960938,4.897376506677809e-06,0.35,0.0,0.0797661207059464,0.0027160644531533627,10,14,5.15812048656116,96.37009163097126
118,5.9,ccurve,247,pure_pursuit,6.0,230.51963806152344,-311.1827697753906,230.85679626464844,-311.178955078125,-179.4129638671875,2.3769868090678492e-06,0.35,0.0,0.33717978268233567,0.002746582031245518,10,14,5.141845073774641,96.5973124372743
119,5.95,ccurve,247,pure_pursuit,6.0,230.2616729736328,-311.1853942871094,230.85679626464844,-311.178955078125,-179.4129638671875,6.300976754544667e-06,0.35,0.0,0.5951581259813334,0.002746582031245518,10,14,5.1714993368450335,96.82516589918168
120,6.0,ccurve,247,pure_pursuit,6.0,230.00360107421875,-311.18804931640625,230.85679626464844,-311.178955078125,-179.4129638671875,4.2184415596350534e-06,0.35,0.0,0.8532436569598786,0.002746582031245518,10,14,5.155165968267021,97.05327861584583
121,6.050000000000001,ccurve,247,pure_pursuit,6.0,229.74497985839844,-311.190673828125,228.8568878173828,-311.1995544433594,-179.41294860839844,9.59038261513402e-06,0.35,0.0,0.8881364414560634,0.0027313232421994405,11,14,5.184710000584879,97.28200997083883
122,6.1000000000000005,ccurve,247,pure_pursuit,6.0,229.4862518310547,-311.19329833984375,228.8568878173828,-311.1995544433594,-179.41293334960938,1.5665696026303094e-05,0.35,0.0,0.629395106857664,0.0027160644531533627,11,14,5.168320840401893,97.51098482949136
123,6.15,ccurve,247,pure_pursuit,6.0,229.2269744873047,-311.1959533691406,228.8568878173828,-311.1995544433594,-179.41282653808594,1.3858730191108131e-05,0.35,0.0,0.3701041893702256,0.0026092529297290423,11,14,5.197748222005262,97.74060663873576
124,6.2,ccurve,247,pure_pursuit,6.0,228.96759033203125,-311.1985778808594,228.8568878173828,-311.1995544433594,-179.41275024414062,2.0857936185862997e-05,0.35,0.0,0.11070682193886665,0.0025329589843968766,11,14,5.18129463399915,97.97045627757753
125,6.25,ccurve,247,pure_pursuit,6.0,228.70767211914062,-311.20123291015625,228.8568878173828,-311.1995544433594,-179.4126739501953,3.5595251678123756e-05,0.35,0.0,0.1492251381392953,0.002456665039064711,11,15,5.210603781264302,98.20093865370123
126,6.300000000000001,ccurve,247,pure_pursuit,6.0,228.44764709472656,-311.203857421875,228.8568878173828,-311.1995544433594,-179.41253662109375,4.1412617729794375e-05,0.35,0.0,0.40926334395388464,0.002319335937497346,11,15,5.194088515226915,98.43164771230626
127,6.3500000000000005,ccurve,247,pure_pursuit,6.0,228.18707275390625,-311.20648193359375,228.8568878173828,-311.1995544433594,-179.4123077392578,4.6638919617324155e-05,0.35,0.0,0.6698508859298903,0.002090454101551738,11,15,5.223281517118208,98.6629879027503
128,6.4,ccurve,247,pure_pursuit,6.0,227.92642211914062,-311.20916748046875,228.8568878173828,-311.1995544433594,-179.41209411621094,4.008664206275364e-05,0.35,0.0,0.9305153551058616,0.0018768310547030965,11,15,5.206702759102665,98.89456955710224
129,6.45,ccurve,247,pure_pursuit,6.0,227.66522216796875,-311.21185302734375,226.85699462890625,-311.2201232910156,-179.41188049316406,3.473690521926347e-05,0.35,0.0,0.8082698510771185,0.001663208007854455,12,15,5.235781103814171,99.12678150211714
130,6.5,ccurve,247,pure_pursuit,6.0,227.40394592285156,-311.21453857421875,226.85699462890625,-311.2201232910156,-179.41163635253906,2.878421262963388e-05,0.35,0.0,0.5469798049381284,0.0014190673828118807,12,15,5.21913721793681,99.35920499734662
131,6.550000000000001,ccurve,247,pure_pursuit,6.0,227.14212036132812,-311.2172546386719,226.85699462890625,-311.2201232910156,-179.41148376464844,1.9274819355312773e-05,0.35,0.0,0.28514016282414506,0.0012664794921984383,12,15,5.248097623905833,99.59227225185015
132,6.6000000000000005,ccurve,247,pure_pursuit,6.0,226.8802490234375,-311.219970703125,226.85699462890625,-311.2201232910156,-179.41131591796875,9.0048968727299e-06,0.35,0.0,0.023254895142300586,0.0010986328125389183,12,15,5.231389213721018,99.82552271768265
133,6.65,ccurve,247,pure_pursuit,6.0,226.61781311035156,-311.22271728515625,226.85699462890625,-311.2201232910156,-179.41123962402344,5.0906969155074136e-06,0.35,0.0,0.2391955844570044,0.0010223388672067526,12,16,5.26023780791261,100.05942961189568
134,6.7,ccurve,247,pure_pursuit,6.0,226.3553009033203,-311.2254333496094,226.85699462890625,-311.2201232910156,-179.41119384765625,2.900352543299308e-07,0.35,0.0,0.5017218263286609,0.000976562500017631,12,16,5.243465011885232,100.29353138595081
135,6.75,ccurve,247,pure_pursuit,6.0,226.09228515625,-311.2281799316406,226.85699462890625,-311.2201232910156,-179.4111328125,-1.0528960583976136e-05,0.35,0.0,0.7647519120789175,0.000915527343782432,12,16,5.272199668226795,100.52823467753393
136,6.800000000000001,ccurve,247,pure_pursuit,6.0,225.82919311523438,-311.23089599609375,224.8571014404297,-311.24072265625,-179.41114807128906,-1.3148015890840263e-05,0.35,0.0,0.9721413413050639,0.0009307861328285095,13,16,5.25536714025879,100.76313165736342
137,6.8500000000000005,ccurve,247,pure_pursuit,6.0,225.56558227539062,-311.233642578125,224.8571014404297,-311.24072265625,-179.41123962402344,-1.9706951123013303e-05,0.35,0.0,0.7085162108330361,0.0010223388672067526,13,16,5.283990599570858,100.99864286903264
138,6.9,ccurve,247,pure_pursuit,6.0,225.30191040039062,-311.23638916015625,224.8571014404297,-311.24072265625,-179.4113006591797,-2.766759133015349e-05,0.35,0.0,0.444830068734034,0.001083374023441952,13,16,5.267095155516154,101.23434698326017
139,6.95,ccurve,247,pure_pursuit,6.0,225.03770446777344,-311.2391357421875,224.8571014404297,-311.24072265625,-179.4114227294922,-3.346550764147112e-05,0.35,0.0,0.18060999911956443,0.0012054443359632392,13,16,5.295609263355275,101.47066410366044
140,7.0,ccurve,247,pure_pursuit,6.0,224.77345275878906,-311.24188232421875,224.8571014404297,-311.24072265625,-179.4115753173828,-2.3589655263871928e-05,0.35,0.0,0.08365671981384627,0.0013580322265766814,13,17,5.278654151835292,101.70715930874971
141,7.050000000000001,ccurve,247,pure_pursuit,6.0,224.5086669921875,-311.2445983886719,224.8571014404297,-311.24072265625,-179.41175842285156,-1.885087160839122e-05,0.35,0.0,0.34845600299556273,0.001541137695282279,13,17,5.307058848452318,101.94425292803798
142,7.1000000000000005,ccurve,247,pure_pursuit,6.0,224.24386596679688,-311.2473449707031,224.8571014404297,-311.24072265625,-179.41189575195312,-2.162274863319908e-05,0.35,0.0,0.6132712296939878,0.0016784667969005325,13,17,5.290041562587916,102.18151006016349
143,7.15,ccurve,247,pure_pursuit,6.0,223.97848510742188,-311.25006103515625,224.8571014404297,-311.24072265625,-179.41201782226562,-1.745819067350648e-05,0.35,0.0,0.8786659581141698,0.001800537109370931,13,17,5.3183412794335245,102.4194057416686
144,7.2,ccurve,247,pure_pursuit,6.0,223.71310424804688,-311.2528076171875,222.85720825195312,-311.26129150390625,-179.41209411621094,-2.1244606484370234e-05,0.35,0.0,0.8559380424208104,0.0018768310547030965,14,17,5.301266741093001,102.65745000100213
145,7.25,ccurve,247,pure_pursuit,6.0,223.4472198486328,-311.25555419921875,222.85720825195312,-311.26129150390625,-179.41220092773438,-2.3490245503043703e-05,0.35,0.0,0.5900394909508951,0.0019836425781274173,14,17,5.32945866099039,102.89607778718732
146,7.300000000000001,ccurve,247,pure_pursuit,6.0,223.18124389648438,-311.2582702636719,222.85720825195312,-311.26129150390625,-179.41232299804688,-1.8158188037894976e-05,0.35,0.0,0.3240497289295833,0.0021057128905978156,14,17,5.312325342384952,103.1349070933177
147,7.3500000000000005,ccurve,247,pure_pursuit,6.0,222.914794921875,-311.2610168457031,222.85720825195312,-311.26129150390625,-179.41244506835938,-1.9118235536421102e-05,0.35,0.0,0.05758732490591594,0.002227783203119103,14,17,5.340414841408147,103.37430563721912
148,7.4,ccurve,247,pure_pursuit,6.0,222.64833068847656,-311.26373291015625,222.85720825195312,-311.26129150390625,-179.41258239746094,9.734045270358304e-06,0.35,0.0,0.20889183083209104,0.002365112304686468,14,18,5.323221504997723,103.61383632977392
149,7.45,ccurve,247,pure_pursuit,6.0,222.38134765625,-311.2664794921875,222.85720825195312,-311.26129150390625,-179.41261291503906,9.009532971366679e-06,0.35,0.0,0.47588887543767966,0.0023956298828295116,14,18,5.351209011301756,103.85397631014632
150,7.5,ccurve,247,pure_pursuit,6.0,222.11428833007812,-311.26922607421875,222.85720825195312,-311.26129150390625,-179.41258239746094,6.70897199681662e-06,0.35,0.0,0.7429622922630731,0.002365112304686468,14,18,5.333957737159446,104.09431546624837
151,7.550000000000001,ccurve,247,pure_pursuit,6.0,221.84677124023438,-311.2719421386719,220.85731506347656,-311.2818908691406,-179.41253662109375,1.1584840245657206e-05,0.35,0.0,0.9895061914723562,0.002319335937497346,15,18,5.361845184651726,104.33518130247263
152,7.6000000000000005,ccurve,247,pure_pursuit,6.0,221.57923889160156,-311.2746887207031,220.85731506347656,-311.2818908691406,-179.4125213623047,1.0859173553588764e-05,0.35,0.0,0.7219597527264039,0.0023040771484512685,15,18,5.344536642039974,104.57620396601315
153,7.65,ccurve,247,pure_pursuit,6.0,221.31121826171875,-311.27740478515625,220.85731506347656,-311.2818908691406,-179.41241455078125,1.6075974469141455e-05,0.35,0.0,0.453925366468984,0.0021972656249760586,15,18,5.37232254651046,104.81777987282742
154,7.7,ccurve,247,pure_pursuit,6.0,221.04312133789062,-311.2801513671875,220.85731506347656,-311.2818908691406,-179.41238403320312,1.6682357155289373e-05,0.35,0.0,0.1858144167675878,0.002166748046883904,15,18,5.35495918463107,105.05956605513894
155,7.75,ccurve,247,pure_pursuit,6.0,220.77452087402344,-311.28289794921875,220.85731506347656,-311.2818908691406,-179.41229248046875,2.917818259246499e-05,0.35,0.0,0.08280031411464397,0.0020751953125056604,15,19,5.38264691622222,105.3019319220147
156,7.800000000000001,ccurve,247,pure_pursuit,6.0,220.50592041015625,-311.2856140136719,220.85731506347656,-311.2818908691406,-179.41217041015625,3.477450928940304e-05,0.35,0.0,0.3514143767510134,0.001953125000035262,15,19,5.365226020306901,105.54441147521418
157,7.8500000000000005,ccurve,247,pure_pursuit,6.0,220.23683166503906,-311.2883605957031,220.85731506347656,-311.2818908691406,-179.41200256347656,3.451640998582942e-05,0.35,0.0,0.6205171271595514,0.0017852783203248534,15,19,5.392818141078147,105.78746963603703
158,7.9,ccurve,247,pure_pursuit,6.0,219.9677276611328,-311.29107666015625,220.85731506347656,-311.2818908691406,-179.4117889404297,3.994792391797604e-05,0.35,0.0,0.8896348268617207,0.0015716552734762119,15,19,5.375345144577365,106.03065399231296
159,7.95,ccurve,247,pure_pursuit,6.0,219.6981658935547,-311.2938232421875,218.857421875,-311.302490234375,-179.41163635253906,4.211990864048489e-05,0.35,0.0,0.84078869015292,0.0014190673828118807,16,19,5.402841401407336,106.27438864333337
160,8.0,ccurve,247,pure_pursuit,6.0,219.42857360839844,-311.29656982421875,218.857421875,-311.302490234375,-179.411376953125,4.2028735310617026e-05,0.35,0.0,0.5711824172893087,0.0011596679687232287,16,19,5.385312657330175,106.51827530199007
161,8.05,ccurve,247,pure_pursuit,6.0,219.15850830078125,-311.29931640625,218.857421875,-311.302490234375,-179.4111328125,4.4110594399128445e-05,0.35,0.0,0.3011031533788632,0.000915527343782432,16,19,5.412715873860872,106.76271181754144
162,8.1,ccurve,247,pure_pursuit,6.0,218.888427734375,-311.3020935058594,218.857421875,-311.302490234375,-179.410888671875,3.927099708726358e-05,0.35,0.0,0.031008397396469645,0.0006713867187398575,16,19,5.395128931342005,107.00729859839353
163,8.15,ccurve,247,pure_pursuit,6.0,218.61788940429688,-311.3049011230469,218.857421875,-311.302490234375,-179.41062927246094,1.9564996377163177e-05,0.35,0.0,0.23954460316469584,0.0004119873047020944,16,20,5.422440023693194,107.25243380415601
164,8.200000000000001,ccurve,247,pure_pursuit,6.0,218.34732055664062,-311.3077087402344,218.857421875,-311.302490234375,-179.4104766845703,1.124122595139391e-05,0.35,0.0,0.510128011184817,0.000259399414088652,16,20,5.404805903358509,107.4977184798777
165,8.25,ccurve,247,pure_pursuit,6.0,218.07627868652344,-311.310546875,218.857421875,-311.302490234375,-179.4103546142578,-2.015963729222896e-06,0.35,0.0,0.78118473510527,0.0001373291015673648,16,20,5.4320250631450575,107.74356443699723
166,8.3,ccurve,247,pure_pursuit,6.0,217.80523681640625,-311.3133850097656,216.85752868652344,-311.32305908203125,-179.4103240966797,-1.3612173153227041e-05,0.35,0.0,0.9477575043861053,0.00010681152342432076,17,20,5.414338904686306,107.98953106806437
167,8.35,ccurve,247,pure_pursuit,6.0,217.53370666503906,-311.3161926269531,216.85752868652344,-311.32305908203125,-179.4103240966797,-1.7138113456911266e-05,0.35,0.0,0.6762128413708342,0.00010681152342432076,17,20,5.44146581621479,108.23604572379942
168,8.4,ccurve,247,pure_pursuit,6.0,217.2621612548828,-311.31903076171875,216.85752868652344,-311.32305908203125,-179.41041564941406,-2.5764080899776525e-05,0.35,0.0,0.4046526198378609,0.00019836425780256396,17,20,5.423729173817673,108.4827067461021
169,8.450000000000001,ccurve,247,pure_pursuit,6.0,216.9901580810547,-311.3218688964844,216.85752868652344,-311.32305908203125,-179.4105224609375,-3.3792499778680556e-05,0.35,0.0,0.13263473464881648,0.0003051757812268847,17,20,5.450767387617317,108.72990051615895
170,8.5,ccurve,247,pure_pursuit,6.0,216.71812438964844,-311.32470703125,216.85752868652344,-311.32305908203125,-179.41064453125,-2.6252680869608705e-05,0.35,0.0,0.13941403704018013,0.0004272460937481719,17,21,5.4329800972955455,108.97724017739586
171,8.55,ccurve,247,pure_pursuit,6.0,216.4457244873047,-311.3275451660156,216.85752868652344,-311.32305908203125,-179.4108428955078,-2.9169376814124985e-05,0.35,0.0,0.4118286335889126,0.0006256103516016247,17,21,5.459931250633755,109.22502891795736
172,8.6,ccurve,247,pure_pursuit,6.0,216.1732940673828,-311.3303527832031,216.85752868652344,-311.32305908203125,-179.41098022460938,-2.7886203034751027e-05,0.35,0.0,0.6842734921851794,0.0007629394531181007,17,21,5.442096920464969,109.4729493985358
173,8.65,ccurve,247,pure_pursuit,6.0,215.90040588378906,-311.33319091796875,216.85752868652344,-311.32305908203125,-179.4111328125,-3.198145611436693e-05,0.35,0.0,0.9571764276315886,0.000915527343782432,17,21,5.468959810319725,109.72141396482091
174,8.700000000000001,ccurve,247,pure_pursuit,6.0,215.62750244140625,-311.3360290527344,214.85763549804688,-311.3436584472656,-179.41131591796875,-3.5885827349017536e-05,0.35,0.0,0.7699047461461843,0.0010986328125389183,18,21,5.45107394498627,109.9700082293604
175,8.75,ccurve,247,pure_pursuit,6.0,215.35411071777344,-311.3388671875,214.85763549804688,-311.3436584472656,-179.41151428222656,-3.8945084999326216e-05,0.35,0.0,0.4964983383382871,0.0012969970703414822,18,21,5.477853720604367,110.21916054456756
176,8.8,ccurve,247,pure_pursuit,6.0,215.08079528808594,-311.3417053222656,214.85763549804688,-311.3436584472656,-179.41175842285156,-4.1709048506957785e-05,0.35,0.0,0.22316833688394078,0.001541137695282279,18,21,5.459916310254914,110.46835834635006
177,8.85,ccurve,247,pure_pursuit,6.0,214.80702209472656,-311.34454345703125,214.85763549804688,-311.3436584472656,-179.41195678710938,0.046676891087060454,0.35,0.0,0.05062114022767437,0.0017395019531357319,18,22,5.486609741607974,110.71808570478474
178,8.9,ccurve,247,pure_pursuit,6.0,214.53335571289062,-311.3495178222656,214.85763549804688,-311.3436584472656,-179.29916381835938,0.04502817539232786,0.35,0.0,0.32433271703048133,-0.11105346679683965,18,22,5.466046560929158,110.96872245771581
179,8.950000000000001,ccurve,247,pure_pursuit,6.0,214.25942993164062,-311.3569641113281,214.85763549804688,-311.3436584472656,-179.0875701904297,0.0402983703240692,0.35,0.0,0.5983535245785442,-0.322647094726576,18,22,5.491411593776743,111.22073481012754
180,9.0,ccurve,247,pure_pursuit,6.0,213.98556518554688,-311.3658447265625,214.85763549804688,-311.3436584472656,-178.8582000732422,0.03483029955784087,0.35,0.0,0.8723524866319157,-0.5520172119140251,18,22,5.473265719590549,111.47339258251297
181,9.05,ccurve,247,pure_pursuit,6.0,213.71128845214844,-311.3756103515625,212.8577423095703,-311.3642578125,-178.63955688476562,0.02948930778276015,0.35,0.0,0.8536216361205722,-0.7706298828124887,19,22,5.499842249342861,111.72689338671717
182,9.1,ccurve,247,pure_pursuit,6.0,213.43707275390625,-311.3859558105469,212.8577423095703,-311.3642578125,-178.44664001464844,0.17028115286991716,0.35,0.0,0.5797366357698269,-0.9635467529296995,19,23,5.4819228941447316,111.98067778317977
183,9.15,ccurve,247,pure_pursuit,6.0,213.16290283203125,-311.4002380371094,212.8577423095703,-311.3642578125,-178.0970001220703,0.16646127758398388,0.35,0.0,0.30727434164207956,-1.3131866455078187,19,23,5.493248371640914,112.23614626521382
184,9.200000000000001,ccurve,247,pure_pursuit,6.0,212.89028930664062,-311.4225769042969,212.8577423095703,-311.3642578125,-177.4149932861328,0.15244285364415264,0.35,0.0,0.06678640195659041,-1.9951934814453232,19,23,5.462968465933262,112.49361407522017
185,9.25,ccurve,247,pure_pursuit,6.0,212.61830139160156,-311.45062255859375,212.8577423095703,-311.3642578125,-176.60231018066406,0.13388247261295308,0.35,0.0,0.2545404144051698,-2.8078765869140674,19,23,5.482297968058766,112.75294019682896
186,9.3,ccurve,247,pure_pursuit,6.0,212.34689331054688,-311.4823913574219,212.8577423095703,-311.3642578125,-175.81069946289062,0.3367865902861381,0.35,0.0,0.5243302720986618,-3.599487304687507,19,24,5.4632592742779,113.0133367887542
187,9.35,ccurve,247,pure_pursuit,6.0,212.0765380859375,-311.5205078125,212.8577423095703,-311.3642578125,-174.87998962402344,0.3228658049115881,0.35,0.0,0.7966769116283874,-4.53019714355468,19,24,5.459983293939001,113.27544283357163
188,9.4,ccurve,247,pure_pursuit,6.0,211.81016540527344,-311.5702819824219,210.85784912109375,-311.38482666015625,-173.56478881835938,0.29715637867033584,0.35,0.0,0.9702061542118016,-5.845397949218744,20,24,5.41546019330996,113.53875337022241
189,9.450000000000001,ccurve,247,pure_pursuit,6.0,211.54684448242188,-311.630126953125,210.85784912109375,-311.38482666015625,-172.04049682617188,0.26399220649025107,0.35,0.0,0.7313595843784562,-7.369689941406239,20,24,5.425059455702592,113.80344557765784
190,9.5,ccurve,247,pure_pursuit,6.0,211.28524780273438,-311.6964416503906,210.85784912109375,-311.38482666015625,-170.55445861816406,0.4829805555255255,0.35,0.0,0.5289362298112259,-8.855728149414075,20,25,5.4118808465866834,114.06924021998212
191,9.55,ccurve,247,pure_pursuit,6.0,211.0266876220703,-311.7716064453125,210.85784912109375,-311.38482666015625,-168.94793701171875,0.45752091221954927,0.35,0.0,0.422024930090069,-10.462249755859379,20,25,5.398712067793284,114.33590621134589
192,9.600000000000001,ccurve,247,pure_pursuit,6.0,210.77552795410156,-311.85955810546875,210.85784912109375,-311.38482666015625,-166.99615478515625,0.4211841437568973,0.35,0.0,0.4818160641816032,-12.41403198242187,20,25,5.330872672612965,114.60106319220992
193,9.65,ccurve,247,pure_pursuit,6.0,210.5306396484375,-311.9593811035156,210.85784912109375,-311.38482666015625,-164.85064697265625,0.675894219188544,0.35,0.0,0.6611950146363647,-14.559539794921879,20,26,5.333118013197874,114.86535819348786
194,9.700000000000001,ccurve,247,pure_pursuit,6.0,210.2927703857422,-312.0703125,210.85784912109375,-311.38482666015625,-162.56976318359375,0.6441634461182797,0.35,0.0,0.8883720019073161,-16.840423583984382,20,26,5.271805562454776,115.12779361798115
195,9.75,ccurve,247,pure_pursuit,6.0,210.06756591796875,-312.19598388671875,210.85784912109375,-311.38482666015625,-159.88778686523438,0.6005138983913391,0.35,0.0,1.1324855793104285,-19.522399902343746,20,26,5.1920979072116795,115.38470608195732
196,9.8,ccurve,247,pure_pursuit,6.0,209.85275268554688,-312.3370666503906,208.8579559326172,-311.4054260253906,-156.98056030273438,0.5475507010939493,0.35,0.0,1.3629287706222364,-22.429626464843743,21,26,5.288184405574267,115.63845552889758
197,9.850000000000001,ccurve,247,pure_pursuit,6.0,209.64292907714844,-312.4924011230469,208.8579559326172,-311.4054260253906,-154.09690856933594,0.7237159655565459,0.35,0.0,1.3407824956196635,-25.31327819824218,21,27,5.292932664176383,115.89351211981919
198,9.9,ccurve,247,pure_pursuit,6.0,209.44309997558594,-312.65594482421875,208.8579559326172,-311.4054260253906,-151.16995239257812,0.6789970201247113,0.35,0.0,1.38064869436231,-28.240234375,21,27,5.22213928794912,116.14285267370785
199,9.950000000000001,ccurve,247,pure_pursuit,6.0,209.25706481933594,-312.8342590332031,208.8579559326172,-311.4054260253906,-147.97840881347656,0.6242413680920638,0.35,0.0,1.4835267667529277,-31.431777954101555,21,27,5.307614981569021,116.38573225336845
200,10.0,ccurve,247,pure_pursuit,6.0,209.08099365234375,-313.02490234375,208.8579559326172,-311.4054260253906,-144.75823974609375,0.5640554177316883,0.35,0.0,1.6347627871185655,-34.65194702148439,21,27,5.275259979985823,116.62467646577097
201,10.05,ccurve,247,pure_pursuit,6.0,208.91246032714844,-313.22174072265625,208.8579559326172,-311.4054260253906,-141.72579956054688,0.5039663266551927,0.35,0.0,1.8171323035283746,-37.68438720703125,21,27,5.272028200469992,116.85940117063312
202,10.100000000000001,ccurve,247,pure_pursuit,6.0,208.74945068359375,-313.4237060546875,208.8579559326172,-311.4054260253906,-138.86495971679688,0.4444727636750599,0.35,0.0,2.0211946135204877,-40.54522705078125,21,27,5.264204477933716,117.0913219600474
203,10.15,ccurve,247,pure_pursuit,6.0,208.59127807617188,-313.6310729980469,208.8579559326172,-311.4054260253906,-136.34149169921875,0.575176092666412,0.35,0.0,2.241566756983204,-43.06869506835938,21,28,5.283997141065576,117.32119763118482
204,10.200000000000001,ccurve,247,pure_pursuit,6.0,208.44171142578125,-313.8434143066406,207.5595703125,-311.6405944824219,-133.7904510498047,0.5281343730146061,0.35,0.0,2.3728860321794234,-23.657485961914066,22,28,5.231359078007075,117.54544395208393
205,10.25,ccurve,247,pure_pursuit,6.0,208.3050537109375,-314.0618591308594,206.51866149902344,-312.3552551269531,-131.19308471679688,0.47644562278737274,0.35,0.0,2.4705655953518133,-2.412994384765602,23,28,5.211050227507816,117.76064676671388
206,10.3,ccurve,247,pure_pursuit,6.0,208.17721557617188,-314.2852478027344,205.76724243164062,-313.5077209472656,-128.61199951171875,0.4220267809208505,0.35,0.0,2.532295118728653,15.221191406250007,24,28,5.2055424399247485,117.9700745786425
207,10.350000000000001,ccurve,247,pure_pursuit,6.0,208.05601501464844,-314.5136413574219,205.76724243164062,-313.5077209472656,-126.28958892822266,0.37113991302098337,0.35,0.0,2.500071160646667,12.898780822753897,24,28,5.223593106032826,118.17576404490713
208,10.4,ccurve,247,pure_pursuit,6.0,207.9392547607422,-314.7454528808594,205.76724243164062,-313.5077209472656,-124.12903594970703,0.32232256858433606,0.35,0.0,2.4999235782733273,10.738227844238272,24,28,5.232786107777187,118.37906943269012
209,10.450000000000001,ccurve,247,pure_pursuit,6.0,207.82635498046875,-314.9805908203125,205.43911743164062,-314.8638000488281,-122.27485656738281,0.2796190129994405,0.35,0.0,2.390092717623906,28.461563110351552,25,28,5.251721715812811,118.58049705038454
210,10.5,ccurve,247,pure_pursuit,6.0,207.7161102294922,-315.2179870605469,205.43911743164062,-314.8638000488281,-120.57733917236328,0.38348150575342377,0.35,0.0,2.304375108513834,26.76404571533203,25,29,5.263024462875552,118.7807055463588
211,10.55,ccurve,247,pure_pursuit,6.0,207.6131134033203,-315.4582214355469,205.43911743164062,-314.8638000488281,-118.93840789794922,0.3495313989652665,0.35,0.0,2.2537957471492733,25.125114440917976,25,29,5.240672735467936,118.97579451177221
212,10.600000000000001,ccurve,247,pure_pursuit,6.0,207.5194091796875,-315.701171875,205.43911743164062,-314.8638000488281,-117.12046813964844,0.30911371955864464,0.35,0.0,2.242499795375318,23.307174682617195,25,29,5.231585580153608,119.16388539434003
213,10.65,ccurve,247,pure_pursuit,6.0,207.4324188232422,-315.9471130371094,205.4649658203125,-316.7066345214844,-115.43890380859375,0.2704114897941846,0.35,0.0,2.108967568258044,26.75335693359374,26,29,5.249106065793601,119.34745491900104
214,10.700000000000001,ccurve,247,pure_pursuit,6.0,207.3495635986328,-316.19512939453125,205.4649658203125,-316.7066345214844,-113.83393859863281,0.23250538434424442,0.35,0.0,1.9527791172964726,25.148391723632802,26,29,5.2554433546945996,119.52846518024177
215,10.75,ccurve,247,pure_pursuit,6.0,207.27012634277344,-316.4453125,205.4649658203125,-316.7066345214844,-112.47431945800781,0.1999681186172599,0.35,0.0,1.8239774425041897,23.78877258300781,26,29,5.274426293766995,119.70761893055187
216,10.8,ccurve,247,pure_pursuit,6.0,207.19284057617188,-316.6968688964844,205.4649658203125,-316.7066345214844,-111.21772003173828,0.16952234514625855,0.35,0.0,1.7279023523821406,22.53217315673827,26,29,5.278064610654,119.88573137550836
217,10.850000000000001,ccurve,247,pure_pursuit,6.0,207.1179962158203,-316.9498291015625,205.4649658203125,-316.7066345214844,-110.1950912475586,0.24931026535845102,0.35,0.0,1.6708240757937656,21.509544372558587,26,30,5.292474131324862,120.0625635078295
218,10.9,ccurve,247,pure_pursuit,6.0,207.0481414794922,-317.20379638671875,205.4649658203125,-316.7066345214844,-109.06019592285156,0.22417369634805678,0.35,0.0,1.6594020272563128,20.374649047851552,26,30,5.274745442415519,120.23565776276243
219,10.950000000000001,ccurve,247,pure_pursuit,6.0,206.9852752685547,-317.4591064453125,205.4649658203125,-316.7066345214844,-107.90879821777344,0.19729184605987302,0.35,0.0,1.6963357022016792,19.223251342773434,26,30,5.279012887004637,120.40337538080455
220,11.0,ccurve,247,pure_pursuit,6.0,206.92599487304688,-317.7154235839844,205.51084899902344,-318.7063293457031,-106.73909759521484,0.16920029807727935,0.35,0.0,1.727579831259029,18.05355072021484,27,30,5.280659179708503,120.56864927363029
221,11.05,ccurve,247,pure_pursuit,6.0,206.86984252929688,-317.9728698730469,205.51084899902344,-318.7063293457031,-105.75341796875,0.1452663610278935,0.35,0.0,1.5442882546190153,17.06787109374999,27,30,5.291835792995264,120.73195548750824
222,11.100000000000001,ccurve,247,pure_pursuit,6.0,206.8154296875,-318.2313232421875,205.51084899902344,-318.7063293457031,-104.8180160522461,0.12228578718472295,0.35,0.0,1.3883665118127413,16.132469177246083,27,30,5.301345587258708,120.8944975705303
223,11.15,ccurve,247,pure_pursuit,6.0,206.762939453125,-318.4911193847656,205.51084899902344,-318.7063293457031,-104.07147979736328,0.10386526060305254,0.35,0.0,1.2704510350812335,15.385932922363281,27,30,5.314891923454499,121.05626690017114
224,11.200000000000001,ccurve,247,pure_pursuit,6.0,206.71142578125,-318.7517395019531,205.51084899902344,-318.7063293457031,-103.3660888671875,0.08633483521582039,0.35,0.0,1.2014352634712102,14.680541992187498,27,30,5.32017218071663,121.21789031586012
225,11.25,ccurve,247,pure_pursuit,6.0,206.64837646484375,-318.9971923828125,205.51084899902344,-318.7063293457031,-102.67851257324219,0.1492660264246509,0.35,0.0,1.1741252240932702,13.992965698242182,27,31,5.0293453233588625,121.38345680292467
226,11.3,ccurve,247,pure_pursuit,6.0,206.593505859375,-319.2427978515625,205.51084899902344,-318.7063293457031,-101.84091186523438,0.13206892768476997,0.35,0.0,1.2082815628177452,13.155364990234363,27,31,4.924473680160841,121.5420763442199
227,11.350000000000001,ccurve,247,pure_pursuit,6.0,206.54559326171875,-319.48272705078125,205.51084899902344,-318.7063293457031,-100.82441711425781,0.10912404404009952,0.35,0.0,1.293634061715849,12.138870239257804,27,31,4.8776006678400705,121.692245877708
228,11.4,ccurve,247,pure_pursuit,6.0,206.50558471679688,-319.7247009277344,205.55673217773438,-320.7057800292969,-100.0018539428711,0.08978273721600702,0.35,0.0,1.364857994227984,11.316276550292997,28,31,4.925023060998743,121.83657976664911
229,11.450000000000001,ccurve,247,pure_pursuit,6.0,206.4706268310547,-319.9708251953125,205.55673217773438,-320.7057800292969,-99.39008331298828,0.07495042164659922,0.35,0.0,1.1727583064572402,10.704505920410158,28,31,5.00703323956286,121.97859947906511
230,11.5,ccurve,247,pure_pursuit,6.0,206.43833923339844,-320.221435546875,205.55673217773438,-320.7057800292969,-98.95121002197266,0.06406804988547742,0.35,0.0,1.0058929258371248,10.265632629394524,28,31,5.083226925199579,122.12060849850471
231,11.55,ccurve,247,pure_pursuit,6.0,206.406982421875,-320.47088623046875,205.55673217773438,-320.7057800292969,-98.53791046142578,0.053728246233047464,0.35,0.0,0.8821000931805302,9.852333068847647,28,31,4.998079983965646,122.26161897608398
232,11.600000000000001,ccurve,247,pure_pursuit,6.0,206.3763885498047,-320.7216796875,205.55673217773438,-320.7057800292969,-98.21637725830078,0.04565037757960561,0.35,0.0,0.8198105680011954,9.530799865722656,28,31,5.042426124820837,122.40291586382492
233,11.65,ccurve,247,pure_pursuit,6.0,206.34646606445312,-320.97064208984375,205.55673217773438,-320.7057800292969,-97.94634246826172,0.09221715061125019,0.35,0.0,0.8329654992549451,9.260765075683596,28,32,5.036688804341789,122.54313671692145
234,11.700000000000001,ccurve,247,pure_pursuit,6.0,206.31951904296875,-321.2224426269531,205.55673217773438,-320.7057800292969,-97.602294921875,0.08454104709250067,0.35,0.0,0.9212947636836913,8.916717529296893,28,32,5.0520394229372245,122.68236703487804
235,11.75,ccurve,247,pure_pursuit,6.0,206.29501342773438,-321.4723205566406,205.55673217773438,-320.7057800292969,-97.14514923095703,0.07347456952405301,0.35,0.0,1.0642572922756963,8.459571838378888,28,32,5.000934691525049,122.81890942985865
236,11.8,ccurve,247,pure_pursuit,6.0,206.27232360839844,-321.72564697265625,205.60260009765625,-322.70526123046875,-96.7457275390625,0.0635594487593221,0.35,0.0,1.1866649379459966,8.06015014648438,29,32,5.104365056873949,122.9557940317232
237,11.850000000000001,ccurve,247,pure_pursuit,6.0,206.2505645751953,-321.978515625,205.60260009765625,-322.70526123046875,-96.35051727294922,0.05360036171826734,0.35,0.0,0.9736617170355474,7.664939880371067,29,32,5.023371218878724,123.09201499332893
238,11.9,ccurve,247,pure_pursuit,6.0,206.2294158935547,-322.2315673828125,205.60260009765625,-322.70526123046875,-96.00374603271484,0.04482261446761739,0.35,0.0,0.7856741712027794,7.318168640136689,29,32,5.121343880161289,123.22815275912458
239,11.950000000000001,ccurve,247,pure_pursuit,6.0,206.20855712890625,-322.4837341308594,205.60260009765625,-322.70526123046875,-95.6489028930664,0.03580839370006643,0.35,0.0,0.6451807340448531,6.963325500488286,29,32,5.038772939801757,123.36399387571078
240,12.0,ccurve,247,pure_pursuit,6.0,206.18814086914062,-322.7376708984375,205.60260009765625,-322.70526123046875,-95.37930297851562,0.06634271531097322,0.35,0.0,0.5864370227469968,6.693725585937496,29,33,5.138528360315444,123.50064086733077
241,12.05,ccurve,247,pure_pursuit,6.0,206.1697540283203,-322.9911193847656,205.60260009765625,-322.70526123046875,-95.03736114501953,0.058348293344540086,0.35,0.0,0.6351208274381436,6.351783752441392,29,33,5.039006434131609,123.63564057197418
242,12.100000000000001,ccurve,247,pure_pursuit,6.0,206.15350341796875,-323.2460632324219,205.60260009765625,-322.70526123046875,-94.68488311767578,0.049693109317067184,0.35,0.0,0.7719852807196811,5.999305725097674,29,33,5.162848073373684,123.76983429489927
243,12.15,ccurve,247,pure_pursuit,6.0,206.13821411132812,-323.5013732910156,205.60260009765625,-322.70526123046875,-94.30560302734375,0.04016410097985846,0.35,0.0,0.9595190381591637,5.620025634765616,29,33,5.108759305807269,123.90373512790991
244,12.200000000000001,ccurve,247,pure_pursuit,6.0,206.12403869628906,-323.75848388671875,205.6484832763672,-324.7047424316406,-94.03032684326172,0.03318126458085682,0.35,0.0,1.0590364447245122,5.344749450683579,30,33,5.190609089215194,124.0378914241321
245,12.25,ccurve,247,pure_pursuit,6.0,206.1100311279297,-324.0150451660156,205.6484832763672,-324.7047424316406,-93.744140625,0.025900616111644983,0.35,0.0,0.8298847736237612,5.058563232421891,30,33,5.096457509938824,124.17202788716321
246,12.3,ccurve,247,pure_pursuit,6.0,206.09640502929688,-324.2738037109375,205.6484832763672,-324.7047424316406,-93.52117919921875,0.020216160571785883,0.35,0.0,0.6215642185235971,4.835601806640614,30,33,5.242822369860889,124.30726378852411
247,12.350000000000001,ccurve,247,pure_pursuit,6.0,206.08297729492188,-324.5330505371094,205.6484832763672,-324.7047424316406,-93.3155517578125,0.014960075567645063,0.35,0.0,0.46718642832121204,4.629974365234357,30,33,5.15736319920668,124.44295182902634
248,12.4,ccurve,247,pure_pursuit,6.0,206.06988525390625,-324.7935485839844,205.6484832763672,-324.7047424316406,-93.17534637451172,0.03872355319005247,0.35,0.0,0.4306578216727683,4.4897689819335875,30,34,5.255226290186534,124.57933945390484
249,12.450000000000001,ccurve,247,pure_pursuit,6.0,206.0580291748047,-325.05377197265625,205.6484832763672,-324.7047424316406,-92.9455337524414,0.03340343167195006,0.35,0.0,0.5380980054121711,4.259956359863294,30,34,5.165467489170138,124.71490803413982
250,12.5,ccurve,247,pure_pursuit,6.0,206.0477294921875,-325.3168640136719,205.6484832763672,-324.7047424316406,-92.70728302001953,0.0275751986643608,0.35,0.0,0.730814868509994,4.021705627441409,30,34,5.329648428378197,124.85089707117055
251,12.55,ccurve,247,pure_pursuit,6.0,206.038330078125,-325.58062744140625,205.6484832763672,-324.7047424316406,-92.47158813476562,0.02165548996535689,0.35,0.0,0.9587257580627132,3.7860107421874907,30,34,5.241723641396721,124.98683108580623
252,12.600000000000001,ccurve,247,pure_pursuit,6.0,206.02960205078125,-325.84539794921875,205.69436645507812,-326.7041931152344,-92.29509735107422,0.017185481658931342,0.35,0.0,0.9219067424627254,3.6095199584961173,31,34,5.336290514415944,125.12307759786673
253,12.65,ccurve,247,pure_pursuit,6.0,206.02099609375,-326.1097106933594,205.69436645507812,-326.7041931152344,-92.09993743896484,0.012210955478338588,0.35,0.0,0.678303966358214,3.4143600463867156,31,34,5.245656955645688,125.25940619285696
254,12.700000000000001,ccurve,247,pure_pursuit,6.0,206.0126495361328,-326.3763122558594,205.69436645507812,-326.7041931152344,-91.95654296875,0.008557235705683125,0.35,0.0,0.45695730394660866,3.270965576171856,31,34,5.393045959597336,125.39703902032471
255,12.75,ccurve,247,pure_pursuit,6.0,206.00433349609375,-326.6437683105469,205.69436645507812,-326.7041931152344,-91.80046081542969,0.0045661872848589,0.35,0.0,0.31580171553920455,3.114883422851595,31,34,5.348190418635438,125.53548094497462
256,12.8,ccurve,247,pure_pursuit,6.0,205.99652099609375,-326.9128723144531,205.69436645507812,-326.7041931152344,-91.73294067382812,0.022940021171698178,0.35,0.0,0.3672116213342679,3.0473632812500324,31,35,5.4209313440476965,125.67471428642911
257,12.850000000000001,ccurve,247,pure_pursuit,6.0,205.989501953125,-327.18115234375,205.69436645507812,-326.7041931152344,-91.57930755615234,0.019439748124989744,0.35,0.0,0.5608877497981188,2.8937301635742116,31,35,5.326982516711287,125.81327250095471
258,12.9,ccurve,247,pure_pursuit,6.0,205.9837646484375,-327.4511413574219,205.69436645507812,-326.7041931152344,-91.42849731445312,0.015783354240802263,0.35,0.0,0.8010511786563118,2.742919921875019,31,35,5.450734786277437,125.95198506606262
259,12.950000000000001,ccurve,247,pure_pursuit,6.0,205.9784393310547,-327.72137451171875,205.74024963378906,-328.70367431640625,-91.24263763427734,0.011129419842513134,0.35,0.0,1.0107656692688918,2.557060241699227,32,35,5.3945168522571745,126.09088757617019
260,13.0,ccurve,247,pure_pursuit,6.0,205.97377014160156,-327.99365234375,205.74024963378906,-328.70367431640625,-91.11852264404297,0.00798997738688775,0.35,0.0,0.7474376423646861,2.4329452514648486,32,35,5.490303628876659,126.2306684104848
261,13.05,ccurve,247,pure_pursuit,6.0,205.9691619873047,-328.266357421875,205.74024963378906,-328.70367431640625,-90.97256469726562,0.004266440513025541,0.35,0.0,0.49360604922804474,2.2869873046875,32,35,5.408493262414343,126.3710426401583
262,13.100000000000001,ccurve,247,pure_pursuit,6.0,205.96484375,-328.5416259765625,205.74024963378906,-328.70367431640625,-90.87448120117188,0.0017535768523719883,0.35,0.0,0.2769515868932467,2.1889038085937695,32,35,5.55910710373255,126.51288666856556
263,13.15,ccurve,247,pure_pursuit,6.0,205.9605255126953,-328.8171691894531,205.74024963378906,-328.70367431640625,-90.76372528076172,0.013239374405309109,0.35,0.0,0.24779537734963336,2.078147888183583,32,36,5.500742133209773,126.65530871707783
264,13.200000000000001,ccurve,247,pure_pursuit,6.0,205.957275390625,-329.0943603515625,205.74024963378906,-328.70367431640625,-90.677978515625,0.011346067321045155,0.35,0.0,0.4469180654172777,1.9924011230468885,32,36,5.583235531214537,126.79808173452275
265,13.25,ccurve,247,pure_pursuit,6.0,205.9546661376953,-329.37139892578125,205.74024963378906,-328.70367431640625,-90.53386688232422,0.007792672981388788,0.35,0.0,0.7013063461229873,1.8482894897460995,32,36,5.493727403669546,126.94066986298638
266,13.3,ccurve,247,pure_pursuit,6.0,205.95266723632812,-329.6505126953125,205.74024963378906,-328.70367431640625,-90.4242172241211,0.00504681409200478,0.35,0.0,0.9703732032770992,1.7386398315429747,32,36,5.631772620975087,127.08423287499366
267,13.350000000000001,ccurve,247,pure_pursuit,6.0,205.95083618164062,-329.92962646484375,205.78611755371094,-330.7031555175781,-90.29653930664062,0.0017969676383257555,0.35,0.0,0.7908725698942771,1.6109619140624698,33,36,5.568617636675346,127.2281019287253
268,13.4,ccurve,247,pure_pursuit,6.0,205.94949340820312,-330.2102355957031,205.78611755371094,-330.7031555175781,-90.2300033569336,7.45707549866864e-05,0.35,0.0,0.5192896294095507,1.5444259643554479,33,36,5.648531820776696,127.37276674868785
269,13.450000000000001,ccurve,247,pure_pursuit,6.0,205.947998046875,-330.4904479980469,205.78611755371094,-330.7031555175781,-90.13677978515625,-0.002316887206311732,0.35,0.0,0.2673009220563543,1.451202392578135,33,36,5.558679537758443,127.51781200111256
270,13.5,ccurve,247,pure_pursuit,6.0,205.94679260253906,-330.7726745605469,205.78611755371094,-330.7031555175781,-90.0859375,0.006693585629360512,0.35,0.0,0.17506961087296466,1.4003601074218481,33,37,5.691979230711545,127.66409732806139
271,13.55,ccurve,247,pure_pursuit,6.0,205.94601440429688,-331.0548095703125,205.78611755371094,-330.7031555175781,-89.98684692382812,0.004369137936815485,0.35,0.0,0.3862998519697001,1.3012695312500082,33,37,5.628164171948379,127.81042540388057
272,13.600000000000001,ccurve,247,pure_pursuit,6.0,205.94610595703125,-331.3383483886719,205.78611755371094,-330.7031555175781,-89.92117309570312,0.002780612397559171,0.35,0.0,0.655031505108956,1.2355957031250058,33,37,5.707146213186817,127.95719280648537
273,13.65,ccurve,247,pure_pursuit,6.0,205.94635009765625,-331.62152099609375,205.78611755371094,-330.7031555175781,-89.81829833984375,0.00017989988800589301,0.35,0.0,0.9322390360140576,1.1327209472656166,33,37,5.618185743429908,128.10409877337253
274,13.700000000000001,ccurve,247,pure_pursuit,6.0,205.94699096679688,-331.9065856933594,205.83200073242188,-332.70263671875,-89.75503540039062,-0.0014403872945138656,0.35,0.0,0.8043133649437157,1.0694580078124896,34,37,5.747796067925289,128.25211086628028
275,13.75,ccurve,247,pure_pursuit,6.0,205.9475555419922,-332.1915588378906,205.83200073242188,-332.70263671875,-89.67047882080078,-0.003604818212914285,0.35,0.0,0.5239785437577962,0.9849014282226614,34,37,5.6833545671352015,128.40060228911352
276,13.8,ccurve,247,pure_pursuit,6.0,205.948486328125,-332.47784423828125,205.83200073242188,-332.70263671875,-89.641357421875,-0.0043714968657030335,0.35,0.0,0.25318087068656125,0.9557800292968748,34,37,5.761603712637685,128.549931458846
277,13.850000000000001,ccurve,247,pure_pursuit,6.0,205.94924926757812,-332.7637939453125,205.83200073242188,-332.70263671875,-89.58062744140625,0.0015737493099610169,0.35,0.0,0.13224002932963735,0.8950500488281448,34,38,5.6735451964885915,128.69969002197826
278,13.9,ccurve,247,pure_pursuit,6.0,205.95069885253906,-333.0514831542969,205.83200073242188,-332.70263671875,-89.53628540039062,0.000581546233342261,0.35,0.0,0.36848755652411697,0.8507080078125095,34,38,5.799847934961633,128.85024533582802
279,13.950000000000001,ccurve,247,pure_pursuit,6.0,205.95236206054688,-333.33905029296875,205.83200073242188,-332.70263671875,-89.45132446289062,-0.0015235101203308222,0.35,0.0,0.6476952113130823,0.7657470703125023,34,38,5.7350206076221015,129.0010206907813
280,14.0,ccurve,247,pure_pursuit,6.0,205.95458984375,-333.6279296875,205.83200073242188,-332.70263671875,-89.41419982910156,-0.002459367192880215,0.35,0.0,0.9333783628488546,0.7286224365234478,34,38,5.812782559843392,129.15247980291397
281,14.05,ccurve,247,pure_pursuit,6.0,205.95675659179688,-333.9164123535156,205.8778839111328,-334.70208740234375,-89.34355163574219,-0.0042715935913071965,0.35,0.0,0.7896240764479081,0.6579742431640806,35,38,5.725723880414115,129.30424700873093
282,14.100000000000001,ccurve,247,pure_pursuit,6.0,205.95916748046875,-334.20660400390625,205.8778839111328,-334.70208740234375,-89.31163787841797,-0.005098467502659028,0.35,0.0,0.5021063799347351,0.6260604858398594,35,38,5.848455941092706,129.45718696120915
283,14.15,ccurve,247,pure_pursuit,6.0,205.9615020751953,-334.49658203125,205.8778839111328,-334.70208740234375,-89.25421905517578,-0.006584867429268173,0.35,0.0,0.22186584890325745,0.5686416625976395,35,38,5.7829037903423695,129.6105460003203
284,14.200000000000001,ccurve,247,pure_pursuit,6.0,205.96414184570312,-334.787841796875,205.8778839111328,-334.70208740234375,-89.24761962890625,-0.001285900122535194,0.35,0.0,0.12163160550513831,0.5620422363281374,35,39,5.860329508087389,129.76480426621006
285,14.25,ccurve,247,pure_pursuit,6.0,205.9668731689453,-335.07867431640625,205.8778839111328,-334.70208740234375,-89.191162109375,-0.002622423917257112,0.35,0.0,0.3869583851645243,0.5055847167968891,35,39,5.7743161881012,129.91922474147404
286,14.3,ccurve,247,pure_pursuit,6.0,205.9700927734375,-335.37115478515625,205.8778839111328,-334.70208740234375,-89.15890502929688,-0.0033976700037931374,0.35,0.0,0.6753914694687024,0.47332763671872397,35,39,5.893800386411558,130.07459363586506
287,14.350000000000001,ccurve,247,pure_pursuit,6.0,205.97337341308594,-335.6634826660156,205.8778839111328,-334.70208740234375,-89.09518432617188,-0.005018537551549101,0.35,0.0,0.9661258189252422,0.4096069335937567,35,39,5.827548807163575,130.23030002963978
288,14.4,ccurve,247,pure_pursuit,6.0,205.97702026367188,-335.9569396972656,205.9237518310547,-336.7015686035156,-89.0802001953125,-0.005412734974572589,0.35,0.0,0.7465318037006616,0.3946228027343768,36,39,5.904891126843459,130.38678358013763
289,14.450000000000001,ccurve,247,pure_pursuit,6.0,205.98052978515625,-336.2500305175781,205.9237518310547,-336.7015686035156,-89.03076171875,-0.006693764251302597,0.35,0.0,0.45509381354184575,0.3451843261718557,36,39,5.81995826488193,130.54365440747583
290,14.5,ccurve,247,pure_pursuit,6.0,205.9842529296875,-336.544677734375,205.9237518310547,-336.7015686035156,-89.01854705810547,-0.007026790605279058,0.35,0.0,0.1681520970891473,0.33296966552734125,36,39,5.935695696085129,130.70166791476657
291,14.55,ccurve,247,pure_pursuit,6.0,205.9878692626953,-336.8390197753906,205.9237518310547,-336.7015686035156,-88.97737884521484,-0.00406307937924804,0.35,0.0,0.1516702663345753,0.2918014526366997,36,40,5.86849156744122,130.86007580356778
292,14.600000000000001,ccurve,247,pure_pursuit,6.0,205.991943359375,-337.134521484375,205.9237518310547,-336.7015686035156,-88.97257995605469,-0.004107338155497945,0.35,0.0,0.43829017965166883,0.28700256347656855,36,40,5.946065391009401,131.01921024564248
293,14.65,ccurve,247,pure_pursuit,6.0,205.9960174560547,-337.42962646484375,205.9237518310547,-336.7015686035156,-88.92251586914062,-0.005353123049182384,0.35,0.0,0.731635544515385,0.23693847656249672,36,40,5.862423991388765,131.17859827561028
294,14.700000000000001,ccurve,247,pure_pursuit,6.0,206.0004425048828,-337.72625732421875,205.96963500976562,-338.7010498046875,-88.90585327148438,-0.005772401012937946,0.35,0.0,0.9752791814315601,0.22027587890626713,37,40,5.974374038514983,131.33900922369136
295,14.75,ccurve,247,pure_pursuit,6.0,206.0047607421875,-338.0225830078125,205.96963500976562,-338.7010498046875,-88.85851287841797,-0.006984140841433643,0.35,0.0,0.6793754569750041,0.1729354858398208,37,40,5.906031586847625,131.49981303160516
296,14.8,ccurve,247,pure_pursuit,6.0,206.00941467285156,-338.320068359375,205.96963500976562,-338.7010498046875,-88.8578109741211,-0.00702361937053421,0.35,0.0,0.38305258551226634,0.1722335815429888,37,40,5.984264744427057,131.66145485402257
297,14.850000000000001,ccurve,247,pure_pursuit,6.0,206.01385498046875,-338.6170959472656,205.96963500976562,-338.7010498046875,-88.82134246826172,-0.007966987357505628,0.35,0.0,0.09488759658141706,0.13576507568357718,37,40,5.901728025457266,131.82349137884077
298,14.9,ccurve,247,pure_pursuit,6.0,206.01852416992188,-338.9156188964844,205.96963500976562,-338.7010498046875,-88.82115936279297,-0.005010468009114196,0.15,0.0,0.220068273804561,0.13558197021482069,37,41,6.010850688522408,131.98664581316706
299,14.950000000000001,ccurve,247,pure_pursuit,6.0,206.02317810058594,-339.21356201171875,205.96963500976562,-338.7010498046875,-88.78167724609375,-0.005961362606107343,0.35,0.0,0.5153014893541791,0.09609985351560275,37,41,5.930331992807015,132.14996017597053
300,15.0,ccurve,247,pure_pursuit,6.0,206.0282745361328,-339.511474609375,205.96963500976562,-338.7010498046875,-88.7813720703125,-0.005953254901515344,0.35,0.0,0.8125435115151315,0.09579467773437587,37,41,5.983423014558824,132.31336124880758
301,15.05,ccurve,247,pure_pursuit,6.0,206.03323364257812,-339.80767822265625,206.01551818847656,-340.7005310058594,-88.74193572998047,-0.006963362086780271,0.35,0.0,0.8930285156631848,0.05635833740234706,38,41,5.8799367194176275,132.47637873026034
302,15.100000000000001,ccurve,247,pure_pursuit,6.0,206.0384521484375,-340.1044006347656,206.01551818847656,-340.7005310058594,-88.73847198486328,-0.007068481101402797,0.35,0.0,0.596571358564809,0.05289459228517256,38,41,5.971131722461374,132.63993764094158
303,15.15,ccurve,247,pure_pursuit,6.0,206.04347229003906,-340.4002380371094,206.01551818847656,-340.7005310058594,-88.70132446289062,-0.008028634858373962,0.35,0.0,0.3015912778494349,0.01574707031249805,38,41,5.8904754258658425,132.80361883567633
304,15.200000000000001,ccurve,247,pure_pursuit,6.0,206.04876708984375,-340.6968688964844,206.01551818847656,-340.7005310058594,-88.708251953125,-0.007876870232492464,0.35,0.0,0.03344996991328132,0.022674560546897933,38,41,5.966137224294416,132.96798308735265
305,15.25,ccurve,247,pure_pursuit,6.0,206.05384826660156,-340.9927673339844,206.01551818847656,-340.7005310058594,-88.67818450927734,-0.0064668564652859035,0.35,0.0,0.29473931934007597,-0.007392883300763249,38,42,5.879951703044976,133.1325626458818
306,15.3,ccurve,247,pure_pursuit,6.0,206.0592498779297,-341.28997802734375,206.01551818847656,-340.7005310058594,-88.67717742919922,-0.006452945150354251,0.35,0.0,0.5910670450965997,-0.008399963378923923,38,42,5.98589305297455,133.29808471097607
307,15.350000000000001,ccurve,247,pure_pursuit,6.0,206.0646209716797,-341.5868225097656,206.01551818847656,-340.7005310058594,-88.63845825195312,-0.007436185814352425,0.35,0.0,0.8876506707115674,-0.04711914062497287,38,42,5.9159300636646,133.46387831762013
308,15.4,ccurve,247,pure_pursuit,6.0,206.0703125,-341.88482666015625,206.06138610839844,-342.6999816894531,-88.64256286621094,-0.007340106810122031,0.35,0.0,0.8152039022569836,-0.04301452636720156,39,42,5.995049873250486,133.6305313405799
309,15.450000000000001,ccurve,247,pure_pursuit,6.0,206.07582092285156,-342.1823425292969,206.06138610839844,-342.6999816894531,-88.60943603515625,-0.008197297979632083,0.35,0.0,0.517840384670377,-0.07614135742185818,39,42,5.912951286561973,133.7975085042024
310,15.5,ccurve,247,pure_pursuit,6.0,206.08157348632812,-342.4813232421875,206.06138610839844,-342.6999816894531,-88.61160278320312,-0.008164022338163187,0.15,0.0,0.21958835758821582,-0.07397460937497428,39,42,6.021230545440317,133.96558698191683
311,15.55,ccurve,247,pure_pursuit,6.0,206.087158203125,-342.77978515625,206.06138610839844,-342.6999816894531,-88.58184814453125,-0.007382533131820234,0.35,0.0,0.08386175635767976,-0.10372924804688553,39,43,5.940810976434593,134.13395725835372
312,15.600000000000001,ccurve,247,pure_pursuit,6.0,206.0930633544922,-343.07818603515625,206.06138610839844,-342.6999816894531,-88.59285736083984,-0.007081019002305585,0.35,0.0,0.3795286221470166,-0.09272003173828346,39,43,5.994192741929818,134.3024838020067
313,15.65,ccurve,247,pure_pursuit,6.0,206.09881591796875,-343.3749084472656,206.06138610839844,-342.6999816894531,-88.5624008178711,-0.007859730051628067,0.35,0.0,0.6759638444885665,-0.12317657470702674,39,43,5.891095006677021,134.47060681138447
314,15.700000000000001,ccurve,247,pure_pursuit,6.0,206.1048583984375,-343.67218017578125,206.06138610839844,-342.6999816894531,-88.56607055664062,-0.0077862494509057766,0.35,0.0,0.9731699424149607,-0.11950683593752663,39,43,5.981783560228113,134.6392599560802
315,15.75,ccurve,247,pure_pursuit,6.0,206.1106719970703,-343.968505859375,206.10726928710938,-344.699462890625,-88.53466796875,-0.008602479772792479,0.35,0.0,0.7309649512588765,-0.15090942382814448,40,43,5.90108880832009,134.80798893556573
316,15.8,ccurve,247,pure_pursuit,6.0,206.11676025390625,-344.2656555175781,206.10726928710938,-344.699462890625,-88.54605102539062,-0.008337165346760617,0.35,0.0,0.4339111837237777,-0.1395263671875064,40,43,5.976815618833079,134.97741962434188
317,15.850000000000001,ccurve,247,pure_pursuit,6.0,206.12261962890625,-344.5621337890625,206.10726928710938,-344.699462890625,-88.51962280273438,-0.009030164953330415,0.35,0.0,0.13818435196954945,-0.16595458984375963,40,43,5.890842396184524,135.1470810701575
318,15.9,ccurve,247,pure_pursuit,6.0,206.128662109375,-344.85992431640625,206.10726928710938,-344.699462890625,-88.5279541015625,-0.007653194565589768,0.35,0.0,0.1618811972041232,-0.15762329101564485,40,44,5.99603296099693,135.3178066264851
319,15.950000000000001,ccurve,247,pure_pursuit,6.0,206.13462829589844,-345.15728759765625,206.10726928710938,-344.699462890625,-88.49919891357422,-0.008382490085897986,0.35,0.0,0.4586414478982137,-0.18637847900391846,40,44,5.92592114347825,135.48878045844285
320,16.0,ccurve,247,pure_pursuit,6.0,206.14089965820312,-345.4557800292969,206.10726928710938,-344.699462890625,-88.51094818115234,-0.00808805098473727,0.15,0.0,0.7570644728876897,-0.1746292114257674,40,44,6.005067581300041,135.66061517723284
321,16.05,ccurve,247,pure_pursuit,6.0,206.14697265625,-345.75360107421875,206.1531524658203,-346.6989440917969,-88.48387908935547,-0.008789774479312812,0.35,0.0,0.9453632164041715,-0.20169830322266835,41,44,5.913382861899203,135.83264889016647
322,16.1,ccurve,247,pure_pursuit,6.0,206.15328979492188,-346.05169677734375,206.1531524658203,-346.6989440917969,-88.49319458007812,-0.008574278367872133,0.35,0.0,0.6472473290219625,-0.19238281250001288,41,44,5.991807412249607,136.0050851775247
323,16.150000000000002,ccurve,247,pure_pursuit,6.0,206.15939331054688,-346.34820556640625,206.1531524658203,-346.6989440917969,-88.46813201904297,-0.009235084274342586,0.35,0.0,0.35079404404306974,-0.2174453735351664,41,44,5.898739289436518,136.17717883467856
324,16.2,ccurve,247,pure_pursuit,6.0,206.16571044921875,-346.6449890136719,206.1531524658203,-346.6989440917969,-88.48504638671875,-0.00882829132096977,0.35,0.0,0.05539723280553177,-0.2005310058593712,41,44,5.96709878367702,136.34969383358833
325,16.25,ccurve,247,pure_pursuit,6.0,206.17181396484375,-346.9407653808594,206.1531524658203,-346.6989440917969,-88.46286010742188,-0.008522798631428439,0.35,0.0,0.24254027993232577,-0.22271728515623487,41,45,5.875177378896527,136.52220241423524
326,16.3,ccurve,247,pure_pursuit,6.0,206.1781768798828,-347.2375793457031,206.1531524658203,-346.6989440917969,-88.47216796875,-0.008285796842877358,0.35,0.0,0.5392162442377101,-0.21340942382815334,41,45,5.975817936083522,136.69555089021344
327,16.35,ccurve,247,pure_pursuit,6.0,206.18435668945312,-347.5338134765625,206.1531524658203,-346.6989440917969,-88.4446029663086,-0.008996544873814533,0.35,0.0,0.8354523284972397,-0.24097442626956067,41,45,5.902341000080572,136.86912001884846
328,16.400000000000002,ccurve,247,pure_pursuit,6.0,206.19085693359375,-347.8310852050781,206.1990203857422,-348.69842529296875,-88.45907592773438,-0.008650597343832242,0.35,0.0,0.8673785044679727,-0.2265014648437332,42,45,5.980698287528145,137.0434821206821
329,16.45,ccurve,247,pure_pursuit,6.0,206.1970977783203,-348.1278076171875,206.1990203857422,-348.69842529296875,-88.43502807617188,-0.009277846971184056,0.35,0.0,0.5706209147352508,-0.2505493164062539,42,45,5.897383504865988,137.21814039438544
330,16.5,ccurve,247,pure_pursuit,6.0,206.20358276367188,-348.42596435546875,206.1990203857422,-348.69842529296875,-88.44491577148438,-0.009050898279485034,0.15,0.0,0.2724991334954154,-0.24066162109375985,42,45,6.005314114687155,137.39389509181223
331,16.55,ccurve,247,pure_pursuit,6.0,206.2098846435547,-348.72357177734375,206.1990203857422,-348.69842529296875,-88.4215087890625,-0.00901108262463151,0.35,0.0,0.027393024189354968,-0.2640686035156329,42,46,5.924565696358829,137.56988256244892
332,16.6,ccurve,247,pure_pursuit,6.0,206.21646118164062,-349.0212097167969,206.1990203857422,-348.69842529296875,-88.440185546875,-0.008539135777336063,0.35,0.0,0.32325526388231574,-0.2453918457031328,42,46,5.978006854586198,137.74608950233187
333,16.650000000000002,ccurve,247,pure_pursuit,6.0,206.22280883789062,-349.317138671875,206.1990203857422,-348.69842529296875,-88.4183349609375,-0.00911025284978357,0.35,0.0,0.619170522306422,-0.26724243164062655,42,46,5.87457555787885,137.92184981698125
334,16.7,ccurve,247,pure_pursuit,6.0,206.22938537597656,-349.6136169433594,206.1990203857422,-348.69842529296875,-88.43002319335938,-0.008832863223284668,0.35,0.0,0.9156952492923885,-0.25555419921876155,42,46,5.966079051717094,138.09817673769112
335,16.75,ccurve,247,pure_pursuit,6.0,206.23573303222656,-349.9091796875,206.24490356445312,-350.6978759765625,-88.40570068359375,-0.009471659876924504,0.35,0.0,0.7887496022454001,-0.2798767089843661,43,46,5.885620667904138,138.27453298415114
336,16.8,ccurve,247,pure_pursuit,6.0,206.24234008789062,-350.2055358886719,206.24490356445312,-350.6978759765625,-88.4232406616211,-0.009050279399678183,0.35,0.0,0.49234676149664564,-0.26233673095702015,43,46,5.9613229115787885,138.45157994143688
337,16.85,ccurve,247,pure_pursuit,6.0,206.2487030029297,-350.5012512207031,206.24490356445312,-350.6978759765625,-88.40186309814453,-0.009614306027871927,0.35,0.0,0.19666146127163808,-0.2837142944335766,43,46,5.875127290745903,138.62883134137428
338,16.900000000000002,ccurve,247,pure_pursuit,6.0,206.2552947998047,-350.7982482910156,206.24490356445312,-350.6978759765625,-88.41410827636719,-0.008801957264955185,0.35,0.0,0.10090876711569004,-0.2714691162109191,43,47,5.981475429401428,138.80709938321465
339,16.95,ccurve,247,pure_pursuit,6.0,206.26168823242188,-351.0948791503906,206.24490356445312,-350.6978759765625,-88.3905029296875,-0.009409466027858098,0.35,0.0,0.3973578300580292,-0.2950744628905947,43,47,5.911670892817557,138.98570247621151
340,17.0,ccurve,247,pure_pursuit,6.0,206.2683868408203,-351.392578125,206.24490356445312,-350.6978759765625,-88.40828704833984,-0.008970436997762125,0.35,0.0,0.6950989421029325,-0.27729034423830795,43,47,5.9907059782211265,139.16513306828563
341,17.05,ccurve,247,pure_pursuit,6.0,206.27487182617188,-351.6898498535156,206.24490356445312,-350.6978759765625,-88.38683319091797,-0.009536167563574388,0.35,0.0,0.9924264553446049,-0.2987442016601457,43,47,5.908528750598831,139.3448702433544
342,17.1,ccurve,247,pure_pursuit,6.0,206.28155517578125,-351.98858642578125,206.29078674316406,-352.6973571777344,-88.3987045288086,-0.009250561246418456,0.15,0.0,0.7088308688682665,-0.28687286376952426,44,47,6.017146273929793,139.52576812584164
343,17.150000000000002,ccurve,247,pure_pursuit,6.0,206.28805541992188,-352.28680419921875,206.29078674316406,-352.6973571777344,-88.37706756591797,-0.009820422764099813,0.35,0.0,0.410562063876711,-0.30850982666016935,44,47,5.936791367432288,139.70688954898046
344,17.2,ccurve,247,pure_pursuit,6.0,206.29481506347656,-352.58502197265625,206.29078674316406,-352.6973571777344,-88.39888763427734,-0.009295623659786508,0.35,0.0,0.11240740929531515,-0.28668975830076776,44,47,5.9900619353028635,139.88821030360967
345,17.25,ccurve,247,pure_pursuit,6.0,206.30130004882812,-352.8815612792969,206.29078674316406,-352.6973571777344,-88.38134002685547,0.013517707189438719,0.35,0.0,0.18450387700109128,-0.3042373657226367,44,48,5.886841694622933,140.06909188412348
346,17.3,ccurve,247,pure_pursuit,6.0,206.30931091308594,-353.1785888671875,206.29078674316406,-352.6973571777344,-88.33148193359375,0.012829599389008755,0.35,0.0,0.4815880851985475,-0.35409545898438294,44,48,5.977515489077321,140.2494883247574
347,17.35,ccurve,247,pure_pursuit,6.0,206.31837463378906,-353.47467041015625,206.29078674316406,-352.6973571777344,-88.19760131835938,0.0097147725111253,0.35,0.0,0.7778026439960724,-0.487976074218734,44,48,5.896848119747498,140.42886805931036
348,17.400000000000002,ccurve,247,pure_pursuit,6.0,206.32847595214844,-353.771484375,206.33665466308594,-354.69683837890625,-88.09688568115234,0.007290931599226862,0.35,0.0,0.9253901468342568,-0.5886917114257624,45,48,5.972906951923518,140.60830112820153
349,17.45,ccurve,247,pure_pursuit,6.0,206.33880615234375,-354.0675964355469,206.33665466308594,-354.69683837890625,-87.96501922607422,0.0039989899469311295,0.35,0.0,0.6292456215093669,-0.7205581665038938,45,48,5.887016131265523,140.78751055257635
350,17.5,ccurve,247,pure_pursuit,6.0,206.34967041015625,-354.3650207519531,206.33665466308594,-354.69683837890625,-87.88121795654297,0.0971058197438784,0.35,0.0,0.33207280410867973,-0.8043594360351269,45,49,5.992200993609033,140.9675342020751
351,17.55,ccurve,247,pure_pursuit,6.0,206.36383056640625,-354.6617126464844,206.33665466308594,-354.69683837890625,-87.60739135742188,0.09317170699716923,0.35,0.0,0.044411111216092446,-1.0781860351562604,45,49,5.917028636226426,141.14494556588176
352,17.6,ccurve,247,pure_pursuit,6.0,206.38433837890625,-354.9588317871094,206.33665466308594,-354.69683837890625,-87.14013671875,0.08300176073110888,0.35,0.0,0.26629735765929335,-1.5454406738281317,45,49,5.995542163946769,141.31813637477165
353,17.650000000000002,ccurve,247,pure_pursuit,6.0,206.40830993652344,-355.2551574707031,206.33665466308594,-354.69683837890625,-86.57684326171875,0.06965415760742454,0.35,0.0,0.5628984690655058,-2.1087341308593706,45,49,5.9163381503519,141.48856894105015
354,17.7,ccurve,247,pure_pursuit,6.0,206.43507385253906,-355.5528564453125,206.33665466308594,-354.69683837890625,-86.07135772705078,0.05734584944893166,0.15,0.0,0.8616572792395507,-2.6142196655273584,45,49,6.028997828170248,141.65815175544063
355,17.75,ccurve,247,pure_pursuit,6.0,206.4632568359375,-355.8500061035156,206.38253784179688,-356.6963195800781,-85.5873794555664,0.19385663356344945,0.35,0.0,0.8501541369812767,-3.0981979370117454,46,50,5.950219586711749,141.82672030424567
356,17.8,ccurve,247,pure_pursuit,6.0,206.49667358398438,-356.146240234375,206.38253784179688,-356.6963195800781,-85.00731658935547,0.1845288227443546,0.35,0.0,0.5617955626505692,-3.678260803222638,46,50,5.992234613665881,141.9911161806975
357,17.85,ccurve,247,pure_pursuit,6.0,206.53909301757812,-356.43865966796875,206.38253784179688,-356.6963195800781,-84.06615447998047,0.16410002083125985,0.35,0.0,0.3014932061790264,-4.619422912597646,46,50,5.879507086668133,142.14660131136833
358,17.900000000000002,ccurve,247,pure_pursuit,6.0,206.58831787109375,-356.730224609375,206.38253784179688,-356.6963195800781,-83.07276916503906,0.14101054360504728,0.35,0.0,0.20855448081747052,-5.612808227539036,46,50,5.960389284177283,142.29677775516882
359,17.95,ccurve,247,pure_pursuit,6.0,206.64157104492188,-357.0202331542969,206.38253784179688,-356.6963195800781,-82.08920288085938,0.11733901498140804,0.35,0.0,0.414750773217318,-6.59637451171874,46,50,5.876159481756759,142.44332973889834
360,18.0,ccurve,247,pure_pursuit,6.0,206.6981964111328,-357.31085205078125,206.38253784179688,-356.6963195800781,-81.25065612792969,0.28266398555389627,0.35,0.0,0.6908621352655666,-7.434921264648447,46,51,5.964451877407068,142.58816665615657
361,18.05,ccurve,247,pure_pursuit,6.0,206.76075744628906,-357.59912109375,206.38253784179688,-356.6963195800781,-80.26825714111328,0.26579521041789067,0.35,0.0,0.9788261553056576,-8.417320251464854,46,51,5.866141127118203,142.72743001113253
362,18.1,ccurve,247,pure_pursuit,6.0,206.83505249023438,-357.88427734375,206.4284210205078,-358.6957702636719,-78.96897888183594,0.23863964262337445,0.35,0.0,0.9076727996669918,-9.716598510742163,47,51,5.931347475934428,142.85622921400986
363,18.150000000000002,ccurve,247,pure_pursuit,6.0,206.91757202148438,-358.16632080078125,206.4284210205078,-358.6957702636719,-77.51993560791016,0.20583210014637277,0.35,0.0,0.720822749024713,-11.165641784667987,47,51,5.857961378632262,142.97725360096936
364,18.2,ccurve,247,pure_pursuit,6.0,207.006591796875,-358.4480285644531,206.4284210205078,-358.6957702636719,-76.17591094970703,0.41006757799721416,0.35,0.0,0.6290130333918605,-12.509666442871108,47,52,5.954738383785142,143.0936384192837
365,18.25,ccurve,247,pure_pursuit,6.0,207.10360717773438,-358.7261962890625,206.4284210205078,-358.6957702636719,-74.69710540771484,0.38597020173459357,0.35,0.0,0.6758713560519067,-13.988471984863265,47,52,5.858687272018941,143.20217681440852
366,18.3,ccurve,247,pure_pursuit,6.0,207.2145233154297,-358.9977722167969,206.4284210205078,-358.6957702636719,-72.87216186523438,0.35060668515674853,0.35,0.0,0.8421175676666253,-15.813415527343778,47,52,5.906435498796061,143.29642373895243
367,18.35,ccurve,247,pure_pursuit,6.0,207.33653259277344,-359.2626037597656,206.4284210205078,-358.6957702636719,-70.85039520263672,0.6156470367668532,0.35,0.0,1.0704984072742045,-17.835182189941396,47,53,5.826573025135093,143.37841677608225
368,18.400000000000002,ccurve,247,pure_pursuit,6.0,207.4710235595703,-359.5211486816406,206.57839965820312,-360.347412109375,-68.69013977050781,0.585202791562486,0.35,0.0,1.216342337215694,-8.926193237304686,48,53,5.8782554740313255,143.44742544489216
369,18.45,ccurve,247,pure_pursuit,6.0,207.62005615234375,-359.76611328125,206.57839965820312,-360.347412109375,-66.09358215332031,0.5417975129601615,0.35,0.0,1.1928774368579684,-11.522750854492177,48,53,5.7268440324771435,143.49710458086244
370,18.5,ccurve,247,pure_pursuit,6.0,207.78414916992188,-359.9987487792969,206.57839965820312,-360.347412109375,-63.25657653808594,0.48854948423997757,0.35,0.0,1.2551485978764314,-14.359756469726554,48,53,5.788776986711449,143.52788969640042
371,18.55,ccurve,247,pure_pursuit,6.0,207.95936584472656,-360.222412109375,206.57839965820312,-360.347412109375,-60.407649993896484,0.6693137265112602,0.35,0.0,1.3866119169836546,-17.208683013916016,48,54,5.724507885383779,143.5449573606507
372,18.6,ccurve,247,pure_pursuit,6.0,208.14706420898438,-360.43609619140625,206.57839965820312,-360.347412109375,-57.5096549987793,0.6232387358021676,0.35,0.0,1.5711694177533708,-20.1066780090332,48,54,5.774588412806811,143.54662733270027
373,18.650000000000002,ccurve,247,pure_pursuit,6.0,208.34657287597656,-360.633544921875,207.1007537841797,-361.8019104003906,-54.330284118652344,0.5665431468971251,0.35,0.0,1.7079646076171004,-8.543281555175781,49,54,5.657022507903402,143.52923498972024
374,18.7,ccurve,247,pure_pursuit,6.0,208.5579071044922,-360.8193664550781,207.1007537841797,-361.8019104003906,-51.16075134277344,0.5052397985191135,0.35,0.0,1.7574664729001224,-11.712814331054686,49,54,5.755543288509754,143.4958224619174
375,18.75,ccurve,247,pure_pursuit,6.0,208.77798461914062,-360.99627685546875,207.1007537841797,-361.8019104003906,-48.11648941040039,0.44252772143673996,0.35,0.0,1.860685003553033,-14.75707626342773,49,54,5.706538835000423,143.45049359561241
376,18.8,ccurve,247,pure_pursuit,6.0,209.00680541992188,-361.1676330566406,207.1007537841797,-361.8019104003906,-45.3596076965332,0.5598540640721645,0.35,0.0,2.008815717508708,-17.51395797729492,49,55,5.831778491958746,143.39549647444156
377,18.85,ccurve,247,pure_pursuit,6.0,209.2426300048828,-361.32843017578125,207.96426391601562,-363.07501220703125,-42.58888244628906,0.5076560240165786,0.35,0.0,2.1644326390652506,-5.287551879882813,50,55,5.729489300656811,143.32876461854113
378,18.900000000000002,ccurve,247,pure_pursuit,6.0,209.487060546875,-361.4761962890625,207.96426391601562,-363.07501220703125,-39.7614860534668,0.4501466834460447,0.35,0.0,2.20796782551443,-8.11494827270508,50,55,5.817748209299997,143.24743127270605
379,18.95,ccurve,247,pure_pursuit,6.0,209.7376251220703,-361.6141662597656,207.96426391601562,-363.07501220703125,-37.01853942871094,0.3910944105245225,0.35,0.0,2.2975815216836457,-10.857894897460936,50,55,5.761317059658866,143.155482769488
380,19.0,ccurve,247,pure_pursuit,6.0,209.99508666992188,-361.7456970214844,209.0251007080078,-363.8748474121094,-34.5418815612793,0.3356694582710242,0.35,0.0,2.339691037767367,8.386821746826175,51,55,5.880401796511645,143.05461171844382
381,19.05,ccurve,247,pure_pursuit,6.0,210.2566375732422,-361.8717041015625,209.0251007080078,-363.8748474121094,-32.2968635559082,0.2838289658036867,0.35,0.0,2.351439170597446,6.1418037414550755,51,55,5.826319011549674,142.94750335551618
382,19.1,ccurve,247,pure_pursuit,6.0,210.52313232421875,-361.99407958984375,210.30661010742188,-364.2253112792969,-30.368873596191406,0.23841824271161166,0.35,0.0,2.241712899188136,25.935188293457035,52,55,5.940975589193853,142.83480972364373
383,19.150000000000002,ccurve,247,pure_pursuit,6.0,210.7920684814453,-362.1130065917969,210.30661010742188,-364.2253112792969,-28.664939880371094,0.33869805631417815,0.35,0.0,2.167371893733042,24.231254577636722,52,56,5.879052728563282,142.71849377922112
384,19.200000000000003,ccurve,247,pure_pursuit,6.0,211.06536865234375,-362.2246398925781,210.30661010742188,-364.2253112792969,-26.994735717773438,0.30340949537368006,0.35,0.0,2.139719730975785,22.561050415039062,52,56,5.9541325073210905,142.59452315108584
385,19.25,ccurve,247,pure_pursuit,6.0,211.34133911132812,-362.3260803222656,212.15773010253906,-364.22406005859375,-25.183238983154297,0.2624108442739092,0.35,0.0,2.0661126131076584,25.6131706237793,53,56,5.876452031663872,142.46214091637572
386,19.3,ccurve,247,pure_pursuit,6.0,211.62144470214844,-362.42095947265625,212.15773010253906,-364.22406005859375,-23.49686622619629,0.22293313551210295,0.35,0.0,1.8811628727147176,23.92679786682129,53,56,5.977931043270779,142.32273649299768
387,19.35,ccurve,247,pure_pursuit,6.0,211.90342712402344,-362.51092529296875,212.15773010253906,-364.22406005859375,-21.940141677856445,0.18557738374640798,0.35,0.0,1.7319066747590477,22.370073318481445,53,56,5.912476265107946,142.1790741283573
388,19.400000000000002,ccurve,247,pure_pursuit,6.0,212.18861389160156,-362.5976867675781,212.15773010253906,-364.22406005859375,-20.62019920349121,0.15348839807997555,0.15,0.0,1.6266664962910657,21.050130844116214,53,56,6.015656247506731,142.03135334178816
389,19.450000000000003,ccurve,247,pure_pursuit,6.0,212.4745330810547,-362.68170166015625,212.15773010253906,-364.22406005859375,-19.453920364379883,0.2252988292096495,0.35,0.0,1.5745582099201862,19.883852005004886,53,57,5.936625731676238,141.88168238024014
390,19.5,ccurve,247,pure_pursuit,6.0,212.76217651367188,-362.7594909667969,212.15773010253906,-364.22406005859375,-18.300241470336914,0.19967335553604573,0.35,0.0,1.5843983364602667,18.730173110961914,53,57,5.992218576432333,141.72693614977226
391,19.55,ccurve,247,pure_pursuit,6.0,213.0497589111328,-362.8298034667969,212.15773010253906,-364.22406005859375,-17.040325164794922,0.16994159651063195,0.35,0.0,1.655193897744377,17.470256805419922,53,57,5.894698325851089,141.56752327416189
392,19.6,ccurve,247,pure_pursuit,6.0,213.33921813964844,-362.895263671875,214.1579132080078,-364.2090759277344,-15.896441459655762,0.1422494040315161,0.35,0.0,1.5480194632504662,16.32637310028076,54,57,5.979873911535535,141.40383612395246
393,19.650000000000002,ccurve,247,pure_pursuit,6.0,213.6287384033203,-362.95745849609375,214.1579132080078,-364.2090759277344,-14.844168663024902,0.11632905606157973,0.35,0.0,1.3588863709312595,15.274100303649904,54,57,5.898847758255059,141.2382733077975
394,19.700000000000003,ccurve,247,pure_pursuit,6.0,213.92005920410156,-363.0173645019531,214.1579132080078,-364.2090759277344,-13.978657722473145,0.09482865667527708,0.35,0.0,1.2152162974186176,14.408589363098146,54,57,5.990050811049105,141.07025241648594
395,19.75,ccurve,247,pure_pursuit,6.0,214.21124267578125,-363.07562255859375,214.1579132080078,-364.2090759277344,-13.212239265441895,0.07564914430297202,0.35,0.0,1.1347072627551267,13.642170906066895,54,57,5.912595695505762,140.90161003846617
396,19.8,ccurve,247,pure_pursuit,6.0,214.50401306152344,-363.1326599121094,214.1579132080078,-364.2090759277344,-12.610584259033203,0.1340947080916133,0.15,0.0,1.1306885279764438,13.040515899658203,54,58,6.005234397145226,140.73140358070478
397,19.85,ccurve,247,pure_pursuit,6.0,214.79661560058594,-363.185546875,214.1579132080078,-364.2090759277344,-11.91185188293457,0.11847217828269552,0.35,0.0,1.2064627918325324,12.34178352355957,54,58,5.910293896448804,140.5588437659409
398,19.900000000000002,ccurve,247,pure_pursuit,6.0,215.08999633789062,-363.2333068847656,214.1579132080078,-364.2090759277344,-11.17833137512207,0.10102582418569095,0.35,0.0,1.3494088284238732,11.60826301574707,54,58,5.9752534515866405,140.38255697056533
399,19.950000000000003,ccurve,247,pure_pursuit,6.0,215.38226318359375,-363.2778015136719,216.1578826904297,-364.19403076171875,-10.442794799804688,0.08297203540650394,0.35,0.0,1.2004422744809369,10.872716754674911,55,58,5.878856917071297,140.20518310934125
400,20.0,ccurve,247,pure_pursuit,6.0,215.67544555664062,-363.3201599121094,216.1578826904297,-364.19403076171875,-9.827924728393555,0.0677072524392506,0.35,0.0,0.998196298257821,10.257846683263779,55,58,5.960361941594915,140.02605657290258
401,20.05,ccurve,247,pure_pursuit,6.0,215.9679412841797,-363.361083984375,216.1578826904297,-364.19403076171875,-9.263102531433105,0.05353203764123951,0.35,0.0,0.8543290184089302,9.69302448630333,55,58,5.8750342961856035,139.84680680132502
402,20.1,ccurve,247,pure_pursuit,6.0,216.26161193847656,-363.40087890625,216.1578826904297,-364.19403076171875,-8.824564933776855,0.09406224598042096,0.35,0.0,0.7999060086872026,9.25448688864708,55,59,5.9642177554124505,139.66632219779942
403,20.150000000000002,ccurve,247,pure_pursuit,6.0,216.55487060546875,-363.43768310546875,216.1578826904297,-364.19403076171875,-8.299173355102539,0.0820221238193965,0.35,0.0,0.8542020731664903,8.729095309972763,55,59,5.879949706036041,139.48441408825585
404,20.200000000000003,ccurve,247,pure_pursuit,6.0,216.84962463378906,-363.4709167480469,216.1578826904297,-364.19403076171875,-7.766119956970215,0.06915407744916108,0.35,0.0,1.0007001513796494,8.196041911840439,55,59,5.971023205285492,139.29931327679103
405,20.25,ccurve,247,pure_pursuit,6.0,217.1441192626953,-363.5021057128906,216.1578826904297,-364.19403076171875,-7.22641658782959,0.05577033041892002,0.35,0.0,1.2047501191824188,7.656338542699814,55,59,5.894009923968167,139.113333445785
406,20.3,ccurve,247,pure_pursuit,6.0,217.44009399414062,-363.53173828125,218.15782165527344,-364.17901611328125,-6.787573337554932,0.04476779878206042,0.35,0.0,0.9664893105431909,7.2174952924251565,56,59,5.987987896499797,138.9255886109293
407,20.35,ccurve,247,pure_pursuit,6.0,217.73573303222656,-363.560546875,218.15782165527344,-364.17901611328125,-6.377293586730957,0.034396296607789735,0.35,0.0,0.7487743347670222,6.807215541601181,56,59,5.912333840550331,138.73787806035463
408,20.400000000000002,ccurve,247,pure_pursuit,6.0,218.0327911376953,-363.5885925292969,218.15782165527344,-364.17901611328125,-6.070316791534424,0.02660905335719619,0.15,0.0,0.6035168919349384,6.500238746404649,56,59,6.00586889257318,138.54901025353178
409,20.450000000000003,ccurve,247,pure_pursuit,6.0,218.32928466796875,-363.6162414550781,218.15782165527344,-364.17901611328125,-5.781894683837891,0.05575870276453434,0.35,0.0,0.588315290161829,6.211816638708115,56,60,5.9194090376246145,138.3606410901598
410,20.5,ccurve,247,pure_pursuit,6.0,218.6261444091797,-363.6414489746094,218.15782165527344,-364.17901611328125,-5.484653472900391,0.04905377290027967,0.35,0.0,0.7129548586034048,5.914575427770615,56,60,5.984910540344736,138.170656970892
411,20.55,ccurve,247,pure_pursuit,6.0,218.92149353027344,-363.6643981933594,218.15782165527344,-364.17901611328125,-5.114351749420166,0.04004915406396019,0.35,0.0,0.9208834541736174,5.54427370429039,56,60,5.8875662622106,137.98049475974892
412,20.6,ccurve,247,pure_pursuit,6.0,219.2174530029297,-363.6857604980469,220.1577606201172,-364.1640319824219,-4.802339553833008,0.03231485374591203,0.35,0.0,1.0549511968366594,5.232261508703232,57,60,5.967796576076146,137.78914423968504
413,20.650000000000002,ccurve,247,pure_pursuit,6.0,219.5124969482422,-363.7062683105469,220.1577606201172,-364.1640319824219,-4.490449905395508,0.02445242027557741,0.35,0.0,0.7911465006748689,4.920371860265733,57,60,5.8814647337996,137.59819193965285
414,20.700000000000003,ccurve,247,pure_pursuit,6.0,219.80856323242188,-363.72607421875,220.1577606201172,-364.1640319824219,-4.260805130004883,0.01864145178375915,0.35,0.0,0.5601301798097477,4.690727084875107,57,60,5.970229561359972,137.40639556828214
415,20.75,ccurve,247,pure_pursuit,6.0,220.10397338867188,-363.7455749511719,220.1577606201172,-364.1640319824219,-4.033875465393066,0.0128666380031127,0.35,0.0,0.4218996957442789,4.46379742026329,57,60,5.890046226733936,137.2152084956109
416,20.8,ccurve,247,pure_pursuit,6.0,220.40060424804688,-363.7646789550781,220.1577606201172,-364.1640319824219,-3.8823864459991455,0.03351688132033784,0.35,0.0,0.4673926273216881,4.3123084008693695,57,61,5.9801048231329785,137.02326243913996
417,20.85,ccurve,247,pure_pursuit,6.0,220.69667053222656,-363.7823486328125,220.1577606201172,-364.1640319824219,-3.6579294204711914,0.028354213925047795,0.35,0.0,0.6603832771495404,4.087851375341415,57,61,5.90065339022062,136.83104750443033
418,20.900000000000002,ccurve,247,pure_pursuit,6.0,220.99411010742188,-363.79840087890625,220.1577606201172,-364.1640319824219,-3.445160388946533,0.023218848641957425,0.35,0.0,0.9127795838935419,3.8750823438167568,57,61,5.9948295397811195,136.63708777155844
419,20.950000000000003,ccurve,247,pure_pursuit,6.0,221.29115295410156,-363.8136291503906,222.15769958496094,-364.1490173339844,-3.2063605785369873,0.017259102854895965,0.35,0.0,0.9291869010850556,3.6362825334072113,58,61,5.9196294742253555,136.44317913313898
420,21.0,ccurve,247,pure_pursuit,6.0,221.58949279785156,-363.8280334472656,222.15769958496094,-364.1490173339844,-3.032776355743408,0.01287354858744623,0.15,0.0,0.6526021823823714,3.462698310613632,58,61,6.010431146812664,136.2481534662567
421,21.05,ccurve,247,pure_pursuit,6.0,221.88722229003906,-363.8422546386719,222.15769958496094,-364.1490173339844,-2.850372791290283,0.008238048859076847,0.35,0.0,0.40897593853874176,3.2802947461605076,58,61,5.922765344352117,136.0537901474614
422,21.1,ccurve,247,pure_pursuit,6.0,222.1851348876953,-363.85595703125,222.15769958496094,-364.1490173339844,-2.734711170196533,0.005273141729765348,0.35,0.0,0.29434170087653283,3.1646331250667576,58,61,5.992234488603486,135.85929953314758
423,21.150000000000002,ccurve,247,pure_pursuit,6.0,222.48141479492188,-363.86962890625,222.15769958496094,-364.1490173339844,-2.605621576309204,0.01788075110613233,0.35,0.0,0.427608969400713,3.0355435311794277,58,62,5.89626756137265,135.66628097509067
424,21.200000000000003,ccurve,247,pure_pursuit,6.0,222.7781982421875,-363.8821105957031,222.15769958496094,-364.1490173339844,-2.492523431777954,0.015359501462350591,0.35,0.0,0.6754685711118636,2.9224453866481777,58,62,5.972637686287331,135.47242366697674
425,21.25,ccurve,247,pure_pursuit,6.0,223.0740203857422,-363.8937072753906,222.15769958496094,-364.1490173339844,-2.324157953262329,0.011225990049141358,0.35,0.0,0.9512239672987299,2.754079908132553,58,62,5.884338294369762,135.2789492737801
426,21.3,ccurve,247,pure_pursuit,6.0,223.37083435058594,-363.9045715332031,224.18505859375,-364.1346740722656,-2.200226068496704,0.008140094505381203,0.35,0.0,0.8461136428631202,2.5303494036197662,59,62,5.976887038556605,135.08463486867672
427,21.35,ccurve,247,pure_pursuit,6.0,223.66705322265625,-363.9151916503906,224.18505859375,-364.1346740722656,-2.055542230606079,0.00446892072610142,0.35,0.0,0.5625851917657353,2.385665565729141,59,62,5.899553552988049,134.89091988339104
428,21.400000000000002,ccurve,247,pure_pursuit,6.0,223.96435546875,-363.9253845214844,224.18505859375,-364.1346740722656,-1.969970703125,0.002280832428367629,0.35,0.0,0.3041578298367199,2.300094038248062,59,62,5.984476548555581,134.6965297139461
429,21.450000000000003,ccurve,247,pure_pursuit,6.0,224.2611083984375,-363.93560791015625,224.18505859375,-364.1346740722656,-1.8637391328811646,-0.0004368954649704886,0.35,0.0,0.21309835684482145,2.1938624680042262,59,62,5.9033707770074635,134.5029109637735
430,21.5,ccurve,247,pure_pursuit,6.0,224.55923461914062,-363.9455871582031,224.18505859375,-364.1346740722656,-1.8085023164749146,0.008967017600836789,0.15,0.0,0.4192392622915999,2.138625651597977,59,63,6.005254309973197,134.30856136279138
431,21.55,ccurve,247,pure_pursuit,6.0,224.85679626464844,-363.955078125,224.18505859375,-364.1346740722656,-1.7013245820999146,0.006484301341031603,0.35,0.0,0.6953317213951156,2.0314479172229767,59,63,5.9232127513506345,134.1146140899103
432,21.6,ccurve,247,pure_pursuit,6.0,225.15444946289062,-363.963623046875,224.18505859375,-364.1346740722656,-1.62451171875,0.004641225076628486,0.35,0.0,0.9843663497196562,1.9546350538730621,59,63,5.980943447011613,133.92028676306518
433,21.650000000000002,ccurve,247,pure_pursuit,6.0,225.45046997070312,-363.9719543457031,226.24806213378906,-364.12689208984375,-1.5133057832717896,0.0018605389538576167,0.35,0.0,0.8125016696447401,1.6142460107803347,60,63,5.879427232914479,133.72727945902983
434,21.700000000000003,ccurve,247,pure_pursuit,6.0,225.74708557128906,-363.97979736328125,226.24806213378906,-364.12689208984375,-1.44781494140625,0.00019921348241816757,0.35,0.0,0.5221248651010724,1.548755168914795,60,63,5.969539373729438,133.53388858744594
435,21.75,ccurve,247,pure_pursuit,6.0,226.04278564453125,-363.9876403808594,226.24806213378906,-364.12689208984375,-1.3575440645217896,-0.002109362612990762,0.35,0.0,0.24805135657174276,1.4584842920303345,60,63,5.888884647219392,133.3414906474695
436,21.8,ccurve,247,pure_pursuit,6.0,226.33938598632812,-363.9951477050781,226.24806213378906,-364.12689208984375,-1.3202513456344604,-0.0030863856922271147,0.35,0.0,0.16030168108865694,1.4211915731430054,60,63,5.966549182560667,133.1486203933782
437,21.85,ccurve,247,pure_pursuit,6.0,226.63526916503906,-364.0028076171875,226.24806213378906,-364.12689208984375,-1.2540282011032104,0.003070991251313406,0.35,0.0,0.4066032973351521,1.3549684286117556,60,64,5.881222437137964,132.95672458503697
438,21.900000000000002,ccurve,247,pure_pursuit,6.0,226.93251037597656,-364.009765625,226.24806213378906,-364.12689208984375,-1.2079161405563354,0.002057127046530107,0.35,0.0,0.6943975842414437,1.3088563680648806,60,64,5.986600230566772,132.7637832883753
439,21.950000000000003,ccurve,247,pure_pursuit,6.0,227.22938537597656,-364.0163879394531,226.24806213378906,-364.12689208984375,-1.1176148653030396,-0.0001875141307555915,0.35,0.0,0.9875254289945857,1.2185550928115847,60,64,5.91679491894249,132.5712205927376
440,22.0,ccurve,247,pure_pursuit,6.0,227.52745056152344,-364.0226135253906,228.31105041503906,-364.12738037109375,-1.0728453397750854,-0.001297689374512952,0.35,0.0,0.7905724649823641,0.944602459669113,61,64,5.996854678105676,132.37795749491877
441,22.05,ccurve,247,pure_pursuit,6.0,227.82508850097656,-364.02886962890625,228.31105041503906,-364.12738037109375,-0.9966735243797302,-0.003228530159334815,0.35,0.0,0.4958460933047882,0.8684306442737579,61,64,5.91523119323971,132.1853899802185
442,22.1,ccurve,247,pure_pursuit,6.0,228.1241912841797,-364.0347595214844,228.31105041503906,-364.12738037109375,-0.962646484375,-0.00412263826982768,0.15,0.0,0.20855444509260285,0.8344036042690277,61,64,6.023375050410419,131.99197015936443
443,22.150000000000002,ccurve,247,pure_pursuit,6.0,228.42274475097656,-364.040771484375,228.31105041503906,-364.12738037109375,-0.9026488065719604,-0.00016323677636629372,0.35,0.0,0.14133903897784353,0.7744059264659882,61,65,5.943062963321791,131.79939956052337
444,22.200000000000003,ccurve,247,pure_pursuit,6.0,228.72134399414062,-364.0461730957031,228.31105041503906,-364.12738037109375,-0.8782348036766052,-0.0006812181209249402,0.35,0.0,0.4182528453320299,0.7499919235706329,61,65,5.996877555463625,131.6067351002663
445,22.25,ccurve,247,pure_pursuit,6.0,229.01821899414062,-364.0514221191406,228.31105041503906,-364.12738037109375,-0.8085631728172302,-0.002421368655469682,0.35,0.0,0.7112362865520131,0.6803202927112579,61,65,5.894054816892068,131.4154844444682
446,22.3,ccurve,247,pure_pursuit,6.0,229.315673828125,-364.0563049316406,228.31105041503906,-364.12738037109375,-0.7756652235984802,-0.0032523664977229237,0.35,0.0,1.007134509494086,0.647422343492508,61,65,5.984599579444718,131.22397023601445
447,22.35,ccurve,247,pure_pursuit,6.0,229.61216735839844,-364.061279296875,230.3569793701172,-364.1357116699219,-0.7120055556297302,-0.004875444122852115,0.35,0.0,0.7485219508858244,0.4166969954967498,62,65,5.903827470733973,131.03354972733317
448,22.400000000000002,ccurve,247,pure_pursuit,6.0,229.9095001220703,-364.06585693359375,230.3569793701172,-364.1357116699219,-0.696197509765625,-0.00531272448460315,0.35,0.0,0.45289884259078045,0.4008889496326447,62,65,5.979817257135642,130.84267568381836
449,22.450000000000003,ccurve,247,pure_pursuit,6.0,230.20611572265625,-364.0706481933594,230.3569793701172,-364.1357116699219,-0.6472472548484802,-0.006579461413914902,0.35,0.0,0.1642957580329359,0.3519386947154998,62,65,5.893969536499824,130.65282896738628
450,22.5,ccurve,247,pure_pursuit,6.0,230.50404357910156,-364.0751953125,230.3569793701172,-364.1357116699219,-0.637298583984375,-0.0028004159967760867,0.35,0.0,0.15902864861342453,0.3419900238513946,62,66,5.998775211689552,130.4623417163283
451,22.55,ccurve,247,pure_pursuit,6.0,230.8015594482422,-364.0797424316406,230.3569793701172,-364.1357116699219,-0.5857849717140198,-0.004034117621708701,0.35,0.0,0.4480892784919256,0.2904764115810394,62,66,5.9285441171014,130.27252480117207
452,22.6,ccurve,247,pure_pursuit,6.0,231.10023498535156,-364.0838317871094,230.3569793701172,-364.1357116699219,-0.5714110136032104,-0.004365439425513156,0.15,0.0,0.7450640454471468,0.27610245347023005,62,66,6.007928780398975,130.0820117022677
453,22.650000000000002,ccurve,247,pure_pursuit,6.0,231.39822387695312,-364.08795166015625,232.35694885253906,-364.14599609375,-0.5194396376609802,-0.0056862520237726645,0.35,0.0,0.9604804709537179,0.22413107752799985,63,66,5.91635523469731,129.89237312632042
454,22.700000000000003,ccurve,247,pure_pursuit,6.0,231.69647216796875,-364.09173583984375,232.35694885253906,-364.14599609375,-0.50689697265625,-0.0060275758744234315,0.35,0.0,0.662701762495742,0.21158841252326963,63,66,5.99457298050769,129.7027181861584
455,22.75,ccurve,247,pure_pursuit,6.0,231.99313354492188,-364.095703125,232.35694885253906,-364.14599609375,-0.4632568061351776,-0.0071499574441132975,0.35,0.0,0.36727504783510306,0.16794824600219727,63,66,5.901455900977067,129.51463385955935
456,22.8,ccurve,247,pure_pursuit,6.0,232.29013061523438,-364.0993957519531,232.35694885253906,-364.14599609375,-0.464691162109375,-0.007136576232817626,0.35,0.0,0.08146329659479236,0.16938260197639465,63,66,5.969975790050032,129.32653050848592
457,22.85,ccurve,247,pure_pursuit,6.0,232.58604431152344,-364.1033630371094,232.35694885253906,-364.14599609375,-0.4298705756664276,-0.005025052719639812,0.35,0.0,0.23302855371345416,0.13456201553344727,63,67,5.878151532659749,129.1397414230102
458,22.900000000000002,ccurve,247,pure_pursuit,6.0,232.88304138183594,-364.1068420410156,232.35694885253906,-364.14599609375,-0.4229430854320526,-0.005153813238537916,0.35,0.0,0.5275475231934176,0.12763452529907227,63,67,5.97853084910895,128.95229276178245
459,22.950000000000003,ccurve,247,pure_pursuit,6.0,233.17947387695312,-364.1103515625,232.35694885253906,-364.14599609375,-0.3766479194164276,-0.0063199418666919985,0.35,0.0,0.8232969988985666,0.08133935928344724,63,67,5.904961413726752,128.7656400859593
460,23.0,ccurve,247,pure_pursuit,6.0,233.47691345214844,-364.1134948730469,234.35693359375,-364.15631103515625,-0.373291015625,-0.006418880884126024,0.35,0.0,0.8810611064859295,0.07798245549201961,64,67,5.98347249230035,128.57847636152815
461,23.05,ccurve,247,pure_pursuit,6.0,233.77386474609375,-364.1168518066406,234.35693359375,-364.15631103515625,-0.3334655463695526,-0.007440349482544516,0.35,0.0,0.5844025255098027,0.038156986236572245,64,67,5.9002450968309805,128.39220412312352
462,23.1,ccurve,247,pure_pursuit,6.0,234.07220458984375,-364.1200256347656,234.35693359375,-364.15631103515625,-0.3301086127758026,-0.007533630819632485,0.15,0.0,0.28703176818420867,0.03480005264282227,64,67,6.007908710190044,128.20532730075084
463,23.150000000000002,ccurve,247,pure_pursuit,6.0,234.3700408935547,-364.12335205078125,234.35693359375,-364.15631103515625,-0.2955321967601776,-0.0063110351459058234,0.35,0.0,0.0354696484222984,0.00022363662719725297,64,68,5.927110923652113,128.01930970339484
464,23.200000000000003,ccurve,247,pure_pursuit,6.0,234.6678466796875,-364.1262512207031,234.35693359375,-364.15631103515625,-0.3010863959789276,-0.006136522648843869,0.35,0.0,0.31236283301976814,0.005777835845947243,64,68,5.980689922451655,127.83340327177544
465,23.25,ccurve,247,pure_pursuit,6.0,234.9639434814453,-364.1291809082031,234.35693359375,-364.15631103515625,-0.2646484076976776,-0.007070071765759721,0.35,0.0,0.6076158717054456,-0.030660152435302738,64,68,5.877364318892658,127.64902076609768
466,23.3,ccurve,247,pure_pursuit,6.0,235.26060485839844,-364.1319580078125,234.35693359375,-364.15631103515625,-0.2626952826976776,-0.007114838842742909,0.35,0.0,0.903999349829474,-0.03261327743530277,64,68,5.968686853741779,127.46458601641045
467,23.35,ccurve,247,pure_pursuit,6.0,235.5563201904297,-364.1347961425781,236.35690307617188,-364.1666259765625,-0.22634883224964142,-0.008060417431919889,0.35,0.0,0.8012153863192851,-0.06895972788333897,65,68,5.88814816558816,127.28121610617295
468,23.400000000000002,ccurve,247,pure_pursuit,6.0,235.85289001464844,-364.1373596191406,236.35690307617188,-364.1666259765625,-0.2336730808019638,-0.007905698518496311,0.35,0.0,0.5048620463680878,-0.06163547933101657,65,68,5.963949369115585,127.09752100280039
469,23.450000000000003,ccurve,247,pure_pursuit,6.0,236.14871215820312,-364.14019775390625,236.35690307617188,-364.1666259765625,-0.2038268744945526,-0.008676734596188096,0.35,0.0,0.20986164317816422,-0.09148168563842776,65,68,5.877816101923123,126.91493426212052
470,23.5,ccurve,247,pure_pursuit,6.0,236.44590759277344,-364.1427917480469,236.35690307617188,-364.1666259765625,-0.209197998046875,-0.006987218946348901,0.35,0.0,0.0921405145655962,-0.08611056208610537,65,69,5.983909168950213,126.73172903700556
471,23.55,ccurve,247,pure_pursuit,6.0,236.74269104003906,-364.1455383300781,236.35690307617188,-364.1666259765625,-0.1770324558019638,-0.0077836074181200044,0.35,0.0,0.3863638724040336,-0.11827610433101657,65,69,5.914043351454615,126.54933206515295
472,23.6,ccurve,247,pure_pursuit,6.0,237.04063415527344,-364.14788818359375,236.35690307617188,-364.1666259765625,-0.185089111328125,-0.007587278627468621,0.35,0.0,0.68398778747484,-0.11021944880485537,65,69,5.993171983046009,126.36633893436806
473,23.650000000000002,ccurve,247,pure_pursuit,6.0,237.33810424804688,-364.1504211425781,236.35690307617188,-364.1666259765625,-0.154388427734375,-0.008385311069818425,0.35,0.0,0.981334976617737,-0.14092013239860537,65,69,5.911064918681955,126.18422030861758
474,23.700000000000003,ccurve,247,pure_pursuit,6.0,237.63702392578125,-364.1527404785156,238.35687255859375,-364.17694091796875,-0.1582031100988388,-0.008312401899714657,0.15,0.0,0.7202553126716594,-0.13710545003414157,66,69,6.019501330071084,126.0014786497548
475,23.75,ccurve,247,pure_pursuit,6.0,237.9354705810547,-364.1552734375,238.35687255859375,-364.17694091796875,-0.129669189453125,-0.009053017717661089,0.35,0.0,0.4219586548273376,-0.16563937067985537,66,69,5.939121163758287,125.81964121238445
476,23.8,ccurve,247,pure_pursuit,6.0,238.23385620117188,-364.1575012207031,238.35687255859375,-364.17694091796875,-0.1458129733800888,-0.008676326030943286,0.35,0.0,0.12454286821462579,-0.14949558675289157,66,69,5.9924536367439405,125.63804611556242
477,23.85,ccurve,247,pure_pursuit,6.0,238.5305633544922,-364.1600036621094,238.35687255859375,-364.17694091796875,-0.12359619140625,-0.008059472739087387,0.35,0.0,0.1745146504333622,-0.17171236872673037,66,70,5.889302395836961,125.45814268758298
478,23.900000000000002,ccurve,247,pure_pursuit,6.0,238.82781982421875,-364.1621398925781,238.35687255859375,-364.17694091796875,-0.1325683444738388,-0.00783504966444029,0.35,0.0,0.4711797930220249,-0.16274021565914157,66,70,5.98011233378149,125.27805820620472
479,23.950000000000003,ccurve,247,pure_pursuit,6.0,239.12413024902344,-364.16448974609375,238.35687255859375,-364.17694091796875,-0.1033630296587944,-0.00858325879665126,0.35,0.0,0.7673587135131515,-0.19194553047418597,66,70,5.899470718489254,125.09916664527685
480,24.0,ccurve,247,pure_pursuit,6.0,239.4212646484375,-364.16656494140625,240.35684204101562,-364.1872253417969,-0.11557004600763321,-0.008286416307074105,0.35,0.0,0.9358054870792242,-0.17973851412534717,67,70,5.975176308988781,124.92000290173603
481,24.05,ccurve,247,pure_pursuit,6.0,239.7176971435547,-364.1688537597656,240.35684204101562,-364.1872253417969,-0.0892639011144638,-0.008968750585845633,0.35,0.0,0.6394088793383177,-0.20604465901851654,67,70,5.889178500792102,124.7418850585367
482,24.1,ccurve,247,pure_pursuit,6.0,240.01544189453125,-364.17095947265625,240.35684204101562,-364.1872253417969,-0.0973205491900444,-0.008779453315428043,0.35,0.0,0.34178741714471095,-0.19798801094293597,67,70,5.994511628925425,124.5632786029103
483,24.150000000000002,ccurve,247,pure_pursuit,6.0,240.31277465820312,-364.17327880859375,240.35684204101562,-364.1872253417969,-0.0714416429400444,-0.00944280238264605,0.35,0.0,0.046221640130238655,-0.22386691719293594,67,70,5.924420219686806,124.38554733697784
484,24.200000000000003,ccurve,247,pure_pursuit,6.0,240.61122131347656,-364.17529296875,240.35684204101562,-364.1872253417969,-0.08856201171875,-0.008130808112672685,0.15,0.0,0.2546589793906464,-0.20674654841423037,67,71,6.003525146017226,124.20735960663806
485,24.25,ccurve,247,pure_pursuit,6.0,240.90904235839844,-364.1775207519531,240.35684204101562,-364.1872253417969,-0.0648193284869194,-0.008726482689309355,0.35,0.0,0.5522855869762621,-0.230489231646061,67,71,5.911814660468703,124.03018037659011
486,24.3,ccurve,247,pure_pursuit,6.0,241.2071075439453,-364.1794128417969,240.35684204101562,-364.1872253417969,-0.0751037448644638,-0.008483774896884037,0.35,0.0,0.8503013939942263,-0.22020481526851657,67,71,5.990345912998593,123.8530488212522
487,24.35,ccurve,247,pure_pursuit,6.0,241.50355529785156,-364.1815185546875,242.35682678222656,-364.1975402832031,-0.050109852105379105,-0.009134418238074078,0.35,0.0,0.8534218897076312,-0.24519870802760124,68,71,5.897294142528906,123.67751897693873
488,24.400000000000002,ccurve,247,pure_pursuit,6.0,241.80032348632812,-364.183349609375,242.35682678222656,-364.1975402832031,-0.0665893480181694,-0.008742234548797355,0.35,0.0,0.5566841955449428,-0.22871921211481094,68,71,5.965637642662936,123.50203980576867
489,24.450000000000003,ccurve,247,pure_pursuit,6.0,242.0960693359375,-364.1854553222656,242.35682678222656,-364.1975402832031,-0.04388427734375,-0.009330654436874208,0.35,0.0,0.261037338471059,-0.2514242827892304,68,71,5.873685867146837,123.32785325994647
490,24.5,ccurve,247,pure_pursuit,6.0,242.3928680419922,-364.1873474121094,242.35682678222656,-364.1975402832031,-0.0551757775247097,-0.00839389053192463,0.35,0.0,0.03745486652795687,-0.2401327826082707,68,72,5.974429021933456,123.15333482381612
491,24.55,ccurve,247,pure_pursuit,6.0,242.68910217285156,-364.189453125,242.35682678222656,-364.1975402832031,-0.029663080349564552,-0.009035755215119592,0.35,0.0,0.33237379160035874,-0.2656454797834158,68,72,5.900991603157668,122.97979095221967
492,24.6,ccurve,247,pure_pursuit,6.0,242.98635864257812,-364.1912536621094,242.35682678222656,-364.1975402832031,-0.04510498046875,-0.008647072002195317,0.35,0.0,0.629563249247028,-0.25020357966423035,68,72,5.979327076276426,122.80586751327193
493,24.650000000000002,ccurve,247,pure_pursuit,6.0,243.2831268310547,-364.193115234375,242.35682678222656,-364.1975402832031,-0.021392822265625,-0.009290524288031126,0.35,0.0,0.9263106182680397,-0.2739157378673554,68,72,5.89598646381145,122.63275427614468
494,24.700000000000003,ccurve,247,pure_pursuit,6.0,243.58126831054688,-364.19482421875,244.35679626464844,-364.2078552246094,-0.031402587890625,-0.009072152650295989,0.15,0.0,0.775637424771821,-0.26390597224235535,69,72,6.004012530566624,122.4591871331384
495,24.75,ccurve,247,pure_pursuit,6.0,243.87892150878906,-364.19671630859375,244.35679626464844,-364.2078552246094,-0.008117674849927425,-0.009702127114677264,0.35,0.0,0.4780045582812578,-0.2871908852830529,69,72,5.9232761545986135,122.28653448422615
496,24.8,ccurve,247,pure_pursuit,6.0,244.17654418945312,-364.1983642578125,244.35679626464844,-364.2078552246094,-0.028717035427689552,-0.009223092326966689,0.35,0.0,0.18050177024881495,-0.26659152470529085,69,72,5.9766883316976,122.11418267702336
497,24.85,ccurve,247,pure_pursuit,6.0,244.4724578857422,-364.2002258300781,244.35679626464844,-364.2078552246094,-0.01025390625,-0.007181596885116653,0.35,0.0,0.11591297707740779,-0.28505465388298035,69,73,5.873216936399341,121.94348074833074
498,24.900000000000002,ccurve,247,pure_pursuit,6.0,244.7689208984375,-364.2017822265625,244.35679626464844,-364.2078552246094,-0.018463134765625,-0.006939983502392884,0.35,0.0,0.412169376690028,-0.2768454253673554,69,73,5.964827946094581,121.77269158350103
499,24.950000000000003,ccurve,247,pure_pursuit,6.0,245.06448364257812,-364.2034606933594,244.35679626464844,-364.2078552246094,0.01470930501818657,-0.007772721349082297,0.35,0.0,0.707701022173844,-0.3100178651511669,69,73,5.8844003778276175,121.60300524844023
500,25.0,ccurve,247,pure_pursuit,6.0,245.36085510253906,-364.2048034667969,246.3567657470703,-364.2181701660156,0.007275551091879606,-0.007594469285622953,0.35,0.0,0.9960003416358121,-0.30258411122485995,70,73,5.960138344164557,121.43306080194252
501,25.05,ccurve,247,pure_pursuit,6.0,245.65652465820312,-364.20635986328125,246.3567657470703,-364.2181701660156,0.03833719715476036,-0.008393551707739389,0.35,0.0,0.7003406783763042,-0.33364575728774076,70,73,5.873934147722332,121.26418072863555
502,25.1,ccurve,247,pure_pursuit,6.0,245.9535369873047,-364.2076721191406,246.3567657470703,-364.2181701660156,0.03464020788669586,-0.008324685568299317,0.35,0.0,0.4033653947605246,-0.3299487680196762,70,73,5.9803521387901775,121.09481754969222
503,25.150000000000002,ccurve,247,pure_pursuit,6.0,246.25015258789062,-364.2092590332031,246.3567657470703,-364.2181701660156,0.06418532878160477,-0.0023296886098076747,0.35,0.0,0.10698492416352595,-0.3594938889145851,70,74,5.910529092024285,120.92639877769656
504,25.200000000000003,ccurve,247,pure_pursuit,6.0,246.5479278564453,-364.2101135253906,246.3567657470703,-364.2181701660156,0.06820806860923767,-0.0022853435944719916,0.35,0.0,0.19133181000257082,-0.3635166287422181,70,74,5.98966007268154,120.75721110242986
505,25.25,ccurve,247,pure_pursuit,6.0,246.8452606201172,-364.2107849121094,246.3567657470703,-364.2181701660156,0.1247149407863617,-0.0036672353120788337,0.35,0.0,0.48855069641577864,-0.42002350091934204,70,74,5.907534495545271,120.58862202848753
506,25.3,ccurve,247,pure_pursuit,6.0,247.14404296875,-364.2110900878906,246.3567657470703,-364.2181701660156,0.14968690276145935,-0.00427959134886957,0.15,0.0,0.7873090570303024,-0.44499546289443975,70,74,6.016213685321974,120.41940829748187
507,25.35,ccurve,247,pure_pursuit,6.0,247.4423065185547,-364.21142578125,248.3567352294922,-364.2284851074219,0.2055128514766693,-0.005702594114692791,0.35,0.0,0.914587824102342,-0.5008214116096497,71,74,5.935798653885238,120.25101695749863
508,25.400000000000002,ccurve,247,pure_pursuit,6.0,247.7405242919922,-364.21148681640625,248.3567352294922,-364.2284851074219,0.21325451135635376,-0.0059046883126997,0.35,0.0,0.6164453433939466,-0.5085630714893342,71,74,5.989238527164007,120.08292908595652
509,25.450000000000003,ccurve,247,pure_pursuit,6.0,248.0370635986328,-364.2116394042969,248.3567352294922,-364.2284851074219,0.25573694705963135,0.0028836831690112604,0.35,0.0,0.3201151812864678,-0.5510455071926117,71,75,5.886038645979785,119.91636508315831
510,25.5,ccurve,247,pure_pursuit,6.0,248.3341522216797,-364.2110595703125,248.3567352294922,-364.2284851074219,0.2881549000740051,0.0022891855512553643,0.35,0.0,0.028524403331351932,-0.5834634602069855,71,75,5.97697941262654,119.74938932738137
511,25.55,ccurve,247,pure_pursuit,6.0,248.6303253173828,-364.2101135253906,248.3567352294922,-364.2284851074219,0.3736366331577301,0.00022212190642230569,0.35,0.0,0.2742062202400428,-0.6689451932907106,71,75,5.896317001116243,119.5831253220768
512,25.6,ccurve,247,pure_pursuit,6.0,248.92733764648438,-364.2085876464844,248.3567352294922,-364.2284851074219,0.4180927872657776,-0.0008613688933720797,0.35,0.0,0.5709492334954882,-0.7134013473987579,71,75,5.9722873306359645,119.41641575360411
513,25.650000000000002,ccurve,247,pure_pursuit,6.0,249.2236328125,-364.20703125,248.3567352294922,-364.2284851074219,0.4958498179912567,-0.002831877201257142,0.35,0.0,0.8671630108711195,-0.7911583781242371,71,75,5.886314260540213,119.25058514355534
514,25.700000000000003,ccurve,247,pure_pursuit,6.0,249.52120971679688,-364.205078125,250.35670471191406,-364.23876953125,0.5318243503570557,-0.003773807037899317,0.35,0.0,0.8361740235865808,-0.827132910490036,72,75,5.9916316859132035,119.08422176199669
515,25.75,ccurve,247,pure_pursuit,6.0,249.8184051513672,-364.20330810546875,250.35670471191406,-364.23876953125,0.5948235988616943,0.006843251853610523,0.35,0.0,0.5394663377852207,-0.8901321589946747,72,76,5.921417881279106,118.91873331388219
516,25.8,ccurve,247,pure_pursuit,6.0,250.11671447753906,-364.2005920410156,250.35670471191406,-364.23876953125,0.641432523727417,0.005954959974023316,0.15,0.0,0.24300788743570287,-0.9367410838603974,72,76,6.000788570420577,118.75235566362697
517,25.85,ccurve,247,pure_pursuit,6.0,250.4143524169922,-364.1972961425781,250.35670471191406,-364.23876953125,0.7470970153808594,0.0033947017815873686,0.35,0.0,0.07101619441157692,-1.0424055755138397,72,76,5.909171480724053,118.58637745137577
518,25.900000000000002,ccurve,247,pure_pursuit,6.0,250.71226501464844,-364.1933898925781,250.35670471191406,-364.23876953125,0.8164882659912109,0.0016881228511889074,0.35,0.0,0.35844447336589014,-1.1117968261241913,72,76,5.987801431797666,118.42025344301213
519,25.950000000000003,ccurve,247,pure_pursuit,6.0,251.0085906982422,-364.1893615722656,250.35670471191406,-364.23876953125,0.9129570722579956,-0.0007617735121308786,0.35,0.0,0.6537556772847132,-1.208265632390976,72,76,5.894652267391505,118.25540760090867
520,26.0,ccurve,247,pure_pursuit,6.0,251.3052520751953,-364.1849670410156,252.15908813476562,-364.23773193359375,0.9572324156761169,-0.0018969487275762047,0.35,0.0,0.8554648739202209,-0.5336965024471284,73,76,5.963416088072013,118.09058562597997
521,26.05,ccurve,247,pure_pursuit,6.0,251.60086059570312,-364.1806640625,252.15908813476562,-364.23773193359375,1.0306123495101929,0.010182355748801462,0.35,0.0,0.5611369951081,-0.6070764362812041,73,77,5.871527321658282,117.92692585965955
522,26.1,ccurve,247,pure_pursuit,6.0,251.89747619628906,-364.17529296875,252.15908813476562,-364.23773193359375,1.1003315448760986,0.008724064036068088,0.35,0.0,0.26895990534691927,-0.67679563164711,73,77,5.97204761356488,117.76233842258038
523,26.150000000000002,ccurve,247,pure_pursuit,6.0,252.1935272216797,-364.1693420410156,252.15908813476562,-364.23773193359375,1.2261945009231567,0.005674409360435209,0.35,0.0,0.07657171876301215,-0.802658587694168,73,77,5.898424970298127,117.59808305640195
524,26.200000000000003,ccurve,247,pure_pursuit,6.0,252.4906463623047,-364.16259765625,252.15908813476562,-364.23773193359375,1.3078731298446655,0.003657691152077433,0.35,0.0,0.33996473034832936,-0.8843372166156769,73,77,5.977351159048679,117.43310267225982
525,26.25,ccurve,247,pure_pursuit,6.0,252.78721618652344,-364.15576171875,252.15908813476562,-364.23773193359375,1.4181427955627441,0.0008685198968548616,0.35,0.0,0.6334539963774762,-0.9946068823337554,73,77,5.8941484475746435,117.26885895850393
526,26.3,ccurve,247,pure_pursuit,6.0,253.08518981933594,-364.14849853515625,253.94491577148438,-364.2123718261719,1.4815771579742432,-0.0007535024281683077,0.15,0.0,0.8620954182123369,-0.2796112298965455,74,77,6.001942520408298,117.10402815993413
527,26.35,ccurve,247,pure_pursuit,6.0,253.3826446533203,-364.1413269042969,253.94491577148438,-364.2123718261719,1.566667079925537,0.012343105114375603,0.35,0.0,0.5667417324017087,-0.3647011518478393,74,78,5.9210480365809115,116.94007727190821
528,26.400000000000002,ccurve,247,pure_pursuit,6.0,253.68006896972656,-364.1329650878906,253.94491577148438,-364.2123718261719,1.6378707885742188,0.010893602997481138,0.35,0.0,0.27649459033733187,-0.4359048604965211,74,78,5.974896446162515,116.77565971108751
529,26.450000000000003,ccurve,247,pure_pursuit,6.0,253.9757537841797,-364.1239318847656,253.94491577148438,-364.2123718261719,1.7714871168136597,0.007659742525996346,0.35,0.0,0.09366219228128919,-0.5695211887359619,74,78,5.871672970229053,116.61211402233165
530,26.5,ccurve,247,pure_pursuit,6.0,254.27198791503906,-364.1141662597656,253.94491577148438,-364.2123718261719,1.8690717220306396,0.00525549121735397,0.35,0.0,0.34149746757864907,-0.6671057939529419,74,78,5.963222457416869,116.4481784385987
531,26.55,ccurve,247,pure_pursuit,6.0,254.56732177734375,-364.104248046875,253.94491577148438,-364.2123718261719,1.9917253255844116,0.0021573172419132773,0.35,0.0,0.6317277798065078,-0.7897593975067141,74,78,5.882554721934618,116.28510764259325
532,26.6,ccurve,247,pure_pursuit,6.0,254.8634490966797,-364.0937805175781,255.73023986816406,-364.16278076171875,2.0581400394439697,0.0004474521040359834,0.35,0.0,0.869532791343687,-0.07774412631988518,75,78,5.9588920616274414,116.12167763033189
533,26.650000000000002,ccurve,247,pure_pursuit,6.0,255.15890502929688,-364.08349609375,255.73023986816406,-364.16278076171875,2.1497223377227783,0.014333719863783213,0.35,0.0,0.5768098097972243,-0.1693264245986936,75,79,5.872796229764838,115.95927942568188
534,26.700000000000003,ccurve,247,pure_pursuit,6.0,255.4556121826172,-364.0719299316406,255.73023986816406,-364.16278076171875,2.2410595417022705,0.012384195637995676,0.35,0.0,0.2892649978734337,-0.2606636285781858,75,79,5.978723394534399,115.7956641188852
535,26.75,ccurve,247,pure_pursuit,6.0,255.75189208984375,-364.05963134765625,255.73023986816406,-364.16278076171875,2.389831304550171,0.008782227751042813,0.35,0.0,0.10539743984131399,-0.40943539142608654,75,79,5.90870703215436,115.6321723035487
536,26.8,ccurve,247,pure_pursuit,6.0,256.04931640625,-364.04644775390625,255.73023986816406,-364.16278076171875,2.4926016330718994,0.006252694438570845,0.35,0.0,0.3396221516091227,-0.5122057199478148,75,79,5.988498622801313,115.46786345392698
537,26.85,ccurve,247,pure_pursuit,6.0,256.3462829589844,-364.0330505371094,255.73023986816406,-364.16278076171875,2.6213719844818115,0.00299393097992903,0.35,0.0,0.6295546210811598,-0.6409760713577268,75,79,5.906534616417236,115.3041398473624
538,26.900000000000002,ccurve,247,pure_pursuit,6.0,256.6446533203125,-364.0191345214844,257.51470947265625,-364.08892822265625,2.70042085647583,0.0009669974882838804,0.15,0.0,0.8728510004316199,0.05840516090393041,76,79,6.014905990833085,115.13978893550143
539,26.950000000000003,ccurve,247,pure_pursuit,6.0,256.9425354003906,-364.00531005859375,257.51470947265625,-364.08892822265625,2.798379421234131,0.015392141182202721,0.35,0.0,0.5782518191361026,-0.0395534038543701,76,80,5.93439868319866,114.97630594781573
540,27.0,ccurve,247,pure_pursuit,6.0,257.2403259277344,-363.9902648925781,257.51470947265625,-364.08892822265625,2.884580373764038,0.013612276971756406,0.35,0.0,0.29158323413049597,-0.12575435638427748,76,80,5.988162040287088,114.81235817267185
541,27.05,ccurve,247,pure_pursuit,6.0,257.5364074707031,-363.9744567871094,257.51470947265625,-364.08892822265625,3.034759044647217,0.009984459555471462,0.35,0.0,0.11650971064853156,-0.2759330272674563,76,80,5.8852340205606986,114.64915420855716
542,27.1,ccurve,247,pure_pursuit,6.0,257.8329772949219,-363.9577941894531,257.51470947265625,-364.08892822265625,3.147817611694336,0.0071944541893689835,0.35,0.0,0.34422455077147207,-0.3889915943145755,76,80,5.976134629364449,114.48550135634162
543,27.150000000000002,ccurve,247,pure_pursuit,6.0,258.1286315917969,-363.94097900390625,257.51470947265625,-364.08892822265625,3.2841434478759766,0.0037558971267597748,0.35,0.0,0.6314976957193519,-0.5253174304962158,76,80,5.895280995749281,114.32271209114711
544,27.200000000000003,ccurve,247,pure_pursuit,6.0,258.4250793457031,-363.923583984375,259.2980041503906,-363.9908752441406,3.362250566482544,0.0017580793330774869,0.35,0.0,0.8755146076905598,0.1750054359436034,77,80,5.971686148440965,114.15956063290996
545,27.25,ccurve,247,pure_pursuit,6.0,258.7208251953125,-363.90631103515625,259.2980041503906,-363.9908752441406,3.4635117053985596,0.016641982448579538,0.35,0.0,0.5833409394395608,0.07374429702758781,77,81,5.885799914537618,113.99740381743433
546,27.3,ccurve,247,pure_pursuit,6.0,259.0177917480469,-363.8877258300781,259.2980041503906,-363.9908752441406,3.5660746097564697,0.014449343174079013,0.35,0.0,0.2985946952788892,-0.028818607330322318,77,81,5.990640788196875,113.83404262023122
547,27.35,ccurve,247,pure_pursuit,6.0,259.3143005371094,-363.86822509765625,259.2980041503906,-363.9908752441406,3.727383852005005,0.010532399643388224,0.35,0.0,0.12372805119586139,-0.19012784957885734,77,81,5.920318548289705,113.67065455992889
548,27.400000000000002,ccurve,247,pure_pursuit,6.0,259.6118469238281,-363.8477783203125,259.2980041503906,-363.9908752441406,3.8420820236206055,0.0076970325356272825,0.15,0.0,0.34492610230020887,-0.3048260211944581,77,81,6.000283384834493,113.50647559902878
549,27.450000000000003,ccurve,247,pure_pursuit,6.0,259.9087829589844,-363.8271789550781,259.2980041503906,-363.9908752441406,3.9811036586761475,0.004187404237684668,0.35,0.0,0.6323347436920055,-0.44384765625000033,77,81,5.908760863153818,113.34300904497525
550,27.5,ccurve,247,pure_pursuit,6.0,260.2059326171875,-363.8060607910156,261.079833984375,-363.8685607910156,4.0662841796875,0.002009127465630542,0.35,0.0,0.876133465615931,0.24940156936645544,78,81,5.9872056068073904,113.17953203673164
551,27.55,ccurve,247,pure_pursuit,6.0,260.5014953613281,-363.7850646972656,261.079833984375,-363.8685607910156,4.170276641845703,0.017204991216517397,0.35,0.0,0.5843348017868388,0.14540910720825231,78,82,5.89400876791128,113.0174805631771
552,27.6,ccurve,247,pure_pursuit,6.0,260.79730224609375,-363.76275634765625,261.079833984375,-363.8685607910156,4.266218185424805,0.015183170742466159,0.35,0.0,0.3016931609612852,0.04946756362915052,78,82,5.962821381757112,112.85470756286635
553,27.650000000000002,ccurve,247,pure_pursuit,6.0,261.0920104980469,-363.73968505859375,261.079833984375,-363.8685607910156,4.427092552185059,0.01129147965893583,0.35,0.0,0.12944968865345363,-0.11140680313110296,78,82,5.871132642630105,112.6923405014286
554,27.700000000000003,ccurve,247,pure_pursuit,6.0,261.3877258300781,-363.7156982421875,261.079833984375,-363.8685607910156,4.550410747528076,0.008250367055405395,0.35,0.0,0.34375041452296146,-0.23472499847412104,78,82,5.971685212468951,112.52922941628533
555,27.75,ccurve,247,pure_pursuit,6.0,261.6828308105469,-363.6915283203125,261.079833984375,-363.8685607910156,4.695186138153076,0.004604615519361454,0.35,0.0,0.6284470288390321,-0.3795003890991204,78,82,5.8979150578475705,112.36679550474715
556,27.8,ccurve,247,pure_pursuit,6.0,261.97894287109375,-363.6667175292969,262.8598327636719,-363.7220458984375,4.779919147491455,0.00244471405535233,0.35,0.0,0.8826257594689053,0.31419706344604453,79,82,5.977080243132468,112.20386507982636
557,27.85,ccurve,247,pure_pursuit,6.0,262.2745361328125,-363.6419982910156,262.8598327636719,-363.7220458984375,4.886575698852539,0.01787759345823345,0.35,0.0,0.590745093546533,0.20754051208496052,79,83,5.893902602817968,112.04181216431087
558,27.900000000000002,ccurve,247,pure_pursuit,6.0,262.5714416503906,-363.6158447265625,262.8598327636719,-363.7220458984375,4.9958038330078125,0.015525550237693142,0.15,0.0,0.30732413365569267,0.09831237792968692,79,83,6.001354350766004,111.87842724418518
559,27.950000000000003,ccurve,247,pure_pursuit,6.0,262.8677062988281,-363.5887451171875,262.8598327636719,-363.7220458984375,5.163366794586182,0.011449438853709385,0.35,0.0,0.13353310764644497,-0.06925058364868153,79,83,5.920484454300674,111.71506442403401
560,28.0,ccurve,247,pure_pursuit,6.0,263.1639099121094,-363.56072998046875,262.8598327636719,-363.7220458984375,5.282332897186279,0.008497789219098145,0.35,0.0,0.3442175730435358,-0.1882166862487795,79,83,5.974849213617804,111.55147513527751
561,28.05,ccurve,247,pure_pursuit,6.0,263.4584045410156,-363.53277587890625,262.8598327636719,-363.7220458984375,5.425195217132568,0.004904059522994086,0.35,0.0,0.627782854915468,-0.3310790061950683,79,83,5.871729425381761,111.3892903371766
562,28.1,ccurve,247,pure_pursuit,6.0,263.7533874511719,-363.50421142578125,264.6376647949219,-363.5514221191406,5.515223503112793,0.002602436607785231,0.35,0.0,0.8855367130938325,0.3573222160339359,80,83,5.9630681328747555,111.22688860136486
563,28.150000000000002,ccurve,247,pure_pursuit,6.0,264.0474853515625,-363.47576904296875,264.6376647949219,-363.5514221191406,5.624490737915039,0.018177762573995653,0.35,0.0,0.5950085405254695,0.24805498123168956,80,84,5.882312518163623,111.06555721339097
564,28.200000000000003,ccurve,247,pure_pursuit,6.0,264.34228515625,-363.4459533691406,264.6376647949219,-363.5514221191406,5.72615385055542,0.016032287607987743,0.35,0.0,0.3136443657528219,0.1463918685913088,80,84,5.958518054924151,110.90323607701008
565,28.25,ccurve,247,pure_pursuit,6.0,264.63629150390625,-363.4153137207031,264.6376647949219,-363.5514221191406,5.89289665222168,0.01200410047320777,0.35,0.0,0.13611532629882223,-0.020350933074951165,80,84,5.872567414897247,110.74110059968812
566,28.3,ccurve,247,pure_pursuit,6.0,264.9314880371094,-363.3836669921875,264.6376647949219,-363.5514221191406,6.02195930480957,0.008822237156673268,0.35,0.0,0.33833988867503245,-0.14941358566284196,80,84,5.978627810942476,110.57807865015263
567,28.35,ccurve,247,pure_pursuit,6.0,265.2262878417969,-363.35174560546875,264.6376647949219,-363.5514221191406,6.171253681182861,0.005050253610165529,0.35,0.0,0.6215688227578366,-0.29870796203613265,80,84,5.908498518932972,110.41554962316906
568,28.400000000000002,ccurve,247,pure_pursuit,6.0,265.5221862792969,-363.3192443847656,266.41302490234375,-363.3565979003906,6.25945520401001,0.002815894552997705,0.35,0.0,0.891621409254847,0.39152097702026345,81,84,5.988418124950248,110.25256478744562
569,28.450000000000003,ccurve,247,pure_pursuit,6.0,265.8176574707031,-363.2867431640625,266.41302490234375,-363.3565979003906,6.3689446449279785,0.01854109841030058,0.35,0.0,0.5994514682989993,0.28203153610229426,81,85,5.90643917345219,110.09033576536507
570,28.5,ccurve,247,pure_pursuit,6.0,266.11444091796875,-363.2528381347656,266.41302490234375,-363.3565979003906,6.481631278991699,0.01612332044527381,0.15,0.0,0.31609885271510424,0.16934490203857355,81,85,6.014521301037273,109.92682828300259
571,28.55,ccurve,247,pure_pursuit,6.0,266.41058349609375,-363.21795654296875,266.41302490234375,-363.3565979003906,6.652882099151611,0.011968328074399188,0.35,0.0,0.13866285173851586,-0.0019059181213380847,81,85,5.934061346010863,109.76330170226797
572,28.6,ccurve,247,pure_pursuit,6.0,266.7066345214844,-363.18212890625,266.41302490234375,-363.3565979003906,6.775413990020752,0.008935555889673007,0.35,0.0,0.34153482746031083,-0.12443780899047865,81,85,5.988303530693025,109.59953525607072
573,28.650000000000002,ccurve,247,pure_pursuit,6.0,267.0009765625,-363.1463317871094,266.41302490234375,-363.3565979003906,6.921425819396973,0.005255525175122708,0.35,0.0,0.6244189243407777,-0.2704496383666999,81,85,5.8854540276732825,109.43711863992097
574,28.700000000000003,ccurve,247,pure_pursuit,6.0,267.2957763671875,-363.1099853515625,268.1855163574219,-363.1377258300781,7.01400899887085,0.002900830104436774,0.35,0.0,0.890172334085115,0.4153971672058098,82,85,5.9761671007628365,109.27457054301901
575,28.75,ccurve,247,pure_pursuit,6.0,267.58966064453125,-363.07379150390625,268.1855163574219,-363.1377258300781,7.125392436981201,0.018720935102482572,0.35,0.0,0.5992759202966915,0.3040137290954583,82,86,5.895247166882862,109.11312676592661
576,28.8,ccurve,247,pure_pursuit,6.0,267.8841857910156,-363.0361328125,268.1855163574219,-363.1377258300781,7.229799270629883,0.016513990414477656,0.35,0.0,0.3179956783846923,0.19960689544677737,82,86,5.971417381655312,108.9506507751564
577,28.85,ccurve,247,pure_pursuit,6.0,268.17791748046875,-362.99761962890625,268.1855163574219,-363.1377258300781,7.399542331695557,0.01240822928541432,0.35,0.0,0.14031211828549464,0.029863834381103356,82,86,5.88564748463677,108.78831652227159
578,28.900000000000002,ccurve,247,pure_pursuit,6.0,268.47283935546875,-362.9580078125,268.1855163574219,-363.1377258300781,7.5312676429748535,0.009145568513788734,0.35,0.0,0.3388997949967745,-0.10186147689819446,82,86,5.990751575243321,108.62504294761588
579,28.950000000000003,ccurve,247,pure_pursuit,6.0,268.7673034667969,-362.9182434082031,268.1855163574219,-363.1377258300781,7.682910442352295,0.005324403197308476,0.35,0.0,0.6218108829435471,-0.25350427627563576,82,86,5.920353127569971,108.46239875182326
580,29.0,ccurve,247,pure_pursuit,6.0,269.0628356933594,-362.877685546875,269.9549255371094,-362.8947448730469,7.773210048675537,0.003003555592663259,0.15,0.0,0.8922529405562852,0.43462610244750954,83,86,6.000353544700784,108.2991517325534
581,29.05,ccurve,247,pure_pursuit,6.0,269.35772705078125,-362.83734130859375,269.9549255371094,-362.8947448730469,7.884161949157715,0.01891279275101552,0.35,0.0,0.5999509990695305,0.32367420196533103,83,87,5.908780008032836,108.1369470317978
582,29.1,ccurve,247,pure_pursuit,6.0,269.6526794433594,-362.7955627441406,269.9549255371094,-362.8947448730469,7.995540142059326,0.016511628676875455,0.35,0.0,0.3181034358216047,0.21229600906371965,83,87,5.986956924292966,107.97399370618523
583,29.150000000000002,ccurve,247,pure_pursuit,6.0,269.94586181640625,-362.75311279296875,269.9549255371094,-362.8947448730469,8.166863441467285,0.012360292719528402,0.35,0.0,0.14192179938346564,0.040972709655761226,83,87,5.893817111851839,107.81175353984776
584,29.200000000000003,ccurve,247,pure_pursuit,6.0,270.23931884765625,-362.7096862792969,269.9549255371094,-362.8947448730469,8.291889190673828,0.0092727443600525,0.35,0.0,0.33930257618317433,-0.08405303955078124,83,87,5.963089075188259,107.64908228657725
585,29.25,ccurve,247,pure_pursuit,6.0,270.5317077636719,-362.6661682128906,269.9549255371094,-362.8947448730469,8.440793991088867,0.0055119858349926875,0.35,0.0,0.6204232639469452,-0.2329578399658202,83,87,5.871453740534707,107.48734564967864
586,29.3,ccurve,247,pure_pursuit,6.0,270.8251037597656,-362.62200927734375,271.72088623046875,-362.6277770996094,8.536499977111816,0.003071640496692868,0.35,0.0,0.8958010396246942,0.4497661590576163,84,87,5.971803559242454,107.32517861577016
587,29.35,ccurve,247,pure_pursuit,6.0,271.1178894042969,-362.5779724121094,271.72088623046875,-362.6277770996094,8.650074005126953,0.01898757095219094,0.35,0.0,0.6050501460790891,0.33619213104247975,84,88,5.897977486875434,107.16395071950184
588,29.400000000000002,ccurve,247,pure_pursuit,6.0,271.4115295410156,-362.5323791503906,271.72088623046875,-362.6277770996094,8.756108283996582,0.01673234192378932,0.35,0.0,0.3237318798396914,0.2301578521728514,84,88,5.976843165792231,107.00152914971666
589,29.450000000000003,ccurve,247,pure_pursuit,6.0,271.7044982910156,-362.4859313964844,271.72088623046875,-362.6277770996094,8.927528381347656,0.012577212374167536,0.35,0.0,0.1427892434833413,0.05873775482177695,84,88,5.893767080098273,106.83918142294742
590,29.5,ccurve,247,pure_pursuit,6.0,271.9987487792969,-362.4383850097656,271.72088623046875,-362.6277770996094,9.060982704162598,0.009274905496862263,0.15,0.0,0.33626917750017654,-0.07471656799316516,84,88,6.001522977235642,106.67588678356721
591,29.55,ccurve,247,pure_pursuit,6.0,272.2923889160156,-362.39068603515625,271.72088623046875,-362.6277770996094,9.213224411010742,0.005436344225912195,0.35,0.0,0.618730549133309,-0.22695827484130904,84,88,5.9206002238663,106.51328303300747
592,29.6,ccurve,247,pure_pursuit,6.0,272.5859680175781,-362.3424987792969,273.4830322265625,-362.3368225097656,9.302541732788086,0.003176384071524499,0.35,0.0,0.8970821674052795,0.46215438842773343,85,88,5.974955681987165,106.35084027558487
593,29.650000000000002,ccurve,247,pure_pursuit,6.0,272.8778991699219,-362.2945251464844,273.4830322265625,-362.3368225097656,9.412856101989746,0.01921576423267718,0.35,0.0,0.6066094980955804,0.35184001922607333,85,89,5.871772979657522,106.18983734067105
594,29.700000000000003,ccurve,247,pure_pursuit,6.0,273.17010498046875,-362.2451171875,273.4830322265625,-362.3368225097656,9.525602340698242,0.016779858049648714,0.35,0.0,0.32608791372827745,0.239093780517577,85,89,5.962838129524005,106.02799017855153
595,29.75,ccurve,247,pure_pursuit,6.0,273.4612731933594,-362.1949462890625,273.4830322265625,-362.3368225097656,9.69959831237793,0.012558067631602767,0.35,0.0,0.1435350742046575,0.06509780883788971,85,89,5.882147571189859,105.86643494841192
596,29.8,ccurve,247,pure_pursuit,6.0,273.75311279296875,-362.1436767578125,273.4830322265625,-362.3368225097656,9.82689094543457,0.009402490132071692,0.35,0.0,0.3320373380327262,-0.062194824218750146,85,89,5.958813536449002,105.70418446716323
597,29.85,ccurve,247,pure_pursuit,6.0,274.0442199707031,-362.09234619140625,273.4830322265625,-362.3368225097656,9.977458953857422,0.00560348601836483,0.35,0.0,0.6121277272042152,-0.2127628326416022,85,89,5.8728980124685455,105.54274686573541
598,29.900000000000002,ccurve,247,pure_pursuit,6.0,274.33660888671875,-362.0402526855469,273.4830322265625,-362.3368225097656,10.07482624053955,0.003115386776295915,0.35,0.0,0.9036297778408139,-0.3101301193237315,85,89,5.978775661087854,105.38068954485286
599,29.950000000000003,ccurve,247,pure_pursuit,6.0,274.6285400390625,-361.9883117675781,275.2410583496094,-362.0219421386719,10.189229965209961,0.019095112429986114,0.35,0.0,0.6134408550260582,0.3538961410522459,86,90,5.9086164055245565,105.21953875527892
600,30.0,ccurve,247,pure_pursuit,6.0,274.9214172363281,-361.9347839355469,275.2410583496094,-362.0219421386719,10.295770645141602,0.016839283214251523,0.35,0.0,0.33131102256287165,0.24735546112060544,86,90,5.988197012297394,105.05714890835206
601,30.05,ccurve,247,pure_pursuit,6.0,275.213623046875,-361.88037109375,275.2410583496094,-362.0219421386719,10.467902183532715,0.012670060017950006,0.35,0.0,0.14420491183173462,0.0752239227294911,86,90,5.906308320890507,104.89479187961
602,30.1,ccurve,247,pure_pursuit,6.0,275.5071105957031,-361.8247985839844,275.2410583496094,-362.0219421386719,10.602164268493652,0.00934711147338447,0.15,0.0,0.3311334758165544,-0.05903816223144601,86,90,6.014752693730589,104.73146666201512
603,30.150000000000002,ccurve,247,pure_pursuit,6.0,275.8000793457031,-361.76904296875,275.2410583496094,-362.0219421386719,10.754971504211426,0.00548798846231276,0.35,0.0,0.6135653707803447,-0.21184539794921925,86,90,5.934246106833471,104.56876627299818
604,30.200000000000003,ccurve,247,pure_pursuit,6.0,276.0929260253906,-361.7127685546875,276.9946594238281,-361.6832580566406,10.844783782958984,0.0031989587044310907,0.35,0.0,0.9022161555595298,0.47677230834961,87,90,5.9884434459450055,104.40622934653807
605,30.25,ccurve,247,pure_pursuit,6.0,276.3841247558594,-361.6568298339844,276.9946594238281,-361.6832580566406,10.955403327941895,0.019300461229155283,0.35,0.0,0.6111063996919687,0.36615276336670066,87,91,5.885515405610824,104.2452192831604
606,30.3,ccurve,247,pure_pursuit,6.0,276.675537109375,-361.5994567871094,276.9946594238281,-361.6832580566406,11.068462371826172,0.016862491718412122,0.35,0.0,0.32994197119640356,0.2530937194824226,87,91,5.9759533713408155,104.08339386879045
607,30.35,ccurve,247,pure_pursuit,6.0,276.96588134765625,-361.5414123535156,276.9946594238281,-361.6832580566406,11.24293327331543,0.012647813264277835,0.35,0.0,0.14473555597426596,0.07862281799316412,87,91,5.895092154041041,103.9219358029259
608,30.400000000000002,ccurve,247,pure_pursuit,6.0,277.2568664550781,-361.482177734375,276.9946594238281,-361.6832580566406,11.370888710021973,0.009480022018656364,0.35,0.0,0.33043278172630824,-0.04933261871337877,87,91,5.971726676541784,103.75972906781169
609,30.450000000000003,ccurve,247,pure_pursuit,6.0,277.547119140625,-361.4228515625,276.9946594238281,-361.6832580566406,11.522039413452148,0.005660057339397046,0.35,0.0,0.610756318734317,-0.2004833221435545,87,91,5.885993106948984,103.59830151049304
610,30.5,ccurve,247,pure_pursuit,6.0,277.83856201171875,-361.36279296875,276.9946594238281,-361.6832580566406,11.619745254516602,0.003169065255842635,0.35,0.0,0.9027011966344345,-0.2981891632080078,87,91,5.990921217209997,103.4363563957429
611,30.55,ccurve,247,pure_pursuit,6.0,278.12957763671875,-361.3028564453125,278.74346923828125,-361.32073974609375,11.734461784362793,0.019206479726676034,0.35,0.0,0.6141520258989658,0.3655242919921879,88,92,5.9204920908960945,103.27528253714993
612,30.6,ccurve,247,pure_pursuit,6.0,278.42144775390625,-361.24127197265625,278.74346923828125,-361.32073974609375,11.841663360595703,0.016925778028016016,0.15,0.0,0.3316820215420067,0.25832271575927834,88,92,6.000132914324689,103.11296857767199
613,30.650000000000002,ccurve,247,pure_pursuit,6.0,278.71246337890625,-361.1789245605469,278.74346923828125,-361.32073974609375,12.014296531677246,0.012749661260836388,0.35,0.0,0.14516511346489852,0.08568954467773508,88,92,5.908644138208345,102.9508540277696
614,30.700000000000003,ccurve,247,pure_pursuit,6.0,279.0035400390625,-361.1156311035156,278.74346923828125,-361.32073974609375,12.146384239196777,0.009488329116976904,0.35,0.0,0.3312195294351492,-0.04639816284179668,88,92,5.98720373338644,102.78843900716308
615,30.75,ccurve,247,pure_pursuit,6.0,279.2929992675781,-361.0523986816406,278.74346923828125,-361.32073974609375,12.29820442199707,0.005656551295675607,0.35,0.0,0.6115473652717838,-0.19821834564208946,88,92,5.894028807396463,102.62725684901174
616,30.8,ccurve,247,pure_pursuit,6.0,279.5827331542969,-360.98858642578125,278.74346923828125,-361.32073974609375,12.38927936553955,0.003341265360498809,0.35,0.0,0.9026016557266557,-0.28929328918456954,88,92,5.963249812793542,102.46603863622198
617,30.85,ccurve,247,pure_pursuit,6.0,279.8714294433594,-360.9250183105469,280.4872131347656,-360.93450927734375,12.501596450805664,0.01944513015213582,0.35,0.0,0.6158568283721851,0.3768205642700183,89,93,5.871521225640322,102.30601545861535
618,30.900000000000002,ccurve,247,pure_pursuit,6.0,280.1608581542969,-360.85986328125,280.4872131347656,-360.93450927734375,12.617016792297363,0.01694615774480013,0.35,0.0,0.33478291176460356,0.26140022277832003,89,93,5.971588592753742,102.14485500795358
619,30.950000000000003,ccurve,247,pure_pursuit,6.0,280.44952392578125,-360.7939453125,280.4872131347656,-360.93450927734375,12.793085098266602,0.012681779512831077,0.35,0.0,0.14552905100516145,0.08533191680908121,89,93,5.897817939756957,101.98384703989461
620,31.0,ccurve,247,pure_pursuit,6.0,280.739013671875,-360.7267761230469,280.4872131347656,-360.93450927734375,12.921833992004395,0.009486711827712668,0.35,0.0,0.3264300443934336,-0.04341697692871169,89,93,5.977147951839113,101.82198873651406
621,31.05,ccurve,247,pure_pursuit,6.0,281.0279235839844,-360.6596374511719,280.4872131347656,-360.93450927734375,13.073458671569824,0.005678963766003816,0.35,0.0,0.6065659986492846,-0.19504165649414168,89,93,5.8940996205773795,101.66096590996754
622,31.1,ccurve,247,pure_pursuit,6.0,281.318115234375,-360.5915832519531,280.4872131347656,-360.93450927734375,13.171760559082031,0.003169731791209288,0.15,0.0,0.8988862875945318,-0.29334354400634827,89,93,6.00169051940649,101.49926216999657
623,31.150000000000002,ccurve,247,pure_pursuit,6.0,281.6078186035156,-360.5237121582031,282.22552490234375,-360.5246276855469,13.286108016967773,0.019226459187049936,0.35,0.0,0.6177069772976974,0.37073802947998163,90,94,5.9207398026514895,101.33851230478803
624,31.200000000000003,ccurve,247,pure_pursuit,6.0,281.89715576171875,-360.4544372558594,282.22552490234375,-360.5246276855469,13.391145706176758,0.017004130566528303,0.35,0.0,0.33578711847615134,0.2657003402709971,90,94,5.974737628692184,101.17717824224651
625,31.25,ccurve,247,pure_pursuit,6.0,282.18463134765625,-360.3846435546875,282.22552490234375,-360.5246276855469,13.56191349029541,0.012873056867817687,0.35,0.0,0.1458349742257809,0.09493255615234376,90,94,5.871631782102475,101.0165837367516
626,31.3,ccurve,247,pure_pursuit,6.0,282.4724426269531,-360.3138122558594,282.22552490234375,-360.5246276855469,13.694244384765625,0.009596846395730252,0.35,0.0,0.3246713848194762,-0.03739833831787067,90,94,5.963104536244576,100.8555108672579
627,31.35,ccurve,247,pure_pursuit,6.0,282.7592468261719,-360.2430114746094,282.22552490234375,-360.5246276855469,13.847567558288574,0.0057334177236988,0.35,0.0,0.6034623287642645,-0.1907215118408194,90,94,5.882377464679577,100.69540755340455
628,31.400000000000002,ccurve,247,pure_pursuit,6.0,283.04681396484375,-360.17144775390625,282.22552490234375,-360.5246276855469,13.939957618713379,0.0033806411179698893,0.35,0.0,0.8940088300994602,-0.2831115722656252,90,94,5.958976568079661,100.53494972859842
629,31.450000000000003,ccurve,247,pure_pursuit,6.0,283.33367919921875,-360.10003662109375,283.9581604003906,-360.0911865234375,14.053215026855469,0.019456064398292828,0.35,0.0,0.624543909461611,0.3820610046386729,91,95,5.87296576095872,100.37547873365067
630,31.5,ccurve,247,pure_pursuit,6.0,283.6214904785156,-360.0270080566406,283.9581604003906,-360.0911865234375,14.169926643371582,0.01692369667039411,0.35,0.0,0.3427324202577226,0.2653493881225588,91,95,5.978590136857454,100.21479228242733
631,31.55,ccurve,247,pure_pursuit,6.0,283.90869140625,-359.9531555175781,283.9581604003906,-360.0911865234375,14.346473693847656,0.012640406692451393,0.35,0.0,0.14662789625387115,0.08880233764648562,91,95,5.908482366809891,100.05413847325055
632,31.6,ccurve,247,pure_pursuit,6.0,284.1967468261719,-359.8780517578125,283.9581604003906,-360.0911865234375,14.475237846374512,0.009446920106582482,0.35,0.0,0.31992172618485226,-0.03996181488036925,91,95,5.988512745577983,99.89265133984823
633,31.650000000000002,ccurve,247,pure_pursuit,6.0,284.4843444824219,-359.80279541015625,283.9581604003906,-360.0911865234375,14.6267728805542,0.005606228436925416,0.35,0.0,0.6000326011165293,-0.19149684906005812,91,95,5.906648917326668,99.73178781187248
634,31.700000000000003,ccurve,247,pure_pursuit,6.0,284.7732238769531,-359.7268371582031,283.9581604003906,-360.0911865234375,14.724908828735352,0.003122972664542885,0.15,0.0,0.8927927703408227,-0.2896327972412105,91,95,6.014925523178434,99.57049044072745
635,31.75,ccurve,247,pure_pursuit,6.0,285.06158447265625,-359.65093994140625,285.6846923828125,-359.6341857910156,14.838887214660645,0.019209181043928315,0.35,0.0,0.6233331125927781,0.37481880187988276,92,96,5.93440298603829,99.4100450294647
636,31.8,ccurve,247,pure_pursuit,6.0,285.349609375,-359.57366943359375,285.6846923828125,-359.6341857910156,14.943764686584473,0.01699128410614303,0.35,0.0,0.3405038203020402,0.26994132995605535,92,96,5.988235668365754,99.2490284498663
637,31.85,ccurve,247,pure_pursuit,6.0,285.6357116699219,-359.4959716796875,285.6846923828125,-359.6341857910156,15.114500999450684,0.012867112919090913,0.35,0.0,0.1466364579683278,0.09920501708984457,92,96,5.8853773580365525,99.08881648437274
638,31.900000000000002,ccurve,247,pure_pursuit,6.0,285.92218017578125,-359.41717529296875,285.6846923828125,-359.6341857910156,15.246794700622559,0.009590943434327145,0.35,0.0,0.32170484620490347,-0.03308868408203189,92,96,5.976231679409666,98.92807565765105
639,31.950000000000003,ccurve,247,pure_pursuit,6.0,286.2076416015625,-359.3383483886719,285.6846923828125,-359.6341857910156,15.400090217590332,0.005707394561793866,0.35,0.0,0.6008291387880028,-0.18638420104980438,92,96,5.895344060122127,98.76823488506899
640,32.0,ccurve,247,pure_pursuit,6.0,286.4937744140625,-359.2589111328125,285.6846923828125,-359.6341857910156,15.4924955368042,0.0033674764591803672,0.35,0.0,0.891877122916099,-0.27878952026367215,92,96,5.971898989383401,98.60824434016655
641,32.050000000000004,ccurve,247,pure_pursuit,6.0,286.77923583984375,-359.1795959472656,287.4049072265625,-359.1537780761719,15.605668067932129,0.019473623088779216,0.35,0.0,0.6262038379205106,0.3864679336547853,93,97,5.886064045861207,98.44920112135063
642,32.1,ccurve,247,pure_pursuit,6.0,287.06561279296875,-359.0986633300781,287.4049072265625,-359.1537780761719,15.722220420837402,0.016957347055009418,0.35,0.0,0.3437416877608565,0.2699155807495115,93,97,5.99072397963356,98.28898117071483
643,32.15,ccurve,247,pure_pursuit,6.0,287.35125732421875,-359.0168762207031,287.4049072265625,-359.1537780761719,15.898874282836914,0.012668432804917617,0.35,0.0,0.14703887258912327,0.09326171875000125,93,97,5.9203468152318885,98.12879205619893
644,32.2,ccurve,247,pure_pursuit,6.0,287.6377868652344,-358.9338684082031,287.4049072265625,-359.1537780761719,16.027957916259766,0.009478921552114421,0.15,0.0,0.32030171428524845,-0.03582191467285255,93,97,6.000443379858729,97.9678209848062
645,32.25,ccurve,247,pure_pursuit,6.0,287.923583984375,-358.8507995605469,287.4049072265625,-359.1537780761719,16.17962074279785,0.005648372053544896,0.35,0.0,0.600684243197052,-0.1874847412109359,93,97,5.9089729592883256,97.80764156875146
646,32.300000000000004,ccurve,247,pure_pursuit,6.0,288.20953369140625,-358.7672119140625,287.4049072265625,-359.1537780761719,16.275428771972656,0.00321654996928204,0.35,0.0,0.8926685530559044,-0.28329277038574296,93,97,5.9873657876163975,97.6475657724423
647,32.35,ccurve,247,pure_pursuit,6.0,288.4939270019531,-358.6840515136719,289.118408203125,-358.6501159667969,16.38833999633789,0.01933830598386772,0.35,0.0,0.6254025839079761,0.38222694396972706,94,98,5.894162257244048,97.48897689519248
648,32.4,ccurve,247,pure_pursuit,6.0,288.77825927734375,-358.5993957519531,289.118408203125,-358.6501159667969,16.494712829589844,0.017068471019088975,0.35,0.0,0.3439096275243461,0.27585411071777155,94,98,5.963010361561061,97.32960971678474
649,32.45,ccurve,247,pure_pursuit,6.0,289.0613098144531,-358.5142517089844,289.118408203125,-358.6501159667969,16.667041778564453,0.012906534693985217,0.35,0.0,0.14737476900699784,0.10352516174316206,94,98,5.8713596109577715,97.17076348156911
650,32.5,ccurve,247,pure_pursuit,6.0,289.34515380859375,-358.4278869628906,289.118408203125,-358.6501159667969,16.80107879638672,0.009595101574794481,0.35,0.0,0.31748905457756194,-0.030511856079102097,94,98,5.971843762661749,97.0111690427761
651,32.550000000000004,ccurve,247,pure_pursuit,6.0,289.6283264160156,-358.3414306640625,289.118408203125,-358.6501159667969,16.95534324645996,0.005701400398114171,0.35,0.0,0.5960731498413442,-0.18477630615234375,94,98,5.898032888675788,96.8523104815301
652,32.6,ccurve,247,pure_pursuit,6.0,289.9123840332031,-358.25408935546875,289.118408203125,-358.6501159667969,17.048095703125,0.0033262536169373414,0.35,0.0,0.8872624727938658,-0.2775287628173851,94,98,5.977293529773028,96.69301090462882
653,32.65,ccurve,247,pure_pursuit,6.0,290.19598388671875,-358.1669921875,290.82489013671875,-358.1231689453125,17.161378860473633,0.019450304402135327,0.35,0.0,0.6304312395851642,0.3876190185546892,95,99,5.894148246801091,96.53471829099844
654,32.7,ccurve,247,pure_pursuit,6.0,290.48046875,-358.078125,290.82489013671875,-358.1231689453125,17.27836799621582,0.016910031293435605,0.15,0.0,0.34735435600922326,0.27062988281250067,95,99,6.0014860869337365,96.37514051047435
655,32.75,ccurve,247,pure_pursuit,6.0,290.76416015625,-357.98846435546875,290.82489013671875,-358.1231689453125,17.45444107055664,0.012629167491106399,0.35,0.0,0.14776148704147393,0.09455680847168017,95,99,5.920600303986574,96.21565684551726
656,32.800000000000004,ccurve,247,pure_pursuit,6.0,291.04754638671875,-357.89794921875,290.82489013671875,-358.1231689453125,17.581348419189453,0.009492976237145697,0.35,0.0,0.3167013275894968,-0.03235054016113275,95,99,5.9750393173070435,96.05608040501473
657,32.85,ccurve,247,pure_pursuit,6.0,291.32928466796875,-357.80767822265625,290.82489013671875,-358.1231689453125,17.731203079223633,0.005703091747335722,0.35,0.0,0.5949354916602893,-0.18220520019531258,95,99,5.8719635924040015,95.89781030582857
658,32.9,ccurve,247,pure_pursuit,6.0,291.61138916015625,-357.7168273925781,290.82489013671875,-358.1231689453125,17.827077865600586,0.003265086339878473,0.35,0.0,0.8852650288736837,-0.27807998657226307,95,99,5.963267368967942,95.73954025213838
659,32.95,ccurve,247,pure_pursuit,6.0,291.8926696777344,-357.6262512207031,292.5240783691406,-357.5730895996094,17.941226959228516,0.019359553064781185,0.35,0.0,0.6336427175788171,0.38619995117187417,96,100,5.882497722513386,95.58239551152302
660,33.0,ccurve,247,pure_pursuit,6.0,292.1742858886719,-357.5340881347656,292.5240783691406,-357.5730895996094,18.048627853393555,0.017074056867577667,0.35,0.0,0.351960073946519,0.2787990570068355,96,100,5.958723741659345,95.42428614158263
661,33.050000000000004,ccurve,247,pure_pursuit,6.0,292.4549255371094,-357.4412841796875,292.5240783691406,-357.5730895996094,18.221691131591797,0.012889241298257479,0.35,0.0,0.14884482825655743,0.10573577880859161,96,100,5.8727909933224804,95.26644852344805
662,33.1,ccurve,247,pure_pursuit,6.0,292.7365417480469,-357.34716796875,292.5240783691406,-357.5730895996094,18.356657028198242,0.009550274888032203,0.35,0.0,0.310131054018169,-0.02923011779785122,96,100,5.978806460220467,95.10776083990406
663,33.15,ccurve,247,pure_pursuit,6.0,293.0177307128906,-357.2529296875,292.5240783691406,-357.5730895996094,18.511138916015625,0.005655484247747809,0.35,0.0,0.5883833833579521,-0.18371200561523482,96,100,5.908651742886762,94.94971830391152
664,33.2,ccurve,247,pure_pursuit,6.0,293.2998046875,-357.15777587890625,292.5240783691406,-357.5730895996094,18.603736877441406,0.0032901178726229296,0.35,0.0,0.8799072721597792,-0.27630996704101607,96,100,5.988622624268771,94.79124383729145
665,33.25,ccurve,247,pure_pursuit,6.0,293.5815124511719,-357.0627136230469,294.21563720703125,-356.9999694824219,18.716840744018555,0.019385067448114524,0.35,0.0,0.6372213376657139,0.3890151977539066,97,101,5.906663950714756,94.63361375470765
666,33.300000000000004,ccurve,247,pure_pursuit,6.0,293.8641052246094,-356.96600341796875,294.21563720703125,-356.9999694824219,18.833724975585938,0.016857452674913183,0.15,0.0,0.3531691212434735,0.27213096618652427,97,101,6.014695255678782,94.47485031337365
667,33.35,ccurve,247,pure_pursuit,6.0,294.1459045410156,-356.8684997558594,294.21563720703125,-356.9999694824219,19.009523391723633,0.012591954205300347,0.35,0.0,0.14881845890905207,0.09633255004882896,97,101,5.934236985045618,94.31617065966267
668,33.4,ccurve,247,pure_pursuit,6.0,294.4273681640625,-356.77008056640625,294.21563720703125,-356.9999694824219,19.13628387451172,0.009453461390040135,0.35,0.0,0.3125362568922334,-0.03042793273925643,97,101,5.9885203200757555,94.15734985224046
669,33.45,ccurve,247,pure_pursuit,6.0,294.7071838378906,-356.6719970703125,294.21563720703125,-356.9999694824219,19.285982131958008,0.0056707819146281195,0.35,0.0,0.5909179244311721,-0.1801261901855454,97,101,5.8856940981280745,93.99989580615356
670,33.5,ccurve,247,pure_pursuit,6.0,294.98736572265625,-356.5732727050781,294.21563720703125,-356.9999694824219,19.381628036499023,0.0032318004313022486,0.35,0.0,0.8818361761825763,-0.275772094726563,97,101,5.976397084618175,93.84240938570365
671,33.550000000000004,ccurve,247,pure_pursuit,6.0,295.2667236328125,-356.4748840332031,295.89923095703125,-356.4039611816406,19.495519638061523,0.019347337539093488,0.35,0.0,0.6364711824302176,0.3887672424316406,98,102,5.895467782855851,93.68610465724622
672,33.6,ccurve,247,pure_pursuit,6.0,295.54632568359375,-356.3748779296875,295.89923095703125,-356.4039611816406,19.60291290283203,0.017057306936823717,0.35,0.0,0.35410163451213494,0.28137397766113137,98,102,5.971642222250316,93.52884414836396
673,33.65,ccurve,247,pure_pursuit,6.0,295.8249206542969,-356.2742004394531,295.89923095703125,-356.4039611816406,19.775970458984375,0.012855205960201151,0.35,0.0,0.14953217481707842,0.10831642150878928,98,102,5.885882788337549,93.37181710737163
674,33.7,ccurve,247,pure_pursuit,6.0,296.1044921875,-356.17230224609375,295.89923095703125,-356.4039611816406,19.91074562072754,0.009529774623144633,0.35,0.0,0.30951257672711213,-0.0264587402343772,98,102,5.99095226777905,93.21407095125345
675,33.75,ccurve,247,pure_pursuit,6.0,296.3835754394531,-356.07025146484375,295.89923095703125,-356.4039611816406,20.065080642700195,0.005634312715475276,0.35,0.0,0.5881766339605514,-0.18079376220703328,98,102,5.9205397419127825,93.05695898306521
676,33.800000000000004,ccurve,247,pure_pursuit,6.0,296.6635437011719,-355.96734619140625,295.89923095703125,-356.4039611816406,20.157657623291016,0.0032859895428290434,0.15,0.0,0.8802310040853684,-0.27337074279785395,98,102,6.00056296694201,92.89951681865277
677,33.85,ccurve,247,pure_pursuit,6.0,296.9429016113281,-355.8645935058594,297.5746154785156,-355.7850646972656,20.27057647705078,0.01942771196209609,0.35,0.0,0.6367002759488389,0.3921394348144528,99,103,5.909000081913528,92.74303736286065
678,33.9,ccurve,247,pure_pursuit,6.0,297.2220153808594,-355.7604675292969,297.5746154785156,-355.7850646972656,20.384416580200195,0.01696805805063219,0.35,0.0,0.353456998147271,0.27829933166503895,99,103,5.9871471700306635,92.58595142122176
679,33.95,ccurve,247,pure_pursuit,6.0,297.4992980957031,-355.656005859375,297.5746154785156,-355.7850646972656,20.55848503112793,0.012743254464204132,0.35,0.0,0.14942855079068154,0.10423088073730331,99,103,5.894009566439849,92.42958275376274
680,34.0,ccurve,247,pure_pursuit,6.0,297.7765808105469,-355.550537109375,297.5746154785156,-355.7850646972656,20.686094284057617,0.009583917033253082,0.35,0.0,0.30950474119839894,-0.023378372192382972,99,103,5.963298467650533,92.27291193427291
681,34.050000000000004,ccurve,247,pure_pursuit,6.0,298.05279541015625,-355.44525146484375,297.5746154785156,-355.7850646972656,20.837230682373047,0.005769582033123914,0.35,0.0,0.5866251613703899,-0.1745147705078137,99,103,5.871676703371533,92.11731038969202
682,34.1,ccurve,247,pure_pursuit,6.0,298.3298645019531,-355.3391418457031,297.5746154785156,-355.7850646972656,20.93480110168457,0.0032914740173077715,0.35,0.0,0.8770680001852358,-0.27208518981933516,99,103,5.972006565415526,91.9614278984265
683,34.15,ccurve,247,pure_pursuit,6.0,298.6063537597656,-355.2331848144531,299.24139404296875,-355.1435241699219,21.049955368041992,0.019359358364667924,0.35,0.0,0.641338594245243,0.39119148254394426,100,104,5.8981764870236315,91.80649529234485
684,34.2,ccurve,247,pure_pursuit,6.0,298.88336181640625,-355.1255798339844,299.24139404296875,-355.1435241699219,21.1578369140625,0.01706356423150826,0.35,0.0,0.35848162358695485,0.2833099365234357,100,104,5.977044098953139,91.6505430427233
685,34.25,ccurve,247,pure_pursuit,6.0,299.15948486328125,-355.0173034667969,299.24139404296875,-355.1435241699219,21.33126449584961,0.012865211989553945,0.35,0.0,0.15046853363560286,0.10988235473632552,100,104,5.893972541656755,91.49478592058747
686,34.300000000000004,ccurve,247,pure_pursuit,6.0,299.4366455078125,-354.90765380859375,299.24139404296875,-355.1435241699219,21.466625213623047,0.009520789445306908,0.15,0.0,0.3061992192620523,-0.02547836303711077,100,104,6.0017003903870245,91.3381932753218
687,34.35,ccurve,247,pure_pursuit,6.0,299.71319580078125,-354.7979736328125,299.24139404296875,-355.1435241699219,21.620573043823242,0.0056452871041657825,0.35,0.0,0.584809432526137,-0.179426193237306,100,104,5.920770122331785,91.18238058343559
688,34.4,ccurve,247,pure_pursuit,6.0,299.9895324707031,-354.6876525878906,299.24139404296875,-355.1435241699219,21.71136474609375,0.003311484996273818,0.35,0.0,0.8760878987616124,-0.2702178955078145,100,104,5.975142715826253,91.02667787466548
689,34.45,ccurve,247,pure_pursuit,6.0,300.26434326171875,-354.5780334472656,300.89935302734375,-354.4794006347656,21.822837829589844,0.019487840993818013,0.35,0.0,0.6426241779926877,0.39673805236816334,101,105,5.871975068666289,90.8726279947896
690,34.5,ccurve,247,pure_pursuit,6.0,300.53912353515625,-354.4669494628906,300.89935302734375,-354.4794006347656,21.93689727783203,0.017020166141064146,0.35,0.0,0.36044461255888527,0.2826786041259768,101,105,5.96301298783747,90.71784122275508
691,34.550000000000004,ccurve,247,pure_pursuit,6.0,300.81268310546875,-354.3553161621094,300.89935302734375,-354.4794006347656,22.11234474182129,0.012755026343038298,0.35,0.0,0.15135597679708013,0.10723114013671976,101,105,5.882318269988814,90.56341350891495
692,34.6,ccurve,247,pure_pursuit,6.0,301.0867004394531,-354.24249267578125,300.89935302734375,-354.4794006347656,22.240983963012695,0.00956825975153687,0.35,0.0,0.3020338289897711,-0.021408081054686775,101,105,5.958995087682151,90.40844011242223
693,34.65,ccurve,247,pure_pursuit,6.0,301.3599853515625,-354.1297302246094,300.89935302734375,-354.4794006347656,22.392728805541992,0.005734875620470542,0.35,0.0,0.5783178484657099,-0.17315292358398504,101,105,5.873091140264714,90.254347354957
694,34.7,ccurve,247,pure_pursuit,6.0,301.63427734375,-354.01605224609375,300.89935302734375,-354.4794006347656,22.49106216430664,0.003234429537316644,0.35,0.0,0.8687954190314408,-0.27148628234863414,101,105,5.9789580906490105,90.09990299247755
695,34.75,ccurve,247,pure_pursuit,6.0,301.9082336425781,-353.9024963378906,302.548095703125,-353.7928161621094,22.606298446655273,0.01930386447971535,0.35,0.0,0.6491942679096132,0.3917083740234367,102,106,5.908795571671783,89.94634440870608
696,34.800000000000004,ccurve,247,pure_pursuit,6.0,302.1827392578125,-353.7872314453125,302.548095703125,-353.7928161621094,22.713855743408203,0.017023162356578744,0.35,0.0,0.3653991258789313,0.2841510772705072,102,106,5.988374526219548,89.79173161941611
697,34.85,ccurve,247,pure_pursuit,6.0,302.4563903808594,-353.6712341308594,302.548095703125,-353.7928161621094,22.88709831237793,0.012824383148724153,0.35,0.0,0.15228938391995062,0.11090850830078106,102,106,5.906491765452927,89.63723903270946
698,34.9,ccurve,247,pure_pursuit,6.0,302.7311096191406,-353.5538330078125,302.548095703125,-353.7928161621094,23.02239227294922,0.00948155768242881,0.15,0.0,0.30101003553545885,-0.02438545227050866,102,106,6.014922316779478,89.48192660215895
699,34.95,ccurve,247,pure_pursuit,6.0,303.00518798828125,-353.4364318847656,302.548095703125,-353.7928161621094,23.176136016845703,0.005611599219173984,0.35,0.0,0.579605995730884,-0.17812919616699313,102,106,5.934430745947132,89.32743182255018
700,35.0,ccurve,247,pure_pursuit,6.0,303.279052734375,-353.3185119628906,302.548095703125,-353.7928161621094,23.26677131652832,0.0033098082727005397,0.35,0.0,0.871356789685117,-0.26876449584961076,102,106,5.98863167737257,89.17318120457804
701,35.050000000000004,ccurve,247,pure_pursuit,6.0,303.5513610839844,-353.2012023925781,304.1873474121094,-353.0838317871094,23.378143310546875,0.019480632332198235,0.35,0.0,0.6467259609680295,0.39829444885253945,103,107,5.885711442759945,89.0204731614023
702,35.1,ccurve,247,pure_pursuit,6.0,303.82366943359375,-353.08245849609375,304.1873474121094,-353.0838317871094,23.492103576660156,0.017023544864552393,0.35,0.0,0.36368057136094717,0.2843341827392573,103,107,5.976137886534611,88.86706974064707
703,35.15,ccurve,247,pure_pursuit,6.0,304.0947265625,-352.96319580078125,304.1873474121094,-353.0838317871094,23.66754150390625,0.012765488029898953,0.35,0.0,0.15209096942199435,0.10889625549316362,103,107,5.895276896626021,88.7140398686679
704,35.2,ccurve,247,pure_pursuit,6.0,304.36614990234375,-352.84271240234375,304.1873474121094,-353.0838317871094,23.79637336730957,0.00957201435289642,0.35,0.0,0.3001814255142501,-0.01993560791015637,103,107,5.971905977495756,88.56047911112739
705,35.25,ccurve,247,pure_pursuit,6.0,304.6368408203125,-352.72235107421875,304.1873474121094,-353.0838317871094,23.948219299316406,0.005742811463481138,0.35,0.0,0.5768124736948531,-0.17178153991699302,103,107,5.886175734597581,88.40785899364468
706,35.300000000000004,ccurve,247,pure_pursuit,6.0,304.9085388183594,-352.60101318359375,304.1873474121094,-353.0838317871094,24.046518325805664,0.003245827671787725,0.35,0.0,0.8678887303967202,-0.27008056640625033,103,107,5.991084040274553,88.25488055641276
707,35.35,ccurve,247,pure_pursuit,6.0,305.1799011230469,-352.47979736328125,305.8168640136719,-352.3526916503906,24.161746978759766,0.019319129426703344,0.35,0.0,0.6495210437566975,0.3931198120117192,104,108,5.920646626408775,88.10280146841929
708,35.4,ccurve,247,pure_pursuit,6.0,305.4516906738281,-352.3568420410156,305.8168640136719,-352.3526916503906,24.269546508789062,0.01702458041004798,0.15,0.0,0.3651969247885023,0.28532028198242243,104,108,6.00029206744037,87.94968721636478
709,35.45,ccurve,247,pure_pursuit,6.0,305.72247314453125,-352.2333068847656,305.8168640136719,-352.3526916503906,24.442792892456055,0.012830765836963154,0.35,0.0,0.15219184748355863,0.11207389831543156,104,108,5.908805481245696,87.79685350219103
710,35.5,ccurve,247,pure_pursuit,6.0,305.99310302734375,-352.10882568359375,305.8168640136719,-352.3526916503906,24.575441360473633,0.009551254708191266,0.35,0.0,0.30088336561167667,-0.02057456970214787,104,108,5.987351042573389,87.64383963027319
711,35.550000000000004,ccurve,247,pure_pursuit,6.0,306.26220703125,-351.9847106933594,305.8168640136719,-352.3526916503906,24.72772979736328,0.005698923401312797,0.35,0.0,0.5777026813536742,-0.17286300659179468,104,108,5.894178402931647,87.49209496844765
712,35.6,ccurve,247,pure_pursuit,6.0,306.53143310546875,-351.8599853515625,305.8168640136719,-352.3526916503906,24.81916046142578,0.003367031453378016,0.35,0.0,0.8679680200654402,-0.26429367065429465,104,108,5.963404842353024,87.34047261924724
713,35.65,ccurve,247,pure_pursuit,6.0,306.7996520996094,-351.7356872558594,307.4362487792969,-351.5994567871094,24.931730270385742,0.019509490144069334,0.35,0.0,0.6510100407866182,0.40156555175781317,105,109,5.871683117924427,87.19012020734604
714,35.7,ccurve,247,pure_pursuit,6.0,307.06829833984375,-351.60980224609375,307.4362487792969,-351.5994567871094,25.047452926635742,0.01701234617281355,0.35,0.0,0.3680958494948635,0.28584289550781034,105,109,5.971730803111801,87.0388917699701
715,35.75,ccurve,247,pure_pursuit,6.0,307.33599853515625,-351.4831848144531,307.4362487792969,-351.5994567871094,25.2238826751709,0.012717314582555615,0.35,0.0,0.15352290733187235,0.1094131469726561,105,109,5.897954971931249,86.88777099056446
716,35.800000000000004,ccurve,247,pure_pursuit,6.0,307.6042175292969,-351.3553771972656,307.4362487792969,-351.5994567871094,25.352941513061523,0.0095323622682472,0.35,0.0,0.2962909839243438,-0.019645690917969204,105,109,5.977287957006403,86.73616623710363
717,35.85,ccurve,247,pure_pursuit,6.0,307.87188720703125,-351.2275695800781,307.4362487792969,-351.5994567871094,25.504850387573242,0.005705812995094598,0.35,0.0,0.5727834970321527,-0.17155456542968772,105,109,5.894245146463993,86.58536296185612
718,35.9,ccurve,247,pure_pursuit,6.0,308.14068603515625,-351.0986328125,307.4362487792969,-351.5994567871094,25.603378295898438,0.003195766189427602,0.15,0.0,0.8643243031329262,-0.27008247375488426,105,109,6.001819270161404,86.4340951602299
719,35.95,ccurve,247,pure_pursuit,6.0,308.4089660644531,-350.9699401855469,309.0452575683594,-350.8243408203125,25.71790313720703,0.01929889986680555,0.35,0.0,0.6527373538414438,0.3938236236572265,106,110,5.920860571140735,86.28387727058937
720,36.0,ccurve,247,pure_pursuit,6.0,308.6766052246094,-350.84002685546875,309.0452575683594,-350.8243408203125,25.8232364654541,0.017073355250620884,0.35,0.0,0.36898591064062497,0.28849029541015775,106,110,5.974864847647423,86.13325784120995
721,36.050000000000004,ccurve,247,pure_pursuit,6.0,308.9422912597656,-350.7099914550781,309.0452575683594,-350.8243408203125,25.9943904876709,0.01293247361257927,0.35,0.0,0.15387604763226748,0.11733627319336212,106,110,5.871765278182786,85.98342756943089
722,36.1,ccurve,247,pure_pursuit,6.0,309.2080993652344,-350.578857421875,309.0452575683594,-350.8243408203125,26.127099990844727,0.009646718240143267,0.35,0.0,0.2945836888184801,-0.015373229980468401,106,110,5.963219504260309,85.83325059850507
723,36.15,ccurve,247,pure_pursuit,6.0,309.4729919433594,-350.4478759765625,309.0452575683594,-350.8243408203125,26.280765533447266,0.005761736623854207,0.35,0.0,0.5698091558902442,-0.16903877258300584,106,110,5.882483902736012,85.68405064271775
724,36.2,ccurve,247,pure_pursuit,6.0,309.7384033203125,-350.31610107421875,309.0452575683594,-350.8243408203125,26.373424530029297,0.0034072972851528216,0.35,0.0,0.8595107171874604,-0.26169776916503823,106,110,5.959093468121574,85.5347856052113
725,36.25,ccurve,247,pure_pursuit,6.0,310.0031433105469,-350.1846923828125,310.6436462402344,-350.0273742675781,26.48689079284668,0.019530279713982968,0.35,0.0,0.6595399853831204,0.4032649993896489,107,111,5.873086944438885,85.38669547542331
726,36.300000000000004,ccurve,247,pure_pursuit,6.0,310.26849365234375,-350.0513916015625,310.6436462402344,-350.0273742675781,26.60390281677246,0.016988333712159274,0.35,0.0,0.3759205987076927,0.2862529754638658,107,111,5.97868690247682,85.23744782068162
727,36.35,ccurve,247,pure_pursuit,6.0,310.5330505371094,-349.91741943359375,310.6436462402344,-350.0273742675781,26.780841827392578,0.012692058560659815,0.35,0.0,0.1559534387765932,0.10931396484374846,107,111,5.908584406793072,85.0883492462408
728,36.4,ccurve,247,pure_pursuit,6.0,310.7981872558594,-349.7820739746094,310.6436462402344,-350.0273742675781,26.909955978393555,0.009495357128771616,0.35,0.0,0.28992267803840577,-0.01980018615722613,107,111,5.988621385260195,84.9386219131
729,36.45,ccurve,247,pure_pursuit,6.0,311.0628356933594,-349.6466979980469,310.6436462402344,-350.0273742675781,27.06182289123535,0.005655906355397215,0.35,0.0,0.5662457238650598,-0.1716670989990234,107,111,5.906765034337099,84.78966947778699
730,36.5,ccurve,247,pure_pursuit,6.0,311.32861328125,-349.51031494140625,310.6436462402344,-350.0273742675781,27.160266876220703,0.003169203926007169,0.15,0.0,0.8582133732697331,-0.27011108398437744,107,111,6.015035983674223,84.6404394105075
731,36.550000000000004,ccurve,247,pure_pursuit,6.0,311.5938415527344,-349.37408447265625,312.23101806640625,-349.2088317871094,27.27456283569336,0.01926752014395672,0.35,0.0,0.6582570619868042,0.39402389526367254,108,112,5.934511049312455,84.49217875735118
732,36.6,ccurve,247,pure_pursuit,6.0,311.8584899902344,-349.23663330078125,312.23101806640625,-349.2088317871094,27.3797664642334,0.01704804828544288,0.35,0.0,0.3735640396220784,0.2888202667236354,108,112,5.988346531498058,84.34351585092729
733,36.65,ccurve,247,pure_pursuit,6.0,312.12115478515625,-349.0990905761719,312.23101806640625,-349.2088317871094,27.550853729248047,0.01290496485783946,0.35,0.0,0.1552838495950093,0.11773300170898633,108,112,5.885493208909818,84.19563109885571
734,36.7,ccurve,247,pure_pursuit,6.0,312.3839416503906,-348.96051025390625,312.23101806640625,-349.2088317871094,27.683439254760742,0.009633989888022646,0.35,0.0,0.2916319707970594,-0.014852523803711225,108,112,5.976334222607975,84.04749084566006
735,36.75,ccurve,247,pure_pursuit,6.0,312.645751953125,-348.8221435546875,312.23101806640625,-349.2088317871094,27.836994171142578,0.005764806524321728,0.35,0.0,0.567037905158372,-0.16840744018554693,108,112,5.895443592873909,83.90038591043162
736,36.800000000000004,ccurve,247,pure_pursuit,6.0,312.9080505371094,-348.6828308105469,312.23101806640625,-349.2088317871094,27.929723739624023,0.0033919001184829246,0.35,0.0,0.8573505664143936,-0.2611370086669906,108,112,5.971998578172349,83.75310975771497
737,36.85,ccurve,247,pure_pursuit,6.0,313.1697082519531,-348.5439453125,313.8070983886719,-348.3687438964844,28.043142318725586,0.0004963867917562464,0.35,0.0,0.6610308030343419,0.40387535095214716,109,112,5.886167515525604,83.60707297611464
738,36.9,ccurve,247,pure_pursuit,6.0,313.432373046875,-348.4041442871094,313.8070983886719,-348.3687438964844,28.10588264465332,0.01862720145320357,0.35,0.0,0.37639376913172645,0.34113502502441456,109,113,5.991064950899859,83.46089375195909
739,36.95,ccurve,247,pure_pursuit,6.0,313.6942443847656,-348.26373291015625,313.8070983886719,-348.3687438964844,28.24313735961914,0.015634245380074276,0.35,0.0,0.15415360341969805,0.20388031005859514,109,113,5.920253048636026,83.31492619334104
740,37.0,ccurve,247,pure_pursuit,6.0,313.9563903808594,-348.1214904785156,313.8070983886719,-348.3687438964844,28.36873435974121,0.01268331499256294,0.15,0.0,0.28882927765124844,0.07828330993652313,109,113,6.000210896442465,83.16792866541181
741,37.050000000000004,ccurve,247,pure_pursuit,6.0,314.2177429199219,-347.97906494140625,313.8070983886719,-348.3687438964844,28.531713485717773,0.008645557639845555,0.35,0.0,0.5661083103755955,-0.08469581604003903,109,113,5.908777117399918,83.0215699764244
742,37.1,ccurve,247,pure_pursuit,6.0,314.4790344238281,-347.83587646484375,313.8070983886719,-348.3687438964844,28.64378547668457,0.005824977818619218,0.35,0.0,0.8575813285308731,-0.19676780700683663,109,113,5.987275854558677,82.87525950900778
743,37.15,ccurve,247,pure_pursuit,6.0,314.7388610839844,-347.6934814453125,315.37164306640625,-347.50732421875,28.77336311340332,0.02138923508119486,0.35,0.0,0.6595965056602408,0.45208168029785534,110,114,5.894084200051095,82.73056749346827
744,37.2,ccurve,247,pure_pursuit,6.0,314.998291015625,-347.5495300292969,315.37164306640625,-347.50732421875,28.894411087036133,0.018743833334059573,0.35,0.0,0.3757300683555733,0.33103370666504006,110,114,5.96296085395447,82.58513021099921
745,37.25,ccurve,247,pure_pursuit,6.0,315.2563171386719,-347.40533447265625,315.37164306640625,-347.50732421875,29.078996658325195,0.014259707996909883,0.35,0.0,0.15395446702210974,0.1464481353759822,110,114,5.871330119123173,82.44026143046325
746,37.300000000000004,ccurve,247,pure_pursuit,6.0,315.5148620605469,-347.2597961425781,315.37164306640625,-347.50732421875,29.223045349121094,0.010691870321732947,0.35,0.0,0.28597522405971104,0.002399444580078309,110,114,5.9717618880532255,82.2948575999515
747,37.35,ccurve,247,pure_pursuit,6.0,315.7727355957031,-347.1142883300781,315.37164306640625,-347.50732421875,29.385547637939453,0.006585628516687443,0.35,0.0,0.5615624870322581,-0.16010284423827867,110,114,5.897913349179904,82.15029494815404
748,37.4,ccurve,247,pure_pursuit,6.0,316.0312805175781,-346.9678039550781,315.37164306640625,-347.50732421875,29.484968185424805,0.00405746957523674,0.35,0.0,0.8521758515125252,-0.2595233917236281,110,114,5.977242707297581,82.0055756450546
749,37.45,ccurve,247,pure_pursuit,6.0,316.2893981933594,-346.8215637207031,316.9242858886719,-346.624755859375,29.60372543334961,0.0010260354137583325,0.35,0.0,0.6646921993974115,0.400150299072266,111,114,5.894109186761293,81.86191837387058
750,37.5,ccurve,247,pure_pursuit,6.0,316.548583984375,-346.67431640625,316.9242858886719,-346.624755859375,29.670948028564453,0.018894165352628882,0.15,0.0,0.37895668446254815,0.33292770385742,111,115,6.001652304546423,81.7180943424593
751,37.550000000000004,ccurve,247,pure_pursuit,6.0,316.8067626953125,-346.5265197753906,316.9242858886719,-346.624755859375,29.810529708862305,0.015823381320259036,0.35,0.0,0.1531731999207767,0.19334602355957067,111,115,5.920326743728728,81.57453872485313
752,37.6,ccurve,247,pure_pursuit,6.0,317.0643005371094,-346.37750244140625,316.9242858886719,-346.624755859375,29.935823440551758,0.012884446273607242,0.35,0.0,0.28414495327967043,0.06805229187011703,111,115,5.974676876826069,81.43058285712864
753,37.65,ccurve,247,pure_pursuit,6.0,317.3200378417969,-346.2288513183594,316.9242858886719,-346.624755859375,30.09832000732422,0.008851553562175351,0.35,0.0,0.559785685775409,-0.09444427490234766,111,115,5.871636636612557,81.28778346305182
754,37.7,ccurve,247,pure_pursuit,6.0,317.5760192871094,-346.07940673828125,316.9242858886719,-346.624755859375,30.21151351928711,0.006025554492466206,0.35,0.0,0.8498012041157736,-0.20763778686523424,111,115,5.963056719336378,81.14502462883517
755,37.75,ccurve,247,pure_pursuit,6.0,317.83111572265625,-345.9302673339844,318.4648742675781,-345.72113037109375,30.343292236328125,0.002675747360701737,0.35,0.0,0.6673740798896874,0.439016342163087,112,115,5.8823115830023465,81.00337669521318
756,37.800000000000004,ccurve,247,pure_pursuit,6.0,318.0867004394531,-345.7803955078125,318.4648742675781,-345.72113037109375,30.415306091308594,0.02026379276088987,0.35,0.0,0.38278949921465866,0.36700248718261375,112,116,5.958822669204381,80.86184502349433
757,37.85,ccurve,247,pure_pursuit,6.0,318.3411865234375,-345.63006591796875,318.4648742675781,-345.72113037109375,30.563278198242188,0.016979842037839064,0.35,0.0,0.1535948979411492,0.21903038024901977,112,116,5.872449065498982,80.72065444964805
758,37.9,ccurve,247,pure_pursuit,6.0,318.59613037109375,-345.47784423828125,318.4648742675781,-345.72113037109375,30.70505142211914,0.01361203476694697,0.35,0.0,0.2764349962088119,0.07725715637206758,112,116,5.978604917968764,80.57842858580995
759,37.95,ccurve,247,pure_pursuit,6.0,318.8504638671875,-345.3253479003906,318.4648742675781,-345.72113037109375,30.878217697143555,0.009316518308726058,0.35,0.0,0.5525604975410278,-0.0959091186523423,112,116,5.908558913017112,80.43674634205476
760,38.0,ccurve,247,pure_pursuit,6.0,319.10540771484375,-345.1716613769531,318.4648742675781,-345.72113037109375,30.992473602294922,0.006452199643778091,0.35,0.0,0.8439189964610913,-0.21016502380371338,112,116,5.988527672374274,80.29474903162063
761,38.050000000000004,ccurve,247,pure_pursuit,6.0,319.35992431640625,-345.01812744140625,319.9930419921875,-344.7967224121094,31.126502990722656,0.0030554333921669415,0.35,0.0,0.6707146773290429,0.4342346191406263,113,116,5.9065864910618675,80.15373672678959
762,38.1,ccurve,247,pure_pursuit,6.0,319.615478515625,-344.86346435546875,319.9930419921875,-344.7967224121094,31.207744598388672,0.020273958044293404,0.15,0.0,0.38341709121705503,0.3529930114746143,113,117,6.014852513771343,80.01250797849848
763,38.15,ccurve,247,pure_pursuit,6.0,319.8700866699219,-344.70831298828125,319.9930419921875,-344.7967224121094,31.358592987060547,0.016926868134341303,0.35,0.0,0.15144054112114344,0.20214462280273685,113,117,5.9339031283738075,79.87160553423428
764,38.2,ccurve,247,pure_pursuit,6.0,320.1239318847656,-344.5519104003906,319.9930419921875,-344.7967224121094,31.49266815185547,0.013760698552626209,0.35,0.0,0.277605988877932,0.06806945800781296,113,117,5.988109064484624,79.73027432467393
765,38.25,ccurve,247,pure_pursuit,6.0,320.3760681152344,-344.39593505859375,319.9930419921875,-344.7967224121094,31.66212272644043,0.009562033349240379,0.35,0.0,0.5543821007882365,-0.10138511657714379,113,117,5.885314428156212,79.59012741448456
766,38.300000000000004,ccurve,247,pure_pursuit,6.0,320.62835693359375,-344.2391052246094,319.9930419921875,-344.7967224121094,31.780742645263672,0.006592931772753339,0.35,0.0,0.8453176932783538,-0.22000503540038754,113,117,5.9760744294785555,79.449997206145
767,38.35,ccurve,247,pure_pursuit,6.0,320.8797912597656,-344.0826110839844,321.50848388671875,-343.85162353515625,31.916851043701172,0.0031337041223560742,0.35,0.0,0.6697832984621568,0.42231750488280934,114,117,5.8951388029503,79.31100727966182
768,38.400000000000006,ccurve,247,pure_pursuit,6.0,321.1316833496094,-343.92535400390625,321.50848388671875,-343.85162353515625,31.9924259185791,0.02041944368378976,0.35,0.0,0.38394638530400077,0.34674263000487837,114,118,5.971646831454769,79.1721537535349
769,38.45,ccurve,247,pure_pursuit,6.0,321.3824462890625,-343.7677001953125,321.50848388671875,-343.85162353515625,32.142662048339844,0.017072699094281364,0.35,0.0,0.15142193696254289,0.19650650024413632,114,118,5.885453545399243,79.03369013171863
770,38.5,ccurve,247,pure_pursuit,6.0,321.6335754394531,-343.60809326171875,321.50848388671875,-343.85162353515625,32.285579681396484,0.013658079196040345,0.35,0.0,0.27377890832940444,0.05358886718750062,114,118,5.9906267237989494,78.89417785666643
771,38.550000000000004,ccurve,247,pure_pursuit,6.0,321.88409423828125,-343.44830322265625,321.50848388671875,-343.85162353515625,32.459415435791016,0.00934244627197806,0.35,0.0,0.5511355646989246,-0.12024688720703108,114,118,5.920302703000168,78.75530951744608
772,38.6,ccurve,247,pure_pursuit,6.0,322.13519287109375,-343.28729248046875,321.50848388671875,-343.85162353515625,32.574195861816406,0.006459188815161743,0.15,0.0,0.8433467201460204,-0.23502731323242088,114,118,6.000355103235909,78.61615291142584
773,38.650000000000006,ccurve,247,pure_pursuit,6.0,322.3857116699219,-343.1265563964844,323.01092529296875,-342.885986328125,32.70833969116211,0.0030559044297519006,0.35,0.0,0.6699000165948903,0.4092597961425768,115,118,5.908820911552048,78.47810482851725
774,38.7,ccurve,247,pure_pursuit,6.0,322.63623046875,-342.9653015136719,323.01092529296875,-342.885986328125,32.78712463378906,0.020182358544952764,0.35,0.0,0.38299753256993074,0.33047485351562317,115,119,5.987191745361843,78.34042784410221
775,38.75,ccurve,247,pure_pursuit,6.0,322.8848571777344,-342.80413818359375,323.01092529296875,-342.885986328125,32.93595886230469,0.0168637661235708,0.35,0.0,0.15030731333490077,0.18164062500000341,115,119,5.893570979018968,78.20355213420316
776,38.800000000000004,ccurve,247,pure_pursuit,6.0,323.1330261230469,-342.6416320800781,323.01092529296875,-342.885986328125,33.06999969482422,0.013691639997406671,0.35,0.0,0.2731622434457604,0.047599792480471366,115,119,5.9628041465531965,78.06617921765671
777,38.85,ccurve,247,pure_pursuit,6.0,323.3800048828125,-342.479248046875,323.01092529296875,-342.885986328125,33.239776611328125,0.009473777042685568,0.35,0.0,0.54923198475092,-0.12217712402343363,115,119,5.871220630082937,77.92969198189869
778,38.900000000000006,ccurve,247,pure_pursuit,6.0,323.6275634765625,-342.31573486328125,323.01092529296875,-342.885986328125,33.35913848876953,0.006479109589707938,0.35,0.0,0.8398984358970089,-0.24153900146484442,115,119,5.971606323858134,77.7930273630576
779,38.95,ccurve,247,pure_pursuit,6.0,323.8745422363281,-342.1524963378906,324.5001525878906,-341.9000549316406,33.49539566040039,0.0030289806754469576,0.35,0.0,0.6746220983421995,0.4006309509277327,116,119,5.897758645043911,77.6574649969992
780,39.0,ccurve,247,pure_pursuit,6.0,324.1221923828125,-341.98822021484375,324.5001525878906,-341.9000549316406,33.57061004638672,0.020179111360769744,0.35,0.0,0.3881069875498063,0.3254165649414097,116,120,5.976967617243339,77.52184126477623
781,39.050000000000004,ccurve,247,pure_pursuit,6.0,324.3688659667969,-341.82354736328125,324.5001525878906,-341.9000549316406,33.7201042175293,0.016853175552606608,0.35,0.0,0.15195257449111654,0.1759223937988283,116,120,5.8934789636684295,77.38661316327381
782,39.1,ccurve,247,pure_pursuit,6.0,324.6159362792969,-341.65692138671875,324.5001525878906,-341.9000549316406,33.86233901977539,0.013470320617129293,0.15,0.0,0.26929497556013765,0.03368759155273609,116,120,6.001329663378235,77.25039564428087
783,39.150000000000006,ccurve,247,pure_pursuit,6.0,324.86224365234375,-341.4900817871094,324.5001525878906,-341.9000549316406,34.03457260131836,0.009183984416121867,0.35,0.0,0.5469807292708202,-0.13854598999023363,116,120,5.920479098223096,77.11478296859053
784,39.2,ccurve,247,pure_pursuit,6.0,325.10821533203125,-341.32269287109375,324.5001525878906,-341.9000549316406,34.146392822265625,0.006381729756143446,0.35,0.0,0.8385029813726129,-0.25036621093749745,116,120,5.974866791972611,76.97949361496873
785,39.25,ccurve,247,pure_pursuit,6.0,325.35272216796875,-341.1561584472656,325.9758605957031,-340.89398193359375,34.27812194824219,0.003035213057966835,0.35,0.0,0.6760458745088292,0.3963356018066437,117,120,5.871722545746355,76.84577441123737
786,39.300000000000004,ccurve,247,pure_pursuit,6.0,325.5974426269531,-340.989013671875,325.9758605957031,-340.89398193359375,34.356475830078125,0.020071469518398628,0.35,0.0,0.3901681565090006,0.3179817199707061,117,121,5.963004603586815,76.71238664878355
787,39.35,ccurve,247,pure_pursuit,6.0,325.84088134765625,-340.8216247558594,325.9758605957031,-340.89398193359375,34.50597381591797,0.016737492739763993,0.35,0.0,0.1531501177700616,0.1684837341308632,117,121,5.8818259882954536,76.57949584720816
788,39.400000000000006,ccurve,247,pure_pursuit,6.0,326.084228515625,-340.6526184082031,325.9758605957031,-340.89398193359375,34.640296936035156,0.013559798712474432,0.35,0.0,0.2645750507080832,0.03416061401367338,117,121,5.958437652230369,76.44590151106807
789,39.45,ccurve,247,pure_pursuit,6.0,326.3266906738281,-340.48358154296875,325.9758605957031,-340.89398193359375,34.80992126464844,0.009353371991506692,0.35,0.0,0.5399168679920513,-0.13546371459960543,117,121,5.87256349313452,76.31306599585216
790,39.5,ccurve,247,pure_pursuit,6.0,326.5698547363281,-340.31317138671875,325.9758605957031,-340.89398193359375,34.929447174072266,0.006338700673669615,0.35,0.0,0.8307646661107276,-0.25498962402343334,117,121,5.978477919639425,76.17989076454471
791,39.550000000000004,ccurve,247,pure_pursuit,6.0,326.81268310546875,-340.1429748535156,327.43768310546875,-339.867919921875,35.06523513793945,0.0029025613437990237,0.35,0.0,0.6828471391313204,0.38765335083007474,118,121,5.908291199477311,76.04780225250812
792,39.6,ccurve,247,pure_pursuit,6.0,327.0561828613281,-339.97174072265625,327.43768310546875,-339.867919921875,35.13969421386719,0.02001209981300153,0.35,0.0,0.39537475255030696,0.3131942749023404,118,122,5.988220455230169,75.91572061453675
793,39.650000000000006,ccurve,247,pure_pursuit,6.0,327.29876708984375,-339.7999572753906,327.43768310546875,-339.867919921875,35.288421630859375,0.016690954470366434,0.35,0.0,0.15464986490225388,0.16446685791015772,118,122,5.9059268809571215,75.78389118247883
794,39.7,ccurve,247,pure_pursuit,6.0,327.541748046875,-339.6261901855469,327.43768310546875,-339.867919921875,35.429893493652344,0.013315081774376925,0.15,0.0,0.2631782237479976,0.022994995117183618,118,122,6.0144736106094285,75.6511062437058
795,39.75,ccurve,247,pure_pursuit,6.0,327.7839660644531,-339.4523010253906,327.43768310546875,-339.867919921875,35.601226806640625,0.009052331211980515,0.35,0.0,0.540972231078328,-0.14833831787109425,118,122,5.934049174522751,75.51902335754872
796,39.800000000000004,ccurve,247,pure_pursuit,6.0,328.02581787109375,-339.27783203125,327.43768310546875,-339.867919921875,35.7122688293457,0.00626051976227767,0.35,0.0,0.8331303746707568,-0.2593803405761748,118,122,5.9882777725121965,75.3872552094505
797,39.85,ccurve,247,pure_pursuit,6.0,328.26617431640625,-339.1043701171875,328.8854675292969,-338.8221130371094,35.8432502746582,0.002937776698515809,0.35,0.0,0.6805829433556368,0.38806533813476407,119,122,5.885378713863837,75.2571733821049
798,39.900000000000006,ccurve,247,pure_pursuit,6.0,328.5068359375,-338.93017578125,328.8854675292969,-338.8221130371094,35.920875549316406,0.019960026857001528,0.35,0.0,0.3937504780668051,0.31044006347655917,119,123,5.976056051773481,75.12736818385389
799,39.95,ccurve,247,pure_pursuit,6.0,328.74615478515625,-338.75579833984375,328.8854675292969,-338.8221130371094,36.0696907043457,0.016638980011310315,0.35,0.0,0.15429089329387766,0.16162490844726607,119,123,5.894722018594713,74.99809503079386
800,40.0,ccurve,247,pure_pursuit,6.0,328.9853515625,-338.579833984375,328.8854675292969,-338.8221130371094,36.203529357910156,0.01347533803838976,0.35,0.0,0.26206098428188246,0.027786254882810838,119,123,5.9712803230124,74.86818719978102
801,40.050000000000004,ccurve,247,pure_pursuit,6.0,329.2236328125,-338.40380859375,328.8854675292969,-338.8221130371094,36.37268829345703,0.009268422078394966,0.35,0.0,0.5378981001063736,-0.14137268066406647,119,123,5.885581637134213,74.73900337800723
802,40.1,ccurve,247,pure_pursuit,6.0,329.46258544921875,-338.2265625,328.8854675292969,-338.8221130371094,36.49159622192383,0.006290400348467829,0.35,0.0,0.8293042479972093,-0.26028060913086026,119,123,5.990563457048109,74.60970057477617
803,40.150000000000006,ccurve,247,pure_pursuit,6.0,329.70111083984375,-338.0494384765625,330.3189392089844,-337.7567443847656,36.626930236816406,0.0028533322086569113,0.35,0.0,0.6836532199059417,0.38281631469726474,120,123,5.920118182334222,74.4813991305984
804,40.2,ccurve,247,pure_pursuit,6.0,329.9403381347656,-337.8712463378906,330.3189392089844,-337.7567443847656,36.70112991333008,0.01994724900139678,0.15,0.0,0.3955369397022624,0.30861663818359364,120,124,6.000095792553526,74.35315389293923
805,40.25,ccurve,247,pure_pursuit,6.0,330.178466796875,-337.6926574707031,330.3189392089844,-337.7567443847656,36.849342346191406,0.01663422993546509,0.35,0.0,0.15440087796991422,0.16040420532226313,120,124,5.908208164489423,74.22527756797503
806,40.300000000000004,ccurve,247,pure_pursuit,6.0,330.41595458984375,-337.5128173828125,330.3189392089844,-337.7567443847656,36.9875602722168,0.013337012900613182,0.35,0.0,0.262511650036964,0.022186279296876398,120,124,5.986856789832063,74.09702083463864
807,40.35,ccurve,247,pure_pursuit,6.0,330.65191650390625,-337.3335876464844,330.3189392089844,-337.7567443847656,37.15689468383789,0.009142192094989466,0.35,0.0,0.5384565944310791,-0.1471481323242216,120,124,5.893764552524135,73.97002275871453
808,40.400000000000006,ccurve,247,pure_pursuit,6.0,330.8876953125,-337.1535339355469,330.3189392089844,-337.7567443847656,37.268436431884766,0.006333462685534851,0.35,0.0,0.8290635387791231,-0.2586898803710955,120,124,5.963006219788703,73.84315123058126
809,40.45,ccurve,247,pure_pursuit,6.0,331.12255859375,-336.97412109375,331.73779296875,-336.6720275878906,37.400508880615234,0.002981039222976794,0.35,0.0,0.6854004832680298,0.3876686096191399,121,124,5.871307318007663,73.71768528802151
810,40.5,ccurve,247,pure_pursuit,6.0,331.3581237792969,-336.793701171875,331.73779296875,-336.6720275878906,37.479736328125,0.019936472076600167,0.35,0.0,0.3986892956421023,0.3084411621093793,121,125,5.971649768681739,73.59236217780806
811,40.550000000000004,ccurve,247,pure_pursuit,6.0,331.5925598144531,-336.6129150390625,331.73779296875,-336.6720275878906,37.629478454589844,0.016588829086114462,0.35,0.0,0.1568023039881027,0.15869903564453194,121,125,5.897414696472644,73.46741677469187
812,40.6,ccurve,247,pure_pursuit,6.0,331.8270263671875,-336.4303894042969,331.73779296875,-336.6720275878906,37.763511657714844,0.01341776492844849,0.35,0.0,0.257588064877223,0.02466583251953567,121,125,5.976655311477199,73.34176536651546
813,40.650000000000006,ccurve,247,pure_pursuit,6.0,332.0606994628906,-336.24774169921875,331.73779296875,-336.6720275878906,37.93266677856445,0.00921068284766486,0.35,0.0,0.5331858205956646,-0.14448928833007374,121,125,5.8936381606170745,73.21680417403495
814,40.7,ccurve,247,pure_pursuit,6.0,332.2951354980469,-336.06365966796875,331.73779296875,-336.6720275878906,38.05175018310547,0.006209386372295881,0.15,0.0,0.8250710399432929,-0.26357269287108825,121,125,6.001292818048132,73.09161452594496
815,40.75,ccurve,247,pure_pursuit,6.0,332.5290832519531,-335.8798828125,333.14178466796875,-335.5680847167969,38.18626403808594,0.0027977911082166474,0.35,0.0,0.6874744196489402,0.3803405761718797,122,125,5.9203381031563005,72.96760929746243
816,40.800000000000004,ccurve,247,pure_pursuit,6.0,332.7628173828125,-335.6956481933594,333.14178466796875,-335.5680847167969,38.258277893066406,0.019923036236276333,0.35,0.0,0.3998607804866714,0.30832672119140647,122,126,5.974644287075622,72.84411240114963
817,40.85,ccurve,247,pure_pursuit,6.0,332.99456787109375,-335.5118713378906,333.14178466796875,-335.5680847167969,38.40425109863281,0.01667684385222635,0.35,0.0,0.15758403869108267,0.16235351562500505,122,126,5.871116942864495,72.72158632943263
818,40.900000000000006,ccurve,247,pure_pursuit,6.0,333.2259216308594,-335.32659912109375,333.14178466796875,-335.5680847167969,38.54224395751953,0.013387043854974271,0.35,0.0,0.255723134378866,0.02436065673828334,122,126,5.962688480760459,72.59851145799286
819,40.95,ccurve,247,pure_pursuit,6.0,333.4562072753906,-335.1415100097656,333.14178466796875,-335.5680847167969,38.71268081665039,0.009144433293325167,0.35,0.0,0.5299316528919247,-0.14607620239257696,122,126,5.882061988329909,72.47635006027939
820,41.0,ccurve,247,pure_pursuit,6.0,333.68670654296875,-334.9554138183594,333.14178466796875,-335.5680847167969,38.82511520385742,0.006320352331967063,0.35,0.0,0.8199423636120584,-0.25851058959960693,122,126,5.95867123817929,72.35426880119071
821,41.050000000000004,ccurve,247,pure_pursuit,6.0,333.91668701171875,-334.7696533203125,334.5306091308594,-334.4451904296875,38.95773696899414,0.0029581781926055436,0.35,0.0,0.6943893257840636,0.3872985839843717,123,126,5.8726869288815875,72.23338719801016
822,41.1,ccurve,247,pure_pursuit,6.0,334.1474609375,-334.582763671875,334.5306091308594,-334.4451904296875,39.037750244140625,0.019877024983670742,0.35,0.0,0.40709818845154977,0.3072853088378858,123,127,5.978580639613547,72.11263173872524
823,41.150000000000006,ccurve,247,pure_pursuit,6.0,334.3772888183594,-334.3954162597656,334.5306091308594,-334.4451904296875,39.187652587890625,0.01653393431532829,0.35,0.0,0.1611973517664274,0.15738296508788924,123,127,5.908023185209843,71.99220703497822
824,41.2,ccurve,247,pure_pursuit,6.0,334.60711669921875,-334.2062072753906,334.5306091308594,-334.4451904296875,39.321502685546875,0.013359428363677199,0.35,0.0,0.25093097866534614,0.023532867431636715,123,127,5.9879620664825355,71.87101037983128
825,41.25,ccurve,247,pure_pursuit,6.0,334.8362731933594,-334.0168762207031,334.5306091308594,-334.4451904296875,39.49046325683594,0.009163279445182762,0.35,0.0,0.5261972830810843,-0.1454277038574253,123,127,5.9061273483620225,71.75054424838861
826,41.300000000000004,ccurve,247,pure_pursuit,6.0,335.0661315917969,-333.82611083984375,334.5306091308594,-334.4451904296875,39.60944747924805,0.0061714841017968675,0.15,0.0,0.8185620591804033,-0.2644119262695322,123,127,6.014482900743591,71.62992343801452
827,41.35,ccurve,247,pure_pursuit,6.0,335.2955017089844,-333.6356201171875,335.9040832519531,-333.3034973144531,39.743682861328125,0.002765025911593294,0.35,0.0,0.6933087699851784,0.3797836303710936,124,127,5.9339539219997,71.5104744259354
828,41.400000000000006,ccurve,247,pure_pursuit,6.0,335.5245666503906,-333.4447937011719,335.9040832519531,-333.3034973144531,39.81550979614258,0.01989577748143491,0.35,0.0,0.40496607235831983,0.30795669555663835,124,128,5.988086057188417,71.39166249444217
829,41.45,ccurve,247,pure_pursuit,6.0,335.751708984375,-333.25433349609375,335.9040832519531,-333.3034973144531,39.96135330200195,0.016643537498514768,0.35,0.0,0.16010933281868253,0.16211318969726854,124,128,5.884808233394009,71.27369993072513
830,41.5,ccurve,247,pure_pursuit,6.0,335.97845458984375,-333.0624084472656,335.9040832519531,-333.3034973144531,40.09918975830078,0.013356879410586059,0.35,0.0,0.2522993019835638,0.024276733398434495,124,128,5.9757696721919045,71.15525973379835
831,41.550000000000004,ccurve,247,pure_pursuit,6.0,336.20416259765625,-332.8706970214844,335.9040832519531,-333.3034973144531,40.26947021484375,0.009121491890746763,0.35,0.0,0.5266533084596084,-0.14600372314453175,124,128,5.894986703443399,71.03776383881174
832,41.6,ccurve,247,pure_pursuit,6.0,336.4300842285156,-332.6779479980469,335.9040832519531,-333.3034973144531,40.381893157958984,0.006300888984416186,0.35,0.0,0.8173059247313886,-0.25842666625976446,124,128,5.971544177379742,70.92038268645852
833,41.650000000000006,ccurve,247,pure_pursuit,6.0,336.6554260253906,-332.4855651855469,337.26190185546875,-332.143310546875,40.514434814453125,0.002935969191483296,0.35,0.0,0.6963843551957256,0.38746261596680154,125,128,5.885735399594494,70.80422722213753
834,41.7,ccurve,247,pure_pursuit,6.0,336.8814392089844,-332.2921142578125,337.26190185546875,-332.143310546875,40.59420394897461,0.01986398492380405,0.35,0.0,0.40852707347086015,0.3076934814453136,125,129,5.99068498805212,70.68831005713838
835,41.75,ccurve,247,pure_pursuit,6.0,337.1065673828125,-332.09820556640625,337.26190185546875,-332.143310546875,40.743961334228516,0.016528741460439346,0.35,0.0,0.16175060327084284,0.1579360961914075,125,129,5.919866978476388,70.57274821012206
836,41.800000000000004,ccurve,247,pure_pursuit,6.0,337.33160400390625,-331.90240478515625,337.26190185546875,-332.143310546875,40.877906799316406,0.01334500781986449,0.35,0.0,0.25078671321681784,0.02399063110351521,125,129,5.999864040436906,70.45642366099473
837,41.85,ccurve,247,pure_pursuit,6.0,337.5558776855469,-331.70654296875,337.26190185546875,-332.143310546875,41.046913146972656,0.009134332425311652,0.35,0.0,0.5264861878257592,-0.14501571655272957,125,129,5.9182283127550015,70.34087287577835
838,41.900000000000006,ccurve,247,pure_pursuit,6.0,337.7808837890625,-331.50927734375,337.26190185546875,-332.143310546875,41.16572952270508,0.006152481743778229,0.15,0.0,0.819353617226198,-0.2638320922851515,125,129,6.025760536203928,70.22529825551173
839,41.95,ccurve,247,pure_pursuit,6.0,338.0054626464844,-331.312255859375,338.6038513183594,-330.9647521972656,41.29984664916992,0.002755866150942537,0.35,0.0,0.6919738418522431,0.3804779052734407,126,129,5.945099699420156,70.11090319577879
840,42.0,ccurve,247,pure_pursuit,6.0,338.22967529296875,-331.1148376464844,338.6038513183594,-330.9647521972656,41.37166976928711,0.019885618470505552,0.35,0.0,0.40315423852952315,0.3086547851562534,126,130,5.99931263242628,69.99710161814271
841,42.050000000000004,ccurve,247,pure_pursuit,6.0,338.4520568847656,-330.91796875,338.6038513183594,-330.9647521972656,41.517478942871094,0.016655645379456747,0.35,0.0,0.15884030032741342,0.16284561157226904,126,130,5.896268466725777,69.88430466975919
842,42.1,ccurve,247,pure_pursuit,6.0,338.67388916015625,-330.7196044921875,338.6038513183594,-330.9647521972656,41.65530014038086,0.013369013340442283,0.35,0.0,0.2549562640702037,0.02502441406250016,126,130,5.986546435955107,69.77099667494733
843,42.150000000000006,ccurve,247,pure_pursuit,6.0,338.89471435546875,-330.521484375,338.6038513183594,-330.9647521972656,41.82566452026367,0.009135165607654998,0.35,0.0,0.5301770162998386,-0.14533996582030856,126,130,5.905590163106165,69.6586649475902
844,42.2,ccurve,247,pure_pursuit,6.0,339.1156921386719,-330.32232666015625,338.6038513183594,-330.9647521972656,41.93828582763672,0.006309033732338396,0.35,0.0,0.8213961261586531,-0.25796127319335654,126,130,5.982226067821735,69.54649439819968
845,42.25,ccurve,247,pure_pursuit,6.0,339.3360900878906,-330.1236267089844,339.9296875,-329.76806640625,42.070945739746094,0.0029532404668877257,0.35,0.0,0.6919400382572956,0.38781356811523665,127,130,5.896609974191239,69.43564634561986
846,42.300000000000004,ccurve,247,pure_pursuit,6.0,339.55718994140625,-329.9237365722656,339.9296875,-329.76806640625,42.150672912597656,0.01989206594929015,0.15,0.0,0.40371726708878386,0.30808639526366993,127,131,6.000719640756855,69.32502118628854
847,42.35,ccurve,247,pure_pursuit,6.0,339.7771911621094,-329.7235107421875,339.9296875,-329.76806640625,42.2999267578125,0.016561615848673918,0.35,0.0,0.1588720877627723,0.15883255004882507,127,131,5.917710514483986,69.2148008439335
848,42.400000000000006,ccurve,247,pure_pursuit,6.0,339.99615478515625,-329.522216796875,339.9296875,-329.76806640625,42.431968688964844,0.013417224447322197,0.35,0.0,0.2546761284963362,0.02679061889648561,127,131,5.972234192818314,69.10431722776497
849,42.45,ccurve,247,pure_pursuit,6.0,340.2135009765625,-329.32177734375,339.9296875,-329.76806640625,42.599178314208984,0.009258863502244988,0.35,0.0,0.5288894182961327,-0.1404190063476561,127,131,5.868970969842972,68.99515287091388
850,42.5,ccurve,247,pure_pursuit,6.0,340.4309387207031,-329.1204528808594,339.9296875,-329.76806640625,42.715641021728516,0.006340378373615358,0.35,0.0,0.8189359343228545,-0.25688171386718883,127,131,5.959824128765836,68.88629360995232
851,42.550000000000004,ccurve,247,pure_pursuit,6.0,340.6474914550781,-328.9197082519531,341.23907470703125,-328.5534973144531,42.84994888305664,0.002919084780682819,0.35,0.0,0.6957594374035205,0.38724136352539174,128,131,5.878810649583439,68.77875232624497
852,42.6,ccurve,247,pure_pursuit,6.0,340.8644104003906,-328.7181701660156,341.23907470703125,-328.5534973144531,42.923946380615234,0.019996751589497222,0.35,0.0,0.4092560209846954,0.31324386596679743,128,132,5.955579486414214,68.67171181777644
853,42.650000000000006,ccurve,247,pure_pursuit,6.0,341.0802001953125,-328.51629638671875,341.23907470703125,-328.5534973144531,43.072174072265625,0.01667909938839137,0.35,0.0,0.16317174846819968,0.16501617431640808,128,132,5.869227457717492,68.56504785737263
854,42.7,ccurve,247,pure_pursuit,6.0,341.29595947265625,-328.31256103515625,341.23907470703125,-328.5534973144531,43.212852478027344,0.013315535295947234,0.35,0.0,0.24756043149427764,0.024337768554688777,128,132,5.975413157129038,68.45775901017147
855,42.75,ccurve,247,pure_pursuit,6.0,341.51116943359375,-328.1087951660156,341.23907470703125,-328.5534973144531,43.384422302246094,0.009070234948254879,0.35,0.0,0.521340139494409,-0.14723205566405775,128,132,5.905414908674601,68.35135160559942
856,42.800000000000004,ccurve,247,pure_pursuit,6.0,341.7266845703125,-327.90362548828125,341.23907470703125,-328.5534973144531,43.4970703125,0.006233199936193982,0.35,0.0,0.8124633956192285,-0.2598800659179682,128,132,5.985489140182982,68.24488867151872
857,42.85,ccurve,247,pure_pursuit,6.0,341.9418029785156,-327.69873046875,342.53192138671875,-327.3211975097656,43.629642486572266,0.0028620528746234573,0.35,0.0,0.7005504056238122,0.385974884033206,129,132,5.903559114580259,68.13965681753923
858,42.900000000000006,ccurve,247,pure_pursuit,6.0,342.15771484375,-327.4925842285156,342.53192138671875,-327.3211975097656,43.7095832824707,0.01978290838734544,0.15,0.0,0.41158710398227316,0.30603408813476524,129,133,6.012045108365452,68.03472222238996
859,42.95,ccurve,247,pure_pursuit,6.0,342.37255859375,-327.28607177734375,342.53192138671875,-327.3211975097656,43.858375549316406,0.016457815683129866,0.35,0.0,0.1631879801363257,0.15724182128906672,129,133,5.931198325078893,67.93017639212638
860,43.0,ccurve,247,pure_pursuit,6.0,342.58648681640625,-327.0785217285156,342.53192138671875,-327.3211975097656,43.98979949951172,0.013346317697856372,0.35,0.0,0.24873463957052575,0.02581787109374858,129,133,5.9854120470161725,67.82546076423242
861,43.050000000000004,ccurve,247,pure_pursuit,6.0,342.798828125,-326.87176513671875,342.53192138671875,-327.3211975097656,44.156558990478516,0.009201904012583419,0.35,0.0,0.5227127938767915,-0.14094161987304404,129,133,5.8825751907400265,67.72197702657955
862,43.1,ccurve,247,pure_pursuit,6.0,343.0111389160156,-326.6641845703125,342.53192138671875,-327.3211975097656,44.272769927978516,0.006286732453665897,0.35,0.0,0.8132130366602819,-0.257152557373043,129,133,5.973531682376141,67.61886959116505
863,43.150000000000006,ccurve,247,pure_pursuit,6.0,343.2226867675781,-326.4571838378906,343.8078308105469,-326.0715026855469,44.4067497253418,0.0028850122265959427,0.35,0.0,0.7008163113791068,0.3872985839843717,130,133,5.892659286643523,67.51712357948686
864,43.2,ccurve,247,pure_pursuit,6.0,343.4345703125,-326.2492980957031,343.8078308105469,-326.0715026855469,44.480491638183594,0.019972514736291556,0.35,0.0,0.41344238688701274,0.3135566711425728,130,134,5.969135599653977,67.41585879486938
865,43.25,ccurve,247,pure_pursuit,6.0,343.6452331542969,-326.0412292480469,343.8078308105469,-326.0715026855469,44.6285400390625,0.016663055320663117,0.35,0.0,0.16539189471089438,0.16550827026367207,130,134,5.882909683341279,67.31507122404068
866,43.300000000000004,ccurve,247,pure_pursuit,6.0,343.8558654785156,-325.8312683105469,343.8078308105469,-326.0715026855469,44.76906967163086,0.013310325538930204,0.35,0.0,0.2449895594887845,0.024978637695311036,130,134,5.988296421577631,67.2137105163367
867,43.35,ccurve,247,pure_pursuit,6.0,344.06585693359375,-325.6212158203125,343.8078308105469,-326.0715026855469,44.94062042236328,0.009045951984941632,0.35,0.0,0.5189756653034912,-0.14657211303711518,130,134,5.918027842547133,67.11315761960479
868,43.400000000000006,ccurve,247,pure_pursuit,6.0,344.276123046875,-325.4098205566406,343.8078308105469,-326.0715026855469,45.05331802368164,0.006199266266045574,0.35,0.0,0.8106299145227147,-0.25926971435546986,130,134,5.998033885856335,67.01267769221778
869,43.45,ccurve,247,pure_pursuit,6.0,344.4860534667969,-325.19873046875,345.0666809082031,-324.8045959472656,45.18579864501953,0.002834574742285047,0.35,0.0,0.701762243740489,0.386680603027344,131,134,5.916252231333659,66.913503973135
870,43.5,ccurve,247,pure_pursuit,6.0,344.69671630859375,-324.9863586425781,345.0666809082031,-324.8045959472656,45.26546859741211,0.019775997657528976,0.15,0.0,0.41220320519300896,0.3070106506347638,131,135,6.023877566211241,66.81467989693907
871,43.550000000000004,ccurve,247,pure_pursuit,6.0,344.9063720703125,-324.7736511230469,345.0666809082031,-324.8045959472656,45.4141731262207,0.016464482746317635,0.35,0.0,0.16326820159410105,0.15830612182616927,131,135,5.942850046368004,66.71630344381077
872,43.6,ccurve,247,pure_pursuit,6.0,345.11492919921875,-324.5599670410156,345.0666809082031,-324.8045959472656,45.54574203491211,0.013342266676576611,0.35,0.0,0.2493415315566176,0.026737213134767086,131,135,5.997102695206616,66.61775607989682
873,43.650000000000006,ccurve,247,pure_pursuit,6.0,345.3219909667969,-324.34710693359375,345.0666809082031,-324.8045959472656,45.712615966796875,0.009196928566495857,0.35,0.0,0.5239078388892545,-0.14013671874999833,131,135,5.89449589330003,66.52046463392472
874,43.7,ccurve,247,pure_pursuit,6.0,345.5290222167969,-324.1334228515625,345.0666809082031,-324.8045959472656,45.82879638671875,0.006288613427225257,0.35,0.0,0.8150047914140734,-0.25631713867187333,131,135,5.9847213450589445,66.42361043820324
875,43.75,ccurve,247,pure_pursuit,6.0,345.7352294921875,-323.92034912109375,346.3082275390625,-323.52069091796875,45.962730407714844,0.0028825032329347932,0.35,0.0,0.6986082171343738,0.388175964355469,132,135,5.903650907412026,66.32811438929122
876,43.800000000000004,ccurve,247,pure_pursuit,6.0,345.94171142578125,-323.70635986328125,346.3082275390625,-323.52069091796875,46.03655242919922,0.019958447603580128,0.35,0.0,0.41086131303427703,0.31435394287109547,132,136,5.980200167792463,66.233123028319
877,43.85,ccurve,247,pure_pursuit,6.0,346.1470642089844,-323.49224853515625,346.3082275390625,-323.52069091796875,46.184574127197266,0.016656068328717615,0.35,0.0,0.16365386674907337,0.16633224487304446,132,136,5.894163224864087,66.13869828389196
878,43.900000000000006,ccurve,247,pure_pursuit,6.0,346.352294921875,-323.2762756347656,346.3082275390625,-323.52069091796875,46.3249626159668,0.013311897970390169,0.35,0.0,0.24835612513325944,0.025943756103512305,132,136,5.998663741241333,66.04377023702348
879,43.95,ccurve,247,pure_pursuit,6.0,346.5569152832031,-323.0601806640625,346.3082275390625,-323.52069091796875,46.4964485168457,0.009052437676684736,0.35,0.0,0.5233691699350964,-0.14554214477539174,132,136,5.92816843513553,65.94965507504007
880,44.0,ccurve,247,pure_pursuit,6.0,346.76177978515625,-322.84283447265625,346.3082275390625,-323.52069091796875,46.609291076660156,0.006222616479885692,0.15,0.0,0.8155973273548558,-0.2583847045898432,132,136,6.0082881681819105,65.85576709027455
881,44.050000000000004,ccurve,247,pure_pursuit,6.0,346.96612548828125,-322.62591552734375,347.5321960449219,-322.22003173828125,46.74171447753906,0.0028664792943927943,0.35,0.0,0.6965468579493838,0.3876228332519571,133,136,5.916876985283908,65.76322672441677
882,44.1,ccurve,247,pure_pursuit,6.0,347.1703796386719,-322.4084777832031,347.5321960449219,-322.22003173828125,46.81902313232422,0.019873410987019863,0.35,0.0,0.4079497808289182,0.31031417846679543,133,137,5.994776187092956,65.6714101430774
883,44.150000000000006,ccurve,247,pure_pursuit,6.0,347.372802734375,-322.19158935546875,347.5321960449219,-322.22003173828125,46.966285705566406,0.016591183801543532,0.35,0.0,0.1619110761719078,0.1630516052246137,133,137,5.901112616493223,65.58040712651909
884,44.2,ccurve,247,pure_pursuit,6.0,347.5744323730469,-321.9734802246094,347.5321960449219,-322.22003173828125,47.098751068115234,0.013447878924870862,0.35,0.0,0.25014307167574207,0.030586242675781236,133,137,5.970390324679366,65.48916847436908
885,44.25,ccurve,247,pure_pursuit,6.0,347.77496337890625,-321.755859375,347.5321960449219,-322.22003173828125,47.266998291015625,0.00927401674247065,0.35,0.0,0.5238243611020604,-0.13766098022460696,133,137,5.8789533024262415,65.39903076078745
886,44.300000000000004,ccurve,247,pure_pursuit,6.0,347.9757995605469,-321.5369567871094,347.5321960449219,-322.22003173828125,47.38492965698242,0.006316982825008501,0.35,0.0,0.8144786479664885,-0.2555923461914022,133,137,5.978793986408478,65.30915173048592
887,44.35,ccurve,247,pure_pursuit,6.0,348.1761779785156,-321.31842041015625,348.73834228515625,-320.9028625488281,47.519981384277344,0.0028986896938683945,0.35,0.0,0.69908300206223,0.3877868652343742,134,137,5.904785275119938,65.22058797869178
888,44.400000000000006,ccurve,247,pure_pursuit,6.0,348.3768615722656,-321.09881591796875,348.73834228515625,-320.9028625488281,47.59425735473633,0.0199594394178226,0.35,0.0,0.41117639605098505,0.31351089477539,134,138,5.984057643958422,65.13248773671654
889,44.45,ccurve,247,pure_pursuit,6.0,348.5765686035156,-320.8789978027344,348.73834228515625,-320.9028625488281,47.742698669433594,0.01665684397585203,0.35,0.0,0.16352446354500433,0.16506958007812025,134,138,5.900701575509676,65.04494616535493
890,44.5,ccurve,247,pure_pursuit,6.0,348.7761535644531,-320.65716552734375,348.73834228515625,-320.9028625488281,47.883705139160156,0.013293574902359868,0.15,0.0,0.24858945916582972,0.02406311035156041,134,138,6.008027430945884,64.95685474546374
891,44.550000000000004,ccurve,247,pure_pursuit,6.0,348.97503662109375,-320.4353942871094,348.73834228515625,-320.9028625488281,48.05479049682617,0.009052203930743298,0.35,0.0,0.523975938740744,-0.1470222473144579,134,138,5.927092679282093,64.86970464078726
892,44.6,ccurve,247,pure_pursuit,6.0,349.1733093261719,-320.213134765625,348.73834228515625,-320.9028625488281,48.16572952270508,0.0062564593646160516,0.35,0.0,0.8154267236804208,-0.2579612731933629,134,138,5.981537728807077,64.7830719022613
893,44.650000000000006,ccurve,247,pure_pursuit,6.0,349.3703918457031,-319.9920959472656,349.926513671875,-319.56939697265625,48.29664993286133,0.0029236795791572055,0.35,0.0,0.6985312510407521,0.3895454406738239,135,138,5.878539313738622,64.69810657769436
894,44.7,ccurve,247,pure_pursuit,6.0,349.5675964355469,-319.7704162597656,349.926513671875,-319.56939697265625,48.374229431152344,0.019920419690666838,0.35,0.0,0.4113761494342866,0.31196594238280806,135,139,5.969413251306526,64.61390789086845
895,44.75,ccurve,247,pure_pursuit,6.0,349.7634582519531,-319.54876708984375,349.926513671875,-319.56939697265625,48.52292251586914,0.016595990207455814,0.35,0.0,0.16435529206799662,0.16327285766601085,135,139,5.888146144151176,64.53027309430627
896,44.800000000000004,ccurve,247,pure_pursuit,6.0,349.9588623046875,-319.3255920410156,349.926513671875,-319.56939697265625,48.65646743774414,0.013433812593782886,0.35,0.0,0.24594161652133578,0.029727935791010653,135,139,5.964798047325768,64.44635435187365
897,44.85,ccurve,247,pure_pursuit,6.0,350.15338134765625,-319.1026306152344,349.926513671875,-319.56939697265625,48.8253288269043,0.00924341631812099,0.35,0.0,0.5189795513652459,-0.1391334533691437,135,139,5.879034682458633,64.36339430430257
898,44.900000000000006,ccurve,247,pure_pursuit,6.0,350.3482666015625,-318.8782043457031,349.926513671875,-319.56939697265625,48.944091796875,0.006254025945082486,0.35,0.0,0.8097053669417976,-0.25789642333984714,135,139,5.984477532640248,64.28066000282412
899,44.95,ccurve,247,pure_pursuit,6.0,350.5428161621094,-318.654052734375,351.09649658203125,-318.2199401855469,49.07924270629883,0.0028261773092013343,0.35,0.0,0.7035735302403829,0.38538360595702803,136,139,5.914178798850979,64.19924087133076
900,45.0,ccurve,247,pure_pursuit,6.0,350.73773193359375,-318.4287109375,351.09649658203125,-318.2199401855469,49.153228759765625,0.019880185561154867,0.35,0.0,0.41508709910036495,0.311397552490231,136,140,5.9941468744608954,64.11830201075975
901,45.050000000000004,ccurve,247,pure_pursuit,6.0,350.93170166015625,-318.203125,351.09649658203125,-318.2199401855469,49.301326751708984,0.016577773711766185,0.35,0.0,0.16565058629767415,0.16329956054687328,136,140,5.911969226749301,64.0379183432029
902,45.1,ccurve,247,pure_pursuit,6.0,351.1256103515625,-317.97552490234375,351.09649658203125,-318.2199401855469,49.44211196899414,0.013229799580467794,0.15,0.0,0.24614313364297313,0.022514343261716925,136,140,6.02012214098157,63.95711399275541
903,45.150000000000006,ccurve,247,pure_pursuit,6.0,351.3187561035156,-317.7480163574219,351.09649658203125,-318.2199401855469,49.612850189208984,0.00899863578727688,0.35,0.0,0.5216429760311336,-0.1482238769531278,136,140,5.939645017592469,63.87725298495784
904,45.2,ccurve,247,pure_pursuit,6.0,351.5113525390625,-317.52001953125,351.09649658203125,-318.2199401855469,49.7235107421875,0.006222530557361403,0.35,0.0,0.8136303751677908,-0.25888442993164296,136,140,5.9939047063058,63.797974409265315
905,45.25,ccurve,247,pure_pursuit,6.0,351.70281982421875,-317.2932434082031,352.24798583984375,-316.854736328125,49.85418701171875,0.0029098392612439067,0.35,0.0,0.6996387952873118,0.38887023925781616,137,140,5.8911250419152426,63.72035326345722
906,45.300000000000004,ccurve,247,pure_pursuit,6.0,351.8943176269531,-317.0657958984375,352.24798583984375,-316.854736328125,49.93154525756836,0.01990247794132703,0.35,0.0,0.4118584065303822,0.3115119934082038,137,141,5.981477039507022,63.64348942858712
907,45.35,ccurve,247,pure_pursuit,6.0,352.08447265625,-316.8385009765625,352.24798583984375,-316.854736328125,50.08009338378906,0.016590631103247835,0.35,0.0,0.16431721714209185,0.16296386718750336,137,141,5.900070935858833,63.56727175229438
908,45.400000000000006,ccurve,247,pure_pursuit,6.0,352.2740478515625,-316.6096496582031,352.24798583984375,-316.854736328125,50.213714599609375,0.013416123219271983,0.35,0.0,0.24646846497721037,0.02934265136719008,137,141,5.976661039756478,63.4907425045088
909,45.45,ccurve,247,pure_pursuit,6.0,352.4627990722656,-316.3810119628906,352.24798583984375,-316.854736328125,50.382598876953125,0.009220239522345446,0.35,0.0,0.5201533418524253,-0.13954162597655884,137,141,5.891056457299686,63.4152043876465
910,45.5,ccurve,247,pure_pursuit,6.0,352.65185546875,-316.1509704589844,352.24798583984375,-316.854736328125,50.50117111206055,0.0062374243422089306,0.35,0.0,0.8114167090466718,-0.2581138610839827,137,141,5.995628813811492,63.34000927545155
911,45.550000000000004,ccurve,247,pure_pursuit,6.0,352.8406066894531,-315.9211730957031,353.380859375,-315.4739990234375,50.63618850708008,0.002812967223564059,0.35,0.0,0.7013113539272219,0.3852996826171919,138,141,5.925074074951516,63.26614196568013
912,45.6,ccurve,247,pure_pursuit,6.0,353.0297546386719,-315.6901550292969,353.380859375,-315.4739990234375,50.710147857666016,0.01989243415572477,0.15,0.0,0.4123080823136024,0.311340332031251,138,142,6.005096488283684,63.19284446864953
913,45.650000000000006,ccurve,247,pure_pursuit,6.0,353.2177734375,-315.45916748046875,353.380859375,-315.4739990234375,50.85808181762695,0.016608208304578605,0.35,0.0,0.16375896212753605,0.1634063720703167,138,142,5.913284406096044,63.120221046878136
914,45.7,ccurve,247,pure_pursuit,6.0,353.40484619140625,-315.2270202636719,353.380859375,-315.4739990234375,50.99605178833008,0.013323959723735415,0.35,0.0,0.24814083730146766,0.02543640136718953,138,142,5.991632225590968,63.04742530293207
915,45.75,ccurve,247,pure_pursuit,6.0,353.5904541015625,-314.9958190917969,353.380859375,-315.4739990234375,51.16526412963867,0.009113505131496655,0.35,0.0,0.5220976885858066,-0.14377593994140628,138,142,5.898501341883923,62.975818792765324
916,45.800000000000004,ccurve,247,pure_pursuit,6.0,353.77581787109375,-314.7638854980469,353.380859375,-315.4739990234375,51.2767219543457,0.0063152741646090825,0.35,0.0,0.812559802463387,-0.25523376464843134,138,142,5.9677676077992485,62.90479919956152
917,45.85,ccurve,247,pure_pursuit,6.0,353.96038818359375,-314.5327453613281,354.4948425292969,-314.0779724121094,51.40869140625,0.002954885912367009,0.35,0.0,0.7017548596070249,0.39122390747070535,139,142,5.876166641377761,62.83524053754122
918,45.900000000000006,ccurve,247,pure_pursuit,6.0,354.1453857421875,-314.3005065917969,354.4948425292969,-314.0779724121094,51.48773193359375,0.019906272305406175,0.35,0.0,0.414296400160556,0.3121833801269564,139,143,5.976162320564284,62.76639929589074
919,45.95,ccurve,247,pure_pursuit,6.0,354.32928466796875,-314.0682067871094,354.4948425292969,-314.0779724121094,51.63729476928711,0.016574822743863307,0.35,0.0,0.16584562966561192,0.16262054443359766,139,143,5.901838410812399,62.69815760230336
920,46.0,ccurve,247,pure_pursuit,6.0,354.5127258300781,-313.83416748046875,354.4948425292969,-314.0779724121094,51.77128219604492,0.013400442867511488,0.35,0.0,0.24445992951631662,0.028633117675784144,139,143,5.98111545590074,62.629599527069544
921,46.050000000000004,ccurve,247,pure_pursuit,6.0,354.69537353515625,-313.6002197265625,354.4948425292969,-314.0779724121094,51.94035720825195,0.009194425130821153,0.35,0.0,0.5181315594115301,-0.1404418945312443,139,143,5.89817720211153,62.561951798213364
922,46.1,ccurve,247,pure_pursuit,6.0,354.87847900390625,-313.3647155761719,354.4948425292969,-314.0779724121094,52.05934143066406,0.006210201273798581,0.15,0.0,0.8098841019937874,-0.25942611694335754,139,143,6.005501647631143,62.49472463806989
923,46.150000000000006,ccurve,247,pure_pursuit,6.0,355.06109619140625,-313.1296081542969,355.58978271484375,-312.6669616699219,52.19377899169922,0.002796113161654553,0.35,0.0,0.7025319989644438,0.38456726074218506,140,143,5.9244821350847205,62.428845982221496
924,46.2,ccurve,247,pure_pursuit,6.0,355.24334716796875,-312.8942565917969,355.58978271484375,-312.6669616699219,52.26582336425781,0.01991338261283491,0.35,0.0,0.414343540614238,0.3125228881835942,140,144,5.97883214676144,62.36389689320077
925,46.25,ccurve,247,pure_pursuit,6.0,355.4238586425781,-312.65960693359375,355.58978271484375,-312.6669616699219,52.41177749633789,0.016658015464495475,0.35,0.0,0.16608699498655694,0.1665687561035131,140,144,5.875399749417976,62.29972054962192
926,46.300000000000004,ccurve,247,pure_pursuit,6.0,355.6036682128906,-312.4237365722656,355.58978271484375,-312.6669616699219,52.549686431884766,0.013386202137112184,0.35,0.0,0.24362113041750325,0.028659820556640223,140,144,5.966699369162865,62.23550135435792
927,46.35,ccurve,247,pure_pursuit,6.0,355.7824401855469,-312.188232421875,355.58978271484375,-312.6669616699219,52.720062255859375,0.009144541968889773,0.35,0.0,0.5160412715599905,-0.14171600341797214,140,144,5.886004798956288,62.172233960192344
928,46.400000000000006,ccurve,247,pure_pursuit,6.0,355.9611511230469,-311.9516906738281,355.58978271484375,-312.6669616699219,52.83251953125,0.006313430699448559,0.35,0.0,0.8059324366621983,-0.2541732788085967,140,144,5.962649925799254,62.109484782361825
929,46.45,ccurve,247,pure_pursuit,6.0,356.139404296875,-311.7156677246094,356.6654052734375,-311.2412414550781,52.96515655517578,0.0029468594196480078,0.35,0.0,0.7083482989081303,0.3916244506835974,141,144,5.876739674054001,62.048178545659454
930,46.5,ccurve,247,pure_pursuit,6.0,356.3182067871094,-311.47833251953125,356.6654052734375,-311.2412414550781,53.04507827758789,0.019861220909824315,0.35,0.0,0.42042711824055434,0.3117027282714897,141,145,5.982325660923141,61.987601374899874
931,46.550000000000004,ccurve,247,pure_pursuit,6.0,356.4959411621094,-311.2407531738281,356.6654052734375,-311.2412414550781,53.19489288330078,0.016511753213712514,0.35,0.0,0.16946481477525135,0.16188812255859716,141,145,5.9116888405139045,61.927498536129015
932,46.6,ccurve,247,pure_pursuit,6.0,356.6731872558594,-311.00140380859375,356.6654052734375,-311.2412414550781,53.328678131103516,0.013328057084753616,0.35,0.0,0.23996386378281712,0.028102874755860447,141,145,5.991668266694009,61.86711693020547
933,46.650000000000006,ccurve,247,pure_pursuit,6.0,356.84979248046875,-310.76214599609375,356.6654052734375,-311.2412414550781,53.49751281738281,0.0091374416811377,0.35,0.0,0.5133528035729755,-0.14073181152343148,141,145,5.909909750138055,61.80774896671876
934,46.7,ccurve,247,pure_pursuit,6.0,357.02679443359375,-310.5213317871094,356.6654052734375,-311.2412414550781,53.616310119628906,0.006166240851934156,0.15,0.0,0.8055259493730265,-0.2595291137695267,141,145,6.018004725465421,61.748875614357694
935,46.75,ccurve,247,pure_pursuit,6.0,357.2033386230469,-310.28082275390625,357.7215881347656,-309.80096435546875,53.75043869018555,0.0027576709680684386,0.35,0.0,0.706290760910636,0.3847694396972682,142,145,5.9374393001975445,61.69130751601388
936,46.800000000000004,ccurve,247,pure_pursuit,6.0,357.3795166015625,-310.0400390625,357.7215881347656,-309.80096435546875,53.82222366333008,0.01988908851982602,0.35,0.0,0.41733637436726584,0.3129844665527342,142,146,5.991611434960891,61.63467921644647
937,46.85,ccurve,247,pure_pursuit,6.0,357.5539855957031,-309.8000793457031,357.7215881347656,-309.80096435546875,53.96803665161133,0.016644202126573544,0.35,0.0,0.16760487565247645,0.16717147827148834,142,146,5.888406500253232,61.578872819864024
938,46.900000000000006,ccurve,247,pure_pursuit,6.0,357.7275695800781,-309.55889892578125,357.7215881347656,-309.80096435546875,54.10582733154297,0.01335357257891774,0.35,0.0,0.2421393192726461,0.02938079833984344,142,146,5.979154565238862,61.52295196051724
939,46.95,ccurve,247,pure_pursuit,6.0,357.9002685546875,-309.3181457519531,357.7215881347656,-309.80096435546875,54.27608108520508,0.009122388447237334,0.35,0.0,0.5148208390928206,-0.14087295532226035,142,146,5.898315812383191,61.46811228354455
940,47.0,ccurve,247,pure_pursuit,6.0,358.0728759765625,-309.07635498046875,357.7215881347656,-309.80096435546875,54.38854217529297,0.006298394840404144,0.35,0.0,0.8052713170926907,-0.2533340454101528,142,146,5.9748935256220275,61.41384409801772
941,47.050000000000004,ccurve,247,pure_pursuit,6.0,358.2450256347656,-308.8350524902344,358.7580871582031,-308.34649658203125,54.5211067199707,0.002932536097856237,0.35,0.0,0.7084624212138486,0.3925323486328123,143,146,5.889142612691755,61.360995277250964
942,47.1,ccurve,247,pure_pursuit,6.0,358.4176025390625,-308.59246826171875,358.7580871582031,-308.34649658203125,54.60081100463867,0.019858010711771255,0.35,0.0,0.42003790671750874,0.3128280639648402,143,147,5.993836938031754,61.30892209370405
943,47.150000000000006,ccurve,247,pure_pursuit,6.0,358.58917236328125,-308.3497009277344,358.7580871582031,-308.34649658203125,54.75051498413086,0.01651837935376088,0.35,0.0,0.16894518571088146,0.16312408447265256,143,147,5.92294216009355,61.25741082425902
944,47.2,ccurve,247,pure_pursuit,6.0,358.76019287109375,-308.10516357421875,358.7580871582031,-308.34649658203125,54.88446807861328,0.0133336083037324,0.15,0.0,0.2413421941696187,0.029170989990230878,143,147,6.002973170453517,61.20566278711819
945,47.25,ccurve,247,pure_pursuit,6.0,358.9305114746094,-307.86090087890625,358.7580871582031,-308.34649658203125,55.05329132080078,0.009156621326629689,0.35,0.0,0.5152992642936973,-0.13965225219727012,143,147,5.91158456097695,61.15501942262861
946,47.300000000000004,ccurve,247,pure_pursuit,6.0,359.100341796875,-307.615966796875,358.7580871582031,-308.34649658203125,55.16956329345703,0.006222717637114247,0.35,0.0,0.8067292015867855,-0.25592422485351696,143,147,5.98987121966201,61.104966952366155
947,47.35,ccurve,247,pure_pursuit,6.0,359.2691650390625,-307.3723449707031,359.7747802734375,-306.8780822753906,55.302371978759766,0.002842955439713785,0.35,0.0,0.7070660345467482,0.3896980285644564,144,147,5.89663850260982,61.05651531821795
948,47.400000000000006,ccurve,247,pure_pursuit,6.0,359.43792724609375,-307.128173828125,359.7747802734375,-306.8780822753906,55.37501525878906,0.019958963605380964,0.35,0.0,0.41954230630502554,0.3170547485351582,144,148,5.965818968500508,61.00904146430488
949,47.45,ccurve,247,pure_pursuit,6.0,359.6053161621094,-306.88433837890625,359.7747802734375,-306.8780822753906,55.52219009399414,0.016680227772763054,0.35,0.0,0.16957955023949486,0.1698799133300805,144,148,5.873800789340999,60.962209522209626
950,47.5,ccurve,247,pure_pursuit,6.0,359.7721252441406,-306.63885498046875,359.7747802734375,-306.8780822753906,55.661720275878906,0.013352290361895752,0.35,0.0,0.23924202769623282,0.03034973144531259,144,148,5.974207112169369,60.915227243287305
951,47.550000000000004,ccurve,247,pure_pursuit,6.0,359.938232421875,-306.3935546875,359.7747802734375,-306.8780822753906,55.83293533325195,0.009103750447590096,0.35,0.0,0.5113546599532871,-0.14086532592773096,144,148,5.900447408502487,60.8692662407307
952,47.6,ccurve,247,pure_pursuit,6.0,360.1043701171875,-306.1470031738281,359.7747802734375,-306.8780822753906,55.945682525634766,0.006282286824188215,0.35,0.0,0.8019389738905209,-0.25361251831054904,144,148,5.979724338854012,60.823888712693396
953,47.650000000000006,ccurve,247,pure_pursuit,6.0,360.27008056640625,-305.9008483886719,360.77142333984375,-305.3960266113281,56.0783805847168,0.002913044638682702,0.35,0.0,0.7114700298385781,0.39211654663086143,145,148,5.8966483055400065,60.77988296093239
954,47.7,ccurve,247,pure_pursuit,6.0,360.4362487792969,-305.6532897949219,360.77142333984375,-305.3960266113281,56.158447265625,0.019825448140841515,0.15,0.0,0.42252376462227814,0.3120498657226569,145,149,6.004041058899792,60.73669448455241
955,47.75,ccurve,247,pure_pursuit,6.0,360.601318359375,-305.4056701660156,360.77142333984375,-305.3960266113281,56.30753707885742,0.01649725211602821,0.35,0.0,0.17037811633917258,0.16296005249023549,145,149,5.922661518226063,60.69408004542337
956,47.800000000000004,ccurve,247,pure_pursuit,6.0,360.76519775390625,-305.1572570800781,360.77142333984375,-305.3960266113281,56.439186096191406,0.013374678771457175,0.35,0.0,0.23885067924041983,0.03131103515625234,145,149,5.977044607331313,60.65147870773679
957,47.85,ccurve,247,pure_pursuit,6.0,360.9277648925781,-304.90997314453125,360.77142333984375,-305.3960266113281,56.606117248535156,0.00923457373682185,0.35,0.0,0.5105787438746899,-0.1356201171874995,145,149,5.874050954304435,60.61006586021629
958,47.900000000000006,ccurve,247,pure_pursuit,6.0,361.09002685546875,-304.6618347167969,360.77142333984375,-305.3960266113281,56.72249221801758,0.00629783792060326,0.35,0.0,0.8003411386177745,-0.2519950866699219,145,149,5.965276051513155,60.56928007482834
959,47.95,ccurve,247,pure_pursuit,6.0,361.2518005371094,-304.4143981933594,361.7477722167969,-303.9005432128906,56.85660171508789,0.002897684124709498,0.35,0.0,0.7141672409209061,0.39232635498047397,146,149,5.884460654415461,60.53000613527554
960,48.0,ccurve,247,pure_pursuit,6.0,361.41357421875,-304.166015625,361.7477722167969,-303.9005432128906,56.930419921875,0.019955904696553405,0.35,0.0,0.42680663477704855,0.31850814819336193,146,150,5.961020692831208,60.49153837761035
961,48.050000000000004,ccurve,247,pure_pursuit,6.0,361.57427978515625,-303.9177551269531,361.7477722167969,-303.9005432128906,57.078460693359375,0.016655947245195916,0.35,0.0,0.17434412471394561,0.17046737670898426,146,150,5.874707861015214,60.453761378180666
962,48.1,ccurve,247,pure_pursuit,6.0,361.73455810546875,-303.66766357421875,361.7477722167969,-303.9005432128906,57.218963623046875,0.013317582270036347,0.35,0.0,0.233254236502009,0.02996444702148566,146,150,5.980656667063071,60.415907304928936
963,48.150000000000006,ccurve,247,pure_pursuit,6.0,361.8941650390625,-303.4176025390625,361.7477722167969,-303.9005432128906,57.39045715332031,0.009062500392907648,0.35,0.0,0.5046410138390045,-0.14152908325194777,146,150,5.910557925040065,60.378992659744554
964,48.2,ccurve,247,pure_pursuit,6.0,362.0537414550781,-303.16619873046875,361.7477722167969,-303.9005432128906,57.50313949584961,0.006226717149706464,0.35,0.0,0.7955369216056913,-0.25421142578125006,146,150,5.990551883705355,60.34264014705602
965,48.25,ccurve,247,pure_pursuit,6.0,362.2130432128906,-302.91510009765625,362.7037658691406,-302.3919372558594,57.63564682006836,0.0028613233566225607,0.35,0.0,0.7172921889955569,0.3917121887206951,147,150,5.908656473654848,60.30771458374472
966,48.300000000000004,ccurve,247,pure_pursuit,6.0,362.372802734375,-302.66253662109375,362.7037658691406,-302.3919372558594,57.71552658081055,0.019772376468148483,0.15,0.0,0.4275051029392935,0.31183242797851496,147,151,6.01677836048649,60.273676883845766
967,48.35,ccurve,247,pure_pursuit,6.0,362.5314636230469,-302.4100036621094,362.7037658691406,-302.3919372558594,57.86429214477539,0.016461366293556653,0.35,0.0,0.17324681539278355,0.1630668640136725,147,151,5.9358446807869125,60.24026089699136
968,48.400000000000006,ccurve,247,pure_pursuit,6.0,362.6889343261719,-302.1566467285156,362.7037658691406,-302.3919372558594,57.99578857421875,0.01334910926121085,0.35,0.0,0.23575751721744492,0.031570434570315546,147,151,5.99006297082883,60.206858744807576
969,48.45,ccurve,247,pure_pursuit,6.0,362.84503173828125,-301.90447998046875,362.7037658691406,-302.3919372558594,58.16261672973633,0.009203725178708268,0.35,0.0,0.5075141782406751,-0.13525772094727348,147,151,5.887313075171991,60.174563378007896
970,48.5,ccurve,247,pure_pursuit,6.0,363.00091552734375,-301.6514892578125,362.7037658691406,-302.3919372558594,58.27885818481445,0.00628815009370151,0.35,0.0,0.7978478283368696,-0.25149917602539,147,151,5.977968611488737,60.143041199706445
971,48.550000000000004,ccurve,247,pure_pursuit,6.0,363.15625,-301.3992004394531,363.6391906738281,-300.8704833984375,58.41282653808594,0.0028921444889342175,0.35,0.0,0.7160819812688219,0.3929595947265732,148,151,5.897002340173057,60.11295996830059
972,48.6,ccurve,247,pure_pursuit,6.0,363.3116760253906,-301.14599609375,363.6391906738281,-300.8704833984375,58.48664093017578,0.019976303548355116,0.35,0.0,0.4279872547395514,0.3191452026367227,148,152,5.9735104714677725,60.08384639646925
973,48.650000000000006,ccurve,247,pure_pursuit,6.0,363.4658508300781,-300.8929748535156,363.6391906738281,-300.8704833984375,58.63473892211914,0.01667202781803985,0.35,0.0,0.17479292600905144,0.1710472106933586,148,152,5.887357609038489,60.05529543086463
974,48.7,ccurve,247,pure_pursuit,6.0,363.61956787109375,-300.6380920410156,363.6391906738281,-300.8704833984375,58.775264739990234,0.013328925696227524,0.35,0.0,0.23321834703027516,0.030521392822265434,148,152,5.992387917535054,60.02671890091982
975,48.75,ccurve,247,pure_pursuit,6.0,363.7725830078125,-300.38330078125,363.6391906738281,-300.8704833984375,58.94687271118164,0.009065145895402315,0.35,0.0,0.5051142615839125,-0.14108657836913444,148,152,5.922030329112256,59.99909284070117
976,48.800000000000004,ccurve,247,pure_pursuit,6.0,363.9255676269531,-300.1271667480469,363.6391906738281,-300.8704833984375,59.059715270996094,0.006226317638838736,0.15,0.0,0.7965747937445027,-0.2539291381835859,148,152,6.002086358622569,59.97211493228137
977,48.85,ccurve,247,pure_pursuit,6.0,364.07818603515625,-299.8715515136719,364.5538330078125,-299.3364562988281,59.19220733642578,0.0028675967758423205,0.35,0.0,0.7159377986569325,0.39200973510741166,149,152,5.910573659548138,59.94661407150336
978,48.900000000000006,ccurve,247,pure_pursuit,6.0,364.2306213378906,-299.6154479980469,364.5538330078125,-299.3364562988281,59.26958465576172,0.019847445711123818,0.35,0.0,0.4269685606770744,0.3146324157714726,149,153,5.9888555484222294,59.9221497373052
979,48.95,ccurve,247,pure_pursuit,6.0,364.38134765625,-299.36029052734375,364.5538330078125,-299.3364562988281,59.41680908203125,0.016559948378697793,0.35,0.0,0.17412428593557608,0.16740798950195065,149,153,5.895240941978474,59.89830242533633
980,49.0,ccurve,247,pure_pursuit,6.0,364.5310974121094,-299.1040954589844,364.5538330078125,-299.3364562988281,59.549049377441406,0.013426381579518365,0.35,0.0,0.23347048465463208,0.03516769409179589,149,153,5.964468465789388,59.874518514045626
981,49.050000000000004,ccurve,247,pure_pursuit,6.0,364.6798400878906,-298.84857177734375,364.5538330078125,-299.3364562988281,59.71711349487305,0.009248973113479862,0.35,0.0,0.5038939278596762,-0.13289642333984852,149,153,5.872911647551317,59.85174639548268
982,49.1,ccurve,247,pure_pursuit,6.0,364.8285827636719,-298.591796875,364.5538330078125,-299.3364562988281,59.83492660522461,0.006289681561345857,0.35,0.0,0.7937285970914877,-0.25070953369141585,149,153,5.973177509113152,59.82972345751238
983,49.150000000000006,ccurve,247,pure_pursuit,6.0,364.97698974609375,-298.3354187011719,365.4475402832031,-297.7901306152344,59.9698371887207,0.002868790723649646,0.35,0.0,0.7202478077990266,0.39281082153319585,150,153,5.899293976697964,59.80910750696726
984,49.2,ccurve,247,pure_pursuit,6.0,365.1254577636719,-298.0779724121094,365.4475402832031,-297.7901306152344,60.04390335083008,0.019930611025784802,0.35,0.0,0.43196070355511135,0.31874465942381786,150,154,5.978510943641965,59.78941144141079
985,49.25,ccurve,247,pure_pursuit,6.0,365.2729187011719,-297.8205261230469,365.4475402832031,-297.7901306152344,60.19217300415039,0.01662607043030387,0.35,0.0,0.1772472392063592,0.1704750061035073,150,154,5.8950547473441866,59.77034527812854
986,49.300000000000004,ccurve,247,pure_pursuit,6.0,365.4198303222656,-297.5611572265625,365.4475402832031,-297.7901306152344,60.332984924316406,0.013264374911950831,0.15,0.0,0.23064399982448994,0.02966308593749485,150,154,6.002782453931618,59.751236944752726
987,49.35,ccurve,247,pure_pursuit,6.0,365.5660400390625,-297.3019714355469,365.4475402832031,-297.7901306152344,60.50388717651367,0.009015119171888051,0.35,0.0,0.5023361193980624,-0.14123916625977334,150,154,5.921920348488509,59.73311900829941
988,49.400000000000006,ccurve,247,pure_pursuit,6.0,365.7116394042969,-297.0424499511719,365.4475402832031,-297.7901306152344,60.61453628540039,0.006233870772589421,0.35,0.0,0.792953164553514,-0.2518882751464848,150,154,5.976316107380183,59.7157833694578
989,49.45,ccurve,247,pure_pursuit,6.0,365.8562927246094,-296.7843322753906,366.3201904296875,-296.2318115234375,60.74525451660156,0.0028980872584283193,0.35,0.0,0.7214431801019383,0.3958206176757788,151,154,5.873200083420108,59.69987369161996
990,49.5,ccurve,247,pure_pursuit,6.0,366.00091552734375,-296.5255126953125,366.3201904296875,-296.2318115234375,60.82269287109375,0.01985808585150363,0.35,0.0,0.4338165990684997,0.31838226318359186,151,155,5.964393181176617,59.68502957715543
991,49.550000000000004,ccurve,247,pure_pursuit,6.0,366.144287109375,-296.2671203613281,366.3201904296875,-296.2318115234375,60.971126556396484,0.016542888971719905,0.35,0.0,0.1794120735350562,0.16994857788085785,151,155,5.883197748458289,59.67081377817593
992,49.6,ccurve,247,pure_pursuit,6.0,366.286865234375,-296.0072937011719,366.3201904296875,-296.2318115234375,61.104270935058594,0.013386803915794256,0.35,0.0,0.22697757853478623,0.0368041992187561,151,155,5.959815117948441,59.65663438837423
993,49.650000000000006,ccurve,247,pure_pursuit,6.0,366.42864990234375,-295.74786376953125,366.3201904296875,-296.2318115234375,61.272796630859375,0.009205346889891289,0.35,0.0,0.4959525034917922,-0.13172149658202834,151,155,5.873965868498666,59.64344949890243
994,49.7,ccurve,247,pure_pursuit,6.0,366.57049560546875,-295.4869384765625,366.3201904296875,-296.2318115234375,61.39130783081055,0.00622878517062374,0.35,0.0,0.7858043884986443,-0.2502326965332043,151,155,5.979780775541504,59.63101451520682
995,49.75,ccurve,247,pure_pursuit,6.0,366.71209716796875,-295.2263488769531,367.1715393066406,-294.66180419921875,61.5262451171875,0.0028181752089579837,0.35,0.0,0.7278720848786521,0.39326095581055126,152,155,5.909577938551337,59.62001639277479
996,49.800000000000004,ccurve,247,pure_pursuit,6.0,366.85382080078125,-294.9644775390625,367.1715393066406,-294.66180419921875,61.60005187988281,0.019889165993280708,0.35,0.0,0.4388122601041177,0.31945419311523654,152,156,5.9895070289855745,59.60995222897421
997,49.85,ccurve,247,pure_pursuit,6.0,366.99456787109375,-294.7026062011719,367.1715393066406,-294.66180419921875,61.74811553955078,0.01659935595459289,0.35,0.0,0.181614130405386,0.17139053344726426,152,156,5.907240406769768,59.600527647603755
998,49.900000000000006,ccurve,247,pure_pursuit,6.0,367.13470458984375,-294.4387512207031,367.1715393066406,-294.66180419921875,61.88896942138672,0.013237342673433452,0.15,0.0,0.22607394274041812,0.030536651611336958,152,156,6.0156907888864195,59.59107317818259
999,49.95,ccurve,247,pure_pursuit,6.0,367.2741394042969,-294.17510986328125,367.1715393066406,-294.66180419921875,62.059757232666016,0.008992320483167286,0.35,0.0,0.49739135162637893,-0.14025115966795842,152,156,5.935259359205267,59.58260822039449
1000,50.0,ccurve,247,pure_pursuit,6.0,367.4129333496094,-293.9111328125,367.1715393066406,-294.66180419921875,62.170352935791016,0.006207494157321069,0.35,0.0,0.7885294000980876,-0.25084686279297047,152,156,5.98948874276588,59.57491187619995
1001,50.050000000000004,ccurve,247,pure_pursuit,6.0,367.55084228515625,-293.6486511230469,368.00152587890625,-293.08038330078125,62.30094528198242,0.0028824102169149254,0.35,0.0,0.7252889213947301,0.39699172973633745,153,156,5.886619281069624,59.568652119033366
1002,50.1,ccurve,247,pure_pursuit,6.0,367.68878173828125,-293.38543701171875,368.00152587890625,-293.08038330078125,62.37820816040039,0.019876164045323618,0.35,0.0,0.4368828951240934,0.31972885131837125,153,157,5.977228190440706,59.563545055721214
1003,50.150000000000006,ccurve,247,pure_pursuit,6.0,367.82537841796875,-293.1226501464844,368.00152587890625,-293.08038330078125,62.526634216308594,0.016559643184581262,0.35,0.0,0.18114749305585176,0.17130279541016027,153,157,5.895882951617007,59.55893900872626
1004,50.2,ccurve,247,pure_pursuit,6.0,367.96112060546875,-292.8584899902344,368.00152587890625,-293.08038330078125,62.660030364990234,0.01339485440196839,0.35,0.0,0.22554207453823566,0.037906646728518366,153,157,5.972445502226227,59.5544072704451
1005,50.25,ccurve,247,pure_pursuit,6.0,368.09613037109375,-292.5947265625,368.00152587890625,-293.08038330078125,62.82870101928711,0.00921545970562182,0.35,0.0,0.4947852841183106,-0.13076400756835646,153,157,5.886764496181375,59.55089163660507
1006,50.300000000000004,ccurve,247,pure_pursuit,6.0,368.2310791015625,-292.3294982910156,368.00152587890625,-293.08038330078125,62.94721221923828,0.006231442083109296,0.35,0.0,0.7851897731902732,-0.2492752075195197,153,157,5.991659993301948,59.54812284481443
1007,50.35,ccurve,247,pure_pursuit,6.0,368.3658142089844,-292.0645751953125,368.8099060058594,-291.4877624511719,63.08216857910156,0.002812756913046127,0.35,0.0,0.7279632311145284,0.3941993713378901,154,157,5.921193346293382,59.54678979208078
1008,50.400000000000006,ccurve,247,pure_pursuit,6.0,368.5006103515625,-291.7984313964844,368.8099060058594,-291.4877624511719,63.15605163574219,0.01986977086628856,0.15,0.0,0.4383822479851495,0.3203163146972559,154,158,6.001175594753152,59.546444619416015
1009,50.45,ccurve,247,pure_pursuit,6.0,368.63427734375,-291.5325012207031,368.8099060058594,-291.4877624511719,63.30390930175781,0.016569476723136817,0.35,0.0,0.18123737046619087,0.1724586486816347,154,158,5.909306624013084,59.54667887835092
1010,50.5,ccurve,247,pure_pursuit,6.0,368.7668151855469,-291.2656555175781,368.8099060058594,-291.4877624511719,63.44170379638672,0.013281310015480255,0.35,0.0,0.22624833423833784,0.034664154052728276,154,158,5.9878976115240095,59.54698336771446
1011,50.550000000000004,ccurve,247,pure_pursuit,6.0,368.898193359375,-291.0000305175781,368.8099060058594,-291.4877624511719,63.61071014404297,0.00907923732450539,0.35,0.0,0.4956582450014234,-0.13434219360351649,154,158,5.8948020137554895,59.548269351751564
1012,50.6,ccurve,247,pure_pursuit,6.0,369.0291442871094,-290.7337646484375,368.8099060058594,-291.4877624511719,63.72187805175781,0.006288046072630922,0.35,0.0,0.7852248789319654,-0.24551010131836712,154,158,5.964040776872417,59.55036748250199
1013,50.650000000000006,ccurve,247,pure_pursuit,6.0,369.1595153808594,-290.46844482421875,369.5966491699219,-289.8843688964844,63.85363006591797,0.0029382110452068552,0.35,0.0,0.7295413894351088,0.40116882324217945,155,158,5.872360101053722,59.553825124568235
1014,50.7,ccurve,247,pure_pursuit,6.0,369.28997802734375,-290.2019348144531,369.5966491699219,-289.8843688964844,63.93257522583008,0.01987159747034671,0.35,0.0,0.4414694801971112,0.3222236633300766,155,159,5.972624167962734,59.558328491539264
1015,50.75,ccurve,247,pure_pursuit,6.0,369.41943359375,-289.9356384277344,369.5966491699219,-289.8843688964844,64.08195495605469,0.016545056068319162,0.35,0.0,0.18448285902089753,0.172843933105468,155,159,5.8983664072218325,59.56348498135327
1016,50.800000000000004,ccurve,247,pure_pursuit,6.0,369.5480651855469,-289.6676940917969,369.5966491699219,-289.8843688964844,64.2156982421875,0.01337332432417015,0.35,0.0,0.2220548907908054,0.03910064697265888,155,159,5.977616414032835,59.568679609901004
1017,50.85,ccurve,247,pure_pursuit,6.0,369.67596435546875,-289.40008544921875,369.5966491699219,-289.8843688964844,64.38458251953125,0.009180643403270154,0.35,0.0,0.49073552546541055,-0.12978363037109003,155,159,5.89461773126136,59.574826339571445
1018,50.900000000000006,ccurve,247,pure_pursuit,6.0,369.80389404296875,-289.1308288574219,369.5966491699219,-289.8843688964844,64.50342559814453,0.006189096829519375,0.15,0.0,0.7815196912903278,-0.24862670898437442,155,159,6.002210125389167,59.58180842402166
1019,50.95,ccurve,247,pure_pursuit,6.0,369.9314880371094,-288.8620300292969,370.3614196777344,-288.27044677734375,64.63776397705078,0.0027744663173047573,0.35,0.0,0.7313083888496964,0.39546203613281433,156,159,5.921240017416172,59.590157029782844
1020,51.0,ccurve,247,pure_pursuit,6.0,370.0587158203125,-288.593017578125,370.3614196777344,-288.27044677734375,64.70963287353516,0.019899182197834604,0.35,0.0,0.4423590700039276,0.32359313964843783,156,160,5.975552515632984,59.59956904565746
1021,51.050000000000004,ccurve,247,pure_pursuit,6.0,370.1842956542969,-288.3251953125,370.3614196777344,-288.27044677734375,64.85545349121094,0.016638204387233322,0.35,0.0,0.1853923455281884,0.17777252197265622,156,160,5.872044842302245,59.60941540369393
1022,51.1,ccurve,247,pure_pursuit,6.0,370.3089294433594,-288.0562744140625,370.3614196777344,-288.27044677734375,64.99324035644531,0.013355850553255878,0.35,0.0,0.22051082943524147,0.039985656738285545,156,160,5.963558184621275,59.61943002814114
1023,51.150000000000006,ccurve,247,pure_pursuit,6.0,370.43267822265625,-287.7879638671875,370.3614196777344,-288.27044677734375,65.16349029541016,0.009116011793860703,0.35,0.0,0.4877166583347619,-0.1302642822265631,156,160,5.882922033153477,59.630332228340386
1024,51.2,ccurve,247,pure_pursuit,6.0,370.55621337890625,-287.5185852050781,370.3614196777344,-288.27044677734375,65.27574157714844,0.006297731559841034,0.35,0.0,0.7766855282969906,-0.24251556396484295,156,160,5.959533131735135,59.64209457053814
1025,51.25,ccurve,247,pure_pursuit,6.0,370.6793518066406,-287.24981689453125,371.1042785644531,-286.646240234375,65.40819549560547,0.002930546726380305,0.35,0.0,0.7381514303924476,0.40345764160155917,157,160,5.873563696995825,59.65518682189187
1026,51.300000000000004,ccurve,247,pure_pursuit,6.0,370.802734375,-286.97967529296875,371.1042785644531,-286.646240234375,65.48805236816406,0.01985258969774461,0.35,0.0,0.44956405160150387,0.32360076904296087,157,161,5.979397197842912,59.669461175840674
1027,51.35,ccurve,247,pure_pursuit,6.0,370.9250793457031,-286.70953369140625,371.1042785644531,-286.646240234375,65.63777923583984,0.016510798414894716,0.35,0.0,0.19004847198432573,0.17387390136718506,157,161,5.9088315488184655,59.6842435958409
1028,51.400000000000006,ccurve,247,pure_pursuit,6.0,371.0465393066406,-286.4377746582031,371.1042785644531,-286.646240234375,65.77149963378906,0.013330874105629822,0.35,0.0,0.21631393469078722,0.04015350341797051,157,161,5.988773870249359,59.69908792056691
1029,51.45,ccurve,247,pure_pursuit,6.0,371.16741943359375,-286.16619873046875,371.1042785644531,-286.646240234375,65.9403076171875,0.00914492402127935,0.35,0.0,0.48417622290691614,-0.1286544799804717,157,161,5.906950474909779,59.71493531902455
1030,51.5,ccurve,247,pure_pursuit,6.0,371.2882080078125,-285.8929748535156,371.1042785644531,-286.646240234375,66.05914306640625,0.006141969060154544,0.15,0.0,0.7753958822019297,-0.2474899291992203,157,161,6.0152532442797915,59.73159473862485
1031,51.550000000000004,ccurve,247,pure_pursuit,6.0,371.40875244140625,-285.6202392578125,371.82501220703125,-285.0121154785156,66.19322967529297,0.002741707589100825,0.35,0.0,0.7369441793138027,0.39685821533203164,158,161,5.934714473017878,59.749682819104294
1032,51.6,ccurve,247,pure_pursuit,6.0,371.52880859375,-285.3472595214844,371.82501220703125,-285.0121154785156,66.26488494873047,0.0198585806969059,0.35,0.0,0.44727855980172765,0.32520294189452925,158,162,5.988856957766656,59.7687108244654
1033,51.650000000000006,ccurve,247,pure_pursuit,6.0,371.64739990234375,-285.0755310058594,371.82501220703125,-285.0121154785156,66.41053771972656,0.016614279768199475,0.35,0.0,0.18859390203474566,0.1795501708984326,158,162,5.885593287406077,59.788261553860316
1034,51.7,ccurve,247,pure_pursuit,6.0,371.7649841308594,-284.8027038574219,371.82501220703125,-285.0121154785156,66.5481948852539,0.013340273856170178,0.35,0.0,0.21784535105897657,0.04189300537109352,158,162,5.976510943387241,59.807961110903776
1035,51.75,ccurve,247,pure_pursuit,6.0,371.8817138671875,-284.530517578125,371.82501220703125,-285.0121154785156,66.71832275390625,0.00911261150623314,0.35,0.0,0.4849243404131548,-0.12823486328125927,158,162,5.895719664683806,59.82853147728097
1036,51.800000000000004,ccurve,247,pure_pursuit,6.0,371.9981689453125,-284.25732421875,371.82501220703125,-285.0121154785156,66.83065032958984,0.006300189185683844,0.35,0.0,0.7743985419864764,-0.24056243896484586,158,162,5.9722778738028595,59.849975665936356
1037,51.85,ccurve,247,pure_pursuit,6.0,372.11419677734375,-283.9847412109375,372.5234375,-283.36834716796875,66.963134765625,0.0029289355952673074,0.35,0.0,0.7398780881250444,0.40538024902343867,159,162,5.886479070722236,59.87267402194666
1038,51.900000000000006,ccurve,247,pure_pursuit,6.0,372.23046875,-283.7107849121094,372.5234375,-283.36834716796875,67.0428466796875,0.019866939099783747,0.35,0.0,0.45065984632390166,0.3256683349609435,159,163,5.9913707197132196,59.896631111399465
1039,51.95,ccurve,247,pure_pursuit,6.0,372.34564208984375,-283.4368591308594,372.5234375,-283.36834716796875,67.19256591796875,0.016520609831224057,0.35,0.0,0.19053896433998885,0.17594909667969072,159,163,5.920534434894451,59.92102102554101
1040,52.0,ccurve,247,pure_pursuit,6.0,372.4599914550781,-283.16131591796875,372.5234375,-283.36834716796875,67.32649993896484,0.013349134396393196,0.15,0.0,0.21653484498526115,0.042015075683589365,159,163,6.000535067003932,59.94559793449855
1041,52.050000000000004,ccurve,247,pure_pursuit,6.0,372.57354736328125,-282.8861999511719,372.5234375,-283.36834716796875,67.49536895751953,0.009150382096209855,0.35,0.0,0.4847441975547911,-0.12685394287108803,159,163,5.909108460781556,59.971019290364914
1042,52.1,ccurve,247,pure_pursuit,6.0,372.6866455078125,-282.6105651855469,372.5234375,-283.36834716796875,67.61164855957031,0.006233768145797601,0.35,0.0,0.7751582978317086,-0.24313354492187064,159,163,5.987545294038375,59.99731623995507
1043,52.150000000000006,ccurve,247,pure_pursuit,6.0,372.7989807128906,-282.33636474609375,373.1994934082031,-281.7152404785156,67.74447631835938,0.0028521657878080634,0.35,0.0,0.7390573556097968,0.40246582031249545,160,163,5.89433281794967,60.02476528031303
1044,52.2,ccurve,247,pure_pursuit,6.0,372.9110412597656,-282.0616760253906,373.1994934082031,-281.7152404785156,67.817138671875,0.01995723542167358,0.35,0.0,0.4508017636132204,0.32980346679687056,160,164,5.963492272014532,60.05326159940545
1045,52.25,ccurve,247,pure_pursuit,6.0,373.02191162109375,-281.78759765625,373.1994934082031,-281.7152404785156,67.96432495117188,0.016672324795169422,0.35,0.0,0.19175727439302875,0.18261718749998923,160,164,5.871423428713045,60.082237551532565
1046,52.300000000000004,ccurve,247,pure_pursuit,6.0,373.13189697265625,-281.5120544433594,373.1994934082031,-281.7152404785156,68.10385131835938,0.013348232861811875,0.35,0.0,0.21413510450451528,0.04309082031249555,160,164,5.971988314413612,60.111399617259366
1047,52.35,ccurve,247,pure_pursuit,6.0,373.24114990234375,-281.23687744140625,373.1994934082031,-281.7152404785156,68.27506256103516,0.009088837444759315,0.35,0.0,0.4801733632518501,-0.12812042236328647,160,164,5.898282049446281,60.14140508388441
1048,52.400000000000006,ccurve,247,pure_pursuit,6.0,373.3502197265625,-280.9604187011719,373.1994934082031,-281.7152404785156,68.38770294189453,0.006266886973755618,0.35,0.0,0.7697235468650737,-0.24076080322266113,160,164,5.977541227634172,60.17233513790287
1049,52.45,ccurve,247,pure_pursuit,6.0,373.4590148925781,-280.6844177246094,373.85302734375,-280.0530700683594,68.52032470703125,0.0029074555610681166,0.35,0.0,0.74420808563925,0.4050521850586045,161,164,5.894423510216106,60.20457079600157
1050,52.5,ccurve,247,pure_pursuit,6.0,373.5679931640625,-280.4069519042969,373.85302734375,-280.0530700683594,68.60032653808594,0.019836969093148873,0.15,0.0,0.4543972242395652,0.3250503540039158,161,165,6.00198441018679,60.23805176251232
1051,52.550000000000004,ccurve,247,pure_pursuit,6.0,373.67584228515625,-280.1296691894531,373.85302734375,-280.0530700683594,68.7494125366211,0.01651385183546241,0.35,0.0,0.19303359899562977,0.17596435546874953,161,165,5.92063491636917,60.27194174087536
1052,52.6,ccurve,247,pure_pursuit,6.0,373.7823486328125,-279.85186767578125,373.85302734375,-280.0530700683594,68.88111877441406,0.013394378422482929,0.35,0.0,0.2132554406315314,0.04425811767579271,161,165,5.974993303676739,60.30585117463023
1053,52.650000000000006,ccurve,247,pure_pursuit,6.0,373.88775634765625,-279.575439453125,373.85302734375,-280.0530700683594,69.04810333251953,0.009244341713394041,0.35,0.0,0.47889154129248085,-0.122726440429684,161,165,5.871948414787586,60.34047507009641
1054,52.7,ccurve,247,pure_pursuit,6.0,373.9927978515625,-279.29827880859375,373.85302734375,-280.0530700683594,69.16455841064453,0.006325927108423227,0.35,0.0,0.7676233716300874,-0.23918151855468733,161,165,5.96330206137404,60.37599913145107
1055,52.75,ccurve,247,pure_pursuit,6.0,374.097412109375,-279.0219421386719,374.4839172363281,-278.3822021484375,69.29877471923828,0.0029243801189778027,0.35,0.0,0.7474312465144399,0.4050292968749972,162,165,5.88252451111357,60.412732703912994
1056,52.800000000000004,ccurve,247,pure_pursuit,6.0,374.2018737792969,-278.74462890625,374.4839172363281,-278.3822021484375,69.37271881103516,0.019970268964129335,0.35,0.0,0.4592403144679473,0.33108520507812783,162,166,5.959065434202956,60.45051703780574
1057,52.85,ccurve,247,pure_pursuit,6.0,374.30523681640625,-278.46771240234375,374.4839172363281,-278.3822021484375,69.52088165283203,0.01665894826169353,0.35,0.0,0.19808759675095491,0.1829223632812543,162,166,5.87271881175322,60.488747164222445
1058,52.900000000000006,ccurve,247,pure_pursuit,6.0,374.4078063964844,-278.18902587890625,374.4839172363281,-278.3822021484375,69.66146087646484,0.013309150133504368,0.35,0.0,0.20762931163911108,0.04234313964843626,162,166,5.97882797711489,60.52723554068073
1059,52.95,ccurve,247,pure_pursuit,6.0,374.5096740722656,-277.9105529785156,374.4839172363281,-278.3822021484375,69.83296966552734,0.009035552572792113,0.35,0.0,0.4723519387972331,-0.12916564941406233,162,166,5.908770130836474,60.56651546587749
1060,53.0,ccurve,247,pure_pursuit,6.0,374.6113586425781,-277.6307678222656,374.4839172363281,-278.3822021484375,69.94550323486328,0.006214689469947369,0.35,0.0,0.7621645875900804,-0.24169921874999997,162,166,5.988746268210289,60.60676735996666
1061,53.050000000000004,ccurve,247,pure_pursuit,6.0,374.71282958984375,-277.351318359375,375.092041015625,-276.70294189453125,70.07792663574219,0.002859097326880837,0.35,0.0,0.7511280487415758,0.4043121337890555,163,166,5.9068149356683035,60.64831319256239
1062,53.1,ccurve,247,pure_pursuit,6.0,374.81439208984375,-277.07037353515625,375.092041015625,-276.70294189453125,70.15776062011719,0.019773251299952114,0.15,0.0,0.4605376602622865,0.3244781494140645,163,167,6.01508160883275,60.69107839674478
1063,53.150000000000006,ccurve,247,pure_pursuit,6.0,374.9148864746094,-276.7896728515625,375.092041015625,-276.70294189453125,70.30651092529297,0.01645939679825305,0.35,0.0,0.19724601468727648,0.1757278442382809,163,167,5.934167020912587,60.734282769271346
1064,53.2,ccurve,247,pure_pursuit,6.0,375.01397705078125,-276.5084228515625,375.092041015625,-276.70294189453125,70.43795013427734,0.013333085235873086,0.35,0.0,0.2095987611714455,0.04428863525389759,163,167,5.988361277263249,60.77743640603349
1065,53.25,ccurve,247,pure_pursuit,6.0,375.1120910644531,-276.2286376953125,375.092041015625,-276.70294189453125,70.60468292236328,0.00919757259724331,0.35,0.0,0.4747277934296136,-0.12244415283203895,163,167,5.885566054883116,60.82133300326445
1066,53.300000000000004,ccurve,247,pure_pursuit,6.0,375.2097473144531,-275.9480285644531,375.092041015625,-276.70294189453125,70.72085571289062,0.006271184527882697,0.35,0.0,0.7640346253367448,-0.2386169433593718,163,167,5.976319276996481,60.86604326465516
1067,53.35,ccurve,247,pure_pursuit,6.0,375.3069763183594,-275.6683349609375,375.6772766113281,-275.0155334472656,70.85475158691406,0.0028624515638166056,0.35,0.0,0.750514572293592,0.4059219360351469,164,167,5.8953822100065985,60.91191026218132
1068,53.400000000000006,ccurve,247,pure_pursuit,6.0,375.4041442871094,-275.3876953125,375.6772766113281,-275.0155334472656,70.92840576171875,0.0199417842748932,0.35,0.0,0.4616337514392394,0.3322677612304583,164,168,5.971871466744983,60.9589592414935
1069,53.45,ccurve,247,pure_pursuit,6.0,375.5001525878906,-275.1074523925781,375.6772766113281,-275.0155334472656,71.07630920410156,0.01663509882776317,0.35,0.0,0.19955453436604845,0.184364318847648,164,168,5.8856902411437595,61.00634010642136
1070,53.5,ccurve,247,pure_pursuit,6.0,375.5953369140625,-274.8255310058594,375.6772766113281,-275.0155334472656,71.21665954589844,0.013297418908242134,0.35,0.0,0.20691795893135456,0.04401397705077558,164,168,5.99085345165538,61.05403725036958
1071,53.550000000000004,ccurve,247,pure_pursuit,6.0,375.6898498535156,-274.5437927246094,375.6772766113281,-275.0155334472656,71.3880386352539,0.009035671995902635,0.35,0.0,0.471908249378358,-0.1273651123046914,164,168,5.920528547058225,61.1025118168468
1072,53.6,ccurve,247,pure_pursuit,6.0,375.7840576171875,-274.2607421875,375.6772766113281,-275.0155334472656,71.50068664550781,0.0062009412573191406,0.15,0.0,0.7623070438025081,-0.24001312255860185,164,168,6.000562863464024,61.15189094127572
1073,53.650000000000006,ccurve,247,pure_pursuit,6.0,375.87799072265625,-273.97833251953125,376.2395324707031,-273.32037353515625,71.63297271728516,0.0028439827865701303,0.35,0.0,0.7507479341966726,0.40612792968749795,165,168,5.909024928996322,61.2025070205642
1074,53.7,ccurve,247,pure_pursuit,6.0,375.97161865234375,-273.6955261230469,376.2395324707031,-273.32037353515625,71.7101821899414,0.019831101756343752,0.35,0.0,0.4609959633976563,0.32891845703125666,165,169,5.987394285332781,61.254168759871156
1075,53.75,ccurve,247,pure_pursuit,6.0,376.0638732910156,-273.4139099121094,376.2395324707031,-273.32037353515625,71.85726165771484,0.016552075848531494,0.35,0.0,0.19901055555422809,0.18183898925781233,165,169,5.893790580883635,61.30603835819281
1076,53.800000000000004,ccurve,247,pure_pursuit,6.0,376.1549072265625,-273.1315612792969,376.2395324707031,-273.32037353515625,71.98944091796875,0.013421925903916977,0.35,0.0,0.2069094002421506,0.04965972900390551,165,169,5.963010240183865,61.35798801678978
1077,53.85,ccurve,247,pure_pursuit,6.0,376.2451171875,-272.8500671386719,376.2395324707031,-273.32037353515625,72.15739440917969,0.009251862239123469,0.35,0.0,0.47033955355234525,-0.11829376220702763,165,169,5.871424834630021,61.410619387384045
1078,53.900000000000006,ccurve,247,pure_pursuit,6.0,376.3349914550781,-272.56732177734375,376.2395324707031,-273.32037353515625,72.27520751953125,0.0062808597008899205,0.35,0.0,0.7590779720439809,-0.23610687255859494,165,169,5.971797080772341,61.46413939933536
1079,53.95,ccurve,247,pure_pursuit,6.0,376.4246826171875,-272.2851257324219,376.77874755859375,-271.61767578125,72.41006469726562,0.002869471032511699,0.35,0.0,0.7555470998239286,0.40746307373046736,166,169,5.897945802172807,61.51892723478904
1080,54.0,ccurve,247,pure_pursuit,6.0,376.51422119140625,-272.0017395019531,376.77874755859375,-271.61767578125,72.484130859375,0.019931762574651252,0.35,0.0,0.46634658838437326,0.3333969116210894,166,170,5.977145470014693,61.57480266406015
1081,54.050000000000004,ccurve,247,pure_pursuit,6.0,376.60272216796875,-271.7186279296875,376.77874755859375,-271.61767578125,72.63233184814453,0.016621624481717494,0.35,0.0,0.20291937911109148,0.1851959228515625,166,170,5.893662250195547,61.631059298918665
1082,54.1,ccurve,247,pure_pursuit,6.0,376.6903381347656,-271.4337158203125,376.77874755859375,-271.61767578125,72.77317810058594,0.013263366139768149,0.15,0.0,0.20410167429432705,0.04434967041014551,166,170,6.001500937460295,61.6876219545532
1083,54.150000000000006,ccurve,247,pure_pursuit,6.0,376.77728271484375,-271.149169921875,376.77874755859375,-271.61767578125,72.94407653808594,0.009016227832538665,0.35,0.0,0.4685081493804768,-0.12654876708984844,166,170,5.920663506798737,61.74494046970845
1084,54.2,ccurve,247,pure_pursuit,6.0,376.86358642578125,-270.86444091796875,376.77874755859375,-271.61767578125,73.05470275878906,0.006245755562858263,0.35,0.0,0.757997620476464,-0.23717498779297808,166,170,5.975043158299896,61.80298279113882
1085,54.25,ccurve,247,pure_pursuit,6.0,376.9492492675781,-270.581298828125,377.29473876953125,-269.9078369140625,73.18543243408203,0.0029171476765660733,0.35,0.0,0.756910791079467,0.41053009033203675,167,170,5.87189603593609,61.86190739502919
1086,54.300000000000004,ccurve,247,pure_pursuit,6.0,377.03472900390625,-270.2974853515625,377.29473876953125,-269.9078369140625,73.26293182373047,0.01988497712333369,0.35,0.0,0.4684346091681942,0.33303070068360185,167,171,5.963183298491857,61.92194888283846
1087,54.35,ccurve,247,pure_pursuit,6.0,377.1190490722656,-270.01434326171875,377.29473876953125,-269.9078369140625,73.41148376464844,0.016564063767695328,0.35,0.0,0.20545187226297293,0.18447875976563352,167,171,5.882016390790713,61.982248526495006
1088,54.400000000000006,ccurve,247,pure_pursuit,6.0,377.2022705078125,-269.7299499511719,377.29473876953125,-269.9078369140625,73.5447769165039,0.013398097062334474,0.35,0.0,0.20048478992616334,0.05118560791016715,167,171,5.958612844388277,62.0427048235466
1089,54.45,ccurve,247,pure_pursuit,6.0,377.2847900390625,-269.4461364746094,377.29473876953125,-269.9078369140625,73.71338653564453,0.009206992017011188,0.35,0.0,0.46180761473707704,-0.11742401123045977,167,171,5.87273824757425,62.10385787485326
1090,54.5,ccurve,247,pure_pursuit,6.0,377.3670959472656,-269.16082763671875,377.29473876953125,-269.9078369140625,73.83193969726562,0.006231717428694321,0.35,0.0,0.750505444089059,-0.23597717285156333,167,171,5.978651689388053,62.166041960723106
1091,54.550000000000004,ccurve,247,pure_pursuit,6.0,377.4491271972656,-268.8758544921875,377.7874755859375,-268.191162109375,73.96692657470703,0.0027932099992476036,0.35,0.0,0.7637298548559649,0.40746307373046736,168,171,5.9084764848954,62.22932783970639
1092,54.6,ccurve,247,pure_pursuit,6.0,377.5310974121094,-268.58966064453125,377.7874755859375,-268.191162109375,74.04064178466797,0.01986335780577005,0.35,0.0,0.47384686401528636,0.33374786376953086,168,172,5.988393374165008,62.293829144793804
1093,54.650000000000006,ccurve,247,pure_pursuit,6.0,377.612060546875,-268.3036804199219,377.7874755859375,-268.191162109375,74.18859100341797,0.016562610255057317,0.35,0.0,0.20840059054048143,0.18579864501953142,168,172,5.906106075117506,62.3586907559895
1094,54.7,ccurve,247,pure_pursuit,6.0,377.692138671875,-268.0158996582031,377.7874755859375,-268.191162109375,74.32926177978516,0.01322108713868565,0.15,0.0,0.19951454576981192,0.04512786865234786,168,172,6.014648134098656,62.423928151491104
1095,54.75,ccurve,247,pure_pursuit,6.0,377.771484375,-267.7284851074219,377.7874755859375,-268.191162109375,74.4998779296875,0.008978006716642574,0.35,0.0,0.4629532665006044,-0.12548828125000103,168,172,5.934222245767752,62.48980984518266
1096,54.800000000000004,ccurve,247,pure_pursuit,6.0,377.85015869140625,-267.4408264160156,377.7874755859375,-268.191162109375,74.61034393310547,0.006197345163675742,0.35,0.0,0.752949416920088,-0.23595428466796878,168,172,5.988436918688244,62.55636279606663
1097,54.85,ccurve,247,pure_pursuit,6.0,377.92828369140625,-267.15478515625,378.2568664550781,-266.4679260253906,74.7408676147461,0.002870979711348974,0.35,0.0,0.7614079709506221,0.41194915771484863,169,172,5.885533786122929,62.62377275678814
1098,54.900000000000006,ccurve,247,pure_pursuit,6.0,378.0062561035156,-266.8681335449219,378.2568664550781,-266.4679260253906,74.81806182861328,0.019874207738080744,0.35,0.0,0.472198694406958,0.3347549438476661,169,173,5.9761971216586165,62.69234165167303
1099,54.95,ccurve,247,pure_pursuit,6.0,378.0830383300781,-266.5821533203125,378.2568664550781,-266.4679260253906,74.96642303466797,0.01655948556929086,0.35,0.0,0.20800022102436486,0.18639373779297727,169,173,5.894863893420184,62.7610692335377
1100,55.0,ccurve,247,pure_pursuit,6.0,378.15869140625,-266.2950134277344,378.2568664550781,-266.4679260253906,75.0997543334961,0.013397880895061656,0.35,0.0,0.1988393991155599,0.053062438964844805,169,173,5.971423132259629,62.829963688046696
1101,55.050000000000004,ccurve,247,pure_pursuit,6.0,378.2336120605469,-266.0084228515625,378.2568664550781,-266.4679260253906,75.26846313476562,0.009197018031716478,0.35,0.0,0.46009122315377315,-0.11564636230468339,169,173,5.885726594487762,62.899461272100154
1102,55.1,ccurve,247,pure_pursuit,6.0,378.308349609375,-265.72039794921875,378.2568664550781,-266.4679260253906,75.38691711425781,0.006236348226489729,0.35,0.0,0.7492988321368054,-0.23410034179687295,169,173,5.990693687773103,62.97007532732052
1103,55.150000000000006,ccurve,247,pure_pursuit,6.0,378.3828125,-265.4327087402344,378.7027587890625,-264.73846435546875,75.52185821533203,0.0028095396719634226,0.35,0.0,0.7644219343160333,0.4093933105468826,170,173,5.920244203889588,63.041742663591016
1104,55.2,ccurve,247,pure_pursuit,6.0,378.45709228515625,-265.1438293457031,378.7027587890625,-264.73846435546875,75.59574127197266,0.019872150300079022,0.15,0.0,0.4739966312635929,0.33551025390624845,170,174,6.000222599738536,63.11454134358752
1105,55.25,ccurve,247,pure_pursuit,6.0,378.53033447265625,-264.8553466796875,378.7027587890625,-264.73846435546875,75.74359130859375,0.01656835516941627,0.35,0.0,0.20830655919327073,0.187660217285163,170,174,5.908335591056574,63.18762586727126
1106,55.300000000000004,ccurve,247,pure_pursuit,6.0,378.6022644042969,-264.5662841796875,378.7027587890625,-264.73846435546875,75.88140106201172,0.013278125585893596,0.35,0.0,0.19936181756164753,0.04985046386718503,170,174,5.986969759913036,63.260717709081575
1107,55.35,ccurve,247,pure_pursuit,6.0,378.6733093261719,-264.2786560058594,378.7027587890625,-264.73846435546875,76.05035400390625,0.009072273051427729,0.35,0.0,0.4607504630871721,-0.11910247802733485,170,174,5.893871269193048,63.33422566975905
1108,55.400000000000006,ccurve,247,pure_pursuit,6.0,378.7437744140625,-263.990478515625,378.7027587890625,-264.73846435546875,76.1614990234375,0.0062701910319647195,0.35,0.0,0.7491095367841079,-0.23024749755859092,170,174,5.963112444365988,63.40846140745897
1109,55.45,ccurve,247,pure_pursuit,6.0,378.8139343261719,-263.7033386230469,379.1251525878906,-263.0031433105469,76.29318237304688,0.0029228919613784195,0.35,0.0,0.7662442705000887,0.4164962768554651,171,174,5.871419467774433,63.48367096199312
1110,55.5,ccurve,247,pure_pursuit,6.0,378.8840026855469,-263.41510009765625,379.1251525878906,-263.0031433105469,76.37201690673828,0.019885308150340404,0.35,0.0,0.47734858316106804,0.3376617431640608,171,175,5.971749773654929,63.56010142273181
1111,55.550000000000004,ccurve,247,pure_pursuit,6.0,378.9529724121094,-263.1271667480469,379.1251525878906,-263.0031433105469,76.52142333984375,0.01653790858066139,0.35,0.0,0.212197610687252,0.1882553100585961,171,175,5.897514864963784,63.636715797069265
1112,55.6,ccurve,247,pure_pursuit,6.0,379.02081298828125,-262.837890625,379.1251525878906,-263.0031433105469,76.65513610839844,0.013357314359232137,0.35,0.0,0.19543592844484617,0.054542541503904605,171,175,5.97675530186291,63.71353021513037
1113,55.650000000000006,ccurve,247,pure_pursuit,6.0,379.08807373046875,-262.54901123046875,379.1251525878906,-263.0031433105469,76.8239517211914,0.009165902218379495,0.35,0.0,0.45564326816468637,-0.11427307128906064,171,175,5.893741446089314,63.79104163306654
1114,55.7,ccurve,247,pure_pursuit,6.0,379.1550598144531,-262.258544921875,379.1251525878906,-263.0031433105469,76.94274139404297,0.006189209043754794,0.15,0.0,0.745198767184577,-0.23306274414063285,171,175,6.001397162279058,63.86962922938596
1115,55.75,ccurve,247,pure_pursuit,6.0,379.2217102050781,-261.9686279296875,379.5238952636719,-261.2622375488281,77.07701873779297,0.0027667103040369453,0.35,0.0,0.7683119026853359,0.4110870361328165,172,175,5.920440147815284,63.94914869553874
1116,55.800000000000004,ccurve,247,pure_pursuit,6.0,379.2879333496094,-261.6785888671875,379.5238952636719,-261.2622375488281,77.14883422851562,0.019886700507293218,0.35,0.0,0.47856707490970196,0.3392715454101649,172,176,5.974745451755192,64.029531075179
1117,55.85,ccurve,247,pure_pursuit,6.0,379.3529357910156,-261.3900146484375,379.5238952636719,-261.2622375488281,77.29461669921875,0.01663588356867865,0.35,0.0,0.21343413146797124,0.19348907470703666,172,176,5.871220965082631,64.10989271982281
1118,55.900000000000006,ccurve,247,pure_pursuit,6.0,379.4167175292969,-261.1005859375,379.5238952636719,-261.2622375488281,77.43238067626953,0.01335313648433494,0.35,0.0,0.19395440234946265,0.055725097656247835,172,176,5.962780615052281,64.19034983495239
1119,55.95,ccurve,247,pure_pursuit,6.0,379.47979736328125,-260.8119201660156,379.5238952636719,-261.2622375488281,77.60257720947266,0.009119880982297116,0.35,0.0,0.45247140250181683,-0.11447143554687593,172,176,5.882149437747404,64.27132314712993
1120,56.0,ccurve,247,pure_pursuit,6.0,379.5423889160156,-260.52227783203125,379.5238952636719,-261.2622375488281,77.71482849121094,0.006297428283909552,0.35,0.0,0.7401907846353688,-0.22672271728515578,172,176,5.958760542944677,64.35313155971441
1121,56.050000000000004,ccurve,247,pure_pursuit,6.0,379.6047058105469,-260.23333740234375,379.8989562988281,-259.51605224609375,77.84732818603516,0.002921001009162737,0.35,0.0,0.775294360375684,0.419212341308593,173,176,5.872776352511183,64.43587340580795
1122,56.1,ccurve,247,pure_pursuit,6.0,379.66693115234375,-259.9429931640625,379.8989562988281,-259.51605224609375,77.9271240234375,0.019839881219400436,0.35,0.0,0.48591585283575034,0.33941650390625533,173,177,5.978670051535645,64.51988128986167
1123,56.150000000000006,ccurve,247,pure_pursuit,6.0,379.7282409667969,-259.6528625488281,379.8989562988281,-259.51605224609375,78.0768051147461,0.01650165811222769,0.35,0.0,0.21877107561286813,0.18973541259765592,173,177,5.908122126687207,64.60421473484115
1124,56.2,ccurve,247,pure_pursuit,6.0,379.7883605957031,-259.361328125,379.8989562988281,-259.51605224609375,78.21043395996094,0.013332289922070433,0.35,0.0,0.19018665357470946,0.056106567382806886,173,177,5.988059805844858,64.68873345690211
1125,56.25,ccurve,247,pure_pursuit,6.0,379.8479309082031,-259.0701599121094,379.8989562988281,-259.51605224609375,78.37920379638672,0.009154337417707147,0.35,0.0,0.4488023662977583,-0.11266326904296924,173,177,5.906225894002911,64.77392946942034
1126,56.300000000000004,ccurve,247,pure_pursuit,6.0,379.9071350097656,-258.77734375,379.8989562988281,-259.51605224609375,78.49805450439453,0.0061750112115364075,0.15,0.0,0.7387537705580183,-0.23151397705077664,173,177,6.014587565377765,64.86016805220278
1127,56.35,ccurve,247,pure_pursuit,6.0,379.9660949707031,-258.4850769042969,380.2502746582031,-257.76495361328125,78.63225555419922,0.00277182526315765,0.35,0.0,0.7741677137744587,0.4127120971679667,174,177,5.934052688628595,64.94736853470282
1128,56.400000000000006,ccurve,247,pure_pursuit,6.0,380.0245666503906,-258.1927185058594,380.2502746582031,-257.76495361328125,78.70410919189453,0.01989381962776654,0.35,0.0,0.4836599095573897,0.34085845947264903,174,178,5.988189042044061,65.03534289761211
1129,56.45,ccurve,247,pure_pursuit,6.0,380.0817565917969,-257.9018249511719,380.2502746582031,-257.76495361328125,78.84991455078125,0.01662594984812434,0.35,0.0,0.2170992902827435,0.19505310058592623,174,178,5.884906514565283,65.12313032217857
1130,56.5,ccurve,247,pure_pursuit,6.0,380.1378173828125,-257.610107421875,380.2502746582031,-257.76495361328125,78.98770141601562,0.013349387947131397,0.35,0.0,0.19137393182276388,0.05726623535155556,174,178,5.975861197647624,65.21111831359194
1131,56.550000000000004,ccurve,247,pure_pursuit,6.0,380.1931457519531,-257.3192443847656,380.2502746582031,-257.76495361328125,79.1579360961914,0.009114132507992138,0.35,0.0,0.4493555700259149,-0.11296844482422157,174,178,5.8950669810956855,65.29951164253673
1132,56.6,ccurve,247,pure_pursuit,6.0,380.2479248046875,-257.02740478515625,380.2502746582031,-257.76495361328125,79.2702865600586,0.0062793597835029994,0.35,0.0,0.7375525714687095,-0.22531890869141544,174,178,5.9716275456222245,65.38869940642574
1133,56.650000000000006,ccurve,247,pure_pursuit,6.0,380.3025817871094,-256.7362365722656,380.5777587890625,-256.00921630859375,79.40274810791016,0.002924414820588169,0.35,0.0,0.7773550322686751,0.42065429687499944,175,178,5.885815858083084,65.47890677353037
1134,56.7,ccurve,247,pure_pursuit,6.0,380.3570556640625,-256.4437561035156,380.5777587890625,-256.00921630859375,79.48240661621094,0.019855765285195174,0.35,0.0,0.4873753202158587,0.34099578857422913,175,179,5.990757094471867,65.57031752864192
1135,56.75,ccurve,247,pure_pursuit,6.0,380.4105529785156,-256.1514892578125,380.5777587890625,-256.00921630859375,79.63208770751953,0.01651499992790395,0.35,0.0,0.21954356096237138,0.19131469726562972,175,179,5.919929916826587,65.66195261928834
1136,56.800000000000004,ccurve,247,pure_pursuit,6.0,380.4627685546875,-255.85780334472656,380.5777587890625,-256.00921630859375,79.76599884033203,0.01332212610011304,0.35,0.0,0.19012795593668927,0.05740356445313565,175,179,5.999927096008368,65.75372975824114
1137,56.85,ccurve,247,pure_pursuit,6.0,380.5144958496094,-255.5645294189453,380.5777587890625,-256.00921630859375,79.93486785888672,0.009136804508033568,0.35,0.0,0.44916436783593083,-0.11146545410155448,175,179,5.918292878810146,65.8461881792763
1138,56.900000000000006,ccurve,247,pure_pursuit,6.0,380.5657653808594,-255.2696990966797,380.5777587890625,-256.00921630859375,80.0536117553711,0.006147434057244527,0.15,0.0,0.7396144594026507,-0.23020935058593756,175,179,6.0258155702126714,65.93963794846928
1139,56.95,ccurve,247,pure_pursuit,6.0,380.6169128417969,-254.975341796875,380.8813781738281,-254.2492218017578,80.18768310546875,0.002756463248447842,0.35,0.0,0.7727820903433151,0.4141464233398374,176,179,5.945149112307841,66.0341194209437
1140,57.0,ccurve,247,pure_pursuit,6.0,380.6675720214844,-254.680908203125,380.8813781738281,-254.2492218017578,80.259521484375,0.01990624968425778,0.35,0.0,0.4817325190449481,0.34230804443359125,176,180,5.999368740441801,66.12934524454332
1141,57.050000000000004,ccurve,247,pure_pursuit,6.0,380.7170715332031,-254.38804626464844,380.8813781738281,-254.2492218017578,80.40538024902344,0.01666737871760052,0.35,0.0,0.21510207728040057,0.19644927978515628,176,180,5.896328870447537,66.22438611649221
1142,57.1,ccurve,247,pure_pursuit,6.0,380.7652282714844,-254.09437561035156,380.8813781738281,-254.2492218017578,80.54326629638672,0.013379367601472458,0.35,0.0,0.19356689491615986,0.0585632324218716,176,180,5.986601759592647,66.31942892104051
1143,57.150000000000006,ccurve,247,pure_pursuit,6.0,380.8127746582031,-253.80154418945312,380.8813781738281,-254.2492218017578,80.71367645263672,0.009150799986086157,0.35,0.0,0.45290361768806364,-0.11184692382812625,176,180,5.905643087203997,66.41492643378885
1144,57.2,ccurve,247,pure_pursuit,6.0,380.8597717285156,-253.50778198242188,380.8813781738281,-254.2492218017578,80.82640075683594,0.006325763841873862,0.35,0.0,0.7417545713886431,-0.2245712280273434,176,180,5.982283906877885,66.5112293090361
1145,57.25,ccurve,247,pure_pursuit,6.0,380.9065246582031,-253.21473693847656,381.1610412597656,-252.4852294921875,80.95915222167969,0.002951765660174332,0.35,0.0,0.7726317458285763,0.42110443115234214,177,180,5.8966716704567865,66.6083548597432
1146,57.300000000000004,ccurve,247,pure_pursuit,6.0,380.953125,-252.92034912109375,381.1610412597656,-252.4852294921875,81.03892517089844,0.019901599399700185,0.15,0.0,0.4822429496990491,0.3413314819335991,177,181,6.000783810937644,66.70675149336394
1147,57.35,ccurve,247,pure_pursuit,6.0,380.9986572265625,-252.6264190673828,381.1610412597656,-252.4852294921875,81.18822479248047,0.016562532378663182,0.35,0.0,0.2151814824355163,0.19203186035157144,177,181,5.917781583169593,66.8051986766737
1148,57.400000000000006,ccurve,247,pure_pursuit,6.0,381.0427551269531,-252.33230590820312,381.1610412597656,-252.4852294921875,81.32029724121094,0.013421839655787166,0.35,0.0,0.19333192119865406,0.05995941162110164,177,181,5.972307249080172,66.90344935537267
1149,57.45,ccurve,247,pure_pursuit,6.0,381.08612060546875,-252.03982543945312,381.1610412597656,-252.4852294921875,81.48754119873047,0.00926461369450287,0.35,0.0,0.4516612387979267,-0.10728454589843828,177,181,5.869039364686803,67.0018423815461
1150,57.5,ccurve,247,pure_pursuit,6.0,381.1289367675781,-251.74667358398438,381.1610412597656,-252.4852294921875,81.60401916503906,0.0063366190127708,0.35,0.0,0.739253358436984,-0.22376251220702345,177,181,5.95989101004801,67.10098772741578
1151,57.550000000000004,ccurve,247,pure_pursuit,6.0,381.1715087890625,-251.45448303222656,381.4167175292969,-250.71762084960938,81.73835754394531,0.0029232119669823494,0.35,0.0,0.776590756099179,0.4203338623046883,178,181,5.878878480910724,67.20086047352687
1152,57.6,ccurve,247,pure_pursuit,6.0,381.21380615234375,-251.16136169433594,381.4167175292969,-250.71762084960938,81.8123550415039,0.01999300677836391,0.35,0.0,0.48793336038403484,0.346336364746094,178,182,5.955643607721785,67.30180257532339
1153,57.650000000000006,ccurve,247,pure_pursuit,6.0,381.2550964355469,-250.8688201904297,381.4167175292969,-250.71762084960938,81.9605941772461,0.016682725109262827,0.35,0.0,0.22132017217019173,0.19809722900391377,178,182,5.869290425935186,67.40278869212504
1154,57.7,ccurve,247,pure_pursuit,6.0,381.2951965332031,-250.5747528076172,381.4167175292969,-250.71762084960938,82.10127258300781,0.01332814590169975,0.35,0.0,0.18755967027668463,0.057418823242194446,178,182,5.975475169529963,67.5040792019093
1155,57.75,ccurve,247,pure_pursuit,6.0,381.3346252441406,-250.28103637695312,381.4167175292969,-250.71762084960938,82.27290344238281,0.009041917716700076,0.35,0.0,0.44423546126655733,-0.11421203613281272,178,182,5.9054710730161135,67.60578926503293
1156,57.800000000000004,ccurve,247,pure_pursuit,6.0,381.3736267089844,-249.98605346679688,381.4167175292969,-250.71762084960938,82.38550567626953,0.006216858277301909,0.35,0.0,0.7328353528524228,-0.22681427001953403,178,182,5.985548094632722,67.7085071470096
1157,57.85,ccurve,247,pure_pursuit,6.0,381.4124450683594,-249.69151306152344,381.64837646484375,-248.9467010498047,82.51795196533203,0.0028486914247347916,0.35,0.0,0.781286475402972,0.41916656494140386,179,182,5.903618437584331,67.81209698220448
1158,57.900000000000006,ccurve,247,pure_pursuit,6.0,381.45111083984375,-249.3954620361328,381.64837646484375,-248.9467010498047,82.59781646728516,0.019789713717359155,0.15,0.0,0.4902041917985119,0.3393020629882825,179,183,6.012108308255684,67.91702613273567
1159,57.95,ccurve,247,pure_pursuit,6.0,381.48876953125,-249.09979248046875,381.64837646484375,-248.9467010498047,82.74661254882812,0.016473024855959376,0.35,0.0,0.22115912686111142,0.19050598144530978,179,183,5.931256200542321,68.02203561197912
1160,58.0,ccurve,247,pure_pursuit,6.0,381.5249938964844,-248.803955078125,381.64837646484375,-248.9467010498047,82.8780746459961,0.013359062537271442,0.35,0.0,0.18867874974605378,0.05904388427734465,179,183,5.985464515266056,68.12683366795962
1161,58.050000000000004,ccurve,247,pure_pursuit,6.0,381.56048583984375,-248.5097198486328,381.64837646484375,-248.9467010498047,83.04492950439453,0.009212366514761488,0.35,0.0,0.4457323548279902,-0.10781097412110045,179,183,5.882628725687072,68.23167545902949
1162,58.1,ccurve,247,pure_pursuit,6.0,381.5954284667969,-248.21485900878906,381.64837646484375,-248.9467010498047,83.16121673583984,0.0062948998331476816,0.35,0.0,0.7337549069649126,-0.2240982055664061,179,183,5.973570495451335,68.33726249008264
1163,58.150000000000006,ccurve,247,pure_pursuit,6.0,381.63006591796875,-247.9208984375,381.8559265136719,-247.17279052734375,83.29523468017578,0.0028725106332577206,0.35,0.0,0.7814591825103357,0.42031097412109375,180,183,5.892689250977432,68.44345500445314
1164,58.2,ccurve,247,pure_pursuit,6.0,381.6644592285156,-247.62606811523438,381.8559265136719,-247.17279052734375,83.36898040771484,0.019956410530945958,0.35,0.0,0.4920572049762589,0.3465652465820269,180,184,5.969170074219419,68.55074487757796
1165,58.25,ccurve,247,pure_pursuit,6.0,381.6978759765625,-247.3318328857422,381.8559265136719,-247.17279052734375,83.51699829101562,0.016654078646028303,0.35,0.0,0.22421963349693302,0.1985473632812565,180,184,5.88294663758211,68.65805372491278
1166,58.300000000000004,ccurve,247,pure_pursuit,6.0,381.73004150390625,-247.03616333007812,381.8559265136719,-247.17279052734375,83.65744018554688,0.013305213745828643,0.35,0.0,0.18577951102409412,0.05810546875000583,180,184,5.988315510783052,68.76563632773247
1167,58.35,ccurve,247,pure_pursuit,6.0,381.7615966796875,-246.74082946777344,381.8559265136719,-247.17279052734375,83.82891082763672,0.009033544792830564,0.35,0.0,0.44214078590945083,-0.1133651733398394,180,184,5.918049018810099,68.8736577682563
1168,58.400000000000006,ccurve,247,pure_pursuit,6.0,381.7926330566406,-246.44427490234375,381.8559265136719,-247.17279052734375,83.94152069091797,0.006206860237112612,0.35,0.0,0.7312599247682778,-0.22597503662109647,180,184,5.998063455882112,68.98261688132305
1169,58.45,ccurve,247,pure_pursuit,6.0,381.82354736328125,-246.14816284179688,382.0393371582031,-245.396240234375,84.0739517211914,0.002849604379711296,0.35,0.0,0.7822741483294307,0.42002868652343595,181,184,5.916281924099317,69.09245299521106
1170,58.5,ccurve,247,pure_pursuit,6.0,381.854248046875,-245.85052490234375,382.0393371582031,-245.396240234375,84.1536865234375,0.01979601258376074,0.15,0.0,0.4905431058364927,0.34029388427734625,181,185,6.023897791138583,69.20361175596591
1171,58.550000000000004,ccurve,247,pure_pursuit,6.0,381.88385009765625,-245.55337524414062,382.0393371582031,-245.396240234375,84.30242919921875,0.01646741005726926,0.35,0.0,0.22106025715073852,0.19155120849609839,181,185,5.94287193479628,69.31469248590979
1172,58.6,ccurve,247,pure_pursuit,6.0,381.9120178222656,-245.25608825683594,382.0393371582031,-245.396240234375,84.43408966064453,0.013334469725347133,0.35,0.0,0.18934833010004568,0.05989074707031796,181,185,5.997127841825542,69.4255436017814
1173,58.650000000000006,ccurve,247,pure_pursuit,6.0,381.93951416015625,-244.96044921875,382.0393371582031,-245.396240234375,84.60098266601562,0.009176348068461331,0.35,0.0,0.4470776668975262,-0.10700225830078051,181,185,5.894522699216574,69.53638327896132
1174,58.7,ccurve,247,pure_pursuit,6.0,381.9665222167969,-244.66416931152344,382.0393371582031,-245.396240234375,84.71710205078125,0.006269812631712006,0.35,0.0,0.7356832550607184,-0.2231216430664012,181,185,5.98475053903338,69.64803205577927
1175,58.75,ccurve,247,pure_pursuit,6.0,381.9932861328125,-244.3688201904297,382.19866943359375,-243.6173553466797,84.85094451904297,0.0028687738982160625,0.35,0.0,0.779026130262659,0.4214630126953194,182,185,5.903682598405357,69.76026286360985
1176,58.800000000000004,ccurve,247,pure_pursuit,6.0,382.01971435546875,-244.0726318359375,382.19866943359375,-243.6173553466797,84.92467498779297,0.019973711232046214,0.35,0.0,0.4891846294167918,0.34773254394532405,182,186,5.98023314146818,69.87350267242955
1177,58.85,ccurve,247,pure_pursuit,6.0,382.04510498046875,-243.77706909179688,382.19866943359375,-243.6173553466797,85.07271575927734,0.016658095750455102,0.35,0.0,0.2215638094160196,0.19969177246094638,182,186,5.894197015566913,69.98664441103239
1178,58.900000000000006,ccurve,247,pure_pursuit,6.0,382.0692443847656,-243.48008728027344,382.19866943359375,-243.6173553466797,85.213134765625,0.013304087834778981,0.35,0.0,0.18866203995259143,0.059272766113290264,182,186,5.998701679020066,70.10010281721948
1179,58.95,ccurve,247,pure_pursuit,6.0,382.09283447265625,-243.1834716796875,382.19866943359375,-243.6173553466797,85.38461303710938,0.009037914362061304,0.35,0.0,0.44660505532207045,-0.11220550537109074,182,186,5.92820898555718,70.21400649659202
1180,59.0,ccurve,247,pure_pursuit,6.0,382.11578369140625,-242.88563537597656,382.19866943359375,-243.6173553466797,85.4974136352539,0.006190909439852768,0.15,0.0,0.7363994580278796,-0.22500610351561462,182,186,6.008322324697463,70.32875936513075
1181,59.050000000000004,ccurve,247,pure_pursuit,6.0,382.138671875,-242.58848571777344,382.333740234375,-241.8364715576172,85.62973022460938,0.002836681082988787,0.35,0.0,0.7769021572275135,0.42110443115234214,183,186,5.916909568244085,70.44431603570337
1182,59.1,ccurve,247,pure_pursuit,6.0,382.1611328125,-242.29103088378906,382.333740234375,-241.8364715576172,85.70689392089844,0.01984925646462157,0.35,0.0,0.4862278304418241,0.34394073486327725,183,187,5.994804204520679,70.56063574234126
1183,59.150000000000006,ccurve,247,pure_pursuit,6.0,382.1825256347656,-241.9951171875,382.333740234375,-241.8364715576172,85.8539810180664,0.01656211627223993,0.35,0.0,0.219167267209175,0.1968536376953099,183,187,5.90114327692444,70.67651201281222
1184,59.2,ccurve,247,pure_pursuit,6.0,382.20257568359375,-241.6987762451172,382.333740234375,-241.8364715576172,85.98632049560547,0.013424003938250115,0.35,0.0,0.19016871053388296,0.06451416015625386,183,187,5.970413880545793,70.7923142243493
1185,59.25,ccurve,247,pure_pursuit,6.0,382.2220153808594,-241.40347290039062,382.333740234375,-241.8364715576172,86.1543960571289,0.009243176831931817,0.35,0.0,0.4471803663546668,-0.10356140136718785,183,187,5.8789776770942614,70.90825100064286
1186,59.300000000000004,ccurve,247,pure_pursuit,6.0,382.2409362792969,-241.10707092285156,382.333740234375,-241.8364715576172,86.27217102050781,0.006292069370223762,0.35,0.0,0.7352808035537439,-0.22133636474608906,183,187,5.978817412049704,71.0251120258319
1187,59.35,ccurve,247,pure_pursuit,6.0,382.2596740722656,-240.81118774414062,382.44464111328125,-240.0539093017578,86.40708923339844,0.002864388744500048,0.35,0.0,0.779540534904898,0.42218017578124833,184,187,5.904814203627364,71.14267265716744
1188,59.400000000000006,ccurve,247,pure_pursuit,6.0,382.2780456542969,-240.51425170898438,382.44464111328125,-240.0539093017578,86.4811782836914,0.01996289557161766,0.35,0.0,0.48956018919573197,0.3480911254882758,184,188,5.984081851826128,71.26129007866611
1189,59.45,ccurve,247,pure_pursuit,6.0,382.2953796386719,-240.21780395507812,382.44464111328125,-240.0539093017578,86.62950897216797,0.01663207259960434,0.35,0.0,0.22167644256787983,0.19976043701171733,184,188,5.900719625538049,71.37980781221815
1190,59.5,ccurve,247,pure_pursuit,6.0,382.3115539550781,-239.9198760986328,382.44464111328125,-240.0539093017578,86.77039337158203,0.01328479658368106,0.15,0.0,0.18888380348386447,0.05887603759765969,184,188,6.008039472436657,71.49879466751584
1191,59.550000000000004,ccurve,247,pure_pursuit,6.0,382.3271484375,-239.62245178222656,382.44464111328125,-240.0539093017578,86.9414291381836,0.009043384833300076,0.35,0.0,0.44716900610652444,-0.11215972900391434,184,188,5.927106323710207,71.61810635206119
1192,59.6,ccurve,247,pure_pursuit,6.0,382.34197998046875,-239.32498168945312,382.44464111328125,-240.0539093017578,87.05228424072266,0.006254276266002981,0.35,0.0,0.7361214384668868,-0.22301483154297688,184,188,5.981553603966691,71.73775992486432
1193,59.650000000000006,ccurve,247,pure_pursuit,6.0,382.35662841796875,-239.02919006347656,382.53131103515625,-238.27001953125,87.18315124511719,0.0029218425565035464,0.35,0.0,0.7790082886264028,0.42454528808593484,185,188,5.878556231116071,71.85767215994343
1194,59.7,ccurve,247,pure_pursuit,6.0,382.3709411621094,-238.73280334472656,382.53131103515625,-238.27001953125,87.2607192993164,0.0201647541381463,0.35,0.0,0.48978296642184344,0.34697723388671625,185,189,5.969434436653636,71.97850742432846
1195,59.75,ccurve,247,pure_pursuit,6.0,382.38421630859375,-238.4373321533203,382.53131103515625,-238.27001953125,87.4100341796875,0.016816410448044296,0.35,0.0,0.22277875142513,0.19766235351562983,185,189,5.8881454767466845,72.09905972992205
1196,59.800000000000004,ccurve,247,pure_pursuit,6.0,382.3961181640625,-238.1409912109375,382.53131103515625,-238.27001953125,87.54473114013672,0.013606952456351035,0.35,0.0,0.18688343917328898,0.06296539306641037,185,189,5.964796046435785,72.21967007889106
1197,59.85,ccurve,247,pure_pursuit,6.0,382.40753173828125,-237.84532165527344,382.53131103515625,-238.27001953125,87.71472930908203,0.009384307620519146,0.35,0.0,0.442368172672801,-0.1070327758788981,185,189,5.8790397709596744,72.34059087784225
1198,59.900000000000006,ccurve,247,pure_pursuit,6.0,382.4183654785156,-237.54830932617188,382.53131103515625,-238.27001953125,87.8344955444336,0.0063816399634651615,0.35,0.0,0.7304945714232036,-0.2267990112304625,185,189,5.984466751279844,72.4624894267717
1199,59.95,ccurve,247,pure_pursuit,6.0,382.4290466308594,-237.25167846679688,382.5937194824219,-236.485107421875,87.97052001953125,0.0029291301403313185,0.35,0.0,0.7840588721227127,0.4156036376953154,186,189,5.91416806832023,72.58511355463835
1200,60.0,ccurve,247,pure_pursuit,6.0,382.4393005371094,-236.95388793945312,382.5937194824219,-236.485107421875,88.04524230957031,0.01806829351280491,0.35,0.0,0.4935588965181761,0.3408813476562436,186,190,5.99414278067832,72.70879510730431
1201,60.050000000000004,ccurve,247,pure_pursuit,6.0,382.44873046875,-236.65652465820312,382.5937194824219,-236.485107421875,88.18881225585938,0.014805784368614034,0.35,0.0,0.22451209988754595,0.1973114013671884,186,190,5.912034943639206,72.83256039273141
1202,60.1,ccurve,247,pure_pursuit,6.0,382.45697021484375,-236.35765075683594,382.5937194824219,-236.485107421875,88.32083892822266,0.01164013678878913,0.15,0.0,0.18693732544902156,0.06528472900390771,186,190,6.020153349751617,72.95682639868241
1203,60.150000000000006,ccurve,247,pure_pursuit,6.0,382.4646301269531,-236.05931091308594,382.5937194824219,-236.485107421875,88.48185729980469,0.0076071020555064615,0.35,0.0,0.4449345216908792,-0.09573364257812794,186,190,5.939679617107445,73.08136052094389
1204,60.2,ccurve,247,pure_pursuit,6.0,382.4716796875,-235.7609100341797,382.5937194824219,-236.485107421875,88.58332824707031,0.005045049242349948,0.35,0.0,0.7344083114244337,-0.19720458984375133,186,190,5.993908503708537,73.20636409392505
1205,60.25,ccurve,247,pure_pursuit,6.0,382.47857666015625,-235.46421813964844,382.6319274902344,-234.6995086669922,88.70576477050781,0.0019095069224538779,0.35,0.0,0.7799340066030266,0.4587936401367122,187,190,5.891119755300155,73.33154228136159
1206,60.300000000000004,ccurve,247,pure_pursuit,6.0,382.4852294921875,-235.1669464111328,382.6319274902344,-234.6995086669922,88.77603149414062,0.0001132874682281221,0.35,0.0,0.48991667381120774,0.3885269165039041,187,190,5.981485667604955,73.45771818790223
1207,60.35,ccurve,247,pure_pursuit,6.0,382.4919128417969,-234.87063598632812,382.6319274902344,-234.6995086669922,88.8676528930664,0.010206678555021179,0.35,0.0,0.22110780447596293,0.2969055175781214,187,191,5.900516904473612,73.58451397217321
1208,60.400000000000006,ccurve,247,pure_pursuit,6.0,382.4976501464844,-234.57351684570312,382.6319274902344,-234.6995086669922,88.93861389160156,0.008692300277449605,0.35,0.0,0.18413132290919632,0.22594451904296617,187,191,5.97682242126928,73.71175491415994
1209,60.45,ccurve,247,pure_pursuit,6.0,382.5027160644531,-234.2770233154297,382.6319274902344,-234.6995086669922,89.0645523071289,0.005602020341591717,0.35,0.0,0.44180251791644726,0.10000610351562239,187,191,5.891111889990376,73.8391019376731
1210,60.5,ccurve,247,pure_pursuit,6.0,382.50726318359375,-233.97923278808594,382.6319274902344,-234.6995086669922,89.15252685546875,0.003428423084048515,0.35,0.0,0.7309846312230912,0.012031555175770663,187,191,5.995909652454225,73.96749077210828
1211,60.550000000000004,ccurve,247,pure_pursuit,6.0,382.5115966796875,-233.68185424804688,382.64581298828125,-232.91355895996094,89.2644271850586,0.0005840206451232789,0.35,0.0,0.779930552797867,0.678558349609376,188,191,5.925516707183762,74.09648664137629
1212,60.6,ccurve,247,pure_pursuit,6.0,382.5155029296875,-233.3833465576172,382.64581298828125,-232.91355895996094,89.32057189941406,-0.0008675392540067514,0.15,0.0,0.487525484751656,0.622413635253903,188,191,6.00530422741035,74.22654377482458
1213,60.650000000000006,ccurve,247,pure_pursuit,6.0,382.51953125,-233.08547973632812,382.64581298828125,-232.91355895996094,89.40281677246094,0.005749215948873079,0.35,0.0,0.21331626935147402,0.5401687622070364,188,192,5.913753001072137,74.35740751199984
1214,60.7,ccurve,247,pure_pursuit,6.0,382.52276611328125,-232.78733825683594,382.64581298828125,-232.91355895996094,89.46244812011719,0.0044071562962156256,0.35,0.0,0.17627308173579712,0.48053741455078164,188,192,5.9919916829407525,74.4886357174524
1215,60.75,ccurve,247,pure_pursuit,6.0,382.52569580078125,-232.49081420898438,382.64581298828125,-232.91355895996094,89.56588745117188,0.001855959881784382,0.35,0.0,0.4394783990267849,0.37709808349608964,188,192,5.8988902209889105,74.61984581848746
1216,60.800000000000004,ccurve,247,pure_pursuit,6.0,382.5279846191406,-232.19393920898438,382.64581298828125,-232.91355895996094,89.62328338623047,0.0004114977906978132,0.35,0.0,0.7292023797066965,0.31970214843750244,188,192,5.9678121443463965,74.75157982925863
1217,60.85,ccurve,247,pure_pursuit,6.0,382.5302734375,-231.89810180664062,382.63543701171875,-231.09381103515625,89.71090698242188,-0.0018300660754857105,0.35,0.0,0.8111368703476582,0.8876876831054609,189,192,5.876099510265969,74.88380093437686
1218,60.900000000000006,ccurve,247,pure_pursuit,6.0,382.53228759765625,-231.60116577148438,382.63543701171875,-231.09381103515625,89.75408172607422,-0.0029437637707546843,0.35,0.0,0.5177341307041852,0.8445129394531229,189,192,5.9763631350978885,75.01719834612251
1219,60.95,ccurve,247,pure_pursuit,6.0,382.5344543457031,-231.3048553466797,382.63543701171875,-231.09381103515625,89.82328033447266,-0.004709332112595024,0.35,0.0,0.2339598261711292,0.7753143310546852,189,192,5.902646136856167,75.15138848741876
1220,61.0,ccurve,247,pure_pursuit,6.0,382.53631591796875,-231.00746154785156,382.63543701171875,-231.09381103515625,89.8418960571289,0.0012169061192307206,0.35,0.0,0.13145807386379385,0.7566986083984331,189,193,5.98140608378478,75.28672199898537
1221,61.050000000000004,ccurve,247,pure_pursuit,6.0,382.5379638671875,-230.71058654785156,382.63543701171875,-231.09381103515625,89.91004180908203,-0.00038663021358524005,0.35,0.0,0.3954263794624109,0.6885528564453071,189,193,5.898223749570291,75.42255941418185
1222,61.1,ccurve,247,pure_pursuit,6.0,382.5390625,-230.41233825683594,382.63543701171875,-231.09381103515625,89.95250701904297,-0.001403184380696887,0.15,0.0,0.6882537279961753,0.6460876464843749,189,193,6.005955539828131,75.55945856492555
1223,61.150000000000006,ccurve,247,pure_pursuit,6.0,382.5400695800781,-230.1145782470703,382.63543701171875,-231.09381103515625,90.02676391601562,-0.00327741512446143,0.35,0.0,0.9838657430159299,0.5718307495117174,189,193,5.925153049311486,75.69697918014653
1224,61.2,ccurve,247,pure_pursuit,6.0,382.54058837890625,-229.81686401367188,382.6145324707031,-229.0939178466797,90.05134582519531,-0.003928552915244629,0.35,0.0,0.7267178882347404,0.5472488403320243,190,193,5.97896057335254,75.83496567187173
1225,61.25,ccurve,247,pure_pursuit,6.0,382.54132080078125,-229.52085876464844,382.6145324707031,-229.0939178466797,90.10830688476562,-0.0053912487772435685,0.35,0.0,0.43317259383385337,0.4902877807617083,190,193,5.875663349679143,75.97325982174232
1226,61.300000000000004,ccurve,247,pure_pursuit,6.0,382.5418395996094,-229.22425842285156,382.6145324707031,-229.0939178466797,90.12469482421875,-0.005820055813031428,0.35,0.0,0.149241144811573,0.473899841308588,190,193,5.966976043783901,76.11254472192797
1227,61.35,ccurve,247,pure_pursuit,6.0,382.54248046875,-228.92857360839844,382.6145324707031,-229.0939178466797,90.17182922363281,-0.0023382949652469127,0.35,0.0,0.18036132655938164,0.42676544189453086,190,194,5.886399043025947,76.25240379588354
1228,61.400000000000006,ccurve,247,pure_pursuit,6.0,382.5426025390625,-228.632080078125,382.6145324707031,-229.0939178466797,90.1854476928711,-0.002588450254913513,0.35,0.0,0.4674056477294622,0.41314697265625067,190,194,5.962397865435871,76.39307955582753
1229,61.45,ccurve,247,pure_pursuit,6.0,382.5426330566406,-228.3363037109375,382.6145324707031,-229.0939178466797,90.24446868896484,-0.004059637970091476,0.35,0.0,0.7610182024228543,0.35412597656250056,190,194,5.876330955908373,76.53422174038114
1230,61.5,ccurve,247,pure_pursuit,6.0,382.5423278808594,-228.03916931152344,382.5936584472656,-227.09402465820312,90.2686538696289,-0.004666478731809828,0.35,0.0,0.9465375020291379,0.32994079589843794,191,194,5.982484082645084,76.67660485795017
1231,61.550000000000004,ccurve,247,pure_pursuit,6.0,382.54205322265625,-227.742431640625,382.5936584472656,-227.09402465820312,90.32354736328125,-0.0060819232457928266,0.35,0.0,0.6504573114820262,0.2750473022460919,191,194,5.9125587696244,76.81970783804984
1232,61.6,ccurve,247,pure_pursuit,6.0,382.54156494140625,-227.44456481933594,382.5936584472656,-227.09402465820312,90.33103942871094,-0.006279767185819291,0.35,0.0,0.3543898106883702,0.2675552368164019,191,194,5.991825564569895,76.96405277603765
1233,61.650000000000006,ccurve,247,pure_pursuit,6.0,382.54119873046875,-227.14712524414062,382.5936584472656,-227.09402465820312,90.37297058105469,-0.007365136641570547,0.35,0.0,0.07464378147785757,0.22562408447265503,191,194,5.909721001389318,77.10917498810582
1234,61.7,ccurve,247,pure_pursuit,6.0,382.5406494140625,-226.84823608398438,382.5936584472656,-227.09402465820312,90.37745666503906,-0.004039984907907105,0.15,0.0,0.251439815497896,0.22113800048827378,191,195,6.018170897661992,77.25572569362019
1235,61.75,ccurve,247,pure_pursuit,6.0,382.5400695800781,-226.54989624023438,382.5936584472656,-227.09402465820312,90.421875,-0.005102170740584476,0.35,0.0,0.5467609184347526,0.17671966552734458,191,195,5.937817687081912,77.40285396347608
1236,61.800000000000004,ccurve,247,pure_pursuit,6.0,382.5389709472656,-226.25155639648438,382.5936584472656,-227.09402465820312,90.42754364013672,-0.0052315980894856685,0.35,0.0,0.8442413722743409,0.17105102539062012,191,195,5.991291716673982,77.55040130184462
1237,61.85,ccurve,247,pure_pursuit,6.0,382.53802490234375,-225.9548797607422,382.57275390625,-225.09413146972656,90.4719009399414,-0.006358331006775329,0.35,0.0,0.8614486195929734,0.12669372558592612,192,195,5.888177231330295,77.69811090035394
1238,61.900000000000006,ccurve,247,pure_pursuit,6.0,382.5367736816406,-225.65768432617188,382.57275390625,-225.09413146972656,90.4795150756836,-0.006570736809488764,0.35,0.0,0.5647002732163426,0.1190795898437403,192,195,5.979011215303163,77.84666943246468
1239,61.95,ccurve,247,pure_pursuit,6.0,382.53570556640625,-225.3614044189453,382.57275390625,-225.09413146972656,90.52018737792969,-0.007621822381880252,0.35,0.0,0.2698284804635465,0.07840728759765608,192,195,5.898326650698534,77.99577032565648
1240,62.0,ccurve,247,pure_pursuit,6.0,382.5343322753906,-225.06431579589844,382.57275390625,-225.09413146972656,90.51622009277344,-0.005107112153106915,0.35,0.0,0.04863328205785844,0.0823745727538982,192,196,5.974112674959225,78.14586058855234
1241,62.050000000000004,ccurve,247,pure_pursuit,6.0,382.5330505371094,-224.76792907714844,382.57275390625,-225.09413146972656,90.55534362792969,-0.006071154932597164,0.35,0.0,0.3286097357730138,0.04325103759764476,192,196,5.88813802346141,78.29650864419702
1242,62.1,ccurve,247,pure_pursuit,6.0,382.5314636230469,-224.47023010253906,382.57275390625,-225.09413146972656,90.56375122070312,-0.006271398501951773,0.35,0.0,0.6252661860883139,0.03484344482421052,192,196,5.993503266079068,78.44840321425502
1243,62.150000000000006,ccurve,247,pure_pursuit,6.0,382.5299377441406,-224.17295837402344,382.57275390625,-225.09413146972656,90.60602569580078,-0.007360074863115415,0.35,0.0,0.9221676073171595,-0.007431030273442054,192,196,5.9233974713430015,78.60096225265636
1244,62.2,ccurve,247,pure_pursuit,6.0,382.5281982421875,-223.87457275390625,382.5518493652344,-223.09423828125,90.60356140136719,-0.0072990497090761434,0.15,0.0,0.7806928108014612,-0.004966735839854304,193,196,6.002604908457625,78.75474682634822
1245,62.25,ccurve,247,pure_pursuit,6.0,382.5265808105469,-223.57679748535156,382.5518493652344,-223.09423828125,90.63738250732422,-0.008178090096897826,0.35,0.0,0.48322032792415576,-0.038787841796883514,193,196,5.910891295449624,78.90914383883765
1246,62.300000000000004,ccurve,247,pure_pursuit,6.0,382.52471923828125,-223.27874755859375,382.5518493652344,-223.09423828125,90.63312530517578,-0.008099468581648391,0.35,0.0,0.186493209566476,-0.034530639648447874,193,196,5.989429317165533,79.06429823713509
1247,62.35,ccurve,247,pure_pursuit,6.0,382.5230712890625,-222.9823455810547,382.5518493652344,-223.09423828125,90.66202545166016,-0.00704308681653493,0.35,0.0,0.11553421149232086,-0.0634307861328119,193,197,5.896369880485596,79.21957796732801
1248,62.400000000000006,ccurve,247,pure_pursuit,6.0,382.52105712890625,-222.68560791015625,382.5518493652344,-223.09423828125,90.653076171875,-0.0067950564251549736,0.35,0.0,0.40978889931073403,-0.05448150634765668,193,197,5.964796897488695,79.37552965140708
1249,62.45,ccurve,247,pure_pursuit,6.0,382.5191650390625,-222.389892578125,382.5518493652344,-223.09423828125,90.68634796142578,-0.00764804897063297,0.35,0.0,0.7051036340056405,-0.08775329589844187,193,197,5.872867679257944,79.53183854889815
1250,62.5,ccurve,247,pure_pursuit,6.0,382.51702880859375,-222.09312438964844,382.5309753417969,-221.0943603515625,90.68582153320312,-0.0076485789713171114,0.35,0.0,0.998861406583573,-0.08722686767579242,194,197,5.973649336057597,79.6892988788185
1251,62.550000000000004,ccurve,247,pure_pursuit,6.0,382.51507568359375,-221.79693603515625,382.5309753417969,-221.0943603515625,90.71936798095703,-0.008518155107892264,0.35,0.0,0.7027555693896714,-0.1207733154296869,194,197,5.900195049954791,79.84739230909281
1252,62.6,ccurve,247,pure_pursuit,6.0,382.51287841796875,-221.49969482421875,382.5309753417969,-221.0943603515625,90.70906829833984,-0.008272714671485206,0.35,0.0,0.40573825722448364,-0.11047363281250348,194,197,5.978577763499248,80.00663691647998
1253,62.650000000000006,ccurve,247,pure_pursuit,6.0,382.5108947753906,-221.2030029296875,382.5309753417969,-221.0943603515625,90.73626708984375,-0.008977557562305656,0.35,0.0,0.11048275398831504,-0.13767242431641058,194,197,5.895233821754858,80.16654648667787
1254,62.7,ccurve,247,pure_pursuit,6.0,382.5086975097656,-220.9048614501953,382.5309753417969,-221.0943603515625,90.7287826538086,-0.007440309583533598,0.15,0.0,0.1908039187736553,-0.13018798828125638,194,198,6.003290292403738,80.32785009077044
1255,62.75,ccurve,247,pure_pursuit,6.0,382.5065612792969,-220.60728454589844,382.5309753417969,-221.0943603515625,90.75785064697266,-0.008174801885445103,0.35,0.0,0.48768728393413074,-0.15925598144531808,194,198,5.922577107261721,80.48967463508828
1256,62.800000000000004,ccurve,247,pure_pursuit,6.0,382.5041198730469,-220.30967712402344,382.5309753417969,-221.0943603515625,90.74546813964844,-0.007865205737587375,0.35,0.0,0.7851426518683737,-0.14687347412109325,194,198,5.976036494983481,80.6520352633337
1257,62.85,ccurve,247,pure_pursuit,6.0,382.50189208984375,-220.01380920410156,382.51007080078125,-219.09446716308594,90.77245330810547,-0.0085629912501488,0.35,0.0,0.919378420288063,-0.17385864257812628,195,198,5.872575791418481,80.81437569056611
1258,62.900000000000006,ccurve,247,pure_pursuit,6.0,382.4994201660156,-219.71734619140625,382.51007080078125,-219.09446716308594,90.76490020751953,-0.00839308267803193,0.35,0.0,0.6229700794919186,-0.16630554199218836,195,198,5.964185850363845,80.97760178892858
1259,62.95,ccurve,247,pure_pursuit,6.0,382.49713134765625,-219.4218292236328,382.51007080078125,-219.09446716308594,90.7926254272461,-0.009124416735196655,0.35,0.0,0.32761768592777457,-0.19403076171875766,195,198,5.883737695860608,81.14120332666363
1260,63.0,ccurve,247,pure_pursuit,6.0,382.49462890625,-219.12550354003906,382.51007080078125,-219.09446716308594,90.77774810791016,-0.00877145779530674,0.35,0.0,0.03466567179632781,-0.17915344238281475,195,198,5.959457231826167,81.30582934534544
1261,63.050000000000004,ccurve,247,pure_pursuit,6.0,382.49237060546875,-218.82986450195312,382.51007080078125,-219.09446716308594,90.8012924194336,-0.008353260394434788,0.35,0.0,0.265194014247431,-0.2026977539062551,195,199,5.873235145225743,81.4710129698251
1262,63.1,ccurve,247,pure_pursuit,6.0,382.48980712890625,-218.5328826904297,382.51007080078125,-219.09446716308594,90.79374694824219,-0.008158987514295179,0.35,0.0,0.5619499411214989,-0.19515228271485296,195,199,5.979725613068074,81.63744575240555
1263,63.150000000000006,ccurve,247,pure_pursuit,6.0,382.4874572753906,-218.23629760742188,382.51007080078125,-219.09446716308594,90.82245635986328,-0.008887070516267106,0.35,0.0,0.8584674471401038,-0.22386169433593747,195,199,5.90993485688176,81.80456688312994
1264,63.2,ccurve,247,pure_pursuit,6.0,382.4847717285156,-217.9385528564453,382.4891662597656,-217.09457397460938,90.80865478515625,-0.008551048956649385,0.35,0.0,0.8439903227466217,-0.21006011962891347,196,199,5.988990226287604,81.9728107611487
1265,63.25,ccurve,247,pure_pursuit,6.0,382.4822692871094,-217.64129638671875,382.4891662597656,-217.09457397460938,90.83336639404297,-0.009203147436779814,0.35,0.0,0.5467659134716742,-0.23477172851562553,196,199,5.906788490221842,82.14165773705906
1266,63.300000000000004,ccurve,247,pure_pursuit,6.0,382.47955322265625,-217.3425750732422,382.4891662597656,-217.09457397460938,90.82405853271484,-0.008996632902034115,0.15,0.0,0.24818733933371423,-0.22546386718750583,196,199,6.015499758925705,82.3119051893946
1267,63.35,ccurve,247,pure_pursuit,6.0,382.47711181640625,-217.04437255859375,382.4891662597656,-217.09457397460938,90.84777069091797,-0.008864445673650379,0.35,0.0,0.05162840085338912,-0.24917602539063116,196,200,5.935152365741275,82.48280532815575
1268,63.400000000000006,ccurve,247,pure_pursuit,6.0,382.4742431640625,-216.7461700439453,382.4891662597656,-217.09457397460938,90.82953643798828,-0.00841543597646326,0.35,0.0,0.34872338276567216,-0.23094177246093806,196,200,5.9884515859716245,82.65408103429937
1269,63.45,ccurve,247,pure_pursuit,6.0,382.47161865234375,-216.44967651367188,382.4891662597656,-217.09457397460938,90.85201263427734,-0.009007471385461546,0.35,0.0,0.6451361512501579,-0.253417968750008,196,200,5.885213986825745,82.82527310478042
1270,63.5,ccurve,247,pure_pursuit,6.0,382.4688720703125,-216.1526336669922,382.4891662597656,-217.09457397460938,90.84081268310547,-0.008726258724588853,0.35,0.0,0.9421589023299207,-0.2422180175781264,196,200,5.976259660395075,82.99739566529804
1271,63.550000000000004,ccurve,247,pure_pursuit,6.0,382.46624755859375,-215.85653686523438,382.4682922363281,-215.0946807861328,90.86563873291016,-0.009381559048371057,0.35,0.0,0.7618588228609312,-0.267044067382824,197,200,5.89567403086234,83.16976290910509
1272,63.6,ccurve,247,pure_pursuit,6.0,382.46343994140625,-215.55960083007812,382.4682922363281,-215.0946807861328,90.84859466552734,-0.008961255300121854,0.35,0.0,0.46494536456246144,-0.2500000000000099,197,200,5.9713303104004245,83.3431757396584
1273,63.650000000000006,ccurve,247,pure_pursuit,6.0,382.4608154296875,-215.26336669921875,382.4682922363281,-215.0946807861328,90.87039947509766,-0.009536363165805762,0.35,0.0,0.1688515321552569,-0.2718048095703145,197,200,5.885257135981365,83.51701375915765
1274,63.7,ccurve,247,pure_pursuit,6.0,382.4580078125,-214.9658203125,382.4682922363281,-215.0946807861328,90.85844421386719,-0.00866224985151448,0.35,0.0,0.12927022487158157,-0.2598495483398506,197,201,5.990888501550879,83.69217644969139
1275,63.75,ccurve,247,pure_pursuit,6.0,382.4553527832031,-214.66868591308594,382.4682922363281,-215.0946807861328,90.88256072998047,-0.009282671683969979,0.35,0.0,0.42619134354113436,-0.2839660644531295,197,201,5.920884926514285,83.86790406313575
1276,63.800000000000004,ccurve,247,pure_pursuit,6.0,382.4523620605469,-214.37042236328125,382.4682922363281,-215.0946807861328,90.86544036865234,-0.008869919736684776,0.35,0.0,0.7244335950049903,-0.2668457031250087,197,201,5.999951379282373,84.04472652694706
1277,63.85,ccurve,247,pure_pursuit,6.0,382.4496765136719,-214.0725860595703,382.4473876953125,-213.09478759765625,90.88746643066406,-0.009438813875357215,0.35,0.0,0.977801140729028,-0.2888717651367232,198,201,5.917921716560884,84.222219119731
1278,63.900000000000006,ccurve,247,pure_pursuit,6.0,382.44671630859375,-213.77333068847656,382.4473876953125,-213.09478759765625,90.87596893310547,-0.009171949252201054,0.15,0.0,0.6785434229731425,-0.277374267578125,198,201,6.02592943881118,84.40103188403477
1279,63.95,ccurve,247,pure_pursuit,6.0,382.4439392089844,-213.474609375,382.4473876953125,-213.09478759765625,90.89801788330078,-0.00976067290400532,0.35,0.0,0.3798374318080308,-0.29942321777344677,198,201,5.945494377310769,84.58034566529858
1280,64.0,ccurve,247,pure_pursuit,6.0,382.44091796875,-213.17588806152344,382.4473876953125,-213.09478759765625,90.87659454345703,-0.009251609301461407,0.35,0.0,0.0813581133094082,-0.27799987792968844,198,201,5.998802969499388,84.76013971256276
1281,64.05,ccurve,247,pure_pursuit,6.0,382.4382019042969,-212.87890625,382.4473876953125,-213.09478759765625,90.89439392089844,-0.00924617082597539,0.35,0.0,0.21607668782740402,-0.2957992553710976,198,202,5.895760564389562,84.93977821346942
1282,64.10000000000001,ccurve,247,pure_pursuit,6.0,382.4351501464844,-212.58132934570312,382.4473876953125,-213.09478759765625,90.87977600097656,-0.008898683495714682,0.35,0.0,0.5136040635548744,-0.2811813354492179,198,202,5.986197903588305,85.12017548156253
1283,64.15,ccurve,247,pure_pursuit,6.0,382.432373046875,-212.28472900390625,382.4473876953125,-213.09478759765625,90.9024429321289,-0.009492522776860184,0.35,0.0,0.810197732023442,-0.3038482666015674,198,202,5.905464252459781,85.30084236812284
1284,64.2,ccurve,247,pure_pursuit,6.0,382.4293212890625,-211.9873046875,382.4264831542969,-211.0948944091797,90.88416290283203,-0.009052723418231129,0.35,0.0,0.8924147913726472,-0.2855682373046979,199,202,5.981156384021853,85.48245173501113
1285,64.25,ccurve,247,pure_pursuit,6.0,382.426513671875,-211.69058227539062,382.4264831542969,-211.0948944091797,90.9050064086914,-0.009605452965566426,0.35,0.0,0.5956878669926577,-0.3064117431640691,199,202,5.895249468117719,85.66446351629018
1286,64.3,ccurve,247,pure_pursuit,6.0,382.4234924316406,-211.39254760742188,382.4264831542969,-211.0948944091797,90.89220428466797,-0.009309518132940538,0.15,0.0,0.2976682227679159,-0.2936096191406319,199,202,6.000150082807184,85.8477670571247
1287,64.35000000000001,ccurve,247,pure_pursuit,6.0,382.4207458496094,-211.09515380859375,382.4264831542969,-211.0948944091797,90.91361236572266,-0.009861930551704555,0.35,0.0,0.005743165776227031,-0.31501770019531866,199,202,5.917920631553873,86.03152547043018
1288,64.4,ccurve,247,pure_pursuit,6.0,382.4176330566406,-210.7978057861328,382.4264831542969,-211.0948944091797,90.89167785644531,-0.008959263779855658,0.35,0.0,0.2972204134517233,-0.2930831909179697,199,203,5.9714133145107695,86.21560447912496
1289,64.45,ccurve,247,pure_pursuit,6.0,382.4148254394531,-210.502197265625,382.4264831542969,-211.0948944091797,90.91020965576172,-0.009441144498655825,0.35,0.0,0.5928117798199223,-0.31161499023437933,199,203,5.867662582507367,86.39945512202692
1290,64.5,ccurve,247,pure_pursuit,6.0,382.4118347167969,-210.20602416992188,382.4264831542969,-211.0948944091797,90.89591217041016,-0.009084760896012593,0.35,0.0,0.888990933001812,-0.2973175048828235,199,203,5.959005242953087,86.58413993979119
1291,64.55,ccurve,247,pure_pursuit,6.0,382.4090270996094,-209.91079711914062,382.4056091308594,-209.0950164794922,90.91831970214844,-0.0096702975505167,0.35,0.0,0.8157877999428466,-0.319725036621097,200,203,5.878437894622526,86.7689839716438
1292,64.60000000000001,ccurve,247,pure_pursuit,6.0,382.4059753417969,-209.61474609375,382.4056091308594,-209.0950164794922,90.89928436279297,-0.009204998879578626,0.35,0.0,0.5197297432772395,-0.3006896972656325,200,203,5.954280223409038,86.95477371480528
1293,64.65,ccurve,247,pure_pursuit,6.0,382.4031066894531,-209.31936645507812,382.4056091308594,-209.0950164794922,90.91954040527344,-0.009748084442499768,0.35,0.0,0.22436393150059228,-0.3209457397460936,200,203,5.8680125957091684,87.1408854284528
1294,64.7,ccurve,247,pure_pursuit,6.0,382.4001159667969,-209.02264404296875,382.4056091308594,-209.0950164794922,90.90645599365234,-0.009120578841231861,0.35,0.0,0.07258060636117979,-0.3078613281250113,200,204,5.974780636285624,87.32836613805335
1295,64.75,ccurve,247,pure_pursuit,6.0,382.3972473144531,-208.726318359375,382.4056091308594,-209.0950164794922,90.92887878417969,-0.009708361395683268,0.35,0.0,0.36879292801185853,-0.33028411865234364,200,204,5.905104790717856,87.51628994174571
1296,64.8,ccurve,247,pure_pursuit,6.0,382.3941345214844,-208.42884826660156,382.4056091308594,-209.0950164794922,90.90943145751953,-0.009227353947537764,0.35,0.0,0.6662670294455504,-0.3108367919921897,200,204,5.984175927123579,87.7053634178072
1297,64.85000000000001,ccurve,247,pure_pursuit,6.0,382.3912353515625,-208.1317901611328,382.4056091308594,-209.0950164794922,90.92930603027344,-0.009752548716856019,0.35,0.0,0.9633335590082136,-0.3307113647461045,200,204,5.901923448351311,87.8949335989755
1298,64.9,ccurve,247,pure_pursuit,6.0,382.38812255859375,-207.8332977294922,382.38470458984375,-207.09512329101562,90.91606140136719,-0.009439426038256139,0.15,0.0,0.7381823515436848,-0.3174667358398476,201,204,6.010981647101806,88.0858653854936
1299,64.95,ccurve,247,pure_pursuit,6.0,382.3852233886719,-207.5353240966797,382.38470458984375,-207.09512329101562,90.93649291992188,-0.009978526050304021,0.35,0.0,0.4402011113792351,-0.3378982543945422,201,204,5.930708703807778,88.27721834184513
1300,65.0,ccurve,247,pure_pursuit,6.0,382.3820495605469,-207.23731994628906,382.38470458984375,-207.09512329101562,90.91358947753906,-0.009429777645064216,0.35,0.0,0.14222143984477195,-0.3149948120117241,201,204,5.983959093463725,88.46897290355376
1301,65.05,ccurve,247,pure_pursuit,6.0,382.3791198730469,-206.94105529785156,382.38470458984375,-207.09512329101562,90.93025207519531,-0.00961622242946711,0.35,0.0,0.15416917843493527,-0.33165740966797913,201,205,5.880620200066218,88.66036065620177
1302,65.10000000000001,ccurve,247,pure_pursuit,6.0,382.3760070800781,-206.6442108154297,382.38470458984375,-207.09512329101562,90.91423034667969,-0.009221672910431406,0.35,0.0,0.4509963495585766,-0.31563568115234636,201,205,5.971941397694693,88.85256655630342
1303,65.15,ccurve,247,pure_pursuit,6.0,382.37310791015625,-206.3483123779297,382.38470458984375,-207.09512329101562,90.93523406982422,-0.009774068445934744,0.35,0.0,0.7469009458315247,-0.3366394042968795,201,205,5.891442347724336,89.04488529669104
1304,65.2,ccurve,247,pure_pursuit,6.0,382.3699645996094,-206.05157470703125,382.3638000488281,-205.09523010253906,90.91519165039062,-0.009283092351522625,0.35,0.0,0.9563644724829824,-0.31659698486329246,202,205,5.967055742852547,89.23814148388394
1305,65.25,ccurve,247,pure_pursuit,6.0,382.3670654296875,-205.75555419921875,382.3638000488281,-205.09523010253906,90.93462371826172,-0.00979420885570014,0.35,0.0,0.6603321704778604,-0.33602905273437483,202,205,5.880913781009676,89.4316729130941
1306,65.3,ccurve,247,pure_pursuit,6.0,382.3639221191406,-205.45819091796875,382.3638000488281,-205.09523010253906,90.92081451416016,-0.009473707424516788,0.35,0.0,0.3629608359569182,-0.3222198486328151,202,205,5.9868860494700105,89.62647320568426
1307,65.35000000000001,ccurve,247,pure_pursuit,6.0,382.3610534667969,-205.16127014160156,382.3638000488281,-205.09523010253906,90.9417953491211,-0.010017492052142536,0.35,0.0,0.06609712907707044,-0.34320068359375366,202,205,5.916966820528481,89.82174589212622
1308,65.4,ccurve,247,pure_pursuit,6.0,382.3578796386719,-204.8632049560547,382.3638000488281,-205.09523010253906,90.92054748535156,-0.00927103226443883,0.35,0.0,0.23210066750768707,-0.32195281982422885,202,206,5.99597670918185,90.01811134148139
1309,65.45,ccurve,247,pure_pursuit,6.0,382.35491943359375,-204.56558227539062,382.3638000488281,-205.09523010253906,90.93911743164062,-0.009762992490502125,0.35,0.0,0.5297222726391653,-0.34052276611329185,202,206,5.913869174835832,90.21489669652588
1310,65.5,ccurve,247,pure_pursuit,6.0,382.35174560546875,-204.2665252685547,382.3638000488281,-205.09523010253906,90.9251480102539,-0.009429468913204956,0.15,0.0,0.8287925020617494,-0.32655334472657016,202,206,6.022149115976549,90.41303816506795
1311,65.55,ccurve,247,pure_pursuit,6.0,382.3487854003906,-203.96798706054688,382.3429260253906,-203.0953369140625,90.94520568847656,-0.009960338125114154,0.35,0.0,0.8726698175338664,-0.34661102294922874,203,206,5.941748079200271,90.61154221230754
1312,65.60000000000001,ccurve,247,pure_pursuit,6.0,382.3455810546875,-203.66946411132812,382.3429260253906,-203.0953369140625,90.92223358154297,-0.009400218756519625,0.35,0.0,0.5741333362735952,-0.32363891601562694,203,206,5.9950208720269105,90.81040344994592
1313,65.65,ccurve,247,pure_pursuit,6.0,382.3426208496094,-203.37266540527344,382.3429260253906,-203.0953369140625,90.93885803222656,-0.009845678524168821,0.35,0.0,0.27732865912053245,-0.34026336669922863,203,206,5.891894388624704,91.00882226915596
1314,65.7,ccurve,247,pure_pursuit,6.0,382.3394775390625,-203.07528686523438,382.3429260253906,-203.0953369140625,90.92203521728516,-0.009243208231284812,0.35,0.0,0.020344446809030265,-0.32344055175781167,203,207,5.982551404171697,91.20803429378357
1315,65.75,ccurve,247,pure_pursuit,6.0,382.3365478515625,-202.77883911132812,382.3429260253906,-203.0953369140625,90.94225311279297,-0.009772864313515333,0.35,0.0,0.3165620637996112,-0.34365844726563216,203,207,5.901879083474343,91.40730306740639
1316,65.8,ccurve,247,pure_pursuit,6.0,382.3334045410156,-202.48159790039062,382.3429260253906,-203.0953369140625,90.92192077636719,-0.009263013679730347,0.35,0.0,0.6138128668964421,-0.3233261108398516,203,207,5.977533767735626,91.60748278342133
1317,65.85000000000001,ccurve,247,pure_pursuit,6.0,382.3304138183594,-202.18508911132812,382.3429260253906,-203.0953369140625,90.94115447998047,-0.00977960989605098,0.35,0.0,0.9103337946641059,-0.34255981445313144,203,207,5.89155826417861,91.80779898086904
1318,65.9,ccurve,247,pure_pursuit,6.0,382.32720947265625,-201.88723754882812,382.322021484375,-201.09544372558594,90.92715454101562,-0.009455372815438562,0.35,0.0,0.7918108194176731,-0.32855987548829213,204,207,5.996740243631477,92.00939971683795
1319,65.95,ccurve,247,pure_pursuit,6.0,382.3242492675781,-201.58981323242188,382.322021484375,-201.09544372558594,90.9480209350586,-0.01000892473237335,0.35,0.0,0.49437452635346024,-0.34942626953125794,204,207,5.9266258764838735,92.21140559754436
1320,66.0,ccurve,247,pure_pursuit,6.0,382.321044921875,-201.291259765625,382.322021484375,-201.09544372558594,90.92676544189453,-0.009496430400550102,0.15,0.0,0.19581847515210646,-0.3281707763671973,204,207,6.005707517045485,92.41452828122496
1321,66.05,ccurve,247,pure_pursuit,6.0,382.3180236816406,-200.9933624267578,382.322021484375,-201.09544372558594,90.94453430175781,-0.009790047417924707,0.35,0.0,0.10215955166865177,-0.3459396362304762,204,208,5.914014855046918,92.61784720436397
1322,66.10000000000001,ccurve,247,pure_pursuit,6.0,382.3148498535156,-200.6951904296875,382.322021484375,-201.09544372558594,90.92750549316406,-0.009369920552746039,0.35,0.0,0.4003175404185349,-0.32891082763672086,204,208,5.992414438703006,92.82175700872078
1323,66.15,ccurve,247,pure_pursuit,6.0,382.3117980957031,-200.39866638183594,382.322021484375,-201.09544372558594,90.94635009765625,-0.00988706179948939,0.35,0.0,0.6968523404848705,-0.3477554321289059,204,208,5.899355750319213,93.02511974450901
1324,66.2,ccurve,247,pure_pursuit,6.0,382.30859375,-200.101806640625,382.322021484375,-201.09544372558594,90.92451477050781,-0.009353241015160663,0.35,0.0,0.9937278101472832,-0.32592010498047097,204,208,5.967674902649769,93.22910605768834
1325,66.25,ccurve,247,pure_pursuit,6.0,382.30560302734375,-199.80596923828125,382.3011169433594,-199.09555053710938,90.94270324707031,-0.009844637294554317,0.35,0.0,0.7104328651774555,-0.3441085815429749,205,208,5.875753114900256,93.43303045572668
1326,66.3,ccurve,247,pure_pursuit,6.0,382.302490234375,-199.5090789794922,382.3011169433594,-199.09555053710938,90.92764282226562,-0.00947660283993791,0.35,0.0,0.4135307226649172,-0.32904815673828824,205,208,5.976367493466932,93.63809419416233
1327,66.35000000000001,ccurve,247,pure_pursuit,6.0,382.2995300292969,-199.21275329589844,382.3011169433594,-199.09555053710938,90.94819641113281,-0.010024777366438293,0.35,0.0,0.11721350162847677,-0.3496017456054787,205,208,5.902890070397659,93.84336249538264
1328,66.4,ccurve,247,pure_pursuit,6.0,382.2963562011719,-198.9154052734375,382.3011169433594,-199.09555053710938,90.92695617675781,-0.00931667672221127,0.35,0.0,0.18020815933132775,-0.32836151123047685,205,209,5.981206247505122,94.04968242134173
1329,66.45,ccurve,247,pure_pursuit,6.0,382.2933654785156,-198.6185760498047,382.3011169433594,-199.09555053710938,90.94551086425781,-0.009811118843898018,0.35,0.0,0.4770374689128658,-0.34691619873046836,205,209,5.897888482600145,94.25625375124108
1330,66.5,ccurve,247,pure_pursuit,6.0,382.2901611328125,-198.32032775878906,382.3011169433594,-199.09555053710938,90.9314193725586,-0.00947716408523047,0.15,0.0,0.7753001907721959,-0.33282470703125083,205,209,6.005812288026608,94.46415592057852
1331,66.55,ccurve,247,pure_pursuit,6.0,382.2871398925781,-198.0226287841797,382.28021240234375,-197.0956573486328,90.95150756835938,-0.010019048023877127,0.35,0.0,0.9269973206222236,-0.35291290283203974,206,209,5.925071851199571,94.67228227509538
1332,66.60000000000001,ccurve,247,pure_pursuit,6.0,382.2839050292969,-197.72491455078125,382.28021240234375,-197.0956573486328,90.9283676147461,-0.00945799959154828,0.35,0.0,0.6292680366501182,-0.329772949218753,206,209,5.978467584433097,94.88074634938546
1333,66.65,ccurve,247,pure_pursuit,6.0,382.2808532714844,-197.42893981933594,382.28021240234375,-197.0956573486328,90.94488525390625,-0.00991970887372675,0.35,0.0,0.3332830868664577,-0.34629058837891763,206,209,5.8750255302776875,95.08857904434684
1334,66.7,ccurve,247,pure_pursuit,6.0,382.2777404785156,-197.13238525390625,382.28021240234375,-197.0956573486328,90.92797088623047,-0.009506013544430744,0.35,0.0,0.03681099609066087,-0.32937622070313516,206,209,5.966506426223671,95.29724767577841
1335,66.75,ccurve,247,pure_pursuit,6.0,382.27484130859375,-196.83677673339844,382.28021240234375,-197.0956573486328,90.94758605957031,-0.009836610626589635,0.35,0.0,0.2589363272934097,-0.348991394042974,206,210,5.886050049387792,95.50585617464166
1336,66.8,ccurve,247,pure_pursuit,6.0,382.2716369628906,-196.54031372070312,382.28021240234375,-197.0956573486328,90.92652130126953,-0.009317982101737872,0.35,0.0,0.5554098335859038,-0.32792663574219294,206,210,5.961732532320899,95.71532053078114
1337,66.85000000000001,ccurve,247,pure_pursuit,6.0,382.2686767578125,-196.2445831298828,382.28021240234375,-197.0956573486328,90.9454574584961,-0.009818958122287703,0.35,0.0,0.8511523934735038,-0.3468627929687562,206,210,5.875541117012107,95.92488946747162
1338,66.9,ccurve,247,pure_pursuit,6.0,382.2654724121094,-195.94747924804688,382.25933837890625,-195.0957794189453,90.9314956665039,-0.009493711238575415,0.35,0.0,0.8517219177965117,-0.33290100097657027,207,210,5.98188991130539,96.13572732679178
1339,66.95,ccurve,247,pure_pursuit,6.0,382.262451171875,-195.6508026123047,382.25933837890625,-195.0957794189453,90.95236206054688,-0.010059751576303998,0.35,0.0,0.5550319221872778,-0.3537673950195361,207,210,5.91207672136943,96.34683989562961
1340,67.0,ccurve,247,pure_pursuit,6.0,382.2592468261719,-195.3529510498047,382.25933837890625,-195.0957794189453,90.93096923828125,-0.009541685139123842,0.35,0.0,0.257171647155696,-0.3323745727539081,207,210,5.991085634339625,96.5591226702792
1341,67.05,ccurve,247,pure_pursuit,6.0,382.2562561035156,-195.05560302734375,382.25933837890625,-195.0957794189453,90.94873046875,-0.009845990735253517,0.35,0.0,0.04029445202141052,-0.3501358032226639,207,211,5.908906085603324,96.77164057309274
1342,67.10000000000001,ccurve,247,pure_pursuit,6.0,382.2530517578125,-194.75677490234375,382.25933837890625,-195.0957794189453,90.93402862548828,-0.009490226395168203,0.15,0.0,0.33906280226683,-0.3354339599609417,207,211,6.017512806622463,96.98552860535466
1343,67.15,ccurve,247,pure_pursuit,6.0,382.2500305175781,-194.45846557617188,382.25933837890625,-195.0957794189453,90.95359802246094,-0.010014344752722015,0.35,0.0,0.6373818090227783,-0.3550033569336042,207,211,5.937167012855985,97.1996145047
1344,67.2,ccurve,247,pure_pursuit,6.0,382.2467346191406,-194.16017150878906,382.25933837890625,-195.0957794189453,90.93022155761719,-0.009452928639929343,0.35,0.0,0.9356928001791909,-0.3316268920898488,207,211,5.990416820216152,97.41394378491474
1345,67.25,ccurve,247,pure_pursuit,6.0,382.24371337890625,-193.8636016845703,382.2384338378906,-193.09588623046875,90.9465560913086,-0.009897767697277559,0.35,0.0,0.7677336074574982,-0.34796142578125694,208,211,5.887194194675308,97.62764650515903
1346,67.3,ccurve,247,pure_pursuit,6.0,382.2405090332031,-193.56643676757812,382.2384338378906,-193.09588623046875,90.92949676513672,-0.009494825022406457,0.35,0.0,0.47055511304150793,-0.33090209960938405,208,211,5.978121414304286,97.84209055789391
1347,67.35000000000001,ccurve,247,pure_pursuit,6.0,382.2375183105469,-193.270263671875,382.2384338378906,-193.09588623046875,90.94895935058594,-0.010020337440647667,0.35,0.0,0.1743798447691341,-0.35036468505859675,208,211,5.897513191870192,98.05638686165705
1348,67.4,ccurve,247,pure_pursuit,6.0,382.234375,-192.9732208251953,382.2384338378906,-193.09588623046875,90.9273452758789,-0.009303333133235083,0.35,0.0,0.12273253772296507,-0.32875061035157166,208,212,5.973145932655115,98.27164186305282
1349,67.45,ccurve,247,pure_pursuit,6.0,382.2313537597656,-192.67691040039062,382.2384338378906,-193.09588623046875,90.94576263427734,-0.00980039263695594,0.35,0.0,0.41903564728541887,-0.34716796875000855,208,212,5.887100740761236,98.48686771318766
1350,67.5,ccurve,247,pure_pursuit,6.0,382.2281494140625,-192.37925720214844,382.2384338378906,-193.09588623046875,90.9314193725586,-0.0094599335661701,0.35,0.0,0.7167028209828616,-0.33282470703125083,208,212,5.992620642138623,98.70337726842135
1351,67.55,ccurve,247,pure_pursuit,6.0,382.22515869140625,-192.08203125,382.217529296875,-191.0959930419922,90.95221710205078,-0.010014317964699593,0.35,0.0,0.9860677234917344,-0.35362243652344566,209,212,5.922594750530634,98.92013833788481
1352,67.60000000000001,ccurve,247,pure_pursuit,6.0,382.2218933105469,-191.78366088867188,382.217529296875,-191.0959930419922,90.93090057373047,-0.009505812399721477,0.15,0.0,0.6876816937889262,-0.3323059082031244,209,212,6.001640173378439,99.13797616302105
1353,67.65,ccurve,247,pure_pursuit,6.0,382.2189025878906,-191.48594665527344,382.217529296875,-191.0959930419922,90.94866180419922,-0.009980817386084457,0.35,0.0,0.38995603141805135,-0.3500671386718802,209,212,5.909885951286188,99.35593213211885
1354,67.7,ccurve,247,pure_pursuit,6.0,382.2156677246094,-191.18798828125,382.217529296875,-191.0959930419922,90.93116760253906,-0.009576477837743997,0.35,0.0,0.09201407227920255,-0.33257293701172336,209,212,5.988520026096813,99.57431816742537
1355,67.75,ccurve,247,pure_pursuit,6.0,382.212646484375,-190.89163208007812,382.217529296875,-191.0959930419922,90.94904327392578,-0.009887727079860076,0.35,0.0,0.2044192863023229,-0.3504486083984393,209,213,5.895480265562982,99.79206990886541
1356,67.8,ccurve,247,pure_pursuit,6.0,382.2094421386719,-190.594970703125,382.217529296875,-191.0959930419922,90.92666625976562,-0.009333871920007576,0.35,0.0,0.501087603290831,-0.32807159423828336,209,213,5.963777802868906,100.01033032467583
1357,67.85000000000001,ccurve,247,pure_pursuit,6.0,382.2064514160156,-190.29934692382812,382.217529296875,-191.0959930419922,90.9447250366211,-0.009818676366005542,0.35,0.0,0.7967231369994247,-0.3461303710937557,209,213,5.87178204482979,100.22836316700698
1358,67.9,ccurve,247,pure_pursuit,6.0,382.2032470703125,-190.00265502929688,382.1966552734375,-189.09609985351562,90.92979431152344,-0.00946896401888678,0.35,0.0,0.9065791407934634,-0.33119964599610063,210,213,5.97267000885043,100.44744779933113
1359,67.95,ccurve,247,pure_pursuit,6.0,382.20025634765625,-189.70651245117188,382.1966552734375,-189.09609985351562,90.95049285888672,-0.010025558801765916,0.35,0.0,0.6104232196705659,-0.35189819335938144,210,213,5.89927847348752,100.66666136820844
1360,68.0,ccurve,247,pure_pursuit,6.0,382.1970520019531,-189.4093780517578,382.1966552734375,-189.09609985351562,90.92933654785156,-0.009515811926150638,0.35,0.0,0.31327844944615396,-0.33074188232422214,210,213,5.977564192825185,100.88686922847626
1361,68.05,ccurve,247,pure_pursuit,6.0,382.194091796875,-189.1127166748047,382.1966552734375,-189.09609985351562,90.94740295410156,-0.009996522089192219,0.35,0.0,0.016813392335847263,-0.34880828857423024,210,213,5.894182586033805,101.10727735841593
1362,68.10000000000001,ccurve,247,pure_pursuit,6.0,382.19091796875,-188.81466674804688,382.1966552734375,-189.09609985351562,90.93244934082031,-0.009454343115226055,0.15,0.0,0.2814915798365233,-0.3338546752929679,210,214,6.00235691729794,101.32897727319006
1363,68.15,ccurve,247,pure_pursuit,6.0,382.1879577636719,-188.51710510253906,382.1966552734375,-189.09609985351562,90.95206451416016,-0.009968902162116704,0.35,0.0,0.5790600731655868,-0.3534698486328195,210,214,5.92165278236006,101.55084108995624
1364,68.2,ccurve,247,pure_pursuit,6.0,382.1847229003906,-188.21958923339844,382.1966552734375,-189.09609985351562,90.92894744873047,-0.009402292883301421,0.35,0.0,0.8765918370055396,-0.33035278320312733,210,214,5.975027006029075,101.77287642890184
1365,68.25,ccurve,247,pure_pursuit,6.0,382.1816711425781,-187.92376708984375,382.1757507324219,-187.09620666503906,90.94570922851562,-0.009866231261167313,0.35,0.0,0.8275816019942281,-0.34711456298828364,211,214,5.87151205691551,101.99413698770698
1366,68.3,ccurve,247,pure_pursuit,6.0,382.178466796875,-187.6273956298828,382.1757507324219,-187.09620666503906,90.92914581298828,-0.009477487364396122,0.35,0.0,0.5311959086607202,-0.3305511474609426,211,214,5.963201949202776,102.21609067088544
1367,68.35000000000001,ccurve,247,pure_pursuit,6.0,382.1755065917969,-187.33192443847656,382.1757507324219,-187.09620666503906,90.94905090332031,-0.010008601335408696,0.35,0.0,0.23571789986969033,-0.350456237792975,211,214,5.882794639668197,102.437898004934
1368,68.4,ccurve,247,pure_pursuit,6.0,382.1723327636719,-187.03561401367188,382.1757507324219,-187.09620666503906,90.92768096923828,-0.009309531154318729,0.35,0.0,0.06068897684161025,-0.3290863037109416,211,215,5.958458316914096,102.6605745939303
1369,68.45,ccurve,247,pure_pursuit,6.0,382.16937255859375,-186.7400665283203,382.1757507324219,-187.09620666503906,90.94637298583984,-0.009803099819753405,0.35,0.0,0.35619724603572067,-0.34777832031250044,211,215,5.87221363078508,102.88318139001504
1370,68.5,ccurve,247,pure_pursuit,6.0,382.1661682128906,-186.4431610107422,382.1757507324219,-187.09620666503906,90.93244934082031,-0.009474487252142146,0.35,0.0,0.6531159554601315,-0.3338546752929679,211,215,5.9787988129104,103.10703081876116
1371,68.55,ccurve,247,pure_pursuit,6.0,382.1632080078125,-186.14663696289062,382.1757507324219,-187.09620666503906,90.95343780517578,-0.010028334300222168,0.35,0.0,0.9496525360250974,-0.3548431396484423,211,215,5.90904094110194,103.33111542568265
1372,68.60000000000001,ccurve,247,pure_pursuit,6.0,382.1599426269531,-185.8489532470703,382.15484619140625,-185.0963134765625,90.93217468261719,-0.009521423123749925,0.35,0.0,0.7526570253477584,-0.3335800170898459,212,215,5.988031901048507,103.55625336067455
1373,68.65,ccurve,247,pure_pursuit,6.0,382.1569519042969,-185.55172729492188,382.15484619140625,-185.0963134765625,90.95013427734375,-0.010002016246372508,0.35,0.0,0.4554186864627357,-0.35153961181641696,212,215,5.905796177302034,103.78158340616638
1374,68.7,ccurve,247,pure_pursuit,6.0,382.15374755859375,-185.25306701660156,382.15484619140625,-185.0963134765625,90.93509674072266,-0.009652335679791908,0.15,0.0,0.15675738996562386,-0.3365020751953121,212,215,6.01459274677626,104.00823680002212
1375,68.75,ccurve,247,pure_pursuit,6.0,382.1507263183594,-184.95489501953125,382.15484619140625,-185.0963134765625,90.95398712158203,-0.0057434322277989626,0.35,0.0,0.14147845540230453,-0.355392456054699,212,216,5.934270644315392,104.23499574136986
1376,68.8,ccurve,247,pure_pursuit,6.0,382.1472473144531,-184.65676879882812,382.15484619140625,-185.0963134765625,90.94159698486328,-0.005337595069572743,0.35,0.0,0.4396103577664706,-0.3430023193359384,212,216,5.987578738612749,104.46178568997155
1377,68.85000000000001,ccurve,247,pure_pursuit,6.0,382.1437683105469,-184.36032104492188,382.15484619140625,-185.0963134765625,90.97845458984375,-0.006243357751276997,0.35,0.0,0.7360757969642899,-0.37985992431640664,212,216,5.884346970918025,104.68764108908098
1378,68.9,ccurve,247,pure_pursuit,6.0,382.1399841308594,-184.06333923339844,382.13397216796875,-183.09642028808594,90.98380279541016,-0.006369287534402248,0.35,0.0,0.9669376352702566,-0.38520812988282,213,216,5.975473844353039,104.91406556360613
1379,68.95,ccurve,247,pure_pursuit,6.0,382.1363220214844,-183.7672576904297,382.13397216796875,-183.09642028808594,91.02439880371094,-0.007407626682956963,0.35,0.0,0.6708415179420958,-0.42580413818359747,213,216,5.894872037746397,105.14022370544146
1380,69.0,ccurve,247,pure_pursuit,6.0,382.13238525390625,-183.4703826904297,382.13397216796875,-183.09642028808594,91.02123260498047,-0.00733997968111536,0.35,0.0,0.3739657693732817,-0.42263793945312683,213,216,5.970578103670504,105.36716813022218
1381,69.05,ccurve,247,pure_pursuit,6.0,382.128662109375,-183.17420959472656,382.13397216796875,-183.09642028808594,91.05484008789062,0.07091726826084374,0.35,0.0,0.07797033378085695,-0.45624542236328197,213,217,5.88449313291165,105.59405103480168
1382,69.10000000000001,ccurve,247,pure_pursuit,6.0,382.1206970214844,-182.8770294189453,382.13397216796875,-183.09642028808594,91.2524185180664,0.06814650068830598,0.35,0.0,0.2197921358385246,-0.6538238525390693,213,217,5.983546644945921,105.8193808160712
1383,69.15,ccurve,247,pure_pursuit,6.0,382.1084289550781,-182.58059692382812,382.13397216796875,-183.09642028808594,91.65778350830078,0.05907260133956388,0.35,0.0,0.5164554180556379,-1.0591888427734364,213,217,5.911017810639841,106.04177507873995
1384,69.2,ccurve,247,pure_pursuit,6.0,382.0930480957031,-182.28321838378906,382.13397216796875,-183.09642028808594,92.05509948730469,0.04963663838722145,0.35,0.0,0.8142309972255207,-1.4565048217773466,213,217,5.991298221126843,106.26331297527028
1385,69.25,ccurve,247,pure_pursuit,6.0,382.07611083984375,-181.98635864257812,382.1130676269531,-181.09654235839844,92.46746826171875,0.039506111521797053,0.35,0.0,0.890583417600392,-1.8688735961914076,214,217,5.910186750162088,106.48384299985428
1386,69.3,ccurve,247,pure_pursuit,6.0,382.0578308105469,-181.68809509277344,382.1130676269531,-181.09654235839844,92.79837036132812,0.19291685968672204,0.15,0.0,0.5941260332902751,-2.1997756958007915,214,218,6.017492299470197,106.70500185373007
1387,69.35000000000001,ccurve,247,pure_pursuit,6.0,382.03509521484375,-181.39105224609375,382.1130676269531,-181.09654235839844,93.31119537353516,0.18617756631157067,0.35,0.0,0.3046568085575305,-2.712600708007818,214,218,5.924310255985246,106.92280509014924
1388,69.4,ccurve,247,pure_pursuit,6.0,382.0022888183594,-181.0961151123047,382.1130676269531,-181.09654235839844,94.15635681152344,0.16892104585696444,0.35,0.0,0.11077963248122519,-3.5577621459960986,214,218,5.959700852295598,107.13307909364616
1389,69.45,ccurve,247,pure_pursuit,6.0,381.9625549316406,-180.80426025390625,382.1130676269531,-181.09654235839844,95.17759704589844,0.14561508526790634,0.35,0.0,0.3287596387280766,-4.579002380371102,214,218,5.8553127259656295,107.33704516823109
1390,69.5,ccurve,247,pure_pursuit,6.0,381.9178161621094,-180.5124969482422,382.1130676269531,-181.09654235839844,96.13582611083984,0.3504335351586402,0.35,0.0,0.615818297591272,-5.537231445312505,214,219,5.946073249992195,107.53826073461396
1391,69.55,ccurve,247,pure_pursuit,6.0,381.8660583496094,-180.2234344482422,382.1130676269531,-181.09654235839844,97.25758361816406,0.3321819086922185,0.35,0.0,0.9073758900650247,-6.658988952636722,214,219,5.843057942457492,107.73345058805748
1392,69.60000000000001,ccurve,247,pure_pursuit,6.0,381.80078125,-179.93861389160156,382.0921630859375,-179.09664916992188,98.74859619140625,0.3023309590600884,0.35,0.0,0.8909590152568533,-8.15000152587891,215,219,5.880653005727441,107.91741850342797
1393,69.65,ccurve,247,pure_pursuit,6.0,381.7246398925781,-179.6585235595703,382.0921630859375,-179.09664916992188,100.4723129272461,0.26424064321287943,0.35,0.0,0.6713986352383186,-9.873718261718752,215,219,5.789969287787994,108.09145788221173
1394,69.7,ccurve,247,pure_pursuit,6.0,381.6402587890625,-179.37939453125,382.0921630859375,-179.09664916992188,102.11880493164062,0.22631107344605061,0.35,0.0,0.5330688819342769,-11.520210266113281,215,219,5.895467820463076,108.26018958512064
1395,69.75,ccurve,247,pure_pursuit,6.0,381.5504455566406,-179.10179138183594,382.0921630859375,-179.09664916992188,103.65975952148438,0.3685281984579991,0.35,0.0,0.5417419347723413,-13.061164855957033,215,220,5.829187668493726,108.42491749813706
1396,69.8,ccurve,247,pure_pursuit,6.0,381.4518737792969,-178.82638549804688,382.0921630859375,-179.09664916992188,105.2255859375,0.33822207683052385,0.35,0.0,0.6949912578829247,-14.626991271972656,215,220,5.893570929924002,108.583103751876
1397,69.85000000000001,ccurve,247,pure_pursuit,6.0,381.3421936035156,-178.5574188232422,382.0921630859375,-179.09664916992188,107.0638198852539,0.29862660863374335,0.35,0.0,0.9237010291996166,-16.465225219726566,215,220,5.799071669710314,108.72998657928335
1398,69.9,ccurve,247,pure_pursuit,6.0,381.22320556640625,-178.29107666015625,382.0921630859375,-179.09664916992188,108.87222290039062,0.25765950655708847,0.35,0.0,1.1849195074940706,-18.273628234863292,215,220,5.901801896901512,108.86972411746095
1399,69.95,ccurve,247,pure_pursuit,6.0,381.0981140136719,-178.0272674560547,382.0517578125,-177.27806091308594,110.5864486694336,0.21750335209675345,0.35,0.0,1.2127435586596709,-14.071144104003906,216,220,5.8377107792304725,109.00436105532557
1400,70.0,ccurve,247,pure_pursuit,6.0,380.9675598144531,-177.7637481689453,382.0517578125,-177.27806091308594,112.07219696044922,0.3945988799398826,0.35,0.0,1.1880140611428223,-15.556892395019522,216,221,5.940777902270924,109.13609647227948
1401,70.05,ccurve,247,pure_pursuit,6.0,380.8301086425781,-177.504638671875,382.0517578125,-177.27806091308594,113.64173889160156,0.3661584181584824,0.35,0.0,1.2424830683549297,-17.126434326171875,216,221,5.843023557261067,109.26080079764253
1402,70.10000000000001,ccurve,247,pure_pursuit,6.0,380.6805725097656,-177.25326538085938,382.0517578125,-177.27806091308594,115.49234771728516,0.32808388317211595,0.35,0.0,1.3714094767257363,-18.977043151855472,216,221,5.905733336519252,109.37272585611214
1403,70.15,ccurve,247,pure_pursuit,6.0,380.5221252441406,-177.0085906982422,382.0517578125,-177.27806091308594,117.45472717285156,0.2847093169560924,0.35,0.0,1.5531870431064105,-20.93942260742186,216,221,5.8328822095490604,109.47463035103596
1404,70.2,ccurve,247,pure_pursuit,6.0,380.3560485839844,-176.76675415039062,381.6592712402344,-175.9486541748047,119.26927947998047,0.4792780053891954,0.35,0.0,1.5387257266377972,-2.884460449218745,217,222,5.935536364490899,109.5704040100783
1405,70.25,ccurve,247,pure_pursuit,6.0,380.18206787109375,-176.53179931640625,381.6592712402344,-175.9486541748047,121.18754577636719,0.445981048636237,0.35,0.0,1.5881398080691511,-4.802726745605472,217,222,5.833290293687053,109.65665538745148
1406,70.3,ccurve,247,pure_pursuit,6.0,379.9959411621094,-176.30812072753906,380.8382568359375,-174.831787109375,123.40443420410156,0.402396155772348,0.35,0.0,1.6997225204420632,12.849899291992168,218,222,5.882957873473519,109.72735022983322
1407,70.35000000000001,ccurve,247,pure_pursuit,6.0,379.8006286621094,-176.09425354003906,380.8382568359375,-174.831787109375,125.7483901977539,0.3525318000531775,0.35,0.0,1.6341645313968687,10.505943298339842,218,222,5.809136069223674,109.78543522880366
1408,70.4,ccurve,247,pure_pursuit,6.0,379.59674072265625,-175.8856658935547,380.8382568359375,-174.831787109375,127.9389419555664,0.5401290627596576,0.35,0.0,1.628503224215733,8.31539154052734,218,223,5.915300945806514,109.83495459297752
1409,70.45,ccurve,247,pure_pursuit,6.0,379.3852233886719,-175.68634033203125,380.8382568359375,-174.831787109375,130.21897888183594,0.5001391622446829,0.35,0.0,1.6856949336178264,6.03535461425781,218,223,5.810255106196134,109.87325289479098
1410,70.5,ccurve,247,pure_pursuit,6.0,379.16314697265625,-175.5011749267578,380.8382568359375,-174.831787109375,132.7615966796875,0.4504932489867585,0.35,0.0,1.8039049598364802,3.4927368164062416,218,223,5.859378569291345,109.89464666730848
1411,70.55,ccurve,247,pure_pursuit,6.0,378.9331970214844,-175.32777404785156,379.427978515625,-173.5222625732422,135.38717651367188,0.39527721849818215,0.35,0.0,1.8720791681684161,3.3384399414062544,219,223,5.789534271359176,109.90264598414498
1412,70.60000000000001,ccurve,247,pure_pursuit,6.0,378.6950378417969,-175.16171264648438,379.427978515625,-173.5222625732422,137.8306121826172,0.34142591095919983,0.35,0.0,1.7958281025770366,0.8950042724609302,219,223,5.896230876739075,109.90066981070414
1413,70.65,ccurve,247,pure_pursuit,6.0,378.45135498046875,-175.0019073486328,379.427978515625,-173.5222625732422,140.07940673828125,0.28993426066373,0.35,0.0,1.7728909133846515,-1.3537902832031192,219,223,5.823698565483234,109.89116687283435
1414,70.7,ccurve,247,pure_pursuit,6.0,378.2017822265625,-174.8458709716797,379.427978515625,-173.5222625732422,142.0207977294922,0.4252975125798139,0.35,0.0,1.804299457330997,-3.2951812744140616,219,224,5.931268752828951,109.87597511676645
1415,70.75,ccurve,247,pure_pursuit,6.0,377.9488220214844,-174.69834899902344,379.427978515625,-173.5222625732422,144.02206420898438,0.38542754536867474,0.35,0.0,1.8897309901320083,-5.296447753906238,219,224,5.7918587038864136,109.85264292542625
1416,70.8,ccurve,247,pure_pursuit,6.0,377.6928405761719,-174.56065368652344,378.1444396972656,-172.65887451171875,146.119873046875,0.3410217391896916,0.35,0.0,1.954662578526904,7.300979614257836,220,224,5.791727173911639,109.82028186207299
1417,70.85000000000001,ccurve,247,pure_pursuit,6.0,377.43463134765625,-174.43234252929688,378.1444396972656,-172.65887451171875,148.1510772705078,0.2960452972835401,0.35,0.0,1.9102399594154837,5.269775390625018,220,224,5.760658966490316,109.77968180537773
1418,70.9,ccurve,247,pure_pursuit,6.0,377.1702575683594,-174.314697265625,378.1444396972656,-172.65887451171875,150.0205535888672,0.25227589424555785,0.35,0.0,1.921140237628162,3.4002990722656414,220,224,5.816424263659783,109.72753926717404
1419,70.95,ccurve,247,pure_pursuit,6.0,376.90240478515625,-174.2018585205078,378.1444396972656,-172.65887451171875,151.60311889648438,0.2143683614026902,0.35,0.0,1.9807701467553747,1.817733764648455,220,224,5.795039249356018,109.67020470392073
1420,71.0,ccurve,247,pure_pursuit,6.0,376.6326599121094,-174.09036254882812,376.683837890625,-172.14935302734375,153.0166778564453,0.31212532066901305,0.35,0.0,1.941684100974705,15.099395751953127,221,225,5.830550773352439,109.61143962075606
1421,71.05,ccurve,247,pure_pursuit,6.0,376.3634033203125,-173.9842987060547,376.683837890625,-172.14935302734375,154.37088012695312,0.28412667170399436,0.35,0.0,1.8627141374003955,13.74519348144533,221,225,5.730338135062539,109.54918119533018
1422,71.10000000000001,ccurve,247,pure_pursuit,6.0,376.09423828125,-173.8872833251953,376.683837890625,-172.14935302734375,155.94189453125,0.2490205436731546,0.35,0.0,1.835219174803264,12.174179077148441,221,225,5.674201674708205,109.48017544786245
1423,71.15,ccurve,247,pure_pursuit,6.0,375.8243713378906,-173.7982635498047,376.683837890625,-172.14935302734375,157.3811798095703,0.21569000377193587,0.35,0.0,1.8594592403038879,10.734893798828143,221,225,5.660895011370605,109.40482355844269
1424,71.2,ccurve,247,pure_pursuit,6.0,375.5544128417969,-173.7149200439453,375.0654602050781,-172.02174377441406,158.77386474609375,0.1823819485898672,0.35,0.0,1.7623622104034058,21.552261352539034,222,225,5.6445726276001205,109.32537009424476
1425,71.25,ccurve,247,pure_pursuit,6.0,375.2860107421875,-173.63658142089844,375.0654602050781,-172.02174377441406,159.92369079589844,0.1544340469772727,0.35,0.0,1.6298291824367452,20.402435302734393,222,225,5.615596027524677,109.24325932598147
1426,71.3,ccurve,247,pure_pursuit,6.0,375.0196533203125,-173.56077575683594,375.0654602050781,-172.02174377441406,160.9825439453125,0.12846530355043032,0.35,0.0,1.5397135167326867,19.343582153320327,222,225,5.590137024905918,109.16079976662601
1427,71.35000000000001,ccurve,247,pure_pursuit,6.0,374.75054931640625,-173.4864044189453,375.0654602050781,-172.02174377441406,161.85154724121094,0.20329088632651587,0.35,0.0,1.4981320607485866,18.474578857421825,222,226,5.666289135421309,109.076282124231
1428,71.4,ccurve,247,pure_pursuit,6.0,374.47808837890625,-173.41661071777344,375.0654602050781,-172.02174377441406,162.83648681640625,0.18139588907456664,0.35,0.0,1.513492468384699,17.48963928222655,222,226,5.620050666892525,108.98674747065219
1429,71.45,ccurve,247,pure_pursuit,6.0,374.2062683105469,-173.35528564453125,375.0654602050781,-172.02174377441406,163.85194396972656,0.15718499878523806,0.35,0.0,1.5863620743650688,16.474182128906243,222,226,5.608520172365957,108.89108730706783
1430,71.5,ccurve,247,pure_pursuit,6.0,373.936279296875,-173.2967987060547,373.0655212402344,-172.0331268310547,164.89987182617188,0.13166546619747282,0.35,0.0,1.534629010826582,15.426254272460923,223,226,5.569856080639462,108.79465147536001
1431,71.55,ccurve,247,pure_pursuit,6.0,373.6690673828125,-173.24032592773438,373.0655212402344,-172.0331268310547,165.7271728515625,0.1117200628090544,0.35,0.0,1.3496657383386406,14.598953247070286,223,226,5.544408148199297,108.69862262708999
1432,71.60000000000001,ccurve,247,pure_pursuit,6.0,373.4021911621094,-173.18519592285156,373.0655212402344,-172.0331268310547,166.5135955810547,0.0926718727078344,0.35,0.0,1.200254068340947,13.81253051757811,223,226,5.533122838269228,108.60224037409691
1433,71.65,ccurve,247,pure_pursuit,6.0,373.1346130371094,-173.13211059570312,373.0655212402344,-172.0331268310547,167.12681579589844,0.07781857323085299,0.35,0.0,1.1011534821977673,13.199310302734368,223,226,5.521848478850815,108.50435254341015
1434,71.7,ccurve,247,pure_pursuit,6.0,372.86566162109375,-173.07989501953125,373.0655212402344,-172.0331268310547,167.70608520507812,0.13232663535119427,0.35,0.0,1.065677018504922,12.620040893554686,223,227,5.533165115574941,108.40559686312707
1435,71.75,ccurve,247,pure_pursuit,6.0,372.5946044921875,-173.03204345703125,373.0655212402344,-172.0331268310547,168.2787322998047,0.11978176371189933,0.35,0.0,1.104353661307574,12.047393798828073,223,227,5.558248883503069,108.30262662889919
1436,71.8,ccurve,247,pure_pursuit,6.0,372.3221435546875,-172.98785400390625,373.0655212402344,-172.0331268310547,168.9892578125,0.10296604504371379,0.35,0.0,1.2100059330227129,11.336868286132814,223,227,5.551879636915091,108.19640617185743
1437,71.85000000000001,ccurve,247,pure_pursuit,6.0,372.0475769042969,-172.94708251953125,371.0655517578125,-172.0445098876953,169.61192321777344,0.08781585300741024,0.35,0.0,1.3337956155524386,10.714202880859371,224,227,5.565363665582717,108.08677164219198
1438,71.9,ccurve,247,pure_pursuit,6.0,371.7721862792969,-172.9080047607422,371.0655517578125,-172.0445098876953,170.23191833496094,0.07242360256697374,0.35,0.0,1.1157758478886746,10.094207763671893,224,227,5.562882416631492,107.97586472260544
1439,71.95,ccurve,247,pure_pursuit,6.0,371.4964294433594,-172.8705596923828,371.0655517578125,-172.0445098876953,170.69932556152344,0.060772724857418435,0.35,0.0,0.9316726140262408,9.626800537109382,224,227,5.563394899734853,107.86397638016051
1440,72.0,ccurve,247,pure_pursuit,6.0,371.22076416015625,-172.83363342285156,371.0655517578125,-172.0445098876953,171.15750122070312,0.04930416150564708,0.35,0.0,0.804243025197493,9.168624877929698,224,227,5.558409126049405,107.75229446413823
1441,72.05,ccurve,247,pure_pursuit,6.0,370.9450988769531,-172.79782104492188,371.0655517578125,-172.0445098876953,171.4730987548828,0.09036514984554311,0.35,0.0,0.7628804599079371,8.853027343750018,224,228,5.558557998792405,107.64026153735728
1442,72.10000000000001,ccurve,247,pure_pursuit,6.0,370.66937255859375,-172.7643585205078,371.0655517578125,-172.0445098876953,171.91177368164062,0.0804433481802885,0.35,0.0,0.8216690404631511,8.414352416992188,224,228,5.552123503056659,107.52678418565286
1443,72.15,ccurve,247,pure_pursuit,6.0,370.3934020996094,-172.73422241210938,371.0655517578125,-172.0445098876953,172.33119201660156,0.07046399029111958,0.35,0.0,0.9630620589329623,7.994934082031243,224,228,5.552962868792417,107.41092371036072
1444,72.2,ccurve,247,pure_pursuit,6.0,370.1173095703125,-172.7055206298828,371.0655517578125,-172.0445098876953,172.80401611328125,0.05883680556503219,0.35,0.0,1.1558972477872134,7.522109985351574,224,228,5.552310274983543,107.29436074468587
1445,72.25,ccurve,247,pure_pursuit,6.0,369.84088134765625,-172.678466796875,369.0655822753906,-172.05589294433594,173.15966796875,0.050023325941448635,0.35,0.0,0.9943273371084942,7.166458129882812,225,228,5.556464991202405,107.17680021869512
1446,72.3,ccurve,247,pure_pursuit,6.0,369.5643310546875,-172.65187072753906,369.0655822753906,-172.05589294433594,173.5337371826172,0.040661185839116105,0.35,0.0,0.7771356785798951,6.792388916015638,225,228,5.557381991876383,107.0593746402682
1447,72.35000000000001,ccurve,247,pure_pursuit,6.0,369.2874450683594,-172.62631225585938,369.0655822753906,-172.05589294433594,173.78457641601562,0.03437260010395435,0.35,0.0,0.6120468036537458,6.5415496826172035,225,228,5.561871646803096,106.94147664251149
1448,72.4,ccurve,247,pure_pursuit,6.0,369.010498046875,-172.6007843017578,369.0655822753906,-172.05589294433594,174.05999755859375,0.062448142281073135,0.35,0.0,0.5476685709662507,6.266128540039076,225,229,5.563602926934692,106.82411527392935
1449,72.45,ccurve,247,pure_pursuit,6.0,368.7332458496094,-172.57769775390625,369.0655822753906,-172.05589294433594,174.31163024902344,0.05687323954414179,0.35,0.0,0.61864994883356,6.014495849609379,225,229,5.565765994926635,106.70508320060163
1450,72.5,ccurve,247,pure_pursuit,6.0,368.4557189941406,-172.55625915527344,369.0655822753906,-172.05589294433594,174.66921997070312,0.048216740217723084,0.35,0.0,0.7888596623385983,5.656906127929704,225,229,5.5673120474999305,106.58507875108242
1451,72.55,ccurve,247,pure_pursuit,6.0,368.1779479980469,-172.5364990234375,369.0655822753906,-172.05589294433594,174.94140625,0.041536661901996924,0.35,0.0,1.0093942805390461,5.384719848632805,225,229,5.571949442850779,106.46408844025824
1452,72.60000000000001,ccurve,247,pure_pursuit,6.0,367.9000244140625,-172.51718139648438,367.06561279296875,-172.06727600097656,175.251708984375,0.033784464307262556,0.35,0.0,0.9479755367747319,5.074417114257813,226,229,5.574042116410841,106.3432295921889
1453,72.65,ccurve,247,pure_pursuit,6.0,367.6217956542969,-172.49884033203125,367.06561279296875,-172.06727600097656,175.45266723632812,0.02875726422705293,0.35,0.0,0.7039795075666764,4.873458862304695,226,229,5.578729445663988,106.2219636155674
1454,72.7,ccurve,247,pure_pursuit,6.0,367.3434143066406,-172.48052978515625,367.06561279296875,-172.06727600097656,175.68792724609375,0.02283429997431939,0.35,0.0,0.49794816109432183,4.638198852539073,226,229,5.581031677373722,106.10119042550484
1455,72.75,ccurve,247,pure_pursuit,6.0,367.0647888183594,-172.462890625,367.06561279296875,-172.06727600097656,175.81874084472656,0.01955334887979882,0.35,0.0,0.39561548209765846,4.507385253906266,226,229,5.5852819778967735,105.98030884580913
1456,72.8,ccurve,247,pure_pursuit,6.0,366.7860107421875,-172.44509887695312,367.06561279296875,-172.06727600097656,175.99209594726562,0.04114211432314471,0.35,0.0,0.47002918251134324,4.334030151367195,226,230,5.587784306514031,105.8600847279284
1457,72.85000000000001,ccurve,247,pure_pursuit,6.0,366.50701904296875,-172.42916870117188,367.06561279296875,-172.06727600097656,176.13629150390625,0.038103524286806585,0.35,0.0,0.6655774214873255,4.189834594726576,226,230,5.590597743709521,105.73872939345428
1458,72.9,ccurve,247,pure_pursuit,6.0,366.2278747558594,-172.41433715820312,367.06561279296875,-172.06727600097656,176.3833465576172,0.03215087894750486,0.35,0.0,0.9067835826013334,3.942779541015639,226,230,5.59282035905914,105.61693775330674
1459,72.95,ccurve,247,pure_pursuit,6.0,365.94842529296875,-172.40077209472656,365.0656433105469,-172.07867431640625,176.5534210205078,0.0280166699872287,0.35,0.0,0.9397079372270817,3.772705078125011,227,230,5.596867786806695,105.49448857374111
1460,73.0,ccurve,247,pure_pursuit,6.0,365.6688537597656,-172.387451171875,365.0656433105469,-172.07867431640625,176.7738800048828,0.02251495115274485,0.35,0.0,0.6776473954202551,3.5522460937500133,227,230,5.599198841506219,105.37236715507623
1461,73.05,ccurve,247,pure_pursuit,6.0,365.38909912109375,-172.37493896484375,365.0656433105469,-172.07867431640625,176.89794921875,0.019418635425218808,0.35,0.0,0.43863014407394685,3.428176879882824,227,230,5.603232179449238,105.25004982990482
1462,73.10000000000001,ccurve,247,pure_pursuit,6.0,365.1091613769531,-172.36227416992188,365.0656433105469,-172.07867431640625,177.0683135986328,0.015143910638751909,0.35,0.0,0.2869193249291911,3.257812500000015,227,230,5.605659324997614,105.12838385546118
1463,73.15,ccurve,247,pure_pursuit,6.0,364.82904052734375,-172.35023498535156,365.0656433105469,-172.07867431640625,177.14511108398438,0.031649147048809216,0.35,0.0,0.3601750601270035,3.181015014648438,227,231,5.60938686606232,105.00668665144437
1464,73.2,ccurve,247,pure_pursuit,6.0,364.54876708984375,-172.33892822265625,365.0656433105469,-172.07867431640625,177.32066345214844,0.027611659371521297,0.35,0.0,0.5786995103218331,3.0054626464843905,227,231,5.611254955404939,104.88487935021432
1465,73.25,ccurve,247,pure_pursuit,6.0,364.2682800292969,-172.3290557861328,365.0656433105469,-172.07867431640625,177.44590759277344,0.02465948922074839,0.35,0.0,0.8357506103307374,2.880218505859381,227,231,5.6146934734635945,104.76231339183515
1466,73.3,ccurve,247,pure_pursuit,6.0,363.9877014160156,-172.31944274902344,363.065673828125,-172.09005737304688,177.63624572753906,0.01994522289437007,0.35,0.0,0.9501328978323575,2.689880371093756,228,231,5.617042559897792,104.64008441955235
1467,73.35000000000001,ccurve,247,pure_pursuit,6.0,363.7068176269531,-172.31065368652344,363.065673828125,-172.09005737304688,177.7390594482422,0.017403124349070404,0.35,0.0,0.6780325245113312,2.5870666503906277,228,231,5.620745774505236,104.51759493651917
1468,73.4,ccurve,247,pure_pursuit,6.0,363.42584228515625,-172.30178833007812,363.065673828125,-172.09005737304688,177.89358520507812,0.013517350503045426,0.35,0.0,0.4177933886571692,2.432540893554695,228,231,5.623127625019232,104.3957437648648
1469,73.45,ccurve,247,pure_pursuit,6.0,363.14471435546875,-172.29351806640625,363.065673828125,-172.09005737304688,177.9582061767578,0.011899790543066406,0.35,0.0,0.2182742740339679,2.367919921875017,228,231,5.626631918441207,104.27390923829748
1470,73.5,ccurve,247,pure_pursuit,6.0,362.8634338378906,-172.28501892089844,363.065673828125,-172.09005737304688,178.0768585205078,0.022002750226284777,0.35,0.0,0.2809110513858029,2.249267578125012,228,232,5.629099700692593,104.1528257198812
1471,73.55,ccurve,247,pure_pursuit,6.0,362.58197021484375,-172.27769470214844,363.065673828125,-172.09005737304688,178.14382934570312,0.02060939410401319,0.35,0.0,0.5188226602353689,2.1822967529296937,228,232,5.632117148226753,104.03123253227123
1472,73.60000000000001,ccurve,247,pure_pursuit,6.0,362.3003845214844,-172.27072143554688,363.065673828125,-172.09005737304688,178.2958984375,0.016903092913720403,0.35,0.0,0.786325140344306,2.030227661132826,228,232,5.63450774284857,103.9098917465268
1473,73.65,ccurve,247,pure_pursuit,6.0,362.0186767578125,-172.2646484375,361.0657043457031,-172.1014404296875,178.37232971191406,0.015043250026781044,0.35,0.0,0.9668470779061628,1.9537963867187615,229,232,5.637829927543449,103.78831453822858
1474,73.7,ccurve,247,pure_pursuit,6.0,361.73675537109375,-172.25845336914062,361.0657043457031,-172.1014404296875,178.507568359375,0.011657372735075541,0.35,0.0,0.6891752620585855,1.8185577392578083,229,232,5.6401858504417755,103.66737418617562
1475,73.75,ccurve,247,pure_pursuit,6.0,361.4547119140625,-172.2528839111328,361.0657043457031,-172.1014404296875,178.5577392578125,0.010409034507518237,0.35,0.0,0.4174470221634723,1.7683868408203123,229,232,5.643443757127636,103.54644600882061
1476,73.8,ccurve,247,pure_pursuit,6.0,361.1725158691406,-172.24708557128906,361.0657043457031,-172.1014404296875,178.6651153564453,0.00770007847033222,0.35,0.0,0.18061342367382,1.6610107421874956,229,232,5.645847511478458,103.42628344513321
1477,73.85000000000001,ccurve,247,pure_pursuit,6.0,360.89019775390625,-172.24176025390625,361.0657043457031,-172.1014404296875,178.6892547607422,0.016440816160381375,0.35,0.0,0.2247047325557159,1.6368713378906221,229,233,5.648927592607812,103.30627391052074
1478,73.9,ccurve,247,pure_pursuit,6.0,360.60772705078125,-172.2366180419922,361.0657043457031,-172.1014404296875,178.79794311523438,0.01389114254430541,0.35,0.0,0.4775104077738562,1.5281829833984435,229,233,5.651193619326445,103.18666601371662
1479,73.95,ccurve,247,pure_pursuit,6.0,360.3251037597656,-172.232421875,361.0657043457031,-172.1014404296875,178.84593200683594,0.012787537503739508,0.35,0.0,0.7520939880806918,1.4801940917968774,229,233,5.65414454879652,103.06677593695231
1480,74.0,ccurve,247,pure_pursuit,6.0,360.0423889160156,-172.22817993164062,359.06573486328125,-172.11280822753906,178.9613494873047,0.00990998913039133,0.35,0.0,0.9834448478840986,1.3647766113281268,230,233,5.656491656371817,102.94752378608146
1481,74.05,ccurve,247,pure_pursuit,6.0,359.7594909667969,-172.2245330810547,359.06573486328125,-172.11280822753906,178.99720764160156,0.009034449912645385,0.35,0.0,0.702694794386774,1.3289184570312453,230,233,5.6595095621487435,102.8282949966549
1482,74.10000000000001,ccurve,247,pure_pursuit,6.0,359.4764709472656,-172.2206573486328,359.06573486328125,-172.11280822753906,179.09368896484375,0.00660365922950263,0.35,0.0,0.4246593500766396,1.232437133789058,230,233,5.661852856110837,102.70986135424123
1483,74.15,ccurve,247,pure_pursuit,6.0,359.19329833984375,-172.2172088623047,359.06573486328125,-172.11280822753906,179.10960388183594,0.006227387200654867,0.35,0.0,0.1648391127499081,1.216522216796875,230,233,5.671389960432603,102.59162043228736
1484,74.2,ccurve,247,pure_pursuit,6.0,358.9098815917969,-172.21334838867188,359.06573486328125,-172.11280822753906,179.18328857421875,0.011064237634996588,0.35,0.0,0.18546850469282972,1.142837524414056,230,234,5.68381395941308,102.47429480391605
1485,74.25,ccurve,247,pure_pursuit,6.0,358.6263122558594,-172.21041870117188,359.06573486328125,-172.11280822753906,179.20643615722656,0.010637174508153926,0.35,0.0,0.4501333496601438,1.1196899414062464,230,234,5.677675638931131,102.35671159511399
1486,74.3,ccurve,247,pure_pursuit,6.0,358.3420715332031,-172.20733642578125,359.06573486328125,-172.11280822753906,179.2956085205078,0.008495446155632025,0.35,0.0,0.7298110684024157,1.030517578125018,230,234,5.7174607864064955,102.23963580996218
1487,74.35000000000001,ccurve,247,pure_pursuit,6.0,358.05712890625,-172.204833984375,357.0657653808594,-172.1241912841797,179.31732177734375,0.008044005444334257,0.35,0.0,0.9946380671227698,1.0088043212890663,231,234,5.760574000351232,102.12239677183352
1488,74.4,ccurve,247,pure_pursuit,6.0,357.7716369628906,-172.20242309570312,357.0657653808594,-172.1241912841797,179.40321350097656,0.005870343056874739,0.35,0.0,0.710193569848065,0.9229125976562559,231,234,5.782660026052605,102.00550726330687
1489,74.45,ccurve,247,pure_pursuit,6.0,357.4853820800781,-172.2005615234375,357.0657653808594,-172.1241912841797,179.42535400390625,0.00527512871553162,0.35,0.0,0.4265097744572033,0.900772094726556,231,234,5.825040686818675,101.88846796889551
1490,74.5,ccurve,247,pure_pursuit,6.0,357.197998046875,-172.19873046875,357.0657653808594,-172.1241912841797,179.51634216308594,0.002834086433312313,0.35,0.0,0.15179449264715417,0.8097839355468851,231,234,5.816803505120683,101.77160706108114
1491,74.55,ccurve,247,pure_pursuit,6.0,356.90960693359375,-172.19712829589844,357.0657653808594,-172.1241912841797,179.51780700683594,0.007520207554997224,0.35,0.0,0.1723521636965201,0.8083190917968841,231,235,5.7775257444336106,101.65480362152788
1492,74.60000000000001,ccurve,247,pure_pursuit,6.0,356.6209411621094,-172.1951904296875,357.0657653808594,-172.1241912841797,179.6030731201172,0.0054344323051037395,0.35,0.0,0.45045473052171114,0.7230529785156246,231,235,5.7699705316972,101.53887998408035
1493,74.65,ccurve,247,pure_pursuit,6.0,356.3320617675781,-172.19406127929688,357.0657653808594,-172.1241912841797,179.6141815185547,0.005170885245722684,0.35,0.0,0.7370229361150424,0.7119445800781212,231,235,5.773551360418948,101.4228194088213
1494,74.7,ccurve,247,pure_pursuit,6.0,356.0426025390625,-172.19273376464844,355.0657958984375,-172.1355743408203,179.69032287597656,0.003218866149897347,0.35,0.0,0.978477599591049,0.635803222656263,232,235,5.784412307742639,101.30739833412245
1495,74.75,ccurve,247,pure_pursuit,6.0,355.7520751953125,-172.19189453125,355.0657958984375,-172.1355743408203,179.6903076171875,0.0031920873365048658,0.35,0.0,0.6885864050134018,0.6358184814453092,232,235,5.7970844269100805,101.1917994241139
1496,74.8,ccurve,247,pure_pursuit,6.0,355.4608459472656,-172.19044494628906,355.0657958984375,-172.1355743408203,179.750732421875,0.0016963735434586279,0.35,0.0,0.3988424807158976,0.575393676757806,232,235,5.808944102098208,101.07718500854533
1497,74.85000000000001,ccurve,247,pure_pursuit,6.0,355.1673889160156,-172.18972778320312,355.0657958984375,-172.1355743408203,179.7357635498047,0.0020370174322696956,0.35,0.0,0.11512487369173444,0.5903625488281398,232,235,5.85194065380713,100.96172875368303
1498,74.9,ccurve,247,pure_pursuit,6.0,354.8717956542969,-172.1889190673828,355.0657958984375,-172.1355743408203,179.77590942382812,0.004446548320372065,0.35,0.0,0.20120078175456974,0.550216674804705,232,236,5.870352317166744,100.84624112422105
1499,74.95,ccurve,247,pure_pursuit,6.0,354.5746154785156,-172.1886444091797,355.0657958984375,-172.1355743408203,179.77195739746094,0.004547300372004734,0.35,0.0,0.4940391047986973,0.5541687011718884,232,236,5.874448565731506,100.73037855136847
1500,75.0,ccurve,247,pure_pursuit,6.0,354.2762756347656,-172.18821716308594,355.0657958984375,-172.1355743408203,179.8252716064453,0.003152670463173742,0.35,0.0,0.791273349408785,0.5008544921875161,232,236,5.894441395533273,100.61495227688206
1501,75.05,ccurve,247,pure_pursuit,6.0,353.98095703125,-172.18850708007812,353.0658264160156,-172.14695739746094,179.81411743164062,0.0033217084133943856,0.35,0.0,0.9160733699135866,0.5120086669921832,233,236,5.853503211590886,100.50077851771927
1502,75.10000000000001,ccurve,247,pure_pursuit,6.0,353.6886901855469,-172.1881561279297,353.0658264160156,-172.14695739746094,179.8729248046875,0.0017623230002621938,0.35,0.0,0.6242248078912875,0.4532012939453199,233,236,5.8368965589313575,100.38910160348749
1503,75.15,ccurve,247,pure_pursuit,6.0,353.3970947265625,-172.18829345703125,353.0658264160156,-172.14695739746094,179.85317993164062,0.0021808059776703037,0.35,0.0,0.33383733073666466,0.4729461669921904,233,236,5.834223562043465,100.27795517530794
1504,75.2,ccurve,247,pure_pursuit,6.0,353.1054992675781,-172.18801879882812,353.0658264160156,-172.14695739746094,179.90147399902344,0.000878711010358794,0.35,0.0,0.05709618054946781,0.42465209960937184,233,236,5.8361052402123965,100.1679158672706
1505,75.25,ccurve,247,pure_pursuit,6.0,352.81378173828125,-172.1881561279297,353.0658264160156,-172.14695739746094,179.87657165527344,0.004145982156396893,0.35,0.0,0.25538961405362914,0.4495544433593889,233,237,5.839432781805505,100.05817760675328
1506,75.3,ccurve,247,pure_pursuit,6.0,352.5218811035156,-172.1880645751953,353.0658264160156,-172.14695739746094,179.92623901367188,0.0028737464180513127,0.35,0.0,0.5454963822538222,0.39988708496094766,233,237,5.842451218795911,99.94931463267919
1507,75.35000000000001,ccurve,247,pure_pursuit,6.0,352.22979736328125,-172.18849182128906,353.0658264160156,-172.14695739746094,179.9100341796875,0.0032517229128925166,0.35,0.0,0.8370601444213377,0.41609191894531145,233,237,5.845172472474343,99.84063663431093
1508,75.4,ccurve,247,pure_pursuit,6.0,351.9375305175781,-172.18862915039062,351.06585693359375,-172.15834045410156,179.96298217773438,0.001845511968398999,0.35,0.0,0.8721996572683667,0.36314392089845215,234,237,5.847150938129579,99.73289813892475
1509,75.45,ccurve,247,pure_pursuit,6.0,351.64520263671875,-172.189208984375,351.06585693359375,-172.15834045410156,179.94419860839844,0.0022498914106186293,0.35,0.0,0.5801674843445147,0.38192749023437655,234,237,5.84890821788477,99.62546621953216
1510,75.5,ccurve,247,pure_pursuit,6.0,351.3528137207031,-172.1894073486328,351.06585693359375,-172.15834045410156,179.99237060546875,0.0009525310691641687,0.35,0.0,0.28863359056761045,0.3337554931640793,234,237,5.850082524529063,99.51911055636141
1511,75.55,ccurve,247,pure_pursuit,6.0,351.0602722167969,-172.19003295898438,351.06585693359375,-172.15834045410156,179.9680938720703,0.0034958980734715386,0.35,0.0,0.03218080060297431,0.3580322265624947,234,238,5.851236003599761,99.41304752967152
1512,75.60000000000001,ccurve,247,pure_pursuit,6.0,350.7684020996094,-172.19053649902344,351.06585693359375,-172.15834045410156,-179.9971160888672,0.0025685150005351283,0.35,0.0,0.2991921850070344,0.3232421874999837,234,238,5.774800544978445,99.30808654042684
1513,75.65,ccurve,247,pure_pursuit,6.0,350.4725646972656,-172.19056701660156,351.06585693359375,-172.15834045410156,-179.94863891601562,0.001375162335630325,0.35,0.0,0.5941668360130798,0.274765014648485,234,238,5.9671805548307555,99.20291062119225
1514,75.7,ccurve,247,pure_pursuit,6.0,350.1759948730469,-172.19119262695312,351.06585693359375,-172.15834045410156,-179.87286376953125,-0.000665456777806162,0.35,0.0,0.8904682768419093,0.19898986816403802,234,238,5.926847549040054,99.09769167035398
1515,75.75,ccurve,247,pure_pursuit,6.0,349.8801574707031,-172.192138671875,349.0658874511719,-172.1697235107422,-179.8917236328125,-0.00025635165803407594,0.35,0.0,0.8145784825024733,0.21784973144534545,235,238,5.913356503005599,98.9932046002169
1516,75.8,ccurve,247,pure_pursuit,6.0,349.5848693847656,-172.19276428222656,349.0658874511719,-172.1697235107422,-179.85409545898438,-0.0012872206031295198,0.35,0.0,0.5194931419636863,0.18022155761721062,235,238,5.903731504524749,98.88998298597589
1517,75.85000000000001,ccurve,247,pure_pursuit,6.0,349.2899475097656,-172.1937713623047,349.0658874511719,-172.1697235107422,-179.892578125,-0.0003848689692661479,0.35,0.0,0.22534686379403357,0.2187042236328418,235,238,5.896444474614884,98.78730378056225
1518,75.9,ccurve,247,pure_pursuit,6.0,348.9950256347656,-172.1951141357422,349.0658874511719,-172.1697235107422,-179.851318359375,-8.365172154599887e-05,0.35,0.0,0.07527337419223153,0.17744445800782205,235,239,5.887142842685582,98.6850835571985
1519,75.95,ccurve,247,pure_pursuit,6.0,348.69970703125,-172.1962127685547,349.0658874511719,-172.1697235107422,-179.8976287841797,0.0010815501799761689,0.35,0.0,0.3671372777499144,0.2237548828124877,235,239,5.899724096074774,98.5837351514494
1520,76.0,ccurve,247,pure_pursuit,6.0,348.4047546386719,-172.1964569091797,349.0658874511719,-172.1697235107422,-179.87039184570312,0.0004575893701462065,0.35,0.0,0.6616730842010866,0.19651794433592723,235,239,5.897585594184272,98.48409586996664
1521,76.05,ccurve,247,pure_pursuit,6.0,348.1101989746094,-172.19732666015625,349.0658874511719,-172.1697235107422,-179.90847778320312,0.001448222421567706,0.35,0.0,0.9560870243298605,0.2346038818359533,235,239,5.892497350277451,98.38478216764518
1522,76.10000000000001,ccurve,247,pure_pursuit,6.0,347.8150634765625,-172.197998046875,347.06591796875,-172.1811065673828,-179.8602294921875,0.0001796675391917293,0.35,0.0,0.7493359152977278,0.18635559082034936,236,239,5.912433057407911,98.28624653817934
1523,76.15,ccurve,247,pure_pursuit,6.0,347.5206604003906,-172.1985321044922,347.06591796875,-172.1811065673828,-179.8970184326172,0.001212485036688421,0.35,0.0,0.45507617876348866,0.22314453125003392,236,239,5.911933003015256,98.1888689203567
1524,76.2,ccurve,247,pure_pursuit,6.0,347.2256164550781,-172.19935607910156,347.06591796875,-172.1811065673828,-179.85435485839844,6.0023152089218536e-05,0.35,0.0,0.16073783379611387,0.18048095703129927,236,239,5.90003320567148,98.0917957497441
1525,76.25,ccurve,247,pure_pursuit,6.0,346.9307861328125,-172.20046997070312,347.06591796875,-172.1811065673828,-179.88719177246094,0.0020785721546649647,0.35,0.0,0.13651210375635014,0.2133178710937751,236,240,5.895550482362007,97.99530916219325
1526,76.3,ccurve,247,pure_pursuit,6.0,346.6360778808594,-172.20123291015625,347.06591796875,-172.1811065673828,-179.8487548828125,0.0010976369359949915,0.35,0.0,0.43031101639541386,0.174880981445333,236,240,5.892713191421026,97.89998695448703
1527,76.35000000000001,ccurve,247,pure_pursuit,6.0,346.3415832519531,-172.20242309570312,347.06591796875,-172.1811065673828,-179.8782958984375,0.001843137435321669,0.35,0.0,0.7246483121741468,0.20442199707034475,236,240,5.890304997684199,97.80512235837178
1528,76.4,ccurve,247,pure_pursuit,6.0,346.0473327636719,-172.20372009277344,345.0659484863281,-172.19248962402344,-179.83380126953125,0.000587238451196828,0.35,0.0,0.9814485331620091,0.15992736816404524,237,240,5.868354907571459,97.71102858322374
1529,76.45,ccurve,247,pure_pursuit,6.0,345.7541198730469,-172.20530700683594,345.0659484863281,-172.19248962402344,-179.8709259033203,0.0014347478433263232,0.35,0.0,0.6882907400223902,0.19705200195315062,237,240,5.806379496499214,97.6177788472966
1530,76.5,ccurve,247,pure_pursuit,6.0,345.4607849121094,-172.2058563232422,345.0659484863281,-172.19248962402344,-179.83570861816406,0.0005880750739500632,0.35,0.0,0.39506261753260974,0.16183471679689138,237,240,5.794114134292924,97.52627071448272
1531,76.55,ccurve,247,pure_pursuit,6.0,345.16827392578125,-172.20689392089844,345.0659484863281,-172.19248962402344,-179.86976623535156,0.0014746810534142028,0.35,0.0,0.10333430857047568,0.1958923339843765,237,240,5.794452145339776,97.43534712315919
1532,76.60000000000001,ccurve,247,pure_pursuit,6.0,344.8764343261719,-172.20755004882812,345.0659484863281,-172.19248962402344,-179.8346710205078,0.001555192319424239,0.35,0.0,0.19011163377086218,0.16079711914063854,237,241,5.8026848691438255,97.34578476154228
1533,76.65,ccurve,247,pure_pursuit,6.0,344.5851135253906,-172.2085723876953,345.0659484863281,-172.19248962402344,-179.8572235107422,0.0021799202561979735,0.35,0.0,0.4811038504804265,0.18334960937501518,237,241,5.802049265026736,97.25682237591651
1534,76.7,ccurve,247,pure_pursuit,6.0,344.2940673828125,-172.2094268798828,345.0659484863281,-172.19248962402344,-179.82138061523438,0.0012845727911657938,0.35,0.0,0.772066906816077,0.1475067138672052,237,241,5.809578443959704,97.16889401942878
1535,76.75,ccurve,247,pure_pursuit,6.0,344.0033874511719,-172.21058654785156,343.06597900390625,-172.20387268066406,-179.8478240966797,0.0019877316587541536,0.35,0.0,0.9374324898453016,0.17395019531250452,238,241,5.812214668098814,97.0815751158248
1536,76.80000000000001,ccurve,247,pure_pursuit,6.0,343.71295166015625,-172.21153259277344,343.06597900390625,-172.20387268066406,-179.80661010742188,0.0009354009165273617,0.35,0.0,0.6470179998954465,0.13273620605472478,238,241,5.809843485344985,96.99532443591407
1537,76.85000000000001,ccurve,247,pure_pursuit,6.0,343.4226989746094,-172.21278381347656,343.06597900390625,-172.20387268066406,-179.83493041992188,0.0016680557963357297,0.35,0.0,0.35683125673970933,0.1610565185546763,238,241,5.805981645178106,96.90962840234197
1538,76.9,ccurve,247,pure_pursuit,6.0,343.1325988769531,-172.21380615234375,343.06597900390625,-172.20387268066406,-179.79397583007812,0.0006087158632872891,0.35,0.0,0.06735637567738406,0.12010192871093432,238,241,5.80273350828672,96.82498968233251
1539,76.95,ccurve,247,pure_pursuit,6.0,342.8469543457031,-172.21530151367188,343.06597900390625,-172.20387268066406,-179.82815551757812,0.002117171996839326,0.35,0.0,0.2193226370553578,0.15428161621094075,238,242,5.736007221162857,96.7419599898575
1540,77.0,ccurve,247,pure_pursuit,6.0,342.56451416015625,-172.21632385253906,343.06597900390625,-172.20387268066406,-179.7863006591797,0.001045086858954218,0.35,0.0,0.5016193987459743,0.11242675781251331,238,242,5.720640899832817,96.66105936734832
1541,77.05000000000001,ccurve,247,pure_pursuit,6.0,342.281982421875,-172.2178497314453,343.06597900390625,-172.20387268066406,-179.81915283203125,0.0018621027492846513,0.35,0.0,0.7841211632045294,0.1452789306640861,238,242,5.73394180231451,96.5804078654912
1542,77.10000000000001,ccurve,247,pure_pursuit,6.0,341.9979248046875,-172.21902465820312,341.0660095214844,-172.2152557373047,-179.78311157226562,0.0009159626253109222,0.35,0.0,0.9319229044466604,0.10923767089842265,239,242,5.734543075400964,96.50043198551532
1543,77.15,ccurve,247,pure_pursuit,6.0,341.7121276855469,-172.22055053710938,341.0660095214844,-172.2152557373047,-179.80825805664062,0.0015238492624551126,0.35,0.0,0.6461398585727918,0.13438415527343137,239,242,5.7457883439279085,96.4204133137697
1544,77.2,ccurve,247,pure_pursuit,6.0,341.4252624511719,-172.2214813232422,341.0660095214844,-172.2152557373047,-179.7678985595703,0.000523358886144587,0.35,0.0,0.35930686802414036,0.09402465820314798,239,242,5.762247895602191,96.34145971982879
1545,77.25,ccurve,247,pure_pursuit,6.0,341.13739013671875,-172.2228240966797,341.0660095214844,-172.2152557373047,-179.79576110839844,0.001246729203672439,0.35,0.0,0.07178072369980007,0.12188720703125917,239,242,5.765984896870157,96.26262945944973
1546,77.30000000000001,ccurve,247,pure_pursuit,6.0,340.8489685058594,-172.2238311767578,341.0660095214844,-172.2152557373047,-179.7561798095703,0.0007562683917385998,0.35,0.0,0.2172103603084938,0.08230590820313996,239,243,5.766087405839574,96.18477419756711
1547,77.35000000000001,ccurve,247,pure_pursuit,6.0,340.5605773925781,-172.22525024414062,341.0660095214844,-172.2152557373047,-179.78514099121094,0.0015185618950958825,0.35,0.0,0.5055309358462623,0.11126708984379008,239,243,5.763731309004934,96.10733189633751
1548,77.4,ccurve,247,pure_pursuit,6.0,340.2723693847656,-172.22634887695312,341.0660095214844,-172.2152557373047,-179.74325561523438,0.00045856870938407125,0.35,0.0,0.7937176603542445,0.0693817138672196,239,243,5.761236204522597,96.03105022170368
1549,77.45,ccurve,247,pure_pursuit,6.0,339.9842529296875,-172.22787475585938,339.0660705566406,-172.22665405273438,-179.7724609375,0.0012046172684571548,0.35,0.0,0.918183184495398,0.09858703613286139,240,243,5.759509243464604,95.95518416324596
1550,77.5,ccurve,247,pure_pursuit,6.0,339.6962890625,-172.22900390625,339.0660705566406,-172.22665405273438,-179.731689453125,0.00017302700278912065,0.35,0.0,0.6302228867148256,0.05781555175782502,240,243,5.758529484848362,95.88054635741695
1551,77.55000000000001,ccurve,247,pure_pursuit,6.0,339.4083557128906,-172.2305450439453,339.0660705566406,-172.22665405273438,-179.762451171875,0.0009547572872433205,0.35,0.0,0.3423072713245959,0.08857727050784607,240,243,5.758345679403339,95.80632483536182
1552,77.60000000000001,ccurve,247,pure_pursuit,6.0,339.12042236328125,-172.231689453125,339.0660705566406,-172.22665405273438,-179.72337341308594,-2.9449624091258302e-05,0.35,0.0,0.054584559558484985,0.0494995117187563,240,243,5.7586947659265135,95.73329610398173
1553,77.65,ccurve,247,pure_pursuit,6.0,338.8324890136719,-172.23324584960938,339.0660705566406,-172.22665405273438,-179.75550842285156,0.0011410310164081182,0.35,0.0,0.2336745364854786,0.0816345214844001,240,244,5.759519965667959,95.66067892491249
1554,77.7,ccurve,247,pure_pursuit,6.0,338.5444030761719,-172.23443603515625,339.0660705566406,-172.22665405273438,-179.716796875,0.00016067560264139722,0.35,0.0,0.5217255211593813,0.04292297363282331,240,244,5.760632036786638,95.58919214611474
1555,77.75,ccurve,247,pure_pursuit,6.0,338.2563171386719,-172.2360382080078,339.0660705566406,-172.22665405273438,-179.74826049804688,0.0009682764601881486,0.35,0.0,0.8098077921842127,0.07438659667972726,240,244,5.761979704546291,95.51812080013393
1556,77.80000000000001,ccurve,247,pure_pursuit,6.0,337.96820068359375,-172.23727416992188,337.06610107421875,-172.238037109375,-179.7095947265625,-1.576382047055156e-05,0.35,0.0,0.9020999319981887,0.03573608398436022,241,244,5.7634676225813815,95.44821462029384
1557,77.85000000000001,ccurve,247,pure_pursuit,6.0,337.6799011230469,-172.23892211914062,337.06610107421875,-172.238037109375,-179.74168395996094,0.0007961358935871749,0.35,0.0,0.6138006868550197,0.0678253173828149,241,244,5.765067831751749,95.37868413921963
1558,77.9,ccurve,247,pure_pursuit,6.0,337.3916320800781,-172.24017333984375,337.06610107421875,-172.238037109375,-179.70396423339844,-0.00016174120243043095,0.35,0.0,0.3255380150711005,0.03010559082030182,241,244,5.766721104208658,95.31036805938824
1559,77.95,ccurve,247,pure_pursuit,6.0,337.1032409667969,-172.24183654785156,337.06610107421875,-172.238037109375,-179.7369842529297,0.0006672491642849944,0.35,0.0,0.037333729434009776,0.06312561035155957,241,244,5.768422566328934,95.24244651359592
1560,78.0,ccurve,247,pure_pursuit,6.0,336.8147277832031,-172.24305725097656,337.06610107421875,-172.238037109375,-179.7001190185547,-8.499520702524991e-06,0.35,0.0,0.25142341429891896,0.026260375976568273,241,245,5.770147166519523,95.17575394040892
1561,78.05000000000001,ccurve,247,pure_pursuit,6.0,336.5262145996094,-172.24472045898438,337.06610107421875,-172.238037109375,-179.7332305908203,0.000842782473169185,0.35,0.0,0.5399278402047263,0.05937194824217882,241,245,5.771877792216006,95.10945842762605
1562,78.10000000000001,ccurve,247,pure_pursuit,6.0,336.2375183105469,-172.24598693847656,337.06610107421875,-172.238037109375,-179.69578552246094,-0.00010527007180910158,0.35,0.0,0.8286209000724435,0.021926879882800468,241,245,5.773616915072388,95.04433927645071
1563,78.15,ccurve,247,pure_pursuit,6.0,335.9488525390625,-172.24765014648438,335.0661315917969,-172.24942016601562,-179.72865295410156,0.0007378080479142613,0.35,0.0,0.8827227218728786,0.05479431152344477,242,245,5.775345089357933,94.97967234681508
1564,78.2,ccurve,247,pure_pursuit,6.0,335.6599426269531,-172.2489471435547,335.0661315917969,-172.24942016601562,-179.69215393066406,-0.00018665913120848165,0.35,0.0,0.5938112235581151,0.018295288085941004,242,245,5.779620037910874,94.9161447688844
1565,78.25,ccurve,247,pure_pursuit,6.0,335.3711242675781,-172.25015258789062,335.0661315917969,-172.24942016601562,-179.72711181640625,0.0008209356406264853,0.35,0.0,0.30499355521389243,0.05325317382811161,242,245,5.784726985006066,94.85356346285477
1566,78.30000000000001,ccurve,247,pure_pursuit,6.0,335.0821533203125,-172.25015258789062,335.0661315917969,-172.24942016601562,-179.70050048828125,0.0005002739499030367,0.35,0.0,0.016038460849825017,0.026641845703127325,242,245,5.81304651367599,94.7929680958693
1567,78.35000000000001,ccurve,247,pure_pursuit,6.0,334.7931213378906,-172.250244140625,335.0661315917969,-172.24942016601562,-179.737060546875,0.0018286908890721976,0.35,0.0,0.2730114973258672,0.06320190429686628,242,246,5.825953885432464,94.73311330651474
1568,78.4,ccurve,247,pure_pursuit,6.0,334.5037841796875,-172.2506866455078,335.0661315917969,-172.24942016601562,-179.69564819335938,0.0009773675744526556,0.35,0.0,0.5623488382458128,0.021789550781258545,242,246,5.832812992141056,94.67369761579695
1569,78.45,ccurve,247,pure_pursuit,6.0,334.2139892578125,-172.252685546875,335.0661315917969,-172.24942016601562,-179.70050048828125,0.001048166374009274,0.35,0.0,0.8521485903764054,0.026641845703127325,242,246,5.859724359554124,94.61351299786101
1570,78.5,ccurve,247,pure_pursuit,6.0,333.9237365722656,-172.2570343017578,333.066162109375,-172.26080322265625,-179.6017608642578,-0.0021713835289401597,0.35,0.0,0.8575827447931089,-0.07209777832032208,243,246,5.844838690144574,94.55178430686647
1571,78.55000000000001,ccurve,247,pure_pursuit,6.0,333.63275146484375,-172.2638397216797,333.066162109375,-172.26080322265625,-179.56524658203125,-0.0043541574802084485,0.35,0.0,0.5665974921024738,-0.10861206054687192,243,246,5.867855040572112,94.48835510276632
1572,78.60000000000001,ccurve,247,pure_pursuit,6.0,333.3412170410156,-172.2684783935547,333.066162109375,-172.26080322265625,-179.49301147460938,-0.00707349185178609,0.35,0.0,0.275161995319392,-0.18084716796876135,243,246,5.881512775172374,94.42780281049309
1573,78.65,ccurve,247,pure_pursuit,6.0,333.04913330078125,-172.27064514160156,333.066162109375,-172.26080322265625,-179.54673767089844,-0.005253100817738029,0.35,0.0,0.01966834234623434,-0.127120971679687,243,247,5.844640182407937,94.37043749538951
1574,78.7,ccurve,247,pure_pursuit,6.0,332.75634765625,-172.2704315185547,333.066162109375,-172.26080322265625,-179.5464630126953,-0.0049578033701622014,0.35,0.0,0.309964029279287,-0.12739562988282174,243,247,5.847271403806756,94.31615175463101
1575,78.75,ccurve,247,pure_pursuit,6.0,332.4632263183594,-172.27114868164062,333.066162109375,-172.26080322265625,-179.61141967773438,-0.003090979039077597,0.35,0.0,0.6030245406359801,-0.06243896484374819,243,247,5.849362447749944,94.2617678890335
1576,78.80000000000001,ccurve,247,pure_pursuit,6.0,332.1692199707031,-172.27149963378906,333.066162109375,-172.26080322265625,-179.6089324951172,-0.0029318304264935326,0.35,0.0,0.8970059159985508,-0.0649261474609305,243,247,5.867881559838263,94.20846690944126
1577,78.85000000000001,ccurve,247,pure_pursuit,6.0,331.87359619140625,-172.27206420898438,331.0661926269531,-172.27218627929688,-179.6859893798828,-0.0006781459841158794,0.35,0.0,0.8074035736809522,0.012130737304684667,244,247,5.870856242242486,94.15555952114538
1578,78.9,ccurve,247,pure_pursuit,6.0,331.5767517089844,-172.27273559570312,331.0661926269531,-172.27218627929688,-179.69830322265625,-0.0001564664870119877,0.35,0.0,0.5105593775390938,0.024444580078125822,244,247,5.890506926975671,94.10323528516756
1579,78.95,ccurve,247,pure_pursuit,6.0,331.2794494628906,-172.274658203125,331.0661926269531,-172.27218627929688,-179.7659149169922,0.0015512073721351432,0.35,0.0,0.21327116186087103,0.09205627441406664,244,247,5.896151261099665,94.05050814892417
1580,79.0,ccurve,247,pure_pursuit,6.0,330.98175048828125,-172.2780303955078,331.0661926269531,-172.27218627929688,-179.74391174316406,0.000834710727680111,0.35,0.0,0.08464412843054803,0.070053100585934,244,248,5.8906368064749595,93.99719641000743
1581,79.05000000000001,ccurve,247,pure_pursuit,6.0,330.68408203125,-172.2841033935547,331.0661926269531,-172.27218627929688,-179.75328063964844,0.0001659808281415102,0.35,0.0,0.38229638366172236,0.07942199707030163,244,248,5.9002782261922695,93.94213834672873
1582,79.10000000000001,ccurve,247,pure_pursuit,6.0,330.3869934082031,-172.28863525390625,331.0661926269531,-172.27218627929688,-179.69256591796875,-0.0021251674282344924,0.35,0.0,0.6793983717351038,0.018707275390617655,244,248,5.89102927389955,93.88960627327282
1583,79.15,ccurve,247,pure_pursuit,6.0,330.0909729003906,-172.29124450683594,331.0661926269531,-172.27218627929688,-179.72254943847656,-0.0016372029038384706,0.35,0.0,0.9754059314529351,0.048690795898423636,244,248,5.867756343427637,93.8400521692416
1584,79.2,ccurve,247,pure_pursuit,6.0,329.79742431640625,-172.29150390625,329.0662536621094,-172.2835693359375,-179.70335388183594,-0.001956704003535783,0.35,0.0,0.7312137054999477,0.029495239257797165,245,248,5.859069054708173,93.79410895491645
1585,79.25,ccurve,247,pure_pursuit,6.0,329.5047912597656,-172.29254150390625,329.0662536621094,-172.2835693359375,-179.75595092773438,-0.0005297376284918836,0.35,0.0,0.43862937014770736,0.08209228515624044,245,248,5.85365197442583,93.7484314242161
1586,79.30000000000001,ccurve,247,pure_pursuit,6.0,329.21240234375,-172.29359436035156,329.0662536621094,-172.2835693359375,-179.73178100585938,-0.0011515987336863792,0.35,0.0,0.14649210988922,0.05792236328124934,245,248,5.854252560922334,93.70366657081557
1587,79.35000000000001,ccurve,247,pure_pursuit,6.0,328.9197998046875,-172.29522705078125,329.0662536621094,-172.2835693359375,-179.7742919921875,0.0005713815323099631,0.35,0.0,0.14691710135013242,0.10043334960937056,245,249,5.855373572686276,93.65918844671185
1588,79.4,ccurve,247,pure_pursuit,6.0,328.6271667480469,-172.29661560058594,329.0662536621094,-172.2835693359375,-179.74351501464844,-0.00027486476575845224,0.35,0.0,0.43928068831011263,0.06965637207030344,245,249,5.854833200533479,93.61584111367353
1589,79.45,ccurve,247,pure_pursuit,6.0,328.33465576171875,-172.29730224609375,329.0662536621094,-172.2835693359375,-179.78982543945312,0.001079934059299758,0.35,0.0,0.7317267800739088,0.11596679687499453,245,249,5.835485496775203,93.57410093407368
1590,79.5,ccurve,247,pure_pursuit,6.0,328.04241943359375,-172.2982635498047,327.0662841796875,-172.29495239257812,-179.75047302246094,0.00010001988963926097,0.35,0.0,0.9761408697932887,0.07661437988282092,246,249,5.823950002283334,93.53302209727661
1591,79.55000000000001,ccurve,247,pure_pursuit,6.0,327.7503356933594,-172.3012237548828,327.0662841796875,-172.29495239257812,-179.75897216796875,-5.4853399494997506e-05,0.35,0.0,0.6840802608919073,0.08511352539062068,246,249,5.818609501704406,93.4908777162676
1592,79.60000000000001,ccurve,247,pure_pursuit,6.0,327.4587097167969,-172.30477905273438,327.0662841796875,-172.29495239257812,-179.6912384033203,-0.002420132832639637,0.35,0.0,0.3925485516791622,0.017379760742184017,246,249,5.804462541295165,93.44909663499953
1593,79.65,ccurve,247,pure_pursuit,6.0,327.1675109863281,-172.30807495117188,327.0662841796875,-172.29495239257812,-179.7073974609375,-0.002537126152552546,0.35,0.0,0.1020738356617644,0.033538818359384166,246,249,5.803335968889087,93.40851887581277
1594,79.7,ccurve,247,pure_pursuit,6.0,326.8766784667969,-172.3101348876953,327.0662841796875,-172.29495239257812,-179.67739868164062,-0.001987806688941774,0.35,0.0,0.19021260346976365,0.0035400390625066626,246,250,5.808446333980886,93.37010352590197
1595,79.75,ccurve,247,pure_pursuit,6.0,326.586181640625,-172.3118896484375,327.0662841796875,-172.29495239257812,-179.72512817382812,-0.0008168765983929993,0.35,0.0,0.48040120592095237,0.05126953125000963,246,250,5.803582145054487,93.33292206606045
1596,79.80000000000001,ccurve,247,pure_pursuit,6.0,326.2958679199219,-172.31298828125,327.0662841796875,-172.29495239257812,-179.7099151611328,-0.001192937713922033,0.35,0.0,0.7706273461222611,0.03605651855468407,246,250,5.809185967323575,93.29730342984097
1597,79.85000000000001,ccurve,247,pure_pursuit,6.0,326.0057678222656,-172.31411743164062,325.0662841796875,-172.3063507080078,-179.7667999267578,0.0003491237081304837,0.35,0.0,0.9395157458328469,0.09294128417968059,247,250,5.807024338160222,93.26256902097396
1598,79.9,ccurve,247,pure_pursuit,6.0,325.7158203125,-172.3150177001953,325.0662841796875,-172.3063507080078,-179.75216674804688,3.92009578317961e-05,0.35,0.0,0.6495939536222577,0.07830810546874209,247,250,5.807282466099745,93.2289688324146
1599,79.95,ccurve,247,pure_pursuit,6.0,325.4268798828125,-172.31585693359375,325.0662841796875,-172.3063507080078,-179.81578063964844,0.0018369935231990087,0.35,0.0,0.360720985579026,0.14192199707031047,247,250,5.784580252642572,93.19642825294781
1600,80.0,ccurve,247,pure_pursuit,6.0,325.13916015625,-172.31646728515625,325.0662841796875,-172.3063507080078,-179.818359375,0.002073739039175665,0.35,0.0,0.0735748128991052,0.14450073242187103,247,250,5.781946881337643,93.16512839974136
1601,80.05000000000001,ccurve,247,pure_pursuit,6.0,324.8515930175781,-172.31842041015625,325.0662841796875,-172.3063507080078,-179.88414001464844,0.06013116357951688,0.35,0.0,0.2150301671808538,0.21028137207029787,247,251,5.786513661460128,93.13338670625278
1602,80.10000000000001,ccurve,247,pure_pursuit,6.0,324.56512451171875,-172.32362365722656,325.0662841796875,-172.3063507080078,-179.72549438476562,0.057376732233603796,0.35,0.0,0.5014572440131474,0.05163574218749716,247,251,5.761660508279652,93.09939713094094
1603,80.15,ccurve,247,pure_pursuit,6.0,324.2787780761719,-172.33204650878906,325.0662841796875,-172.3063507080078,-179.49710083007812,0.05215080718608665,0.35,0.0,0.7879252104433212,-0.17675781250001069,247,251,5.76675321355912,93.06308421181232
1604,80.2,ccurve,247,pure_pursuit,6.0,323.9917297363281,-172.3412628173828,323.0663146972656,-172.31773376464844,-179.162109375,0.04397787314474908,0.35,0.0,0.9257141085916458,-0.5117645263671661,248,251,5.768171852325776,93.02678400159121
1605,80.25,ccurve,247,pure_pursuit,6.0,323.7041320800781,-172.3514862060547,323.0663146972656,-172.31773376464844,-178.90757751464844,0.03776884513970136,0.35,0.0,0.6387098254439723,-0.7662963867187209,248,251,5.773182094450219,92.99030421333582
1606,80.30000000000001,ccurve,247,pure_pursuit,6.0,323.4161376953125,-172.36181640625,323.0663146972656,-172.31773376464844,-178.61485290527344,0.1604783126760989,0.35,0.0,0.35258957621160003,-1.059020996093726,248,252,5.774979360325088,92.95456018585716
1607,80.35000000000001,ccurve,247,pure_pursuit,6.0,323.1282653808594,-172.37620544433594,323.0663146972656,-172.31773376464844,-178.25299072265625,0.15599737022226146,0.35,0.0,0.08518699738346532,-1.4208831787109082,248,252,5.773462647264692,92.91566183073175
1608,80.4,ccurve,247,pure_pursuit,6.0,322.8411865234375,-172.39767456054688,323.0663146972656,-172.31773376464844,-177.54141235351562,0.1411132699336039,0.35,0.0,0.2389000324404794,-2.1324615478515674,248,252,5.775051989108583,92.87064876283824
1609,80.45,ccurve,247,pure_pursuit,6.0,322.5546875,-172.4253692626953,323.0663146972656,-172.31773376464844,-176.79208374023438,0.12404689585887052,0.35,0.0,0.5228267298270791,-2.8817901611328316,248,252,5.806649394304122,92.82034494753307
1610,80.5,ccurve,247,pure_pursuit,6.0,322.2679443359375,-172.4548797607422,323.0663146972656,-172.31773376464844,-176.00877380371094,0.10585249546291713,0.35,0.0,0.810064354290292,-3.665100097656249,248,252,5.81736796897816,92.76907795114052
1611,80.55000000000001,ccurve,247,pure_pursuit,6.0,321.9810791015625,-172.48782348632812,321.0663757324219,-172.3291015625,-175.34756469726562,0.2658369503621479,0.35,0.0,0.9283721789352111,-4.326309204101559,249,253,5.831952260541024,92.71524563408047
1612,80.60000000000001,ccurve,247,pure_pursuit,6.0,321.695068359375,-172.5270233154297,321.0663757324219,-172.3291015625,-174.51239013671875,0.25215039073475354,0.35,0.0,0.6591110979705784,-5.161483764648419,249,253,5.837221790684593,92.65609902992205
1613,80.65,ccurve,247,pure_pursuit,6.0,321.4115295410156,-172.57562255859375,321.0663757324219,-172.3291015625,-173.4373016357422,0.23065721907586023,0.35,0.0,0.4241506254879577,-6.236572265624967,249,253,5.831138259304738,92.58859742745
1614,80.7,ccurve,247,pure_pursuit,6.0,321.1296081542969,-172.63197326660156,321.0663757324219,-172.3291015625,-172.15028381347656,0.20217749525650688,0.35,0.0,0.30940201731980094,-7.523590087890621,249,253,5.840415570121627,92.51430589146824
1615,80.75,ccurve,247,pure_pursuit,6.0,320.8481140136719,-172.69444274902344,321.0663757324219,-172.3291015625,-170.95225524902344,0.3907693394835656,0.35,0.0,0.4255729789848708,-8.721618652343727,249,254,5.860798736761874,92.43476632438029
1616,80.80000000000001,ccurve,247,pure_pursuit,6.0,320.56842041015625,-172.7646484375,321.0663757324219,-172.3291015625,-169.55838012695312,0.36760600874289195,0.35,0.0,0.66155920619014,-10.11549377441402,249,254,5.836560322638061,92.34843653334967
1617,80.85000000000001,ccurve,247,pure_pursuit,6.0,320.2942810058594,-172.8489227294922,321.0663757324219,-172.3291015625,-167.8347930908203,0.33352945885774216,0.35,0.0,0.9307761881562835,-11.839080810546857,249,254,5.799448694060974,92.24917685975836
1618,80.9,ccurve,247,pure_pursuit,6.0,320.0231628417969,-172.9433135986328,319.1300354003906,-172.3436737060547,-165.8914031982422,0.5563293332250521,0.35,0.0,1.0757530512919682,-11.699447631835952,250,255,5.797451497409097,92.14075276292866
1619,80.95,ccurve,247,pure_pursuit,6.0,319.756103515625,-173.05007934570312,319.1300354003906,-172.3436737060547,-163.81466674804688,0.5243766242652167,0.35,0.0,0.943912184813948,-13.776184082031246,250,255,5.765447967825106,92.02093033039833
1620,81.0,ccurve,247,pure_pursuit,6.0,319.49951171875,-173.17173767089844,319.1300354003906,-172.3436737060547,-161.32366943359375,0.4796013616391464,0.35,0.0,0.9067539245578976,-16.26718139648439,250,255,5.678503787248281,91.88744727445827
1621,81.05000000000001,ccurve,247,pure_pursuit,6.0,319.25213623046875,-173.30775451660156,319.1300354003906,-172.3436737060547,-158.7132568359375,0.6985770924085897,0.35,0.0,0.9717820856398243,-18.87759399414063,250,256,5.683180034953208,91.7406956284771
1622,81.10000000000001,ccurve,247,pure_pursuit,6.0,319.0127868652344,-173.45700073242188,319.1300354003906,-172.3436737060547,-155.85360717773438,0.6564767672945839,0.35,0.0,1.1194839376408625,-21.73724365234376,250,256,5.625772699005423,91.58168143862324
1623,81.15,ccurve,247,pure_pursuit,6.0,318.7886047363281,-173.62196350097656,319.1300354003906,-172.3436737060547,-152.7623291015625,0.6050963340845459,0.35,0.0,1.323102300717359,-24.82852172851563,250,256,5.56530463855574,91.40812595951003
1624,81.2,ccurve,247,pure_pursuit,6.0,318.57733154296875,-173.79937744140625,317.65228271484375,-172.61668395996094,-149.5299835205078,0.545892559273909,0.35,0.0,1.5014923261437834,-11.944259643554672,251,256,5.542026239985836,91.22310285635943
1625,81.25,ccurve,247,pure_pursuit,6.0,318.37451171875,-173.9875946044922,317.65228271484375,-172.61668395996094,-146.45501708984375,0.4857885598861136,0.35,0.0,1.5495195156475123,-15.019226074218727,251,256,5.567560387881745,91.02802364886925
1626,81.30000000000001,ccurve,247,pure_pursuit,6.0,318.178466796875,-174.18435668945312,317.65228271484375,-172.61668395996094,-143.53506469726562,0.6292336581687566,0.35,0.0,1.6536225309835841,-17.939178466796868,251,257,5.582385202433964,90.82503884936584
1627,81.35000000000001,ccurve,247,pure_pursuit,6.0,317.9931335449219,-174.39015197753906,317.65228271484375,-172.61668395996094,-140.70838928222656,0.580667573006306,0.35,0.0,1.8059258284152844,-20.76585388183593,251,257,5.550822792405356,90.61373400787942
1628,81.4,ccurve,247,pure_pursuit,6.0,317.8222961425781,-174.60455322265625,317.65228271484375,-172.61668395996094,-137.70509338378906,0.5240276521078117,0.35,0.0,1.9951262544457673,-23.769149780273438,251,257,5.538300356990709,90.39457739355464
1629,81.45,ccurve,247,pure_pursuit,6.0,317.6623229980469,-174.82662963867188,316.3083801269531,-173.28919982910156,-134.8623046875,0.4670149295556685,0.35,0.0,2.0486219069269453,-10.495330810546871,252,257,5.541705990133592,90.1683277334431
1630,81.5,ccurve,247,pure_pursuit,6.0,317.5108642578125,-175.05479431152344,316.3083801269531,-173.28919982910156,-132.13172912597656,0.4091982276852991,0.35,0.0,2.1361863124098504,-13.225906372070305,252,257,5.544832841908769,89.93646015185539
1631,81.55000000000001,ccurve,247,pure_pursuit,6.0,317.36572265625,-175.2890167236328,316.3083801269531,-173.28919982910156,-129.6972198486328,0.35567174571606996,0.35,0.0,2.2621319227473284,-15.660415649414057,252,257,5.574990761963269,89.69891534134037
1632,81.60000000000001,ccurve,247,pure_pursuit,6.0,317.2248840332031,-175.52796936035156,315.2666931152344,-174.25711059570312,-127.46249389648438,0.30502379526705325,0.35,0.0,2.3344364782317486,0.8166198730468559,253,257,5.597463509221798,89.45694973129864
1633,81.65,ccurve,247,pure_pursuit,6.0,317.0884094238281,-175.7719268798828,315.2666931152344,-174.25711059570312,-125.53690338134766,0.42524918301957365,0.35,0.0,2.3692443275889454,-1.1089706420898506,253,258,5.636879206783653,89.21027156925463
1634,81.7,ccurve,247,pure_pursuit,6.0,316.95953369140625,-176.01953125,314.68060302734375,-175.46119689941406,-123.55811309814453,0.38528818009810517,0.35,0.0,2.3463295204741743,18.29239654541016,254,258,5.6064274455399055,88.96027928214836
1635,81.75,ccurve,247,pure_pursuit,6.0,316.84197998046875,-176.2718505859375,314.68060302734375,-175.46119689941406,-121.50965881347656,0.3409688747213072,0.35,0.0,2.3083998208659495,16.2439422607422,254,258,5.6050245310444495,88.70593715049317
1636,81.80000000000001,ccurve,247,pure_pursuit,6.0,316.7320861816406,-176.5282745361328,314.55804443359375,-176.96795654296875,-119.4499740600586,0.2942041218846464,0.35,0.0,2.218057210575505,29.96092987060546,255,258,5.631032735647623,88.4477555348805
1637,81.85000000000001,ccurve,247,pure_pursuit,6.0,316.62689208984375,-176.78982543945312,314.55804443359375,-176.96795654296875,-117.6107406616211,0.25136668311456395,0.35,0.0,2.0765021827127494,28.121696472167955,255,258,5.6745300271762735,88.18464249778835
1638,81.9,ccurve,247,pure_pursuit,6.0,316.5252990722656,-177.05343627929688,314.55804443359375,-176.96795654296875,-115.94727325439453,0.21193489201505708,0.35,0.0,1.9691108650095694,26.458229064941396,255,258,5.6840206567047975,87.91963460704342
1639,81.95,ccurve,247,pure_pursuit,6.0,316.4266052246094,-177.32015991210938,314.55804443359375,-176.96795654296875,-114.56841278076172,0.2972383372699387,0.35,0.0,1.9014643417521522,25.079368591308587,255,259,5.715301483041117,87.65165928249067
1640,82.0,ccurve,247,pure_pursuit,6.0,316.3341064453125,-177.5886688232422,314.55804443359375,-176.96795654296875,-113.11195373535156,0.2657037659931552,0.35,0.0,1.8814037324170225,23.62290954589844,255,259,5.686697380373481,87.38207266196176
1641,82.05000000000001,ccurve,247,pure_pursuit,6.0,316.2507019042969,-177.8592987060547,314.55804443359375,-176.96795654296875,-111.6471939086914,0.23217018781625795,0.35,0.0,1.9130029181425257,22.158149719238274,255,259,5.680683636826092,87.11055105249528
1642,82.10000000000001,ccurve,247,pure_pursuit,6.0,316.1729431152344,-178.1321258544922,314.57586669921875,-178.96852111816406,-110.18404388427734,0.19742156306703953,0.35,0.0,1.8028339123962749,20.69496917724612,256,259,5.687727327330069,86.83696060352437
1643,82.15,ccurve,247,pure_pursuit,6.0,316.0999450683594,-178.4070281982422,314.57586669921875,-178.96852111816406,-108.9329605102539,0.16708475647770854,0.35,0.0,1.6242195585587376,19.443885803222653,256,259,5.699951527841487,86.56140157981014
1644,82.2,ccurve,247,pure_pursuit,6.0,316.028564453125,-178.68316650390625,314.57586669921875,-178.96852111816406,-107.7815933227539,0.13897157516350167,0.35,0.0,1.4804587194793675,18.29251861572268,256,259,5.7119513409294145,86.28467703987818
1645,82.25,ccurve,247,pure_pursuit,6.0,315.95941162109375,-178.960693359375,314.57586669921875,-178.96852111816406,-106.8519058227539,0.11618665723036682,0.35,0.0,1.383567065470178,17.36283111572269,256,259,5.721549601775587,86.00663540095778
1646,82.30000000000001,ccurve,247,pure_pursuit,6.0,315.891845703125,-179.23887634277344,314.57586669921875,-178.96852111816406,-106.00638580322266,0.18171349697836028,0.35,0.0,1.343462945598304,16.517311096191442,256,260,5.70975547645556,85.72800024205478
1647,82.35000000000001,ccurve,247,pure_pursuit,6.0,315.829345703125,-179.51858520507812,314.57586669921875,-178.96852111816406,-105.17079162597656,0.1632504512361201,0.35,0.0,1.368860881516601,15.681716918945307,256,260,5.752929554049704,85.44791840241244
1648,82.4,ccurve,247,pure_pursuit,6.0,315.77197265625,-179.79966735839844,314.57586669921875,-178.96852111816406,-104.18277740478516,0.13987875032826605,0.35,0.0,1.4565279033033935,14.693702697753938,256,260,5.739886296067694,85.16653238385805
1649,82.45,ccurve,247,pure_pursuit,6.0,315.7185363769531,-180.0823211669922,314.5937194824219,-180.96844482421875,-103.30535888671875,0.11865975998588502,0.35,0.0,1.4319316262026982,13.816284179687518,257,260,5.748111966780933,84.88362882408701
1650,82.5,ccurve,247,pure_pursuit,6.0,315.6673278808594,-180.3646697998047,314.5937194824219,-180.96844482421875,-102.47169494628906,0.09821608039068408,0.35,0.0,1.231738313645287,12.982620239257846,257,260,5.740027763787397,84.6010710364867
1651,82.55000000000001,ccurve,247,pure_pursuit,6.0,315.61846923828125,-180.6472930908203,314.5937194824219,-180.96844482421875,-101.82001495361328,0.08214282807684174,0.35,0.0,1.073895012558802,12.330940246582042,257,260,5.741256260225685,84.31827594063488
1652,82.60000000000001,ccurve,247,pure_pursuit,6.0,315.5706787109375,-180.93006896972656,314.5937194824219,-180.96844482421875,-101.20350646972656,0.06682580841872465,0.35,0.0,0.9777126573742669,11.714431762695357,257,260,5.737469065724435,84.03535839770994
1653,82.65,ccurve,247,pure_pursuit,6.0,315.52459716796875,-181.21383666992188,314.5937194824219,-180.96844482421875,-100.74173736572266,0.1174510276466675,0.35,0.0,0.9626787747668965,11.252662658691403,257,261,5.7556080809098935,83.75147904113226
1654,82.7,ccurve,247,pure_pursuit,6.0,315.4811096191406,-181.4978485107422,314.5937194824219,-180.96844482421875,-100.16105651855469,0.10448665655878814,0.35,0.0,1.0333099815884523,10.671981811523432,257,261,5.741823757937153,83.46738448395458
1655,82.75,ccurve,247,pure_pursuit,6.0,315.44207763671875,-181.7820281982422,314.5937194824219,-180.96844482421875,-99.5896987915039,0.09100504916341029,0.35,0.0,1.1754273539650848,10.10062408447269,257,261,5.739693937069541,83.18314944832497
1656,82.80000000000001,ccurve,247,pure_pursuit,6.0,315.4052429199219,-182.06640625,314.6115417480469,-182.96835327148438,-98.9729995727539,0.07595330187742841,0.35,0.0,1.2014449549606023,9.483924865722674,258,261,5.736979880825191,82.89873567258397
1657,82.85000000000001,ccurve,247,pure_pursuit,6.0,315.3705139160156,-182.35113525390625,314.6115417480469,-182.96835327148438,-98.48792266845703,0.06400945775287907,0.35,0.0,0.9782621494130574,8.998847961425799,258,261,5.740731988615608,82.61398780146364
1658,82.9,ccurve,247,pure_pursuit,6.0,315.33660888671875,-182.63601684570312,314.6115417480469,-182.96835327148438,-98.00396728515625,0.05197064374098374,0.35,0.0,0.7976025673748025,8.514892578125032,258,261,5.7399624659124715,82.32910179558205
1659,82.95,ccurve,247,pure_pursuit,6.0,315.30401611328125,-182.9211883544922,314.6115417480469,-182.96835327148438,-97.66036987304688,0.043406249702409395,0.35,0.0,0.6940787245706574,8.171295166015648,258,261,5.743783171918212,82.04393922255856
1660,83.0,ccurve,247,pure_pursuit,6.0,315.27166748046875,-183.20651245117188,314.6115417480469,-182.96835327148438,-97.3096923828125,0.0791465134590373,0.35,0.0,0.701773309178213,7.820617675781251,258,262,5.743777588226993,81.75863690421414
1661,83.05000000000001,ccurve,247,pure_pursuit,6.0,315.2423095703125,-183.4921417236328,314.6115417480469,-182.96835327148438,-96.97676849365234,0.07185593090595867,0.35,0.0,0.8198916929752216,7.487693786621099,258,262,5.74370290060949,81.47303866289698
1662,83.10000000000001,ccurve,247,pure_pursuit,6.0,315.2153015136719,-183.77798461914062,314.6115417480469,-182.96835327148438,-96.52587127685547,0.06104752800982062,0.35,0.0,1.0099647388375648,7.03679656982423,258,262,5.7430886514454995,81.18723390875994
1663,83.15,ccurve,247,pure_pursuit,6.0,315.1904296875,-184.06410217285156,314.62939453125,-184.96827697753906,-96.1622314453125,0.05217840142741807,0.35,0.0,1.0640923474868809,6.6731567382812464,259,262,5.746722544493621,80.90115973105723
1664,83.2,ccurve,247,pure_pursuit,6.0,315.1663513183594,-184.3503875732422,314.62939453125,-184.96827697753906,-95.77096557617188,0.04245384947408476,0.35,0.0,0.8186024109206922,6.28189086914067,259,262,5.74711792645608,80.61492394790314
1665,83.25,ccurve,247,pure_pursuit,6.0,315.1434631347656,-184.6368865966797,314.62939453125,-184.96827697753906,-95.4999771118164,0.03570351107091712,0.35,0.0,0.6116257954391937,6.010902404785161,259,262,5.7509067347560014,80.32847915109863
1666,83.30000000000001,ccurve,247,pure_pursuit,6.0,315.1207275390625,-184.92355346679688,314.62939453125,-184.96827697753906,-95.20721435546875,0.028374038136434004,0.35,0.0,0.4933642842557462,5.718139648437489,259,262,5.7516043915676045,80.04187301783927
1667,83.35000000000001,ccurve,247,pure_pursuit,6.0,315.0988464355469,-185.21038818359375,314.62939453125,-184.96827697753906,-95.0287094116211,0.055719829240911685,0.35,0.0,0.5282072761191554,5.5396347045898455,259,263,5.754822141907459,79.75510333810342
1668,83.4,ccurve,247,pure_pursuit,6.0,315.0785217285156,-185.4973602294922,314.62939453125,-184.96827697753906,-94.73614501953125,0.04907055493116052,0.35,0.0,0.6940059991246255,5.2470703125000275,259,263,5.753851006706946,79.46819763304913
1669,83.45,ccurve,247,pure_pursuit,6.0,315.0604553222656,-185.78453063964844,314.62939453125,-184.96827697753906,-94.48043060302734,0.04301084087610598,0.35,0.0,0.9230836616786054,4.991355895996129,259,263,5.756383576116224,79.1810911779084
1670,83.5,ccurve,247,pure_pursuit,6.0,315.0432434082031,-186.07180786132812,314.647216796875,-186.96820068359375,-94.16665649414062,0.035274923137515665,0.35,0.0,0.9799781470468463,4.677581787109415,260,263,5.757106151999923,78.89387926554824
1671,83.55000000000001,ccurve,247,pure_pursuit,6.0,315.0271911621094,-186.35931396484375,314.647216796875,-186.96820068359375,-93.95360565185547,0.03000553010995352,0.35,0.0,0.7177210840607985,4.464530944824252,260,263,5.760392636233588,78.60643805454323
1672,83.60000000000001,ccurve,247,pure_pursuit,6.0,315.0113220214844,-186.6468963623047,314.647216796875,-186.96820068359375,-93.70561981201172,0.023796013224501967,0.35,0.0,0.4856017725120745,4.2165451049804865,260,263,5.761309033757265,78.31892354152316
1673,83.65,ccurve,247,pure_pursuit,6.0,314.9962463378906,-186.9346466064453,314.647216796875,-186.96820068359375,-93.56221771240234,0.020209456447117358,0.35,0.0,0.35063869808516734,4.0731430053711035,260,263,5.7642574400903905,78.03124138309573
1674,83.7,ccurve,247,pure_pursuit,6.0,314.9810791015625,-187.2224884033203,314.647216796875,-186.96820068359375,-93.3792953491211,0.038339095357498305,0.35,0.0,0.4196740197998726,3.8902206420898366,260,264,5.765352358606233,77.74347152620442
1675,83.75,ccurve,247,pure_pursuit,6.0,314.9676513671875,-187.510498046875,314.647216796875,-186.96820068359375,-93.23406982421875,0.03521921034281909,0.35,0.0,0.6298926448793893,3.7449951171875133,260,264,5.767066656487926,77.45552888452616
1676,83.80000000000001,ccurve,247,pure_pursuit,6.0,314.9552307128906,-187.798583984375,314.647216796875,-186.96820068359375,-92.99401092529297,0.02941691000271095,0.35,0.0,0.8856686731931103,3.504936218261735,260,264,5.76796510477803,77.16750772185085
1677,83.85000000000001,ccurve,247,pure_pursuit,6.0,314.9440612792969,-188.0868377685547,314.6650390625,-188.96812438964844,-92.8326644897461,0.02548293671639251,0.35,0.0,0.9244022425249093,3.3435897827148784,261,264,5.770662474187173,76.8793147070786
1678,83.9,ccurve,247,pure_pursuit,6.0,314.9330749511719,-188.3751678466797,314.6650390625,-188.96812438964844,-92.6224594116211,0.020235061088574167,0.35,0.0,0.6507232126377335,3.1333847045898615,261,264,5.771682529854051,76.59104650592813
1679,83.95,ccurve,247,pure_pursuit,6.0,314.9228515625,-188.66363525390625,314.6650390625,-188.96812438964844,-92.5077133178711,0.017378517051215566,0.35,0.0,0.39897483497242564,3.018638610839851,261,264,5.774327460779449,76.30263882433871
1680,84.0,ccurve,247,pure_pursuit,6.0,314.9125061035156,-188.95220947265625,314.6650390625,-188.96812438964844,-92.34703826904297,0.01334671305831757,0.35,0.0,0.24797826713624976,2.857963562011734,261,264,5.775467204169607,76.01412685208454
1681,84.05000000000001,ccurve,247,pure_pursuit,6.0,314.9028015136719,-189.2408905029297,314.6650390625,-188.96812438964844,-92.27849578857422,0.02785506074174649,0.35,0.0,0.36184573472934284,2.7894210815430154,261,265,5.777827904895321,75.72550623137647
1682,84.10000000000001,ccurve,247,pure_pursuit,6.0,314.8936462402344,-189.5296630859375,314.6650390625,-188.96812438964844,-92.11614990234375,0.024130147262846385,0.35,0.0,0.606289492851143,2.6270751953125204,261,265,5.778563985279772,75.43679249762901
1683,84.15,ccurve,247,pure_pursuit,6.0,314.88592529296875,-189.81851196289062,314.6650390625,-188.96812438964844,-92.00604248046875,0.02153954509774206,0.35,0.0,0.8786067103860695,2.5169677734375044,261,265,5.780686844110647,75.1479953049885
1684,84.2,ccurve,247,pure_pursuit,6.0,314.87835693359375,-190.1074981689453,314.6828918457031,-190.96803283691406,-91.83148956298828,0.01722499549827619,0.35,0.0,0.8824548234103412,2.3424148559570694,262,265,5.781809122501556,74.85906103419082
1685,84.25,ccurve,247,pure_pursuit,6.0,314.87158203125,-190.3965606689453,314.6828918457031,-190.96803283691406,-91.74248504638672,0.015036183727594694,0.35,0.0,0.6018176010093236,2.253410339355475,262,265,5.7841587581060585,74.57004662338976
1686,84.30000000000001,ccurve,247,pure_pursuit,6.0,314.86474609375,-190.6857147216797,314.6828918457031,-190.96803283691406,-91.60113525390625,0.011482877517825002,0.35,0.0,0.3358191264984533,2.1120605468750284,262,265,5.785329141654905,74.28094204669384
1687,84.35000000000001,ccurve,247,pure_pursuit,6.0,314.85845947265625,-190.9749755859375,314.6828918457031,-190.96803283691406,-91.54736328125,0.021334284472724594,0.35,0.0,0.17570484739458417,2.0582885742187904,262,266,5.787507169865171,73.99172808116403
1688,84.4,ccurve,247,pure_pursuit,6.0,314.8525390625,-191.26431274414062,314.6828918457031,-190.96803283691406,-91.40963745117188,0.018088029186075615,0.35,0.0,0.3414117185937038,1.9205627441406552,262,266,5.788486737509562,73.70243629078215
1689,84.45,ccurve,247,pure_pursuit,6.0,314.84771728515625,-191.55374145507812,314.6828918457031,-190.96803283691406,-91.33220672607422,0.016255839566515363,0.35,0.0,0.6084587174842442,1.8431320190429785,262,266,5.790499177787069,73.4130463675534
1690,84.5,ccurve,247,pure_pursuit,6.0,314.8428955078125,-191.84327697753906,314.6828918457031,-190.96803283691406,-91.19091033935547,0.012739275100240113,0.35,0.0,0.8897491093487006,1.7018356323242443,262,266,5.791671634310927,73.12355026027406
1691,84.55000000000001,ccurve,247,pure_pursuit,6.0,314.8387756347656,-192.13287353515625,314.7007141113281,-192.96795654296875,-91.13232421875,0.011292212857120508,0.35,0.0,0.8464186991029058,1.643249511718778,263,266,5.793777724976749,72.83398889114298
1692,84.60000000000001,ccurve,247,pure_pursuit,6.0,314.83447265625,-192.4225616455078,314.7007141113281,-192.96795654296875,-91.01757049560547,0.008400052017503917,0.35,0.0,0.5615576039161466,1.5284957885742443,263,266,5.79498903333917,72.54433776924454
1693,84.65,ccurve,247,pure_pursuit,6.0,314.8306884765625,-192.7123260498047,314.7007141113281,-192.96795654296875,-90.98626708984375,0.007621711396199438,0.35,0.0,0.2867756695631282,1.4971923828125278,263,266,5.796954604742176,72.25460722922224
1694,84.7,ccurve,247,pure_pursuit,6.0,314.82666015625,-193.00216674804688,314.7007141113281,-192.96795654296875,-90.8966064453125,0.013436934610553158,0.35,0.0,0.13050955659625207,1.4075317382812398,263,267,5.798241032521553,71.96480261949625
1695,84.75,ccurve,247,pure_pursuit,6.0,314.823486328125,-193.29209899902344,314.7007141113281,-192.96795654296875,-90.86589813232422,0.012854300366153317,0.35,0.0,0.3466141212276036,1.3768234252929819,263,267,5.7999676505883535,71.67490078141938
1696,84.80000000000001,ccurve,247,pure_pursuit,6.0,314.8204345703125,-193.58212280273438,314.7007141113281,-192.96795654296875,-90.75652313232422,0.010167207506056777,0.35,0.0,0.6257261245416612,1.2674484252929916,263,267,5.80123343259729,71.38490688783247
1697,84.85000000000001,ccurve,247,pure_pursuit,6.0,314.81805419921875,-193.87222290039062,314.7007141113281,-192.96795654296875,-90.72069549560547,0.009315294133641133,0.35,0.0,0.911847762179195,1.2316207885742279,263,267,5.803078695938399,71.09483211873435
1698,84.9,ccurve,247,pure_pursuit,6.0,314.81549072265625,-194.1623992919922,314.71856689453125,-194.96788024902344,-90.62267303466797,0.006854717861548829,0.35,0.0,0.8112914399883576,1.1335983276367327,264,267,5.804310879717692,70.80468270880218
1699,84.95,ccurve,247,pure_pursuit,6.0,314.8134765625,-194.45265197753906,314.71856689453125,-194.96788024902344,-90.60409545898438,0.0063973087447176365,0.35,0.0,0.5238969524732084,1.115020751953134,264,267,5.80610932130292,70.51445319666075
1700,85.0,ccurve,247,pure_pursuit,6.0,314.8111877441406,-194.7429656982422,314.71856689453125,-194.96788024902344,-90.52426147460938,0.004377279698858121,0.35,0.0,0.24323892972855712,1.0351867675781559,264,267,5.8073830338177626,70.22416497913525
1701,85.05000000000001,ccurve,247,pure_pursuit,6.0,314.8092956542969,-195.0334014892578,314.71856689453125,-194.96788024902344,-90.52255249023438,0.010196891107370768,0.35,0.0,0.11191398826982789,1.0334777832031632,264,268,5.809072361228871,69.93375195382059
1702,85.10000000000001,ccurve,247,pure_pursuit,6.0,314.80743408203125,-195.32388305664062,314.71856689453125,-194.96788024902344,-90.44208526611328,0.008281260438145194,0.35,0.0,0.36692693556821415,0.9530105590820601,264,268,5.810302627530592,69.643293160165
1703,85.15,ccurve,247,pure_pursuit,6.0,314.8062744140625,-195.6144256591797,314.71856689453125,-194.96788024902344,-90.42511749267578,0.007931169720001354,0.35,0.0,0.6524672990858915,0.9360427856445528,264,268,5.811926447961631,69.35276814026845
1704,85.2,ccurve,247,pure_pursuit,6.0,314.80499267578125,-195.90505981445312,314.71856689453125,-194.96788024902344,-90.34007263183594,0.005800524237456836,0.35,0.0,0.9411561791348186,0.8509979248046904,264,268,5.813174139076926,69.06215268831636
1705,85.25,ccurve,247,pure_pursuit,6.0,314.80426025390625,-196.19577026367188,314.73638916015625,-196.96780395507812,-90.33077239990234,0.0055774791067933665,0.35,0.0,0.7750112941326611,0.841697692871081,265,268,5.814830064123877,68.77145682288412
1706,85.30000000000001,ccurve,247,pure_pursuit,6.0,314.8031921386719,-196.48655700683594,314.73638916015625,-196.96780395507812,-90.25786590576172,0.003739626410499916,0.35,0.0,0.48586136204783537,0.7687911987305025,265,268,5.81607797643048,68.48068744188555
1707,85.35000000000001,ccurve,247,pure_pursuit,6.0,314.8026428222656,-196.77740478515625,314.73638916015625,-196.96780395507812,-90.26141357421875,0.0038224316330291498,0.35,0.0,0.20159710228533112,0.7723388671875322,265,268,5.8176650323136405,68.18985308085107
1708,85.4,ccurve,247,pure_pursuit,6.0,314.80169677734375,-197.0683135986328,314.73638916015625,-196.96780395507812,-90.200439453125,0.00651375727289954,0.35,0.0,0.11986356122775337,0.7113647460937597,265,269,5.818941439075672,67.89896096647345
1709,85.45,ccurve,247,pure_pursuit,6.0,314.8013916015625,-197.3593292236328,314.73638916015625,-196.96780395507812,-90.2032470703125,0.006694614105883318,0.35,0.0,0.3968845591675155,0.7141723632812403,265,269,5.820434313636878,67.60795706575598
1710,85.5,ccurve,247,pure_pursuit,6.0,314.80096435546875,-197.650390625,314.73638916015625,-196.96780395507812,-90.13103485107422,0.004908911384513961,0.35,0.0,0.6856343907686386,0.6419601440429709,265,269,5.821697198017135,67.31690847534847
1711,85.55000000000001,ccurve,247,pure_pursuit,6.0,314.80108642578125,-197.94149780273438,314.73638916015625,-196.96780395507812,-90.13030242919922,0.004921448247033755,0.35,0.0,0.9758408913050244,0.6412277221679958,265,269,5.823218724942704,67.02580978210828
1712,85.60000000000001,ccurve,247,pure_pursuit,6.0,314.8009338378906,-198.2327117919922,314.75421142578125,-198.9677276611328,-90.06344604492188,0.003235802465087638,0.35,0.0,0.7364993629880929,0.5743713378906501,266,269,5.824440629988433,66.73460658470397
1713,85.65,ccurve,247,pure_pursuit,6.0,314.80126953125,-198.52398681640625,314.75421142578125,-198.9677276611328,-90.07128143310547,0.0034349368661353613,0.35,0.0,0.4462290920244345,0.5822067260742075,266,269,5.825929976772938,66.44333846767981
1714,85.7,ccurve,247,pure_pursuit,6.0,314.8012390136719,-198.8153076171875,314.75421142578125,-198.9677276611328,-90.01366424560547,0.001978707658440212,0.35,0.0,0.15951007434987124,0.524589538574236,266,269,5.82716258365041,66.15202763538642
1715,85.75,ccurve,247,pure_pursuit,6.0,314.8016357421875,-199.10671997070312,314.75421142578125,-198.9677276611328,-90.03009033203125,0.005452834115647819,0.35,0.0,0.14686023255561628,0.541015624999997,266,270,5.828592643595052,65.86062182964223
1716,85.80000000000001,ccurve,247,pure_pursuit,6.0,314.8018493652344,-199.39817810058594,314.75421142578125,-198.9677276611328,-89.97191619873047,0.004037490003054809,0.35,0.0,0.43307846182964127,0.4828414916992329,266,270,5.829810475804025,65.56917182007798
1717,85.85000000000001,ccurve,247,pure_pursuit,6.0,314.8026123046875,-199.689697265625,314.75421142578125,-198.9677276611328,-89.98015594482422,0.004288768610010598,0.35,0.0,0.7235901843512688,0.49108123779296947,266,270,5.831200817976398,65.2776563025978
1718,85.9,ccurve,247,pure_pursuit,6.0,314.8031005859375,-199.98130798339844,314.7720642089844,-200.96763610839844,-89.91943359375,0.002763837045311258,0.35,0.0,0.9868163085703398,0.43035888671876243,267,270,5.832401562662466,64.98605155765055
1719,85.95,ccurve,247,pure_pursuit,6.0,314.8040466308594,-200.27296447753906,314.7720642089844,-200.96763610839844,-89.93157958984375,0.00308582452029587,0.35,0.0,0.6954074705018737,0.4425048828125186,267,270,5.833797890275674,64.69439728170542
1720,86.0,ccurve,247,pure_pursuit,6.0,314.8046569824219,-200.56466674804688,314.7720642089844,-200.96763610839844,-89.87706756591797,0.0017102385513119418,0.35,0.0,0.40428528820932336,0.38799285888673163,267,270,5.834992007724449,64.4027000691454
1721,86.05000000000001,ccurve,247,pure_pursuit,6.0,314.8056945800781,-200.85646057128906,314.7720642089844,-200.96763610839844,-89.8957748413086,0.002187868948645283,0.35,0.0,0.11615077232399858,0.4067001342773747,267,270,5.836342252280671,64.1109077780937
1722,86.10000000000001,ccurve,247,pure_pursuit,6.0,314.806396484375,-201.1483154296875,314.7720642089844,-200.96763610839844,-89.84739685058594,0.0031640502623057256,0.35,0.0,0.18391226787513112,0.35832214355467557,267,271,5.83754112627899,63.81905730558316
1723,86.15,ccurve,247,pure_pursuit,6.0,314.8075866699219,-201.44021606445312,314.7720642089844,-200.96763610839844,-89.86568450927734,0.003690642819390998,0.35,0.0,0.47391313560156423,0.37660980224609353,267,271,5.838844741101901,63.52715699073353
1724,86.2,ccurve,247,pure_pursuit,6.0,314.80853271484375,-201.73220825195312,314.7720642089844,-200.96763610839844,-89.81134033203125,0.0023351863485369766,0.35,0.0,0.7654413854890686,0.32226562500001693,267,271,5.840026028387627,63.23516721403151
1725,86.25,ccurve,247,pure_pursuit,6.0,314.80999755859375,-202.02423095703125,314.7898864746094,-202.96755981445312,-89.82772827148438,0.0027596623665977855,0.35,0.0,0.9435432098976108,0.3386535644531627,268,271,5.841326720164164,62.94314256372349
1726,86.30000000000001,ccurve,247,pure_pursuit,6.0,314.81109619140625,-202.3163299560547,314.7898864746094,-202.96755981445312,-89.77618408203125,0.001455728716381027,0.35,0.0,0.6515751534215011,0.2871093749999929,268,271,5.842476031237071,62.651044745223494
1727,86.35000000000001,ccurve,247,pure_pursuit,6.0,314.8125915527344,-202.60848999023438,314.7898864746094,-202.96755981445312,-89.79708862304688,0.001994989728394023,0.35,0.0,0.3597869636842702,0.308013916015612,268,271,5.843750839135098,62.3588825497076
1728,86.4,ccurve,247,pure_pursuit,6.0,314.8137512207031,-202.90069580078125,314.7898864746094,-202.96755981445312,-89.7503662109375,0.0008137138942982055,0.35,0.0,0.07099522822297173,0.2612915039062443,268,271,5.844902462590188,62.066677455688
1729,86.45,ccurve,247,pure_pursuit,6.0,314.8153076171875,-203.19297790527344,314.7898864746094,-202.96755981445312,-89.77568054199219,0.0030445247744782036,0.35,0.0,0.2268469752036646,0.2866058349609634,268,272,5.846138361394163,61.77439271008801
1730,86.5,ccurve,247,pure_pursuit,6.0,314.81658935546875,-203.48532104492188,314.7898864746094,-202.96755981445312,-89.7286376953125,0.001880999797384275,0.35,0.0,0.5184493568543643,0.23956298828127184,268,272,5.847272737213701,61.48204929599343
1731,86.55000000000001,ccurve,247,pure_pursuit,6.0,314.818359375,-203.7777099609375,314.7898864746094,-202.96755981445312,-89.74969482421875,0.0024371595153147,0.35,0.0,0.8106503351663458,0.26062011718750444,268,272,5.848483052224107,61.18965594453107
1732,86.60000000000001,ccurve,247,pure_pursuit,6.0,314.8197937011719,-204.07017517089844,314.8077392578125,-204.9674835205078,-89.70138549804688,0.0012175597546074963,0.35,0.0,0.8973893156726376,0.2123107910156144,269,272,5.849601729313443,60.89718919293608
1733,86.65,ccurve,247,pure_pursuit,6.0,314.8216857910156,-204.3626708984375,314.8077392578125,-204.9674835205078,-89.72445678710938,0.00180166785319813,0.35,0.0,0.6049733990878876,0.23538208007811748,269,272,5.850805489607643,60.60468800608426
1734,86.7,ccurve,247,pure_pursuit,6.0,314.82318115234375,-204.65524291992188,314.8077392578125,-204.9674835205078,-89.67937469482422,0.0006616088457895433,0.35,0.0,0.3126222077220062,0.19029998779298418,269,272,5.851908721085477,60.31211395125451
1735,86.75,ccurve,247,pure_pursuit,6.0,314.8251037597656,-204.94786071777344,314.8077392578125,-204.9674835205078,-89.7059555053711,0.0013302260317337928,0.35,0.0,0.026202677634781468,0.21688079833985086,269,272,5.853082650411198,60.019490452449425
1736,86.80000000000001,ccurve,247,pure_pursuit,6.0,314.82659912109375,-205.24053955078125,314.8077392578125,-204.9674835205078,-89.66412353515625,0.0014166878870058828,0.35,0.0,0.27370657666865783,0.17504882812499253,269,273,5.8541872359678395,59.72680961785112
1737,86.85000000000001,ccurve,247,pure_pursuit,6.0,314.82861328125,-205.53329467773438,314.8077392578125,-204.9674835205078,-89.69049072265625,0.002114363934671455,0.35,0.0,0.5661960707180254,0.20141601562501057,269,273,5.855328723099189,59.434048019452284
1738,86.9,ccurve,247,pure_pursuit,6.0,314.83026123046875,-205.82606506347656,314.8077392578125,-204.9674835205078,-89.6455307006836,0.000987909236633662,0.35,0.0,0.8588768859265735,0.1564559936523477,269,273,5.856417846044464,59.141274339964674
1739,86.95,ccurve,247,pure_pursuit,6.0,314.8323669433594,-206.1189422607422,314.8255615234375,-206.9674072265625,-89.6708984375,0.0016410944507255618,0.35,0.0,0.848492258046458,0.18182373046877898,270,273,5.857550495712737,58.84838989403986
1740,87.0,ccurve,247,pure_pursuit,6.0,314.8341064453125,-206.41183471679688,314.8255615234375,-206.9674072265625,-89.62740325927734,0.0005412310064700801,0.35,0.0,0.5556382179954196,0.1383285522461171,270,273,5.85861390456917,58.555493373403856
1741,87.05000000000001,ccurve,247,pure_pursuit,6.0,314.83624267578125,-206.70480346679688,314.8255615234375,-206.9674072265625,-89.655029296875,0.0012468845075869802,0.35,0.0,0.2628208927357802,0.16595458984375963,270,273,5.859724218668898,58.262517122087395
1742,87.10000000000001,ccurve,247,pure_pursuit,6.0,314.8380126953125,-206.997802734375,314.8255615234375,-206.9674072265625,-89.614013671875,0.0009990480807189107,0.35,0.0,0.03284689599095384,0.12493896484378247,270,274,5.860782712624041,57.96951354501067
1743,87.15,ccurve,247,pure_pursuit,6.0,314.8402404785156,-207.29087829589844,314.8255615234375,-206.9674072265625,-89.641845703125,0.001728947138957059,0.35,0.0,0.32380395985768995,0.1527709960937506,270,274,5.861867636888439,57.67642969688527
1744,87.2,ccurve,247,pure_pursuit,6.0,314.84210205078125,-207.58399963378906,314.8255615234375,-206.9674072265625,-89.59905242919922,0.0006503819289255125,0.35,0.0,0.6168142229993213,0.10997772216797164,270,274,5.8629093143100395,57.38330327020553
1745,87.25,ccurve,247,pure_pursuit,6.0,314.84442138671875,-207.87716674804688,314.8255615234375,-206.9674072265625,-89.62655639648438,0.0013530139610159907,0.35,0.0,0.9099549886529917,0.1374816894531438,270,274,5.863983304667769,57.090127079353934
1746,87.30000000000001,ccurve,247,pure_pursuit,6.0,314.8463439941406,-208.17037963867188,314.8434143066406,-208.9673309326172,-89.58504486083984,0.00030183079853374553,0.35,0.0,0.7969566788665213,0.09597015380860932,271,274,5.8650060104066055,56.79690858129613
1747,87.35000000000001,ccurve,247,pure_pursuit,6.0,314.8486633300781,-208.46365356445312,314.8434143066406,-208.9673309326172,-89.61443328857422,0.001053250082250658,0.35,0.0,0.5037047185084967,0.1253585815429567,271,274,5.866057909198796,56.503625586742594
1748,87.4,ccurve,247,pure_pursuit,6.0,314.8506164550781,-208.75698852539062,314.8434143066406,-208.9673309326172,-89.57489013671875,5.3652242999221935e-05,0.35,0.0,0.21046567230781565,0.08581542968750358,271,274,5.867071825400449,56.21028476585291
1749,87.45,ccurve,247,pure_pursuit,6.0,314.8529357910156,-209.05035400390625,314.8434143066406,-208.9673309326172,-89.60601043701172,0.0014201886055691959,0.35,0.0,0.08356727248733276,0.11693572998046367,271,275,5.868101623564401,55.91691022585374
1750,87.5,ccurve,247,pure_pursuit,6.0,314.85491943359375,-209.34378051757812,314.8434143066406,-208.9673309326172,-89.56647491455078,0.00042740923072405966,0.35,0.0,0.37662535491316784,0.07740020751953358,271,275,5.869102526437718,55.62347759758806
1751,87.55000000000001,ccurve,247,pure_pursuit,6.0,314.85736083984375,-209.63723754882812,314.8434143066406,-208.9673309326172,-89.59613037109375,0.0011892811878286783,0.35,0.0,0.6700517742917887,0.10705566406249267,271,275,5.870111993784576,55.33001044105561
1752,87.60000000000001,ccurve,247,pure_pursuit,6.0,314.85943603515625,-209.93080139160156,314.8434143066406,-208.9673309326172,-89.55621337890625,0.0001731721055141797,0.35,0.0,0.9636036639200738,0.06713867187500352,271,275,5.871098854008815,55.03643969253289
1753,87.65,ccurve,247,pure_pursuit,6.0,314.86187744140625,-210.22434997558594,314.8612365722656,-210.9672393798828,-89.58666229248047,0.0009546906794779251,0.35,0.0,0.7428896807264328,0.09758758544922376,272,275,5.872094233837671,54.742880988352915
1754,87.7,ccurve,247,pure_pursuit,6.0,314.8639831542969,-210.51800537109375,314.8612365722656,-210.9672393798828,-89.54796600341797,-3.070989770961458e-05,0.35,0.0,0.44924240490579903,0.05889129638674393,272,275,5.873066052671344,54.449218428137485
1755,87.75,ccurve,247,pure_pursuit,6.0,314.866455078125,-210.81166076660156,314.8612365722656,-210.9672393798828,-89.57977294921875,0.0007775166774585755,0.35,0.0,0.1556661097153811,0.09069824218748997,272,275,5.874046611964019,54.15555264968966
1756,87.80000000000001,ccurve,247,pure_pursuit,6.0,314.86859130859375,-211.10540771484375,314.8612365722656,-210.9672393798828,-89.54229736328125,0.00023181832697331914,0.35,0.0,0.1383639437582424,0.05322265625001945,272,276,5.875008808443943,53.861798276760645
1757,87.85000000000001,ccurve,247,pure_pursuit,6.0,314.87109375,-211.39915466308594,314.8612365722656,-210.9672393798828,-89.57403564453125,0.001055713777136311,0.35,0.0,0.4320277488973628,0.08496093750000724,272,276,5.875968260377479,53.56804068155549
1758,87.9,ccurve,247,pure_pursuit,6.0,314.8732604980469,-211.69297790527344,314.8612365722656,-210.9672393798828,-89.53549194335938,7.424695528822501e-05,0.35,0.0,0.7258381238453598,0.046417236328140855,272,276,5.876916019919476,53.27420975314343
1759,87.95,ccurve,247,pure_pursuit,6.0,314.8757629394531,-211.98683166503906,314.8790588378906,-212.9671630859375,-89.56689453125,0.0008884965712773778,0.35,0.0,0.980336961328736,0.07781982421875872,273,276,5.8778628877275905,52.98034535137714
1760,88.0,ccurve,247,pure_pursuit,6.0,314.8779602050781,-212.28076171875,314.8790588378906,-212.9671630859375,-89.52886199951172,-8.101770077579518e-05,0.35,0.0,0.686402246405798,0.03978729248049571,273,276,5.878795972682242,52.68640735041096
1761,88.05000000000001,ccurve,247,pure_pursuit,6.0,314.8805236816406,-212.57470703125,314.8790588378906,-212.9671630859375,-89.56106567382812,0.0007390458811724725,0.35,0.0,0.39245878844547477,0.07199096679689775,273,276,5.879721956956822,52.392450861718515
1762,88.10000000000001,ccurve,247,pure_pursuit,6.0,314.8827209472656,-212.8687286376953,314.8790588378906,-212.9671630859375,-89.52395629882812,-0.0002010671256346001,0.35,0.0,0.09850254639255958,0.03488159179688932,273,276,5.880640360459226,52.09842131480328
1763,88.15,ccurve,247,pure_pursuit,6.0,314.8852844238281,-213.1627655029297,314.8790588378906,-212.9671630859375,-89.55699157714844,0.0009362664896164385,0.35,0.0,0.19570146512852377,0.0679168701172186,273,277,5.881547847194172,51.80437327720476
1764,88.2,ccurve,247,pure_pursuit,6.0,314.88751220703125,-213.4568634033203,314.8790588378906,-212.9671630859375,-89.51982879638672,-8.674464726422343e-06,0.35,0.0,0.4897732743777012,0.030754089355498008,273,277,5.882453842140276,51.510267172903255
1765,88.25,ccurve,247,pure_pursuit,6.0,314.89013671875,-213.75100708007812,314.8790588378906,-212.9671630859375,-89.55206298828125,0.0008168090194110362,0.35,0.0,0.7839222707607322,0.0629882812499922,273,277,5.883345818311904,51.21611178873721
1766,88.30000000000001,ccurve,247,pure_pursuit,6.0,314.89239501953125,-214.04519653320312,314.89691162109375,-214.9670867919922,-89.51470947265625,-0.00013536119702213788,0.35,0.0,0.921901322778007,0.025634765624992093,274,277,5.884235998794571,50.92191386785579
1767,88.35000000000001,ccurve,247,pure_pursuit,6.0,314.89501953125,-214.3394317626953,314.89691162109375,-214.9670867919922,-89.54736328125,0.0006988980585461395,0.35,0.0,0.6276578811786225,0.05828857421876232,274,277,5.885116507042453,50.627666934388465
1768,88.4,ccurve,247,pure_pursuit,6.0,314.8972473144531,-214.63368225097656,314.89691162109375,-214.9670867919922,-89.51061248779297,-0.000225288801917553,0.35,0.0,0.3334047100145274,0.021537780761743824,274,277,5.885996692289078,50.33340825305771
1769,88.45,ccurve,247,pure_pursuit,6.0,314.89990234375,-214.9280242919922,314.89691162109375,-214.9670867919922,-89.54387664794922,0.0006151357631686715,0.35,0.0,0.03917682131384075,0.05480194091796781,274,277,5.886858271698541,50.039054241980516
1770,88.5,ccurve,247,pure_pursuit,6.0,314.9021301269531,-215.22235107421875,314.89691162109375,-214.9670867919922,-89.50768280029297,-8.776470897717419e-05,0.35,0.0,0.25531761902392575,0.01860809326174182,274,278,5.8877281466057125,49.74471927215689
1771,88.55000000000001,ccurve,247,pure_pursuit,6.0,314.90478515625,-215.5167694091797,314.89691162109375,-214.9670867919922,-89.54092407226562,0.0007695338686806312,0.35,0.0,0.5497390037044455,0.05184936523439669,274,278,5.888576295371676,49.45028896980632
1772,88.60000000000001,ccurve,247,pure_pursuit,6.0,314.9070739746094,-215.8112030029297,314.89691162109375,-214.9670867919922,-89.504150390625,-0.00016441339598854247,0.35,0.0,0.8441773812395464,0.015075683593758193,274,278,5.889431133000294,49.155846654133185
1773,88.65,ccurve,247,pure_pursuit,6.0,314.9097595214844,-216.10569763183594,314.91473388671875,-216.96701049804688,-89.53716278076172,0.0006783836383848852,0.35,0.0,0.8613272303892321,0.04808807373046746,275,278,5.890265577298135,48.86133979009958
1774,88.7,ccurve,247,pure_pursuit,6.0,314.9120788574219,-216.4002227783203,314.91473388671875,-216.96701049804688,-89.50064086914062,-0.00025117061414235676,0.35,0.0,0.5667939382292331,0.011566162109394575,275,278,5.891104231794781,48.56680565624181
1775,88.75,ccurve,247,pure_pursuit,6.0,314.914794921875,-216.6947784423828,314.91473388671875,-216.96701049804688,-89.5340805053711,0.0005925085854632178,0.35,0.0,0.2722320625061852,0.045005798339852014,275,278,5.8919287897403585,48.27223748852308
1776,88.80000000000001,ccurve,247,pure_pursuit,6.0,314.9171447753906,-216.98941040039062,314.91473388671875,-216.96701049804688,-89.49807739257812,-0.00018101280779985365,0.35,0.0,0.022529270054702438,0.009002685546905543,275,279,5.89275638636151,47.97759627772255
1777,88.85000000000001,ccurve,247,pure_pursuit,6.0,314.91986083984375,-217.28404235839844,314.91473388671875,-216.96701049804688,-89.53160858154297,0.0006793714923644217,0.35,0.0,0.31707331348809314,0.042533874511741225,275,279,5.893563987211569,47.68295181871591
1778,88.9,ccurve,247,pure_pursuit,6.0,314.9222106933594,-217.57875061035156,314.91473388671875,-216.96701049804688,-89.4953384399414,-0.00024844177270146625,0.35,0.0,0.6117858020909712,0.0062637329101830645,275,279,5.894382031262205,47.38823431786699
1779,88.95,ccurve,247,pure_pursuit,6.0,314.9249267578125,-217.87347412109375,314.91473388671875,-216.96701049804688,-89.52886199951172,0.0006093354864710617,0.35,0.0,0.9065209288970668,0.03978729248049571,275,279,5.895178644319785,47.09349830938062
1780,89.0,ccurve,247,pure_pursuit,6.0,314.92724609375,-218.16824340820312,314.9325866699219,-218.96693420410156,-89.4928207397461,-0.00030184346589189005,0.35,0.0,0.7987086510153293,0.0037460327148322653,276,279,5.895980999332317,46.79872004768652
1781,89.05000000000001,ccurve,247,pure_pursuit,6.0,314.92999267578125,-218.4630584716797,314.9325866699219,-218.96693420410156,-89.52667236328125,0.0005550416436222383,0.35,0.0,0.5038824094263289,0.03759765625004269,276,279,5.896764396607621,46.50389221874157
1782,89.10000000000001,ccurve,247,pure_pursuit,6.0,314.93231201171875,-218.7578887939453,314.9325866699219,-218.96693420410156,-89.49097442626953,-0.0003419170487131268,0.35,0.0,0.20904559058856834,0.0018997192383231017,276,279,5.897557379373842,46.20905292537716
1783,89.15,ccurve,247,pure_pursuit,6.0,314.93505859375,-219.0528106689453,314.9325866699219,-218.96693420410156,-89.52507781982422,0.0006272247145698726,0.35,0.0,0.08591203420634319,0.03600311279299736,276,280,5.898325922014188,45.914118288648396
1784,89.2,ccurve,247,pure_pursuit,6.0,314.9374084472656,-219.3477325439453,314.9325866699219,-218.96693420410156,-89.48941040039062,-0.00028061797381056554,0.35,0.0,0.3808288659811764,0.0003356933594208176,276,280,5.899104988776208,45.619187176081326
1785,89.25,ccurve,247,pure_pursuit,6.0,314.9401550292969,-219.64268493652344,314.9325866699219,-218.96693420410156,-89.52325439453125,0.0005859614190827745,0.35,0.0,0.6757931136319233,0.03417968750000642,276,280,5.899860832144898,45.32422202258152
1786,89.30000000000001,ccurve,247,pure_pursuit,6.0,314.9425048828125,-219.93771362304688,314.9325866699219,-218.96693420410156,-89.48747253417969,-0.0003207886032739309,0.35,0.0,0.9708300835855584,-0.001602172851568367,276,280,5.900627699173795,45.02918410357408
1787,89.35000000000001,ccurve,247,pure_pursuit,6.0,314.94525146484375,-220.23272705078125,314.9504089355469,-220.9668426513672,-89.521484375,0.0005477436134216308,0.35,0.0,0.7341337170622974,0.03240966796877853,277,280,5.901376714421848,44.73415791692119
1788,89.4,ccurve,247,pure_pursuit,6.0,314.9476013183594,-220.52783203125,314.9504089355469,-220.9668426513672,-89.48589324951172,-0.000349003630393972,0.35,0.0,0.4390195978426807,-0.0031814575195167286,277,280,5.902129920452481,44.43904370788612
1789,89.45,ccurve,247,pure_pursuit,6.0,314.9503479003906,-220.82293701171875,314.9504089355469,-220.9668426513672,-89.52011108398438,0.0005221944482178898,0.35,0.0,0.14390565259195431,0.031036376953155777,277,280,5.902863574464715,44.1439259717007
1790,89.5,ccurve,247,pure_pursuit,6.0,314.9527587890625,-221.1180877685547,314.9504089355469,-220.9668426513672,-89.48471069335938,-0.00030885516102442965,0.35,0.0,0.15126337059779377,-0.0043640136718599625,277,281,5.903608597112536,43.84876544608527
1791,89.55000000000001,ccurve,247,pure_pursuit,6.0,314.95550537109375,-221.41329956054688,314.9504089355469,-220.9668426513672,-89.51888275146484,0.0005718159106127044,0.35,0.0,0.4464859968795922,0.02980804443362342,277,281,5.904329419500144,43.553540902344814
1792,89.60000000000001,ccurve,247,pure_pursuit,6.0,314.9578857421875,-221.70851135253906,314.9504089355469,-220.9668426513672,-89.48334503173828,-0.0003318431236434564,0.35,0.0,0.7417063872824052,-0.005729675292959683,277,281,5.905066598286901,43.25831961598533
1793,89.65,ccurve,247,pure_pursuit,6.0,314.9606628417969,-222.00376892089844,314.9682312011719,-222.96676635742188,-89.51744842529297,0.0005383649123305335,0.35,0.0,0.9630271765710151,0.028373718261765463,278,281,5.905776047860344,42.96304902588729
1794,89.7,ccurve,247,pure_pursuit,6.0,314.96307373046875,-222.299072265625,314.9682312011719,-222.96676635742188,-89.48196411132812,-0.00036656778107732087,0.35,0.0,0.6677140104299949,-0.007110595703105481,278,281,5.906496465075999,42.66773591935817
1795,89.75,ccurve,247,pure_pursuit,6.0,314.9658203125,-222.59439086914062,314.9682312011719,-222.96676635742188,-89.5162353515625,0.0005120242543253548,0.35,0.0,0.3723832926661554,0.027160644531279185,278,281,5.907195531718454,42.372404567787285
1796,89.80000000000001,ccurve,247,pure_pursuit,6.0,314.96826171875,-222.88978576660156,314.9682312011719,-222.96676635742188,-89.48094177246094,-0.000390984406634436,0.35,0.0,0.07698059686938623,-0.008132934570312233,278,281,5.907905837610583,42.076999640994075
1797,89.85000000000001,ccurve,247,pure_pursuit,6.0,314.9710388183594,-223.18519592285156,314.9682312011719,-222.96676635742188,-89.51537322998047,0.0005349310752395911,0.35,0.0,0.21844760874881117,0.0262985229492598,278,282,5.908591926361915,41.78157646856883
1798,89.9,ccurve,247,pure_pursuit,6.0,314.9734802246094,-223.48060607910156,314.9682312011719,-222.96676635742188,-89.48009490966797,-0.00037301392159120125,0.35,0.0,0.5138665311371292,-0.00897979736323465,278,282,5.909297708661077,41.48615628376853
1799,89.95,ccurve,247,pure_pursuit,6.0,314.97625732421875,-223.77610778808594,314.9682312011719,-222.96676635742188,-89.51445770263672,0.0005076789965544639,0.35,0.0,0.809381226642004,0.025382995605477368,278,282,5.909970203696746,41.190641562091756
1800,90.0,ccurve,247,pure_pursuit,6.0,314.97869873046875,-224.0716094970703,314.986083984375,-224.96669006347656,-89.47924041748047,-0.0003957689513065974,0.35,0.0,0.8951110335223185,-0.009834289550730993,279,282,5.910659635201091,40.895129828373044
1801,90.05000000000001,ccurve,247,pure_pursuit,6.0,314.98150634765625,-224.36712646484375,314.986083984375,-224.96669006347656,-89.51373291015625,0.00047815772068875384,0.35,0.0,0.5995810733866248,0.02465820312502535,279,282,5.911325661272614,40.59959957677171
1802,90.10000000000001,ccurve,247,pure_pursuit,6.0,314.98394775390625,-224.66273498535156,314.986083984375,-224.96669006347656,-89.4786376953125,-0.00041893922490085777,0.35,0.0,0.30396258486628,-0.010437011718712613,279,282,5.912003827812011,40.30398103581903
1803,90.15,ccurve,247,pure_pursuit,6.0,314.9867248535156,-224.9583282470703,314.986083984375,-224.96669006347656,-89.51327514648438,0.0004619213121024706,0.35,0.0,0.008386339300746011,0.024200439453134135,279,282,5.912660220948197,40.00837476483496
1804,90.2,ccurve,247,pure_pursuit,6.0,314.9891662597656,-225.25396728515625,314.986083984375,-224.96669006347656,-89.47832489013672,-0.00038729790281963534,0.35,0.0,0.28729375648904026,-0.010749816894513426,279,283,5.913329792713309,39.712725707725134
1805,90.25,ccurve,247,pure_pursuit,6.0,314.9919738769531,-225.54966735839844,314.986083984375,-224.96669006347656,-89.51294708251953,0.0004967872117840172,0.35,0.0,0.5830070473236225,0.023872375488287245,279,283,5.913972178434931,39.4170123576517
1806,90.30000000000001,ccurve,247,pure_pursuit,6.0,314.9944152832031,-225.84536743164062,314.986083984375,-224.96669006347656,-89.47783660888672,-0.0004033503607819939,0.35,0.0,0.8787168644471819,-0.011238098144496797,279,283,5.914633179295777,39.12130226788154
1807,90.35000000000001,ccurve,247,pure_pursuit,6.0,314.99725341796875,-226.14108276367188,315.00390625,-226.96661376953125,-89.51238250732422,0.0004683737013118999,0.35,0.0,0.8255578125178318,0.02330780029297171,280,283,5.915266838121054,38.825573387929886
1808,90.4,ccurve,247,pure_pursuit,6.0,314.9996643066406,-226.4368896484375,315.00390625,-226.96661376953125,-89.47737884521484,-0.00041888547998634686,0.35,0.0,0.5297411052127351,-0.011695861816388013,280,283,5.915914947605914,38.52975676257457
1809,90.45,ccurve,247,pure_pursuit,6.0,315.00250244140625,-226.73269653320312,315.00390625,-226.96661376953125,-89.51203155517578,0.000451029688145872,0.35,0.0,0.23392144863170578,0.022956848144555703,280,283,5.91653614946539,38.23393633342225
1810,90.5,ccurve,247,pure_pursuit,6.0,315.0049133300781,-227.0284881591797,315.00390625,-226.96661376953125,-89.47714233398438,-0.00040343563752641323,0.35,0.0,0.06188258482521901,-0.011932373046856659,280,284,5.917175090006786,37.938134966357836
1811,90.55000000000001,ccurve,247,pure_pursuit,6.0,315.00775146484375,-227.3243865966797,315.00390625,-226.96661376953125,-89.51177978515625,0.0004770569584434255,0.35,0.0,0.35779349005114713,0.02270507812499009,280,284,5.917787712123235,37.642222987999055
1812,90.60000000000001,ccurve,247,pure_pursuit,6.0,315.0101623535156,-227.6202850341797,315.00390625,-226.96661376953125,-89.4768295288086,-0.0004127451398006638,0.35,0.0,0.6537012016650159,-0.012245178222657471,280,284,5.9184180179268955,37.34631481376261
1813,90.65,ccurve,247,pure_pursuit,6.0,315.01300048828125,-227.9161834716797,315.00390625,-226.96661376953125,-89.51144409179688,0.0004634724903349277,0.35,0.0,0.9496132499118726,0.02236938476567105,280,284,5.919020710157039,37.0504028352926
1814,90.7,ccurve,247,pure_pursuit,6.0,315.0154113769531,-228.212158203125,315.0217590332031,-228.96653747558594,-89.47650146484375,-0.00042247827075796607,0.35,0.0,0.7544059778783314,-0.012573242187504361,281,284,5.919639331137053,36.7544183702622
1815,90.75,ccurve,247,pure_pursuit,6.0,315.01824951171875,-228.50816345214844,315.0217590332031,-228.96653747558594,-89.51119232177734,0.0004516593163361591,0.35,0.0,0.45838745849262835,0.022117614746105435,281,284,5.92022860415068,36.45839958438254
1816,90.80000000000001,ccurve,247,pure_pursuit,6.0,315.02069091796875,-228.8041534423828,315.0217590332031,-228.96653747558594,-89.476318359375,-0.0004358330382336344,0.35,0.0,0.16238754604176855,-0.012756347656260847,281,284,5.920836152981028,36.16239958946253
1817,90.85000000000001,ccurve,247,pure_pursuit,6.0,315.02349853515625,-229.10020446777344,315.0217590332031,-228.96653747558594,-89.51105499267578,0.00048221518038672425,0.35,0.0,0.13367831038541036,0.02198028564453807,281,285,5.921416262407594,35.866335300747124
1818,90.9,ccurve,247,pure_pursuit,6.0,315.02593994140625,-229.39630126953125,315.0217590332031,-228.96653747558594,-89.47612762451172,-0.0004130726073793945,0.35,0.0,0.4297841302091923,-0.012947082519489485,281,285,5.922015445038152,35.570228498667795
1819,90.95,ccurve,247,pure_pursuit,6.0,315.02874755859375,-229.69239807128906,315.0217590332031,-228.96653747558594,-89.51080322265625,0.00047374073654336525,0.35,0.0,0.7258942373938719,0.021728515625023346,281,285,5.9225848011565265,35.27411843528231
1820,91.0,ccurve,247,pure_pursuit,6.0,315.03118896484375,-229.98851013183594,315.0395812988281,-230.96644592285156,-89.47582244873047,-0.00041995175475056213,0.35,0.0,0.9779718005234412,-0.013252258300767258,282,285,5.923174555881967,34.97799637515815
1821,91.05000000000001,ccurve,247,pure_pursuit,6.0,315.03399658203125,-230.28469848632812,315.0395812988281,-230.96644592285156,-89.51046752929688,0.00046293232824566783,0.35,0.0,0.6817703104917225,0.021392822265653418,282,285,5.923738040798541,34.681794762544115
1822,91.10000000000001,ccurve,247,pure_pursuit,6.0,315.03643798828125,-230.5808868408203,315.0395812988281,-230.96644592285156,-89.47554779052734,-0.0004254271842905032,0.35,0.0,0.385571894901553,-0.013526916503901988,282,285,5.924320015693689,34.38559641165202
1823,91.15,ccurve,247,pure_pursuit,6.0,315.0392761230469,-230.87709045410156,315.0395812988281,-230.96644592285156,-89.51023864746094,0.000447157347164413,0.35,0.0,0.08935598988198658,0.02116394042970781,282,285,5.9248715704329875,34.089379268980935
1824,91.2,ccurve,247,pure_pursuit,6.0,315.0417175292969,-231.17335510253906,315.0395812988281,-230.96644592285156,-89.47539520263672,-0.00041944617452754153,0.35,0.0,0.2069202071320483,-0.01367950439451543,282,286,5.925444757599945,33.79310462715455
1825,91.25,ccurve,247,pure_pursuit,6.0,315.0445556640625,-231.4696502685547,315.0395812988281,-230.96644592285156,-89.51013946533203,0.000464982423976513,0.35,0.0,0.5032289318431474,0.02106475830080653,282,286,5.925987985860687,33.49679593539205
1826,91.30000000000001,ccurve,247,pure_pursuit,6.0,315.0469970703125,-231.76593017578125,315.0395812988281,-230.96644592285156,-89.47525787353516,-0.00042659128981045535,0.35,0.0,0.7995186454043764,-0.013816833496082795,282,286,5.926550537216742,33.20050603537322
1827,91.35000000000001,ccurve,247,pure_pursuit,6.0,315.0498046875,-232.06224060058594,315.05743408203125,-232.96636962890625,-89.5099105834961,0.00045841731996091223,0.35,0.0,0.9041612176555384,0.02083587646486092,283,286,5.9270858741147485,32.90418235716835
1828,91.4,ccurve,247,pure_pursuit,6.0,315.05224609375,-232.35862731933594,315.05743408203125,-232.96636962890625,-89.47506713867188,-0.00042847855690758384,0.35,0.0,0.6077644527810622,-0.01400756835936232,283,286,5.927638770676965,32.60778565004307
1829,91.45,ccurve,247,pure_pursuit,6.0,315.0550842285156,-232.65501403808594,315.05743408203125,-232.96636962890625,-89.509765625,0.00044700837826735026,0.35,0.0,0.3113644580658023,0.02069091796877052,283,286,5.928166969656381,32.311385408999705
1830,91.5,ccurve,247,pure_pursuit,6.0,315.0575256347656,-232.95140075683594,315.05743408203125,-232.96636962890625,-89.4749755859375,-0.0004346699285942795,0.35,0.0,0.01496915204547516,-0.014099121093740563,283,286,5.928712553037195,32.01498870187993
1831,91.55000000000001,ccurve,247,pure_pursuit,6.0,315.06036376953125,-233.2478485107422,315.05743408203125,-232.96636962890625,-89.50969696044922,0.00046930813683288165,0.35,0.0,0.28149412780457306,0.020622253418012278,283,287,5.929230251424285,31.718527428094664
1832,91.60000000000001,ccurve,247,pure_pursuit,6.0,315.06280517578125,-233.54432678222656,315.05743408203125,-232.96636962890625,-89.474853515625,-0.00042139480903524555,0.35,0.0,0.5779821102094688,-0.014221191406210962,283,287,5.92976726125826,31.422039171884542
1833,91.65,ccurve,247,pure_pursuit,6.0,315.0656433105469,-233.8408203125,315.05743408203125,-232.96636962890625,-89.509521484375,0.0004597042946636924,0.35,0.0,0.8744892163259639,0.02044677734377883,283,287,5.930276944093825,31.1255321235327
1834,91.7,ccurve,247,pure_pursuit,6.0,315.0680847167969,-234.13729858398438,315.07525634765625,-234.96629333496094,-89.47467041015625,-0.00042807663774289706,0.35,0.0,0.8290257712736535,-0.014404296874967448,284,287,5.930808387867719,30.829043867340037
1835,91.75,ccurve,247,pure_pursuit,6.0,315.0709228515625,-234.43386840820312,315.07525634765625,-234.96629333496094,-89.50936126708984,0.00044977136282334164,0.35,0.0,0.5324425619927999,0.02028656005859146,284,287,5.931306521673529,30.532460528050287
1836,91.80000000000001,ccurve,247,pure_pursuit,6.0,315.0733337402344,-234.73043823242188,315.07525634765625,-234.96629333496094,-89.47454071044922,-0.0004258339824549229,0.35,0.0,0.2358629386169229,-0.014533996582011774,284,287,5.931830688627078,30.235880994746417
1837,91.85000000000001,ccurve,247,pure_pursuit,6.0,315.076171875,-235.0270233154297,315.07525634765625,-234.96629333496094,-89.50924682617188,0.0004683248065177522,0.35,0.0,0.060736881036581966,0.020172119140644103,284,288,5.932324192447179,29.939282397046053
1838,91.9,ccurve,247,pure_pursuit,6.0,315.07861328125,-235.3236083984375,315.07525634765625,-234.96629333496094,-89.4743881225586,-0.00042327833199853096,0.35,0.0,0.3573308321295725,-0.014686584472625216,284,288,5.932835837636543,29.64268733382946
1839,91.95,ccurve,247,pure_pursuit,6.0,315.0814514160156,-235.6202850341797,315.07525634765625,-234.96629333496094,-89.509033203125,0.0004592760579705925,0.35,0.0,0.6540210405782105,0.01995849609374457,284,288,5.933323996259097,29.34599718699084
1840,92.0,ccurve,247,pure_pursuit,6.0,315.0838928222656,-235.91696166992188,315.07525634765625,-234.96629333496094,-89.47417449951172,-0.00042909663871148915,0.35,0.0,0.9507075637603183,-0.014900207519524747,284,288,5.933830174270014,29.04931057471844
1841,92.05000000000001,ccurve,247,pure_pursuit,6.0,315.08673095703125,-236.21365356445312,315.0931091308594,-236.96621704101562,-89.50887298583984,0.0004512767270844457,0.35,0.0,0.7525905044293465,0.01979827880860809,285,288,5.934307306625724,28.752605169648906
1842,92.10000000000001,ccurve,247,pure_pursuit,6.0,315.0891418457031,-236.5103302001953,315.0931091308594,-236.96621704101562,-89.47408294677734,-0.0004244278312854646,0.35,0.0,0.4559041028381253,-0.014991760253902989,285,288,5.934805292641516,28.45591882945116
1843,92.15,ccurve,247,pure_pursuit,6.0,315.0920104980469,-236.80709838867188,315.0931091308594,-236.96621704101562,-89.5087890625,0.0004447615543719262,0.35,0.0,0.1591224450470388,0.019714355468752887,285,288,5.935274482599561,28.159136861388568
1844,92.2,ccurve,247,pure_pursuit,6.0,315.09442138671875,-237.1038818359375,315.0931091308594,-236.96621704101562,-89.47396087646484,-0.0004170891825025699,0.35,0.0,0.13767104915821032,-0.015113830566373387,285,289,5.9357666242988385,27.862343713980998
1845,92.25,ccurve,247,pure_pursuit,6.0,315.0972900390625,-237.40066528320312,315.0931091308594,-236.96621704101562,-89.50865936279297,0.00046280708839058134,0.35,0.0,0.4344683591853515,0.01958465576175945,285,289,5.93623026996314,27.56554648765882
1846,92.30000000000001,ccurve,247,pure_pursuit,6.0,315.0997009277344,-237.6974334716797,315.0931091308594,-236.96621704101562,-89.47381591796875,-0.00041926601682673565,0.35,0.0,0.7312461420473498,-0.015258789062463791,285,289,5.936712689449184,27.268768598515976
1847,92.35000000000001,ccurve,247,pure_pursuit,6.0,315.1025390625,-237.9943084716797,315.1109313964844,-238.9661407470703,-89.5084457397461,0.0004618719059140367,0.35,0.0,0.9718685110448969,0.019371032714859918,286,289,5.937167073848083,26.97188009484465
1848,92.4,ccurve,247,pure_pursuit,6.0,315.10498046875,-238.2911834716797,315.1109313964844,-238.9661407470703,-89.47360229492188,-0.00042256899631670466,0.35,0.0,0.674983508793834,-0.015472412109363322,286,289,5.937641338999875,26.674995126682497
1849,92.45,ccurve,247,pure_pursuit,6.0,315.1078186035156,-238.5880584716797,315.1109313964844,-238.9661407470703,-89.50823974609375,0.0004549436225181028,0.35,0.0,0.37809508915697215,0.019165039062534316,286,289,5.938088974096655,26.37810662292498
1850,92.5,ccurve,247,pure_pursuit,6.0,315.1102600097656,-238.8849334716797,315.1109313964844,-238.9661407470703,-89.47341918945312,-0.00042459074237338897,0.35,0.0,0.08121005071107222,-0.01565551757811981,286,289,5.938553602627005,26.08122165485669
1851,92.55000000000001,ccurve,247,pure_pursuit,6.0,315.11309814453125,-239.181884765625,315.1109313964844,-238.9661407470703,-89.50808715820312,0.0004617774159399511,0.35,0.0,0.2157548987606631,0.019012451171869983,286,290,5.938995549471042,25.78425686009142
1852,92.60000000000001,ccurve,247,pure_pursuit,6.0,315.1155090332031,-239.47886657714844,315.1109313964844,-238.9661407470703,-89.47325897216797,-0.0004203113331709448,0.35,0.0,0.5127462643327898,-0.01581573486325629,286,290,5.93945605514239,25.487265356986587
1853,92.65,ccurve,247,pure_pursuit,6.0,315.11834716796875,-239.7758331298828,315.1109313964844,-238.9661407470703,-89.50790405273438,0.0004632625879758619,0.35,0.0,0.8097263417052039,0.0188293457031135,286,290,5.939891351885442,25.190285303701582
1854,92.7,ccurve,247,pure_pursuit,6.0,315.12078857421875,-240.0727996826172,315.1287841796875,-240.966064453125,-89.4730453491211,-0.00042213890442736245,0.35,0.0,0.8933005540898241,-0.01602935791015582,287,290,5.940344680567384,24.89330878701131
1855,92.75,ccurve,247,pure_pursuit,6.0,315.1236267089844,-240.36981201171875,315.1287841796875,-240.966064453125,-89.50768280029297,0.00045787174472113626,0.35,0.0,0.5962747465614884,0.01860809326174182,287,290,5.940771807229733,24.596282959060105
1856,92.80000000000001,ccurve,247,pure_pursuit,6.0,315.1260681152344,-240.66688537597656,315.1287841796875,-240.966064453125,-89.47286987304688,-0.0004218893370071528,0.35,0.0,0.2991914056411117,-0.01620483398433838,287,290,5.94121884773632,24.299199635227883
1857,92.85000000000001,ccurve,247,pure_pursuit,6.0,315.12890625,-240.96395874023438,315.1287841796875,-240.966064453125,-89.50753784179688,0.00045499614368595885,0.35,0.0,0.0021092481928256194,0.018463134765651413,287,290,5.941645069368102,24.002112774411493
1858,92.9,ccurve,247,pure_pursuit,6.0,315.13134765625,-241.2610321044922,315.1287841796875,-240.966064453125,-89.47271728515625,-0.00042046319919950416,0.35,0.0,0.2949787903649365,-0.01635742187500271,287,291,5.942084927737058,23.705029450732404
1859,92.95,ccurve,247,pure_pursuit,6.0,315.1341857910156,-241.55810546875,315.1287841796875,-240.966064453125,-89.50735473632812,0.0004648608949049452,0.35,0.0,0.5920656564834863,0.01828002929689493,287,291,5.942494978659344,23.407942589772876
1860,93.0,ccurve,247,pure_pursuit,6.0,315.1366271972656,-241.85525512695312,315.1287841796875,-240.966064453125,-89.47252655029297,-0.0004200487262488028,0.35,0.0,0.8892252624322173,-0.016548156738231345,287,291,5.9429273804100875,23.11078297534571
1861,93.05000000000001,ccurve,247,pure_pursuit,6.0,315.13946533203125,-242.1524200439453,315.1466064453125,-242.9659881591797,-89.50714111328125,0.0004617437751304479,0.35,0.0,0.8135994552756958,0.018066406249995396,288,291,5.943330685240857,22.813604565132483
1862,93.10000000000001,ccurve,247,pure_pursuit,6.0,315.1419372558594,-242.4495849609375,315.1466064453125,-242.9659881591797,-89.47228240966797,-0.0004269864886676752,0.35,0.0,0.5164243066364219,-0.01679229736327392,288,291,5.943759192829823,22.51642942044302
1863,93.15,ccurve,247,pure_pursuit,6.0,315.1447448730469,-242.7467498779297,315.1466064453125,-242.9659881591797,-89.50695037841797,0.0004597634070842169,0.35,0.0,0.21924618449759678,0.01787567138676676,288,291,5.944158567907892,22.219251282323174
1864,93.2,ccurve,247,pure_pursuit,6.0,315.147216796875,-243.0439453125,315.1466064453125,-242.9659881591797,-89.47209930419922,-0.00043391776230342793,0.35,0.0,0.0779595426027921,-0.016975402832030407,288,292,5.944579477968296,21.922045621433973
1865,93.25,ccurve,247,pure_pursuit,6.0,315.1500549316406,-243.34120178222656,315.1466064453125,-242.9659881591797,-89.50676727294922,0.00045375599530581023,0.35,0.0,0.3752294697620613,0.017692565918010276,288,292,5.944975425338608,21.624775662032235
1866,93.30000000000001,ccurve,247,pure_pursuit,6.0,315.15252685546875,-243.6384735107422,315.1466064453125,-242.9659881591797,-89.47197723388672,-0.0004373844944255069,0.35,0.0,0.6725114120389017,-0.017097473144500806,288,292,5.945390569881167,21.327493710162766
1867,93.35000000000001,ccurve,247,pure_pursuit,6.0,315.15533447265625,-243.93572998046875,315.1466064453125,-242.9659881591797,-89.50670623779297,0.00045542742573075545,0.35,0.0,0.9697810981960523,0.017631530761724187,288,292,5.945776513262267,21.030224022852632
1868,93.4,ccurve,247,pure_pursuit,6.0,315.1578063964844,-244.23300170898438,315.1644592285156,-244.96591186523438,-89.47193145751953,-0.0004319290806548222,0.35,0.0,0.7329403504436329,-0.017143249511689926,289,292,5.946186498530589,20.732942071175298
1869,93.45,ccurve,247,pure_pursuit,6.0,315.16064453125,-244.53028869628906,315.1644592285156,-244.96591186523438,-89.5066146850586,0.0004497142583344386,0.35,0.0,0.43563987103705815,0.017539978027345943,289,292,5.946563488342461,20.43564159527699
1870,93.5,ccurve,247,pure_pursuit,6.0,315.1630859375,-244.82765197753906,315.1644592285156,-244.96591186523438,-89.47186279296875,-0.00042551913991959524,0.35,0.0,0.1382667077561841,-0.017211914062499053,289,292,5.946964737632393,20.13826836676789
1871,93.55000000000001,ccurve,247,pure_pursuit,6.0,315.1659240722656,-245.12501525878906,315.1644592285156,-244.96591186523438,-89.50653076171875,0.00045300248986829137,0.35,0.0,0.15911013672242788,0.017456054687541626,289,293,5.947339003541546,19.840891599732448
1872,93.60000000000001,ccurve,247,pure_pursuit,6.0,315.16839599609375,-245.42237854003906,315.1644592285156,-244.96591186523438,-89.47177124023438,-0.0004379880951193525,0.35,0.0,0.4564836506888418,-0.017303466796877297,289,293,5.94773360948554,19.54351809912653
1873,93.65,ccurve,247,pure_pursuit,6.0,315.1712341308594,-245.71974182128906,315.1644592285156,-244.96591186523438,-89.50643920898438,0.0004481555692429418,0.35,0.0,0.7538603995085426,0.017364501953163386,289,293,5.948099506128614,19.246141332140382
1874,93.7,ccurve,247,pure_pursuit,6.0,315.1736755371094,-246.01712036132812,315.1822814941406,-246.9658203125,-89.47174072265625,-0.00043149519040261495,0.35,0.0,0.948738984046688,-0.01733398437496945,290,293,5.948488850158245,18.948752845666213
1875,93.75,ccurve,247,pure_pursuit,6.0,315.176513671875,-246.31459045410156,315.1822814941406,-246.9658203125,-89.50640106201172,0.00045156236651611013,0.35,0.0,0.6512554001644338,0.017326354980497304,290,293,5.948853020094906,18.651269271151804
1876,93.80000000000001,ccurve,247,pure_pursuit,6.0,315.1789855957031,-246.61204528808594,315.1822814941406,-246.9658203125,-89.47164916992188,-0.0004322064452481023,0.35,0.0,0.35379037698286936,-0.017425537109347695,290,293,5.949235253369281,18.353804221665772
1877,93.85000000000001,ccurve,247,pure_pursuit,6.0,315.18182373046875,-246.9095001220703,315.1822814941406,-246.9658203125,-89.50634002685547,0.0004476664978223887,0.35,0.0,0.05632205072274581,0.017265319824211214,290,293,5.949591753580877,18.056335905361554
1878,93.9,ccurve,247,pure_pursuit,6.0,315.18426513671875,-247.20697021484375,315.1822814941406,-246.9658203125,-89.47161865234375,-0.0004302222334684281,0.35,0.0,0.2411580606952169,-0.01745605468749074,290,294,5.949967716315198,17.758855870079007
1879,93.95,ccurve,247,pure_pursuit,6.0,315.1871032714844,-247.50442504882812,315.1822814941406,-246.9658203125,-89.50629425048828,0.0004578700928474263,0.35,0.0,0.5386263190114662,0.01721954345707298,290,294,5.95031902438206,17.461387553484798
1880,94.0,ccurve,247,pure_pursuit,6.0,315.1895751953125,-247.80197143554688,315.1822814941406,-246.9658203125,-89.47148895263672,-0.0004316248385772766,0.35,0.0,0.8361829337228397,-0.017585754394484177,290,294,5.950689916597278,17.16383095517486
1881,94.05000000000001,ccurve,247,pure_pursuit,6.0,315.1923828125,-248.0995330810547,315.20013427734375,-248.9657440185547,-89.50616455078125,0.0004603881686486222,0.35,0.0,0.8662456195859537,0.017089843750028654,291,294,5.951033013113825,16.86625610345874
1882,94.10000000000001,ccurve,247,pure_pursuit,6.0,315.1948547363281,-248.39707946777344,315.20013427734375,-248.9657440185547,-89.47136688232422,-0.0004251311725590693,0.35,0.0,0.5686890581579502,-0.017707824707005465,291,294,5.951401075672678,16.568699505480907
1883,94.15,ccurve,247,pure_pursuit,6.0,315.19769287109375,-248.69464111328125,315.20013427734375,-248.9657440185547,-89.50603485107422,0.0004566056705426104,0.35,0.0,0.2711138980431951,0.016960144042984328,291,294,5.951739012066636,16.2711243812855
1884,94.2,ccurve,247,pure_pursuit,6.0,315.20013427734375,-248.99220275878906,315.20013427734375,-248.9657440185547,-89.4712142944336,-0.00043458431602093453,0.35,0.0,0.026458740234375,-0.017860412597618905,291,295,5.952097418063294,15.97355279767909
1885,94.25,ccurve,247,pure_pursuit,6.0,315.2029724121094,-249.28977966308594,315.20013427734375,-248.9657440185547,-89.50592041015625,0.000455810904119061,0.35,0.0,0.3240480734948604,0.01684570312503697,291,295,5.9524342372945265,15.675962414939029
1886,94.30000000000001,ccurve,247,pure_pursuit,6.0,315.2054138183594,-249.58743286132812,315.20013427734375,-248.9657440185547,-89.47116088867188,-0.00042675117588263843,0.35,0.0,0.6217112599770986,-0.017913818359331066,291,295,5.952789357194678,15.378299282698196
1887,94.35000000000001,ccurve,247,pure_pursuit,6.0,315.2082824707031,-249.8850860595703,315.20013427734375,-248.9657440185547,-89.50576782226562,0.0004519994356618359,0.35,0.0,0.9193781493127824,0.016693115234423527,291,295,5.953116335452652,15.080632336396592
1888,94.4,ccurve,247,pure_pursuit,6.0,315.2107238769531,-250.18275451660156,315.21795654296875,-250.96566772460938,-89.47100067138672,-0.0004268307610181544,0.35,0.0,0.7829466155050279,-0.018074035644518437,292,295,5.953463245155573,14.782953946040799
1889,94.45,ccurve,247,pure_pursuit,6.0,315.21356201171875,-250.48040771484375,315.21795654296875,-250.96566772460938,-89.50566864013672,0.00045688089384067954,0.35,0.0,0.4852799078703359,0.016593933105471356,292,295,5.9537840317263235,14.485287271926737
1890,94.5,ccurve,247,pure_pursuit,6.0,315.21600341796875,-250.77806091308594,315.21795654296875,-250.96566772460938,-89.47089385986328,-0.0004171778303351552,0.35,0.0,0.18761697798242094,-0.018180847167942757,292,295,5.954129131040854,14.187624140284095
1891,94.55000000000001,ccurve,247,pure_pursuit,6.0,315.2188720703125,-251.0757598876953,315.21795654296875,-250.96566772460938,-89.5054931640625,0.0004471219997211123,0.35,0.0,0.11009596978662667,0.0164184570312888,292,296,5.954449098820256,13.889911418841537
1892,94.60000000000001,ccurve,247,pure_pursuit,6.0,315.2213134765625,-251.37350463867188,315.21795654296875,-250.96566772460938,-89.47073364257812,-0.00043641907152171093,0.35,0.0,0.40785072940375605,-0.018341064453130128,292,296,5.954786304573134,13.592156738225226
1893,94.65,ccurve,247,pure_pursuit,6.0,315.2241516113281,-251.6712646484375,315.21795654296875,-250.96566772460938,-89.5053939819336,0.0004517105863771801,0.35,0.0,0.7056241193352805,0.016319274902336627,292,296,5.955098816220663,13.294383256274509
1894,94.7,ccurve,247,pure_pursuit,6.0,315.2265930175781,-251.96902465820312,315.23577880859375,-252.96559143066406,-89.470703125,-0.00042596944211713614,0.35,0.0,0.9966091062848025,-0.018371582031222283,293,296,5.955434352967593,12.996613318121906
1895,94.75,ccurve,247,pure_pursuit,6.0,315.22943115234375,-252.2667694091797,315.23577880859375,-252.96559143066406,-89.50533294677734,0.00045860253053122996,0.35,0.0,0.6988508499324991,0.016258239746101428,293,296,5.955737061692756,12.698855093802724
1896,94.80000000000001,ccurve,247,pure_pursuit,6.0,315.23187255859375,-252.5645294189453,315.23577880859375,-252.96559143066406,-89.4705810546875,-0.0004158980257977994,0.35,0.0,0.40108103424738656,-0.01849365234374357,293,296,5.956063121029102,12.401085156357409
1897,94.85000000000001,ccurve,247,pure_pursuit,6.0,315.2347412109375,-252.86231994628906,315.23577880859375,-252.96559143066406,-89.50518798828125,0.0004573821301662155,0.35,0.0,0.10327669676123517,0.016113281250011026,293,296,5.95636306147543,12.10328088438753
1898,94.9,ccurve,247,pure_pursuit,6.0,315.2371826171875,-253.16017150878906,315.23577880859375,-252.96559143066406,-89.47036743164062,-0.00043156402961122043,0.35,0.0,0.19458514198596713,-0.01870727539059221,293,297,5.956689957636883,11.805419398098634
1899,94.95,ccurve,247,pure_pursuit,6.0,315.2400207519531,-253.45802307128906,315.23577880859375,-252.96559143066406,-89.50499725341797,0.0004575249784624726,0.35,0.0,0.49244991092708434,0.0159225463867315,293,297,5.956988638522574,11.507554365705772
1900,95.0,ccurve,247,pure_pursuit,6.0,315.2424621582031,-253.75587463378906,315.23577880859375,-252.96559143066406,-89.4702377319336,-0.00042253667797694314,0.35,0.0,0.7903114628445618,-0.018836975097636537,293,297,5.95730610919558,11.209692880290723
1901,95.05000000000001,ccurve,247,pure_pursuit,6.0,315.2453308105469,-254.05372619628906,315.2536315917969,-254.96551513671875,-89.5048599243164,0.0004571786137871448,0.35,0.0,0.9118267241418473,0.015785217285164133,294,297,5.957601639247009,10.911827574523146
1902,95.10000000000001,ccurve,247,pure_pursuit,6.0,315.2477722167969,-254.35157775878906,315.2536315917969,-254.96551513671875,-89.4700927734375,-0.0004187165357700548,0.35,0.0,0.6139653380237117,-0.018981933593726942,294,297,5.957915708180603,10.613966089452399
1903,95.15,ccurve,247,pure_pursuit,6.0,315.2506103515625,-254.64942932128906,315.2536315917969,-254.96551513671875,-89.50466918945312,0.0004634155928738962,0.35,0.0,0.3161002540467253,0.015594482421884609,294,297,5.958203177801299,10.316101056038908
1904,95.2,ccurve,247,pure_pursuit,6.0,315.25311279296875,-254.94737243652344,315.2536315917969,-254.96551513671875,-89.46984100341797,-0.00042376189300367696,0.35,0.0,0.018150116324725196,-0.019233703613292553,294,297,5.958511139568243,10.018147476338385
1905,95.25,ccurve,247,pure_pursuit,6.0,315.25592041015625,-255.24533081054688,315.2536315917969,-254.96551513671875,-89.50445556640625,0.00044740854298110474,0.35,0.0,0.27982503463659186,0.015380859375035968,294,298,5.958794169756266,9.720175908589846
1906,95.30000000000001,ccurve,247,pure_pursuit,6.0,315.2584228515625,-255.54327392578125,315.2536315917969,-254.96551513671875,-89.46968841552734,-0.00044641997131224996,0.35,0.0,0.5777786552903352,-0.019386291503905997,294,298,5.959093283320492,9.422222329237092
1907,95.35000000000001,ccurve,247,pure_pursuit,6.0,315.26123046875,-255.8412322998047,315.2536315917969,-254.96551513671875,-89.50439453125,0.00044974015094679647,0.35,0.0,0.8757501314040617,0.01531982421874988,294,298,5.95937031644445,9.124250761169254
1908,95.4,ccurve,247,pure_pursuit,6.0,315.26373291015625,-256.13916015625,315.2714538574219,-256.9654541015625,-89.46968841552734,-0.0004394119385907316,0.35,0.0,0.8263300170553985,-0.019386291503905997,295,298,5.9596668185558626,8.826312440388936
1909,95.45,ccurve,247,pure_pursuit,6.0,315.26654052734375,-256.4371337890625,315.2714538574219,-256.9654541015625,-89.50439453125,0.00045442217905162775,0.35,0.0,0.528343158763842,0.01531982421874988,295,298,5.959940696579572,8.528325613783098
1910,95.5,ccurve,247,pure_pursuit,6.0,315.26904296875,-256.7350769042969,315.2714538574219,-256.9654541015625,-89.46966552734375,-0.0004316065304210669,0.35,0.0,0.23038981184972757,-0.019409179687475114,295,298,5.960232961055942,8.230372035280274
1911,95.55000000000001,ccurve,247,pure_pursuit,6.0,315.2718811035156,-257.03314208984375,315.2714538574219,-256.9654541015625,-89.50432586669922,0.00044308851917947893,0.35,0.0,0.06768933665495078,0.015251159667991641,295,299,5.960499301880939,7.932293386271571
1912,95.60000000000001,ccurve,247,pure_pursuit,6.0,315.27435302734375,-257.3311767578125,315.2714538574219,-256.9654541015625,-89.46959686279297,-0.00044440977925348487,0.35,0.0,0.3657341472720199,-0.01947784423823335,295,299,5.960785089327041,7.634248532178949
1913,95.65,ccurve,247,pure_pursuit,6.0,315.2771911621094,-257.6292419433594,315.2714538574219,-256.9654541015625,-89.50432586669922,0.00044723277805345396,0.35,0.0,0.6638126359014495,0.015251159667991641,295,299,5.961046497512744,7.336169882578347
1914,95.7,ccurve,247,pure_pursuit,6.0,315.2796630859375,-257.9272766113281,315.2714538574219,-256.9654541015625,-89.46966552734375,-0.0004349888650002821,0.35,0.0,0.9618575423235333,-0.019409179687475114,295,299,5.961331996362695,7.038125029238722
1915,95.75,ccurve,247,pure_pursuit,6.0,315.2825012207031,-258.2253112792969,315.2892761230469,-258.9653625488281,-89.50432586669922,0.00045204822069455327,0.35,0.0,0.7400822797747438,0.015251159667991641,296,299,5.961590722282938,6.740076895305321
1916,95.80000000000001,ccurve,247,pure_pursuit,6.0,315.28497314453125,-258.52337646484375,315.2892761230469,-258.9653625488281,-89.46959686279297,-0.00042782537395008905,0.35,0.0,0.4420070294236834,-0.01947784423823335,296,299,5.961868613135106,6.442001526504315
1917,95.85000000000001,ccurve,247,pure_pursuit,6.0,315.2878112792969,-258.8214111328125,315.2892761230469,-258.9653625488281,-89.5042724609375,0.0004564418319975756,0.35,0.0,0.14395886891788034,0.015197753906279482,296,299,5.962121677953754,6.143953391756588
1918,95.9,ccurve,247,pure_pursuit,6.0,315.290283203125,-259.11956787109375,315.2892761230469,-258.9653625488281,-89.46951293945312,0.0041681619462122475,0.35,0.0,0.15420861073665446,-0.019561767578088553,296,296,5.96239766586139,5.845786474999358
1919,95.95,ccurve,247,pure_pursuit,6.0,315.29339599609375,-259.4176940917969,315.2892761230469,-258.9653625488281,-89.49178314208984,-0.00036329075239013446,0.35,0.0,0.45235030465161896,0.002708435058630324,296,296,5.962635652017005,5.547644337253998
1920,96.0,ccurve,247,pure_pursuit,6.0,315.2961120605469,-259.7158508300781,315.2892761230469,-258.9653625488281,-89.44881439208984,0.0007816706757475559,0.35,0.0,0.75051941369633,-0.04026031494138211,296,296,5.962888044736956,5.249475234703867
1921,96.05000000000001,ccurve,247,pure_pursuit,6.0,315.2992248535156,-260.0140075683594,315.30712890625,-260.96527099609375,-89.47808074951172,-0.001222913722859774,0.35,0.0,0.9512962645751218,-0.010993957519505111,297,297,5.96318532851154,4.951302625220082
