step,time,route_name,spawn_index,controller_type,tuning_value,x,y,yaw_deg,steer,throttle,brake,cross_track_error,heading_error_deg,closest_waypoint,target_waypoint,speed,distance_to_goal
0,0.0,straightline,349,pure_pursuit,6.0,-364.3430480957031,37.064048767089844,-0.368408203125,-2.5754422368282303e-06,0.35,0.0,7.62939453125e-06,5.088887490341627e-14,0,3,0.9800000786781311,597.6172067986624
1,0.05,straightline,349,pure_pursuit,6.0,-364.3430480957031,37.064048767089844,-0.368408203125,-2.5754422368282303e-06,0.35,0.0,7.62939453125e-06,5.088887490341627e-14,0,3,1.470000147819519,597.6172067986624
2,0.1,straightline,349,pure_pursuit,6.0,-364.3430480957031,37.064048767089844,-0.368408203125,-2.5754422368282303e-06,0.35,0.0,7.62939453125e-06,5.088887490341627e-14,0,3,1.9600002765655518,597.6172067986624
3,0.15000000000000002,straightline,349,pure_pursuit,6.0,-364.3429870605469,37.064048767089844,-0.368408203125,-1.9093764263367707e-06,0.35,0.0,6.151014517439689e-05,5.088887490341627e-14,0,4,0.9199349297460216,597.6171457643981
4,0.2,straightline,349,pure_pursuit,6.0,-364.3429870605469,37.064048767089844,-0.368408203125,-1.9093764263367707e-06,0.35,0.0,6.151014517439689e-05,5.088887490341627e-14,0,4,0.34417790203304527,597.6171457643981
5,0.25,straightline,349,pure_pursuit,6.0,-364.3429870605469,37.064048767089844,-0.3683776557445526,-2.7239732382637747e-06,0.35,0.0,6.151014517439689e-05,-3.054738039840921e-05,0,4,0.06916984176553262,597.6171457643981
6,0.30000000000000004,straightline,349,pure_pursuit,6.0,-364.3429870605469,37.064048767089844,-0.3683776557445526,-2.7239732382637747e-06,0.35,0.0,6.151014517439689e-05,-3.054738039840921e-05,0,4,0.04898205780706618,597.6171457643981
7,0.35000000000000003,straightline,349,pure_pursuit,6.0,-364.3429870605469,37.064048767089844,-0.368408203125,-1.9093764263367707e-06,0.35,0.0,6.151014517439689e-05,5.088887490341627e-14,0,4,0.08883195385116842,597.6171457643981
8,0.4,straightline,349,pure_pursuit,6.0,-364.3429870605469,37.064048767089844,-0.368408203125,-1.9093764263367707e-06,0.35,0.0,6.151014517439689e-05,5.088887490341627e-14,0,4,0.09224654750346879,597.6171457643981
9,0.45,straightline,349,pure_pursuit,6.0,-364.3429870605469,37.064048767089844,-0.368408203125,-1.9093764263367707e-06,0.35,0.0,6.151014517439689e-05,5.088887490341627e-14,0,4,0.08080440030103221,597.6171457643981
10,0.5,straightline,349,pure_pursuit,6.0,-364.3429870605469,37.064048767089844,-0.368408203125,-1.9093764263367707e-06,0.35,0.0,6.151014517439689e-05,5.088887490341627e-14,0,4,0.06508419677093567,597.6171457643981
11,0.55,straightline,349,pure_pursuit,6.0,-364.3429870605469,37.064048767089844,-0.3684081733226776,-1.910171154932919e-06,0.35,0.0,6.151014517439689e-05,-2.9802306254062185e-08,0,4,0.04985408869578268,597.6171457643981
12,0.6000000000000001,straightline,349,pure_pursuit,6.0,-364.3429870605469,37.064048767089844,-0.3684081733226776,-1.910171154932919e-06,0.35,0.0,6.151014517439689e-05,-2.9802306254062185e-08,0,4,0.03692967453912844,597.6171457643981
13,0.65,straightline,349,pure_pursuit,6.0,-364.3429870605469,37.064048767089844,-0.3684081733226776,-1.910171154932919e-06,0.35,0.0,6.151014517439689e-05,-2.9802306254062185e-08,0,4,0.026707224636676137,597.6171457643981
14,0.7000000000000001,straightline,349,pure_pursuit,6.0,-364.3429870605469,37.064048767089844,-0.368408203125,-1.9093764263367707e-06,0.35,0.0,6.151014517439689e-05,5.088887490341627e-14,0,4,0.018968530079208953,597.6171457643981
15,0.75,straightline,349,pure_pursuit,6.0,-364.3429870605469,37.064048767089844,-0.368408203125,-1.9093764263367707e-06,0.35,0.0,6.151014517439689e-05,5.088887490341627e-14,0,4,0.013283317989091274,597.6171457643981
16,0.8,straightline,349,pure_pursuit,6.0,-364.3429870605469,37.064048767089844,-0.368408203125,-1.9093764263367707e-06,0.35,0.0,6.151014517439689e-05,5.088887490341627e-14,0,4,0.009199036403823285,597.6171457643981
17,0.8500000000000001,straightline,349,pure_pursuit,6.0,-364.3429870605469,37.064048767089844,-0.368408203125,-1.9093764263367707e-06,0.35,0.0,6.151014517439689e-05,5.088887490341627e-14,0,4,0.006310062653645804,597.6171457643981
18,0.9,straightline,349,pure_pursuit,6.0,-364.3429870605469,37.064048767089844,-0.368408203125,-1.9093764263367707e-06,0.35,0.0,6.151014517439689e-05,5.088887490341627e-14,0,4,0.00429523542167484,597.6171457643981
19,0.9500000000000001,straightline,349,pure_pursuit,6.0,-364.3429870605469,37.064048767089844,-0.368408203125,-1.9093764263367707e-06,0.35,0.0,6.151014517439689e-05,5.088887490341627e-14,0,4,0.002902728233127087,597.6171457643981
20,1.0,straightline,349,pure_pursuit,6.0,-364.3429870605469,37.064048767089844,-0.368408203125,-1.9093764263367707e-06,0.35,0.0,6.151014517439689e-05,5.088887490341627e-14,0,4,0.001952754665787872,597.6171457643981
21,1.05,straightline,349,pure_pursuit,6.0,-364.3429870605469,37.064048767089844,-0.368408203125,-1.9093764263367707e-06,0.35,0.0,6.151014517439689e-05,5.088887490341627e-14,0,4,0.0013055627883536488,597.6171457643981
22,1.1,straightline,349,pure_pursuit,6.0,-364.34027099609375,37.06403350830078,-0.3686217963695526,3.3644247175527277e-06,0.35,0.0,0.002777110089292769,0.00021359324459327634,0,4,0.26704825657589226,597.6144298221174
23,1.1500000000000001,straightline,349,pure_pursuit,6.0,-364.30364990234375,37.06379699707031,-0.3686828315258026,5.1802725091481015e-06,0.35,0.0,0.03939894979092051,0.0002746284008284755,0,4,1.0346715507058029,597.5778105421691
24,1.2000000000000002,straightline,349,pure_pursuit,6.0,-364.23931884765625,37.063385009765625,-0.3683471381664276,-4.110779861663763e-06,0.35,0.0,0.10373132315858233,-6.106495854145323e-05,0,4,1.4625268067340376,597.5134826556501
25,1.25,straightline,349,pure_pursuit,6.0,-364.15716552734375,37.062862396240234,-0.3687743842601776,6.154693535609921e-06,0.35,0.0,0.18588630571210898,0.0003661811352067187,0,4,1.7235429974279177,597.4313333636292
26,1.3,straightline,349,pure_pursuit,6.0,-364.0653381347656,37.06227493286133,-0.3690490424633026,1.2844603569130713e-05,0.35,0.0,0.2777155773150353,0.0006408393383414483,0,4,1.9039753010132934,597.3395104934569
27,1.35,straightline,349,pure_pursuit,6.0,-363.9662780761719,37.06163787841797,-0.368804931640625,6.299029375673515e-06,0.35,0.0,0.3767776841490651,0.0003967285156560168,0,4,2.0320988163917932,597.2404553336511
28,1.4000000000000001,straightline,349,pure_pursuit,6.0,-363.8610534667969,37.06095886230469,-0.3687438666820526,5.102378376210996e-06,0.35,0.0,0.48200448412442937,0.0003356635570636747,0,4,2.1525558846830406,597.1352359429923
29,1.4500000000000002,straightline,349,pure_pursuit,6.0,-363.7505798339844,37.06024932861328,-0.3687438666820526,4.876982864712145e-06,0.35,0.0,0.5924803954226264,0.0003356635570636747,0,4,2.2473249438819587,597.0247677738639
30,1.5,straightline,349,pure_pursuit,6.0,-363.63531494140625,37.059505462646484,-0.3687438666820526,5.380346783657268e-06,0.35,0.0,0.7077476881199632,0.0003356635570636747,0,4,2.345739493393993,596.9095086042786
31,1.55,straightline,349,pure_pursuit,6.0,-363.51556396484375,37.05873489379883,-0.368743896484375,5.442326832604659e-06,0.35,0.0,0.8275011438350912,0.0003356933594208176,0,4,2.4270631227245274,596.7897635645796
32,1.6,straightline,349,pure_pursuit,6.0,-363.3916015625,37.05793762207031,-0.368743896484375,5.421878576789958e-06,0.35,0.0,0.9514661099835505,0.0003356933594208176,0,4,2.515971247632585,596.6658073092949
33,1.6500000000000001,straightline,349,pure_pursuit,6.0,-363.2635498046875,37.05711364746094,-0.368743896484375,5.488724478610337e-06,0.35,0.0,0.9204598123780316,0.0003356933594208176,1,4,2.5912360632602542,596.5377619073076
34,1.7000000000000002,straightline,349,pure_pursuit,6.0,-363.1314697265625,37.0562629699707,-0.368743896484375,5.73628492604067e-06,0.35,0.0,0.7883769948416077,0.0003356933594208176,1,4,2.6752364815007392,596.4056883932502
35,1.75,straightline,349,pure_pursuit,6.0,-362.9955749511719,37.055389404296875,-0.368743896484375,5.615226460130228e-06,0.35,0.0,0.652479411769578,0.0003356933594208176,1,4,2.7471536101742497,596.2698003666791
36,1.8,straightline,349,pure_pursuit,6.0,-362.8558044433594,37.05449295043945,-0.3687133491039276,4.195559824691416e-06,0.35,0.0,0.5127060293173159,0.0003051459789715195,1,4,2.827922691588955,596.1300367936964
37,1.85,straightline,349,pure_pursuit,6.0,-362.7123718261719,37.05356979370117,-0.3686828017234802,3.5036402032708062e-06,0.35,0.0,0.36927044145088844,0.00027459859852222145,1,4,2.897482610665804,595.9866113153045
38,1.9000000000000001,straightline,349,pure_pursuit,6.0,-362.5651550292969,37.0526237487793,-0.3686828017234802,3.275100218606397e-06,0.35,0.0,0.22205060518848374,0.00027459859852222145,1,4,2.975665326410313,595.8394018426447
39,1.9500000000000002,straightline,349,pure_pursuit,6.0,-362.4143371582031,37.05165481567383,-0.3686828017234802,2.965795900611491e-06,0.35,0.0,0.07122962342282486,0.00027459859852222145,1,4,3.0432699907498657,595.6885914788585
40,2.0,straightline,349,pure_pursuit,6.0,-362.2599182128906,37.0506591796875,-0.3686828017234802,4.566385331700469e-06,0.35,0.0,0.08319253563095283,0.00027459859852222145,1,5,3.119120113674026,595.534180245112
41,2.0500000000000003,straightline,349,pure_pursuit,6.0,-362.10198974609375,37.049644470214844,-0.3686523139476776,3.544767088362872e-06,0.35,0.0,0.24112426123777358,0.0002441108226854315,1,5,3.184935469636793,595.37625965163
42,2.1,straightline,349,pure_pursuit,6.0,-361.9405517578125,37.048606872558594,-0.3686523139476776,3.3907464191998044e-06,0.35,0.0,0.40256558370064766,0.0002441108226854315,1,5,3.258536095798107,595.2148297195815
43,2.15,straightline,349,pure_pursuit,6.0,-361.7756652832031,37.047542572021484,-0.3686523139476776,4.159515164261054e-06,0.35,0.0,0.5674554929008152,0.0002441108226854315,1,5,3.322644364441426,595.0499515044417
44,2.2,straightline,349,pure_pursuit,6.0,-361.60736083984375,37.04646301269531,-0.3686217963695526,2.7354967524006893e-06,0.35,0.0,0.735763398542697,0.00021359324459327634,1,5,3.3940359827014417,594.8816554613019
45,2.25,straightline,349,pure_pursuit,6.0,-361.43585205078125,37.04535675048828,-0.3686217963695526,3.408470103270583e-06,0.35,0.0,0.907275755240727,0.00021359324459327634,1,5,3.4564950884976793,594.7101552728948
46,2.3000000000000003,straightline,349,pure_pursuit,6.0,-361.26092529296875,37.04423141479492,-0.3686217963695526,3.472612510375838e-06,0.35,0.0,0.9178046661395838,0.00021359324459327634,2,5,3.525704659396942,594.5352372781164
47,2.35,straightline,349,pure_pursuit,6.0,-361.082763671875,37.043087005615234,-0.36859130859375,2.3345887281950347e-06,0.35,0.0,0.7396393695904672,0.00018310546875648638,2,5,3.586266313282137,594.3570845800981
48,2.4000000000000004,straightline,349,pure_pursuit,6.0,-360.9013977050781,37.04191970825195,-0.3685912787914276,2.5218470560812183e-06,0.35,0.0,0.5582696463898357,0.0001830756664502323,2,5,3.652763906551438,594.175727717244
49,2.45,straightline,349,pure_pursuit,6.0,-360.71697998046875,37.040733337402344,-0.3685913383960724,2.589458719746646e-06,0.35,0.0,0.37384810583634553,0.0001831352711136293,2,5,3.7115373031910432,593.9913192547057
50,2.5,straightline,349,pure_pursuit,6.0,-360.5294494628906,37.03953170776367,-0.36859130859375,1.4827605847239048e-06,0.35,0.0,0.18631373880894359,0.00018310546875648638,2,5,3.775976789446886,593.8037981377371
51,2.5500000000000003,straightline,349,pure_pursuit,6.0,-360.3388671875,37.03830337524414,-0.3685913383960724,2.1145243805192735e-05,0.35,0.0,0.004272503512034143,0.0001831352711136293,2,6,3.833349927606459,593.613225463726
52,2.6,straightline,349,pure_pursuit,6.0,-360.1452941894531,37.03705978393555,-0.3685302734375,1.9707509378443525e-05,0.35,0.0,0.19784948815481515,0.00012207031252128723,2,6,3.8957351175211796,593.4196622045937
53,2.6500000000000004,straightline,349,pure_pursuit,6.0,-359.94879150390625,37.035797119140625,-0.368438720703125,1.7520276187696887e-05,0.35,0.0,0.3943562303105873,3.0517578143044024e-05,2,6,3.9517372909782886,593.2231694159092
54,2.7,straightline,349,pure_pursuit,6.0,-359.74932861328125,37.03451919555664,-0.3683776557445526,1.5386499198161928e-05,0.35,0.0,0.5938232146085579,-3.054738039840921e-05,2,6,4.011959911312745,593.0237165600098
55,2.75,straightline,349,pure_pursuit,6.0,-359.54705810546875,37.03321838378906,-0.3683166205883026,1.4258440701303426e-05,0.35,0.0,0.7960979051187309,-9.158253668449725e-05,2,6,4.066223581481375,592.8214562648386
56,2.8000000000000003,straightline,349,pure_pursuit,6.0,-359.3419494628906,37.03190231323242,-0.3682250380516052,1.1697966745780039e-05,0.35,0.0,0.9988000783041027,-0.0001831650733689945,3,6,4.124061294741757,592.616357971753
57,2.85,straightline,349,pure_pursuit,6.0,-359.1341247558594,37.03056716918945,-0.3681945502758026,1.112865904190682e-05,0.35,0.0,0.7909710826757815,-0.0002136528491548956,3,6,4.176729013690021,592.4085437706236
58,2.9000000000000004,straightline,349,pure_pursuit,6.0,-358.9236145019531,37.02921676635742,-0.3681334853172302,9.299147065203033e-06,0.35,0.0,0.58045649772733,-0.0002747178077472377,3,6,4.23243810934502,592.1980441579683
59,2.95,straightline,349,pure_pursuit,6.0,-358.71038818359375,37.02784729003906,-0.3681029975414276,8.66542075347574e-06,0.35,0.0,0.3672257820201901,-0.00030520558353313876,3,6,4.28368627975386,591.984828638118
60,3.0,straightline,349,pure_pursuit,6.0,-358.49456787109375,37.02646255493164,-0.3680419623851776,6.883317569040163e-06,0.35,0.0,0.1514010292050465,-0.0003662407398192268,3,6,4.337376904259329,591.7690192589072
61,3.0500000000000003,straightline,349,pure_pursuit,6.0,-358.2760925292969,37.02505874633789,-0.36801138520240784,0.0009809185091185547,0.35,0.0,0.06707883259745946,-0.000396817922574779,3,7,4.387295663350921,591.5505550075948
62,3.1,straightline,349,pure_pursuit,6.0,-358.05517578125,37.023681640625,-0.36505126953125,0.000921976029635493,0.35,0.0,0.2879998709934332,-0.0033569335936992875,3,7,4.438622249799466,591.3296492512028
63,3.1500000000000004,straightline,349,pure_pursuit,6.0,-357.8316955566406,37.022342681884766,-0.3607787787914276,0.000818329623521471,0.35,0.0,0.5114841046197357,-0.0076294243335381495,3,7,4.486674052419094,591.1061798577745
64,3.2,straightline,349,pure_pursuit,6.0,-357.60589599609375,37.021018981933594,-0.35662841796875,0.0007125010109186613,0.35,0.0,0.7372875408995632,-0.011779785156243217,3,7,4.535946918614842,590.8803910906936
65,3.25,straightline,349,pure_pursuit,6.0,-357.377685546875,37.01968765258789,-0.3529357314109802,0.000617820965033792,0.35,0.0,0.9655018703194465,-0.01547247171397583,3,7,4.5828495749604565,590.6521915255212
66,3.3000000000000003,straightline,349,pure_pursuit,6.0,-357.1470642089844,37.01835250854492,-0.3496399223804474,0.0005316990552561508,0.35,0.0,0.8038841082146082,-0.018768280744521155,4,7,4.630245732137347,590.4215811413789
67,3.35,straightline,349,pure_pursuit,6.0,-356.91412353515625,37.01704406738281,-0.3464354872703552,0.0004387236332381455,0.35,0.0,0.5709401480535435,-0.021972715854627543,4,7,4.6756549827303635,590.1886513203513
68,3.4000000000000004,straightline,349,pure_pursuit,6.0,-356.6789245605469,37.015708923339844,-0.3435058891773224,0.00035585598618443986,0.35,0.0,0.33573827202499507,-0.024902313947659894,4,7,4.720755984711205,589.9534633933079
69,3.45,straightline,349,pure_pursuit,6.0,-356.4415283203125,37.01433181762695,-0.3408812880516052,0.00028817855533475707,0.35,0.0,0.09834288751736794,-0.027526915073353777,4,7,4.764571632271044,589.7160784798793
70,3.5,straightline,349,pure_pursuit,6.0,-356.2018737792969,37.01295471191406,-0.3385009765625,0.0024781843950915567,0.35,0.0,0.14132734957414603,-0.029907226562473813,4,8,4.8077721067306065,589.4764353130054
71,3.5500000000000003,straightline,349,pure_pursuit,6.0,-355.9601135253906,37.011722564697266,-0.3293456733226776,0.0022739932406147063,0.35,0.0,0.3830881629291901,-0.03906252980229905,4,8,4.850298832542974,589.2346856707409
72,3.6,straightline,349,pure_pursuit,6.0,-355.7162780761719,37.01060104370117,-0.3171386420726776,0.001965924151125961,0.35,0.0,0.6269257940963333,-0.05126956105229044,4,8,4.892208340958501,588.990860259881
73,3.6500000000000004,straightline,349,pure_pursuit,6.0,-355.47027587890625,37.009517669677734,-0.3055419921875,0.0016650234066268692,0.35,0.0,0.8729302463887327,-0.06286621093747091,4,8,4.933498707477032,588.7448679323002
74,3.7,straightline,349,pure_pursuit,6.0,-355.2222900390625,37.00844192504883,-0.2952880561351776,0.0013969096472539275,0.35,0.0,0.8790713855875549,-0.07312014698978418,5,8,4.974178600175373,588.4968919607107
75,3.75,straightline,349,pure_pursuit,6.0,-354.9722900390625,37.00735092163086,-0.28674307465553284,0.0011763532586337609,0.35,0.0,0.6290743554950972,-0.08166512846946192,5,8,5.014151824419337,588.246901955973
76,3.8000000000000003,straightline,349,pure_pursuit,6.0,-354.72027587890625,37.00632095336914,-0.28106689453125,0.0010158916925457483,0.35,0.0,0.37707158206509533,-0.08734130859373979,5,8,5.050682368157527,587.9948974917617
77,3.85,straightline,349,pure_pursuit,6.0,-354.46844482421875,37.00532531738281,-0.2760619819164276,0.0008640261593743252,0.35,0.0,0.12530761731236248,-0.09234622120855371,5,8,5.034627604181723,587.7430759481283
78,3.9000000000000004,straightline,349,pure_pursuit,6.0,-354.2170104980469,37.00429916381836,-0.268585205078125,0.0028620031336031716,0.35,0.0,0.12633349210630238,-0.0998229980468659,5,9,4.9802329530533465,587.491651307548
79,3.95,straightline,349,pure_pursuit,6.0,-353.9650573730469,37.00333786010742,-0.2418518364429474,0.002200492589749393,0.35,0.0,0.37822145283523223,-0.12655636668203976,5,9,5.024811374049911,587.2397075229065
80,4.0,straightline,349,pure_pursuit,6.0,-353.71356201171875,37.00263595581055,-0.23236083984375,0.0019479315158153123,0.35,0.0,0.629706363408469,-0.13604736328123493,5,9,5.061385500212281,586.9882200494782
81,4.05,straightline,349,pure_pursuit,6.0,-353.462646484375,37.00193405151367,-0.2134399116039276,0.0014442960400383612,0.35,0.0,0.8806179661126092,-0.15496829152103295,5,9,5.031932859676268,586.7373124085052
82,4.1000000000000005,straightline,349,pure_pursuit,6.0,-353.209716796875,37.001258850097656,-0.2015686184167862,0.0011214010162834771,0.35,0.0,0.8570515891020232,-0.1323547214269638,6,9,5.040622605424571,586.4843904967713
83,4.15,straightline,349,pure_pursuit,6.0,-352.95867919921875,37.0005989074707,-0.19183345139026642,0.0008526270618180915,0.35,0.0,0.6060477419732636,-0.14208988845348355,6,9,5.041313040007262,586.2333605667586
84,4.2,straightline,349,pure_pursuit,6.0,-352.70477294921875,37.00003433227539,-0.2079772800207138,0.0012479027333479498,0.35,0.0,0.3522296053420144,-0.1259460598230362,6,9,5.0642373628992114,585.9794615008565
85,4.25,straightline,349,pure_pursuit,6.0,-352.452880859375,36.999210357666016,-0.1709900051355362,0.0018721664253795176,0.35,0.0,0.10083509005832057,-0.1629333347082138,6,10,5.016129861649073,585.7275780293936
86,4.3,straightline,349,pure_pursuit,6.0,-352.20050048828125,36.9986686706543,-0.1691894382238388,0.001843459782877335,0.35,0.0,0.15272624423937028,-0.1647339016199112,6,10,5.10980862167905,585.4752047037648
87,4.3500000000000005,straightline,349,pure_pursuit,6.0,-351.9454650878906,36.997982025146484,-0.124267578125,0.0006948263149807348,0.35,0.0,0.4074651226242396,-0.20965576171875,6,10,5.061659525767032,585.2201772141036
88,4.4,straightline,349,pure_pursuit,6.0,-351.69036865234375,36.99747085571289,-0.0905761644244194,-0.0001879819513404684,0.35,0.0,0.6624967084347019,-0.2433471754193306,6,10,5.134489684593643,584.9650877088552
89,4.45,straightline,349,pure_pursuit,6.0,-351.4359436035156,36.99678039550781,-0.012359618209302425,-0.0022174310853712493,0.35,0.0,0.9168913634300155,-0.3215637216344476,6,10,5.049263289768101,584.7106705973454
90,4.5,straightline,349,pure_pursuit,6.0,-351.18060302734375,36.996395111083984,0.012919384986162186,-0.002900721849862563,0.35,0.0,0.7649545075644106,-0.1176557131111622,7,10,5.148438486421257,584.4553362585214
91,4.55,straightline,349,pure_pursuit,6.0,-350.9261169433594,36.99574279785156,0.08123316615819931,-0.004668828986812096,0.35,0.0,0.5105391267757544,-0.1859694942831993,7,10,5.06562349541397,584.2008579117864
92,4.6000000000000005,straightline,349,pure_pursuit,6.0,-350.6700744628906,36.99536895751953,0.10342447459697723,-0.005271805424788871,0.35,0.0,0.254729378246292,-0.20816080272197726,7,10,5.16561352497876,583.9448216274506
93,4.65,straightline,349,pure_pursuit,6.0,-350.4144592285156,36.99489974975586,0.14340843260288239,-0.00517998154733585,0.35,0.0,0.015343258704309713,-0.2481447607278824,7,11,5.0697497402443314,583.6892131271867
94,4.7,straightline,349,pure_pursuit,6.0,-350.15728759765625,36.99457550048828,0.15987032651901245,-0.005599879245599219,0.35,0.0,0.2589772215448346,-0.2646066546440125,7,11,5.194651643539079,583.4320474416674
95,4.75,straightline,349,pure_pursuit,6.0,-349.89990234375,36.994056701660156,0.21876616775989532,-0.007110053689671127,0.35,0.0,0.5161321732787194,-0.3235024958848953,7,11,5.143522993347289,583.1746692430061
96,4.800000000000001,straightline,349,pure_pursuit,6.0,-349.64080810546875,36.99400329589844,0.20800581574440002,-0.006857835487060124,0.35,0.0,0.7751579045877449,-0.3127421438694,7,11,5.221766772590578,582.9155794586813
97,4.8500000000000005,straightline,349,pure_pursuit,6.0,-349.38238525390625,36.9936408996582,0.2455718070268631,-0.00782849624757828,0.35,0.0,0.9167915362574371,-0.16874380409717557,8,11,5.125623978927114,582.657162804754
98,4.9,straightline,349,pure_pursuit,6.0,-349.12213134765625,36.99343490600586,0.2550675868988037,-0.008084470609705756,0.35,0.0,0.6565747516672512,-0.17823958396911624,8,11,5.263571475286851,582.3969142447215
99,4.95,straightline,349,pure_pursuit,6.0,-348.8611145019531,36.993038177490234,0.30211102962493896,-0.009296482471484601,0.35,0.0,0.3956378870229102,-0.22528302669525146,8,11,5.220745928440409,582.1359038440892
100,5.0,straightline,349,pure_pursuit,6.0,-348.5983581542969,36.99309158325195,0.27717286348342896,-0.008697942076598469,0.35,0.0,0.13332437348623297,-0.20034486055374143,8,11,5.2937157192431465,581.8731514213207
101,5.050000000000001,straightline,349,pure_pursuit,6.0,-348.3363952636719,36.99281311035156,0.30223581194877625,-0.008503816453152962,0.35,0.0,0.12995641548153952,-0.22540780901908877,8,12,5.1973257920976685,581.6111943303492
102,5.1000000000000005,straightline,349,pure_pursuit,6.0,-348.07269287109375,36.99272155761719,0.30174291133880615,-0.00848768700328987,0.35,0.0,0.39321782323258087,-0.22491490840911865,8,12,5.3272405522772095,581.3474967091496
103,5.15,straightline,349,pure_pursuit,6.0,-347.8086242675781,36.992454528808594,0.3425103724002838,-0.009535078023050805,0.35,0.0,0.6571958703066751,-0.2656823694705963,8,12,5.278871148511554,581.0834338844438
104,5.2,straightline,349,pure_pursuit,6.0,-347.5428466796875,36.992637634277344,0.315112829208374,-0.00885912463011748,0.35,0.0,0.9229408859552948,-0.23828482627868655,8,12,5.353226523435106,580.8176595491276
105,5.25,straightline,349,pure_pursuit,6.0,-347.27783203125,36.992496490478516,0.3382299840450287,-0.009461645025534971,0.35,0.0,0.8121955202584435,-0.2614019811153412,9,12,5.259196123936917,580.552649988184
106,5.300000000000001,straightline,349,pure_pursuit,6.0,-347.0111389160156,36.992462158203125,0.33415547013282776,-0.009363005667867519,0.35,0.0,0.5455319551205594,-0.2573274672031403,9,12,5.387240626771516,580.2859613844698
107,5.3500000000000005,straightline,349,pure_pursuit,6.0,-346.7439880371094,36.992218017578125,0.36966413259506226,-0.010269685965681867,0.35,0.0,0.278460019166441,-0.29283612966537476,9,12,5.336513600552718,580.018816223194
108,5.4,straightline,349,pure_pursuit,6.0,-346.47454833984375,36.9922981262207,0.35842591524124146,-0.010008868265535308,0.35,0.0,0.013216001472346332,-0.28159791231155396,9,12,5.4327820768715736,579.7493804389997
109,5.45,straightline,349,pure_pursuit,6.0,-346.2055358886719,36.99226379394531,0.36653536558151245,-0.00958810156555535,0.35,0.0,0.26034614626393876,-0.28970736265182495,9,13,5.339152555949518,579.480372549785
110,5.5,straightline,349,pure_pursuit,6.0,-345.9353332519531,36.992366790771484,0.3519253432750702,-0.009212859797358707,0.35,0.0,0.5304570802264071,-0.2750973403453827,9,13,5.448367633989994,579.2101737156299
111,5.550000000000001,straightline,349,pure_pursuit,6.0,-345.66546630859375,36.99224853515625,0.3814125955104828,-0.009967615772085926,0.35,0.0,0.8002915187447838,-0.3045845925807953,9,13,5.379624893836315,578.9403118349715
112,5.6000000000000005,straightline,349,pure_pursuit,6.0,-345.39385986328125,36.99241638183594,0.36835217475891113,-0.009648405941655377,0.35,0.0,0.9281899794428486,-0.29152417182922363,10,13,5.4731754203533365,578.6687088526909
113,5.65,straightline,349,pure_pursuit,6.0,-345.1219787597656,36.99237060546875,0.3974009156227112,-0.010405373682884064,0.35,0.0,0.6563201190341486,-0.3205729126930237,10,13,5.391379226833902,578.3968324395973
114,5.7,straightline,349,pure_pursuit,6.0,-344.8474426269531,36.99250411987305,0.39814919233322144,-0.010449040978499196,0.35,0.0,0.38181500656856543,-0.32132118940353394,10,13,5.544859122251585,578.1223000208279
115,5.75,straightline,349,pure_pursuit,6.0,-344.5725402832031,36.99248504638672,0.4261738061904907,-0.01118397664614816,0.35,0.0,0.10709279111444592,-0.3493458032608032,10,13,5.487355955345926,577.8474022726184
116,5.800000000000001,straightline,349,pure_pursuit,6.0,-344.29595947265625,36.99275207519531,0.40663138031959534,-0.010231438545323499,0.35,0.0,0.1699084368755085,-0.32980337738990784,10,14,5.569048391464101,577.5708244537393
117,5.8500000000000005,straightline,349,pure_pursuit,6.0,-344.0196838378906,36.9928092956543,0.42891597747802734,-0.010814852335511107,0.35,0.0,0.44607997926752124,-0.35208797454833984,10,14,5.47799721566997,577.2945530086032
118,5.9,straightline,349,pure_pursuit,6.0,-343.7413330078125,36.99304962158203,0.42292872071266174,-0.010681848199723953,0.35,0.0,0.7244081900703914,-0.34610071778297424,10,14,5.616093577233725,577.0162053584153
119,5.95,straightline,349,pure_pursuit,6.0,-343.4630432128906,36.993125915527344,0.4469945430755615,-0.011316513417625596,0.35,0.0,0.9973284273324177,-0.370166540145874,11,14,5.551898249416813,576.7379196845277
120,6.0,straightline,349,pure_pursuit,6.0,-343.1833801269531,36.99348449707031,0.42473575472831726,-0.010779435415153983,0.35,0.0,0.7176735143866421,-0.34790775179862976,11,14,5.62998936889876,576.4582591295082
121,6.050000000000001,straightline,349,pure_pursuit,6.0,-342.9040832519531,36.99359893798828,0.44341492652893066,-0.011280956952478105,0.35,0.0,0.43839223625369195,-0.36658692359924316,11,14,5.537983769481519,576.1789661807788
122,6.1000000000000005,straightline,349,pure_pursuit,6.0,-342.6228942871094,36.993873596191406,0.4328688085079193,-0.011043095043022363,0.35,0.0,0.15728105539579496,-0.3560408055782318,11,14,5.671098309012066,575.8977802588048
123,6.15,straightline,349,pure_pursuit,6.0,-342.34185791015625,36.99395751953125,0.4536153972148895,-0.01120146131749882,0.35,0.0,0.12402150408859804,-0.376787394285202,11,15,5.605170755069365,575.6167480189947
124,6.2,straightline,349,pure_pursuit,6.0,-342.05950927734375,36.99433517456055,0.4285869598388672,-0.010576799566414974,0.35,0.0,0.4062713039646902,-0.3517589569091797,11,15,5.6798336637379405,575.3344018639525
125,6.25,straightline,349,pure_pursuit,6.0,-341.7776184082031,36.99448013305664,0.4462881088256836,-0.011046243512764028,0.35,0.0,0.6881423273421711,-0.3694601058959961,11,15,5.5869970295828635,575.052514803102
126,6.300000000000001,straightline,349,pure_pursuit,6.0,-341.4938659667969,36.994808197021484,0.43511590361595154,-0.010785156276403784,0.35,0.0,0.9718877277390001,-0.35828790068626404,11,15,5.716227841657598,574.768765153173
127,6.3500000000000005,straightline,349,pure_pursuit,6.0,-341.21038818359375,36.99494934082031,0.45555582642555237,-0.011327788196664577,0.35,0.0,0.7446725713715837,-0.3787278234958649,12,15,5.649248422455564,574.4852912334547
128,6.4,straightline,349,pure_pursuit,6.0,-340.92578125,36.995361328125,0.4309064745903015,-0.010731825224114554,0.35,0.0,0.460077918063234,-0.354078471660614,12,15,5.724584113332749,574.2006866295393
129,6.45,straightline,349,pure_pursuit,6.0,-340.64154052734375,36.99552536010742,0.44725361466407776,-0.01117337676706265,0.35,0.0,0.17588288234287572,-0.37042561173439026,12,15,5.632952261696761,573.9164496584211
130,6.5,straightline,349,pure_pursuit,6.0,-340.35565185546875,36.9958610534668,0.4340262711048126,-0.010529996949969726,0.35,0.0,0.11020619711531766,-0.3571982681751251,12,16,5.758553664152452,573.6305637818988
131,6.550000000000001,straightline,349,pure_pursuit,6.0,-340.070068359375,36.99601364135742,0.4537320137023926,-0.011046905934455425,0.35,0.0,0.39569847787642964,-0.37690401077270513,12,16,5.691374561256197,573.344984132527
132,6.6000000000000005,straightline,349,pure_pursuit,6.0,-339.7833251953125,36.99644470214844,0.42945143580436707,-0.010448231572559273,0.35,0.0,0.6824292461748314,-0.35262343287467957,12,16,5.7664037537139485,573.0582432354679
133,6.65,straightline,349,pure_pursuit,6.0,-339.4970703125,36.99664306640625,0.4463220238685608,-0.010900330394702387,0.35,0.0,0.9686777724606784,-0.3694940209388733,12,16,5.675623954144548,572.7719919539737
134,6.7,straightline,349,pure_pursuit,6.0,-339.20928955078125,36.99701690673828,0.43342819809913635,-0.010598484508476022,0.35,0.0,0.7435705566802197,-0.3566001951694489,13,16,5.799267528452964,572.4842138117533
135,6.75,straightline,349,pure_pursuit,6.0,-338.92193603515625,36.99720001220703,0.4530935287475586,-0.011123489950654228,0.35,0.0,0.4562247582713789,-0.3762655258178711,13,16,5.731238640064576,572.1968640105456
136,6.800000000000001,straightline,349,pure_pursuit,6.0,-338.6334228515625,36.99764633178711,0.42811235785484314,-0.010523083060408734,0.35,0.0,0.16775286809862297,-0.35128435492515564,13,16,5.805382081418027,571.9083530469657
137,6.8500000000000005,straightline,349,pure_pursuit,6.0,-338.345458984375,36.99784469604492,0.4439610242843628,-0.010658204836163048,0.35,0.0,0.1203591963635322,-0.3671330213546753,13,17,5.714420096898759,571.6203928232688
138,6.9,straightline,349,pure_pursuit,6.0,-338.05584716796875,36.99821853637695,0.430614709854126,-0.010332533675869848,0.35,0.0,0.4099122400862967,-0.3537867069244385,13,17,5.835237372122529,571.3307836690491
139,6.95,straightline,349,pure_pursuit,6.0,-337.7666015625,36.998416900634766,0.4503304660320282,-0.010854192488162821,0.35,0.0,0.6991466163760074,-0.3735024631023407,13,17,5.766556256448525,571.0415417354884
140,7.0,straightline,349,pure_pursuit,6.0,-337.476318359375,36.99888229370117,0.4260682165622711,-0.01026086744493378,0.35,0.0,0.9894266826990913,-0.3492402136325836,13,17,5.839843192005287,570.7512606833596
141,7.050000000000001,straightline,349,pure_pursuit,6.0,-337.1866455078125,36.99909973144531,0.4424762427806854,-0.010700375137110694,0.35,0.0,0.720923903334124,-0.3656482398509979,14,17,5.749418973161986,570.4615914075606
142,7.1000000000000005,straightline,349,pure_pursuit,6.0,-336.89544677734375,36.9995002746582,0.42844265699386597,-0.010371586366599548,0.35,0.0,0.4297332020216937,-0.35161465406417847,14,17,5.867039072511128,570.1703952238166
143,7.15,straightline,349,pure_pursuit,6.0,-336.6046447753906,36.99969482421875,0.4473441243171692,-0.010874116109343879,0.35,0.0,0.13896817320127786,-0.3705161213874817,14,17,5.797810449113076,569.8795969558284
144,7.2,straightline,349,pure_pursuit,6.0,-336.3127746582031,37.000144958496094,0.4224174916744232,-0.010004559165378363,0.35,0.0,0.15301333587280627,-0.3455894887447357,14,18,5.871228842832619,569.5877291159906
145,7.25,straightline,349,pure_pursuit,6.0,-336.021484375,37.000370025634766,0.43871814012527466,-0.010436164072388855,0.35,0.0,0.4442669964489269,-0.36189013719558716,14,18,5.7816745981123265,569.2964424054469
146,7.300000000000001,straightline,349,pure_pursuit,6.0,-335.72869873046875,37.00077819824219,0.42487454414367676,-0.010101983454868704,0.35,0.0,0.7370462539808992,-0.34804654121398926,14,18,5.8971463325372415,569.0036593023818
147,7.3500000000000005,straightline,349,pure_pursuit,6.0,-335.4363708496094,37.000999450683594,0.44445890188217163,-0.010621205950503402,0.35,0.0,0.970645131493654,-0.36763089895248413,15,18,5.82748217144239,568.7113350407266
148,7.4,straightline,349,pure_pursuit,6.0,-335.1429748535156,37.00147247314453,0.4205505847930908,-0.01003784354435931,0.35,0.0,0.6772523154772767,-0.3437225818634033,15,18,5.900934776258347,568.4179412268674
149,7.45,straightline,349,pure_pursuit,6.0,-334.8501892089844,37.001712799072266,0.43692082166671753,-0.010477909523323009,0.35,0.0,0.3844732987018437,-0.36009281873703003,15,18,5.812156990361243,568.1251591056636
150,7.5,straightline,349,pure_pursuit,6.0,-334.5560607910156,37.00212860107422,0.42206910252571106,-0.010129544573404078,0.35,0.0,0.09040211917807127,-0.34524109959602356,15,18,5.925191054004926,567.8310332198218
151,7.550000000000001,straightline,349,pure_pursuit,6.0,-334.2622985839844,37.00233459472656,0.440964013338089,-0.010394512792559603,0.35,0.0,0.2034650152805056,-0.3641360104084015,15,19,5.854360344274499,567.5372747587573
152,7.6000000000000005,straightline,349,pure_pursuit,6.0,-333.9674987792969,37.0028076171875,0.4166935980319977,-0.009790064926095325,0.35,0.0,0.4982480056883796,-0.3398655951023102,15,19,5.926305787387259,567.2424771717714
153,7.65,straightline,349,pure_pursuit,6.0,-333.67340087890625,37.003055572509766,0.4334878623485565,-0.010236522352145621,0.35,0.0,0.792340580644853,-0.356659859418869,15,19,5.837400650092866,566.9483827866078
154,7.7,straightline,349,pure_pursuit,6.0,-333.3779296875,37.00348663330078,0.4189318120479584,-0.009887113511036851,0.35,0.0,0.9122036667482412,-0.3421038091182709,16,19,5.947654598627981,566.6529140738312
155,7.75,straightline,349,pure_pursuit,6.0,-333.0828857421875,37.00372314453125,0.43832337856292725,-0.010401540669295675,0.35,0.0,0.6171619328502744,-0.36149537563323975,16,19,5.876092674905837,566.3578737332838
156,7.800000000000001,straightline,349,pure_pursuit,6.0,-332.7869567871094,37.004207611083984,0.4148963391780853,-0.009833708532050907,0.35,0.0,0.3212416314789243,-0.3380683362483978,16,19,5.949414024884053,566.0619469603957
157,7.8500000000000005,straightline,349,pure_pursuit,6.0,-332.4916687011719,37.00445556640625,0.4313586950302124,-0.010275274110268837,0.35,0.0,0.026137107558886825,-0.3545306921005249,16,19,5.861750967712817,565.7666624238835
158,7.9,straightline,349,pure_pursuit,6.0,-332.1950988769531,37.004886627197266,0.41559767723083496,-0.009680619792849383,0.35,0.0,0.2706542991557406,-0.33876967430114746,16,20,5.968887648694709,565.4700951093075
159,7.95,straightline,349,pure_pursuit,6.0,-331.8990478515625,37.005123138427734,0.4347327649593353,-0.010183642918317968,0.35,0.0,0.5666941357282469,-0.3579047620296478,16,20,5.896442683366943,565.1740477200545
160,8.0,straightline,349,pure_pursuit,6.0,-331.60211181640625,37.005611419677734,0.41204336285591125,-0.009624537002713755,0.35,0.0,0.8636279500991664,-0.33521535992622375,16,20,5.97039924392915,564.8771138739447
161,8.05,straightline,349,pure_pursuit,6.0,-331.3058166503906,37.00586700439453,0.42927172780036926,-0.010081978036161674,0.35,0.0,0.8400901169100964,-0.35244372487068176,17,20,5.882293735649493,564.5808222442795
162,8.1,straightline,349,pure_pursuit,6.0,-331.00836181640625,37.00631332397461,0.41414207220077515,-0.009720708045403719,0.35,0.0,0.5426382776082901,-0.33731406927108765,17,20,5.988132689949737,564.2833698586364
163,8.15,straightline,349,pure_pursuit,6.0,-330.7115173339844,37.006561279296875,0.43359264731407166,-0.01023714264456112,0.35,0.0,0.24580262674803763,-0.35676464438438416,17,20,5.915264819647758,563.9865289735657
164,8.200000000000001,straightline,349,pure_pursuit,6.0,-330.4136962890625,37.007049560546875,0.41073328256607056,-0.009489735486266204,0.35,0.0,0.052125725422438283,-0.33390527963638306,17,21,5.989205122765494,563.6887101448004
165,8.25,straightline,349,pure_pursuit,6.0,-330.1165466308594,37.0073127746582,0.42802301049232483,-0.00994651326350497,0.35,0.0,0.3491984855962975,-0.35119500756263733,17,21,5.90236456772027,563.3915640072938
166,8.3,straightline,349,pure_pursuit,6.0,-329.8181457519531,37.00777053833008,0.4131922125816345,-0.009586623727624883,0.15,0.0,0.6475943785036776,-0.336364209651947,17,21,6.007157795498744,563.0931655385858
167,8.35,straightline,349,pure_pursuit,6.0,-329.52056884765625,37.00802993774414,0.43247032165527344,-0.010096468189064513,0.35,0.0,0.9451687916682244,-0.35564231872558594,17,21,5.9222199864943725,562.7955921917421
168,8.4,straightline,349,pure_pursuit,6.0,-329.22320556640625,37.008548736572266,0.4087021052837372,-0.009516798453065767,0.35,0.0,0.7574792757255715,-0.3318741023540497,18,21,5.970281898133316,562.4982309527173
169,8.450000000000001,straightline,349,pure_pursuit,6.0,-328.9277648925781,37.00883483886719,0.4248763620853424,-0.009952560803784335,0.35,0.0,0.462041466869873,-0.3480483591556549,18,21,5.861664192882695,562.2027936508769
170,8.5,straightline,349,pure_pursuit,6.0,-328.6319885253906,37.00930404663086,0.408006489276886,-0.00955291726101267,0.35,0.0,0.16628151530265267,-0.3311784863471985,18,21,5.949000604176711,561.9070195944996
171,8.55,straightline,349,pure_pursuit,6.0,-328.33740234375,37.00954818725586,0.4277289807796478,-0.009893211462478083,0.35,0.0,0.12835994111309268,-0.3509009778499603,18,22,5.8639174572921835,561.6124370226019
172,8.6,straightline,349,pure_pursuit,6.0,-328.0422668457031,37.01003646850586,0.4066043198108673,-0.009369457070751432,0.35,0.0,0.4234757386951891,-0.3297763168811798,18,22,5.934565551190737,561.3173037189283
173,8.65,straightline,349,pure_pursuit,6.0,-327.74798583984375,37.01029968261719,0.4256701171398163,-0.009873544174069103,0.35,0.0,0.7177523795188602,-0.3488421142101288,18,22,5.842969086169201,561.0230262130823
174,8.700000000000001,straightline,349,pure_pursuit,6.0,-327.4526672363281,37.01074981689453,0.4121980369091034,-0.009550292433369903,0.35,0.0,0.9869090291801323,-0.3353700339794159,19,22,5.946498340420414,560.7277100364446
175,8.75,straightline,349,pure_pursuit,6.0,-327.15789794921875,37.01100158691406,0.43350768089294434,-0.010112506260502157,0.35,0.0,0.6921407723205727,-0.35667967796325684,19,22,5.87242948042157,560.4329443319115
176,8.8,straightline,349,pure_pursuit,6.0,-326.86224365234375,37.011497497558594,0.41217365860939026,-0.009595178202724604,0.35,0.0,0.39649048459417746,-0.33534565567970276,19,22,5.946475663478819,560.1372922056574
177,8.85,straightline,349,pure_pursuit,6.0,-326.5672912597656,37.01176071166992,0.4303419291973114,-0.01007806847762208,0.35,0.0,0.10156188360586552,-0.3535139262676239,19,22,5.858663217011278,559.8423433388397
178,8.9,straightline,349,pure_pursuit,6.0,-326.27099609375,37.012210845947266,0.4156320095062256,-0.009554040788261962,0.35,0.0,0.1947849880721918,-0.3388040065765381,19,23,5.965427074759039,559.5460506289796
179,8.950000000000001,straightline,349,pure_pursuit,6.0,-325.9752197265625,37.01245880126953,0.4363380968570709,-0.010096386617716016,0.35,0.0,0.49054974421911995,-0.3595100939273834,19,23,5.890881813222182,559.2502778985134
180,9.0,straightline,349,pure_pursuit,6.0,-325.6785583496094,37.01296615600586,0.41432079672813416,-0.009553459578407263,0.35,0.0,0.78720948140155,-0.33749279379844666,19,23,5.964006555679842,558.9536186544702
181,9.05,straightline,349,pure_pursuit,6.0,-325.3825988769531,37.013248443603516,0.4322425425052643,-0.010029736356628747,0.35,0.0,0.9168404796142058,-0.3554145395755768,20,23,5.876126959642277,558.657662627281
182,9.1,straightline,349,pure_pursuit,6.0,-325.08538818359375,37.01372146606445,0.417726069688797,-0.009684637179060707,0.35,0.0,0.6196313586427941,-0.3408980667591095,20,23,5.981588541480335,558.3604542839954
183,9.15,straightline,349,pure_pursuit,6.0,-324.7886962890625,37.01398468017578,0.43754228949546814,-0.01020839097823037,0.35,0.0,0.3229432453288562,-0.36071428656578064,20,23,5.908440021408457,558.0637659668308
184,9.200000000000001,straightline,349,pure_pursuit,6.0,-324.4911193847656,37.01449966430664,0.41502776741981506,-0.0096665569038847,0.35,0.0,0.02548515422363641,-0.33819976449012756,20,23,5.98167154517114,557.7661911784529
185,9.25,straightline,349,pure_pursuit,6.0,-324.19427490234375,37.01477813720703,0.4320676326751709,-0.009954495857191745,0.35,0.0,0.27149881362683964,-0.3552396297454834,20,24,5.894045980276429,557.4693501934744
186,9.3,straightline,349,pure_pursuit,6.0,-323.8962097167969,37.01525115966797,0.4169953167438507,-0.009586990043830918,0.35,0.0,0.5695589649151882,-0.3401673138141632,20,24,5.998176868549115,557.1712873852692
187,9.35,straightline,349,pure_pursuit,6.0,-323.5987243652344,37.01551818847656,0.43680644035339355,-0.01010853189094164,0.35,0.0,0.8670421389373619,-0.35997843742370605,20,24,5.924749322476427,556.8738056168925
188,9.4,straightline,349,pure_pursuit,6.0,-323.30029296875,37.01604080200195,0.41460224986076355,-0.009566063389931326,0.35,0.0,0.8345348339244572,-0.33777424693107605,21,24,5.998092878954995,556.5753763183412
189,9.450000000000001,straightline,349,pure_pursuit,6.0,-323.0027770996094,37.01633071899414,0.4319242238998413,-0.010027912866413963,0.35,0.0,0.5370204215190885,-0.3550962209701538,21,24,5.908801949487942,556.2778639052842
190,9.5,straightline,349,pure_pursuit,6.0,-322.7041015625,37.016807556152344,0.41671934723854065,-0.009667925291418245,0.15,0.0,0.23835196118245222,-0.33989134430885315,21,24,6.012384480619905,555.9791907462228
191,9.55,straightline,349,pure_pursuit,6.0,-322.40625,37.017086029052734,0.4355454444885254,-0.01001713540480399,0.35,0.0,0.0595587128930568,-0.3587174415588379,21,25,5.926344674046937,555.6813427203779
192,9.600000000000001,straightline,349,pure_pursuit,6.0,-322.1087341308594,37.01762008666992,0.4117182195186615,-0.009426363312646924,0.35,0.0,0.35703741825793833,-0.334890216588974,21,25,5.973336684314797,555.3838288778494
193,9.65,straightline,349,pure_pursuit,6.0,-321.8132019042969,37.0179328918457,0.4282124936580658,-0.009868783272500764,0.35,0.0,0.6525655811594422,-0.3513844907283783,21,25,5.863701414133165,555.0882999520503
194,9.700000000000001,straightline,349,pure_pursuit,6.0,-321.5174255371094,37.0184211730957,0.4118098020553589,-0.009472181317996625,0.35,0.0,0.9483411992424965,-0.3349817991256714,21,25,5.949913015743857,554.7925258573056
195,9.75,straightline,349,pure_pursuit,6.0,-321.22283935546875,37.01869201660156,0.4320278763771057,-0.010006744208255916,0.35,0.0,0.7570812824800022,-0.3551998734474182,22,25,5.863726408974949,554.4979432147671
196,9.8,straightline,349,pure_pursuit,6.0,-320.9277038574219,37.01919937133789,0.41089749336242676,-0.00949411711462497,0.35,0.0,0.4619483156444431,-0.33406949043273926,22,25,5.933173489010707,554.2028098714326
197,9.850000000000001,straightline,349,pure_pursuit,6.0,-320.6335754394531,37.019474029541016,0.429495632648468,-0.009988311970697801,0.35,0.0,0.16782970971238229,-0.3526676297187805,22,25,5.8404165548485905,553.9086849691846
198,9.9,straightline,349,pure_pursuit,6.0,-320.3384094238281,37.019927978515625,0.41545188426971436,-0.0094986667601612,0.35,0.0,0.12737611421711287,-0.33862388134002686,22,26,5.942930089991164,553.6135214307408
199,9.950000000000001,straightline,349,pure_pursuit,6.0,-320.0438537597656,37.02019119262695,0.4366033971309662,-0.010054335826493689,0.35,0.0,0.42191514059408936,-0.3597753942012787,22,26,5.8677499601887035,553.3189693648962
200,10.0,straightline,349,pure_pursuit,6.0,-319.74847412109375,37.02070617675781,0.41546761989593506,-0.009534369444258079,0.35,0.0,0.7172930472691681,-0.33863961696624756,22,26,5.9406133880877885,553.0235918522857
201,10.05,straightline,349,pure_pursuit,6.0,-319.45379638671875,37.020992279052734,0.4340296685695648,-0.010026750115974092,0.35,0.0,0.9880375844741275,-0.3572016656398773,23,26,5.85153372631703,552.7289175899705
202,10.100000000000001,straightline,349,pure_pursuit,6.0,-319.1579284667969,37.02146530151367,0.420155793428421,-0.009696392217994777,0.35,0.0,0.6921706914223192,-0.3433277904987335,23,26,5.957467353691196,552.4330520593142
203,10.15,straightline,349,pure_pursuit,6.0,-318.8626403808594,37.02173614501953,0.44048750400543213,-0.01023363848953523,0.35,0.0,0.396884799417214,-0.3636595010757447,23,26,5.884017899982476,552.1377675538442
204,10.200000000000001,straightline,349,pure_pursuit,6.0,-318.56640625,37.02225875854492,0.41815364360809326,-0.009695544087645789,0.35,0.0,0.10067179433361509,-0.3413256406784058,23,26,5.956826271891796,551.8415355310125
205,10.25,straightline,349,pure_pursuit,6.0,-318.27093505859375,37.02253723144531,0.43567222356796265,-0.010010748102229615,0.35,0.0,0.19484043684986221,-0.35884422063827515,23,27,5.868227649159236,551.546067885309
206,10.3,straightline,349,pure_pursuit,6.0,-317.9742431640625,37.02301025390625,0.42062750458717346,-0.009642332277419901,0.35,0.0,0.4915251888095482,-0.34379950165748596,23,27,5.970696475625178,551.2493784072461
207,10.350000000000001,straightline,349,pure_pursuit,6.0,-317.6781921386719,37.023284912109375,0.44067516922950745,-0.010170472270006463,0.35,0.0,0.7875738922346488,-0.36384716629981995,23,27,5.8960286317649215,550.9533309678179
208,10.4,straightline,349,pure_pursuit,6.0,-317.38128662109375,37.02381134033203,0.41839420795440674,-0.009624788737976129,0.35,0.0,0.9155280121165061,-0.34156620502471924,24,27,5.968408761818324,550.6564275597275
209,10.450000000000001,straightline,349,pure_pursuit,6.0,-317.08514404296875,37.02410888671875,0.435875803232193,-0.010091068361606257,0.35,0.0,0.6193863564584742,-0.3590478003025055,24,27,5.879618630286584,550.3602884404938
210,10.5,straightline,349,pure_pursuit,6.0,-316.7878112792969,37.024593353271484,0.4208839237689972,-0.009736333618861589,0.35,0.0,0.3220575376311575,-0.3440559208393097,24,27,5.983569965273526,550.0629580493832
211,10.55,straightline,349,pure_pursuit,6.0,-316.4911193847656,37.024864196777344,0.4403270184993744,-0.0102502419545252,0.35,0.0,0.02545185340606727,-0.3634990155696869,24,27,5.909289582393896,549.7662697895745
212,10.600000000000001,straightline,349,pure_pursuit,6.0,-316.19354248046875,37.025386810302734,0.41752660274505615,-0.009543228780853582,0.35,0.0,0.2722300060396688,-0.34069859981536865,24,28,5.9814149520456406,549.4686950416714
213,10.65,straightline,349,pure_pursuit,6.0,-315.896728515625,37.02567672729492,0.4347544014453888,-0.009998686424082925,0.35,0.0,0.5690385210871141,-0.3579263985157013,24,28,5.892664922048394,549.1718846076297
214,10.700000000000001,straightline,349,pure_pursuit,6.0,-315.5987548828125,37.026161193847656,0.4198179543018341,-0.009637562794451868,0.35,0.0,0.8670112830133111,-0.3429899513721466,24,28,5.995738579630187,548.8739133715974
215,10.75,straightline,349,pure_pursuit,6.0,-315.30145263671875,37.02644348144531,0.43952664732933044,-0.010158458026236751,0.35,0.0,0.8356940274151637,-0.36269864439964294,25,28,5.921233142597509,548.5766147178687
216,10.8,straightline,349,pure_pursuit,6.0,-315.00335693359375,37.0269775390625,0.4169464111328125,-0.009609938343480584,0.35,0.0,0.5376000096944571,-0.340118408203125,25,28,5.992683845207012,548.2785211246675
217,10.850000000000001,straightline,349,pure_pursuit,6.0,-314.7061767578125,37.02728271484375,0.43414175510406494,-0.0100713374225289,0.35,0.0,0.24042495579488088,-0.35731375217437744,25,28,5.902881210524914,547.9813444100263
218,10.9,straightline,349,pure_pursuit,6.0,-314.4078369140625,37.02775573730469,0.41883906722068787,-0.009561702666296674,0.15,0.0,0.05797078560124643,-0.34201106429100037,25,29,6.005677010449309,547.6830070507547
219,10.950000000000001,straightline,349,pure_pursuit,6.0,-314.11041259765625,37.02804183959961,0.43789955973625183,-0.0100646066358745,0.35,0.0,0.3553565982861413,-0.36107155680656433,25,29,5.918613142270814,547.3855863210866
220,11.0,straightline,349,pure_pursuit,6.0,-313.8133239746094,37.02859115600586,0.41420358419418335,-0.00948177421522787,0.35,0.0,0.6524431715371697,-0.33737558126449585,25,29,5.964313422004763,547.088499711421
221,11.05,straightline,349,pure_pursuit,6.0,-313.518310546875,37.02890396118164,0.43063119053840637,-0.009922184611764256,0.35,0.0,0.9474552586888476,-0.35380318760871887,25,29,5.853247110651883,546.7934896753221
222,11.100000000000001,straightline,349,pure_pursuit,6.0,-313.2230529785156,37.029396057128906,0.4141751229763031,-0.009526432867066831,0.35,0.0,0.7572948647189804,-0.3373471200466156,26,29,5.9388232919776405,546.4982344355293
223,11.15,straightline,349,pure_pursuit,6.0,-312.9290771484375,37.02967071533203,0.43430888652801514,-0.010059183262727736,0.35,0.0,0.4633206412763099,-0.35748088359832764,26,29,5.8516096358351675,546.2042622137905
224,11.200000000000001,straightline,349,pure_pursuit,6.0,-312.6346130371094,37.030181884765625,0.412983775138855,-0.009544487744889084,0.35,0.0,0.16886698434744912,-0.3361557722091675,26,29,5.919830820469471,545.9098003092003
225,11.25,straightline,349,pure_pursuit,6.0,-312.3412170410156,37.03045654296875,0.4314897060394287,-0.00988839987614601,0.35,0.0,0.12456512825001453,-0.3546617031097412,26,30,5.825668013400237,545.6164079184895
226,11.3,straightline,349,pure_pursuit,6.0,-312.0467834472656,37.030921936035156,0.4179212749004364,-0.00955755654960304,0.35,0.0,0.4189855463431069,-0.3410932719707489,26,30,5.927936841964948,545.3219768111524
227,11.350000000000001,straightline,349,pure_pursuit,6.0,-311.7530517578125,37.031192779541016,0.43939658999443054,-0.01012302437404034,0.35,0.0,0.712714367228273,-0.36256858706474304,26,30,5.851832818247913,545.0282487634819
228,11.4,straightline,349,pure_pursuit,6.0,-311.45849609375,37.031715393066406,0.4181737005710602,-0.00960415455636452,0.35,0.0,0.9927372892562157,-0.3413456976413727,27,30,5.923534244425518,544.7336952518967
229,11.450000000000001,straightline,349,pure_pursuit,6.0,-311.16473388671875,37.032005310058594,0.43663617968559265,-0.010094745508457922,0.35,0.0,0.6989757429657357,-0.35980817675590515,27,30,5.832990425596275,544.4399365803506
230,11.5,straightline,349,pure_pursuit,6.0,-310.86981201171875,37.03247833251953,0.42286017537117004,-0.009768937926135262,0.35,0.0,0.4040564459806,-0.34603217244148254,27,30,5.939007345607494,544.1450171678936
231,11.55,straightline,349,pure_pursuit,6.0,-310.5754699707031,37.032752990722656,0.4432143270969391,-0.010307759952050476,0.35,0.0,0.10972904083738513,-0.3663863241672516,27,30,5.864830229555746,543.8506787717845
232,11.600000000000001,straightline,349,pure_pursuit,6.0,-310.2802734375,37.03327178955078,0.4206918179988861,-0.00961470506250877,0.35,0.0,0.18550302981913427,-0.3438638150691986,27,31,5.936431511341885,543.5554844380385
233,11.65,straightline,349,pure_pursuit,6.0,-309.9859619140625,37.03355026245117,0.4384821355342865,-0.010082906986303054,0.35,0.0,0.4798055555327012,-0.361654132604599,27,31,5.8434976048105725,543.2611765435818
234,11.700000000000001,straightline,349,pure_pursuit,6.0,-309.6903991699219,37.034034729003906,0.42396482825279236,-0.009732399858112336,0.35,0.0,0.7753670800946868,-0.34713682532310486,27,31,5.947640503386541,542.9656162179909
235,11.75,straightline,349,pure_pursuit,6.0,-309.3955383300781,37.03431701660156,0.44409701228141785,-0.010264528815137057,0.35,0.0,0.9297794739323497,-0.36726900935173035,28,31,5.8725335432359245,542.6707590017394
236,11.8,straightline,349,pure_pursuit,6.0,-309.0998229980469,37.034847259521484,0.42163535952568054,-0.00971737039750072,0.35,0.0,0.6340653001482217,-0.34480735659599304,28,31,5.943780666479727,542.3750458224955
237,11.850000000000001,straightline,349,pure_pursuit,6.0,-308.8049621582031,37.03513717651367,0.4389761686325073,-0.010178658579900494,0.35,0.0,0.33920716676822915,-0.3621481657028198,28,31,5.85344708287805,542.0801885678814
238,11.9,straightline,349,pure_pursuit,6.0,-308.5089416503906,37.035614013671875,0.42405465245246887,-0.009826523007110979,0.35,0.0,0.0432374663433411,-0.34722664952278137,28,31,5.9576692650839105,541.7841705459119
239,11.950000000000001,straightline,349,pure_pursuit,6.0,-308.2135925292969,37.035888671875,0.4434690475463867,-0.0101947227135234,0.35,0.0,0.25217871445395684,-0.3666410446166992,28,32,5.882495596872904,541.4888251183484
240,12.0,straightline,349,pure_pursuit,6.0,-307.9173889160156,37.03641891479492,0.42079663276672363,-0.009634049669761937,0.35,0.0,0.5483784959335056,-0.34396862983703613,28,32,5.953448796436727,541.1926236794568
241,12.05,straightline,349,pure_pursuit,6.0,-307.6220703125,37.03671646118164,0.4382460415363312,-0.010097376192614445,0.35,0.0,0.8436953579577569,-0.3614180386066437,28,32,5.863041063820398,540.8973086387093
242,12.100000000000001,straightline,349,pure_pursuit,6.0,-307.3255920410156,37.03719711303711,0.42352625727653503,-0.009743249386756095,0.35,0.0,0.859833451002535,-0.34669825434684753,29,32,5.966637251683903,540.6008328517498
243,12.15,straightline,349,pure_pursuit,6.0,-307.0299072265625,37.037479400634766,0.44316381216049194,-0.010262745355207247,0.35,0.0,0.5641496114268872,-0.36633580923080444,29,32,5.890404679801292,540.305151706341
244,12.200000000000001,straightline,349,pure_pursuit,6.0,-306.73345947265625,37.03801345825195,0.4203902781009674,-0.009712135557465874,0.35,0.0,0.26770696294977914,-0.3435622751712799,29,32,5.961096985978737,540.0087061211092
245,12.25,straightline,349,pure_pursuit,6.0,-306.4378967285156,37.03830337524414,0.43746471405029297,-0.01003005852435671,0.35,0.0,0.027948754071908617,-0.3606367111206055,29,33,5.870115695047344,539.7131470054097
246,12.3,straightline,349,pure_pursuit,6.0,-306.14117431640625,37.038787841796875,0.4227009415626526,-0.009669592229880727,0.35,0.0,0.3245960075368004,-0.3458729386329651,29,33,5.9735340466139375,539.4164270726841
247,12.350000000000001,straightline,349,pure_pursuit,6.0,-305.8451843261719,37.0390739440918,0.44259151816368103,-0.010194946992878042,0.35,0.0,0.6205820295780438,-0.36576351523399353,29,33,5.897861620129568,539.1204407494677
248,12.4,straightline,349,pure_pursuit,6.0,-305.5484313964844,37.039608001708984,0.4201729893684387,-0.0096450164168877,0.35,0.0,0.9173345505034661,-0.3433449864387512,29,33,5.968105180442861,538.8236900069429
249,12.450000000000001,straightline,349,pure_pursuit,6.0,-305.2524719238281,37.0399055480957,0.4375031292438507,-0.01010610916594973,0.35,0.0,0.7867134296611331,-0.36067512631416326,30,33,5.877342848321645,538.527734139271
250,12.5,straightline,349,pure_pursuit,6.0,-304.9554748535156,37.0403938293457,0.4225061237812042,-0.009749754331457597,0.35,0.0,0.489718184565512,-0.3456781208515167,30,33,5.979850906802087,538.2307395437825
251,12.55,straightline,349,pure_pursuit,6.0,-304.65911865234375,37.040672302246094,0.4419296085834503,-0.010263797931194992,0.35,0.0,0.19336848345890925,-0.3651016056537628,30,33,5.903911842512174,537.9343870779823
252,12.600000000000001,straightline,349,pure_pursuit,6.0,-304.3620300292969,37.041194915771484,0.4190565347671509,-0.00956334527560611,0.35,0.0,0.10375699607574897,-0.3422285318374634,30,34,5.974147878507244,537.6373007305347
253,12.65,straightline,349,pure_pursuit,6.0,-304.0658264160156,37.0414924621582,0.4362887740135193,-0.010019864011717958,0.35,0.0,0.39994195495143575,-0.3594607710838318,30,34,5.883421352629071,537.3411007422096
254,12.700000000000001,straightline,349,pure_pursuit,6.0,-303.76849365234375,37.04197311401367,0.42148715257644653,-0.009660010199668249,0.35,0.0,0.6972728656849817,-0.34465914964675903,30,34,5.985535566784201,537.0437705193359
255,12.75,straightline,349,pure_pursuit,6.0,-303.4718933105469,37.042259216308594,0.4412842094898224,-0.01018342828268927,0.35,0.0,0.9938720025673949,-0.3644562065601349,30,34,5.909490749371443,536.7471738869657
256,12.8,straightline,349,pure_pursuit,6.0,-303.1745300292969,37.04279327392578,0.41885459423065186,-0.009636757894502744,0.35,0.0,0.7087719809087276,-0.34202659130096436,31,34,5.979769234752098,536.4498128303005
257,12.850000000000001,straightline,349,pure_pursuit,6.0,-302.87799072265625,37.043094635009766,0.4360853135585785,-0.010097151942479161,0.35,0.0,0.412234633363235,-0.359257310628891,31,34,5.889128038418485,536.153277147255
258,12.9,straightline,349,pure_pursuit,6.0,-302.5804138183594,37.0435791015625,0.4208650290966034,-0.009737816968796295,0.35,0.0,0.11467387584921589,-0.3440370261669159,31,34,5.990872213177695,535.855702778888
259,12.950000000000001,straightline,349,pure_pursuit,6.0,-302.28350830078125,37.043853759765625,0.4401456117630005,-0.010105777970590403,0.35,0.0,0.1822665208548429,-0.363317608833313,31,35,5.914771464011722,535.5588010616075
260,13.0,straightline,349,pure_pursuit,6.0,-301.9859313964844,37.04437255859375,0.41745322942733765,-0.009541536205920952,0.35,0.0,0.4798366393224203,-0.34062522649765015,31,35,5.9820903954734055,535.261226491789
261,13.05,straightline,349,pure_pursuit,6.0,-301.6892395019531,37.0446662902832,0.434985488653183,-0.010005844142782397,0.35,0.0,0.7765263396649249,-0.3581574857234955,31,35,5.890089222564179,534.9645382857739
262,13.100000000000001,straightline,349,pure_pursuit,6.0,-301.39154052734375,37.0451545715332,0.4199519157409668,-0.009644189982096095,0.35,0.0,0.9257817853806478,-0.3431239128112793,32,35,5.990372449450796,534.6668418401056
263,13.15,straightline,349,pure_pursuit,6.0,-301.0945739746094,37.045433044433594,0.4397946000099182,-0.01016784978481963,0.35,0.0,0.6288159880686199,-0.3629665970802307,32,35,5.913793684205003,534.3698790817297
264,13.200000000000001,straightline,349,pure_pursuit,6.0,-300.796875,37.04595947265625,0.4175436496734619,-0.009628220697525825,0.35,0.0,0.3311206180896214,-0.3407156467437744,32,35,5.984026896263108,534.0721824110585
265,13.25,straightline,349,pure_pursuit,6.0,-300.50006103515625,37.0462532043457,0.4348291754722595,-0.010089432843497063,0.35,0.0,0.03436563037147943,-0.358001172542572,32,35,5.893266645828905,533.7753721529267
266,13.3,straightline,349,pure_pursuit,6.0,-300.2021484375,37.046730041503906,0.4195512533187866,-0.009577139124636229,0.35,0.0,0.26362337807745634,-0.3427232503890991,32,36,5.994006518635762,533.477462171817
267,13.350000000000001,straightline,349,pure_pursuit,6.0,-299.905029296875,37.04701232910156,0.43925371766090393,-0.010096154164864715,0.35,0.0,0.5607372404712057,-0.36242571473121643,32,36,5.917413192951656,533.180346821351
268,13.4,straightline,349,pure_pursuit,6.0,-299.6071472167969,37.04753875732422,0.41717398166656494,-0.009552568729500518,0.35,0.0,0.858618712649449,-0.34034597873687744,32,36,5.987196803430994,532.8824670622507
269,13.450000000000001,straightline,349,pure_pursuit,6.0,-299.3101806640625,37.0478401184082,0.4347602427005768,-0.010020580702894792,0.35,0.0,0.8444219827132884,-0.3579322397708893,33,36,5.896191942010088,532.5855041886336
270,13.5,straightline,349,pure_pursuit,6.0,-299.01220703125,37.0483283996582,0.4197777509689331,-0.009663438500183445,0.35,0.0,0.546449789514588,-0.3429497480392456,33,36,5.996645938096996,532.2875331179218
271,13.55,straightline,349,pure_pursuit,6.0,-298.7151184082031,37.04861068725586,0.43946900963783264,-0.010184767676323706,0.35,0.0,0.24936543992865803,-0.36264100670814514,33,36,5.918932535904415,531.9904483006904
272,13.600000000000001,straightline,349,pure_pursuit,6.0,-298.4173278808594,37.04914093017578,0.4169404208660126,-0.009499799885695591,0.35,0.0,0.04848617263646083,-0.3401124179363251,33,37,5.9882119795526725,531.6926600830394
273,13.65,straightline,349,pure_pursuit,6.0,-298.1204833984375,37.0494384765625,0.4344402551651001,-0.009963064745582308,0.35,0.0,0.3452856802699789,-0.3576122522354126,33,37,5.89667740395473,531.3958193168064
274,13.700000000000001,straightline,349,pure_pursuit,6.0,-297.82257080078125,37.049922943115234,0.4197937846183777,-0.009607452710845054,0.35,0.0,0.6431958802222074,-0.3429657816886902,33,37,5.997143541036304,531.0979093175798
275,13.75,straightline,349,pure_pursuit,6.0,-297.52545166015625,37.050209045410156,0.4397372007369995,-0.010134380074025416,0.35,0.0,0.9403136639559699,-0.362909197807312,33,37,5.920055008743396,530.8007939763582
276,13.8,straightline,349,pure_pursuit,6.0,-297.22760009765625,37.050743103027344,0.41753923892974854,-0.00959302508026334,0.35,0.0,0.7618417982826502,-0.34071123600006104,34,37,5.989091489047577,530.5029447151171
277,13.850000000000001,straightline,349,pure_pursuit,6.0,-296.9306640625,37.05104064941406,0.434914767742157,-0.010055879879542104,0.35,0.0,0.46490726423961026,-0.3580867648124695,34,37,5.8974574770451405,530.2060124140515
278,13.9,straightline,349,pure_pursuit,6.0,-296.6327209472656,37.0515251159668,0.4197807013988495,-0.009697872272108268,0.35,0.0,0.16697368084442518,-0.342952698469162,34,37,5.997506825352359,529.9080719121073
279,13.950000000000001,straightline,349,pure_pursuit,6.0,-296.3355712890625,37.05179977416992,0.43919044733047485,-0.01007110414583866,0.35,0.0,0.130207905774855,-0.36236244440078735,34,38,5.920186186481722,529.6109261403376
280,14.0,straightline,349,pure_pursuit,6.0,-296.03765869140625,37.05232238769531,0.4168810248374939,-0.009517130026284387,0.35,0.0,0.4281097424862831,-0.3400530219078064,34,38,5.989304885574207,529.3130159290181
281,14.05,straightline,349,pure_pursuit,6.0,-295.74072265625,37.0526237487793,0.4345124661922455,-0.009985280857771481,0.35,0.0,0.7250432540834364,-0.357684463262558,34,38,5.897656207693141,529.0160836209457
282,14.100000000000001,straightline,349,pure_pursuit,6.0,-295.4427795410156,37.05310821533203,0.4197528064250946,-0.009629411958472158,0.35,0.0,0.9770206855047371,-0.3429248034954071,35,38,5.997693962126021,528.7181431334412
283,14.15,straightline,349,pure_pursuit,6.0,-295.1456298828125,37.05339431762695,0.43957772850990295,-0.01015392101384976,0.35,0.0,0.6798716539296427,-0.36274972558021545,35,38,5.92039590677059,528.4209973081505
284,14.200000000000001,straightline,349,pure_pursuit,6.0,-294.8477478027344,37.053916931152344,0.417275607585907,-0.009611161163013785,0.35,0.0,0.3819923825064289,-0.3404476046562195,35,38,5.989511045222503,528.1231176278822
285,14.25,straightline,349,pure_pursuit,6.0,-294.55078125,37.05421447753906,0.4345461130142212,-0.010072406725296865,0.35,0.0,0.0850458269140535,-0.3577181100845337,35,38,5.897857321663442,527.8261548426198
286,14.3,straightline,349,pure_pursuit,6.0,-294.2528381347656,37.0546875,0.41929447650909424,-0.00956431094643027,0.35,0.0,0.21293566876910378,-0.34246647357940674,35,39,5.997903532065014,527.5282144399226
287,14.350000000000001,straightline,349,pure_pursuit,6.0,-293.9556884765625,37.05495834350586,0.4389117360115051,-0.010078518830023907,0.35,0.0,0.510078257248553,-0.3620837330818176,35,39,5.918491556293752,527.2310687250654
288,14.4,straightline,349,pure_pursuit,6.0,-293.6578369140625,37.055484771728516,0.4166361093521118,-0.009529045586715029,0.35,0.0,0.8079290394151637,-0.33980810642242437,35,39,5.9867196762329,526.9332195525685
289,14.450000000000001,straightline,349,pure_pursuit,6.0,-293.36090087890625,37.05577850341797,0.43432796001434326,-0.009997801185146721,0.35,0.0,0.8951420466342466,-0.3574999570846558,36,39,5.894402282066267,526.6362873243913
290,14.5,straightline,349,pure_pursuit,6.0,-293.06298828125,37.0562629699707,0.4195718467235565,-0.00964499218515309,0.35,0.0,0.597230591586697,-0.342743843793869,36,39,5.994155544131436,526.3383773830961
291,14.55,straightline,349,pure_pursuit,6.0,-292.7658996582031,37.05654525756836,0.43938279151916504,-0.010168932120524908,0.35,0.0,0.300144967988087,-0.36255478858947754,36,39,5.916347086942466,526.0412926487523
292,14.600000000000001,straightline,349,pure_pursuit,6.0,-292.4681701660156,37.05707550048828,0.41706377267837524,-0.00963198985621288,0.35,0.0,0.003256822225721969,-0.34023576974868774,36,39,5.984896364438524,525.7435655349785
293,14.65,straightline,349,pure_pursuit,6.0,-292.1713562011719,37.05736541748047,0.4343009293079376,-0.00994660962774599,0.35,0.0,0.2944135177665027,-0.3574729263782501,36,40,5.8926943350931005,525.4467554150021
294,14.700000000000001,straightline,349,pure_pursuit,6.0,-291.87353515625,37.0578498840332,0.41944417357444763,-0.009584657695319111,0.35,0.0,0.5922315383517611,-0.34261617064476013,36,40,5.99213856233581,525.1489370394266
295,14.75,straightline,349,pure_pursuit,6.0,-291.5765380859375,37.058128356933594,0.4394915699958801,-0.010112218113940771,0.35,0.0,0.8892271031658353,-0.3626635670661926,36,40,5.914201412398417,524.851943896501
296,14.8,straightline,349,pure_pursuit,6.0,-291.2789001464844,37.05866241455078,0.4174908399581909,-0.009575109407189709,0.35,0.0,0.8131416113204561,-0.3406628370285034,37,40,5.982691703815334,524.5543083244559
297,14.850000000000001,straightline,349,pure_pursuit,6.0,-290.9822692871094,37.058963775634766,0.43496817350387573,-0.010040892385052857,0.35,0.0,0.5165119070950797,-0.35814017057418823,37,40,5.888838948378896,524.2576812526797
298,14.9,straightline,349,pure_pursuit,6.0,-290.68475341796875,37.0594482421875,0.42016494274139404,-0.00969064622859878,0.35,0.0,0.2190022484342728,-0.34333693981170654,37,40,5.9890318035501595,523.9601680618518
299,14.950000000000001,straightline,349,pure_pursuit,6.0,-290.3880920410156,37.05972671508789,0.4398990571498871,-0.010078804318728287,0.35,0.0,0.07769734795682329,-0.3630710542201996,37,41,5.91086307136215,523.6635106228831
300,15.0,straightline,349,pure_pursuit,6.0,-290.0907897949219,37.06025695800781,0.41768449544906616,-0.009528298155026973,0.35,0.0,0.3749791540154567,-0.34085649251937866,37,41,5.9788549569095375,523.3662107756314
301,15.05,straightline,349,pure_pursuit,6.0,-289.7944030761719,37.0605583190918,0.4354449510574341,-0.00999960880217168,0.35,0.0,0.6713628796008108,-0.3586169481277466,37,41,5.886009781819753,523.069827856596
302,15.100000000000001,straightline,349,pure_pursuit,6.0,-289.4970703125,37.06104278564453,0.4209350347518921,-0.009649801769941253,0.35,0.0,0.9686952121685312,-0.34410703182220465,37,41,5.985829043638761,522.7724977825904
303,15.15,straightline,349,pure_pursuit,6.0,-289.2005920410156,37.06132888793945,0.440901517868042,-0.010177784824458747,0.35,0.0,0.7348335566738801,-0.3640735149383545,38,41,5.907595667417344,522.4760234154542
304,15.200000000000001,straightline,349,pure_pursuit,6.0,-288.9034423828125,37.06185531616211,0.41859716176986694,-0.009635072128260789,0.35,0.0,0.4376860518782566,-0.34176915884017944,38,41,5.97551056416582,522.1788761911512
305,15.25,straightline,349,pure_pursuit,6.0,-288.6072082519531,37.06215286254883,0.4359336793422699,-0.010097705474944763,0.35,0.0,0.14146178232825782,-0.3591056764125824,38,41,5.88248493629494,521.88264589756
306,15.3,straightline,349,pure_pursuit,6.0,-288.31005859375,37.062625885009766,0.42090845108032227,-0.009598337133008833,0.35,0.0,0.1557188199668451,-0.34408044815063477,38,42,5.982254089057791,521.5854990113584
307,15.350000000000001,straightline,349,pure_pursuit,6.0,-288.01373291015625,37.06290817260742,0.44076281785964966,-0.010121074790075651,0.35,0.0,0.4520341868532885,-0.36393481492996216,38,42,5.9039605982661945,521.2891772699527
308,15.4,straightline,349,pure_pursuit,6.0,-287.7167663574219,37.063438415527344,0.4186690151691437,-0.009576811990884625,0.35,0.0,0.7489997091911597,-0.3418410122394562,38,42,5.97188679490057,520.9922131384844
309,15.450000000000001,straightline,349,pure_pursuit,6.0,-287.4207763671875,37.06373977661133,0.4363587200641632,-0.010047152798120186,0.35,0.0,0.9550174354950108,-0.3595307171344757,39,42,5.8787883459731525,520.6962269741783
310,15.5,straightline,349,pure_pursuit,6.0,-287.123779296875,37.06422424316406,0.4217328131198883,-0.009697448432454712,0.35,0.0,0.6580212977596599,-0.3449048101902008,39,42,5.9788208469927016,520.3992326170501
311,15.55,straightline,349,pure_pursuit,6.0,-286.82763671875,37.06450653076172,0.44157126545906067,-0.010222152482529117,0.35,0.0,0.36188088750139374,-0.36474326252937317,39,42,5.900641991557892,520.103093994792
312,15.600000000000001,straightline,349,pure_pursuit,6.0,-286.53082275390625,37.065032958984375,0.41905930638313293,-0.00967848594810353,0.35,0.0,0.0650975422667917,-0.34223130345344543,39,42,5.968561266176734,519.8062824865046
313,15.65,straightline,349,pure_pursuit,6.0,-286.2350158691406,37.06532287597656,0.436244398355484,-0.009994571489316411,0.35,0.0,0.2307558438517417,-0.3594163954257965,39,43,5.8754084346380875,519.510479512305
314,15.700000000000001,straightline,349,pure_pursuit,6.0,-285.93817138671875,37.0657958984375,0.421525239944458,-0.009633713316135436,0.35,0.0,0.5275956894255357,-0.34469723701477056,39,43,5.974309939360712,519.2136378264148
315,15.75,straightline,349,pure_pursuit,6.0,-285.64215087890625,37.06607437133789,0.4417076110839844,-0.010164888864132943,0.35,0.0,0.8236144112229254,-0.3648796081542969,39,43,5.89548045347793,518.9176213132209
316,15.8,straightline,349,pure_pursuit,6.0,-285.3454895019531,37.066612243652344,0.4193775951862335,-0.00961931891080769,0.35,0.0,0.8797307966831023,-0.342549592256546,40,43,5.96252250948658,518.6209623333745
317,15.850000000000001,straightline,349,pure_pursuit,6.0,-285.04986572265625,37.06690979003906,0.4369736611843109,-0.01008734940385704,0.35,0.0,0.5841078937720832,-0.3601456582546234,40,43,5.868659759130573,518.3253424308847
318,15.9,straightline,349,pure_pursuit,6.0,-284.7532653808594,37.06739044189453,0.4223156273365021,-0.009739459208953508,0.35,0.0,0.28751162267181046,-0.3454876244068146,40,43,5.968598764117736,518.0287448486849
319,15.950000000000001,straightline,349,pure_pursuit,6.0,-284.45751953125,37.06766891479492,0.4420865476131439,-0.010131785080946119,0.35,0.0,0.008493335868200442,-0.3652585446834564,40,44,5.889769502529563,517.7330030058077
320,16.0,straightline,349,pure_pursuit,6.0,-284.1611328125,37.06819534301758,0.41983872652053833,-0.009579243131687034,0.35,0.0,0.3046374441295756,-0.34301072359085083,40,44,5.957028991440592,517.4366187648059
321,16.05,straightline,349,pure_pursuit,6.0,-283.86578369140625,37.06849670410156,0.43762972950935364,-0.010051356339047735,0.35,0.0,0.5999825353137508,-0.36080172657966614,40,44,5.863082824758471,517.1412735086667
322,16.1,straightline,349,pure_pursuit,6.0,-283.5694580078125,37.06898498535156,0.4232756495475769,-0.009706104412827555,0.35,0.0,0.8963076275404194,-0.3464476466178894,40,44,5.963058748486503,516.844950547026
323,16.150000000000002,straightline,349,pure_pursuit,6.0,-283.27398681640625,37.06926727294922,0.4433600902557373,-0.010236391891164357,0.35,0.0,0.8082281290411398,-0.3665320873260498,41,44,5.884293970112595,516.5494833507042
324,16.2,straightline,349,pure_pursuit,6.0,-282.97796630859375,37.06979751586914,0.42076751589775085,-0.009686251751021727,0.35,0.0,0.5122092475976122,-0.34393951296806335,41,44,5.951527693719248,516.2534653044736
325,16.25,straightline,349,pure_pursuit,6.0,-282.6830139160156,37.070098876953125,0.4381556212902069,-0.010151190843395119,0.35,0.0,0.2172621630439889,-0.3613276183605194,41,44,5.8559075405963315,515.9585167863673
326,16.3,straightline,349,pure_pursuit,6.0,-282.3871765136719,37.070579528808594,0.4235049784183502,-0.009665736120062489,0.35,0.0,0.07861608891182498,-0.3466769754886627,41,45,5.956809860495893,515.6626821593953
327,16.35,straightline,349,pure_pursuit,6.0,-282.0921936035156,37.070858001708984,0.4435538351535797,-0.01019317910054245,0.35,0.0,0.3735744954451167,-0.3667258322238922,41,45,5.8779637701344365,515.3677032761851
328,16.400000000000002,straightline,349,pure_pursuit,6.0,-281.7966003417969,37.07139205932617,0.421317458152771,-0.009645633824815605,0.35,0.0,0.6691661224143698,-0.3444894552230835,41,45,5.9447538830923685,515.0721124586468
329,16.45,straightline,349,pure_pursuit,6.0,-281.501953125,37.07168960571289,0.43903031945228577,-0.010116006671186398,0.35,0.0,0.9638121454851445,-0.36220231652259827,41,45,5.850160118024462,514.7774691515667
330,16.5,straightline,349,pure_pursuit,6.0,-281.2064514160156,37.07217025756836,0.4246504604816437,-0.009771752750741313,0.35,0.0,0.7406931071982173,-0.3478224575519562,42,45,5.9507205810180155,514.4819702267914
331,16.55,straightline,349,pure_pursuit,6.0,-280.9117431640625,37.07244873046875,0.44460737705230713,-0.010298951771251867,0.35,0.0,0.4459863301027899,-0.36777937412261963,42,45,5.8717315752053745,514.1872660140524
332,16.6,straightline,349,pure_pursuit,6.0,-280.616455078125,37.07297897338867,0.42195719480514526,-0.009751945126550034,0.35,0.0,0.1507091587754371,-0.34512919187545776,42,45,5.938513616835313,513.8919804050604
333,16.650000000000002,straightline,349,pure_pursuit,6.0,-280.3221435546875,37.073265075683594,0.43917566537857056,-0.010070867329047287,0.35,0.0,0.14363402090176727,-0.36234766244888306,42,46,5.843684419301149,513.5976728739976
334,16.7,straightline,349,pure_pursuit,6.0,-280.02691650390625,37.07374572753906,0.4247971773147583,-0.009720541563983841,0.35,0.0,0.4388515362939051,-0.3479691743850708,42,46,5.9446922152825366,513.3024486175452
335,16.75,straightline,349,pure_pursuit,6.0,-279.7325134277344,37.07402420043945,0.44505494832992554,-0.010254154661721327,0.35,0.0,0.7332522002661297,-0.36822694540023804,42,46,5.865845218854181,513.0080495923579
336,16.8,straightline,349,pure_pursuit,6.0,-279.4375,37.07455825805664,0.42274168133735657,-0.009707919882464514,0.35,0.0,0.9717411432243761,-0.34591367840766907,43,46,5.932619931276596,512.7130386271884
337,16.85,straightline,349,pure_pursuit,6.0,-279.14349365234375,37.07485580444336,0.44036251306533813,-0.010176956899422624,0.35,0.0,0.6777354402496811,-0.36353451013565063,43,46,5.837632369227137,512.4190362116791
338,16.900000000000002,straightline,349,pure_pursuit,6.0,-278.8485412597656,37.07533264160156,0.42608359456062317,-0.009837991058830294,0.35,0.0,0.3827856623720497,-0.34925559163093567,43,46,5.939377324015154,512.1240866475397
339,16.95,straightline,349,pure_pursuit,6.0,-278.5544128417969,37.07560729980469,0.44603437185287476,-0.010365279569863977,0.35,0.0,0.08867507647309933,-0.36920636892318726,43,46,5.860877042129532,511.82996231694017
340,17.0,straightline,349,pure_pursuit,6.0,-278.2596435546875,37.07612991333008,0.42318210005760193,-0.00966713719326957,0.35,0.0,0.20613059066367193,-0.34635409712791443,43,47,5.92753684581858,511.53519557456855
341,17.05,straightline,349,pure_pursuit,6.0,-277.96588134765625,37.076416015625,0.44066616892814636,-0.010128280456730926,0.35,0.0,0.4998855592566942,-0.36383816599845886,43,47,5.83035600730706,511.2414373845627
342,17.1,straightline,349,pure_pursuit,6.0,-277.671142578125,37.0768928527832,0.42692601680755615,-0.009796634605674356,0.35,0.0,0.7946232992508777,-0.35009801387786865,43,47,5.933071699142938,510.9467014549889
343,17.150000000000002,straightline,349,pure_pursuit,6.0,-277.3772277832031,37.077171325683594,0.4473942518234253,-0.010336457338326546,0.35,0.0,0.9114383711511044,-0.3705662488937378,44,47,5.854644495838651,510.65279073719324
344,17.2,straightline,349,pure_pursuit,6.0,-277.08270263671875,37.07770538330078,0.42483633756637573,-0.009787319515246218,0.35,0.0,0.6169143618358084,-0.34800833463668823,44,47,5.920330166943841,510.35826807371694
345,17.25,straightline,349,pure_pursuit,6.0,-276.78924560546875,37.0780029296875,0.4423830509185791,-0.010255562153785007,0.35,0.0,0.32346010625923427,-0.3655550479888916,44,47,5.8242182537519165,510.0648149991332
346,17.3,straightline,349,pure_pursuit,6.0,-276.4947814941406,37.0784797668457,0.4284374713897705,-0.00992927136900657,0.35,0.0,0.029070857550197202,-0.351609468460083,44,47,5.927203904420768,509.7703537380582
347,17.35,straightline,349,pure_pursuit,6.0,-276.201171875,37.07875061035156,0.44834816455841064,-0.010313911731803436,0.35,0.0,0.2646289370725371,-0.37152016162872314,44,48,5.848461522847523,509.4767482561147
348,17.400000000000002,straightline,349,pure_pursuit,6.0,-275.906982421875,37.079280853271484,0.4255842864513397,-0.00975087212940243,0.35,0.0,0.5588151330092939,-0.3487562835216522,44,48,5.913919306688569,509.1825613185515
349,17.45,straightline,349,pure_pursuit,6.0,-275.61383056640625,37.0795783996582,0.4432416260242462,-0.010219776651110249,0.35,0.0,0.8519653988347716,-0.3664136230945587,44,48,5.817449650471362,508.8894134314825
350,17.5,straightline,349,pure_pursuit,6.0,-275.3196716308594,37.08005905151367,0.42962926626205444,-0.009895287153302196,0.35,0.0,0.8538824710015341,-0.35280126333236694,45,48,5.92071319058707,508.59525733184586
351,17.55,straightline,349,pure_pursuit,6.0,-275.0264587402344,37.08033752441406,0.4498521387577057,-0.01042960512687692,0.35,0.0,0.560670498898341,-0.3730241358280182,45,48,5.84120015218698,508.3020485404192
352,17.6,straightline,349,pure_pursuit,6.0,-274.7326965332031,37.080875396728516,0.42696133255958557,-0.00987693436612741,0.35,0.0,0.2669132035009105,-0.35013332962989807,45,48,5.906794663006898,508.00828880737913
353,17.650000000000002,straightline,349,pure_pursuit,6.0,-274.4400634765625,37.081172943115234,0.44439390301704407,-0.010207955292262238,0.35,0.0,0.025816444206487668,-0.36756590008735657,45,49,5.809263079787218,507.71565972658357
354,17.7,straightline,349,pure_pursuit,6.0,-274.14642333984375,37.08164978027344,0.43122461438179016,-0.009888860327805681,0.35,0.0,0.3193773016292928,-0.35439661145210266,45,49,5.91446207365382,507.422022455359
355,17.75,straightline,349,pure_pursuit,6.0,-273.8536071777344,37.081932067871094,0.4518350660800934,-0.010432996551950825,0.35,0.0,0.6121895545345807,-0.37500706315040594,45,49,5.836397783117454,507.12921037843324
356,17.8,straightline,349,pure_pursuit,6.0,-273.5602111816406,37.08247375488281,0.4291037917137146,-0.009876703728238383,0.35,0.0,0.9055852083422521,-0.3522757887840271,45,49,5.901013226779506,506.83581683998347
357,17.85,straightline,349,pure_pursuit,6.0,-273.2678527832031,37.08277130126953,0.446603000164032,-0.010342853851510358,0.35,0.0,0.8020637045798962,-0.3697749972343445,46,49,5.803382011744932,506.5434624297433
358,17.900000000000002,straightline,349,pure_pursuit,6.0,-272.9745178222656,37.083248138427734,0.43310144543647766,-0.010024174745313648,0.35,0.0,0.5087303848646765,-0.35627344250679016,46,49,5.908157808603324,506.25013034407056
359,17.95,straightline,349,pure_pursuit,6.0,-272.6820373535156,37.08352279663086,0.4531175494194031,-0.010553659905811821,0.35,0.0,0.21625524612724745,-0.3762895464897156,46,49,5.8296264770592,505.9576540202767
360,18.0,straightline,349,pure_pursuit,6.0,-272.3889465332031,37.08405303955078,0.42973384261131287,-0.009844698270201395,0.35,0.0,0.07687929907089867,-0.35290583968162537,46,50,5.894130076975891,505.66456573932965
361,18.05,straightline,349,pure_pursuit,6.0,-272.0969543457031,37.0843505859375,0.44703543186187744,-0.0103038375225464,0.35,0.0,0.3688449776521978,-0.37020742893218994,46,50,5.796225030618264,505.3725775506485
362,18.1,straightline,349,pure_pursuit,6.0,-271.8039245605469,37.0848274230957,0.4337625503540039,-0.00998462992695246,0.35,0.0,0.6618726261011806,-0.35693454742431646,46,50,5.901404247255419,505.07955065062515
363,18.150000000000002,straightline,349,pure_pursuit,6.0,-271.5118103027344,37.08510971069336,0.45413824915885925,-0.010523567012147688,0.35,0.0,0.9539855879041569,-0.3773102462291718,46,50,5.823021465317447,504.78744050019
364,18.2,straightline,349,pure_pursuit,6.0,-271.21905517578125,37.08564758300781,0.43106213212013245,-0.009961151446470636,0.35,0.0,0.7532664455367194,-0.35423412919044495,47,50,5.887568386051428,504.4946878727007
365,18.25,straightline,349,pure_pursuit,6.0,-270.9273681640625,37.0859489440918,0.44829559326171875,-0.010422709807839855,0.35,0.0,0.46158103187045213,-0.37146759033203125,47,50,5.789508909660823,504.2030048473766
366,18.3,straightline,349,pure_pursuit,6.0,-270.6346740722656,37.086421966552734,0.4347735047340393,-0.010106626382081608,0.35,0.0,0.1688966081833999,-0.3579455018043518,47,50,5.895488936494664,503.91031367424256
367,18.35,straightline,349,pure_pursuit,6.0,-270.34283447265625,37.086692810058594,0.4546595811843872,-0.01049175382857135,0.35,0.0,0.12297705176407712,-0.37783157825469976,47,51,5.817314657312538,503.61847826760214
368,18.400000000000002,straightline,349,pure_pursuit,6.0,-270.0503845214844,37.08722686767578,0.43113237619400024,-0.009909043139806787,0.35,0.0,0.41541502088073246,-0.35430437326431274,47,51,5.881283900659296,503.32603084941235
369,18.45,straightline,349,pure_pursuit,6.0,-269.759033203125,37.087520599365234,0.4487067461013794,-0.010375776858279099,0.35,0.0,0.7067635647672595,-0.3718787431716919,47,51,5.780433263180566,503.03468357737796
370,18.5,straightline,349,pure_pursuit,6.0,-269.4667053222656,37.08799743652344,0.4352390766143799,-0.010054352738962142,0.35,0.0,0.9990910175590814,-0.3584110736846924,47,51,5.885450444734267,502.74235859963295
371,18.55,straightline,349,pure_pursuit,6.0,-269.17523193359375,37.08827209472656,0.4555525779724121,-0.010591143455488443,0.35,0.0,0.7094431692748429,-0.37872457504272455,48,51,5.8066747309726905,502.45088939066886
372,18.6,straightline,349,pure_pursuit,6.0,-268.8832092285156,37.08880615234375,0.4323410093784332,-0.010028517310761511,0.35,0.0,0.41742307398450146,-0.3555130064487458,48,51,5.870918266812367,502.1588692253918
373,18.650000000000002,straightline,349,pure_pursuit,6.0,-268.5922546386719,37.08909606933594,0.44955646991729736,-0.010488615446456162,0.35,0.0,0.12648118731162047,-0.37272846698760986,48,51,5.772197540147688,501.86791871641566
374,18.7,straightline,349,pure_pursuit,6.0,-268.30029296875,37.08956527709961,0.4361761510372162,-0.010027968835600263,0.35,0.0,0.16551574452587742,-0.3593481481075287,48,52,5.878574796171876,501.57596000712107
375,18.75,straightline,349,pure_pursuit,6.0,-268.0091857910156,37.089839935302734,0.4565066993236542,-0.01056384542048321,0.35,0.0,0.456612449091633,-0.3796786963939667,48,52,5.800094204560495,501.28485702019617
376,18.8,straightline,349,pure_pursuit,6.0,-267.7174987792969,37.09037399291992,0.43347087502479553,-0.009997377632534452,0.35,0.0,0.748298341456984,-0.35664287209510803,48,52,5.864020240819028,500.9931725570225
377,18.85,straightline,349,pure_pursuit,6.0,-267.4269104003906,37.09067153930664,0.45098140835762024,-0.010464414247744464,0.35,0.0,0.9611210524864487,-0.37415340542793274,49,52,5.764869502752987,500.70258822108235
378,18.900000000000002,straightline,349,pure_pursuit,6.0,-267.1352844238281,37.09114456176758,0.43804147839546204,-0.01015945268518748,0.35,0.0,0.6694960926825694,-0.36121347546577454,49,52,5.871813976499918,500.41096519023756
379,18.95,straightline,349,pure_pursuit,6.0,-266.8446044921875,37.09142303466797,0.45816245675086975,-0.010693347535157934,0.35,0.0,0.37881841575514164,-0.38133445382118225,49,52,5.792614239111575,500.1202894348303
380,19.0,straightline,349,pure_pursuit,6.0,-266.5534362792969,37.091957092285156,0.4346151649951935,-0.010126598711388537,0.35,0.0,0.08767440611478325,-0.357787162065506,49,52,5.856621397553002,499.8291237754667
381,19.05,straightline,349,pure_pursuit,6.0,-266.26336669921875,37.092247009277344,0.4517429769039154,-0.010434713295767051,0.35,0.0,0.20243856324087123,-0.37491497397422796,49,53,5.756611034212891,499.5390582949482
382,19.1,straightline,349,pure_pursuit,6.0,-265.9722595214844,37.09271240234375,0.43908828496932983,-0.01012950424233947,0.35,0.0,0.49353919686358305,-0.36226028203964233,49,53,5.8647853736496325,499.24795411759703
383,19.150000000000002,straightline,349,pure_pursuit,6.0,-265.6820373535156,37.09299087524414,0.4596494138240814,-0.010673210523426664,0.35,0.0,0.7837591644898435,-0.382821410894394,49,53,5.786323559573737,498.95773613510374
384,19.200000000000003,straightline,349,pure_pursuit,6.0,-265.3912353515625,37.093528747558594,0.4363624155521393,-0.010104417927713823,0.35,0.0,0.9254462132919384,-0.3595344126224518,50,53,5.84943001250929,498.6669366703569
385,19.25,straightline,349,pure_pursuit,6.0,-265.1014709472656,37.09382629394531,0.45366546511650085,-0.010567428362064977,0.35,0.0,0.6356826939818231,-0.37683746218681335,50,53,5.749171824963005,498.37717632884505
386,19.3,straightline,349,pure_pursuit,6.0,-264.8107604980469,37.094295501708984,0.440780371427536,-0.010266727099399048,0.35,0.0,0.3449757671625693,-0.3639523684978485,50,53,5.8570874049127974,498.0864688638412
387,19.35,straightline,349,pure_pursuit,6.0,-264.5209045410156,37.09457015991211,0.46084368228912354,-0.010799826581313475,0.35,0.0,0.055156426389786344,-0.3840156793594361,50,53,5.778470351667771,497.7966171279205
388,19.400000000000002,straightline,349,pure_pursuit,6.0,-264.23046875,37.095096588134766,0.43695318698883057,-0.010067292256041208,0.35,0.0,0.23533619488209842,-0.3601251840591431,50,54,5.841628294488633,497.50618395583524
389,19.450000000000003,straightline,349,pure_pursuit,6.0,-263.941162109375,37.09539031982422,0.45412173867225647,-0.010523801704260217,0.35,0.0,0.5246360584781603,-0.377293735742569,50,54,5.741142293901595,497.2168814115801
390,19.5,straightline,349,pure_pursuit,6.0,-263.6508483886719,37.09585952758789,0.4415193200111389,-0.010223454394806888,0.35,0.0,0.8149486380576769,-0.3646913170814514,50,54,5.849606314778788,496.9265706834608
391,19.55,straightline,349,pure_pursuit,6.0,-263.361328125,37.09613037109375,0.46197694540023804,-0.010763881548604828,0.35,0.0,0.8955389136245706,-0.38514894247055054,51,54,5.771072585611875,496.63705467735826
392,19.6,straightline,349,pure_pursuit,6.0,-263.0712890625,37.0966682434082,0.438419908285141,-0.010191854258959533,0.35,0.0,0.605501277700202,-0.3615919053554535,51,54,5.834290304439904,496.34701816776396
393,19.650000000000002,straightline,349,pure_pursuit,6.0,-262.78228759765625,37.096961975097656,0.4555423855781555,-0.01065088401708168,0.35,0.0,0.3165032325899005,-0.378714382648468,51,54,5.733677326486856,496.0580208115586
394,19.700000000000003,straightline,349,pure_pursuit,6.0,-262.4923095703125,37.0974235534668,0.4426537752151489,-0.010352214411493596,0.35,0.0,0.026620671016771458,-0.3658257722854614,51,54,5.842864748101057,495.7680458356492
395,19.75,straightline,349,pure_pursuit,6.0,-262.2031555175781,37.097686767578125,0.4626005291938782,-0.010726760007309597,0.35,0.0,0.2626469369931566,-0.3857725262641906,51,55,5.7644908792997045,495.47889610106125
396,19.8,straightline,349,pure_pursuit,6.0,-261.9134216308594,37.09822082519531,0.4387272000312805,-0.010137142733342527,0.35,0.0,0.5523769348459828,-0.361899197101593,51,55,5.826503793163776,495.1891648013936
397,19.85,straightline,349,pure_pursuit,6.0,-261.6247863769531,37.098506927490234,0.4561929404735565,-0.010600948736172622,0.35,0.0,0.8410102862177926,-0.3793649375438691,51,55,5.724331227855553,494.90053371650805
398,19.900000000000002,straightline,349,pure_pursuit,6.0,-261.33514404296875,37.098976135253906,0.44379299879074097,-0.010308720308085488,0.35,0.0,0.8693550627555944,-0.36696499586105347,52,55,5.83392014972775,494.610894394522
399,19.950000000000003,straightline,349,pure_pursuit,6.0,-261.0463562011719,37.099246978759766,0.46417897939682007,-0.010848247412189357,0.35,0.0,0.5805682446292881,-0.3873509764671326,52,55,5.754976321666725,494.32211083307686
400,20.0,straightline,349,pure_pursuit,6.0,-260.7570495605469,37.09978103637695,0.4404368996620178,-0.010274523563778592,0.35,0.0,0.29126659857036546,-0.3636088967323303,52,55,5.81750570721169,494.0328067865521
401,20.05,straightline,349,pure_pursuit,6.0,-260.4688415527344,37.10007095336914,0.45745617151260376,-0.010731543420190658,0.35,0.0,0.003812409668701416,-0.38062816858291626,52,55,5.715886292499623,493.7446029330205
402,20.1,straightline,349,pure_pursuit,6.0,-260.1795959472656,37.10052490234375,0.44459250569343567,-0.010273395646780353,0.35,0.0,0.2862069536154477,-0.36776450276374817,52,56,5.825054947325769,493.4553604467926
403,20.150000000000002,straightline,349,pure_pursuit,6.0,-259.8912658691406,37.10079574584961,0.46490368247032166,-0.010809285294009133,0.35,0.0,0.5745318095353112,-0.38807567954063416,52,56,5.746112029485683,493.1670346585842
404,20.200000000000003,straightline,349,pure_pursuit,6.0,-259.60235595703125,37.10132598876953,0.4413893520832062,-0.01023151219079018,0.35,0.0,0.8634410948588781,-0.3645613491535187,52,56,5.808788141848707,492.8781273730311
405,20.25,straightline,349,pure_pursuit,6.0,-259.3146057128906,37.10162353515625,0.45879313349723816,-0.01069731580070888,0.35,0.0,0.8487861822091298,-0.3819651305675506,53,56,5.707039729831086,492.59038124304914
406,20.3,straightline,349,pure_pursuit,6.0,-259.02581787109375,37.10208511352539,0.4464254677295685,-0.010407376705655027,0.35,0.0,0.5599998833844525,-0.369597464799881,53,56,5.8170380004654,492.30159647844926
407,20.35,straightline,349,pure_pursuit,6.0,-258.7380065917969,37.102359771728516,0.46683239936828613,-0.010949734729403953,0.35,0.0,0.2721928291129384,-0.39000439643859863,53,56,5.737750575414767,492.01378947258445
408,20.400000000000002,straightline,349,pure_pursuit,6.0,-258.4496765136719,37.10289001464844,0.4429139494895935,-0.010220838134407412,0.35,0.0,0.016323953878901506,-0.366085946559906,53,57,5.800567095854329,491.7254620249266
409,20.450000000000003,straightline,349,pure_pursuit,6.0,-258.1624755859375,37.10318374633789,0.4603208005428314,-0.01068397011674285,0.35,0.0,0.3033568516318958,-0.383492797613144,53,57,5.698179843165793,491.43826524339045
410,20.5,straightline,349,pure_pursuit,6.0,-257.8742370605469,37.10365295410156,0.4484136998653412,-0.01040133218316208,0.35,0.0,0.5915918066229308,-0.3715856969356537,53,57,5.8090655334809975,491.1500297510261
411,20.55,straightline,349,pure_pursuit,6.0,-257.58685302734375,37.10393142700195,0.46899378299713135,-0.010947045455316554,0.35,0.0,0.878974094893279,-0.39216578006744385,53,57,5.73005824211927,490.86264997659254
412,20.6,straightline,349,pure_pursuit,6.0,-257.2989501953125,37.10446548461914,0.4451715350151062,-0.010365544940823201,0.35,0.0,0.8331309222906566,-0.3683435320854187,54,57,5.792185014932361,490.57474975732754
413,20.650000000000002,straightline,349,pure_pursuit,6.0,-257.0121765136719,37.10476303100586,0.4622572660446167,-0.010824630100241244,0.35,0.0,0.5463585840074284,-0.38542926311492925,54,57,5.689480772387849,490.287980206929
414,20.700000000000003,straightline,349,pure_pursuit,6.0,-256.72430419921875,37.105224609375,0.44978490471839905,-0.010535651425579764,0.35,0.0,0.25849221676641754,-0.3729569017887116,54,57,5.800240322810252,490.0001109842931
415,20.75,straightline,349,pure_pursuit,6.0,-256.4373779296875,37.10548782348633,0.4697907269001007,-0.010919699139885282,0.35,0.0,0.028538347861890037,-0.3929627239704132,54,58,5.721219541662913,489.71318908235946
416,20.8,straightline,349,pure_pursuit,6.0,-256.14990234375,37.10601806640625,0.44576746225357056,-0.010324399705980966,0.35,0.0,0.31593099269523284,-0.3689394593238831,54,58,5.783495855085089,489.4257161411633
417,20.85,straightline,349,pure_pursuit,6.0,-255.86355590820312,37.1063117980957,0.46306759119033813,-0.010785891137810696,0.35,0.0,0.6022727067997048,-0.38623958826065063,54,58,5.680635723496066,489.1393738716424
418,20.900000000000002,straightline,349,pure_pursuit,6.0,-255.576171875,37.10677719116211,0.45104217529296875,-0.010502090828030625,0.35,0.0,0.889655834080166,-0.37421417236328125,54,58,5.792141289016785,488.8519929121283
419,20.950000000000003,straightline,349,pure_pursuit,6.0,-255.2896270751953,37.107051849365234,0.471457302570343,-0.011043897155782134,0.35,0.0,0.8238381790046999,-0.3946292996406555,55,58,5.713317349641172,488.56545241660604
420,21.0,straightline,349,pure_pursuit,6.0,-255.00253295898438,37.107582092285156,0.44736146926879883,-0.010458208063505607,0.35,0.0,0.5367460075638847,-0.37053346633911133,55,58,5.775699546233565,488.27836095327916
421,21.05,straightline,349,pure_pursuit,6.0,-254.716552734375,37.107872009277344,0.4642680585384369,-0.01091257540991095,0.35,0.0,0.2507712131986255,-0.3874400556087494,55,58,5.672662912386658,487.9923849308654
422,21.1,straightline,349,pure_pursuit,6.0,-254.42955017089844,37.10832595825195,0.451810747385025,-0.010467954722165435,0.35,0.0,0.03632513478269174,-0.37498274445533747,55,59,5.784844572908943,487.70538552480855
423,21.150000000000002,straightline,349,pure_pursuit,6.0,-254.14337158203125,37.10859298706055,0.47210797667503357,-0.011003420486189885,0.35,0.0,0.3224300090123123,-0.39527997374534607,55,59,5.706074521232916,487.41921130168504
424,21.200000000000003,straightline,349,pure_pursuit,6.0,-253.85662841796875,37.109127044677734,0.44806578755378723,-0.01041121263716903,0.35,0.0,0.6091702725730959,-0.3712377846240997,55,59,5.767191691050247,487.13247077445084
425,21.25,straightline,349,pure_pursuit,6.0,-253.571044921875,37.10941696166992,0.4652915596961975,-0.010871102049761045,0.35,0.0,0.8947520430671927,-0.38846355676651,55,59,5.662548976254781,486.8468914913088
426,21.3,straightline,349,pure_pursuit,6.0,-253.28440856933594,37.1098747253418,0.4532346725463867,-0.010587591005863015,0.35,0.0,0.8186199071915035,-0.3764066696166992,56,59,5.774880294674414,486.5602582807282
427,21.35,straightline,349,pure_pursuit,6.0,-252.99867248535156,37.11014175415039,0.4735344350337982,-0.011125793734670602,0.35,0.0,0.5328851799362916,-0.3967064321041107,56,59,5.695698728687662,486.27452657257953
428,21.400000000000002,straightline,349,pure_pursuit,6.0,-252.71237182617188,37.11067581176758,0.44925129413604736,-0.010540092497284768,0.35,0.0,0.24659151732379367,-0.3724232912063599,56,59,5.757585207348514,485.98822855712115
429,21.450000000000003,straightline,349,pure_pursuit,6.0,-252.42721557617188,37.1109619140625,0.46610599756240845,-0.010840620270261777,0.35,0.0,0.03865188388372598,-0.38927799463272095,56,60,5.653666656299539,485.70307655520037
430,21.5,straightline,349,pure_pursuit,6.0,-252.14100646972656,37.11142349243164,0.4541095197200775,-0.010553379007821271,0.35,0.0,0.32479636697300157,-0.37728151679038996,56,60,5.765806335962035,485.4168705738804
431,21.55,straightline,349,pure_pursuit,6.0,-251.855712890625,37.111690521240234,0.4747462570667267,-0.011098793670085413,0.35,0.0,0.6100851797662064,-0.3979182541370392,56,60,5.686496827331672,485.1315813807331
432,21.6,straightline,349,pure_pursuit,6.0,-251.5699005126953,37.11222839355469,0.4508077800273895,-0.010513359541670974,0.35,0.0,0.8958969868579515,-0.373979777097702,56,60,5.748425641300603,484.8457716274103
433,21.650000000000002,straightline,349,pure_pursuit,6.0,-251.2852020263672,37.11252212524414,0.46800342202186584,-0.0109747347744769,0.35,0.0,0.8194133006143769,-0.39117541909217834,57,60,5.644312348476483,484.561077348585
434,21.700000000000003,straightline,349,pure_pursuit,6.0,-250.9994659423828,37.11297607421875,0.4560123682022095,-0.010695325560580553,0.35,0.0,0.5336791080831735,-0.379184365272522,57,60,5.757291944027113,484.2753444469754
435,21.75,straightline,349,pure_pursuit,6.0,-250.71473693847656,37.11323928833008,0.47625645995140076,-0.011232745713421212,0.35,0.0,0.2489555088885852,-0.3994284570217132,57,60,5.677618420275114,483.990619861591
436,21.8,straightline,349,pure_pursuit,6.0,-250.4294891357422,37.11376953125,0.4517655372619629,-0.010482105473300685,0.35,0.0,0.03639159851836839,-0.3749375343322754,57,61,5.739753782331242,483.7053747378687
437,21.85,straightline,349,pure_pursuit,6.0,-250.1453857421875,37.11406326293945,0.4689807593822479,-0.010941698936972073,0.35,0.0,0.3204168602045667,-0.3921527564525604,57,61,5.6350381970983605,483.4212755583306
438,21.900000000000002,straightline,349,pure_pursuit,6.0,-249.8601837158203,37.11452102661133,0.4575346112251282,-0.010670742449773401,0.35,0.0,0.6056151936042298,-0.38070660829544073,57,61,5.74887823208058,483.1360766951871
439,21.950000000000003,straightline,349,pure_pursuit,6.0,-249.57591247558594,37.11479187011719,0.4780656695365906,-0.011215231366841433,0.35,0.0,0.8898845747141698,-0.4012376666069031,57,61,5.6694016924068675,482.8518098331068
440,22.0,straightline,349,pure_pursuit,6.0,-249.2910919189453,37.115325927734375,0.4538034498691559,-0.010623864022146672,0.35,0.0,0.825303397069318,-0.3769754469394684,58,61,5.730886978647842,482.5669919376333
441,22.05,straightline,349,pure_pursuit,6.0,-249.00743103027344,37.11561584472656,0.47076451778411865,-0.011079781246835936,0.35,0.0,0.5416440285835445,-0.3939365148544311,58,61,5.625758624469537,482.28333529789694
442,22.1,straightline,349,pure_pursuit,6.0,-248.7227325439453,37.116065979003906,0.45880892872810364,-0.010803849703389266,0.35,0.0,0.2569520787667284,-0.3819809257984162,58,61,5.739571312702187,481.99864003164953
443,22.150000000000002,straightline,349,pure_pursuit,6.0,-248.4389190673828,37.1163215637207,0.4787907898426056,-0.01118045807738617,0.35,0.0,0.026981755020003394,-0.4019627869129181,58,62,5.660098386649277,481.71483104372186
444,22.200000000000003,straightline,349,pure_pursuit,6.0,-248.15457153320312,37.116851806640625,0.45434102416038513,-0.010575182939857283,0.35,0.0,0.31123248514971136,-0.37751302123069763,58,62,5.721706228596231,481.43048620221464
445,22.25,straightline,349,pure_pursuit,6.0,-247.87136840820312,37.11714553833008,0.471574604511261,-0.01103640919108461,0.35,0.0,0.5944303766028696,-0.39474660158157343,58,62,5.616567938135923,481.1472873105683
446,22.3,straightline,349,pure_pursuit,6.0,-247.5870819091797,37.11760330200195,0.46011748909950256,-0.010767695105777322,0.35,0.0,0.8787157894851988,-0.38328948616981506,58,62,5.731184229562153,480.86300398993023
447,22.35,straightline,349,pure_pursuit,6.0,-247.3037109375,37.11786651611328,0.4805402159690857,-0.011308837079396755,0.35,0.0,0.8379068994456023,-0.40371221303939825,59,62,5.651830049702764,480.5796374668271
448,22.400000000000002,straightline,349,pure_pursuit,6.0,-247.01976013183594,37.1183967590332,0.4560755491256714,-0.010714884158675953,0.35,0.0,0.5539581169421872,-0.37924754619598383,59,62,5.7135931041129515,480.29568936184586
449,22.450000000000003,straightline,349,pure_pursuit,6.0,-246.73695373535156,37.118682861328125,0.47292906045913696,-0.01116873490047297,0.35,0.0,0.2711569768165943,-0.39610105752944946,59,62,5.608163655283284,480.01288726005475
450,22.5,straightline,349,pure_pursuit,6.0,-246.45306396484375,37.1191291809082,0.4610012471675873,-0.01073226326457312,0.35,0.0,0.012997166227068046,-0.3841732442378998,59,63,5.723174519313501,479.7290007526416
451,22.55,straightline,349,pure_pursuit,6.0,-246.17007446289062,37.119384765625,0.4813207983970642,-0.011267433894894765,0.35,0.0,0.29574406329749064,-0.4044927954673767,59,63,5.643859821923389,479.4460157614789
452,22.6,straightline,349,pure_pursuit,6.0,-245.88653564453125,37.11991882324219,0.4566313624382019,-0.010659158419483986,0.35,0.0,0.5792791360083126,-0.3798033595085144,59,63,5.7048373291551195,479.1624796263066
453,22.650000000000002,straightline,349,pure_pursuit,6.0,-245.60414123535156,37.120201110839844,0.4741097688674927,-0.011125607136715255,0.35,0.0,0.8616715034167823,-0.3972817659378052,59,63,5.597951114218106,478.88008954783953
454,22.700000000000003,straightline,349,pure_pursuit,6.0,-245.3206024169922,37.12065505981445,0.4626748561859131,-0.010859126505513237,0.35,0.0,0.8547985348681532,-0.3858468532562256,60,63,5.713660851616179,478.5965539521706
455,22.75,straightline,349,pure_pursuit,6.0,-245.03797912597656,37.12092208862305,0.4829552471637726,-0.011398390992302207,0.35,0.0,0.5721765453459746,-0.40612724423408514,60,63,5.633616920969436,478.3139351081695
456,22.8,straightline,349,pure_pursuit,6.0,-244.7548370361328,37.12145233154297,0.4582877457141876,-0.010802816160590699,0.35,0.0,0.2890404506760289,-0.3814597427845001,60,63,5.694811200796139,478.0307957348755
457,22.85,straightline,349,pure_pursuit,6.0,-244.47288513183594,37.121734619140625,0.4750169515609741,-0.011254141820289675,0.35,0.0,0.007506769826624476,-0.3981889486312867,60,63,5.588421761539973,477.7488481713959
458,22.900000000000002,straightline,349,pure_pursuit,6.0,-244.1898651123047,37.12217712402344,0.46309641003608704,-0.010808136758531737,0.35,0.0,0.2759555744931122,-0.38626840710639954,60,64,5.703641459890537,477.46583145698094
459,22.950000000000003,straightline,349,pure_pursuit,6.0,-243.90773010253906,37.1224365234375,0.4834020137786865,-0.011344421486746612,0.35,0.0,0.5580841066726845,-0.406574010848999,60,64,5.62374080140725,477.18370095431953
460,23.0,straightline,349,pure_pursuit,6.0,-243.6250762939453,37.12296676635742,0.4590641260147095,-0.010747577185638336,0.35,0.0,0.8407370205493137,-0.382236123085022,60,64,5.685202509365632,476.9010498684271
461,23.05,straightline,349,pure_pursuit,6.0,-243.34361267089844,37.12324905395508,0.47631198167800903,-0.011209061653822102,0.35,0.0,0.8778086152311091,-0.3994839787483216,61,64,5.578792807792154,476.6195905953741
462,23.1,straightline,349,pure_pursuit,6.0,-243.06105041503906,37.12369918823242,0.46500587463378906,-0.010947928827792882,0.35,0.0,0.5952480043398048,-0.3881778717041016,61,64,5.694810332687746,476.33703160178584
463,23.150000000000002,straightline,349,pure_pursuit,6.0,-242.77944946289062,37.123958587646484,0.48536062240600586,-0.011488695407259226,0.35,0.0,0.3136509994384213,-0.40853261947631836,61,64,5.613990324624041,476.0554351652086
464,23.200000000000003,straightline,349,pure_pursuit,6.0,-242.4974365234375,37.12448501586914,0.4606509208679199,-0.010895183710017537,0.35,0.0,0.03173486640789236,-0.38382291793823237,61,64,5.676061797592862,475.7734249766237
465,23.25,straightline,349,pure_pursuit,6.0,-242.21661376953125,37.124759674072266,0.47749194502830505,-0.011177757681879051,0.35,0.0,0.2492074025412802,-0.4006639420986176,61,65,5.568949625532684,475.4926066293565
466,23.3,straightline,349,pure_pursuit,6.0,-241.93466186523438,37.12520217895508,0.4663642346858978,-0.01091285482874411,0.35,0.0,0.5311532963719701,-0.38953623175621027,61,65,5.685997859801095,475.2106580426883
467,23.35,straightline,349,pure_pursuit,6.0,-241.65362548828125,37.125465393066406,0.48693233728408813,-0.011457689617035492,0.35,0.0,0.812187280359721,-0.41010433435440063,61,65,5.605913860910631,474.9296261636998
468,23.400000000000002,straightline,349,pure_pursuit,6.0,-241.37203979492188,37.12599563598633,0.46241509914398193,-0.010858992670286928,0.35,0.0,0.9062358108442643,-0.3855870962142945,62,65,5.666975907009302,474.6480432033142
469,23.450000000000003,straightline,349,pure_pursuit,6.0,-241.09165954589844,37.126277923583984,0.4794690012931824,-0.011316542456052903,0.35,0.0,0.6258567326880236,-0.4026409983634949,62,65,5.55956581897087,474.3676673202837
470,23.5,straightline,349,pure_pursuit,6.0,-240.81016540527344,37.12672424316406,0.46815982460975647,-0.0110572898511139,0.35,0.0,0.3443668832061449,-0.391331821680069,62,65,5.676295075512055,474.0861764797363
471,23.55,straightline,349,pure_pursuit,6.0,-240.5296173095703,37.12697982788086,0.48828375339508057,-0.011592278839058036,0.35,0.0,0.06385649550490545,-0.4114557504653931,62,65,5.596223372160068,473.8056329424491
472,23.6,straightline,349,pure_pursuit,6.0,-240.24850463867188,37.127498626708984,0.46319928765296936,-0.010814251608236805,0.35,0.0,0.2173197033359504,-0.38637128472328186,62,66,5.657463252432665,473.5245230875648
473,23.650000000000002,straightline,349,pure_pursuit,6.0,-239.9685516357422,37.12778091430664,0.4801889955997467,-0.011267395445760364,0.35,0.0,0.4972635710521235,-0.40336099267005915,62,66,5.549977623140244,473.24457446123444
474,23.700000000000003,straightline,349,pure_pursuit,6.0,-239.68751525878906,37.128231048583984,0.46927544474601746,-0.011011793013873908,0.35,0.0,0.7782982498028752,-0.39244744181632996,62,66,5.6674401123365765,472.9635413667739
475,23.75,straightline,349,pure_pursuit,6.0,-239.40737915039062,37.12849426269531,0.48983585834503174,-0.011557351672287256,0.35,0.0,0.9415748683106493,-0.4130078554153443,63,66,5.587505225039362,472.68340977700905
476,23.8,straightline,349,pure_pursuit,6.0,-239.12673950195312,37.12902069091797,0.46513864398002625,-0.010956162689897854,0.35,0.0,0.660936717285221,-0.38831064105033875,63,66,5.648900285768755,472.4027729001144
477,23.85,straightline,349,pure_pursuit,6.0,-238.8472442626953,37.129302978515625,0.4820833206176758,-0.011412186355510452,0.35,0.0,0.38144452675554374,-0.4052553176879883,63,66,5.541285179159946,472.1232820473407
478,23.900000000000002,straightline,349,pure_pursuit,6.0,-238.566650390625,37.12974166870117,0.4707789123058319,-0.011154248741541197,0.35,0.0,0.10087516271169047,-0.3939509093761444,63,66,5.6591614648789745,471.8426915427327
479,23.950000000000003,straightline,349,pure_pursuit,6.0,-238.2869110107422,37.12999725341797,0.4907747209072113,-0.011521324219974333,0.35,0.0,0.17891454449030014,-0.4139467179775238,63,67,5.579265736750709,471.5629567442709
480,24.0,straightline,349,pure_pursuit,6.0,-238.00665283203125,37.13051986694336,0.4658701419830322,-0.010904946962959588,0.35,0.0,0.45916358996369144,-0.3890421390533447,63,67,5.640765435398492,471.28270137138054
481,24.05,straightline,349,pure_pursuit,6.0,-237.72755432128906,37.130802154541016,0.48310425877571106,-0.01136554073334877,0.35,0.0,0.7382590923602365,-0.40627625584602356,63,67,5.531242380779119,471.0036072584865
482,24.1,straightline,349,pure_pursuit,6.0,-237.44737243652344,37.131248474121094,0.471951961517334,-0.01110496281635311,0.35,0.0,0.9815682196640244,-0.39512395858764654,64,67,5.648915231961948,470.7234286990473
483,24.150000000000002,straightline,349,pure_pursuit,6.0,-237.16807556152344,37.13150405883789,0.49231889843940735,-0.011644623657819311,0.35,0.0,0.7022721904683589,-0.41549089550971985,64,67,5.568435856909825,470.44413641616933
484,24.200000000000003,straightline,349,pure_pursuit,6.0,-236.88829040527344,37.13203430175781,0.46740493178367615,-0.011041810326416565,0.35,0.0,0.4224904106766382,-0.3905769288539886,64,67,5.6295369055926585,470.16435402108334
485,24.25,straightline,349,pure_pursuit,6.0,-236.6096649169922,37.1323127746582,0.48425158858299255,-0.011495782081105637,0.35,0.0,0.14387899138316612,-0.40742358565330505,64,67,5.5209655913623275,469.8857329659426
486,24.3,straightline,349,pure_pursuit,6.0,-236.32997131347656,37.13275146484375,0.4730193316936493,-0.011070535570266774,0.35,0.0,0.13586228211569562,-0.39619132876396174,64,68,5.639204256852959,469.60604274642236
487,24.35,straightline,349,pure_pursuit,6.0,-236.0511932373047,37.13300323486328,0.49345457553863525,-0.011609437412959594,0.35,0.0,0.41462293548477186,-0.4166265726089478,64,68,5.558821660783934,469.3272692970779
488,24.400000000000002,straightline,349,pure_pursuit,6.0,-235.77186584472656,37.13353729248047,0.46883559226989746,-0.011005438313078559,0.35,0.0,0.6939483947964603,-0.39200758934020996,64,68,5.619864833997354,469.04794464689826
489,24.450000000000003,straightline,349,pure_pursuit,6.0,-235.49375915527344,37.13382339477539,0.4860742390155792,-0.011468078235092207,0.35,0.0,0.972053549187138,-0.4092462360858917,64,68,5.511351503523396,468.76984234782526
490,24.5,straightline,349,pure_pursuit,6.0,-235.21449279785156,37.13426971435547,0.47533369064331055,-0.011220921295152463,0.35,0.0,0.748689499503009,-0.39850568771362305,65,68,5.630351970731579,468.49057933172594
491,24.55,straightline,349,pure_pursuit,6.0,-234.93612670898438,37.134525299072266,0.4956185519695282,-0.011759592577856618,0.35,0.0,0.47032540003061074,-0.4187905490398407,65,68,5.549913898130803,468.2122178553861
492,24.6,straightline,349,pure_pursuit,6.0,-234.65736389160156,37.13505172729492,0.4702330529689789,-0.011147019633878548,0.35,0.0,0.19157391270515117,-0.39340505003929144,65,68,5.611014867367872,467.93345783632475
493,24.650000000000002,straightline,349,pure_pursuit,6.0,-234.3798065185547,37.13533020019531,0.48699951171875,-0.011433145430226268,0.35,0.0,0.08604033784507045,-0.41017150878906244,65,69,5.5014556434691295,467.65590491305863
494,24.700000000000003,straightline,349,pure_pursuit,6.0,-234.1011199951172,37.135765075683594,0.47644659876823425,-0.01118208341318013,0.35,0.0,0.36469837565428054,-0.39961859583854675,65,69,5.621877658351269,467.37722181353365
495,24.75,straightline,349,pure_pursuit,6.0,-233.82337951660156,37.13602828979492,0.4969775080680847,-0.011726704579225007,0.35,0.0,0.6424344277243519,-0.4201495051383972,65,69,5.541126570504233,467.099485902571
496,24.8,straightline,349,pure_pursuit,6.0,-233.5450897216797,37.136558532714844,0.47211888432502747,-0.011118317792437823,0.35,0.0,0.9207236345632449,-0.39529088139533997,65,69,5.601819343511778,466.8211988868047
497,24.85,straightline,349,pure_pursuit,6.0,-233.2680206298828,37.1368408203125,0.48911917209625244,-0.011575103356046229,0.35,0.0,0.8022169984648243,-0.41229116916656494,66,69,5.492098169216095,466.54413422834665
498,24.900000000000002,straightline,349,pure_pursuit,6.0,-232.98983764648438,37.13727569580078,0.47831690311431885,-0.011326321709277469,0.35,0.0,0.5240362041328845,-0.4014889001846314,66,69,5.611843838560495,466.26595467597605
499,24.950000000000003,straightline,349,pure_pursuit,6.0,-232.71255493164062,37.13753128051758,0.49844545125961304,-0.011862144707561846,0.35,0.0,0.24675969487114532,-0.4216174483299256,66,69,5.5310363728751755,465.9886765906809
500,25.0,straightline,349,pure_pursuit,6.0,-232.43475341796875,37.1380500793457,0.4730202555656433,-0.011078415191762097,0.35,0.0,0.031170528145320637,-0.39619225263595576,66,70,5.591915872023265,465.71087793998316
501,25.05,straightline,349,pure_pursuit,6.0,-232.15817260742188,37.13832473754883,0.48998335003852844,-0.011530085938155491,0.35,0.0,0.3076470205670039,-0.413155347108841,66,70,5.482264675562453,465.4343016239083
502,25.1,straightline,349,pure_pursuit,6.0,-231.88047790527344,37.13876724243164,0.47956234216690063,-0.01128587452829118,0.35,0.0,0.5853372395101045,-0.40273433923721313,66,70,5.6025200025275055,465.15661030858166
503,25.150000000000002,straightline,349,pure_pursuit,6.0,-231.6036834716797,37.1390266418457,0.5001024007797241,-0.0118308403281199,0.35,0.0,0.8621295064460676,-0.4232743978500366,66,70,5.521845200680493,464.87982048842997
504,25.200000000000003,straightline,349,pure_pursuit,6.0,-231.32638549804688,37.13955307006836,0.4750644862651825,-0.011219622007327372,0.35,0.0,0.8605818242786886,-0.398236483335495,67,70,5.583010836801039,464.60252533203493
505,25.25,straightline,349,pure_pursuit,6.0,-231.0502471923828,37.13983154296875,0.49200305342674255,-0.011675153636793991,0.35,0.0,0.5844449712659654,-0.41517505049705505,67,70,5.47325948112614,464.3263915054484
506,25.3,straightline,349,pure_pursuit,6.0,-230.77297973632812,37.14026641845703,0.48118236660957336,-0.01142846183357085,0.35,0.0,0.3071829558235169,-0.40435436367988586,67,70,5.5939591360041625,464.0491274968822
507,25.35,straightline,349,pure_pursuit,6.0,-230.49661254882812,37.14051055908203,0.5011302828788757,-0.011957932574301413,0.35,0.0,0.03090865397953107,-0.42430227994918823,67,70,5.5132376445015,463.7727650377398
508,25.400000000000002,straightline,349,pure_pursuit,6.0,-230.2197265625,37.14102554321289,0.47548651695251465,-0.01115948223441629,0.35,0.0,0.2460969436765631,-0.39865851402282715,67,71,5.574644332884443,463.49588195464946
509,25.450000000000003,straightline,349,pure_pursuit,6.0,-229.94400024414062,37.14130401611328,0.49233415722846985,-0.011609574528237625,0.35,0.0,0.5218151943993801,-0.41550615429878235,67,71,5.464697398157303,463.220160126682
510,25.5,straightline,349,pure_pursuit,6.0,-229.66714477539062,37.14173126220703,0.4819328486919403,-0.01136447371817042,0.35,0.0,0.7986689386605021,-0.40510484576225286,67,71,5.5845038398823,462.94330816677234
511,25.55,straightline,349,pure_pursuit,6.0,-229.3911895751953,37.14198303222656,0.5021960139274597,-0.011901084292791582,0.35,0.0,0.9253854197424277,-0.4253680109977722,68,71,5.503206247005511,462.6673576547932
512,25.6,straightline,349,pure_pursuit,6.0,-229.1147003173828,37.14250564575195,0.4768703877925873,-0.011283896800389564,0.35,0.0,0.648897793563567,-0.4000423848628998,68,71,5.5639366548977245,462.3908712569062
513,25.650000000000002,straightline,349,pure_pursuit,6.0,-228.8394317626953,37.142784118652344,0.49375665187835693,-0.01173905533197037,0.35,0.0,0.37363255701938713,-0.4169286489486695,68,71,5.453210930814177,462.1156072028689
514,25.700000000000003,straightline,349,pure_pursuit,6.0,-228.56304931640625,37.14321517944336,0.48307061195373535,-0.011497425424682007,0.35,0.0,0.09727694826889072,-0.4062426090240479,68,71,5.574169236881285,461.83922824746463
515,25.75,straightline,349,pure_pursuit,6.0,-228.2875518798828,37.14345932006836,0.503099799156189,-0.011860523175414226,0.35,0.0,0.17827462755603124,-0.42627179622650146,68,72,5.492916870824604,461.5637355618909
516,25.8,straightline,349,pure_pursuit,6.0,-228.01158142089844,37.14398193359375,0.47787731885910034,-0.011236916615670686,0.35,0.0,0.4542355350681888,-0.4010493159294129,68,72,5.553837400477339,461.2877679685974
517,25.85,straightline,349,pure_pursuit,6.0,-227.73681640625,37.14426040649414,0.49509862065315247,-0.011697714390841822,0.35,0.0,0.7289973729548122,-0.41827061772346497,68,72,5.443122588443391,461.01300746382213
518,25.900000000000002,straightline,349,pure_pursuit,6.0,-227.46090698242188,37.144691467285156,0.4849306046962738,-0.011461392930336095,0.35,0.0,0.9951027989941229,-0.40810260176658636,69,72,5.564840998868394,460.73710153892745
519,25.950000000000003,straightline,349,pure_pursuit,6.0,-227.18592834472656,37.14494705200195,0.5053873062133789,-0.012004828659404172,0.35,0.0,0.7201250060673307,-0.4285593032836914,69,72,5.483556609995874,460.4621275832661
520,26.0,straightline,349,pure_pursuit,6.0,-226.9104461669922,37.145469665527344,0.4800960123538971,-0.011391429472108104,0.35,0.0,0.44464604527847895,-0.40326800942420965,69,72,5.544663583408821,460.186648277668
521,26.05,straightline,349,pure_pursuit,6.0,-226.63626098632812,37.14574432373047,0.49681854248046875,-0.011842645911709424,0.35,0.0,0.17047239301287392,-0.41999053955078125,69,72,5.431660227715652,459.9124676404006
522,26.1,straightline,349,pure_pursuit,6.0,-226.36097717285156,37.14617156982422,0.48661908507347107,-0.011441439608386257,0.35,0.0,0.1048651667115847,-0.40979108214378357,69,73,5.555970290027906,459.63718735644204
523,26.150000000000002,straightline,349,pure_pursuit,6.0,-226.08660888671875,37.146419525146484,0.5068729519844055,-0.011975956134615773,0.35,0.0,0.37920838569234205,-0.430044949054718,69,73,5.474855558148648,459.3628238116857
524,26.200000000000003,straightline,349,pure_pursuit,6.0,-225.8116912841797,37.14694595336914,0.48162904381752014,-0.011354681949045934,0.35,0.0,0.6541235146095156,-0.40480104088783264,69,73,5.535433440129081,459.0879090598234
525,26.25,straightline,349,pure_pursuit,6.0,-225.53805541992188,37.14722442626953,0.4987257122993469,-0.01181312696627384,0.35,0.0,0.9277576181439564,-0.4218977093696595,69,73,5.423693792411125,458.8142777209939
526,26.3,straightline,349,pure_pursuit,6.0,-225.26327514648438,37.14765167236328,0.4885280728340149,-0.01157717628431145,0.35,0.0,0.7974716869186713,-0.41170006990432734,70,73,5.546152472056919,458.53950098444125
527,26.35,straightline,349,pure_pursuit,6.0,-224.9894256591797,37.14790344238281,0.5087348222732544,-0.012114079747734088,0.35,0.0,0.523623860557284,-0.4319068193435669,70,73,5.464579863113888,458.2656562216181
528,26.400000000000002,straightline,349,pure_pursuit,6.0,-224.71505737304688,37.14842224121094,0.483093798160553,-0.01149347017286529,0.35,0.0,0.24926354015490904,-0.4062657952308655,70,73,5.52553877925145,457.99129084353285
529,26.450000000000003,straightline,349,pure_pursuit,6.0,-224.44186401367188,37.14868927001953,0.49965599179267883,-0.011773206830613323,0.35,0.0,0.024085297693659906,-0.42282798886299133,70,74,5.413877088880848,457.71810209891396
530,26.5,straightline,349,pure_pursuit,6.0,-224.1675567626953,37.14911651611328,0.48944976925849915,-0.011530590412950284,0.35,0.0,0.29826398197540294,-0.41262176632881165,70,74,5.536930426548145,457.4437983929639
531,26.55,straightline,349,pure_pursuit,6.0,-223.8941192626953,37.14936828613281,0.5099392533302307,-0.012072725338441115,0.35,0.0,0.5716953799107877,-0.4331112504005432,70,74,5.455347899271359,457.1703656292847
532,26.6,straightline,349,pure_pursuit,6.0,-223.62017822265625,37.1498908996582,0.4846675395965576,-0.011452068626279233,0.35,0.0,0.8456355214853333,-0.4078395366668701,70,74,5.516350912361915,456.8964274790419
533,26.650000000000002,straightline,349,pure_pursuit,6.0,-223.347412109375,37.150169372558594,0.5016534924507141,-0.011908468871771986,0.35,0.0,0.8816082162501302,-0.42482548952102667,71,74,5.404520619085064,456.623665912946
534,26.700000000000003,straightline,349,pure_pursuit,6.0,-223.073486328125,37.15060043334961,0.4914312958717346,-0.011674686944932747,0.35,0.0,0.6076841257798324,-0.4146032929420472,71,74,5.528204453465038,456.34974366072305
535,26.75,straightline,349,pure_pursuit,6.0,-222.80050659179688,37.15084457397461,0.5114949345588684,-0.012206942208029736,0.35,0.0,0.33470816187220476,-0.43466693162918096,71,74,5.446623847682006,456.0767687240257
536,26.8,straightline,349,pure_pursuit,6.0,-222.52700805664062,37.151363372802734,0.4856353998184204,-0.0115835421414057,0.35,0.0,0.06125924933733022,-0.4088073968887329,71,74,5.507823083303716,455.8032731125516
537,26.85,straightline,349,pure_pursuit,6.0,-222.25469970703125,37.15162658691406,0.5020461678504944,-0.011849813507095243,0.35,0.0,0.21112509646468075,-0.42521816492080694,71,75,5.3959262781870185,455.53096942578503
538,26.900000000000002,straightline,349,pure_pursuit,6.0,-221.98118591308594,37.15205001831055,0.4919109046459198,-0.011609678453487992,0.35,0.0,0.4846304522234365,-0.4150829017162323,71,75,5.520314956303475,455.2574592231421
539,26.950000000000003,straightline,349,pure_pursuit,6.0,-221.70863342285156,37.15229415893555,0.5122065544128418,-0.012145619755281455,0.35,0.0,0.7571799777602806,-0.43537855148315424,71,75,5.436389352956793,454.98491154423505
540,27.0,straightline,349,pure_pursuit,6.0,-221.43556213378906,37.1528205871582,0.4866800308227539,-0.011521092311625583,0.35,0.0,0.9697428318579819,-0.4098520278930664,72,75,5.497603139719767,454.7118431342319
541,27.05,straightline,349,pure_pursuit,6.0,-221.16372680664062,37.15309524536133,0.5036482214927673,-0.011977071765493511,0.35,0.0,0.6979085033321438,-0.4268202185630798,72,75,5.38545625307648,454.4400124011068
542,27.1,straightline,349,pure_pursuit,6.0,-220.8907012939453,37.15351867675781,0.4935629963874817,-0.011747092466636877,0.35,0.0,0.424886161634253,-0.41673499345779424,72,75,5.510013351887442,454.16699048759216
543,27.150000000000002,straightline,349,pure_pursuit,6.0,-220.6185760498047,37.15376281738281,0.5136114954948425,-0.01227974972237486,0.35,0.0,0.15277369306700722,-0.4367834925651551,72,75,5.428283008986704,453.8948700664363
544,27.200000000000003,straightline,349,pure_pursuit,6.0,-220.34591674804688,37.15427780151367,0.48772409558296204,-0.01147980159700399,0.35,0.0,0.119937602141946,-0.4108960926532746,72,76,5.489633374307332,453.62221373128256
545,27.25,straightline,349,pure_pursuit,6.0,-220.07449340820312,37.15454864501953,0.504635751247406,-0.011930698015570503,0.35,0.0,0.39133940605869877,-0.42780774831771856,72,76,5.377195167345028,453.35079502350965
546,27.3,straightline,349,pure_pursuit,6.0,-219.80186462402344,37.15497589111328,0.49492090940475464,-0.011703929542509043,0.35,0.0,0.6639652072233901,-0.4180929064750672,72,76,5.502157435073097,453.07816982221556
547,27.35,straightline,349,pure_pursuit,6.0,-219.53013610839844,37.15522766113281,0.5153200626373291,-0.01224486174008841,0.35,0.0,0.9356919490788352,-0.43849205970764166,72,76,5.420528405744475,452.8064460891445
548,27.400000000000002,straightline,349,pure_pursuit,6.0,-219.25787353515625,37.1557502746582,0.4897298216819763,-0.011620076921658848,0.35,0.0,0.792054937019383,-0.41290181875228876,73,76,5.481829187934035,452.5341864384638
549,27.450000000000003,straightline,349,pure_pursuit,6.0,-218.98684692382812,37.15602111816406,0.5065153241157532,-0.012071301313425943,0.35,0.0,0.5210301444999023,-0.42968732118606573,73,76,5.369107574642509,452.2631644712327
550,27.5,straightline,349,pure_pursuit,6.0,-218.71466064453125,37.15644454956055,0.49637240171432495,-0.011841850510099994,0.35,0.0,0.24885135494759955,-0.41954439878463745,73,76,5.4945392923042276,451.9909818102645
551,27.55,straightline,349,pure_pursuit,6.0,-218.44342041015625,37.15668487548828,0.5162650346755981,-0.012207610311041573,0.35,0.0,0.022548285738925672,-0.43943703174591064,73,77,5.412605292825096,451.71974644809484
552,27.6,straightline,349,pure_pursuit,6.0,-218.17160034179688,37.15720748901367,0.49044448137283325,-0.011567741172953226,0.35,0.0,0.2942363560156535,-0.41361647844314575,73,77,5.4740245867463795,451.44792931001643
553,27.650000000000002,straightline,349,pure_pursuit,6.0,-217.90103149414062,37.1574821472168,0.5074805021286011,-0.012023471762613449,0.35,0.0,0.5647989310710722,-0.4306524991989136,73,77,5.361026168371469,451.17736509057255
554,27.700000000000003,straightline,349,pure_pursuit,6.0,-217.6292724609375,37.15790939331055,0.49776458740234375,-0.01179827969286089,0.35,0.0,0.8365565143608706,-0.42093658447265625,73,77,5.486482122974515,450.9056096585959
555,27.75,straightline,349,pure_pursuit,6.0,-217.3584747314453,37.15815734863281,0.5179983973503113,-0.01233481166814952,0.35,0.0,0.8926554753043343,-0.4411703944206238,74,77,5.404384526117904,450.6348167596544
556,27.8,straightline,349,pure_pursuit,6.0,-217.08706665039062,37.1586799621582,0.4921654760837555,-0.011705994533445464,0.35,0.0,0.6212492308216898,-0.41533747315406805,74,77,5.465893936904757,450.36341161731156
557,27.85,straightline,349,pure_pursuit,6.0,-216.81686401367188,37.15895080566406,0.5087645649909973,-0.012153424351848201,0.35,0.0,0.35105038802079014,-0.4319365620613098,74,77,5.352794690587808,450.09321364816185
558,27.900000000000002,straightline,349,pure_pursuit,6.0,-216.54551696777344,37.15936279296875,0.49858346581459045,-0.011922407522041831,0.35,0.0,0.07973836427834805,-0.42175546288490295,74,77,5.4788113788497395,449.82187031960075
559,27.950000000000003,straightline,349,pure_pursuit,6.0,-216.2750701904297,37.159603118896484,0.5182250738143921,-0.01227178889577412,0.35,0.0,0.19077095212934161,-0.44139707088470453,74,78,5.396881607872287,449.55142843965666
560,28.0,straightline,349,pure_pursuit,6.0,-216.004638671875,37.16022491455078,0.4731328785419464,-0.01113994009927715,0.35,0.0,0.4611944764912131,-0.3963048756122589,74,78,5.440049113363056,449.2809991626545
561,28.05,straightline,349,pure_pursuit,6.0,-215.73646545410156,37.160491943359375,0.4806683361530304,-0.011342519363914966,0.35,0.0,0.729364283390736,-0.4038403332233429,74,78,5.31931632977148,449.0128306111635
562,28.1,straightline,349,pure_pursuit,6.0,-215.46798706054688,37.16089630126953,0.4621574282646179,-0.010880605034892948,0.35,0.0,0.9978417255513045,-0.38532942533493036,74,78,5.416457768591514,448.7443559380264
563,28.150000000000002,straightline,349,pure_pursuit,6.0,-215.20054626464844,37.16106033325195,0.4858241677284241,-0.011491570480125156,0.35,0.0,0.7347276824302079,-0.4089961647987365,75,78,5.337574747059542,448.4769205211769
564,28.200000000000003,straightline,349,pure_pursuit,6.0,-214.93202209472656,37.161502838134766,0.4659315347671509,-0.011004922266447921,0.35,0.0,0.4662062326022273,-0.3891035318374634,75,78,5.412746064055177,448.20839981653927
565,28.25,straightline,349,pure_pursuit,6.0,-214.6649627685547,37.16181945800781,0.46753203868865967,-0.011064475729483627,0.35,0.0,0.19915636459212022,-0.39070403575897217,75,78,5.298859619275024,447.94134480482245
566,28.3,straightline,349,pure_pursuit,6.0,-214.39773559570312,37.162227630615234,0.4466266930103302,-0.010376281452454943,0.35,0.0,0.0681407104895995,-0.3697986900806427,75,79,5.389982339215433,447.674121315293
567,28.35,straightline,349,pure_pursuit,6.0,-214.1316680908203,37.16236877441406,0.4705806374549866,-0.010989917089900356,0.35,0.0,0.33416483144276266,-0.3937526345252991,75,79,5.304427402961074,447.4080593394656
568,28.400000000000002,straightline,349,pure_pursuit,6.0,-213.8646697998047,37.16278839111328,0.4529936909675598,-0.010551368214982268,0.35,0.0,0.6011596947512016,-0.3761656880378723,75,79,5.382268910034887,447.14106465640083
569,28.450000000000003,straightline,349,pure_pursuit,6.0,-213.59800720214844,37.163021087646484,0.47445419430732727,-0.011116320024066687,0.35,0.0,0.8678203930773156,-0.3976261913776398,75,79,5.298003167196466,446.87440697302867
570,28.5,straightline,349,pure_pursuit,6.0,-213.33106994628906,37.16352844238281,0.44574907422065735,-0.010404107597380717,0.35,0.0,0.8652354769788511,-0.36892107129096985,76,79,5.379068357840857,446.6074727185073
571,28.55,straightline,349,pure_pursuit,6.0,-213.0657501220703,37.163719177246094,0.46590325236320496,-0.010926083043113046,0.35,0.0,0.599916609487825,-0.3890752494335175,76,79,5.281824759187029,446.3421580808714
572,28.6,straightline,349,pure_pursuit,6.0,-212.79989624023438,37.16413879394531,0.4463602900505066,-0.010443325017112613,0.35,0.0,0.3340666036889332,-0.3695322871208191,76,79,5.355523515154527,446.0763077986979
573,28.650000000000002,straightline,349,pure_pursuit,6.0,-212.53463745117188,37.164344787597656,0.467237263917923,-0.010988080707761446,0.35,0.0,0.06883695701900082,-0.3904092609882355,76,79,5.270248221130889,445.81105409924197
574,28.700000000000003,straightline,349,pure_pursuit,6.0,-212.2689971923828,37.16482162475586,0.44024285674095154,-0.010162831932100783,0.35,0.0,0.1968565422741535,-0.36341485381126404,76,80,5.355216964692184,445.54541704294815
575,28.75,straightline,349,pure_pursuit,6.0,-212.0048065185547,37.16498947143555,0.46245965361595154,-0.010734004557569224,0.35,0.0,0.46103781205222716,-0.38563165068626404,76,80,5.261781627947897,445.2812317117828
576,28.8,straightline,349,pure_pursuit,6.0,-211.7399139404297,37.1654052734375,0.4448140561580658,-0.01029262813801779,0.35,0.0,0.7259289408021569,-0.3679860532283783,76,80,5.338039632701098,445.0163427564532
577,28.85,straightline,349,pure_pursuit,6.0,-211.4754180908203,37.165618896484375,0.4675758481025696,-0.010886935000345883,0.35,0.0,0.9904235639659769,-0.3907478451728821,76,80,5.2554405352008375,444.7518519469011
578,28.900000000000002,straightline,349,pure_pursuit,6.0,-211.2105255126953,37.166114807128906,0.44098079204559326,-0.010228003890403748,0.35,0.0,0.7446910576209758,-0.36415278911590576,77,80,5.339666671254375,444.4869624377832
579,28.950000000000003,straightline,349,pure_pursuit,6.0,-210.9471435546875,37.166290283203125,0.46329689025878906,-0.010802202191818686,0.35,0.0,0.48131021249323447,-0.38646888732910156,77,80,5.244835803143442,444.2235857720286
580,29.0,straightline,349,pure_pursuit,6.0,-210.6830596923828,37.16670608520508,0.4454408884048462,-0.010362325933821368,0.35,0.0,0.2172322619073799,-0.3686128854751587,77,80,5.321181442087806,443.95950553245325
581,29.05,straightline,349,pure_pursuit,6.0,-210.41940307617188,37.16691207885742,0.4680209755897522,-0.01082050463131735,0.35,0.0,0.04647935742683203,-0.3911929726600647,77,81,5.238630294477613,443.695854012009
582,29.1,straightline,349,pure_pursuit,6.0,-210.15533447265625,37.16740798950195,0.4416782259941101,-0.010159610203180553,0.35,0.0,0.3105118384489362,-0.3648502230644226,77,81,5.323548626592555,443.4317884759673
583,29.150000000000002,straightline,349,pure_pursuit,6.0,-209.89273071289062,37.16758346557617,0.4645792543888092,-0.010749146412874179,0.35,0.0,0.5731114947616986,-0.3877512514591217,77,81,5.229302650680443,443.1691900123444
584,29.200000000000003,straightline,349,pure_pursuit,6.0,-209.62940979003906,37.168006896972656,0.4473479092121124,-0.01031972241091439,0.35,0.0,0.8364318317780723,-0.3705199062824249,77,81,5.3066086911988535,442.9058726593761
585,29.25,straightline,349,pure_pursuit,6.0,-209.3665008544922,37.1682243347168,0.4706276059150696,-0.010927302911149324,0.35,0.0,0.9006655656975506,-0.3937996029853821,78,81,5.224641745234756,442.64296874299316
586,29.3,straightline,349,pure_pursuit,6.0,-209.1031036376953,37.168724060058594,0.4440919756889343,-0.010270376603944252,0.35,0.0,0.6372692209804551,-0.3672639727592468,78,81,5.309412098829664,442.3795745688446
587,29.35,straightline,349,pure_pursuit,6.0,-208.8412322998047,37.16890335083008,0.46667370200157166,-0.010850920844849832,0.35,0.0,0.37539931068016114,-0.3898456990718841,78,81,5.214814440613197,442.1177085050034
588,29.400000000000002,straightline,349,pure_pursuit,6.0,-208.57858276367188,37.16931915283203,0.4490697979927063,-0.010416975250511492,0.35,0.0,0.11276169055274393,-0.3722417950630188,78,81,5.292500598211778,441.85506259575806
589,29.450000000000003,straightline,349,pure_pursuit,6.0,-208.3163299560547,37.16952896118164,0.4720735251903534,-0.010893411456638103,0.35,0.0,0.14951923357587948,-0.3952455222606659,78,82,5.210862445073636,441.59281486755566
590,29.5,straightline,349,pure_pursuit,6.0,-208.0536346435547,37.17002487182617,0.44538938999176025,-0.010223054571397905,0.35,0.0,0.41220859336672827,-0.36856138706207275,78,82,5.295629560063056,441.3301226259969
591,29.55,straightline,349,pure_pursuit,6.0,-207.7924346923828,37.170204162597656,0.46820613741874695,-0.010809893295877159,0.35,0.0,0.6734062643828974,-0.39137813448905945,78,82,5.200803955822779,441.06892795523027
592,29.6,straightline,349,pure_pursuit,6.0,-207.53048706054688,37.170631408691406,0.4509611427783966,-0.0103803365478558,0.35,0.0,0.9353537157585644,-0.37413313984870916,78,82,5.278865973407901,440.8069838715693
593,29.650000000000002,straightline,349,pure_pursuit,6.0,-207.26885986328125,37.17084884643555,0.47444939613342285,-0.010992217688639581,0.35,0.0,0.803024563169661,-0.3976213932037354,79,82,5.197679494927696,440.54536170670895
594,29.700000000000003,straightline,349,pure_pursuit,6.0,-207.00685119628906,37.171356201171875,0.4476509988307953,-0.010329675088763896,0.35,0.0,0.5410168842811424,-0.3708229959011078,79,82,5.282507189277024,440.28335603109326
595,29.75,straightline,349,pure_pursuit,6.0,-206.74630737304688,37.17153549194336,0.4701712131500244,-0.010907107553883976,0.35,0.0,0.28047503432726123,-0.3933432102203369,79,82,5.18764085338276,440.0228174948371
596,29.8,straightline,349,pure_pursuit,6.0,-206.48500061035156,37.171958923339844,0.45261409878730774,-0.010475643703204977,0.35,0.0,0.01924660207434438,-0.3757860958576202,79,82,5.266237911733689,439.76151431102323
597,29.85,straightline,349,pure_pursuit,6.0,-206.22401428222656,37.172176361083984,0.4758514165878296,-0.010967971315994892,0.35,0.0,0.24182945608480097,-0.39902341365814203,79,83,5.18528012057144,439.5005330218111
598,29.900000000000002,straightline,349,pure_pursuit,6.0,-205.96258544921875,37.17268371582031,0.4489175081253052,-0.010293160609554652,0.35,0.0,0.5032563059224974,-0.3720895051956177,79,83,5.2702790725274955,439.239107184261
599,29.950000000000003,straightline,349,pure_pursuit,6.0,-205.7027130126953,37.17286682128906,0.4716912508010864,-0.010878832588578732,0.35,0.0,0.7631272571967952,-0.39486324787139887,79,83,5.175529931737839,438.9792400137678
600,30.0,straightline,349,pure_pursuit,6.0,-205.44198608398438,37.17329406738281,0.454510897397995,-0.010450780504491069,0.35,0.0,0.9761506028853825,-0.37768289446830755,80,83,5.254689757443717,438.71851664197385
601,30.05,straightline,349,pure_pursuit,6.0,-205.1815643310547,37.17352294921875,0.4781416058540344,-0.0110682319527232,0.35,0.0,0.715729053557273,-0.401313602924347,80,83,5.174100200291334,438.4580998548714
602,30.1,straightline,349,pure_pursuit,6.0,-204.92071533203125,37.17403793334961,0.4510444700717926,-0.010399615653493784,0.35,0.0,0.4548812487064991,-0.3742164671421051,80,83,5.259168520743065,438.19725380096804
603,30.150000000000002,straightline,349,pure_pursuit,6.0,-204.661376953125,37.17422103881836,0.47355887293815613,-0.010976969824250333,0.35,0.0,0.19554601839442448,-0.39673087000846863,80,83,5.164618489836399,437.937920697559
604,30.200000000000003,straightline,349,pure_pursuit,6.0,-204.40118408203125,37.174644470214844,0.4561491906642914,-0.010439175684635465,0.35,0.0,0.06467571439415301,-0.3793211877346039,80,84,5.244691559494978,437.6777314167645
605,30.25,straightline,349,pure_pursuit,6.0,-204.14125061035156,37.17486572265625,0.4798535704612732,-0.011056889468734525,0.35,0.0,0.3245910689326918,-0.40302556753158564,80,84,5.164144301015507,437.41780297541806
606,30.3,straightline,349,pure_pursuit,6.0,-203.88088989257812,37.175384521484375,0.45272064208984375,-0.010379231471941874,0.35,0.0,0.584951064190864,-0.37589263916015625,80,84,5.249120888395112,437.1574451817547
607,30.35,straightline,349,pure_pursuit,6.0,-203.62208557128906,37.17557144165039,0.47536757588386536,-0.010961788308153603,0.35,0.0,0.8437543103654493,-0.39853957295417786,80,84,5.154312407023071,436.89864611822344
608,30.400000000000002,straightline,349,pure_pursuit,6.0,-203.36244201660156,37.17600631713867,0.4581748843193054,-0.01053514396736973,0.35,0.0,0.8966065602289494,-0.3813468813896179,81,84,5.234537630174219,436.63900607795307
609,30.450000000000003,straightline,349,pure_pursuit,6.0,-203.10302734375,37.176231384277344,0.48184680938720703,-0.011152397936777884,0.35,0.0,0.6371921342537062,-0.40501880645751953,81,84,5.153836232824624,436.37959641755515
610,30.5,straightline,349,pure_pursuit,6.0,-202.8431854248047,37.1767463684082,0.45440036058425903,-0.010474792906480495,0.35,0.0,0.37735174252260534,-0.3775723576545716,81,84,5.238946563278053,436.11975745529423
611,30.55,straightline,349,pure_pursuit,6.0,-202.58485412597656,37.17693328857422,0.4767543375492096,-0.011048197653240497,0.35,0.0,0.11902656552669498,-0.39992633461952215,81,84,5.144390758977557,435.8614314251647
612,30.6,straightline,349,pure_pursuit,6.0,-202.32565307617188,37.1773567199707,0.459337443113327,-0.010514292030300737,0.35,0.0,0.1401941069471981,-0.38250944018363947,81,85,5.225518916664747,435.6022339800563
613,30.650000000000002,straightline,349,pure_pursuit,6.0,-202.06663513183594,37.17757797241211,0.48307570815086365,-0.011132638204057008,0.35,0.0,0.39920557853333893,-0.40624770522117615,81,85,5.145030118088686,435.3432210879895
614,30.700000000000003,straightline,349,pure_pursuit,6.0,-201.80723571777344,37.1781005859375,0.45561933517456055,-0.010447478344504369,0.35,0.0,0.6586047832081267,-0.37879133224487305,81,85,5.229914284337242,435.0838245833277
615,30.75,straightline,349,pure_pursuit,6.0,-201.54937744140625,37.17828369140625,0.4781491160392761,-0.011025766014688838,0.35,0.0,0.9164621999596902,-0.4013211131095886,81,85,5.1351539558576516,434.82597161398644
616,30.8,straightline,349,pure_pursuit,6.0,-201.29063415527344,37.17871856689453,0.4609565734863281,-0.010599300296498275,0.35,0.0,0.8247987240344375,-0.3841285705566406,82,85,5.216522049344016,434.56723185869504
617,30.85,straightline,349,pure_pursuit,6.0,-201.03208923339844,37.1789436340332,0.48466476798057556,-0.011217198564144479,0.35,0.0,0.5662541018761603,-0.40783676505088806,82,85,5.136022627856187,434.30869197230334
618,30.900000000000002,straightline,349,pure_pursuit,6.0,-200.7731475830078,37.179466247558594,0.4569544792175293,-0.010534826916199067,0.35,0.0,0.30731446654429345,-0.3801264762878418,82,85,5.221235487396595,434.04975323813215
619,30.950000000000003,straightline,349,pure_pursuit,6.0,-200.5157012939453,37.179649353027344,0.4792804718017578,-0.01110615944476261,0.35,0.0,0.049885693873342164,-0.40245246887207037,82,85,5.1270256802359055,433.79231226868086
620,31.0,straightline,349,pure_pursuit,6.0,-200.25735473632812,37.18006896972656,0.4619384706020355,-0.01057368125494435,0.35,0.0,0.20848887573987795,-0.38511046767234797,82,86,5.209191715852499,433.53396936110477
621,31.05,straightline,349,pure_pursuit,6.0,-200.0003662109375,37.18037414550781,0.46837449073791504,-0.010747682033681266,0.35,0.0,0.46547426234616707,-0.39154648780822754,82,86,5.0975662185074855,433.2769852779911
622,31.1,straightline,349,pure_pursuit,6.0,-199.74276733398438,37.18076705932617,0.45422622561454773,-0.010391247828886506,0.35,0.0,0.7230726605049681,-0.37739822268486023,82,86,5.203528587780585,433.01939023364355
623,31.150000000000002,straightline,349,pure_pursuit,6.0,-199.4857177734375,37.180904388427734,0.48565080761909485,-0.011196044508817954,0.35,0.0,0.9801214250008663,-0.40882280468940735,82,86,5.137184751386818,432.7623463352743
624,31.200000000000003,straightline,349,pure_pursuit,6.0,-199.22789001464844,37.18146896362305,0.4496926963329315,-0.010297896616458874,0.35,0.0,0.7620546441022353,-0.372864693403244,83,86,5.194273228798484,432.5045211900597
625,31.25,straightline,349,pure_pursuit,6.0,-198.9717559814453,37.18169021606445,0.4665723741054535,-0.010733273541873525,0.35,0.0,0.5059210028082871,-0.389744371175766,83,86,5.078292739327427,432.248392202773
626,31.3,straightline,349,pure_pursuit,6.0,-198.71458435058594,37.18203353881836,0.4602576494216919,-0.010578526340315485,0.35,0.0,0.24875129038671512,-0.3834296464920044,83,86,5.20158560360449,431.99122477129544
627,31.35,straightline,349,pure_pursuit,6.0,-198.45806884765625,37.18231964111328,0.4706439673900604,-0.010767947034064735,0.35,0.0,0.007892570845825495,-0.3938159644603729,83,87,5.094644225745295,431.7347138684675
628,31.400000000000002,straightline,349,pure_pursuit,6.0,-198.2013397216797,37.18277359008789,0.44709938764572144,-0.010170640063773677,0.35,0.0,0.2645023737582858,-0.37027138471603394,83,87,5.171236227943826,431.47798814324284
629,31.450000000000003,straightline,349,pure_pursuit,6.0,-197.94589233398438,37.18296432495117,0.4708057641983032,-0.010781905550777323,0.35,0.0,0.5199472726537961,-0.3939777612686157,83,87,5.060945073688919,431.22254602672496
630,31.5,straightline,349,pure_pursuit,6.0,-197.68836975097656,37.18341827392578,0.45460158586502075,-0.01038264543938552,0.35,0.0,0.7774698476257329,-0.3777735829353333,83,87,5.1891176170911475,430.96502687503215
631,31.55,straightline,349,pure_pursuit,6.0,-197.43270874023438,37.18366241455078,0.471653550863266,-0.010827030513219777,0.35,0.0,0.9668731708717753,-0.3948255479335785,84,87,5.08334383236255,430.7093707670147
632,31.6,straightline,349,pure_pursuit,6.0,-197.176513671875,37.18409729003906,0.4527897536754608,-0.010356223514137505,0.35,0.0,0.710678273608954,-0.37596175074577326,84,87,5.16138956540788,430.45317924295176
633,31.650000000000002,straightline,349,pure_pursuit,6.0,-196.92095947265625,37.18430709838867,0.475632905960083,-0.01094698254991517,0.35,0.0,0.4551244485137973,-0.3988049030303955,84,87,5.076152760331321,430.19763020312683
634,31.700000000000003,straightline,349,pure_pursuit,6.0,-196.66477966308594,37.184783935546875,0.4514943063259125,-0.010349099785876987,0.35,0.0,0.19894760641922002,-0.374666303396225,84,87,5.168250740421855,429.9414536439902
635,31.75,straightline,349,pure_pursuit,6.0,-196.40982055664062,37.1849365234375,0.477394163608551,-0.01092391008747152,0.35,0.0,0.05603092428008075,-0.4005661606788635,84,88,5.082065174914062,429.6865001069464
636,31.8,straightline,349,pure_pursuit,6.0,-196.15354919433594,37.185359954833984,0.4632312059402466,-0.010570194760498539,0.35,0.0,0.3122913284388241,-0.38640320301055914,84,88,5.172024481677616,429.43023239398576
637,31.85,straightline,349,pure_pursuit,6.0,-195.89849853515625,37.18567657470703,0.4699753224849701,-0.010753948205418123,0.35,0.0,0.5673408314263563,-0.39314731955528265,84,88,5.059376428811799,429.1751861306353
638,31.900000000000002,straightline,349,pure_pursuit,6.0,-195.64292907714844,37.18607711791992,0.4546746611595154,-0.010367894891407603,0.35,0.0,0.8229102182984852,-0.3778466582298279,84,88,5.16057025536025,428.91962047930576
639,31.950000000000003,straightline,349,pure_pursuit,6.0,-195.3881378173828,37.18621063232422,0.4854844808578491,-0.011154252168390071,0.35,0.0,0.9223022486497562,-0.4086564779281616,85,88,5.088310988198006,428.6648349469368
640,32.0,straightline,349,pure_pursuit,6.0,-195.132568359375,37.186763763427734,0.45077550411224365,-0.010286818991695345,0.35,0.0,0.6667329640993375,-0.3739475011825561,85,88,5.149142160554425,428.40926819935567
641,32.050000000000004,straightline,349,pure_pursuit,6.0,-194.8786163330078,37.186973571777344,0.4686909019947052,-0.010745867275507847,0.35,0.0,0.41278134558474355,-0.39186289906501776,85,88,5.033760357155366,428.15532133656876
642,32.1,straightline,349,pure_pursuit,6.0,-194.6233367919922,37.18730163574219,0.46635276079177856,-0.010692276394853185,0.35,0.0,0.15750453866391867,-0.38952475786209106,85,88,5.169488088365525,427.90004614159943
643,32.15,straightline,349,pure_pursuit,6.0,-194.36837768554688,37.18760681152344,0.47521960735321045,-0.010854975226868395,0.35,0.0,0.0974669266391379,-0.39839160442352295,85,89,5.059876114151377,427.64509154447614
644,32.2,straightline,349,pure_pursuit,6.0,-194.11338806152344,37.18807601928711,0.4509970545768738,-0.01024222901480733,0.35,0.0,0.35245208944112744,-0.3741690516471862,85,89,5.136693689111484,427.3901052438465
645,32.25,straightline,349,pure_pursuit,6.0,-193.8598175048828,37.188270568847656,0.4736274480819702,-0.01082468383366531,0.35,0.0,0.606021337887404,-0.39679944515228266,85,89,5.023385328496134,427.1365399749443
646,32.300000000000004,straightline,349,pure_pursuit,6.0,-193.6044464111328,37.188720703125,0.45663756132125854,-0.010403415543644602,0.35,0.0,0.8613926199470061,-0.37980955839157104,85,89,5.147773628902086,426.88117236329344
647,32.35,straightline,349,pure_pursuit,6.0,-193.35079956054688,37.1889533996582,0.4750118851661682,-0.010879672978969086,0.35,0.0,0.8849639893318083,-0.39818388223648077,86,89,5.044951473222295,426.6275305365837
648,32.4,straightline,349,pure_pursuit,6.0,-193.09646606445312,37.18938446044922,0.4569697380065918,-0.010429361003727681,0.35,0.0,0.6306306327689156,-0.3801417350769043,86,89,5.125995131414149,426.37320064395476
649,32.45,straightline,349,pure_pursuit,6.0,-192.84239196777344,37.18959426879883,0.48157936334609985,-0.011065867736346541,0.35,0.0,0.37655692253521234,-0.40475136041641235,86,89,5.047260558513732,426.11913176076257
650,32.5,straightline,349,pure_pursuit,6.0,-192.5878143310547,37.190093994140625,0.45561960339546204,-0.010424516658163598,0.35,0.0,0.12198398589390619,-0.37879160046577454,86,89,5.13575058068451,425.8645572436416
651,32.550000000000004,straightline,349,pure_pursuit,6.0,-192.33457946777344,37.19026184082031,0.4800243377685547,-0.010970102619195168,0.35,0.0,0.13126251144749923,-0.40319633483886713,86,90,5.042737026805459,425.6113278891431
652,32.6,straightline,349,pure_pursuit,6.0,-192.08030700683594,37.190677642822266,0.4648454189300537,-0.010587671211491864,0.35,0.0,0.38553236918571354,-0.3880174160003662,86,90,5.130049262333518,425.35705916175954
653,32.65,straightline,349,pure_pursuit,6.0,-191.82723999023438,37.19097900390625,0.47238439321517944,-0.010789091901167667,0.35,0.0,0.6385987574241818,-0.39555639028549194,86,90,5.018654618411682,425.10399668697363
654,32.7,straightline,349,pure_pursuit,6.0,-191.57351684570312,37.191368103027344,0.45923927426338196,-0.010457693984605753,0.35,0.0,0.8923219618985435,-0.3824112713336944,86,90,5.127637990831296,424.85027746650326
655,32.75,straightline,349,pure_pursuit,6.0,-191.32020568847656,37.19149398803711,0.49227455258369446,-0.011300542007246393,0.35,0.0,0.8543701301405882,-0.415446549654007,87,90,5.065885595471685,424.5969721509952
656,32.800000000000004,straightline,349,pure_pursuit,6.0,-191.06594848632812,37.192073822021484,0.4560348391532898,-0.010398077845349508,0.35,0.0,0.6001130698544122,-0.37920683622360235,87,90,5.122804463426036,424.3427175035856
657,32.85,straightline,349,pure_pursuit,6.0,-190.8134307861328,37.192291259765625,0.4729817807674408,-0.010832185154635849,0.35,0.0,0.347595819785887,-0.3961537778377533,87,90,5.005755428310608,424.09020496634463
658,32.9,straightline,349,pure_pursuit,6.0,-190.56036376953125,37.192588806152344,0.4764499068260193,-0.01092532710733841,0.35,0.0,0.09453293216603675,-0.3996219038963318,87,90,5.0873681722987,423.8371425473523
659,32.95,straightline,349,pure_pursuit,6.0,-190.30322265625,37.19301986694336,0.4582592844963074,-0.010397290159835175,0.35,0.0,0.16261874602162518,-0.38143128156661993,87,91,5.181757347047691,423.58000516894515
660,33.0,straightline,349,pure_pursuit,6.0,-190.0468292236328,37.19393539428711,0.34392082691192627,-0.007471274166010361,0.35,0.0,0.41901261978914506,-0.26709282398223877,87,91,5.078605259424956,423.3236119072686
661,33.050000000000004,straightline,349,pure_pursuit,6.0,-189.78948974609375,37.194583892822266,0.2648979127407074,-0.005439608654662631,0.35,0.0,0.6763522200112664,-0.1880699098110199,87,91,5.1809463941708325,423.06627458485326
662,33.1,straightline,349,pure_pursuit,6.0,-189.5346221923828,37.195350646972656,0.15541309118270874,-0.002627207191920825,0.35,0.0,0.9312207608675143,-0.07858508825302125,87,91,5.064125028938052,422.8114082566107
663,33.15,straightline,349,pure_pursuit,6.0,-189.2796173095703,37.19584274291992,0.09308550506830215,-0.0010187079896919664,0.35,0.0,0.813783147449528,-0.016257502138614655,88,91,5.135484339149529,422.5564066199392
664,33.2,straightline,349,pure_pursuit,6.0,-189.02552795410156,37.196475982666016,-0.0006103515625,0.0013890441469381666,0.35,0.0,0.5596965033697746,0.0774383544921875,88,91,5.044520457286146,422.3023194549547
665,33.25,straightline,349,pure_pursuit,6.0,-188.77108764648438,37.19678497314453,-0.0355834923684597,0.0023021811475757844,0.35,0.0,0.3052619606406256,0.11241149529814719,88,91,5.132502860439397,422.0478837307533
666,33.300000000000004,straightline,349,pure_pursuit,6.0,-188.51803588867188,37.197349548339844,-0.11175537109375,0.004247473744933154,0.35,0.0,0.052287675674294064,0.1885833740234375,88,91,5.041131118235301,421.7948346477957
667,33.35,straightline,349,pure_pursuit,6.0,-188.2638702392578,37.19762420654297,-0.1398620754480362,0.005184862452290146,0.35,0.0,0.20199222333793787,0.2166900783777237,88,92,5.13001200460898,421.5406738371593
668,33.4,straightline,349,pure_pursuit,6.0,-188.01089477539062,37.19797897338867,-0.1818542182445526,0.006281582790716593,0.35,0.0,0.454955443015812,0.2586822211742401,88,92,5.015977393081668,421.2877025970869
669,33.45,straightline,349,pure_pursuit,6.0,-187.7574920654297,37.1982307434082,-0.195648193359375,0.006646429419738995,0.35,0.0,0.7083542555066938,0.2724761962890625,88,92,5.11887920609512,421.0343048853075
670,33.5,straightline,349,pure_pursuit,6.0,-187.50450134277344,37.19861602783203,-0.2356262058019638,0.007680214378911084,0.35,0.0,0.9613437904600962,0.3124542087316513,88,92,5.119497773494591,420.7813181734535
671,33.550000000000004,straightline,349,pure_pursuit,6.0,-187.24798583984375,37.19868087768555,-0.2149658203125,0.00716751320034854,0.35,0.0,0.7821368025868167,0.2917938232421875,89,92,5.0895278127716,420.5248091409775
672,33.6,straightline,349,pure_pursuit,6.0,-186.9908905029297,37.19865036010742,-0.16409297287464142,0.005874629581553413,0.35,0.0,0.5250422471062691,0.24092097580432892,89,92,5.175256122072193,420.267721000694
673,33.65,straightline,349,pure_pursuit,6.0,-186.73626708984375,37.19839096069336,-0.0626220554113388,0.00329284208905148,0.35,0.0,0.2704198051862099,0.1394500583410263,89,92,5.058852625698249,420.0131064131058
674,33.7,straightline,349,pure_pursuit,6.0,-186.48153686523438,37.198387145996094,-0.00054931640625,0.0017072656702721597,0.35,0.0,0.015746702515202892,0.0773773193359375,89,92,5.130432977776454,419.75838314242014
675,33.75,straightline,349,pure_pursuit,6.0,-186.22763061523438,37.1982421875,0.09587667137384415,-0.0006884383968840856,0.35,0.0,0.2382234211030801,-0.019048668444156647,89,93,5.040243334514106,419.5044848741194
676,33.800000000000004,straightline,349,pure_pursuit,6.0,-185.9734344482422,37.19844436645508,0.13401547074317932,-0.0016833610576563664,0.35,0.0,0.4924184819333605,-0.057187467813491835,89,93,5.12768007145012,419.2502941426624
677,33.85,straightline,349,pure_pursuit,6.0,-185.72064208984375,37.19839096069336,0.21349327266216278,-0.0037256423378087063,0.35,0.0,0.7452100267797139,-0.13666526973247528,89,93,5.035430274981379,418.99750907678134
678,33.9,straightline,349,pure_pursuit,6.0,-185.46624755859375,37.19865036010742,0.2437223494052887,-0.004516859890285357,0.35,0.0,0.9996046236090497,-0.1668943464756012,89,93,5.15238194536369,418.7431195778012
679,33.95,straightline,349,pure_pursuit,6.0,-185.2101287841797,37.19905471801758,0.24138954281806946,-0.0044709752760097934,0.35,0.0,0.7442782234851316,-0.16456153988838196,90,93,5.091178331245293,418.487004816814
680,34.0,straightline,349,pure_pursuit,6.0,-184.95713806152344,37.19956588745117,0.2132129967212677,-0.0037632991506479497,0.35,0.0,0.4912872466107392,-0.1363849937915802,90,93,5.053077731192231,418.2340172367707
681,34.050000000000004,straightline,349,pure_pursuit,6.0,-184.7053680419922,37.20002365112305,0.18967147171497345,-0.0031700537446309454,0.35,0.0,0.23951744715806708,-0.11284346878528596,90,93,5.095962915662083,417.98225072622415
682,34.1,straightline,349,pure_pursuit,6.0,-184.4494171142578,37.200443267822266,0.1699255257844925,-0.0026229821083492465,0.35,0.0,0.01645106406733018,-0.093097522854805,90,94,5.10615691035705,417.7263037094644
683,34.15,straightline,349,pure_pursuit,6.0,-184.19680786132812,37.20083999633789,0.15349653363227844,-0.0022009276965247572,0.35,0.0,0.2690454352459635,-0.07666853070259096,90,94,5.025925387701473,417.47369845058284
684,34.2,straightline,349,pure_pursuit,6.0,-183.94618225097656,37.20122146606445,0.13963869214057922,-0.0018459016453490618,0.35,0.0,0.5196708417384465,-0.06281068921089174,90,94,5.052167546075615,417.22307689810333
685,34.25,straightline,349,pure_pursuit,6.0,-183.6907958984375,37.20158767700195,0.12815788388252258,-0.0015508152386135513,0.35,0.0,0.7750572598160979,-0.051329880952835076,90,94,5.089175651678345,416.96769485283545
686,34.300000000000004,straightline,349,pure_pursuit,6.0,-183.4377899169922,37.201942443847656,0.11858757585287094,-0.0013056117634921336,0.35,0.0,0.9719391808187209,-0.04175957292318345,91,94,5.053101869612382,416.7146932036392
687,34.35,straightline,349,pure_pursuit,6.0,-183.18609619140625,37.20228958129883,0.11048252135515213,-0.0010988609185624831,0.35,0.0,0.7202453657831308,-0.03365451842546463,91,94,5.093759573092563,416.4630038363427
688,34.4,straightline,349,pure_pursuit,6.0,-182.93031311035156,37.202632904052734,0.10370299965143204,-0.0009261239726899062,0.35,0.0,0.46446235485609555,-0.026874996721744537,91,94,5.102219357951934,416.20722526032466
689,34.45,straightline,349,pure_pursuit,6.0,-182.67794799804688,37.202964782714844,0.097969651222229,-0.0007801407270116431,0.35,0.0,0.21209800280948699,-0.021141648292541504,91,94,5.021244246559986,415.954864649526
690,34.5,straightline,349,pure_pursuit,6.0,-182.4250030517578,37.20328903198242,0.09309040755033493,-0.0005996839536038339,0.35,0.0,0.040858122613426216,-0.016262404620647434,91,95,5.135100904778833,415.7019242832422
691,34.550000000000004,straightline,349,pure_pursuit,6.0,-182.1697998046875,37.203617095947266,0.08914799988269806,-0.0004972486754827993,0.35,0.0,0.29605365334105227,-0.012319996953010559,91,95,5.070704968092083,415.44672565613246
692,34.6,straightline,349,pure_pursuit,6.0,-181.9178009033203,37.203941345214844,0.08597709238529205,-0.00041559647750265727,0.35,0.0,0.5480521802890143,-0.009149089455604551,91,95,5.034066541028326,415.1947313202779
693,34.65,straightline,349,pure_pursuit,6.0,-181.6638641357422,37.204261779785156,0.08333378285169601,-0.00034690267236364036,0.35,0.0,0.80198892629254,-0.00650577992200852,91,95,5.134553732912043,414.9407992061688
694,34.7,straightline,349,pure_pursuit,6.0,-181.40928649902344,37.2045783996582,0.08117430657148361,-0.0002902299974604918,0.35,0.0,0.943435787527979,-0.0043463036417961095,92,95,5.0795653126167055,414.68622627508404
695,34.75,straightline,349,pure_pursuit,6.0,-181.1581573486328,37.20489501953125,0.07932879775762558,-0.00024296467750569223,0.35,0.0,0.6923065362215508,-0.002500794827938081,92,95,4.9986506286318155,414.4351017405111
696,34.800000000000004,straightline,349,pure_pursuit,6.0,-180.90272521972656,37.20521545410156,0.07780271023511887,-0.00020402432766789526,0.35,0.0,0.436874420442747,-0.0009747073054313638,92,95,5.146864796923377,414.1796743245152
697,34.85,straightline,349,pure_pursuit,6.0,-180.64927673339844,37.205528259277344,0.0765075758099556,-0.00017010213171885635,0.35,0.0,0.1834265231163369,0.0003204271197319067,92,95,5.0423012009657695,413.9262305588587
698,34.9,straightline,349,pure_pursuit,6.0,-180.39796447753906,37.205841064453125,0.0754472091794014,-9.779813122343042e-05,0.35,0.0,0.06789094487539186,0.0013807937502860984,92,96,5.06285853590304,413.67492297014087
699,34.95,straightline,349,pure_pursuit,6.0,-180.14236450195312,37.2061653137207,0.07467260211706161,-7.79450687314658e-05,0.35,0.0,0.32348824590438396,0.0021554008126258802,92,96,5.090519432469544,413.41932770176237
700,35.0,straightline,349,pure_pursuit,6.0,-179.8893280029297,37.20648193359375,0.07415372878313065,-6.405704079731252e-05,0.35,0.0,0.5765246018916332,0.002674274146556855,92,96,5.053067293930677,413.16629590144254
701,35.050000000000004,straightline,349,pure_pursuit,6.0,-179.6376953125,37.20680236816406,0.07374933362007141,-5.440535144319435e-05,0.35,0.0,0.8281573685641783,0.0030786693096160945,92,96,5.091577272435675,412.91466784793755
702,35.1,straightline,349,pure_pursuit,6.0,-179.38206481933594,37.207122802734375,0.07345310598611832,-4.661582656590914e-05,0.35,0.0,0.9162141925558372,0.0033748969435691842,93,96,5.0982196410192735,412.6590421095025
703,35.15,straightline,349,pure_pursuit,6.0,-179.12994384765625,37.20743942260742,0.07314042001962662,-3.8528173371651604e-05,0.35,0.0,0.6640930825376253,0.003687582910060882,93,96,5.016639780100303,412.4069258289166
704,35.2,straightline,349,pure_pursuit,6.0,-178.877197265625,37.207759857177734,0.07291769236326218,-3.358166709280445e-05,0.35,0.0,0.41134643641359436,0.00391031056642532,93,96,5.130196580840876,412.15418393293777
705,35.25,straightline,349,pure_pursuit,6.0,-178.62228393554688,37.20808029174805,0.07268673926591873,-2.782515427297735e-05,0.35,0.0,0.15643349063102527,0.004141263663768767,93,96,5.0649363967883225,411.89927535574697
706,35.300000000000004,straightline,349,pure_pursuit,6.0,-178.37057495117188,37.208396911621094,0.07253316044807434,1.0874265266103497e-05,0.35,0.0,0.09527819097329603,0.004294842481613157,93,97,5.028218860896176,411.6475710689355
707,35.35,straightline,349,pure_pursuit,6.0,-178.11692810058594,37.20871353149414,0.07250247150659561,1.2948299073093541e-05,0.35,0.0,0.3489241067850245,0.004325531423091892,93,97,5.128751413419687,411.39392897642523
708,35.4,straightline,349,pure_pursuit,6.0,-177.86265563964844,37.20903396606445,0.07259663939476013,1.1155693881639747e-05,0.35,0.0,0.6031965930513548,0.0042313635349273656,93,97,5.0737364617526834,411.13966126866774
709,35.45,straightline,349,pure_pursuit,6.0,-177.61181640625,37.2093505859375,0.07260442525148392,1.159757003008774e-05,0.35,0.0,0.8540359554307708,0.004223577678203585,93,97,4.9927004903049506,410.8888267264366
710,35.5,straightline,349,pure_pursuit,6.0,-177.35667419433594,37.209678649902344,0.07266611605882645,9.328450628981136e-06,0.35,0.0,0.8908084097117146,0.004161886870861058,94,97,5.140862169691464,410.63368924712205
711,35.550000000000004,straightline,349,pure_pursuit,6.0,-177.103515625,37.20999526977539,0.07270585000514984,9.649432236785242e-06,0.35,0.0,0.6376496742009402,0.004122152924537663,94,97,5.036287562485826,410.38053544651535
712,35.6,straightline,349,pure_pursuit,6.0,-176.8524932861328,37.21031188964844,0.07274901121854782,9.336271569508668e-06,0.35,0.0,0.3866272109847142,0.004078991711139682,94,97,5.056920663732674,410.12951782209893
713,35.65,straightline,349,pure_pursuit,6.0,-176.59718322753906,37.21063995361328,0.07277918606996536,7.949986000780158e-06,0.35,0.0,0.1313173315453271,0.004048816859722141,94,97,5.084774762483755,409.874212519242
714,35.7,straightline,349,pure_pursuit,6.0,-176.34445190429688,37.210960388183594,0.0728144645690918,3.2755334215329485e-05,0.35,0.0,0.1214154100062608,0.0040135383605957075,94,98,5.047203032571623,409.6214859422894
715,35.75,straightline,349,pure_pursuit,6.0,-176.09310913085938,37.21128463745117,0.07293754070997238,2.9585238885181736e-05,0.35,0.0,0.3727579726981025,0.0038904622197151197,94,98,5.085897990332809,409.37014785313295
716,35.800000000000004,straightline,349,pure_pursuit,6.0,-175.8377685546875,37.211612701416016,0.07308973371982574,2.5926583458636117e-05,0.35,0.0,0.6280986763266084,0.003738269209861757,94,98,5.0925830912985335,409.1148120520248
717,35.85,straightline,349,pure_pursuit,6.0,-175.58590698242188,37.211936950683594,0.07324548065662384,2.2055212589712247e-05,0.35,0.0,0.8799604228006446,0.0035825222730636605,94,98,5.010989690145431,408.86295519092374
718,35.9,straightline,349,pure_pursuit,6.0,-175.33346557617188,37.21226501464844,0.07338102906942368,1.8061257087068968e-05,0.35,0.0,0.8675998858555573,0.0034469738602638275,95,98,5.12476226009707,408.610518489625
719,35.95,straightline,349,pure_pursuit,6.0,-175.07884216308594,37.21259307861328,0.07350591570138931,1.4974160008122953e-05,0.35,0.0,0.6129762810396512,0.003322087228298185,95,98,5.059420772605116,408.35589984971995
720,36.0,straightline,349,pure_pursuit,6.0,-174.827392578125,37.21291732788086,0.07360606640577316,1.2496822228455081e-05,0.35,0.0,0.361526533715383,0.0032219365239143324,95,98,5.022780320366536,408.1044549824739
721,36.050000000000004,straightline,349,pure_pursuit,6.0,-174.573974609375,37.2132453918457,0.07370667159557343,9.705698701221406e-06,0.35,0.0,0.1081086228746402,0.0031213313341140717,95,98,5.123445536854341,407.8510417648725
722,36.1,straightline,349,pure_pursuit,6.0,-174.3199920654297,37.21357727050781,0.07372672855854034,2.719274796338759e-05,0.35,0.0,0.14587481530425486,0.003101274371147159,95,99,5.06823912008992,407.5970639655421
723,36.15,straightline,349,pure_pursuit,6.0,-174.06942749023438,37.21390151977539,0.07380160689353943,2.572455160136676e-05,0.35,0.0,0.3964394157393612,0.0030263960361480683,95,99,4.9872669157907845,407.3465041010964
724,36.2,straightline,349,pure_pursuit,6.0,-173.81455993652344,37.2142333984375,0.07392771542072296,2.2507760114259377e-05,0.35,0.0,0.6513071444020094,0.0029002875089645407,95,99,5.135576545622532,407.09164132965196
725,36.25,straightline,349,pure_pursuit,6.0,-173.56167602539062,37.214561462402344,0.07404963672161102,1.9677070904138e-05,0.35,0.0,0.9041912500444593,0.0027783662080764753,95,99,5.030996512836468,406.83876217907937
726,36.300000000000004,straightline,349,pure_pursuit,6.0,-173.31089782714844,37.21488952636719,0.07416098564863205,1.6545746457537788e-05,0.35,0.0,0.8450322057244664,0.002667017281055447,96,99,5.051787833401072,406.5879886871748
727,36.35,straightline,349,pure_pursuit,6.0,-173.0558319091797,37.21521759033203,0.07423631846904755,1.5659908914894826e-05,0.35,0.0,0.5899660868129093,0.0025916844606399484,96,99,5.079382754092217,406.332927604751
728,36.4,straightline,349,pure_pursuit,6.0,-172.80337524414062,37.21554946899414,0.07433497905731201,1.2500769216382163e-05,0.35,0.0,0.3375092328815379,0.0024930238723754918,96,99,5.041854992772756,406.08047567766135
729,36.45,straightline,349,pure_pursuit,6.0,-172.55226135253906,37.215877532958984,0.07442180067300797,1.0131165991822087e-05,0.35,0.0,0.08639532060260845,0.0024062022566795397,96,99,5.080781011980611,405.8293665204741
730,36.5,straightline,349,pure_pursuit,6.0,-172.29718017578125,37.21620559692383,0.0744846761226654,2.320635874606768e-05,0.35,0.0,0.16868645414751324,0.0023433268070220965,96,100,5.087356428736112,405.574290198543
731,36.550000000000004,straightline,349,pure_pursuit,6.0,-172.04556274414062,37.21653366088867,0.0745660737156868,2.1612525591407398e-05,0.35,0.0,0.42030402339451883,0.0022619292140007067,96,100,5.005780715827886,405.32267752822156
732,36.6,straightline,349,pure_pursuit,6.0,-171.7933807373047,37.21686553955078,0.07470782101154327,1.7808477902010604e-05,0.35,0.0,0.6724862303760974,0.0021201819181442204,96,100,5.1198764891718485,405.07050027619823
733,36.65,straightline,349,pure_pursuit,6.0,-171.53900146484375,37.217201232910156,0.07485374063253403,1.3691828938644658e-05,0.35,0.0,0.9268657161959989,0.0019742622971534746,96,100,5.054322970505814,404.81612579923893
734,36.7,straightline,349,pure_pursuit,6.0,-171.28781127929688,37.217529296875,0.07491247355937958,1.2652650335754451e-05,0.35,0.0,0.8219457174493461,0.0019155293703079228,97,100,5.017759595734422,404.564940381284
735,36.75,straightline,349,pure_pursuit,6.0,-171.03463745117188,37.21786117553711,0.07496333122253418,1.1583730331143766e-05,0.35,0.0,0.5687716776247641,0.0018646717071533164,97,100,5.118642134157443,404.31177135534966
736,36.800000000000004,straightline,349,pure_pursuit,6.0,-170.78086853027344,37.218196868896484,0.07503727078437805,9.188875943210002e-06,0.35,0.0,0.3150025513762807,0.0017907321453094465,97,100,5.063411238146856,404.058007231137
737,36.85,straightline,349,pure_pursuit,6.0,-170.53054809570312,37.21852493286133,0.0751010850071907,7.807921126800754e-06,0.35,0.0,0.06468203934499721,0.0017269179224967946,97,100,4.9823959551101735,403.80769155761845
738,36.9,straightline,349,pure_pursuit,6.0,-170.27593994140625,37.2188606262207,0.07516892999410629,1.5648395663642498e-05,0.35,0.0,0.18992656982165285,0.001659072935581209,97,101,5.130576577524927,403.55308823693775
739,36.95,straightline,349,pure_pursuit,6.0,-170.02330017089844,37.21919250488281,0.0752226933836937,1.4651108335125763e-05,0.35,0.0,0.4425665240269821,0.0016053095459937989,97,101,5.026068028765412,403.300453278285
740,37.0,straightline,349,pure_pursuit,6.0,-169.77276611328125,37.21951675415039,0.07528622448444366,1.4436423850250952e-05,0.35,0.0,0.6931007810637142,0.0015417784452438359,97,101,5.0469739561484435,403.0499240357485
741,37.050000000000004,straightline,349,pure_pursuit,6.0,-169.5179443359375,37.21985626220703,0.07537223398685455,1.1651838991538316e-05,0.35,0.0,0.9479227811344381,0.0014557689428329442,97,101,5.074779039832166,402.79510708818566
742,37.1,straightline,349,pure_pursuit,6.0,-169.26571655273438,37.22018814086914,0.07543309777975082,1.0444285117180303e-05,0.35,0.0,0.7998510324074457,0.001394905149936679,98,101,5.0373182116440685,402.5428841237759
743,37.15,straightline,349,pure_pursuit,6.0,-169.0148468017578,37.220516204833984,0.07549584656953812,9.68906438865774e-06,0.35,0.0,0.5489810693586901,0.0013321563601493835,98,101,5.076382617235546,402.2920191874085
744,37.2,straightline,349,pure_pursuit,6.0,-168.75999450683594,37.220855712890625,0.07555807381868362,7.523466031595165e-06,0.35,0.0,0.2941285571163107,0.0012699291110038705,98,101,5.082790460010197,402.0371717422755
745,37.25,straightline,349,pure_pursuit,6.0,-168.50863647460938,37.221187591552734,0.07559430599212646,6.768254303719554e-06,0.35,0.0,0.042770410238987755,0.0012336969375610386,98,101,5.001143437108968,401.7858185224031
746,37.300000000000004,straightline,349,pure_pursuit,6.0,-168.25665283203125,37.221519470214844,0.07564115524291992,1.1797453007674769e-05,0.35,0.0,0.20921359769197867,0.0011868476867675742,98,102,5.1154871773588235,401.5338397168013
747,37.35,straightline,349,pure_pursuit,6.0,-168.00250244140625,37.22185134887695,0.07568905502557755,1.1657434157877022e-05,0.35,0.0,0.46336419070355794,0.0011389479041099564,98,102,5.049976343205792,401.2796942330286
748,37.4,straightline,349,pure_pursuit,6.0,-167.75152587890625,37.22218322753906,0.07574662566184998,1.0454042130162128e-05,0.35,0.0,0.7143409690804009,0.001081377267837528,98,102,5.013370135501136,401.028722490724
749,37.45,straightline,349,pure_pursuit,6.0,-167.49855041503906,37.22251892089844,0.07577072829008102,9.915237074633495e-06,0.35,0.0,0.9673166540764736,0.0010572746396064789,98,102,5.114316908990653,400.7757518828504
750,37.5,straightline,349,pure_pursuit,6.0,-167.2449951171875,37.22285842895508,0.07592043280601501,5.348725185012014e-06,0.35,0.0,0.7791296260731562,0.000907570123672482,99,102,5.0588270878103545,400.52220143520464
751,37.550000000000004,straightline,349,pure_pursuit,6.0,-166.99325561523438,37.22319412231445,0.07594341039657593,4.445373382832977e-06,0.35,0.0,0.5273899019678879,0.0008845925331115749,99,102,5.090564705962518,400.2704667657023
752,37.6,straightline,349,pure_pursuit,6.0,-166.73788452148438,37.223533630371094,0.07593221962451935,4.675576592091927e-06,0.35,0.0,0.2720185871137738,0.0008957833051681493,99,102,5.09189147047902,400.0151005885109
753,37.65,straightline,349,pure_pursuit,6.0,-166.48611450195312,37.2238655090332,0.07596664875745773,4.405788046533395e-06,0.35,0.0,0.02024845656539055,0.0008613541722297704,99,102,5.008522491796537,399.76333544446953
754,37.7,straightline,349,pure_pursuit,6.0,-166.2338409423828,37.22420120239258,0.07600198686122894,8.883754758548152e-06,0.35,0.0,0.23202545382870568,0.0008260160684585513,99,103,5.1208474079360515,399.5110667523634
755,37.75,straightline,349,pure_pursuit,6.0,-165.97950744628906,37.22454071044922,0.07605605572462082,7.307807454918257e-06,0.35,0.0,0.48635917132642636,0.0007719472050666855,99,103,5.053159618282784,399.25673816173577
756,37.800000000000004,straightline,349,pure_pursuit,6.0,-165.7283935546875,37.22486877441406,0.07606739550828934,8.367209718086197e-06,0.35,0.0,0.7374732748845872,0.000760607421398159,99,103,5.016149314553236,399.00562917490123
757,37.85,straightline,349,pure_pursuit,6.0,-165.47532653808594,37.22521209716797,0.07603710144758224,7.8763152140596e-06,0.35,0.0,0.990540524023364,0.0007909014821052602,99,103,5.116261702500146,398.75256700992315
758,37.9,straightline,349,pure_pursuit,6.0,-165.2216796875,37.22555160522461,0.07622422277927399,2.527696864198643e-06,0.35,0.0,0.7558142002985813,0.0006037801504135158,100,103,5.0606900776989745,398.4989250639947
759,37.95,straightline,349,pure_pursuit,6.0,-164.97149658203125,37.22587966918945,0.07622406631708145,3.7495116641491585e-06,0.35,0.0,0.5056308801938871,0.0006039366126060442,100,103,4.979567413042376,398.24874685506904
760,38.0,straightline,349,pure_pursuit,6.0,-164.71701049804688,37.22622299194336,0.07625740021467209,1.8487981440115637e-06,0.35,0.0,0.2511445678259876,0.0005706027150154148,100,103,5.127653508512385,397.99426568429885
761,38.050000000000004,straightline,349,pure_pursuit,6.0,-164.46450805664062,37.2265625,0.07623764872550964,4.376298192236967e-06,0.35,0.0,0.0013592371791959945,0.0005903542041778597,100,104,5.023126514727186,397.74176813309936
762,38.1,straightline,349,pure_pursuit,6.0,-164.2115936279297,37.226898193359375,0.07624848932027817,4.39467480043954e-06,0.35,0.0,0.2542727645118154,0.0005795136094093366,100,104,5.131152469965351,397.48885864280936
763,38.15,straightline,349,pure_pursuit,6.0,-163.9569549560547,37.22724151611328,0.07626067101955414,3.311045943689839e-06,0.35,0.0,0.5089116653652108,0.000567331910133357,100,104,5.059493268772204,397.23422490842114
764,38.2,straightline,349,pure_pursuit,6.0,-163.70555114746094,37.22757339477539,0.07626721262931824,3.829829827058999e-06,0.35,0.0,0.7603156916674437,0.0005607903003692664,100,104,5.021575603445151,396.9828260358148
765,38.25,straightline,349,pure_pursuit,6.0,-163.4522705078125,37.22791290283203,0.07631030678749084,2.3028407966060817e-06,0.35,0.0,0.9864052418090117,0.0005176961421966606,101,104,5.119381392062078,396.729550335786
766,38.300000000000004,straightline,349,pure_pursuit,6.0,-163.198486328125,37.22825622558594,0.07630471140146255,1.3324541574873669e-06,0.35,0.0,0.7326208305344583,0.0005232915282249415,101,104,5.063235069506234,396.47577108787686
767,38.35,straightline,349,pure_pursuit,6.0,-162.9481658935547,37.22858428955078,0.07630445808172226,2.64107834762569e-06,0.35,0.0,0.48230018129336466,0.0005235448479652376,101,104,4.981822175913602,396.22545560607
768,38.400000000000006,straightline,349,pure_pursuit,6.0,-162.693603515625,37.22892761230469,0.07631957530975342,1.2896073292614699e-06,0.35,0.0,0.2277375744894242,0.0005084276199340862,101,104,5.129087389812304,395.9708981964385
769,38.45,straightline,349,pure_pursuit,6.0,-162.44102478027344,37.22926712036133,0.07634501904249191,3.862051421668344e-06,0.35,0.0,0.024841437761219325,0.00048298388719559274,101,105,5.024525146028831,395.71832440610854
770,38.5,straightline,349,pure_pursuit,6.0,-162.19061279296875,37.22959899902344,0.07635498046875,4.075355847750251e-06,0.35,0.0,0.2752536042207114,0.0004730224609375047,101,105,5.045336959261912,395.46791736448597
771,38.550000000000004,straightline,349,pure_pursuit,6.0,-161.9358673095703,37.229942321777344,0.07637535035610199,2.8863216711588375e-06,0.35,0.0,0.5299993174990533,0.0004526525735855099,101,105,5.07263910475867,395.21317687486675
772,38.6,straightline,349,pure_pursuit,6.0,-161.68373107910156,37.23027801513672,0.07638033479452133,2.9399116247595847e-06,0.35,0.0,0.7821357706878853,0.0004476681351661652,101,105,5.035181203920422,394.9610456255754
773,38.650000000000006,straightline,349,pure_pursuit,6.0,-161.429931640625,37.23061752319336,0.07636240124702454,3.268416247672649e-06,0.35,0.0,0.9640663587678179,0.00046560168266296663,102,105,5.126733157171692,394.7072511954269
774,38.7,straightline,349,pure_pursuit,6.0,-161.1758575439453,37.23095703125,0.07646000385284424,5.881107573067971e-07,0.35,0.0,0.7099920355628219,0.000367999076843265,102,105,5.06926755979952,394.45318212209685
775,38.75,straightline,349,pure_pursuit,6.0,-160.92526245117188,37.23128890991211,0.07645388692617416,1.373756501482326e-06,0.35,0.0,0.459396723428671,0.0003741160035133408,102,105,4.986833785144322,394.2025920136803
776,38.800000000000004,straightline,349,pure_pursuit,6.0,-160.67051696777344,37.231632232666016,0.07644695788621902,7.783525659347149e-07,0.35,0.0,0.20465101119900964,0.00038104504346847697,102,105,5.131807734686,393.9478515577337
777,38.85,straightline,349,pure_pursuit,6.0,-160.41781616210938,37.231971740722656,0.07644879072904587,1.9172876083076557e-06,0.35,0.0,0.04805004547482432,0.0003792122006416309,102,106,5.02697905002719,393.695155754132
778,38.900000000000006,straightline,349,pure_pursuit,6.0,-160.16726684570312,37.23230743408203,0.07645523548126221,1.53215035635791e-06,0.35,0.0,0.29859957104577733,0.0003727674484252954,102,106,5.047377863699223,393.4446114110263
779,38.95,straightline,349,pure_pursuit,6.0,-159.91244506835938,37.23264694213867,0.07649847120046616,5.393887576175223e-07,0.35,0.0,0.5534215730201941,0.00032953172922133884,102,106,5.07418610567199,393.18979471345665
780,39.0,straightline,349,pure_pursuit,6.0,-159.66024780273438,37.23298645019531,0.07648401707410812,3.5193745666672615e-07,0.35,0.0,0.8056190667808917,0.00034398585557938197,102,106,5.036641280762736,392.9376024548173
781,39.050000000000004,straightline,349,pure_pursuit,6.0,-159.40940856933594,37.23332214355469,0.07646790146827698,6.077176479944254e-07,0.35,0.0,0.9435432800088717,0.0003601014614105276,103,106,5.075574894604276,392.68676822360004
782,39.1,straightline,349,pure_pursuit,6.0,-159.15460205078125,37.23366165161133,0.07652891427278519,-8.679535103995482e-07,0.35,0.0,0.6887365354347152,0.0002990886569023105,103,106,5.081816139875321,392.4319668048407
783,39.150000000000006,straightline,349,pure_pursuit,6.0,-158.90328979492188,37.2339973449707,0.07648923993110657,1.5139245545029282e-07,0.35,0.0,0.437424055777269,0.0003387629985809314,103,106,5.000098890739017,392.18065957905606
784,39.2,straightline,349,pure_pursuit,6.0,-158.6513671875,37.234336853027344,0.07649032026529312,-6.601865519579719e-07,0.35,0.0,0.18550122163691157,0.0003376826643943848,103,106,5.114470859022064,391.9287419972675
785,39.25,straightline,349,pure_pursuit,6.0,-158.39727783203125,37.234676361083984,0.07653240859508514,1.2972052381552368e-06,0.35,0.0,0.06858837235879134,0.000295594334602362,103,107,5.048654285337285,391.6746577403164
786,39.300000000000004,straightline,349,pure_pursuit,6.0,-158.14585876464844,37.23501205444336,0.07648681104183197,2.583056344055384e-06,0.35,0.0,0.32000765710875584,0.00034119188785552355,103,107,5.062799990623501,391.42324372660335
787,39.35,straightline,349,pure_pursuit,6.0,-157.89051818847656,37.23535919189453,0.07634441554546356,5.178581165072907e-06,0.35,0.0,0.57534846876061,0.0004835873842239401,103,107,5.082373679761875,391.1679082413166
788,39.400000000000006,straightline,349,pure_pursuit,6.0,-157.637939453125,37.23569869995117,0.07642819732427597,2.496956050151757e-06,0.35,0.0,0.8279274319585312,0.00039980560541152894,103,107,5.043622461951838,390.9153345789515
789,39.45,straightline,349,pure_pursuit,6.0,-157.38681030273438,37.23603057861328,0.0764823630452156,1.8294166144311628e-06,0.35,0.0,0.9209449928286085,0.00034563988447189553,104,107,5.080413705251557,390.6642105237059
790,39.5,straightline,349,pure_pursuit,6.0,-157.13182067871094,37.23637008666992,0.07662172615528107,-1.617564318404133e-06,0.35,0.0,0.6659551429523356,0.00020627677440643083,104,107,5.085207156099366,390.4092260603478
791,39.550000000000004,straightline,349,pure_pursuit,6.0,-156.88037109375,37.23670959472656,0.0765792727470398,-1.3215733737611398e-06,0.35,0.0,0.414505329549723,0.0002487301826477075,104,107,5.002963946531671,390.1577815343589
792,39.6,straightline,349,pure_pursuit,6.0,-156.62831115722656,37.23704528808594,0.07656603306531906,-7.250032070928688e-07,0.35,0.0,0.16244517155611213,0.0002619698643684422,104,107,5.116730359100982,389.90572671230973
793,39.650000000000006,straightline,349,pure_pursuit,6.0,-156.37413024902344,37.237388610839844,0.0765087828040123,1.271617972807689e-06,0.35,0.0,0.09173597975394722,0.00031922012567519957,104,108,5.050374057944305,389.65155093091215
794,39.7,straightline,349,pure_pursuit,6.0,-156.12313842773438,37.23772048950195,0.07653389871120453,1.297712348932459e-06,0.35,0.0,0.34272801441374656,0.0002941042184829659,104,108,5.013723518749496,389.40056423499425
795,39.75,straightline,349,pure_pursuit,6.0,-155.87017822265625,37.238059997558594,0.076537124812603,9.234674360185383e-07,0.35,0.0,0.5956884466868223,0.00029087811708450366,104,108,5.114442948769912,389.147609162976
796,39.800000000000004,straightline,349,pure_pursuit,6.0,-155.61663818359375,37.2384033203125,0.07652795314788818,2.0991038828573477e-07,0.35,0.0,0.8492287180424345,0.0003000497817993105,104,108,5.05885902113849,388.89407425187426
797,39.85,straightline,349,pure_pursuit,6.0,-155.36485290527344,37.238739013671875,0.07653775811195374,9.06596513280938e-08,0.35,0.0,0.8989723254125004,0.0002902448177337634,105,108,5.0905645133752975,388.6422941142518
798,39.900000000000006,straightline,349,pure_pursuit,6.0,-155.1094970703125,37.23908233642578,0.076651930809021,-3.4584969096399966e-06,0.35,0.0,0.6436162599061231,0.0001760721206665084,105,108,5.091892665647265,388.3869434774218
799,39.95,straightline,349,pure_pursuit,6.0,-154.85772705078125,37.239418029785156,0.07658345997333527,-1.4982540972092018e-06,0.35,0.0,0.3918460169312596,0.00024454295635223297,105,108,5.008511518574586,388.1351786121266
800,40.0,straightline,349,pure_pursuit,6.0,-154.60543823242188,37.23975372314453,0.07654661685228348,-1.9794318971172524e-07,0.35,0.0,0.13955697673374987,0.00028138607740402607,105,108,5.12083806160152,387.8828949710752
801,40.050000000000004,straightline,349,pure_pursuit,6.0,-154.3511505126953,37.24009704589844,0.07654395699501038,1.84819832361269e-06,0.35,0.0,0.11473098107506344,0.00028404593467712267,105,109,5.052887732111937,387.6286124376289
802,40.1,straightline,349,pure_pursuit,6.0,-154.1000518798828,37.24043273925781,0.07652898132801056,2.2604203823298575e-06,0.35,0.0,0.3658298356389492,0.0002990216016769358,105,109,5.015931684821898,387.37751895923924
803,40.150000000000006,straightline,349,pure_pursuit,6.0,-153.84698486328125,37.24077224731445,0.07654865086078644,1.5048421734018913e-06,0.35,0.0,0.6188970795394361,0.0002793520689010559,105,109,5.115992031110601,387.1244571351928
804,40.2,straightline,349,pure_pursuit,6.0,-153.59336853027344,37.241111755371094,0.07654568552970886,1.4938736383737718e-06,0.35,0.0,0.8725136395827443,0.0002823173999786331,105,109,5.060329464935761,386.87084601894213
805,40.25,straightline,349,pure_pursuit,6.0,-153.3431854248047,37.2414436340332,0.07655273377895355,1.8845080574257577e-06,0.35,0.0,0.8773048285512529,0.00027526915073395025,106,109,4.979278944120784,386.6206680905644
806,40.300000000000004,straightline,349,pure_pursuit,6.0,-153.08872985839844,37.24178695678711,0.07656316459178925,9.070305614419e-07,0.35,0.0,0.6228490308249494,0.0002648383378982518,106,109,5.127360029986064,386.36621775118687
807,40.35,straightline,349,pure_pursuit,6.0,-152.83624267578125,37.24212646484375,0.07655400037765503,6.802220830659582e-07,0.35,0.0,0.3703616205294768,0.00027400255203246973,106,109,5.022865870910053,386.1137357714369
808,40.400000000000006,straightline,349,pure_pursuit,6.0,-152.58335876464844,37.24246597290039,0.07655458897352219,2.8684809835984896e-07,0.35,0.0,0.1174774844393256,0.00027341395616531264,106,109,5.1309471345182995,385.86085708269064
809,40.45,straightline,349,pure_pursuit,6.0,-152.32872009277344,37.24280548095703,0.0765407532453537,1.8316848988383846e-06,0.35,0.0,0.13716142123729255,0.0002872496843338057,106,110,5.059174473298628,385.6062236953086
810,40.5,straightline,349,pure_pursuit,6.0,-152.07733154296875,37.24314498901367,0.07655031979084015,8.981936326657642e-07,0.35,0.0,0.38855019840004207,0.0002776831388473521,106,110,5.0212447208476485,385.3548403353769
811,40.550000000000004,straightline,349,pure_pursuit,6.0,-151.82406616210938,37.24348449707031,0.07654571533203125,8.169772321472717e-07,0.35,0.0,0.641815806289655,0.00028228759765625266,106,110,5.119160287427302,385.10158021037427
812,40.6,straightline,349,pure_pursuit,6.0,-151.57029724121094,37.24382400512695,0.07657577097415924,-5.833460288426255e-08,0.35,0.0,0.8955849540407725,0.0002522319555282574,106,110,5.063042508172353,384.847816568372
813,40.650000000000006,straightline,349,pure_pursuit,6.0,-151.3199920654297,37.24415588378906,0.07656271755695343,8.79295685969708e-07,0.35,0.0,0.8541114540999911,0.00026528537273407064,107,110,4.981631861695392,384.59751663031034
814,40.7,straightline,349,pure_pursuit,6.0,-151.0654296875,37.24449920654297,0.0765865296125412,-4.52918393504533e-07,0.35,0.0,0.5995488448841353,0.00024147331714629926,107,110,5.129092946401047,384.34295954044984
815,40.75,straightline,349,pure_pursuit,6.0,-150.81285095214844,37.24483871459961,0.07658088207244873,-7.75102134877391e-07,0.35,0.0,0.3469698818205175,0.00024712085723876465,107,110,5.024466188903628,384.09038606823924
816,40.800000000000004,straightline,349,pure_pursuit,6.0,-150.56243896484375,37.245174407958984,0.07656058669090271,-5.151823697497409e-07,0.35,0.0,0.09655767212021009,0.00026741623878479595,107,110,5.045262553535223,383.83997931322756
817,40.85,straightline,349,pure_pursuit,6.0,-150.3076934814453,37.24551773071289,0.07648616284132004,3.5624517991718977e-06,0.35,0.0,0.1581880487676645,0.00034184008836746644,107,111,5.0726933952028945,383.58523914551284
818,40.900000000000006,straightline,349,pure_pursuit,6.0,-150.05555725097656,37.24585723876953,0.07650382071733475,2.621635493027393e-06,0.35,0.0,0.4103245063647198,0.0003241822123527527,107,111,5.035229550866299,383.3331081859127
819,40.95,straightline,349,pure_pursuit,6.0,-149.80479431152344,37.24618911743164,0.07654614746570587,2.196896578748026e-06,0.35,0.0,0.6610876648091509,0.000281855463981624,107,111,5.074311680240221,383.0823505417972
820,41.0,straightline,349,pure_pursuit,6.0,-149.55003356933594,37.24653244018555,0.07649470120668411,3.0079526650757675e-06,0.35,0.0,0.9158486382411171,0.00033330172300338745,107,111,5.080749450490289,382.82759513777535
821,41.050000000000004,straightline,349,pure_pursuit,6.0,-149.29876708984375,37.24686813354492,0.07654299587011337,1.7790078105881881e-06,0.35,0.0,0.8328864517559024,0.00028500705957412264,108,111,4.999032855910753,382.57633395376234
822,41.1,straightline,349,pure_pursuit,6.0,-149.04360961914062,37.24720764160156,0.07651640474796295,2.873940615349889e-06,0.35,0.0,0.5777287552984525,0.0003115981817245498,108,111,5.137546782726231,382.3211818789954
823,41.150000000000006,straightline,349,pure_pursuit,6.0,-148.79063415527344,37.24755096435547,0.07655279338359833,6.939554888794179e-07,0.35,0.0,0.3247530593552053,0.00027520954608917686,108,111,5.031862737048538,382.068211718755
824,41.2,straightline,349,pure_pursuit,6.0,-148.53990173339844,37.247886657714844,0.07657802850008011,-1.2389993038520102e-07,0.35,0.0,0.07402041759030253,0.00024997442960739645,108,111,5.05107113370343,381.81748459730943
825,41.25,straightline,349,pure_pursuit,6.0,-148.28494262695312,37.248226165771484,0.07649789750576019,3.2352260505329068e-06,0.35,0.0,0.18093892341309026,0.0003301054239273057,108,112,5.076203922712934,381.562530902815
826,41.300000000000004,straightline,349,pure_pursuit,6.0,-148.0326690673828,37.248565673828125,0.07656870782375336,9.121938610242442e-07,0.35,0.0,0.4332127102345235,0.0002592951059341429,108,112,5.038316122321794,381.31026267704317
827,41.35,straightline,349,pure_pursuit,6.0,-147.78176879882812,37.2489013671875,0.07657692581415176,6.41618606733751e-07,0.35,0.0,0.6841132029606708,0.00025107711553573473,108,112,5.076680385842224,381.05936773627445
828,41.400000000000006,straightline,349,pure_pursuit,6.0,-147.52694702148438,37.24924087524414,0.07655561715364456,1.4637580752041463e-06,0.35,0.0,0.9389352062364545,0.00027238577604293796,108,112,5.082352709743959,380.8045513889305
829,41.45,straightline,349,pure_pursuit,6.0,-147.27561950683594,37.24958038330078,0.07656265795230865,5.004913772305915e-07,0.35,0.0,0.8097388536200578,0.000265344977378844,109,112,5.000561614940061,380.55322919999014
830,41.5,straightline,349,pure_pursuit,6.0,-147.02366638183594,37.249916076660156,0.07657232135534286,4.913744521808179e-07,0.35,0.0,0.557785505081456,0.0002556815743446352,109,112,5.114765566649412,380.30128145863165
831,41.550000000000004,straightline,349,pure_pursuit,6.0,-146.7695770263672,37.25025939941406,0.07655126601457596,1.6431499845285496e-07,0.35,0.0,0.30369591829138776,0.0002767369151115424,109,112,5.0488207664884435,380.0471975016642
832,41.6,straightline,349,pure_pursuit,6.0,-146.51815795898438,37.25059509277344,0.07654791325330734,3.162697486170617e-07,0.35,0.0,0.052276631370313444,0.00028008967638015265,109,112,5.062976442500117,379.7957838156947
833,41.650000000000006,straightline,349,pure_pursuit,6.0,-146.26278686523438,37.250938415527344,0.07662881165742874,3.1738655379071135e-07,0.35,0.0,0.20309470038398722,0.00019919127225875375,109,113,5.082617063260676,379.54041817668303
834,41.7,straightline,349,pure_pursuit,6.0,-146.0102081298828,37.251277923583984,0.0765816941857338,1.2396403540806852e-06,0.35,0.0,0.45567366309055257,0.00024630874395370435,109,113,5.043777164690987,379.2878448444423
835,41.75,straightline,349,pure_pursuit,6.0,-145.75906372070312,37.251609802246094,0.07657278329133987,2.3164189139761033e-06,0.35,0.0,0.7068182910784142,0.00025521963834762617,109,113,5.080542701866785,379.0367058609047
836,41.800000000000004,straightline,349,pure_pursuit,6.0,-145.5040740966797,37.251953125,0.07656200230121613,2.1359201946508978e-06,0.35,0.0,0.9618081461739304,0.0002660006284713758,109,113,5.085228233361063,378.78172170214117
837,41.85,straightline,349,pure_pursuit,6.0,-145.2526092529297,37.25229263305664,0.07657050341367722,1.2036356659521136e-06,0.35,0.0,0.7867285744950852,0.0002574995160102786,110,113,5.003048757688817,378.5302622481358
838,41.900000000000006,straightline,349,pure_pursuit,6.0,-145.0005645751953,37.252628326416016,0.07659486681222916,8.671990058653146e-07,0.35,0.0,0.5346836733498449,0.00023313611745834435,110,113,5.116771328586501,378.27822301704236
839,41.95,straightline,349,pure_pursuit,6.0,-144.7463836669922,37.25297164916992,0.07657066732645035,6.900172923526565e-07,0.35,0.0,0.28050253413694903,0.0002573356032371488,110,113,5.050302899954047,378.0240475708064
840,42.0,straightline,349,pure_pursuit,6.0,-144.49539184570312,37.25330352783203,0.07658404856920242,1.2613779545640576e-06,0.35,0.0,0.029510501991752983,0.00024395436048507582,110,113,5.013592001541739,377.7730612079288
841,42.050000000000004,straightline,349,pure_pursuit,6.0,-144.24241638183594,37.25364303588867,0.07659850269556046,1.2327750491070903e-06,0.35,0.0,0.22346520106419468,0.0002295002341270451,110,114,5.114400506435438,377.52009121292303
842,42.1,straightline,349,pure_pursuit,6.0,-143.98887634277344,37.25398635864258,0.07666097581386566,-1.2783168694600778e-06,0.35,0.0,0.4770054720185669,0.0001670271158218372,110,114,5.0589182486285145,377.2665566379538
843,42.150000000000006,straightline,349,pure_pursuit,6.0,-143.73712158203125,37.25432205200195,0.07662986218929291,-2.509607837514208e-07,0.35,0.0,0.728760456209878,0.00019814074039458757,110,114,5.090604524073836,377.0148073524409
844,42.2,straightline,349,pure_pursuit,6.0,-143.48175048828125,37.25466537475586,0.07666204869747162,-1.5056443883435853e-06,0.35,0.0,0.9841317806441273,0.00016595423221587945,110,114,5.091926848907656,376.7594417976986
845,42.25,straightline,349,pure_pursuit,6.0,-143.22996520996094,37.2550048828125,0.0766400620341301,-1.5667067229036861e-06,0.35,0.0,0.7640845159641161,0.00018794089555740609,111,114,5.008490057810776,376.50766198014975
846,42.300000000000004,straightline,349,pure_pursuit,6.0,-142.97767639160156,37.255340576171875,0.07662410289049149,-7.856425581271433e-07,0.35,0.0,0.5117954743652681,0.00020390003919601077,111,114,5.120801756016452,376.25537867741934
847,42.35,straightline,349,pure_pursuit,6.0,-142.72337341308594,37.25568389892578,0.07663004100322723,-1.7651429858734193e-06,0.35,0.0,0.2574922648111207,0.00019796192646026747,111,114,5.053046679597323,376.0010812263583
848,42.400000000000006,straightline,349,pure_pursuit,6.0,-142.47225952148438,37.25601577758789,0.076600082218647,-2.9412090197305434e-08,0.35,0.0,0.006378184094945502,0.00022792071104049515,111,114,5.0161032328136255,375.7499728582728
849,42.45,straightline,349,pure_pursuit,6.0,-142.21917724609375,37.25635528564453,0.07657632231712341,1.9364792315698877e-06,0.35,0.0,0.24670435118815964,0.0002516806125640821,111,115,5.116139134993157,375.4968961167835
850,42.5,straightline,349,pure_pursuit,6.0,-141.96554565429688,37.25669860839844,0.07655402272939682,1.7121096797764069e-06,0.35,0.0,0.50033617505338,0.0002739802002906782,111,115,5.060465683703339,375.24327005377864
851,42.550000000000004,straightline,349,pure_pursuit,6.0,-141.71536254882812,37.25703048706055,0.07658780366182327,1.3753739231709056e-06,0.35,0.0,0.7505195003366331,0.00024019926786422987,111,115,4.979388566418286,374.9930924644548
852,42.6,straightline,349,pure_pursuit,6.0,-141.46090698242188,37.25737380981445,0.07656470686197281,1.3446715533418225e-06,0.35,0.0,0.9950112362779101,0.0002632960677146961,112,115,5.127425914164288,374.7386424694322
853,42.650000000000006,straightline,349,pure_pursuit,6.0,-141.2084197998047,37.257713317871094,0.07661308348178864,-3.726229614355612e-07,0.35,0.0,0.7425238255490302,0.00021491944789886632,112,115,5.022961678306381,374.4861608322929
854,42.7,straightline,349,pure_pursuit,6.0,-140.95555114746094,37.258052825927734,0.0766293853521347,-1.147792433837349e-06,0.35,0.0,0.48965494556178485,0.00019861757755279929,112,115,5.13100736170054,374.23329774577604
855,42.75,straightline,349,pure_pursuit,6.0,-140.70089721679688,37.258392333984375,0.07664001733064651,-1.2147020619945685e-06,0.35,0.0,0.23500078918477968,0.00018798559904098923,112,115,5.059265782051713,373.9786494476126
856,42.800000000000004,straightline,349,pure_pursuit,6.0,-140.4495086669922,37.25872802734375,0.07661351561546326,1.1089290566969294e-06,0.35,0.0,0.016388003386474014,0.00021448731422423772,112,116,5.021379769231309,373.7272664615388
857,42.85,straightline,349,pure_pursuit,6.0,-140.1962432861328,37.25906753540039,0.07661065459251404,1.053158574624955e-06,0.35,0.0,0.2696535955622379,0.00021734833717345842,112,116,5.1191961614982295,373.47400668319244
858,42.900000000000006,straightline,349,pure_pursuit,6.0,-139.94247436523438,37.2594108581543,0.07659366726875305,7.232378926109291e-07,0.35,0.0,0.5234227483236664,0.00023433566093445017,112,116,5.0630788613611735,373.2202433583481
859,42.95,straightline,349,pure_pursuit,6.0,-139.69215393066406,37.25974655151367,0.0766131803393364,3.423982928861969e-09,0.35,0.0,0.7737434077656248,0.00021482259035109875,112,116,4.981701331715463,372.96992847567486
860,43.0,straightline,349,pure_pursuit,6.0,-139.43759155273438,37.26008605957031,0.07663761079311371,-4.548972387915946e-07,0.35,0.0,0.9716957916430048,0.00019039213657378977,113,116,5.129017884090907,372.71537176694056
861,43.050000000000004,straightline,349,pure_pursuit,6.0,-139.18502807617188,37.26042556762695,0.07665682584047318,-1.3674058251037508e-06,0.35,0.0,0.7191320869971538,0.00017117708921433,113,116,5.024387425441356,372.4628139013036
862,43.1,straightline,349,pure_pursuit,6.0,-138.93460083007812,37.26076126098633,0.07663848996162415,-1.0832700079417503e-06,0.35,0.0,0.4687046160837403,0.00018951296806335474,113,116,5.045185525435818,372.212392234188
863,43.150000000000006,straightline,349,pure_pursuit,6.0,-138.6798858642578,37.261104583740234,0.07666854560375214,-2.572705804579002e-06,0.35,0.0,0.21398941969362176,0.0001594573259353595,113,116,5.072496372616375,371.9576829355368
864,43.2,straightline,349,pure_pursuit,6.0,-138.427734375,37.26144027709961,0.07662861049175262,4.4040767095812426e-07,0.35,0.0,0.038162300273004976,0.00019939243793487782,113,117,5.035048519495466,371.7055370984378
865,43.25,straightline,349,pure_pursuit,6.0,-138.17393493652344,37.26177978515625,0.07664963603019714,-1.1984875307986156e-07,0.35,0.0,0.2919619605995088,0.00017836689949035113,113,117,5.126630856173233,371.4517433438819
866,43.300000000000004,straightline,349,pure_pursuit,6.0,-137.9198760986328,37.262123107910156,0.07657800614833832,1.0799415500473004e-06,0.35,0.0,0.5460210302223761,0.00024999678134918804,113,117,5.069123076001864,371.1976901754871
867,43.35,straightline,349,pure_pursuit,6.0,-137.66929626464844,37.26245880126953,0.07658619433641434,7.329498863582587e-07,0.35,0.0,0.7966010889016887,0.0002418085932731603,113,117,4.98674569793936,370.9471159652149
868,43.400000000000006,straightline,349,pure_pursuit,6.0,-137.41456604003906,37.26279830932617,0.0765838697552681,1.0384488009307504e-06,0.35,0.0,0.9486702537008472,0.00024413317441940833,114,117,5.13164456725569,370.69239147984433
869,43.45,straightline,349,pure_pursuit,6.0,-137.161865234375,37.26313781738281,0.07657858729362488,8.220016077048778e-07,0.35,0.0,0.6959692201103566,0.0002494156360626198,114,117,5.026823253532623,370.439696353666
870,43.5,straightline,349,pure_pursuit,6.0,-136.9113311767578,37.26347351074219,0.07658836245536804,3.93628406040203e-07,0.35,0.0,0.44543493783893306,0.0002396404743194532,114,117,5.0472138929140815,370.18916794219757
871,43.550000000000004,straightline,349,pure_pursuit,6.0,-136.656494140625,37.263816833496094,0.07654014974832535,1.0347965011243929e-06,0.35,0.0,0.1905976716076877,0.0002878531813621531,114,117,5.0740274007787445,369.9343366420757
872,43.6,straightline,349,pure_pursuit,6.0,-136.40431213378906,37.264156341552734,0.07655615359544754,1.7951716296324374e-06,0.35,0.0,0.061584572016935464,0.0002718493342399653,114,118,5.036464700515335,369.6821603215379
873,43.650000000000006,straightline,349,pure_pursuit,6.0,-136.1534881591797,37.264488220214844,0.07658518850803375,1.7277376744526462e-06,0.35,0.0,0.31240876065419504,0.00024281442165374338,114,118,5.07543661259297,369.43134205819706
874,43.7,straightline,349,pure_pursuit,6.0,-135.898681640625,37.26483154296875,0.07666631788015366,-9.380585235137125e-07,0.35,0.0,0.5672155101684129,0.00016168504953383996,114,118,5.081683935002739,369.1765412991708
875,43.75,straightline,349,pure_pursuit,6.0,-135.64736938476562,37.265167236328125,0.07662831246852875,1.6655575083806577e-07,0.35,0.0,0.8185279900162321,0.00019969046115875705,114,118,4.9999276963860675,368.9252347559516
876,43.800000000000004,straightline,349,pure_pursuit,6.0,-135.39218139648438,37.26551055908203,0.07658841460943222,7.888412989592037e-07,0.35,0.0,0.9262855893703387,0.00023958832025528117,115,118,5.138359735951472,368.6700525565433
877,43.85,straightline,349,pure_pursuit,6.0,-135.13916015625,37.26585006713867,0.07658442109823227,6.300507584929038e-07,0.35,0.0,0.6732641214946216,0.00024358183145523302,115,118,5.032645286890722,368.417037071659
878,43.900000000000006,straightline,349,pure_pursuit,6.0,-134.8883819580078,37.26618576049805,0.0765964612364769,2.1691649861032945e-07,0.35,0.0,0.4224856988227032,0.00023154169321060414,115,118,5.051840640336522,368.1662645924816
879,43.95,straightline,349,pure_pursuit,6.0,-134.63339233398438,37.26652908325195,0.07652924209833145,1.4146705161669766e-06,0.35,0.0,0.1674958449998645,0.00029876083135605086,115,118,5.0767105420276835,367.91128077547864
880,44.0,straightline,349,pure_pursuit,6.0,-134.3810577392578,37.266868591308594,0.07655308395624161,1.995144298419921e-06,0.35,0.0,0.08483898459570466,0.00027491897344588653,115,119,5.038891285792487,367.6589519375289
881,44.050000000000004,straightline,349,pure_pursuit,6.0,-134.13014221191406,37.2672004699707,0.0765930712223053,1.666077759946976e-06,0.35,0.0,0.33575472773632664,0.00023493170738219619,115,119,5.078838722269828,367.40804218987284
882,44.1,straightline,349,pure_pursuit,6.0,-133.87457275390625,37.26754379272461,0.07657690346240997,1.8088495336809878e-06,0.35,0.0,0.5913244160367038,0.00025109946727752626,115,119,5.10850436002273,367.15247858357986
883,44.150000000000006,straightline,349,pure_pursuit,6.0,-133.6220703125,37.26788330078125,0.07660175114870071,7.758993045804017e-07,0.35,0.0,0.8438270855751586,0.00022625178098679134,115,119,5.028067110344355,366.89998192946547
884,44.2,straightline,349,pure_pursuit,6.0,-133.37164306640625,37.268218994140625,0.07661179453134537,3.40681831921947e-07,0.35,0.0,0.9057472419353018,0.0002162083983421384,116,119,5.051934906285028,366.6495604397403
885,44.25,straightline,349,pure_pursuit,6.0,-133.11676025390625,37.26856231689453,0.0765869989991188,4.37969402692527e-07,0.35,0.0,0.6508641984029738,0.00024100393056868886,116,119,5.081021253951847,366.39468348073757
886,44.300000000000004,straightline,349,pure_pursuit,6.0,-132.86436462402344,37.26890182495117,0.07660426944494247,-5.143530594993798e-07,0.35,0.0,0.3984683405760982,0.00022373348474502057,116,119,5.0462143052000235,366.1422936594193
887,44.35,straightline,349,pure_pursuit,6.0,-132.6132354736328,37.26923370361328,0.0766153410077095,1.3384434176776258e-07,0.35,0.0,0.1473389716807756,0.00021266192197799298,116,119,5.087593344103394,365.8911703457109
888,44.400000000000006,straightline,349,pure_pursuit,6.0,-132.35800170898438,37.26957702636719,0.07656189054250717,2.560339214791813e-06,0.35,0.0,0.10789502801618849,0.00026611238718033363,116,120,5.0960165818722905,365.63594247186353
889,44.45,straightline,349,pure_pursuit,6.0,-132.1061248779297,37.26991653442383,0.0765550434589386,2.2402636885432945e-06,0.35,0.0,0.35977208625454676,0.00027295947074890484,116,120,5.016923733347595,365.38407145671465
890,44.5,straightline,349,pure_pursuit,6.0,-131.85354614257812,37.27025604248047,0.07656551897525787,1.61810240768721e-06,0.35,0.0,0.6123510494601523,0.0002624839544296233,116,120,5.133000145915353,365.13149856968704
891,44.550000000000004,straightline,349,pure_pursuit,6.0,-131.5987091064453,37.27059555053711,0.07654350996017456,2.484753765435649e-06,0.35,0.0,0.8671883115171946,0.0002844929695129415,116,120,5.069970513201991,364.87666746785186
892,44.6,straightline,349,pure_pursuit,6.0,-131.3468780517578,37.27093505859375,0.07659818977117538,4.341927045030306e-07,0.35,0.0,0.8809822035556034,0.00022981315851211456,117,120,5.035835366627881,364.62484225271197
893,44.650000000000006,straightline,349,pure_pursuit,6.0,-131.0960235595703,37.27126693725586,0.07659836113452911,1.2495152562277487e-06,0.35,0.0,0.6301274918528416,0.00022964179515838338,117,120,5.08330655598944,364.3739936381471
894,44.7,straightline,349,pure_pursuit,6.0,-130.84019470214844,37.271610260009766,0.0765572339296341,2.0832065193885783e-06,0.35,0.0,0.3742984043155833,0.0002707690000534062,117,120,5.108004920530304,364.1181707431771
895,44.75,straightline,349,pure_pursuit,6.0,-130.58749389648438,37.271995544433594,0.07713717967271805,-2.51843770198055e-05,0.35,0.0,0.12159732743687629,-0.0003091767430305466,117,120,5.024973586838867,363.86547545215694
896,44.800000000000004,straightline,349,pure_pursuit,6.0,-130.33657836914062,37.27243423461914,0.07656040787696838,-2.5900081171429163e-05,0.35,0.0,0.12931869304205335,0.00026759505271911605,117,121,5.0535499049906045,363.61456494197
897,44.85,straightline,349,pure_pursuit,6.0,-130.0808868408203,37.27280807495117,0.07417448610067368,3.0398744763121308e-05,0.35,0.0,0.3850104335592858,0.0026535168290138275,117,121,5.090600841279396,363.3588791427319
898,44.900000000000006,straightline,349,pure_pursuit,6.0,-129.8274688720703,37.27311325073242,0.0756690502166748,-3.6576780689968856e-06,0.35,0.0,0.6384285529297345,0.0011589527130126973,117,121,5.058195932567776,363.1054674041797
899,44.95,straightline,349,pure_pursuit,6.0,-129.57693481445312,37.27338409423828,0.07778055220842361,-4.719500551181152e-05,0.35,0.0,0.888962732594911,-0.0009525492787361183,117,121,4.9855056429879046,362.8549397716122
900,45.0,straightline,349,pure_pursuit,6.0,-129.321533203125,37.27366256713867,0.07575549930334091,2.025698306802732e-05,0.35,0.0,0.855637316769396,0.0010725036263465881,118,121,5.1490135865936715,362.5995446997887
901,45.050000000000004,straightline,349,pure_pursuit,6.0,-129.067626953125,37.27378463745117,0.07564707100391388,7.337196232429974e-05,0.35,0.0,0.6017311578041163,0.0011809319257736226,118,121,5.047225903753269,362.34564625065326
902,45.1,straightline,349,pure_pursuit,6.0,-128.81622314453125,37.27393341064453,0.07790346443653107,6.017287809404281e-05,0.35,0.0,0.35032754330765215,-0.001075461506843564,118,121,5.019163795853549,362.09424994405737
903,45.150000000000006,straightline,349,pure_pursuit,6.0,-128.5623779296875,37.274166107177734,0.07805810868740082,8.673652733321414e-05,0.35,0.0,0.09648322974243947,-0.0012301057577133224,118,121,5.132196939192094,361.84041162619855
904,45.2,straightline,349,pure_pursuit,6.0,-128.30743408203125,37.27444839477539,0.074766144156456,0.00015951422943606268,0.35,0.0,0.15846285615646613,0.0020618587732315055,118,122,5.082575301467316,361.5854743094656
905,45.25,straightline,349,pure_pursuit,6.0,-128.05577087402344,37.27469253540039,0.07306331396102905,0.0002271740168944768,0.35,0.0,0.4101257402455667,0.0037646889686584533,118,122,5.006553766534404,361.33381784605933
906,45.300000000000004,straightline,349,pure_pursuit,6.0,-127.80305480957031,37.274898529052734,0.07180297374725342,0.0002928195895813597,0.35,0.0,0.6628418088288596,0.0050250291824340786,118,122,5.128560537196779,361.0811088916173
907,45.35,straightline,349,pure_pursuit,6.0,-127.54754638671875,37.27524185180664,0.06802994757890701,0.0003990104982445384,0.35,0.0,0.9183503395914606,0.008798055350780487,118,122,5.074041937141685,360.8256065374262
908,45.400000000000006,straightline,349,pure_pursuit,6.0,-127.2951889038086,37.27562713623047,0.0627015009522438,0.0005366849691598439,0.35,0.0,0.8292714222781404,0.0141265019774437,119,122,5.040162145792742,360.57325467030955
909,45.45,straightline,349,pure_pursuit,6.0,-127.04387664794922,37.27598190307617,0.06185063347220421,0.0005613565695887731,0.35,0.0,0.5779590290420944,0.014977369457483293,119,122,5.089622794384655,360.3219482575076
910,45.5,straightline,349,pure_pursuit,6.0,-126.78767395019531,37.27632141113281,0.06978076696395874,0.00035742530547790895,0.35,0.0,0.3217564502643651,0.0070472359657287546,119,122,5.118297013812607,360.06575171105123
911,45.550000000000004,straightline,349,pure_pursuit,6.0,-126.5345458984375,37.27668762207031,0.06798803806304932,0.0004055562771357314,0.35,0.0,0.06863068709860999,0.008839964866638189,119,122,5.0371923119759385,359.8126294875391
912,45.6,straightline,349,pure_pursuit,6.0,-126.28334045410156,37.27694320678711,0.06901980191469193,0.0003551737905371703,0.35,0.0,0.1825797560905241,0.007808201014995578,119,123,5.064317064901532,359.56143074075953
913,45.650000000000006,straightline,349,pure_pursuit,6.0,-126.02738952636719,37.27714920043945,0.07205725461244583,0.00030687463934653096,0.35,0.0,0.438530074448585,0.004770748317241673,119,123,5.102798753774388,359.3054871039402
914,45.7,straightline,349,pure_pursuit,6.0,-125.77377319335938,37.27735900878906,0.07530999928712845,0.0002536050191724191,0.35,0.0,0.6921463078396357,0.0015180036425590463,119,123,5.068196868898388,359.0518779578681
915,45.75,straightline,349,pure_pursuit,6.0,-125.52308654785156,37.2775764465332,0.07794176042079926,0.00021669597302958487,0.35,0.0,0.9428329546796774,-0.001113757491111759,119,123,4.996146291079207,358.8011983418465
916,45.800000000000004,straightline,349,pure_pursuit,6.0,-125.26753997802734,37.277732849121094,0.08135777711868286,0.00017670036798130725,0.35,0.0,0.8016240858776006,-0.004529774188995365,120,123,5.163972446850534,358.5456594970709
917,45.85,straightline,349,pure_pursuit,6.0,-125.01326751708984,37.2779655456543,0.07729223370552063,0.00032193137139283995,0.35,0.0,0.5473523262346888,-0.00046423077583312967,120,123,5.06315302443486,358.29139408472963
918,45.900000000000006,straightline,349,pure_pursuit,6.0,-124.76143646240234,37.27827072143555,0.07642335444688797,0.000366363275767723,0.35,0.0,0.29552285514072885,0.00040464848279953534,120,123,5.037597286776071,358.0395693915303
919,45.95,straightline,349,pure_pursuit,6.0,-124.51029205322266,37.27867126464844,0.07767753303050995,0.0003315696472990097,0.35,0.0,0.04439673099866353,-0.0008495301008224434,120,123,5.092752160654658,357.78843052474366
920,46.0,straightline,349,pure_pursuit,6.0,-124.2542724609375,37.279052734375,0.07960694283246994,0.00019404590804691533,0.35,0.0,0.21164980644840173,-0.0027789399027824424,120,124,5.116355172215387,357.5324168173705
921,46.050000000000004,straightline,349,pure_pursuit,6.0,-124.0013656616211,37.27943801879883,0.08295249938964844,0.00010447122196953062,0.35,0.0,0.4645543575205593,-0.006124496459960937,120,124,5.038021554241095,357.27951576875944
922,46.1,straightline,349,pure_pursuit,6.0,-123.75056457519531,37.27983856201172,0.08578258007764816,2.474766661785923e-05,0.35,0.0,0.7153549813146587,-0.008954577147960661,120,124,5.0177873517085505,357.0287202376783
923,46.150000000000006,straightline,349,pure_pursuit,6.0,-123.49691009521484,37.28022003173828,0.08719136565923691,-1.229674943513938e-05,0.35,0.0,0.9690094030482517,-0.010363362729549404,120,124,5.141026059004304,356.77507158430376
924,46.2,straightline,349,pure_pursuit,6.0,-123.24178314208984,37.28059387207031,0.08787404000759125,-2.7715966487461197e-05,0.35,0.0,0.7758668348932728,-0.011046037077903742,121,124,5.094266428613006,356.519950583604
925,46.25,straightline,349,pure_pursuit,6.0,-122.9897689819336,37.280948638916016,0.08828841149806976,-3.240176199860018e-05,0.35,0.0,0.5238528221401793,-0.01146040856838226,121,124,5.020988401190345,356.2679424347628
926,46.300000000000004,straightline,349,pure_pursuit,6.0,-122.73916625976562,37.28129196166992,0.08937010914087296,-5.2108173036058094e-05,0.35,0.0,0.2732510255499834,-0.012542106211185459,121,124,5.057628522387989,356.0173457790785
927,46.35,straightline,349,pure_pursuit,6.0,-122.4831314086914,37.28162384033203,0.0906291976571083,-7.076522705820097e-05,0.35,0.0,0.017253278595035008,-0.013801194727420807,121,124,5.108622576698117,355.7613172951051
928,46.400000000000006,straightline,349,pure_pursuit,6.0,-122.22896575927734,37.28189468383789,0.09006647020578384,-0.00010960597201586177,0.35,0.0,0.23695553362481694,-0.01323846727609635,121,125,5.079192150552181,355.507158472392
929,46.45,straightline,349,pure_pursuit,6.0,-121.97745513916016,37.28219223022461,0.09011832624673843,-9.476214140239837e-05,0.35,0.0,0.4884647560999804,-0.013290323317050937,121,125,5.01014477467941,355.255654367058
930,46.5,straightline,349,pure_pursuit,6.0,-121.72444915771484,37.28260040283203,0.08958442509174347,-8.5980981426601e-05,0.35,0.0,0.741470368796101,-0.012756422162055966,121,125,5.140913429728122,355.00265402507017
931,46.550000000000004,straightline,349,pure_pursuit,6.0,-121.46803283691406,37.28303909301758,0.08943222463130951,-9.331287099838133e-05,0.35,0.0,0.9978866822430013,-0.012604221701622014,121,125,5.0942347724039925,354.7462432160581
932,46.6,straightline,349,pure_pursuit,6.0,-121.2143783569336,37.2834587097168,0.0887325182557106,-8.352503221253164e-05,0.35,0.0,0.7484540153988548,-0.011889256536989213,122,125,5.06703330142041,354.4925943187589
933,46.650000000000006,straightline,349,pure_pursuit,6.0,-120.96321868896484,37.283851623535156,0.08816112577915192,-7.244526222475203e-05,0.35,0.0,0.49729429546145054,-0.011317864060415893,122,125,5.001822925942678,354.2414403788072
934,46.7,straightline,349,pure_pursuit,6.0,-120.71039581298828,37.284236907958984,0.08768775314092636,-6.18412646195915e-05,0.35,0.0,0.2444719497336532,-0.010844491422189281,122,125,5.136482770884565,353.9886233644386
935,46.75,straightline,349,pure_pursuit,6.0,-120.45394134521484,37.28462219238281,0.08731227368116379,-0.00010874364523740212,0.35,0.0,0.012017848807674177,-0.010469011962444185,122,126,5.095956476286078,353.7321748985523
936,46.800000000000004,straightline,349,pure_pursuit,6.0,-120.2001953125,37.28499984741211,0.0868176519870758,-9.733844137889536e-05,0.35,0.0,0.2657322814054494,-0.00997439026835754,122,126,5.071569606520643,353.4784348436373
937,46.85,straightline,349,pure_pursuit,6.0,-119.94882202148438,37.285369873046875,0.08629670739173889,-8.449720799845349e-05,0.35,0.0,0.517105118804628,-0.00945344567301039,122,126,5.009430430580675,353.2270675183028
938,46.900000000000006,straightline,349,pure_pursuit,6.0,-119.69574737548828,37.28573989868164,0.085805743932724,-7.20071220855142e-05,0.35,0.0,0.7701797860306566,-0.008962482213988375,122,126,5.145271290119141,352.9739989086891
939,46.95,straightline,349,pure_pursuit,6.0,-119.43893432617188,37.28611755371094,0.08532749116420746,-6.038360633340006e-05,0.35,0.0,0.9730093826737802,-0.008484229445479162,123,126,5.106623367647416,352.7171919757231
940,47.0,straightline,349,pure_pursuit,6.0,-119.1847915649414,37.2864875793457,0.08496110886335373,-5.0974604074717124e-05,0.35,0.0,0.718866427241609,-0.008117847144616172,123,126,5.080459128069096,352.46305530801993
941,47.050000000000004,straightline,349,pure_pursuit,6.0,-118.93303680419922,37.2868537902832,0.08466911315917969,-4.349402655631269e-05,0.35,0.0,0.4671115557289087,-0.007825851440416422,123,126,5.017047052974662,352.21130659548675
942,47.1,straightline,349,pure_pursuit,6.0,-118.6822509765625,37.2872200012207,0.08439458161592484,-3.684904382469524e-05,0.35,0.0,0.21632597153960353,-0.007551319897197773,123,126,5.062931184271513,351.96052678971915
943,47.150000000000006,straightline,349,pure_pursuit,6.0,-118.4253158569336,37.287593841552734,0.08418542146682739,-7.376097970413234e-05,0.35,0.0,0.04061546085453428,-0.007342159748089732,123,127,5.131277397653718,351.7035978604614
944,47.2,straightline,349,pure_pursuit,6.0,-118.16999053955078,37.2879638671875,0.08383709192276001,-6.589988010100221e-05,0.35,0.0,0.29593666157498594,-0.006993830203998083,123,127,5.103341940017998,351.4482787166217
945,47.25,straightline,349,pure_pursuit,6.0,-117.91716766357422,37.288326263427734,0.08349870145320892,-5.756546470613716e-05,0.35,0.0,0.5487594806160352,-0.006655439734461828,123,127,5.037357879075325,351.19546199717524
946,47.300000000000004,straightline,349,pure_pursuit,6.0,-117.66598510742188,37.2886848449707,0.08316154032945633,-4.899674596099481e-05,0.35,0.0,0.7999421774937254,-0.006318278610732832,123,127,5.0262186332520145,350.94428557929916
947,47.35,straightline,349,pure_pursuit,6.0,-117.41136169433594,37.28904724121094,0.08284501731395721,-4.0773926454140954e-05,0.35,0.0,0.9454363140141837,-0.006001755595203992,124,127,5.167400430195768,350.6896684073293
948,47.400000000000006,straightline,349,pure_pursuit,6.0,-117.15430450439453,37.28944396972656,0.08219689875841141,-3.0779001054224055e-05,0.35,0.0,0.6883788430499637,-0.005353637039679712,124,127,5.130396277053187,350.4326172630193
949,47.45,straightline,349,pure_pursuit,6.0,-116.89987182617188,37.289913177490234,0.08302169293165207,-7.873456083455772e-05,0.35,0.0,0.4339457417189299,-0.006178431212887555,124,127,5.072176491047533,350.1781899212066
950,47.5,straightline,349,pure_pursuit,6.0,-116.64710998535156,37.290199279785156,0.08251804858446121,-4.871183216210038e-05,0.35,0.0,0.1811840771503722,-0.005674786865709883,124,127,5.060515603733216,349.92543493569684
951,47.550000000000004,straightline,349,pure_pursuit,6.0,-116.3961181640625,37.290496826171875,0.08209080994129181,-5.180379661602194e-05,0.35,0.0,0.0698099205076078,-0.005247548222550997,124,128,5.009130020545221,349.6744498162186
952,47.6,straightline,349,pure_pursuit,6.0,-116.14283752441406,37.29082107543945,0.08141042292118073,-2.7678999873359142e-05,0.35,0.0,0.32308960233428746,-0.00456716120243708,124,128,5.156375397534764,349.42117574328324
953,47.650000000000006,straightline,349,pure_pursuit,6.0,-115.8849868774414,37.29152297973633,0.08214890956878662,-0.00011743308213590681,0.35,0.0,0.5809406214262023,-0.00530564785006806,124,128,5.146179527968815,349.1633285935428
954,47.7,straightline,349,pure_pursuit,6.0,-115.62930297851562,37.29172897338867,0.08012304455041885,-3.3347367285285963e-05,0.35,0.0,0.836624593645392,-0.0032797828316679287,124,128,5.12960277373493,348.90765238597606
955,47.75,straightline,349,pure_pursuit,6.0,-115.37551879882812,37.29188537597656,0.0792844220995903,3.168274207366288e-05,0.35,0.0,0.9095931814907922,-0.0024411603808266484,125,128,5.077673608059528,348.65387626569276
956,47.800000000000004,straightline,349,pure_pursuit,6.0,-115.12281799316406,37.292110443115234,0.07773324847221375,0.00010285140264442398,0.35,0.0,0.6568924267514467,-0.0008899867534809267,125,128,5.0763287034659115,348.40118289924834
957,47.85,straightline,349,pure_pursuit,6.0,-114.87149810791016,37.29197311401367,0.07217308133840561,0.00036924302395641297,0.35,0.0,0.405574014324036,0.0046701803803422945,125,128,5.022298669604744,348.14987353816974
958,47.900000000000006,straightline,349,pure_pursuit,6.0,-114.62042999267578,37.29224395751953,0.07336220145225525,0.0003638710429369264,0.35,0.0,0.15450831247283683,0.00348106026647166,125,128,5.076197378025069,347.8988124301749
959,47.95,straightline,349,pure_pursuit,6.0,-114.36227416992188,37.292789459228516,0.07798997312784195,0.00014126420098568602,0.35,0.0,0.10365567827793477,-0.0011467114091202213,125,129,5.161079631258142,347.6406615175091
960,48.0,straightline,349,pure_pursuit,6.0,-114.1048812866211,37.29368209838867,0.06829696148633957,0.0002960414391114438,0.35,0.0,0.3610458649910446,0.008546300232403745,125,129,5.165726096111843,347.3832705249563
961,48.050000000000004,straightline,349,pure_pursuit,6.0,-113.84852600097656,37.29404830932617,0.06869059801101685,0.00028327571081181657,0.35,0.0,0.6174013315084208,0.008152663707739085,125,129,5.130321495680894,347.1269216465103
962,48.1,straightline,349,pure_pursuit,6.0,-113.59302520751953,37.29428482055664,0.06884032487869263,0.00030440238998148027,0.35,0.0,0.8729022334561696,0.0080029368400527,125,129,5.1331399835615565,346.8714283599963
963,48.150000000000006,straightline,349,pure_pursuit,6.0,-113.33869171142578,37.294551849365234,0.07009869068861008,0.0002906809024730802,0.35,0.0,0.8727661940538474,0.006744571030121095,126,129,5.092274167718889,346.61710207420555
964,48.2,straightline,349,pure_pursuit,6.0,-113.08476257324219,37.294883728027344,0.07371281087398529,0.00020056057712385925,0.35,0.0,0.6188369060182792,0.0031304508447556867,126,129,5.107377294864688,346.36317958029866
965,48.25,straightline,349,pure_pursuit,6.0,-112.8311767578125,37.295162200927734,0.07413985580205917,0.00020863020007467982,0.35,0.0,0.3652511844178983,0.002703405916663785,126,129,5.05907624027819,346.1096008691469
966,48.300000000000004,straightline,349,pure_pursuit,6.0,-112.5772705078125,37.295433044433594,0.07719685137271881,0.00015020559555941807,0.35,0.0,0.11134621092636654,-0.00035358965396982373,126,129,5.077962444440842,345.8557018122766
967,48.35,straightline,349,pure_pursuit,6.0,-112.32393646240234,37.29576110839844,0.07995408028364182,4.409497725425379e-05,0.35,0.0,0.14199142431253448,-0.0031108185648877707,126,130,5.043936893460032,345.6023744527112
968,48.400000000000006,straightline,349,pure_pursuit,6.0,-112.07066345214844,37.29608154296875,0.08280152827501297,-2.373858257391882e-05,0.35,0.0,0.39526369845594633,-0.005958266556279369,126,130,5.060197811695278,345.3491082023656
969,48.45,straightline,349,pure_pursuit,6.0,-111.81829071044922,37.296016693115234,0.08230496197938919,7.79566381933539e-05,0.35,0.0,0.6476364475589835,-0.005461700260628259,126,130,5.03130308591393,345.0967455444363
970,48.5,straightline,349,pure_pursuit,6.0,-111.56676483154297,37.29647445678711,0.08257168531417847,5.285260529980487e-05,0.35,0.0,0.899162326668869,-0.005728423595435457,126,130,5.0395643237555605,344.8452251879146
971,48.550000000000004,straightline,349,pure_pursuit,6.0,-111.31609344482422,37.29710006713867,0.08147686719894409,2.501892583287219e-05,0.35,0.0,0.8501606061557013,-0.004633605480183502,127,130,5.009732270174297,344.59455783981514
972,48.6,straightline,349,pure_pursuit,6.0,-111.06387329101562,37.2977180480957,0.08280806988477707,-6.957273592358507e-05,0.35,0.0,0.5979397145366886,-0.005964808166038913,127,130,5.071172160496015,344.34234185670243
973,48.650000000000006,straightline,349,pure_pursuit,6.0,-110.81028747558594,37.29804229736328,0.08295705914497375,-6.615128180929984e-05,0.35,0.0,0.3443538013702077,-0.006113797426251122,127,130,5.048967576098694,344.0887628289042
974,48.7,straightline,349,pure_pursuit,6.0,-110.55633544921875,37.298370361328125,0.08350928127765656,-7.36944355781271e-05,0.35,0.0,0.09040227330550855,-0.006666019558932463,127,130,5.07064116727663,343.83481758114885
975,48.75,straightline,349,pure_pursuit,6.0,-110.30274963378906,37.29871368408203,0.0842357948422432,-0.00011774879349989567,0.35,0.0,0.1631852310967157,-0.0073925331235248195,127,131,5.0446414737396355,343.5812384076891
976,48.800000000000004,straightline,349,pure_pursuit,6.0,-110.04904174804688,37.29906463623047,0.0850292220711708,-0.00013840414214993889,0.35,0.0,0.416893036157863,-0.008185960352428821,127,131,5.065883623576667,343.32753711215065
977,48.85,straightline,349,pure_pursuit,6.0,-109.7961196899414,37.299217224121094,0.08392876386642456,-6.740281108048195e-05,0.35,0.0,0.6698151365169269,-0.007085502147703119,127,131,5.037315703904418,343.07462335629475
978,48.900000000000006,straightline,349,pure_pursuit,6.0,-109.54397583007812,37.299678802490234,0.08362897485494614,-8.171845549860664e-05,0.35,0.0,0.921959248554858,-0.0067857131362196,127,131,5.048187234990365,342.8224850817479
979,48.95,straightline,349,pure_pursuit,6.0,-109.2923812866211,37.30015182495117,0.08267106115818024,-8.286469591938947e-05,0.35,0.0,0.8264477844925374,-0.005827799439454612,128,131,5.023427176841969,342.57089601142815
980,49.0,straightline,349,pure_pursuit,6.0,-109.04068756103516,37.30057144165039,0.08192314207553864,-7.92111204564428e-05,0.35,0.0,0.5747537100840016,-0.0050798803567798905,128,131,5.045091231492274,342.3192082385788
981,49.050000000000004,straightline,349,pure_pursuit,6.0,-108.78926849365234,37.30097579956055,0.0813407152891159,-7.767137314944951e-05,0.35,0.0,0.32333432353238484,-0.004497453570400173,128,131,5.020831997016962,342.0677952562289
982,49.1,straightline,349,pure_pursuit,6.0,-108.53763580322266,37.301361083984375,0.0807732418179512,-7.281636896823006e-05,0.35,0.0,0.07170141511845564,-0.003929980099211151,128,131,5.043385037616057,341.8161688354791
983,49.150000000000006,straightline,349,pure_pursuit,6.0,-108.2862777709961,37.3017463684082,0.0802718847990036,-7.53826019173271e-05,0.35,0.0,0.17965705050095696,-0.0034286230802470902,128,132,5.019047524399329,341.56481707206063
984,49.2,straightline,349,pure_pursuit,6.0,-108.03472137451172,37.302120208740234,0.07978358864784241,-6.918823496988051e-05,0.35,0.0,0.43121370491358374,-0.0029403269290851474,128,132,5.041379956953866,341.313267062015
985,49.25,straightline,349,pure_pursuit,6.0,-107.78346252441406,37.302494049072266,0.07933278381824493,-6.454643491688805e-05,0.35,0.0,0.682472827831326,-0.002489522099495476,128,132,5.016965218980599,341.06201459673576
986,49.300000000000004,straightline,349,pure_pursuit,6.0,-107.53202056884766,37.30286407470703,0.07889485359191895,-5.989497500758587e-05,0.35,0.0,0.9339150536826607,-0.002051591873179336,128,132,5.0390184161327936,340.8105790763544
987,49.35,straightline,349,pure_pursuit,6.0,-107.28086853027344,37.3032341003418,0.07847575843334198,-5.635094754933217e-05,0.35,0.0,0.8149268031686846,-0.0016324967145935373,129,132,5.014481611065906,340.559433471685
988,49.400000000000006,straightline,349,pure_pursuit,6.0,-107.02954864501953,37.30360412597656,0.0780951976776123,-5.43666805052564e-05,0.35,0.0,0.5636066530593534,-0.0012519359588586802,129,132,5.0364975330157815,340.308120036718
989,49.45,straightline,349,pure_pursuit,6.0,-106.77851104736328,37.30397415161133,0.0777319073677063,-5.358335211000489e-05,0.35,0.0,0.31256880256571384,-0.0008886456489870496,129,132,5.011829057887099,340.05708888836824
990,49.5,straightline,349,pure_pursuit,6.0,-106.52731323242188,37.304344177246094,0.07736221700906754,-5.3313786958197707e-05,0.35,0.0,0.0613708970322466,-0.0005189552903487489,129,132,5.033795299868168,339.80589753886903
991,49.550000000000004,straightline,349,pure_pursuit,6.0,-106.27642059326172,37.304710388183594,0.07701724022626877,-4.195299957901381e-05,0.35,0.0,0.1895223061412612,-0.00017397850751723677,129,133,5.009220466582943,339.5550113968792
992,49.6,straightline,349,pure_pursuit,6.0,-106.02536010742188,37.30508041381836,0.07669497281312943,-4.133118927926148e-05,0.35,0.0,0.44058302463238697,0.0001482889056335723,129,133,5.031144913196822,339.30395739111754
993,49.650000000000006,straightline,349,pure_pursuit,6.0,-105.77458953857422,37.30544662475586,0.07639513164758682,-4.11368099941383e-05,0.35,0.0,0.691353849101731,0.00044813007114031405,129,133,5.006572851713653,339.0531933347126
994,49.7,straightline,349,pure_pursuit,6.0,-105.52365112304688,37.305809020996094,0.07609860599040985,-4.071212536230866e-05,0.35,0.0,0.9422925200467658,0.0007446557283333474,129,133,5.0285521029818305,338.80226148184806
995,49.75,straightline,349,pure_pursuit,6.0,-105.27301788330078,37.30616760253906,0.07581990957260132,-4.054716197885711e-05,0.35,0.0,0.8070758830577731,0.0010233521461282796,130,133,5.003961157819916,338.55163483666456
996,49.800000000000004,straightline,349,pure_pursuit,6.0,-105.02220153808594,37.306522369384766,0.075534887611866,-3.982500280516088e-05,0.35,0.0,0.5562593222939494,0.001308374106898802,130,133,5.025946741092732,338.3008251370007
997,49.85,straightline,349,pure_pursuit,6.0,-104.7717056274414,37.30687713623047,0.075261689722538,-4.0065324890198495e-05,0.35,0.0,0.3057632541473263,0.0015815719962128606,130,133,5.00143031034416,338.05033586962503
998,49.900000000000006,straightline,349,pure_pursuit,6.0,-104.52103424072266,37.30723190307617,0.0749794989824295,-4.063171491943922e-05,0.35,0.0,0.05509256170436348,0.0018637627363116923,130,133,5.023395831221722,337.7996711432626
999,49.95,straightline,349,pure_pursuit,6.0,-104.26494598388672,37.30759048461914,0.07470979541540146,-1.5574894436767175e-05,0.35,0.0,0.20099740848950168,0.0021334663033218512,130,134,5.220296010033228,337.5435897353944
1000,50.0,straightline,349,pure_pursuit,6.0,-104.00165557861328,37.30795669555664,0.07439824193716049,-1.2453596718647396e-05,0.35,0.0,0.46428788816309663,0.002445019781598438,130,134,5.257603558154495,337.2803064046893
1001,50.050000000000004,straightline,349,pure_pursuit,6.0,-103.74068450927734,37.30832290649414,0.07440746575593948,-1.888870531422583e-05,0.35,0.0,0.7252591664985167,0.0024357959628002516,130,134,5.1952589034714,337.01934233031704
1002,50.1,straightline,349,pure_pursuit,6.0,-103.48133850097656,37.30868911743164,0.07431139051914215,-2.343012269566897e-05,0.35,0.0,0.9846054116937643,0.0025318711995824922,130,134,5.185388523442342,336.76000326433757
1003,50.150000000000006,straightline,349,pure_pursuit,6.0,-103.22364807128906,37.30905532836914,0.07415636628866196,-2.7422797560952597e-05,0.35,0.0,0.7577059074258038,0.0026868954300934816,131,134,5.13602424098792,336.5023197229056
1004,50.2,straightline,349,pure_pursuit,6.0,-102.96685028076172,37.309425354003906,0.07395380735397339,-3.195535148321787e-05,0.35,0.0,0.5009079403056911,0.002889454364778582,131,134,5.139009643979899,336.24552876254296
1005,50.25,straightline,349,pure_pursuit,6.0,-102.7111587524414,37.30978012084961,0.07373583316802979,-3.350266460012785e-05,0.35,0.0,0.24521641475937828,0.003107428550732094,131,134,5.099779139643678,335.9898441671364
1006,50.300000000000004,straightline,349,pure_pursuit,6.0,-102.45590209960938,37.31013488769531,0.07349126785993576,-4.789367024676651e-06,0.35,0.0,0.010052902037217565,0.0033519938588041772,131,135,5.110469582895178,335.73459444097
1007,50.35,straightline,349,pure_pursuit,6.0,-102.20143127441406,37.310489654541016,0.07331360131502151,-5.81188831981182e-06,0.35,0.0,0.2645125009463227,0.0035296604037431873,131,135,5.077346284019404,335.48013052226605
1008,50.400000000000006,straightline,349,pure_pursuit,6.0,-101.94715881347656,37.310848236083984,0.07318957149982452,-9.48719672411897e-06,0.35,0.0,0.5187849965355408,0.003653690218905734,131,135,5.092650755353873,335.2258649368686
1009,50.45,straightline,349,pure_pursuit,6.0,-101.6934585571289,37.31119918823242,0.0730760395526886,-1.2474144243529326e-05,0.35,0.0,0.7724854167340851,0.0037672221660289005,131,135,5.063102995398862,334.97217161213865
1010,50.5,straightline,349,pure_pursuit,6.0,-101.4398193359375,37.311553955078125,0.07295124232769012,-1.645092544003151e-05,0.35,0.0,0.9738772519700019,0.003892019391073656,132,135,5.0810722483921476,334.7185392970188
1011,50.550000000000004,straightline,349,pure_pursuit,6.0,-101.1866455078125,37.311912536621094,0.07282121479511261,-2.1839893117368925e-05,0.35,0.0,0.7207032384345758,0.004022046923639443,132,135,5.053590198943253,334.46537233329
1012,50.6,straightline,349,pure_pursuit,6.0,-100.93343353271484,37.31226348876953,0.07265941053628922,-2.5261209215656356e-05,0.35,0.0,0.4674911529528564,0.004183851182461787,132,135,5.073147739818231,334.21216730297374
1013,50.650000000000006,straightline,349,pure_pursuit,6.0,-100.68063354492188,37.312618255615234,0.07247695326805115,-2.982628608575202e-05,0.35,0.0,0.21469137361891574,0.004366308450713747,132,135,5.046821790703488,333.95937422037446
1014,50.7,straightline,349,pure_pursuit,6.0,-100.4277114868164,37.31297302246094,0.0722721517086029,4.6283710428071066e-06,0.35,0.0,0.03823652589506862,0.004571110010127632,132,136,5.067258014857082,333.70645908317465
1015,50.75,straightline,349,pure_pursuit,6.0,-100.17516326904297,37.313323974609375,0.07212996482849121,2.1520995725710665e-06,0.35,0.0,0.2907808577174188,0.0047132968902606305,132,136,5.041647008112773,333.4539178163472
1016,50.800000000000004,straightline,349,pure_pursuit,6.0,-99.9224853515625,37.31367874145508,0.07204731553792953,-3.0846893383473398e-06,0.35,0.0,0.5434587375708549,0.0047959461808237515,132,136,5.062622407358084,333.20124683178165
1017,50.85,straightline,349,pure_pursuit,6.0,-99.67017364501953,37.31403350830078,0.07197823375463486,-9.302355429436583e-06,0.35,0.0,0.795770589310417,0.004865027964123991,132,136,5.037403417344767,332.94894205437976
1018,50.900000000000006,straightline,349,pure_pursuit,6.0,-99.41770935058594,37.314388275146484,0.07188204675912857,-1.5340525476399033e-05,0.35,0.0,0.9517671610386715,0.004961214959592852,133,136,5.058718715334755,332.6964847060975
1019,50.95,straightline,349,pure_pursuit,6.0,-99.16558074951172,37.31473159790039,0.07176053524017334,-1.8836728761450797e-05,0.35,0.0,0.6996384162117021,0.005082726478579264,133,136,5.03372167639622,332.44436315119776
1020,51.0,straightline,349,pure_pursuit,6.0,-98.9133071899414,37.31507110595703,0.07161807268857956,-2.135465940468572e-05,0.35,0.0,0.44736481363452085,0.0052251890301596125,133,136,5.05520001671098,332.1920966888993
1021,51.050000000000004,straightline,349,pure_pursuit,6.0,-98.66134643554688,37.3154182434082,0.07145310938358307,-2.576357641680658e-05,0.35,0.0,0.19540451151180194,0.005390152335175108,133,136,5.030397717127963,331.9401429618368
1022,51.1,straightline,349,pure_pursuit,6.0,-98.40922546386719,37.315757751464844,0.07125759869813919,1.636771530277438e-05,0.35,0.0,0.05672205013271543,0.0055856630205890125,133,137,5.05203865418242,331.68802910350973
1023,51.150000000000006,straightline,349,pure_pursuit,6.0,-98.15741729736328,37.31610107421875,0.07116919010877609,1.3271163063475353e-05,0.35,0.0,0.30852706877601266,0.0056740716099526745,133,137,5.027260609061565,331.4362280146145
1024,51.2,straightline,349,pure_pursuit,6.0,-97.90545654296875,37.316444396972656,0.0711284875869751,8.572319472266096e-06,0.35,0.0,0.560487714371968,0.005714774131741321,133,137,5.049018444832774,331.1842743551169
1025,51.25,straightline,349,pure_pursuit,6.0,-97.65380859375,37.3167839050293,0.07112908363342285,3.0948673549394643e-06,0.35,0.0,0.8121357597045206,0.005714178085310906,133,137,5.024232166157717,330.9326335336164
1026,51.300000000000004,straightline,349,pure_pursuit,6.0,-97.40199279785156,37.3171272277832,0.0710991621017456,-2.75955231055678e-06,0.35,0.0,0.9360505784672208,0.0057440996169726465,134,137,5.046013108887116,330.680824849089
1027,51.35,straightline,349,pure_pursuit,6.0,-97.1504898071289,37.31747055053711,0.07105419039726257,-8.802121077913588e-06,0.35,0.0,0.6845474564687021,0.005789071321485798,134,137,5.021346958014269,330.4293289682358
1028,51.400000000000006,straightline,349,pure_pursuit,6.0,-96.89881896972656,37.31781005859375,0.07096555829048157,-1.3291615190257572e-05,0.35,0.0,0.43287660634455855,0.005877703428273587,134,137,5.043170394087494,330.17766529310586
1029,51.45,straightline,349,pure_pursuit,6.0,-96.6474380493164,37.318153381347656,0.07084739208221436,-1.8582249647549807e-05,0.35,0.0,0.18149628290944614,0.00599586963653826,134,137,5.018514600793133,329.9262915000305
1030,51.5,straightline,349,pure_pursuit,6.0,-96.39591217041016,37.31849670410156,0.07070561498403549,2.3281961947527936e-05,0.35,0.0,0.07003497032645319,0.006137646734718543,134,138,5.040344196661258,329.67477276559276
1031,51.550000000000004,straightline,349,pure_pursuit,6.0,-96.14468383789062,37.31884002685547,0.07065165787935257,1.885755997860125e-05,0.35,0.0,0.32126063797969107,0.006191603839376292,134,138,5.015708278083689,329.423551576669
1032,51.6,straightline,349,pure_pursuit,6.0,-95.8932876586914,37.31917953491211,0.07067766785621643,1.273165101454183e-05,0.35,0.0,0.5726566864945882,0.006165593862509563,134,138,5.037595694557008,329.172162593667
1033,51.650000000000006,straightline,349,pure_pursuit,6.0,-95.64220428466797,37.319522857666016,0.07067813724279404,6.011564261838053e-06,0.35,0.0,0.8237401587494209,0.00616512447594434,134,138,5.0129951179693775,328.9210863798906
1034,51.7,straightline,349,pure_pursuit,6.0,-95.39094543457031,37.31986618041992,0.07066660374403,-8.271052306470776e-07,0.35,0.0,0.9249955532603638,0.006176657974723994,135,138,5.034871507904435,328.6698347085261
1035,51.75,straightline,349,pure_pursuit,6.0,-95.13997650146484,37.32020568847656,0.07062903791666031,-6.717865286529263e-06,0.35,0.0,0.6740265065294364,0.006214223802087344,135,138,5.010303053120715,328.4188729881553
1036,51.800000000000004,straightline,349,pure_pursuit,6.0,-94.88886260986328,37.32054901123047,0.07055390626192093,-1.3010749794160171e-05,0.35,0.0,0.42291264066724854,0.006289355456814046,135,138,5.032223604306852,328.1677662920529
1037,51.85,straightline,349,pure_pursuit,6.0,-94.63804626464844,37.32088851928711,0.07043717801570892,-1.8014831259965044e-05,0.35,0.0,0.17209706930081742,0.006406083703025905,135,138,5.007665370201001,327.91695717607564
1038,51.900000000000006,straightline,349,pure_pursuit,6.0,-94.3870620727539,37.321231842041016,0.07031983137130737,2.540082479221165e-05,0.35,0.0,0.07889277602002864,0.006523430347436035,135,139,5.029618480231174,327.6659801971321
1039,51.95,straightline,349,pure_pursuit,6.0,-94.13636779785156,37.32157516479492,0.07026442140340805,2.0608929997667228e-05,0.35,0.0,0.3295844608547249,0.0065788403153251695,135,139,5.0050470448098245,327.4152931346462
1040,52.0,straightline,349,pure_pursuit,6.0,-93.885498046875,37.32191848754883,0.07029451429843903,1.3157940173581572e-05,0.35,0.0,0.5804540621933393,0.006548747420313412,135,139,5.027024200438904,327.1644306147435
1041,52.050000000000004,straightline,349,pure_pursuit,6.0,-93.63491821289062,37.322261810302734,0.07030703872442245,5.634058384497157e-06,0.35,0.0,0.8310339793994632,0.0065362229943292,135,139,5.002491871889192,326.91385801130747
1042,52.1,straightline,349,pure_pursuit,6.0,-93.38418579101562,37.322601318359375,0.07030193507671356,-1.0567909011826986e-06,0.35,0.0,0.9182358836014326,0.00654132664203593,136,139,5.024503444012673,326.6631328724569
1043,52.150000000000006,straightline,349,pure_pursuit,6.0,-93.13375854492188,37.32294464111328,0.07024417817592621,-7.81654369496276e-06,0.35,0.0,0.6678085395243906,0.006599083542802072,136,139,4.999908249484844,326.41271287355227
1044,52.2,straightline,349,pure_pursuit,6.0,-92.8751449584961,37.32328414916992,0.07011065632104874,-9.923133132898787e-06,0.35,0.0,0.40919501912065537,0.006732605397671758,136,139,5.250208298600953,326.15410692028064
1045,52.25,straightline,349,pure_pursuit,6.0,-92.61207580566406,37.323631286621094,0.06988360732793808,-1.0565148144874661e-05,0.35,0.0,0.14612698971514576,0.006959654390790408,136,139,5.2295462070259635,325.89104552867536
1046,52.300000000000004,straightline,349,pure_pursuit,6.0,-92.35130310058594,37.323970794677734,0.06987711787223816,3.4738270490320374e-05,0.35,0.0,0.11465068995466149,0.006966143846526729,136,140,5.211232824532989,325.6302805717711
1047,52.35,straightline,349,pure_pursuit,6.0,-92.0925064086914,37.32432174682617,0.06989054381847382,2.8481667034001585e-05,0.35,0.0,0.37344580310904146,0.0069527179002567205,136,140,5.156294831053527,325.3714914540078
1048,52.400000000000006,straightline,349,pure_pursuit,6.0,-91.83483123779297,37.32467269897461,0.06995916366577148,2.0051813299740375e-05,0.35,0.0,0.6311208862776984,0.006884098052983309,136,140,5.154902394165605,325.1138238228801
1049,52.45,straightline,349,pure_pursuit,6.0,-91.57845306396484,37.32502746582031,0.07002680748701096,1.0007659562139994e-05,0.35,0.0,0.8874991735915124,0.006816454231735883,136,140,5.112228505956678,324.8574531120989
1050,52.5,straightline,349,pure_pursuit,6.0,-91.32268524169922,37.325374603271484,0.07003612816333771,2.4362427132759925e-06,0.35,0.0,0.8567352998198692,0.006807133555378759,137,140,5.120330829544288,324.60169280930995
1051,52.550000000000004,straightline,349,pure_pursuit,6.0,-91.06777954101562,37.325714111328125,0.07003442198038101,-3.886081863100962e-06,0.35,0.0,0.6018295288569526,0.006808839738340526,137,140,5.085129845704864,324.34679467405135
1052,52.6,straightline,349,pure_pursuit,6.0,-90.81317138671875,37.32605743408203,0.07003442198038101,-1.1770704066948812e-05,0.35,0.0,0.34722153678572243,0.006808839738340526,137,140,5.0988591866734065,324.09219405001164
1053,52.650000000000006,straightline,349,pure_pursuit,6.0,-90.55919647216797,37.32640075683594,0.06985361129045486,-1.5684677308256506e-05,0.35,0.0,0.09324893220905436,0.006989650428294117,137,140,5.068086196031418,323.8382266513221
1054,52.7,straightline,349,pure_pursuit,6.0,-90.30532836914062,37.326744079589844,0.06973670423030853,3.177084305417241e-05,0.35,0.0,0.1606248965699632,0.007106557488445278,137,141,5.085180714681215,323.58436607182534
1055,52.75,straightline,349,pure_pursuit,6.0,-90.0519790649414,37.327083587646484,0.06973670423030853,2.655852003141912e-05,0.35,0.0,0.4139731873044954,0.007106557488445278,137,141,5.05697029888319,323.33102431649553
1056,52.800000000000004,straightline,349,pure_pursuit,6.0,-89.79862213134766,37.32742691040039,0.06976398080587387,1.946574208782238e-05,0.35,0.0,0.6673300593978171,0.007079280912875752,137,141,5.075998085208645,323.0776749092537
1057,52.85,straightline,349,pure_pursuit,6.0,-89.54568481445312,37.32776641845703,0.06976398080587387,1.3356965371176424e-05,0.35,0.0,0.9202674692197229,0.007079280912875752,137,141,5.049293136783187,322.82474514822667
1058,52.900000000000006,straightline,349,pure_pursuit,6.0,-89.29266357421875,37.32810974121094,0.06985399127006531,3.5644270213479694e-06,0.35,0.0,0.8267059847991661,0.006989270448698545,138,141,5.069453832773109,322.5717314445335
1059,52.95,straightline,349,pure_pursuit,6.0,-89.04000854492188,37.328453063964844,0.06985399127006531,-4.500410479612994e-06,0.35,0.0,0.5740509054623469,0.006989270448698545,138,141,5.043569798592422,322.3190839484684
1060,53.0,straightline,349,pure_pursuit,6.0,-88.7872314453125,37.328792572021484,0.06978891789913177,-1.0516883447139629e-05,0.35,0.0,0.3212740393324989,0.007054343819593947,138,141,5.064389239497678,322.06631443458093
1061,53.050000000000004,straightline,349,pure_pursuit,6.0,-88.53482055664062,37.32913589477539,0.06978891789913177,-1.998596934525581e-05,0.35,0.0,0.06886680992669922,0.007054343819593947,138,141,5.0390134887294105,321.8139110932043
1062,53.1,straightline,349,pure_pursuit,6.0,-88.28229522705078,37.32947540283203,0.0695580393075943,3.241512294500376e-05,0.35,0.0,0.18366554263770157,0.007285222411127243,138,142,5.060246210132177,321.56139336316613
1063,53.150000000000006,straightline,349,pure_pursuit,6.0,-88.03008270263672,37.32981872558594,0.06951983273029327,2.7014388351060446e-05,0.35,0.0,0.43587723656755717,0.007323428988456723,138,142,5.035140707385763,321.30918840209114
1064,53.2,straightline,349,pure_pursuit,6.0,-87.7777328491211,37.330162048339844,0.06957358121871948,1.8753850425897954e-05,0.35,0.0,0.6882270392627425,0.00726968050004453,138,142,5.0566039610601665,321.05684613001887
1065,53.25,straightline,349,pure_pursuit,6.0,-87.52570343017578,37.330501556396484,0.06963151693344116,1.0634408462147867e-05,0.35,0.0,0.9402565522549015,0.007211744785288197,138,142,5.031727347153321,320.80482432637984
1066,53.300000000000004,straightline,349,pure_pursuit,6.0,-87.27351379394531,37.33084487915039,0.0696517676115036,2.2207265904448374e-06,0.35,0.0,0.8075561881038331,0.00719149410722201,139,142,5.053299215047023,320.55264228936784
1067,53.35,straightline,349,pure_pursuit,6.0,-87.02165222167969,37.33118438720703,0.06963794678449631,-5.093765624548894e-06,0.35,0.0,0.5556945889292952,0.007205314934266162,139,142,5.028520833216666,320.3007883499074
1068,53.400000000000006,straightline,349,pure_pursuit,6.0,-86.76961517333984,37.33152770996094,0.06957797706127167,-1.2664841367270748e-05,0.35,0.0,0.30365785415819,0.007265284657454834,139,142,5.050199002007027,320.0487589189489
1069,53.45,straightline,349,pure_pursuit,6.0,-86.51789855957031,37.331871032714844,0.06947264820337296,-1.988722709822296e-05,0.35,0.0,0.05194686212381887,0.007370613515392404,139,142,5.025444957598605,319.7970499211838
1070,53.5,straightline,349,pure_pursuit,6.0,-86.26603698730469,37.33220672607422,0.06934142112731934,3.2413331588979076e-05,0.35,0.0,0.1999238000435048,0.007501840591408306,139,143,5.047163528525738,319.54519605425025
1071,53.550000000000004,straightline,349,pure_pursuit,6.0,-86.01445770263672,37.33254623413086,0.06930937618017197,2.7256217270500065e-05,0.35,0.0,0.45150230286361837,0.0075338855385738155,139,143,5.022503159207437,319.29362443988634
1072,53.6,straightline,349,pure_pursuit,6.0,-85.76273345947266,37.3328857421875,0.06935262680053711,1.9713819421569788e-05,0.35,0.0,0.7032264871751855,0.0074906349182010026,139,143,5.044291667518865,319.04190788573055
1073,53.650000000000006,straightline,349,pure_pursuit,6.0,-85.51130676269531,37.333229064941406,0.06941121816635132,1.0399842665125581e-05,0.35,0.0,0.9546532861366942,0.007432043552401748,139,143,5.019638423608093,318.79048884219003
1074,53.7,straightline,349,pure_pursuit,6.0,-85.25972747802734,37.33357238769531,0.06941667944192886,1.9705551508990403e-06,0.35,0.0,0.7937698602674097,0.007426582276816414,140,143,5.041456205041993,318.5389172298032
1075,53.75,straightline,349,pure_pursuit,6.0,-85.00843811035156,37.333919525146484,0.06942405551671982,-8.119467842586274e-06,0.35,0.0,0.5424804902098177,0.0074192062020237565,140,143,5.017119924823654,318.2876354988793
1076,53.800000000000004,straightline,349,pure_pursuit,6.0,-84.7569808959961,37.334259033203125,0.06926564127206802,-1.2676929865575664e-05,0.35,0.0,0.29102367044074845,0.007577620446690423,140,143,5.039015233909619,318.03618601201117
1077,53.85,straightline,349,pure_pursuit,6.0,-84.5058364868164,37.334598541259766,0.0691472738981247,-1.9128084362294857e-05,0.35,0.0,0.03988751510045191,0.007695987820611366,140,143,5.014466338174245,317.7850493293404
1078,53.900000000000006,straightline,349,pure_pursuit,6.0,-84.25450897216797,37.3349494934082,0.06886135041713715,3.602677754467133e-05,0.35,0.0,0.21145197621278136,0.007981911301616795,140,144,5.036767769780023,317.53372945507056
1079,53.95,straightline,349,pure_pursuit,6.0,-84.00347137451172,37.33529281616211,0.06882678717374802,2.9713561385197824e-05,0.35,0.0,0.4624887842457748,0.008016474545009328,140,144,5.012478048092178,317.2826995688349
1080,54.0,straightline,349,pure_pursuit,6.0,-83.75227355957031,37.33562469482422,0.06855426728725433,3.168791647549342e-05,0.35,0.0,0.7136864999479609,0.008288994431461718,140,144,5.034596915876754,317.0315095916905
1081,54.050000000000004,straightline,349,pure_pursuit,6.0,-83.5013427734375,37.3359375,0.06850755959749222,3.133448579735649e-05,0.35,0.0,0.9646173102457771,0.00833570212124289,140,144,5.010413154893333,316.7805868226301
1082,54.1,straightline,349,pure_pursuit,6.0,-83.25025177001953,37.33625793457031,0.06816883385181427,3.697555485949817e-05,0.35,0.0,0.7842941516106628,0.00867442786694078,141,144,5.032534739464303,316.52950378499554
1083,54.150000000000006,straightline,349,pure_pursuit,6.0,-82.99944305419922,37.336578369140625,0.06806826591491699,3.5925066507552015e-05,0.35,0.0,0.5334854283637984,0.008774995803820764,141,144,5.008355304674574,316.2787030355844
1084,54.2,straightline,349,pure_pursuit,6.0,-82.7484359741211,37.33687210083008,0.06745040416717529,5.4923497630068306e-05,0.35,0.0,0.2824786498784685,0.009392857551572556,141,144,5.030837458888512,316.0277041934903
1085,54.25,straightline,349,pure_pursuit,6.0,-82.49772644042969,37.33717346191406,0.06697455793619156,6.832062156862919e-05,0.35,0.0,0.03177706567827842,0.009868703782541366,141,144,5.006838506155224,315.77700282664745
1086,54.300000000000004,straightline,349,pure_pursuit,6.0,-82.24681091308594,37.33747863769531,0.06634693592786789,0.00013489314518287077,0.35,0.0,0.21914914887747383,0.010496325790858362,141,145,5.029279941804717,315.5260954527134
1087,54.35,straightline,349,pure_pursuit,6.0,-81.99617004394531,37.337791442871094,0.06617949157953262,0.0001392687743933218,0.35,0.0,0.4697895166477591,0.010663770139205341,141,145,5.0051357675065615,315.27546266662233
1088,54.400000000000006,straightline,349,pure_pursuit,6.0,-81.7453384399414,37.338111877441406,0.06603900343179703,0.00014136794061193737,0.35,0.0,0.7206211210214409,0.010804258286965858,141,145,5.027573742245629,315.024639095638
1089,54.45,straightline,349,pure_pursuit,6.0,-81.49478149414062,37.33842849731445,0.06610766798257828,0.0001385270817840722,0.35,0.0,0.9711781654853585,0.010735593736156731,141,145,5.003446084389606,314.7740902196983
1090,54.5,straightline,349,pure_pursuit,6.0,-81.24400329589844,37.3387565612793,0.06637590378522873,0.00012777200660098312,0.35,0.0,0.7780457441094618,0.010467357933505641,142,145,5.026229091220331,314.5233200067121
1091,54.550000000000004,straightline,349,pure_pursuit,6.0,-80.99348449707031,37.33907699584961,0.06672756373882294,0.00011622603561971709,0.35,0.0,0.5275268581720961,0.010115697979921711,142,145,5.002171599280932,314.27280926650513
1092,54.6,straightline,349,pure_pursuit,6.0,-80.7427749633789,37.33938217163086,0.06714891642332077,0.00010642029715178106,0.35,0.0,0.27681743627185806,0.009694345295428557,142,145,5.0248814760927925,314.02210795666656
1093,54.650000000000006,straightline,349,pure_pursuit,6.0,-80.49231719970703,37.339683532714844,0.06756803393363953,9.76810134631229e-05,0.35,0.0,0.026365360940697545,0.009275227785125791,142,145,5.000837908338761,313.7716584550463
1094,54.7,straightline,349,pure_pursuit,6.0,-80.24166107177734,37.3399772644043,0.06805060803890228,0.00012670230393728506,0.35,0.0,0.22429816854245768,0.00879265367981796,142,146,5.023481407065816,313.52101068336754
1095,54.75,straightline,349,pure_pursuit,6.0,-79.98932647705078,37.34027862548828,0.06846615672111511,0.00011953322535103918,0.35,0.0,0.476632547607804,0.008377104997610173,142,146,5.133742782143476,313.2686844612309
1096,54.800000000000004,straightline,349,pure_pursuit,6.0,-79.72711944580078,37.340576171875,0.0704188197851181,7.509921293388505e-05,0.35,0.0,0.738839610352483,0.006424441933601737,142,146,5.291866698587409,313.00648629203044
1097,54.85,straightline,349,pure_pursuit,6.0,-79.46522521972656,37.340904235839844,0.06789588183164597,0.0001438373823540517,0.35,0.0,0.9992603611749569,0.008947379887113742,143,146,5.212668763186763,312.74460064096905
1098,54.900000000000006,straightline,349,pure_pursuit,6.0,-79.205078125,37.34122848510742,0.06650988757610321,0.00018272832094497096,0.35,0.0,0.7391130844462052,0.010333374142660015,143,146,5.200065116003662,312.4844620939904
1099,54.95,straightline,349,pure_pursuit,6.0,-78.94670867919922,37.3415412902832,0.06658609956502914,0.00018494301663209262,0.35,0.0,0.4807434844976696,0.010257162153708217,143,146,5.148650026190353,312.22610123924443
1100,55.0,straightline,349,pure_pursuit,6.0,-78.6893081665039,37.341854095458984,0.06728723645210266,0.00017053977941959005,0.35,0.0,0.22334289944969238,0.009556025266656634,143,146,5.150208847231288,311.96870928874444
1101,55.050000000000004,straightline,349,pure_pursuit,6.0,-78.4330825805664,37.342166900634766,0.068148672580719,0.0001718157652859912,0.35,0.0,0.03288460413946733,0.008694589138037317,143,147,5.1100452333366855,311.71249222675084
1102,55.1,straightline,349,pure_pursuit,6.0,-78.17733764648438,37.34247589111328,0.06908659636974335,0.0001515511343779061,0.35,0.0,0.2886283877325014,0.00775666534901885,143,147,5.120174561770095,311.4567558455171
1103,55.150000000000006,straightline,349,pure_pursuit,6.0,-77.92239379882812,37.34278869628906,0.06998147070407867,0.00013176371125730337,0.35,0.0,0.5435723493971794,0.006861791014666035,143,147,5.0867462983549885,311.2018204928506
1104,55.2,straightline,349,pure_pursuit,6.0,-77.66764831542969,37.343101501464844,0.07080535590648651,0.00011410276612917297,0.35,0.0,0.7983179967994075,0.006037905812231497,143,147,5.101971046376923,310.94708350974975
1105,55.25,straightline,349,pure_pursuit,6.0,-77.41346740722656,37.343406677246094,0.07147353142499924,0.00010242489011598573,0.35,0.0,0.9475027599646432,0.005369730293758903,144,147,5.072762537840776,310.69291116309796
1106,55.300000000000004,straightline,349,pure_pursuit,6.0,-77.15934753417969,37.34370803833008,0.07216180860996246,9.152971732515867e-05,0.35,0.0,0.6933827084826079,0.004681453108802281,144,147,5.091033120426237,310.43879989942604
1107,55.35,straightline,349,pure_pursuit,6.0,-76.90565490722656,37.34402847290039,0.07275762408971786,7.9029238113143e-05,0.35,0.0,0.4396898825299352,0.0040856376290480945,144,147,5.064215292392531,310.1851156954799
1108,55.400000000000006,straightline,349,pure_pursuit,6.0,-76.65190887451172,37.34434127807617,0.0733005702495575,7.011836526875283e-05,0.35,0.0,0.1859436661234803,0.003542691469188163,144,147,5.084541873666225,309.93137817493795
1109,55.45,straightline,349,pure_pursuit,6.0,-76.39852142333984,37.344661712646484,0.07372385263442993,6.781323037338676e-05,0.35,0.0,0.06744405651491717,0.003119409084309114,144,148,5.059242831619552,309.6779991612565
1110,55.5,straightline,349,pure_pursuit,6.0,-76.14500427246094,37.345001220703125,0.07436893880367279,5.020319738639877e-05,0.35,0.0,0.3209613995319578,0.0024743229150619066,144,148,5.0805843859619895,309.4244902860894
1111,55.550000000000004,straightline,349,pure_pursuit,6.0,-75.89181518554688,37.345340728759766,0.07490947842597961,3.526341854595419e-05,0.35,0.0,0.574150710003859,0.0019337832927423786,144,148,5.055989611540142,309.1713094739045
1112,55.6,straightline,349,pure_pursuit,6.0,-75.6384506225586,37.345672607421875,0.07544291764497757,2.2150829776004607e-05,0.35,0.0,0.8275154879578128,0.0014003440737681578,144,148,5.077785867394395,308.91795328040905
1113,55.650000000000006,straightline,349,pure_pursuit,6.0,-75.3853759765625,37.34600067138672,0.07585714012384415,1.3055884520441948e-05,0.35,0.0,0.9194114562931023,0.0009861215948756756,145,148,5.053462755224167,308.664887041215
1114,55.7,straightline,349,pure_pursuit,6.0,-75.13213348388672,37.34632873535156,0.07629325985908508,3.5764584457965294e-06,0.35,0.0,0.6661687511753154,0.0005500018596695247,145,148,5.075643419251796,308.41165297715656
1115,55.75,straightline,349,pure_pursuit,6.0,-74.87916564941406,37.346656799316406,0.07662872970104218,-3.136515220324515e-06,0.35,0.0,0.413200704109972,0.0002145320177237236,145,148,5.051609985610157,308.15869357293514
1116,55.800000000000004,straightline,349,pure_pursuit,6.0,-74.62600708007812,37.34698486328125,0.0769801214337349,-1.0027437793746345e-05,0.35,0.0,0.16004192273912923,-0.00013685971500214115,145,148,5.074050868721726,307.90554345679226
1117,55.85,straightline,349,pure_pursuit,6.0,-74.37310028076172,37.34730529785156,0.07715954631567001,-9.895640599015207e-06,0.35,0.0,0.09286508080675195,-0.0003162845969261403,145,149,5.050332190011103,307.65264518646694
1118,55.900000000000006,straightline,349,pure_pursuit,6.0,-74.11998748779297,37.34762954711914,0.07731770724058151,-1.1123855136148634e-05,0.35,0.0,0.34597808101066185,-0.0004744455218624248,145,149,5.072970947210154,307.39954090975243
1119,55.95,straightline,349,pure_pursuit,6.0,-73.86711883544922,37.34796142578125,0.07748955488204956,-1.415532650238534e-05,0.35,0.0,0.5988469511421697,-0.0006462931632866076,145,149,5.049264230158962,307.14668070361085
1120,56.0,straightline,349,pure_pursuit,6.0,-73.61402130126953,37.348289489746094,0.0773966908454895,-9.136926062394563e-06,0.35,0.0,0.8519446979164517,-0.0005534291267716302,145,149,5.072407664444524,306.8935916770824
1121,56.050000000000004,straightline,349,pure_pursuit,6.0,-73.36116790771484,37.3486213684082,0.07733810693025589,-5.764176025223348e-06,0.35,0.0,0.8952034899340235,-0.0004948452115107717,146,149,5.048635727108408,306.64074675765676
1122,56.1,straightline,349,pure_pursuit,6.0,-73.10807037353516,37.34897232055664,0.07736512273550034,-8.848062174480813e-06,0.35,0.0,0.6421057124407049,-0.0005218610167606306,146,149,5.0718578124720155,306.3876575398587
1123,56.150000000000006,straightline,349,pure_pursuit,6.0,-72.85521697998047,37.34931945800781,0.0772930383682251,-8.64270574088216e-06,0.35,0.0,0.38925208060315264,-0.00044977664948957295,146,149,5.048356649609908,306.13481250224066
1124,56.2,straightline,349,pure_pursuit,6.0,-72.6021499633789,37.34966278076172,0.07722766697406769,-7.736617427322126e-06,0.35,0.0,0.13618483134671341,-0.000384405255328075,146,149,5.071222165430586,305.8817539024127
1125,56.25,straightline,349,pure_pursuit,6.0,-72.34931945800781,37.350006103515625,0.077175073325634,-7.829318623334203e-06,0.35,0.0,0.11664590786289995,-0.0003318116068811711,146,150,5.047757945383284,305.6289318171615
1126,56.300000000000004,straightline,349,pure_pursuit,6.0,-72.09628295898438,37.35034942626953,0.07713030278682709,-7.394214106031904e-06,0.35,0.0,0.3696826395338995,-0.0002870410680751795,146,150,5.070640742554277,305.37590376216104
1127,56.35,straightline,349,pure_pursuit,6.0,-71.84349060058594,37.35068893432617,0.07713030278682709,-7.482811009941697e-06,0.35,0.0,0.6224752259065833,-0.0002870410680751795,146,150,5.047198183441512,305.1231198876186
1128,56.400000000000006,straightline,349,pure_pursuit,6.0,-71.59046936035156,37.35103225708008,0.07704383879899979,-6.024236353032685e-06,0.35,0.0,0.8754966990275768,-0.0002005770802759833,146,150,5.0701634816432755,304.8701071195243
1129,56.45,straightline,349,pure_pursuit,6.0,-71.33769989013672,37.351375579833984,0.07704383879899979,-7.008773978419977e-06,0.35,0.0,0.8717277661883327,-0.0002005770802759833,147,150,5.046768830844963,304.6173461241578
1130,56.5,straightline,349,pure_pursuit,6.0,-71.08470916748047,37.35171890258789,0.07695699483156204,-5.6842604049898095e-06,0.35,0.0,0.6187368106671494,-0.00011373311283032567,147,150,5.069660082799335,304.3643639011562
1131,56.550000000000004,straightline,349,pure_pursuit,6.0,-70.83197021484375,37.35205841064453,0.07692239433526993,-4.997042159125472e-06,0.35,0.0,0.365997630064876,-7.91326165422535e-05,147,150,5.046169207156907,304.111633487828
1132,56.6,straightline,349,pure_pursuit,6.0,-70.57901000976562,37.35240173339844,0.07689495384693146,-5.39961498591219e-06,0.35,0.0,0.11303719279572476,-5.16921282119965e-05,147,150,5.069174844312549,303.8586818100779
1133,56.650000000000006,straightline,349,pure_pursuit,6.0,-70.32628631591797,37.352745056152344,0.0768607035279274,-4.55999159290986e-06,0.35,0.0,0.13968673636040516,-1.744180916235397e-05,147,151,5.045724879996825,303.6059666470522
1134,56.7,straightline,349,pure_pursuit,6.0,-70.0733413696289,37.353084564208984,0.07682543992996216,-3.8092489356550585e-06,0.35,0.0,0.3926319097073046,1.7821788757926545e-05,147,151,5.068728195134474,303.3530302935802
1135,56.75,straightline,349,pure_pursuit,6.0,-69.82064819335938,37.35342788696289,0.0768076628446579,-4.400329325416315e-06,0.35,0.0,0.6453253191328343,3.559887408191643e-05,147,151,5.045337423234087,303.10034567597853
1136,56.800000000000004,straightline,349,pure_pursuit,6.0,-69.5677261352539,37.3537712097168,0.076785147190094,-4.875011602674206e-06,0.35,0.0,0.8982476102196674,5.811452864474595e-05,147,151,5.068329377337873,302.8474322020043
1137,56.85,straightline,349,pure_pursuit,6.0,-69.31504821777344,37.3541145324707,0.07676342129707336,-5.522932907711239e-06,0.35,0.0,0.8490760380583087,7.98404216592874e-05,148,151,5.04490421820175,302.59476287186646
1138,56.900000000000006,straightline,349,pure_pursuit,6.0,-69.06214141845703,37.354454040527344,0.07673604786396027,-5.159876426459265e-06,0.35,0.0,0.59616901114149,0.00010721385478775054,148,151,5.0679280566718266,302.34186472255567
1139,56.95,straightline,349,pure_pursuit,6.0,-68.80948638916016,37.35479736328125,0.07669204473495483,-5.382413989739196e-06,0.35,0.0,0.34351374974047605,0.00015121698376242238,148,151,5.044499023749685,302.08921830908304
1140,57.0,straightline,349,pure_pursuit,6.0,-68.55660247802734,37.35513687133789,0.07667429000139236,-5.38717596778686e-06,0.35,0.0,0.09062961649337926,0.00016897171736944395,148,151,5.067513602710663,301.83634307659327
1141,57.050000000000004,straightline,349,pure_pursuit,6.0,-68.30397033691406,37.3554801940918,0.07664983719587326,-3.5238578507560616e-06,0.35,0.0,0.16200277115232836,0.000193424522856565,148,152,5.044116070137465,301.58371957992523
1142,57.1,straightline,349,pure_pursuit,6.0,-68.05110931396484,37.3558235168457,0.07662583142518997,-4.017820419574659e-06,0.35,0.0,0.41486402424899826,0.00021743029354631964,148,152,5.067044714399631,301.3308672271925
1143,57.150000000000006,straightline,349,pure_pursuit,6.0,-67.79850006103516,37.356163024902344,0.07660123705863953,-3.849418236409578e-06,0.35,0.0,0.6674735043992739,0.00024202466007720302,148,152,5.043622983414817,301.07826668467357
1144,57.2,straightline,349,pure_pursuit,6.0,-67.54566955566406,37.35650634765625,0.07656137645244598,-4.068258148696479e-06,0.35,0.0,0.920304242607497,0.0002818852662943386,148,152,5.066601880997439,300.82544487802
1145,57.25,straightline,349,pure_pursuit,6.0,-67.29307556152344,37.35684585571289,0.07654284685850143,-4.167687572457085e-06,0.35,0.0,0.827103336111567,0.00028515607118606226,149,152,5.043242449557943,300.5728596236103
1146,57.300000000000004,straightline,349,pure_pursuit,6.0,-67.0402603149414,37.3571891784668,0.07652721554040909,-5.2080303960625285e-06,0.35,0.0,0.5742878575917695,0.0003007873892784072,149,152,5.06625783313749,300.3200531051165
1147,57.35,straightline,349,pure_pursuit,6.0,-66.78768920898438,37.3575325012207,0.07649464905261993,-5.991872570698994e-06,0.35,0.0,0.32171652138825474,0.00033335387706757194,149,152,5.042900864121772,300.06749073065174
1148,57.400000000000006,straightline,349,pure_pursuit,6.0,-66.5348892211914,37.357872009277344,0.07646352052688599,-5.914571407566422e-06,0.35,0.0,0.06891632755768962,0.0003644824028015125,149,152,5.065859868027001,299.81469953780197
1149,57.45,straightline,349,pure_pursuit,6.0,-66.28234100341797,37.35820770263672,0.07644014805555344,-1.2338144943254212e-06,0.35,0.0,0.18363215055657792,0.0003878548741340664,149,153,5.042462134648967,299.5621601554974
1150,57.5,straightline,349,pure_pursuit,6.0,-66.02955627441406,37.358551025390625,0.07641448080539703,-1.81763105753912e-06,0.35,0.0,0.43641710779839615,0.00041352212429046295,149,153,5.0654885483634216,299.3093842137873
1151,57.550000000000004,straightline,349,pure_pursuit,6.0,-65.77702331542969,37.35889434814453,0.07641125470399857,-3.157647957479771e-06,0.35,0.0,0.6889502988803455,0.0004167482256889376,149,153,5.042116052000976,299.0568600452144
1152,57.6,straightline,349,pure_pursuit,6.0,-65.5242691040039,37.35923385620117,0.07639060169458389,-3.2455061329949858e-06,0.35,0.0,0.941704737466572,0.000437401235103609,149,153,5.0650847782571145,298.8041146876044
1153,57.650000000000006,straightline,349,pure_pursuit,6.0,-65.2717514038086,37.35957336425781,0.07636692374944687,-3.370789431082077e-06,0.35,0.0,0.8057791375300979,0.00046107918024063105,150,153,5.041705779070338,298.55160584517233
1154,57.7,straightline,349,pure_pursuit,6.0,-65.01901245117188,37.35990905761719,0.07634959369897842,-2.7656265455007433e-06,0.35,0.0,0.5530399629550101,0.00047840923070907273,150,153,5.064711325763521,298.2988758139195
1155,57.75,straightline,349,pure_pursuit,6.0,-64.76651763916016,37.36024475097656,0.0763394758105278,-2.4201043366161055e-06,0.35,0.0,0.30054493053080483,0.0004885271191597016,150,153,5.041271999929662,298.046389926967
1156,57.800000000000004,straightline,349,pure_pursuit,6.0,-64.51380157470703,37.36058044433594,0.07631520926952362,-1.6165742789269761e-06,0.35,0.0,0.04782867446853168,0.0005127936601638808,150,153,5.064260140201896,297.79368281382534
1157,57.85,straightline,349,pure_pursuit,6.0,-64.2613296508789,37.36091613769531,0.07630976289510727,1.7526136287076218e-06,0.35,0.0,0.20464351862241312,0.0005182400345802345,150,154,5.040872956041186,297.541219845025
1158,57.900000000000006,straightline,349,pure_pursuit,6.0,-64.00862884521484,37.36125183105469,0.07628636807203293,2.611036629905168e-06,0.35,0.0,0.4573445423934038,0.0005416348576545675,150,154,5.063886982910876,297.28852802112
1159,57.95,straightline,349,pure_pursuit,6.0,-63.75617599487305,37.36159133911133,0.07630781829357147,1.421078079221351e-06,0.35,0.0,0.7097976199541765,0.000520184636116026,150,154,5.040498107604888,297.03608411844203
1160,58.0,straightline,349,pure_pursuit,6.0,-63.50349426269531,37.361934661865234,0.07632032781839371,-3.367830664957847e-07,0.35,0.0,0.9624795850342143,0.0005076751112937868,150,154,5.063498886334035,296.7834113230181
1161,58.050000000000004,straightline,349,pure_pursuit,6.0,-63.25105667114258,37.362274169921875,0.07631521672010422,-9.450050812997585e-07,0.35,0.0,0.7850805825571662,0.0005127862095832794,151,154,5.040128340660291,296.5309827096325
1162,58.1,straightline,349,pure_pursuit,6.0,-62.99839782714844,37.36260986328125,0.07631663978099823,-8.239130949299093e-07,0.35,0.0,0.5324215163492639,0.0005113631486892705,151,154,5.063164231983112,296.2783329080791
1163,58.150000000000006,straightline,349,pure_pursuit,6.0,-62.74597930908203,37.362945556640625,0.07632649689912796,-9.92787206634315e-07,0.35,0.0,0.28000277734651385,0.0005015060305595389,151,154,5.039758049704297,296.02592343648354
1164,58.2,straightline,349,pure_pursuit,6.0,-62.49333953857422,37.36328125,0.07629751414060593,-4.337808853012256e-08,0.35,0.0,0.027362827740834712,0.0005304887890815764,151,154,5.062751375218688,295.7732927391346
1165,58.25,straightline,349,pure_pursuit,6.0,-62.24094009399414,37.363616943359375,0.07630462944507599,4.2330616285563765e-06,0.35,0.0,0.2250368947543991,0.0005233734846115065,151,155,5.03940628105208,295.5209023717869
1166,58.300000000000004,straightline,349,pure_pursuit,6.0,-61.988319396972656,37.36396026611328,0.07631795853376389,2.6201973934246723e-06,0.35,0.0,0.4776578226792462,0.0005100443959236179,151,155,5.062445196460141,295.2682907030709
1167,58.35,straightline,349,pure_pursuit,6.0,-61.73593521118164,37.36429977416992,0.07633386552333832,1.5866622369142685e-06,0.35,0.0,0.7300422358555055,0.0004941374063491853,151,155,5.039049824977351,295.0159155876696
1168,58.400000000000006,straightline,349,pure_pursuit,6.0,-61.48332977294922,37.36464309692383,0.07633126527070999,2.3646009586223074e-07,0.35,0.0,0.9826479070931902,0.0004967376589775085,151,155,5.062047591586559,294.76331920876237
1169,58.45,straightline,349,pure_pursuit,6.0,-61.230960845947266,37.364986419677734,0.07633539289236069,-1.4702859030914134e-06,0.35,0.0,0.7649809201674937,0.0004926100373268073,152,155,5.0387042229424415,294.510959345324
1170,58.5,straightline,349,pure_pursuit,6.0,-60.97837448120117,37.36532211303711,0.07634444534778595,-1.574299488634125e-06,0.35,0.0,0.5123943333371576,0.00048355758190154726,152,155,5.061734285707194,294.258382146813
1171,58.550000000000004,straightline,349,pure_pursuit,6.0,-60.72602462768555,37.365657806396484,0.07633589208126068,-1.2746027941937042e-06,0.35,0.0,0.26004425951112686,0.0004921108484268165,152,155,5.03835557544086,294.0060414639282
1172,58.6,straightline,349,pure_pursuit,6.0,-60.47344970703125,37.36599349975586,0.07632282376289368,-7.722700253293256e-07,0.35,0.0,0.007469317519650473,0.00050517916679382,152,155,5.061378339824104,293.7534757412299
1173,58.650000000000006,straightline,349,pure_pursuit,6.0,-60.22112274169922,37.366329193115234,0.07632751017808914,2.069388220233551e-06,0.35,0.0,0.24485808523610195,0.0005004927515983545,152,156,5.038002052094319,293.5011579777267
1174,58.7,straightline,349,pure_pursuit,6.0,-59.96856689453125,37.36666488647461,0.07633283734321594,2.1503878010047242e-06,0.35,0.0,0.497414152250816,0.0004951655864715599,152,156,5.0610311639816405,293.2486113600163
1175,58.75,straightline,349,pure_pursuit,6.0,-59.71625518798828,37.367000579833984,0.07632847130298615,2.436789519385682e-06,0.35,0.0,0.7497260810717041,0.0004995316267013545,152,156,5.037672647318521,292.99630888703825
1176,58.800000000000004,straightline,349,pure_pursuit,6.0,-59.463714599609375,37.36734390258789,0.07633699476718903,7.925859296944708e-07,0.35,0.0,0.9977348980237484,0.0004910081624984782,153,156,5.060731099242908,292.7437774836783
1177,58.85,straightline,349,pure_pursuit,6.0,-59.2114143371582,37.36768341064453,0.07634621113538742,-1.8463947676714694e-07,0.35,0.0,0.7454344076950506,0.0004817917943000759,153,156,5.037343197889267,292.49148644864994
1178,58.900000000000006,straightline,349,pure_pursuit,6.0,-58.95889663696289,37.36802291870117,0.07633975148200989,-7.325347500857235e-07,0.35,0.0,0.4929164803516115,0.000488251447677614,153,156,5.060381391884988,292.238978003108
1179,58.95,straightline,349,pure_pursuit,6.0,-58.70661163330078,37.36835479736328,0.07629597187042236,1.4485312610811013e-06,0.35,0.0,0.2406312602640729,0.0005320310592651322,153,156,5.0366556821032304,291.9867023352765
1180,59.0,straightline,349,pure_pursuit,6.0,-58.45410919189453,37.36867904663086,0.07646288722753525,1.3657397630351126e-05,0.35,0.0,0.011871441470481267,0.00036511570215225274,153,157,5.059619029753409,291.73420933368106
1181,59.050000000000004,straightline,349,pure_pursuit,6.0,-58.20185852050781,37.36901092529297,0.07659914344549179,1.1410014209532305e-05,0.35,0.0,0.2641222847543417,0.0002288594841957035,153,157,5.036121858859033,291.48196802956056
1182,59.1,straightline,349,pure_pursuit,6.0,-57.94938659667969,37.36935806274414,0.0768042728304863,4.3622869318017004e-06,0.35,0.0,0.5165944469211772,2.3730099201206462e-05,153,157,5.058978510869987,291.2295053474963
1183,59.150000000000006,straightline,349,pure_pursuit,6.0,-57.69715118408203,37.369712829589844,0.07690535485744476,-1.701713144207539e-06,0.35,0.0,0.7688301090056047,-7.73519277572659e-05,153,157,5.036087645124622,290.97727910447276
1184,59.2,straightline,349,pure_pursuit,6.0,-57.44468688964844,37.37006759643555,0.07693393528461456,-6.008904245259037e-06,0.35,0.0,0.9787071451066864,-0.00010593235492706765,154,157,5.059107038966696,290.7248240075383
1185,59.25,straightline,349,pure_pursuit,6.0,-57.192474365234375,37.37040710449219,0.07682999223470688,-3.655726772651081e-06,0.35,0.0,0.7264943932537863,-1.9893050193745875e-06,154,157,5.035779131898412,290.4726208378988
1186,59.300000000000004,straightline,349,pure_pursuit,6.0,-56.94002914428711,37.37075424194336,0.0768774226307869,-7.100606422139934e-06,0.35,0.0,0.4740489372050517,-4.941970109939462e-05,154,157,5.058794388578736,290.2201849233276
1187,59.35,straightline,349,pure_pursuit,6.0,-56.68783950805664,37.37111282348633,0.07714021950960159,-1.9362821306411324e-05,0.35,0.0,0.2218590635723465,-0.0003122165799140874,154,157,5.034940701700518,289.96800448171916
1188,59.400000000000006,straightline,349,pure_pursuit,6.0,-56.43541717529297,37.37146759033203,0.07738322019577026,0.0007504444930309951,0.35,0.0,0.03056377442976539,-0.0005552172660827646,154,158,5.057923381206296,289.7155914103631
1189,59.45,straightline,349,pure_pursuit,6.0,-56.183250427246094,37.371849060058594,0.07950782775878906,0.0007103047570137435,0.35,0.0,0.2827306214518821,-0.0026798248291015655,154,158,5.034387946086217,289.4634336576527
1190,59.5,straightline,349,pure_pursuit,6.0,-55.93086242675781,37.37226104736328,0.08297478407621384,0.0006292939570475557,0.35,0.0,0.5351189528341196,-0.006146781146526343,154,158,5.057504781495153,289.21105437161356
1191,59.550000000000004,straightline,349,pure_pursuit,6.0,-55.67871856689453,37.372676849365234,0.08642261475324631,0.0005486886038622692,0.35,0.0,0.7872631540214405,-0.009594611823558814,154,158,5.034315548531596,288.95891919095254
1192,59.6,straightline,349,pure_pursuit,6.0,-55.42637252807617,37.373111724853516,0.08938933163881302,0.0004776103424273428,0.35,0.0,0.9603885878597532,-0.01256132870912552,155,158,5.057073368628797,288.70658166443434
1193,59.650000000000006,straightline,349,pure_pursuit,6.0,-55.17427062988281,37.373558044433594,0.09197228401899338,0.00041464576031624215,0.35,0.0,0.7082864189033797,-0.01514428108930588,155,158,5.033744487981245,288.45448816568006
1194,59.7,straightline,349,pure_pursuit,6.0,-54.92194747924805,37.374027252197266,0.0941295400261879,0.0003581442141737065,0.35,0.0,0.45596313605816935,-0.017301537096500397,155,158,5.056948232668318,288.202173209283
1195,59.75,straightline,349,pure_pursuit,6.0,-54.66984558105469,37.37450408935547,0.09619682282209396,0.0003021308605394713,0.35,0.0,0.20386187743411738,-0.019368819892406464,155,158,5.03349869805041,287.9500794317039
1196,59.800000000000004,straightline,349,pure_pursuit,6.0,-54.41751480102539,37.37498092651367,0.0979580208659172,0.0010984112220862525,0.35,0.0,0.048479612209241886,-0.02113001793622971,155,159,5.056577408162592,287.69775679909736
1197,59.85,straightline,349,pure_pursuit,6.0,-54.16542434692383,37.37548828125,0.10152816772460938,0.0010241348954355962,0.35,0.0,0.30056371743429633,-0.024700164794921882,155,159,5.033201414822495,287.4456741851962
1198,59.900000000000006,straightline,349,pure_pursuit,6.0,-53.91311264038086,37.376041412353516,0.10648170113563538,0.0009050594203360827,0.35,0.0,0.5528754991111545,-0.029653698205947873,155,159,5.056018443125733,287.19336987973224
1199,59.95,straightline,349,pure_pursuit,6.0,-53.66106414794922,37.37663269042969,0.11135993897914886,0.0007806229802598538,0.35,0.0,0.8049245251421926,-0.03453193604946136,155,159,5.032690673895936,286.94132840091635
1200,60.0,straightline,349,pure_pursuit,6.0,-53.40879440307617,37.37723159790039,0.11583546549081802,0.0006657692908605419,0.35,0.0,0.9428102253570898,-0.039007462561130524,156,159,5.055600193488865,286.68906561702835
1201,60.050000000000004,straightline,349,pure_pursuit,6.0,-53.15677261352539,37.37783432006836,0.11965768784284592,0.0005676611392774582,0.35,0.0,0.6907892488590822,-0.04282968491315841,156,159,5.0322309062592705,286.43705075027424
1202,60.1,straightline,349,pure_pursuit,6.0,-52.90451431274414,37.37843704223633,0.1229805275797844,0.0004833098583993808,0.35,0.0,0.43853352499340303,-0.046152524650096886,156,159,5.055542573400073,286.1847993980311
1203,60.150000000000006,straightline,349,pure_pursuit,6.0,-52.652488708496094,37.379032135009766,0.12592467665672302,0.00041116133414484564,0.35,0.0,0.18651931139304326,-0.04909667372703552,156,159,5.032112025596975,285.93278082155
1204,60.2,straightline,349,pure_pursuit,6.0,-52.40022277832031,37.379638671875,0.12848523259162903,0.0009623814508975429,0.35,0.0,0.0658285016201233,-0.05165722966194153,156,160,5.055231199311574,285.6805218285188
1205,60.25,straightline,349,pure_pursuit,6.0,-52.14820861816406,37.38027572631836,0.13210619986057281,0.0008831874155484747,0.35,0.0,0.3177961728234902,-0.055278196930885315,156,160,5.031871543253739,285.42851429433125
1206,60.300000000000004,straightline,349,pure_pursuit,6.0,-51.89595413208008,37.38094711303711,0.13662844896316528,0.0007741869800368756,0.35,0.0,0.5700462521451796,-0.05980044603347778,156,160,5.054895656103889,285.1762661091125
1207,60.35,straightline,349,pure_pursuit,6.0,-51.64395523071289,37.38164138793945,0.14101572334766388,0.0006645457394275309,0.35,0.0,0.8220441413071216,-0.0641877204179764,156,160,5.031527366728595,284.9242732739858
1208,60.400000000000006,straightline,349,pure_pursuit,6.0,-51.3917236328125,37.38233947753906,0.1450120359659195,0.0005651715882225977,0.35,0.0,0.9192818838753629,-0.04468549787998198,157,160,5.05461340962222,284.67204772791064
1209,60.45,straightline,349,pure_pursuit,6.0,-51.13972854614258,37.38304901123047,0.14848259091377258,0.00047756967467039486,0.35,0.0,0.6672920698575091,-0.04815605282783508,157,160,5.0312829070885945,284.4200585759668
1210,60.5,straightline,349,pure_pursuit,6.0,-50.887508392333984,37.38376235961914,0.15147119760513306,0.00040245352026965564,0.35,0.0,0.4150848518560611,-0.05114465951919555,157,160,5.054353565558749,284.16784434191374
1211,60.550000000000004,straightline,349,pure_pursuit,6.0,-50.635536193847656,37.384483337402344,0.15399737656116486,0.0003379632929434823,0.35,0.0,0.16316888682898356,-0.053670838475227356,157,160,5.030948692102802,283.91587798426474
1212,60.6,straightline,349,pure_pursuit,6.0,-50.38332748413086,37.38520050048828,0.1561242789030075,0.0007321547705403576,0.35,0.0,0.0893073867846979,-0.05579774081707001,157,161,5.054065418862358,283.66367517916103
1213,60.650000000000006,straightline,349,pure_pursuit,6.0,-50.13136672973633,37.38594436645508,0.15899242460727692,0.0006683866818448643,0.35,0.0,0.3411424487457511,-0.05866588652133942,157,161,5.030692906720114,283.4117200545859
1214,60.7,straightline,349,pure_pursuit,6.0,-49.87916946411133,37.386714935302734,0.16243982315063477,0.0005846636156517674,0.35,0.0,0.5933220447203078,-0.062113285064697266,157,161,5.053764557030372,283.1595281689965
1215,60.75,straightline,349,pure_pursuit,6.0,-49.627220153808594,37.38749313354492,0.16576968133449554,0.0005028474240168033,0.35,0.0,0.845265012585579,-0.06544314324855804,157,161,5.030421321838087,282.9075841589284
1216,60.800000000000004,straightline,349,pure_pursuit,6.0,-49.375038146972656,37.38828659057617,0.16880333423614502,0.0004262139609469369,0.35,0.0,0.8662023386389358,0.0638474225997925,158,161,5.053500766138006,282.6554073193232
1217,60.85,straightline,349,pure_pursuit,6.0,-49.12310028076172,37.38908004760742,0.1714201122522354,0.00036084025970663946,0.35,0.0,0.6142690196463815,0.06123064458370209,158,161,5.030123656671876,282.4034746188783
1218,60.900000000000006,straightline,349,pure_pursuit,6.0,-48.87092971801758,37.3898811340332,0.1736679971218109,0.00030400106786252905,0.35,0.0,0.36211115817111394,0.05898275971412659,158,161,5.05321339921792,282.1513091671434
1219,60.95,straightline,349,pure_pursuit,6.0,-48.6190071105957,37.39068603515625,0.17557097971439362,0.00025546122645047915,0.35,0.0,0.1102652693005327,0.057079777121543884,158,161,5.029848413513122,281.8993916296974
1220,61.0,straightline,349,pure_pursuit,6.0,-48.366859436035156,37.39149475097656,0.17717231810092926,0.0005356874092057789,0.35,0.0,0.14208295043875907,0.055478438735008254,158,162,5.052930013245658,281.64724900911875
1221,61.050000000000004,straightline,349,pure_pursuit,6.0,-48.11494445800781,37.39231491088867,0.1792636513710022,0.0004893894680969074,0.35,0.0,0.39394375324664693,0.0533871054649353,158,162,5.029555086223934,281.39533896604155
1222,61.1,straightline,349,pure_pursuit,6.0,-47.86281204223633,37.39315414428711,0.18179497122764587,0.000428200751858529,0.35,0.0,0.6460654905982696,0.05085578560829164,158,162,5.052641266723919,281.1432113111909
1223,61.150000000000006,straightline,349,pure_pursuit,6.0,-47.61091613769531,37.394004821777344,0.18424686789512634,0.00036694033526229065,0.35,0.0,0.897957606160408,0.04840388894081116,158,162,5.029294414114412,280.8913200478354
1224,61.2,straightline,349,pure_pursuit,6.0,-47.35879135131836,37.394859313964844,0.18645718693733215,0.0003117509577636512,0.35,0.0,0.8499377041373347,0.04619356989860534,159,162,5.05233898731785,280.63919988635644
1225,61.25,straightline,349,pure_pursuit,6.0,-47.10691833496094,37.395721435546875,0.18837235867977142,0.0002627504829432977,0.35,0.0,0.5980663886530135,0.04427839815616607,159,162,5.028956836091186,280.387331413481
1226,61.300000000000004,straightline,349,pure_pursuit,6.0,-46.85481262207031,37.39658737182617,0.19001847505569458,0.000220364659292647,0.35,0.0,0.34596703045695526,0.04263228178024292,159,162,5.052013849501307,280.13523022788405
1227,61.35,straightline,349,pure_pursuit,6.0,-46.60295867919922,37.3974494934082,0.19140133261680603,0.00018586194697440758,0.35,0.0,0.09416127100307198,0.041249424219131484,159,162,5.028642771248848,279.8833808491401
1228,61.400000000000006,straightline,349,pure_pursuit,6.0,-46.350868225097656,37.3983154296875,0.19258874654769897,0.00038876035533681735,0.35,0.0,0.15803959520990307,0.040062010288238546,159,163,5.051689606268102,279.6312949432206
1229,61.45,straightline,349,pure_pursuit,6.0,-46.09902572631836,37.399192810058594,0.19411322474479675,0.0003547953700414571,0.35,0.0,0.40985874508278275,0.03853753209114076,159,163,5.0283414146501295,279.3794568715926
1230,61.5,straightline,349,pure_pursuit,6.0,-45.84695053100586,37.40008544921875,0.1959511637687683,0.00030992902196670143,0.35,0.0,0.6619296541210998,0.036699593067169196,159,163,5.051397430475588,279.1273859684555
1231,61.550000000000004,straightline,349,pure_pursuit,6.0,-45.59512710571289,37.40098190307617,0.1977233737707138,0.00026609106468528494,0.35,0.0,0.9137520644470544,0.034927383065223694,159,163,5.027995307947438,278.8755667928184
1232,61.6,straightline,349,pure_pursuit,6.0,-45.34306716918945,37.40188217163086,0.19933268427848816,0.00022618817248007967,0.35,0.0,0.8341981055118511,0.03331807255744934,160,163,5.051085912531452,278.6235110896588
1233,61.650000000000006,straightline,349,pure_pursuit,6.0,-45.09125900268555,37.40279006958008,0.20072472095489502,0.00019032694470449778,0.35,0.0,0.5823900330470021,0.03192603588104249,160,163,5.0276862935933435,278.37170707425264
1234,61.7,straightline,349,pure_pursuit,6.0,-44.83921432495117,37.4036979675293,0.20192646980285645,0.0001598474212986316,0.35,0.0,0.33034808811877475,0.03072428703308106,160,163,5.0508072806176525,278.11966657087413
1235,61.75,straightline,349,pure_pursuit,6.0,-44.58740997314453,37.40460968017578,0.2029140591621399,0.0001340306533565217,0.35,0.0,0.07857459099871889,0.029736697673797618,160,163,5.027434277368247,277.8678663512876
1236,61.800000000000004,straightline,349,pure_pursuit,6.0,-44.33538818359375,37.405517578125,0.20377491414546967,0.00028087257792522015,0.35,0.0,0.17351071962545894,0.028875842690467838,160,164,5.050534631933212,277.6158487559214
1237,61.85,straightline,349,pure_pursuit,6.0,-44.08360290527344,37.406436920166016,0.20487642288208008,0.00025602400054516286,0.35,0.0,0.42528633256616993,0.027774333953857432,160,164,5.027170810828644,277.3640675503877
1238,61.900000000000006,straightline,349,pure_pursuit,6.0,-43.83158493041992,37.40736389160156,0.20620444416999817,0.00022403628928947586,0.35,0.0,0.6773031293405967,0.026446312665939352,160,164,5.050239394380381,277.11205359191064
1239,61.95,straightline,349,pure_pursuit,6.0,-43.57981872558594,37.40829849243164,0.2074892520904541,0.00019159272518568763,0.35,0.0,0.9290697740817988,0.02516150474548341,160,164,5.026862926345498,276.8602913206474
1240,62.0,straightline,349,pure_pursuit,6.0,-43.327816009521484,37.40923309326172,0.2086508423089981,0.00016276783182812526,0.35,0.0,0.8189324555848,0.023999914526939396,161,164,5.049953573312308,276.6082925613402
1241,62.050000000000004,straightline,349,pure_pursuit,6.0,-43.07605743408203,37.41017150878906,0.20965121686458588,0.00013730661057346501,0.35,0.0,0.5671730634691982,0.022999539971351624,161,164,5.026572966099946,276.35653789991983
1242,62.1,straightline,349,pure_pursuit,6.0,-42.82407760620117,37.41111373901367,0.2105073183774948,0.0001150673852859779,0.35,0.0,0.3151939159070042,0.02214343845844271,161,164,5.049623844401341,276.10456196861213
1243,62.150000000000006,straightline,349,pure_pursuit,6.0,-42.57233810424805,37.41205596923828,0.21122868359088898,9.62431010297326e-05,0.35,0.0,0.06347447997124937,0.02142207324504854,161,164,5.0262753108606635,275.8528263604474
1244,62.2,straightline,349,pure_pursuit,6.0,-42.320369720458984,37.41299819946289,0.21183563768863678,0.0002022686950007316,0.35,0.0,0.1885321900153193,0.020815119147300724,161,165,5.049330162925624,275.600861893293
1245,62.25,straightline,349,pure_pursuit,6.0,-42.068641662597656,37.4139404296875,0.21263478696346283,0.00018536312064629747,0.35,0.0,0.4402567556902835,0.020015969872474674,161,165,5.0259593628106725,275.3491377493059
1246,62.300000000000004,straightline,349,pure_pursuit,6.0,-41.81669235229492,37.41489791870117,0.21359048783779144,0.00016157350710893547,0.35,0.0,0.6922064912479707,0.019060268998146057,161,165,5.049044367791212,275.09719221565905
1247,62.35,straightline,349,pure_pursuit,6.0,-41.564979553222656,37.415855407714844,0.21451957523822784,0.00013841829908726238,0.35,0.0,0.943920463529611,0.01813118159770966,161,165,5.025678813683882,274.84548319052817
1248,62.400000000000006,straightline,349,pure_pursuit,6.0,-41.31304168701172,37.41681671142578,0.21535176038742065,0.00011730430725980805,0.35,0.0,0.8041362338702979,0.017298996448516846,162,165,5.048798728265925,274.5935490808976
1249,62.45,straightline,349,pure_pursuit,6.0,-41.06134033203125,37.41777420043945,0.2160739302635193,9.988486623003335e-05,0.35,0.0,0.5524335566692228,0.01657682657241821,162,165,5.025438516415463,274.3418515197638
1250,62.5,straightline,349,pure_pursuit,6.0,-40.80941390991211,37.41873550415039,0.21669262647628784,8.465600831543215e-05,0.35,0.0,0.30050664993061654,0.01595813035964968,162,165,5.048497663863124,274.0899288741676
1251,62.550000000000004,straightline,349,pure_pursuit,6.0,-40.55773162841797,37.41969680786133,0.21723169088363647,7.141973339140533e-05,0.35,0.0,0.048837810092276855,0.015419065952301041,162,165,5.025184583127447,273.83825036606424
1252,62.6,straightline,349,pure_pursuit,6.0,-40.30581283569336,37.420658111572266,0.21768338978290558,0.00014771494148230056,0.35,0.0,0.20310543788105076,0.01496736705303193,162,166,5.048267255711257,273.58633537010087
1253,62.650000000000006,straightline,349,pure_pursuit,6.0,-40.05414581298828,37.421627044677734,0.21825197339057922,0.00013489341760418802,0.35,0.0,0.4547719246672692,0.014398783445358295,162,166,5.024898129534889,273.3346720604352
1254,62.7,straightline,349,pure_pursuit,6.0,-39.80223846435547,37.42259979248047,0.2189546823501587,0.00011805391948120269,0.35,0.0,0.7066804660979528,0.013696074485778824,162,166,5.048024104846817,273.08276840829524
1255,62.75,straightline,349,pure_pursuit,6.0,-39.55058288574219,37.42357635498047,0.21963045001029968,0.00010102800547892547,0.35,0.0,0.9583376211775846,0.013020306825637831,162,166,5.024650006416784,272.8311164823851
1256,62.800000000000004,straightline,349,pure_pursuit,6.0,-39.29869842529297,37.424556732177734,0.22023941576480865,8.519966551903793e-05,0.35,0.0,0.7897786759046237,0.012411341071128847,163,166,5.047703680539192,272.579235657404
1257,62.85,straightline,349,pure_pursuit,6.0,-39.047054290771484,37.425533294677734,0.22077050805091858,7.21520189602674e-05,0.35,0.0,0.5381329145647166,0.011880248785018935,163,166,5.024274196625948,272.3275951954568
1258,62.900000000000006,straightline,349,pure_pursuit,6.0,-38.79518508911133,37.426513671875,0.22122786939144135,6.0446026248652954e-05,0.35,0.0,0.2862625549331421,0.011422887444496169,163,166,5.047415695531002,272.0757296489622
1259,62.95,straightline,349,pure_pursuit,6.0,-38.54355239868164,37.427494049072266,0.2215987741947174,5.0852870621002145e-05,0.35,0.0,0.03463962312854293,0.011051982641220112,163,166,5.024032332837208,271.8241006108504
1260,63.0,straightline,349,pure_pursuit,6.0,-38.29169464111328,37.42847442626953,0.22191248834133148,0.00010490910544103474,0.35,0.0,0.21723542936976864,0.010738268494606015,163,167,5.047166472538338,271.57224652844246
1261,63.050000000000004,straightline,349,pure_pursuit,6.0,-38.04008102416992,37.42945861816406,0.2223300039768219,9.532031094661758e-05,0.35,0.0,0.4688498454157291,0.010320752859115599,163,167,5.023784154265346,271.32063654312776
1262,63.1,straightline,349,pure_pursuit,6.0,-37.78823471069336,37.43044662475586,0.22283782064914703,8.282223725649657e-05,0.35,0.0,0.7206977610869826,0.009812936186790475,163,167,5.04691204994936,271.0687938442781
1263,63.150000000000006,straightline,349,pure_pursuit,6.0,-37.53662872314453,37.43143081665039,0.22329697012901306,7.232002747148356e-05,0.35,0.0,0.9723055089452041,0.009353786706924458,163,167,5.023545382191126,270.8171915085825
1264,63.2,straightline,349,pure_pursuit,6.0,-37.28479766845703,37.43242263793945,0.2237260490655899,6.122896511043165e-05,0.35,0.0,0.7758634492687573,0.008924707770347613,164,167,5.046660304381528,270.5653640480048
1265,63.25,straightline,349,pure_pursuit,6.0,-37.033203125,37.433414459228516,0.22410716116428375,5.1225612381979325e-05,0.35,0.0,0.5242670979490512,0.00854359567165375,164,167,5.023307850075327,270.3137730957438
1266,63.300000000000004,straightline,349,pure_pursuit,6.0,-36.78137969970703,37.434410095214844,0.22443252801895142,4.2012347886549283e-05,0.35,0.0,0.27244213107813625,0.008218228816986105,164,167,5.046382973059623,270.0619532444161
1267,63.35,straightline,349,pure_pursuit,6.0,-36.52980041503906,37.43539810180664,0.22470121085643768,3.595745143802125e-05,0.35,0.0,0.02087139439339516,0.007949545979499829,164,167,5.0230609710041385,269.81037761120035
1268,63.400000000000006,straightline,349,pure_pursuit,6.0,-36.277992248535156,37.436397552490234,0.2249210774898529,7.43305697932379e-05,0.35,0.0,0.23095117108136556,0.007729679346084588,164,168,5.04617567587081,269.558572998106
1269,63.45,straightline,349,pure_pursuit,6.0,-36.026424407958984,37.43738555908203,0.22521893680095673,6.878497430036934e-05,0.35,0.0,0.48252040034549576,0.007431820034980801,164,168,5.022815021304713,269.3070088291851
1270,63.5,straightline,349,pure_pursuit,6.0,-35.774627685546875,37.438385009765625,0.22557608783245087,5.960917483239506e-05,0.35,0.0,0.7343189425950124,0.007074669003486647,164,168,5.045929537727239,269.05521568033026
1271,63.550000000000004,straightline,349,pure_pursuit,6.0,-35.5230712890625,37.43938446044922,0.2259133756160736,5.0779904866743806e-05,0.35,0.0,0.9858772451248695,0.006737381219863885,164,168,5.02256047113791,268.8036628542559
1272,63.6,straightline,349,pure_pursuit,6.0,-35.27128601074219,37.44038391113281,0.22621102631092072,4.322553275852429e-05,0.35,0.0,0.7623371116402138,0.0064397305250167855,165,168,5.045688518692914,268.5518811696818
1273,63.650000000000006,straightline,349,pure_pursuit,6.0,-35.019737243652344,37.441383361816406,0.22648778557777405,3.603717373197083e-05,0.35,0.0,0.5107864397238455,0.006162971258163439,165,168,5.0223966963365125,268.3003359934318
1274,63.7,straightline,349,pure_pursuit,6.0,-34.76796340942383,37.4423828125,0.22670312225818634,3.0720656686075733e-05,0.35,0.0,0.2590108576944229,0.005947634577751172,165,168,5.045495096433141,268.0485657732516
1275,63.75,straightline,349,pure_pursuit,6.0,-34.51642608642578,37.443382263183594,0.22689785063266754,2.5750154148823005e-05,0.35,0.0,0.0074877075604622865,0.00575290620326998,165,168,5.022168079627553,267.7970320614215
1276,63.800000000000004,straightline,349,pure_pursuit,6.0,-34.26466369628906,37.44438552856445,0.2270568460226059,5.4126433532812565e-05,0.35,0.0,0.2442938358756419,0.005593910813331593,165,169,5.045272663295082,267.54527326510924
1277,63.85,straightline,349,pure_pursuit,6.0,-34.013145446777344,37.44538116455078,0.22727888822555542,5.024512949062261e-05,0.35,0.0,0.49581379073753556,0.005371868610382104,165,169,5.021884516509929,267.2937586874135
1278,63.900000000000006,straightline,349,pure_pursuit,6.0,-33.76139450073242,37.44638442993164,0.22753047943115234,4.4306186034565505e-05,0.35,0.0,0.7475666535704212,0.005120277404785164,165,169,5.045036762152893,267.04201135567484
1279,63.95,straightline,349,pure_pursuit,6.0,-33.509883880615234,37.447391510009766,0.2277720421552658,3.764771198164679e-05,0.35,0.0,0.999079251437399,0.004878714680671723,165,169,5.021647090479913,266.7905043060596
1280,64.0,straightline,349,pure_pursuit,6.0,-33.25814437866211,37.44839859008789,0.22799737751483917,3.1613060111310085e-05,0.35,0.0,0.7491806626462869,0.004653379321098312,166,169,5.044758476150552,266.5387683982021
1281,64.05,straightline,349,pure_pursuit,6.0,-33.006649017333984,37.44940185546875,0.22819525003433228,2.697612212296981e-05,0.35,0.0,0.4976833421561648,0.004455506801605223,166,169,5.021388677758481,266.2872766683966
1282,64.10000000000001,straightline,349,pure_pursuit,6.0,-32.75492477416992,37.450408935546875,0.22835497558116913,2.2698807225833213e-05,0.35,0.0,0.245957216542799,0.004295781254768377,166,169,5.0445916353716855,266.0355560397021
1283,64.15,straightline,349,pure_pursuit,6.0,-32.50343704223633,37.451416015625,0.22850586473941803,4.15481683738677e-05,0.35,0.0,0.005544449559688047,0.004144892096519464,166,170,5.021214283757068,265.78407191936725
1284,64.2,straightline,349,pure_pursuit,6.0,-32.25171661376953,37.452423095703125,0.2286868542432785,3.7447313266680434e-05,0.35,0.0,0.25725548691396427,0.0039639025926590235,166,170,5.044355333991164,265.5323551264906
1285,64.25,straightline,349,pure_pursuit,6.0,-32.000244140625,37.45343017578125,0.2288879007101059,3.2657252027119486e-05,0.35,0.0,0.5087298532377679,0.003762856125831632,166,170,5.020993405539722,265.280886285437
1286,64.3,straightline,349,pure_pursuit,6.0,-31.74853515625,37.45444107055664,0.22907423973083496,2.7694484106675228e-05,0.35,0.0,0.7604408271144854,0.0035765171051025425,166,170,5.0441184112030495,265.02918091657324
1287,64.35000000000001,straightline,349,pure_pursuit,6.0,-31.497072219848633,37.45545196533203,0.22924624383449554,2.2898374774596478e-05,0.35,0.0,0.9880974435753715,0.003404513001441962,167,170,5.0207791942392195,264.7777215922707
1288,64.4,straightline,349,pure_pursuit,6.0,-31.245372772216797,37.45646667480469,0.22937700152397156,1.8536761623721776e-05,0.35,0.0,0.7363959644532272,0.0032737553119659385,167,170,5.043905441242764,264.526025740153
1289,64.45,straightline,349,pure_pursuit,6.0,-30.99392318725586,37.457481384277344,0.22950837016105652,1.3854598314273478e-05,0.35,0.0,0.4849443609214821,0.003142386674880979,167,170,5.0205634921604565,264.27457974705163
1290,64.5,straightline,349,pure_pursuit,6.0,-30.74223518371582,37.458492279052734,0.22959594428539276,1.1414792528131596e-05,0.35,0.0,0.23325441258783638,0.003054812550544765,167,170,5.043674108425004,264.02289540084655
1291,64.55,straightline,349,pure_pursuit,6.0,-30.490793228149414,37.459503173828125,0.22966702282428741,2.688591350077168e-05,0.35,0.0,0.01819186211126021,0.0029837340116500785,167,171,5.0203739812825185,263.77145709925543
1292,64.60000000000001,straightline,349,pure_pursuit,6.0,-30.239118576049805,37.46051788330078,0.22977513074874878,2.3716213500272428e-05,0.35,0.0,0.26986658415403253,0.002875626087188727,167,171,5.043480073772367,263.51978608441345
1293,64.65,straightline,349,pure_pursuit,6.0,-29.987682342529297,37.46152877807617,0.22990605235099792,2.0502091586921194e-05,0.35,0.0,0.5213047794067394,0.0027447044849395986,167,171,5.020156894096234,263.2683535262613
1294,64.7,straightline,349,pure_pursuit,6.0,-29.736019134521484,37.46254348754883,0.2300281673669815,1.692882374503718e-05,0.35,0.0,0.7729700095085127,0.0026225894689559984,167,171,5.043291477802535,263.01669397661703
1295,64.75,straightline,349,pure_pursuit,6.0,-29.484594345092773,37.46355438232422,0.23012040555477142,1.4754722032443125e-05,0.35,0.0,0.9755968419417603,0.0025303512811660606,168,171,5.019989630415326,262.7652728837396
1296,64.8,straightline,349,pure_pursuit,6.0,-29.232938766479492,37.46456527709961,0.230207160115242,1.2959351154966075e-05,0.35,0.0,0.7239392400631375,0.0024435967206955208,168,171,5.043104649857992,262.51362102606316
1297,64.85000000000001,straightline,349,pure_pursuit,6.0,-28.981525421142578,37.465579986572266,0.23029665648937225,1.0000422991520122e-05,0.35,0.0,0.47252386377161715,0.0023541003465652323,168,171,5.0197791009376225,262.2622113574566
1298,64.9,straightline,349,pure_pursuit,6.0,-28.729881286621094,37.46659469604492,0.2303488701581955,8.217620744598063e-06,0.35,0.0,0.22087773743414793,0.0023018866777420287,168,171,5.042868723955298,262.0105709240954
1299,64.95,straightline,349,pure_pursuit,6.0,-28.47848129272461,37.46760559082031,0.2304082065820694,1.956123188454229e-05,0.35,0.0,0.030525104369504327,0.0022425502538681295,168,172,5.019551963919806,261.7591746693692
1300,65.0,straightline,349,pure_pursuit,6.0,-28.226842880249023,37.4686164855957,0.23049013316631317,1.822115690480639e-05,0.35,0.0,0.28216490767652463,0.0021606236696243186,168,172,5.042710366071126,261.5075400210831
1301,65.05,straightline,349,pure_pursuit,6.0,-27.975454330444336,37.46963119506836,0.2305677980184555,1.6064726645409124e-05,0.35,0.0,0.5335554706751549,0.0020829588174819834,168,172,5.019365422299427,261.2561551907733
1302,65.10000000000001,straightline,349,pure_pursuit,6.0,-27.723827362060547,37.47064208984375,0.23065976798534393,1.4532420056449618e-05,0.35,0.0,0.7851844559018537,0.0019909888505935938,168,172,5.042527001236252,261.00453200822415
1303,65.15,straightline,349,pure_pursuit,6.0,-27.472440719604492,37.471656799316406,0.23075565695762634,1.1912297459469461e-05,0.35,0.0,0.9634281210360017,0.0018950998783111668,169,172,5.0191962327315265,260.75314910744464
1304,65.2,straightline,349,pure_pursuit,6.0,-27.2208251953125,37.47267150878906,0.23081913590431213,1.0361962221428007e-05,0.35,0.0,0.7118105546600519,0.0018316209316253634,169,172,5.042360548172109,260.5015373494333
1305,65.25,straightline,349,pure_pursuit,6.0,-26.96944808959961,37.47368240356445,0.2308807075023651,9.54820980473499e-06,0.35,0.0,0.4604314237215025,0.001770049333572407,169,172,5.018973446633724,260.2501640485825
1306,65.3,straightline,349,pure_pursuit,6.0,-26.717838287353516,37.474693298339844,0.2309313267469406,9.324715747275641e-06,0.35,0.0,0.20881961532592533,0.001719430088996919,169,172,5.04216709590182,259.9985580761735
1307,65.35000000000001,straightline,349,pure_pursuit,6.0,-26.466474533081055,37.4757080078125,0.2309853732585907,1.7144461221454167e-05,0.35,0.0,0.042546468503891696,0.0016653835773468074,169,173,5.018790415676904,259.74719810720217
1308,65.4,straightline,349,pure_pursuit,6.0,-26.214874267578125,37.47671890258789,0.2310558706521988,1.6503587639126874e-05,0.35,0.0,0.2941485625171108,0.0015948861837387018,169,173,5.041934695976043,259.4956016936718
1309,65.45,straightline,349,pure_pursuit,6.0,-25.96352195739746,37.47773361206055,0.23113945126533508,1.4610072231314092e-05,0.35,0.0,0.5455029063445068,0.0015113055706024146,169,173,5.018648867789735,259.2442531907941
1310,65.5,straightline,349,pure_pursuit,6.0,-25.711933135986328,37.4787483215332,0.23121966421604156,1.3032641631249176e-05,0.35,0.0,0.7970937684795587,0.0014310926198959405,169,173,5.041794346948024,258.9926682020309
1311,65.55,straightline,349,pure_pursuit,6.0,-25.460580825805664,37.479759216308594,0.2312912493944168,1.2354121059268125e-05,0.35,0.0,0.9515531340911549,0.0013595074415207115,170,173,5.018484184803854,258.741319763435
1312,65.60000000000001,straightline,349,pure_pursuit,6.0,-25.20899772644043,37.48078155517578,0.23137378692626953,9.079048194279882e-06,0.35,0.0,0.6999679597886102,0.0012769699096679644,170,173,5.041630698564437,258.4897404362336
1313,65.65,straightline,349,pure_pursuit,6.0,-24.957658767700195,37.4818000793457,0.23142357170581818,7.2634986286042e-06,0.35,0.0,0.4486269414404021,0.0012271851301193283,170,173,5.018325108008755,258.2384052881223
1314,65.7,straightline,349,pure_pursuit,6.0,-24.706083297729492,37.48281478881836,0.23146063089370728,6.924011550637337e-06,0.35,0.0,0.19704943737667,0.0011901259422302086,170,173,5.04144294928495,257.98683369585143
1315,65.75,straightline,349,pure_pursuit,6.0,-24.454755783081055,37.483829498291016,0.2315066009759903,1.237261644382574e-05,0.35,0.0,0.054280228714225935,0.0011441558599472165,170,174,5.018101930720401,257.73551005572176
1316,65.8,straightline,349,pure_pursuit,6.0,-24.203189849853516,37.4848518371582,0.23156923055648804,9.941785637716001e-06,0.35,0.0,0.3058481748407253,0.0010815262794494926,170,174,5.041207267626329,257.48394793951576
1317,65.85000000000001,straightline,349,pure_pursuit,6.0,-23.95186996459961,37.48586654663086,0.23162120580673218,9.105375555053671e-06,0.35,0.0,0.5571701011256497,0.0010295510292053329,170,174,5.017862913958715,257.2326319514509
1318,65.9,straightline,349,pure_pursuit,6.0,-23.7003173828125,37.48688888549805,0.23167714476585388,6.780896324708416e-06,0.35,0.0,0.808724758316977,0.000973612070083602,170,174,5.04104226760551,256.9810832090134
1319,65.95,straightline,349,pure_pursuit,6.0,-23.449003219604492,37.4879035949707,0.2317143678665161,6.362346457636482e-06,0.35,0.0,0.9399602693826222,0.0009363889694213772,171,174,5.017723486702065,256.72977296591085
1320,66.0,straightline,349,pure_pursuit,6.0,-23.197460174560547,37.48892593383789,0.23174886405467987,4.528513582299635e-06,0.35,0.0,0.6884151482419341,0.0009018927812576236,171,174,5.040846090556757,256.47823378290366
1321,66.05,straightline,349,pure_pursuit,6.0,-22.946157455444336,37.48994445800781,0.23178663849830627,3.210406912253752e-06,0.35,0.0,0.4371103676379281,0.0008641183376312235,171,174,5.017547005447705,256.2269349648442
1322,66.10000000000001,straightline,349,pure_pursuit,6.0,-22.694623947143555,37.490962982177734,0.2318173497915268,2.2861231188312394e-06,0.35,0.0,0.18557480622233063,0.0008334070444107089,171,174,5.040699340795181,255.9754053831565
1323,66.15,straightline,349,pure_pursuit,6.0,-22.443328857421875,37.491981506347656,0.23182469606399536,6.934185845892127e-06,0.35,0.0,0.06572240857695671,0.0008260607719421468,171,175,5.017381403205216,255.7241142175097
1324,66.2,straightline,349,pure_pursuit,6.0,-22.191801071166992,37.493003845214844,0.23185305297374725,5.485111932877711e-06,0.35,0.0,0.3172522374607934,0.0007977038621902607,171,175,5.040537980646804,255.47259033926915
1325,66.25,straightline,349,pure_pursuit,6.0,-21.94051742553711,37.4940185546875,0.23188482224941254,5.263432697045203e-06,0.35,0.0,0.5685379268508164,0.0007659345865249786,171,175,5.017202481833639,255.22131068247214
1326,66.3,straightline,349,pure_pursuit,6.0,-21.689001083374023,37.49504089355469,0.23190972208976746,3.8457997838077495e-06,0.35,0.0,0.8200563454553589,0.0007410347461700716,171,175,5.040423985689644,254.9697982712982
1327,66.35000000000001,straightline,349,pure_pursuit,6.0,-21.437721252441406,37.49605941772461,0.23193013668060303,3.1230506333475314e-06,0.35,0.0,0.9286629810600844,0.0007206201553344563,172,175,5.017058389381446,254.71852241085764
1328,66.4,straightline,349,pure_pursuit,6.0,-21.18621063232422,37.49707794189453,0.23195001482963562,2.615055128834658e-06,0.35,0.0,0.6771502994558766,0.0007007420063018882,172,175,5.0402189777184665,254.4670157870982
1329,66.45,straightline,349,pure_pursuit,6.0,-20.93494415283203,37.49809646606445,0.23196399211883545,2.0310438977100106e-06,0.35,0.0,0.42588175759849245,0.0006867647171020444,172,175,5.016863558048137,254.2157533011793
1330,66.5,straightline,349,pure_pursuit,6.0,-20.683441162109375,37.49911880493164,0.23197205364704132,8.806410484923237e-07,0.35,0.0,0.17437669774440337,0.000678703188896202,172,175,5.040062781577622,253.9642542883554
1331,66.55,straightline,349,pure_pursuit,6.0,-20.432178497314453,37.50013732910156,0.23198410868644714,4.784324697636132e-06,0.35,0.0,0.07688807704818522,0.0006666481494903829,172,176,5.0167162918166115,253.71299564090364
1332,66.60000000000001,straightline,349,pure_pursuit,6.0,-20.18068504333496,37.501155853271484,0.2320026010274887,4.398217963885228e-06,0.35,0.0,0.3283835690193034,0.0006481558084487924,172,176,5.039917081992011,253.4615062303426
1333,66.65,straightline,349,pure_pursuit,6.0,-19.92943000793457,37.502174377441406,0.2320222109556198,3.79063730906174e-06,0.35,0.0,0.5796406657044294,0.0006285458803176734,172,176,5.016572375781748,253.2102552359905
1334,66.7,straightline,349,pure_pursuit,6.0,-19.67794418334961,37.503196716308594,0.23203827440738678,2.6579899114900993e-06,0.35,0.0,0.8311285672747772,0.0006124824285507495,172,176,5.039684778418221,252.95877343653916
1335,66.75,straightline,349,pure_pursuit,6.0,-19.426700592041016,37.50421142578125,0.2320542186498642,2.945653774645034e-06,0.35,0.0,0.9176270279209288,0.0005965381860732977,173,176,5.016358582746621,252.70753395198827
1336,66.8,straightline,349,pure_pursuit,6.0,-19.175222396850586,37.50522994995117,0.232069194316864,2.656463015356486e-06,0.35,0.0,0.666146770677704,0.000581562519073497,173,176,5.039543500084634,252.45605984797996
1337,66.85000000000001,straightline,349,pure_pursuit,6.0,-18.92398452758789,37.506248474121094,0.23209086060523987,1.965545313061201e-06,0.35,0.0,0.4149068381472227,0.0005598962306976535,173,176,5.01625388301702,252.20482606748254
1338,66.9,straightline,349,pure_pursuit,6.0,-18.672513961791992,37.50727081298828,0.23211051523685455,6.071426691681393e-07,0.35,0.0,0.1634342004445956,0.0005402415990829514,173,176,5.039424101760178,251.95335957476172
1339,66.95,straightline,349,pure_pursuit,6.0,-18.421283721923828,37.5082893371582,0.23210453987121582,3.4798451140621808e-06,0.35,0.0,0.08779813153479263,0.0005462169647216641,173,177,5.016084183501893,251.70213344776266
1340,67.0,straightline,349,pure_pursuit,6.0,-18.16982078552246,37.509307861328125,0.23209916055202484,3.76840348053895e-06,0.35,0.0,0.3392631172255871,0.000551596283912668,173,177,5.0392376656575335,251.45067465085108
1341,67.05,straightline,349,pure_pursuit,6.0,-17.918598175048828,37.51032638549805,0.23213258385658264,2.831199310955449e-06,0.35,0.0,0.5904877904756483,0.0005181729793548599,173,177,5.015935337207625,251.19945617752117
1342,67.10000000000001,straightline,349,pure_pursuit,6.0,-17.667144775390625,37.511348724365234,0.2321552336215973,1.563498706712447e-06,0.35,0.0,0.841943267806612,0.0004955232143402374,173,177,5.039068636528593,250.94800689931
1343,67.15,straightline,349,pure_pursuit,6.0,-17.415931701660156,37.51236343383789,0.23215384781360626,2.360690685923566e-06,0.35,0.0,0.9068352136451565,0.0004969090223312646,174,177,5.0157585390318244,250.696798029335
1344,67.2,straightline,349,pure_pursuit,6.0,-17.164487838745117,37.51338577270508,0.23218229413032532,8.830604599376711e-07,0.35,0.0,0.655389272952713,0.0004684627056122122,174,177,5.038903379665762,250.445358312225
1345,67.25,straightline,349,pure_pursuit,6.0,-16.913280487060547,37.514404296875,0.23218578100204468,6.959771067376177e-07,0.35,0.0,0.40417985739170054,0.00046497583389282774,174,177,5.015611320772633,250.194155146643
1346,67.3,straightline,349,pure_pursuit,6.0,-16.661842346191406,37.51542282104492,0.23218141496181488,9.428901597598791e-07,0.35,0.0,0.15273965732694786,0.0004693418741226472,174,177,5.038781791025979,249.94272121870952
1347,67.35000000000001,straightline,349,pure_pursuit,6.0,-16.410642623901367,37.516441345214844,0.23219643533229828,3.480326472148551e-06,0.35,0.0,0.0984621454724951,0.00045432150363921366,174,178,5.015456821012317,249.6915257072359
1348,67.4,straightline,349,pure_pursuit,6.0,-16.159210205078125,37.51746368408203,0.2322007566690445,2.8043860437498614e-06,0.35,0.0,0.34989663624700734,0.000450000166893027,174,178,5.038642288054948,249.4400974838202
1349,67.45,straightline,349,pure_pursuit,6.0,-15.90802001953125,37.51848220825195,0.2322126179933548,2.4742116016263885e-06,0.35,0.0,0.6010888854686897,0.0004381388425827182,174,178,5.015299100544958,249.1889115338071
1350,67.5,straightline,349,pure_pursuit,6.0,-15.656596183776855,37.519500732421875,0.23223386704921722,2.095228855014233e-06,0.35,0.0,0.8525147836741152,0.0004168897867203007,174,178,5.038544431023219,248.93749196082055
1351,67.55,straightline,349,pure_pursuit,6.0,-15.405402183532715,37.5205192565918,0.23224510252475739,1.7904894458524205e-06,0.35,0.0,0.8962903838634929,0.000405654311180106,175,178,5.017192531958524,248.68630222183458
1352,67.60000000000001,straightline,349,pure_pursuit,6.0,-15.15395450592041,37.521541595458984,0.23224514722824097,1.1431575860449211e-06,0.35,0.0,0.6448406283442331,0.0004056096076965229,175,178,5.040532324584059,248.4348587914966
1353,67.65,straightline,349,pure_pursuit,6.0,-14.902716636657715,37.52255630493164,0.23225905001163483,1.6953966006688128e-06,0.35,0.0,0.3936007102911282,0.0003917068243026675,175,178,5.017988613944669,248.18362525445437
1354,67.7,straightline,349,pure_pursuit,6.0,-14.651225090026855,37.52357864379883,0.23225770890712738,1.0877149356733667e-06,0.35,0.0,0.14210708862452523,0.0003930479288101116,175,178,5.041567794857181,247.93213798355006
1355,67.75,straightline,349,pure_pursuit,6.0,-14.39995288848877,37.52459716796875,0.23226356506347656,3.4470486305447563e-06,0.35,0.0,0.10916718673086019,0.0003871917724609208,175,179,5.01864102761887,247.6808700995864
1356,67.8,straightline,349,pure_pursuit,6.0,-14.148426055908203,37.52561569213867,0.2322699874639511,3.61164665681905e-06,0.35,0.0,0.3606960776272397,0.00038076937198637685,175,179,5.04224316614825,247.429347613488
1357,67.85000000000001,straightline,349,pure_pursuit,6.0,-13.897113800048828,37.526634216308594,0.2322889119386673,3.2857166622790544e-06,0.35,0.0,0.6120103967871945,0.00036184489727023224,175,179,5.019378613292559,247.17803970369854
1358,67.9,straightline,349,pure_pursuit,6.0,-13.64554500579834,37.527652740478516,0.23230913281440735,3.160601296457019e-06,0.35,0.0,0.8635812525641988,0.000341624021530177,175,179,5.043003780747652,246.92647528467276
1359,67.95,straightline,349,pure_pursuit,6.0,-13.394190788269043,37.52867126464844,0.23232457041740417,3.0001232596096e-06,0.35,0.0,0.8850636979315083,0.0003261864185333175,176,179,5.020274703119864,246.67512544200758
1360,68.0,straightline,349,pure_pursuit,6.0,-13.142576217651367,37.52968978881836,0.23234352469444275,3.0081877584188833e-06,0.35,0.0,0.6334470658857745,0.00030723214149476756,176,179,5.043912128934484,246.42351527577782
1361,68.05,straightline,349,pure_pursuit,6.0,-12.89117431640625,37.53070831298828,0.23235996067523956,2.9173172062430696e-06,0.35,0.0,0.38204310154176135,0.00029079616069795116,176,179,5.021225955325135,246.17211777873308
1362,68.10000000000001,straightline,349,pure_pursuit,6.0,-12.639510154724121,37.5317268371582,0.2323654443025589,3.412222600520422e-06,0.35,0.0,0.1303768792102373,0.0002853125333786032,176,179,5.04490796774495,245.92045805102688
1363,68.15,straightline,349,pure_pursuit,6.0,-12.388031959533691,37.532745361328125,0.2323857843875885,4.404025248209819e-06,0.35,0.0,0.12110337991686711,0.000264972448349026,176,180,5.022283158770345,245.66898429136677
1364,68.2,straightline,349,pure_pursuit,6.0,-12.136192321777344,37.53376770019531,0.23240715265274048,3.7998103349947598e-06,0.35,0.0,0.3729450923519672,0.000243604183197037,176,180,5.047270898690014,245.4171490824157
1365,68.25,straightline,349,pure_pursuit,6.0,-11.88453197479248,37.5347900390625,0.23242820799350739,3.050842428249209e-06,0.35,0.0,0.6246075158269537,0.00022254884243012982,176,180,5.024715222463225,245.1654931662374
1366,68.3,straightline,349,pure_pursuit,6.0,-11.632596969604492,37.53581619262695,0.23244468867778778,1.8315104094807961e-06,0.35,0.0,0.8765446108094234,0.0002060681581497303,176,180,5.048656874296946,244.9135625796846
1367,68.35000000000001,straightline,349,pure_pursuit,6.0,-11.380866050720215,37.536842346191406,0.23246195912361145,3.4981168275687984e-07,0.35,0.0,0.8717235946973314,0.00018879771232606197,177,180,5.026162634120775,244.66183607987364
1368,68.4,straightline,349,pure_pursuit,6.0,-11.128863334655762,37.53786849975586,0.23246513307094574,-5.791505147670269e-07,0.35,0.0,0.6197187896418819,0.0001856237649917594,177,180,5.050048398928088,244.40983781358364
1369,68.45,straightline,349,pure_pursuit,6.0,-10.877065658569336,37.53889465332031,0.23247087001800537,-1.8428430979728327e-06,0.35,0.0,0.36791902327554366,0.00017988681793214015,177,180,5.027591663393482,244.1580445877092
1370,68.5,straightline,349,pure_pursuit,6.0,-10.624992370605469,37.5399169921875,0.23246577382087708,-1.6768781942237557e-06,0.35,0.0,0.11584366436705992,0.0001849830150604178,177,180,5.051565621061228,243.90597582412602
1371,68.55,straightline,349,pure_pursuit,6.0,-10.373120307922363,37.54094314575195,0.23246577382087708,-7.806388148161598e-07,0.35,0.0,0.13603049556844557,0.0001849830150604178,177,181,5.029057974809671,243.6541082435103
1372,68.60000000000001,straightline,349,pure_pursuit,6.0,-10.120975494384766,37.541969299316406,0.23244553804397583,-8.936431411053876e-07,0.35,0.0,0.3881773950095727,0.00020521879196170058,177,181,5.053056257373196,243.4019679430849
1373,68.65,straightline,349,pure_pursuit,6.0,-9.869028091430664,37.54299545288086,0.23244553804397583,-1.7572046537359237e-06,0.35,0.0,0.6401268872384266,0.00020521879196170058,177,181,5.030575612807156,243.1500250542923
1374,68.7,straightline,349,pure_pursuit,6.0,-9.61680793762207,37.54402160644531,0.232432559132576,-2.0981207718072765e-06,0.35,0.0,0.8923491282619632,0.00021819770336153782,177,181,5.05455685643003,242.89780944583399
1375,68.75,straightline,349,pure_pursuit,6.0,-9.364784240722656,37.5450439453125,0.23242312669754028,-1.9115380669118395e-06,0.35,0.0,0.8556263338516045,0.00022763013839722964,178,181,5.032146639828539,242.64579033868728
1376,68.8,straightline,349,pure_pursuit,6.0,-9.11248779296875,37.54607009887695,0.23239853978157043,-1.95251249194848e-06,0.35,0.0,0.6033277997444683,0.00025221705436705475,178,181,5.056105570430947,242.3934984688217
1377,68.85000000000001,straightline,349,pure_pursuit,6.0,-8.860387802124023,37.547096252441406,0.23239915072917938,-2.912389156813493e-06,0.35,0.0,0.3512257216676518,0.0002516061067581185,178,181,5.033664254597757,242.14140305710612
1378,68.9,straightline,349,pure_pursuit,6.0,-8.608014106750488,37.54812240600586,0.2323840707540512,-3.2538996826533637e-06,0.35,0.0,0.09884994695533235,0.00026668608188631297,178,181,5.057621397974359,241.88903397240384
1379,68.95,straightline,349,pure_pursuit,6.0,-8.355801582336426,37.54914855957031,0.2323632687330246,-1.4386955025224369e-06,0.35,0.0,0.15336468076844686,0.0002874881029128992,178,182,5.039094070784563,241.6368260622461
1380,69.0,straightline,349,pure_pursuit,6.0,-8.103271484375,37.5501708984375,0.23233775794506073,-4.4338026188190867e-07,0.35,0.0,0.4058968437083425,0.0003129988908767921,178,182,5.064134838613297,241.38430065644494
1381,69.05,straightline,349,pure_pursuit,6.0,-7.850887775421143,37.55119705200195,0.2323479950428009,-1.2970766186717868e-06,0.35,0.0,0.6582826380043012,0.000302761793136604,178,182,5.04281446910918,241.1319216009373
1382,69.10000000000001,straightline,349,pure_pursuit,6.0,-7.5981926918029785,37.55221939086914,0.2323426455259323,-6.822440290828569e-07,0.35,0.0,0.9109797890847597,0.00030811131000520257,178,182,5.067522567588052,240.87923124849948
1383,69.15,straightline,349,pure_pursuit,6.0,-7.345651626586914,37.553245544433594,0.2323342114686966,-9.423721314418003e-07,0.35,0.0,0.8364787704582496,0.00031654536724093753,179,182,5.04587423226331,240.6266948752884
1384,69.2,straightline,349,pure_pursuit,6.0,-7.09279727935791,37.55427169799805,0.232323557138443,-8.857558704243202e-07,0.35,0.0,0.5836223413970731,0.0003271996974945019,179,182,5.070606291745592,240.37384525466337
1385,69.25,straightline,349,pure_pursuit,6.0,-6.840095043182373,37.5552978515625,0.23232276737689972,-1.2591928171973246e-06,0.35,0.0,0.33091802276955007,0.0003279894590377707,179,182,5.049091829956523,240.1211477495327
1386,69.3,straightline,349,pure_pursuit,6.0,-6.587072372436523,37.55632019042969,0.23230840265750885,-1.7952112340366313e-08,0.35,0.0,0.07789329181494388,0.00034235417842863516,179,182,5.073903552860096,239.8681298886192
1387,69.35000000000001,straightline,349,pure_pursuit,6.0,-6.334197044372559,37.55734634399414,0.23231539130210876,2.057227892470108e-06,0.35,0.0,0.17498412887219417,0.00033536553382873806,179,183,5.052490705629914,239.61525933171453
1388,69.4,straightline,349,pure_pursuit,6.0,-6.080997943878174,37.558372497558594,0.23230747878551483,2.4359920663512424e-06,0.35,0.0,0.42818530669675137,0.0003432780504226533,179,183,5.077434894494247,239.36206503801554
1389,69.45,straightline,349,pure_pursuit,6.0,-5.827945232391357,37.55939483642578,0.23232044279575348,2.942058084075039e-06,0.35,0.0,0.681240082612175,0.00033031404018404355,179,183,5.056041949512153,239.10901718196715
1390,69.5,straightline,349,pure_pursuit,6.0,-5.57456111907959,37.56041717529297,0.232337087392807,3.701753779187511e-06,0.35,0.0,0.9346262579700559,0.0003136694431304893,179,183,5.081426461111074,238.85563796047146
1391,69.55,straightline,349,pure_pursuit,6.0,-5.321183204650879,37.56144332885742,0.23234760761260986,3.853054933876368e-06,0.35,0.0,0.81198735167959,0.00030314922332762463,180,183,5.061070608679015,238.6022649085245
1392,69.60000000000001,straightline,349,pure_pursuit,6.0,-5.06733512878418,37.562477111816406,0.23236365616321564,2.5573545644739274e-06,0.35,0.0,0.5581371709991251,0.00028710067272187857,180,183,5.0875562809242405,238.34842165333055
1393,69.65,straightline,349,pure_pursuit,6.0,-4.813587188720703,37.563507080078125,0.2323903739452362,1.733310165381687e-06,0.35,0.0,0.30438714087156016,0.0002603828907012909,180,183,5.066699011094712,238.09467858587715
1394,69.7,straightline,349,pure_pursuit,6.0,-4.559492588043213,37.56454086303711,0.23239631950855255,8.456739129168034e-07,0.35,0.0,0.05029044106797095,0.0002544373273849339,180,183,5.091966598453912,237.840588851718
1395,69.75,straightline,349,pure_pursuit,6.0,-4.3055243492126465,37.56557083129883,0.2323915958404541,2.643821965335021e-06,0.35,0.0,0.20367989165946404,0.0002591609954834184,180,184,5.071119376198645,237.58662552979473
1396,69.8,straightline,349,pure_pursuit,6.0,-4.051215171813965,37.56660461425781,0.23240390419960022,1.9388774505795e-06,0.35,0.0,0.4579911697593428,0.0002468526363372783,180,184,5.096404308993959,237.3323212629719
1397,69.85000000000001,straightline,349,pure_pursuit,6.0,-3.7970314025878906,37.56763458251953,0.23243527114391327,1.3924826777255707e-06,0.35,0.0,0.712177025483541,0.00021548569202424432,180,184,5.075532196594481,237.07814245494666
1398,69.9,straightline,349,pure_pursuit,6.0,-3.5425028800964355,37.56866455078125,0.23242518305778503,2.2764252470306526e-06,0.35,0.0,0.96670763173446,0.00022557377815245552,180,184,5.100929512387631,236.82361893162476
1399,69.95,straightline,349,pure_pursuit,6.0,-3.288095712661743,37.56969451904297,0.23243951797485352,2.444258127103057e-06,0.35,0.0,0.7788838702389025,0.00021123886108399638,181,184,5.080114451111602,236.56921677055024
1400,70.0,straightline,349,pure_pursuit,6.0,-3.0333406925201416,37.57072830200195,0.23244570195674896,2.309637634975386e-06,0.35,0.0,0.5241267526159026,0.0002050548791885459,181,184,5.105490659806267,236.31446675117564
1401,70.05,straightline,349,pure_pursuit,6.0,-2.7787063121795654,37.57176208496094,0.23244570195674896,2.2230651982797272e-06,0.35,0.0,0.2694902738742452,0.0002050548791885459,181,184,5.084692001709757,236.05983737889704
1402,70.10000000000001,straightline,349,pure_pursuit,6.0,-2.5237231254577637,37.57279968261719,0.23247209191322327,8.159794828253342e-07,0.35,0.0,0.014504981748529678,0.00017866492271421795,181,184,5.110081296434657,235.80485919479048
1403,70.15,straightline,349,pure_pursuit,6.0,-2.268859386444092,37.57383728027344,0.23247209191322327,1.26404049434673e-06,0.35,0.0,0.24036087582478552,0.00017866492271421795,181,185,5.0892991666505365,235.5500004658244
1404,70.2,straightline,349,pure_pursuit,6.0,-2.0136473178863525,37.57487487792969,0.23249277472496033,3.2922647683326513e-07,0.35,0.0,0.49557505338880403,0.0001579821109772033,181,185,5.114673849009801,235.29479344601424
1405,70.25,straightline,349,pure_pursuit,6.0,-1.75855553150177,37.57591247558594,0.23249277472496033,-1.8389934247758181e-07,0.35,0.0,0.7506689499389336,0.0001579821109772033,181,185,5.093855679694797,235.03970671587467
1406,70.3,straightline,349,pure_pursuit,6.0,-1.5031242370605469,37.57695007324219,0.23249058425426483,-3.751184516816347e-07,0.35,0.0,0.9938989237276237,0.0001601725816726771,182,185,5.120684086936778,234.78428051599676
1407,70.35000000000001,straightline,349,pure_pursuit,6.0,-1.247753381729126,37.57798767089844,0.23250053822994232,-9.647157074093445e-07,0.35,0.0,0.7385259605833263,0.00015021860599516556,182,185,5.102952888975695,234.52891476686133
1408,70.4,straightline,349,pure_pursuit,6.0,-0.9919954538345337,37.57902526855469,0.23249228298664093,-7.241605678398791e-07,0.35,0.0,0.4827659281087454,0.00015847384929656798,182,185,5.129152128290344,234.27316198689607
1409,70.45,straightline,349,pure_pursuit,6.0,-0.7363144755363464,37.58005905151367,0.23249095678329468,1.9266644930974047e-07,0.35,0.0,0.22708286012654125,0.00015980005264283427,182,185,5.109179180641198,234.01748621145302
1410,70.5,straightline,349,pure_pursuit,6.0,-0.4802485406398773,37.58109664916992,0.23247121274471283,2.114163820061615e-06,0.35,0.0,0.028985181992163638,0.00017954409122470267,182,186,5.135222395659554,233.76142547702037
1411,70.55,straightline,349,pure_pursuit,6.0,-0.22426261007785797,37.58213424682617,0.2324810028076172,2.1296614176344275e-06,0.35,0.0,0.28497321143170773,0.00016975402832029613,182,186,5.115257713984951,233.50544475754032
1412,70.60000000000001,straightline,349,pure_pursuit,6.0,0.032112691551446915,37.58317184448242,0.23248757421970367,2.5737365115838056e-06,0.35,0.0,0.5413506124632257,0.000163182616233825,182,186,5.1413010733794735,233.24907470935665
1413,70.65,straightline,349,pure_pursuit,6.0,0.2884120047092438,37.58420944213867,0.2325107455253601,2.5537951478650247e-06,0.35,0.0,0.7976520258213977,0.00014001131057738277,182,186,5.121449271446147,232.99278066068453
1414,70.7,straightline,349,pure_pursuit,6.0,0.5451046228408813,37.58525466918945,0.23252588510513306,1.4651580292526793e-06,0.35,0.0,0.9456543994442952,0.00012487173080442734,183,186,5.147598052496972,232.7360932610938
1415,70.75,straightline,349,pure_pursuit,6.0,0.8017216324806213,37.58629608154297,0.23253007233142853,1.4172520361260826e-06,0.35,0.0,0.6890352766764495,0.00012068450450899003,183,186,5.127788526021047,232.47948152552806
1416,70.8,straightline,349,pure_pursuit,6.0,1.0587329864501953,37.58734130859375,0.23253314197063446,8.783430991224843e-07,0.35,0.0,0.43202179740426927,0.0001176148653030315,183,186,5.153948290060531,232.22247544428564
1417,70.85000000000001,straightline,349,pure_pursuit,6.0,1.3156695365905762,37.588382720947266,0.23253700137138367,1.1490610840172634e-06,0.35,0.0,0.1750831368537168,0.00011375546455385389,183,186,5.134168847129747,231.96554422268
1418,70.9,straightline,349,pure_pursuit,6.0,1.5731070041656494,37.58942794799805,0.23254458606243134,7.364527984992937e-07,0.35,0.0,0.08235645330114992,0.00010617077350614867,183,187,5.162383108959447,231.7081120897413
1419,70.95,straightline,349,pure_pursuit,6.0,1.830629587173462,37.59047317504883,0.232559472322464,3.597630715750333e-07,0.35,0.0,0.33988115709511324,9.128451347351418e-05,183,187,5.143044958834745,231.45059486376675
1420,71.0,straightline,349,pure_pursuit,6.0,2.08860182762146,37.591522216796875,0.2325618416070938,-9.237115781044813e-08,0.35,0.0,0.5978555304673059,8.891522884370787e-05,183,187,5.169912559736914,231.1926279831461
1421,71.05,straightline,349,pure_pursuit,6.0,2.346522569656372,37.59257125854492,0.2325533926486969,-3.288091059093054e-07,0.35,0.0,0.8557784058696675,9.73641872406206e-05,183,187,5.150502419610049,230.9347126141532
1422,71.10000000000001,straightline,349,pure_pursuit,6.0,2.604848623275757,37.59362030029297,0.23254527151584625,-2.436045175701393e-07,0.35,0.0,0.885894641555849,0.00010548532009127366,184,187,5.176949861161387,230.67639197814762
1423,71.15,straightline,349,pure_pursuit,6.0,2.8631157875061035,37.59467315673828,0.23254984617233276,-1.4416984047975982e-06,0.35,0.0,0.627625331440214,0.00010091066360476602,184,187,5.157581561934929,230.4181301997119
1424,71.2,straightline,349,pure_pursuit,6.0,3.121791124343872,37.59572219848633,0.23254773020744324,-1.236258205942712e-06,0.35,0.0,0.36894786753411285,0.00010302662849425139,184,187,5.184059275817011,230.15946033836846
1425,71.25,straightline,349,pure_pursuit,6.0,3.380410671234131,37.596771240234375,0.23253658413887024,-8.340085914235899e-07,0.35,0.0,0.11032619353936692,0.00011417269706727984,184,187,5.164731544363246,229.90084628023928
1426,71.3,straightline,349,pure_pursuit,6.0,3.6394407749176025,37.59782028198242,0.23253263533115387,1.504447946616648e-06,0.35,0.0,0.14870603550724595,0.0001181215047836237,184,188,5.191221476205056,229.64182171078318
1427,71.35000000000001,straightline,349,pure_pursuit,6.0,3.8984179496765137,37.59886932373047,0.23253294825553894,1.952427046390696e-06,0.35,0.0,0.40768533464232193,0.00011780858039859151,184,188,5.171933724832734,229.3828500838928
1428,71.4,straightline,349,pure_pursuit,6.0,4.157805919647217,37.59992218017578,0.2325403094291687,1.7973727930545197e-06,0.35,0.0,0.6670754413438927,0.00011044740676880192,184,188,5.198406499111388,229.12346766268215
1429,71.45,straightline,349,pure_pursuit,6.0,4.417138576507568,37.60097122192383,0.2325403094291687,2.6171005911366976e-06,0.35,0.0,0.9264102199002877,0.00011044740676880192,184,188,5.17906602829753,228.86414061306965
1430,71.5,straightline,349,pure_pursuit,6.0,4.6768798828125,37.602027893066406,0.2325620800256729,1.5800348746516233e-06,0.35,0.0,0.8138442175627159,8.867681026461443e-05,185,188,5.205527636668058,228.60440487003288
1431,71.55,straightline,349,pure_pursuit,6.0,4.936567783355713,37.60308074951172,0.2325620800256729,1.9260571904644553e-06,0.35,0.0,0.5541541827226545,8.867681026461443e-05,185,188,5.1861882634810454,228.34472259155865
1432,71.60000000000001,straightline,349,pure_pursuit,6.0,5.196663856506348,37.60414123535156,0.23258431255817413,2.5806516480542464e-07,0.35,0.0,0.2940559477555408,6.644427776336816e-05,185,188,5.212563398309903,228.08463209654107
1433,71.65,straightline,349,pure_pursuit,6.0,5.456730365753174,37.605194091796875,0.23258265852928162,1.0358267352479742e-06,0.35,0.0,0.03398730753546917,6.809830665589414e-05,185,188,5.197118838771858,227.82457127110456
1434,71.7,straightline,349,pure_pursuit,6.0,5.71723747253418,37.60625076293945,0.23258690536022186,6.606347507510851e-07,0.35,0.0,0.2265219425952366,6.38514757156462e-05,185,189,5.224175705346723,227.5640698516773
1435,71.75,straightline,349,pure_pursuit,6.0,5.977736473083496,37.6073112487793,0.2325892448425293,9.33465653372905e-09,0.35,0.0,0.4870231017419783,6.151199340819551e-05,185,189,5.2060479936301,227.30357651076346
1436,71.8,straightline,349,pure_pursuit,6.0,6.23867654800415,37.60837173461914,0.2325901836156845,-2.697248419802864e-07,0.35,0.0,0.7479653316057485,6.057322025299955e-05,185,189,5.233030770468687,227.0426421442921
1437,71.85000000000001,straightline,349,pure_pursuit,6.0,6.499597072601318,37.60943603515625,0.23259170353412628,-1.4342719013170826e-06,0.35,0.0,0.9911132042166353,5.9053301811222944e-05,186,189,5.214382824692889,226.78172729970112
1438,71.9,straightline,349,pure_pursuit,6.0,6.760958671569824,37.610496520996094,0.23258626461029053,-1.2280018249996626e-06,0.35,0.0,0.7297494537864295,6.44922256469878e-05,186,189,5.241396661031078,226.52037147499342
1439,71.95,straightline,349,pure_pursuit,6.0,7.022304058074951,37.61155700683594,0.23257021605968475,-7.494025885855933e-07,0.35,0.0,0.46840191570151923,8.054077625273387e-05,186,189,5.222834234065578,226.25903187991972
1440,72.0,straightline,349,pure_pursuit,6.0,7.284095764160156,37.61261749267578,0.23256969451904297,-2.346648253528592e-07,0.35,0.0,0.2066080617150705,8.106231689455358e-05,186,189,5.24993518780422,225.99724601506713
1441,72.05,straightline,349,pure_pursuit,6.0,7.545871257781982,37.61368179321289,0.23256997764110565,1.1182817049856875e-07,0.35,0.0,0.055169596270347454,8.077919483187701e-05,186,190,5.231470858432697,225.73547633475926
1442,72.10000000000001,straightline,349,pure_pursuit,6.0,7.8080973625183105,37.61473846435547,0.23256929218769073,1.6731724235417033e-06,0.35,0.0,0.3173978291810982,8.146464824675202e-05,186,190,5.258548432989053,225.4732561843697
1443,72.15,straightline,349,pure_pursuit,6.0,8.070307731628418,37.61580276489258,0.23257416486740112,1.6112925101459053e-06,0.35,0.0,0.5796103582563901,7.659196853639002e-05,186,190,5.240167211256161,225.2110516965662
1444,72.2,straightline,349,pure_pursuit,6.0,8.332987785339355,37.61687088012695,0.23257681727409363,1.2064053122336144e-06,0.35,0.0,0.8422925835521733,7.393956184385743e-05,186,190,5.268663493422572,224.94837753077763
1445,72.25,straightline,349,pure_pursuit,6.0,8.595823287963867,37.61793899536133,0.23258090019226074,8.777577402031526e-07,0.35,0.0,0.8948704821400824,6.98566436767642e-05,187,190,5.250781587182931,224.6855479459514
1446,72.3,straightline,349,pure_pursuit,6.0,8.859227180480957,37.6190071105957,0.23258334398269653,1.107047590447913e-06,0.35,0.0,0.631464424003218,6.741285324096944e-05,187,190,5.279111560905224,224.422150030575
1447,72.35000000000001,straightline,349,pure_pursuit,6.0,9.122650146484375,37.62007522583008,0.23259885609149933,1.0307896794735182e-06,0.35,0.0,0.3680392925369436,5.190074443817118e-05,187,190,5.261015745045164,224.15873306220666
1448,72.4,straightline,349,pure_pursuit,6.0,9.38653564453125,37.62114715576172,0.23259612917900085,9.853011972332357e-07,0.35,0.0,0.10415161739551593,5.4627656936642506e-05,187,190,5.288297612479841,223.89485356842854
1449,72.45,straightline,349,pure_pursuit,6.0,9.65041446685791,37.622222900390625,0.2326073944568634,5.398578254197675e-08,0.35,0.0,0.1597293978413342,4.336237907409218e-05,187,191,5.270185600380179,223.6309807236157
1450,72.5,straightline,349,pure_pursuit,6.0,9.914750099182129,37.62329864501953,0.2326127290725708,-6.103810550934889e-07,0.35,0.0,0.4240672190179811,3.802776336672109e-05,187,191,5.297446227702654,223.366651120779
1451,72.55,straightline,349,pure_pursuit,6.0,10.179081916809082,37.62437057495117,0.23260696232318878,-2.2255719164872795e-07,0.35,0.0,0.6884012100372516,4.379451274874564e-05,187,191,5.279372969155037,223.10232539749836
1452,72.60000000000001,straightline,349,pure_pursuit,6.0,10.44387435913086,37.62544631958008,0.23260638117790222,-3.7709505662871753e-07,0.35,0.0,0.95319583749749,4.4375658035276586e-05,187,191,5.306676375194311,222.83753905649007
1453,72.65,straightline,349,pure_pursuit,6.0,10.708666801452637,37.62651824951172,0.23260141909122467,4.3130328957703127e-07,0.35,0.0,0.7820069823113773,4.933774471285455e-05,188,191,5.288645363454689,222.57275278092763
1454,72.7,straightline,349,pure_pursuit,6.0,10.973916053771973,37.627593994140625,0.23259760439395905,8.04550202974843e-07,0.35,0.0,0.5167555486083454,5.3152441978449027e-05,188,191,5.315907613947433,222.30750970233703
1455,72.75,straightline,349,pure_pursuit,6.0,11.239168167114258,37.62866973876953,0.23259760439395905,1.1019523335032316e-06,0.35,0.0,0.2515012539098161,5.3152441978449027e-05,188,191,5.297867463467645,222.0422637828914
1456,72.8,straightline,349,pure_pursuit,6.0,11.50487995147705,37.6297492980957,0.2326071560382843,1.5518663896874728e-07,0.35,0.0,0.014212723522721639,4.3600797653185625e-05,188,192,5.325104782953797,221.77655819980797
1457,72.85000000000001,straightline,349,pure_pursuit,6.0,11.770590782165527,37.63082504272461,0.2326071560382843,7.510290145245325e-07,0.35,0.0,0.27992573180392927,4.3600797653185625e-05,188,192,5.306993920323611,221.51085363634286
1458,72.9,straightline,349,pure_pursuit,6.0,12.036757469177246,37.63190841674805,0.2326049655675888,2.633463588718682e-07,0.35,0.0,0.5460946235908349,4.579126834870913e-05,188,192,5.334215457295763,221.2446931780327
1459,72.95,straightline,349,pure_pursuit,6.0,12.302926063537598,37.63298797607422,0.23261526226997375,2.147519098482554e-07,0.35,0.0,0.8122654072463164,3.5494565963760086e-05,188,192,5.317423853139939,220.97853087877587
1460,73.0,straightline,349,pure_pursuit,6.0,12.569560050964355,37.63406753540039,0.23261350393295288,9.221465260648075e-07,0.35,0.0,0.9210996353073166,3.725290298463013e-05,189,192,5.345118527424518,220.71190324073086
1461,73.05,straightline,349,pure_pursuit,6.0,12.836214065551758,37.635154724121094,0.23261293768882751,-8.236906721219449e-08,0.35,0.0,0.6544434044513724,3.781914710998327e-05,189,192,5.327810886966668,220.44525550558606
1462,73.10000000000001,straightline,349,pure_pursuit,6.0,13.103341102600098,37.63623809814453,0.23261846601963043,3.724387104587034e-08,0.35,0.0,0.3873141705190059,3.229081630705217e-05,189,192,5.355233915551702,220.17813484909615
1463,73.15,straightline,349,pure_pursuit,6.0,13.370476722717285,37.637325286865234,0.23261313140392303,-4.7377630420828036e-07,0.35,0.0,0.12017633815163174,3.7625432014472955e-05,189,192,5.337422638115259,219.91100558490655
1464,73.2,straightline,349,pure_pursuit,6.0,13.638083457946777,37.63841247558594,0.2326250523328781,2.5786835036423615e-07,0.35,0.0,0.14743260560158164,2.570450305940324e-05,189,193,5.364751274748466,219.64340526089785
1465,73.25,straightline,349,pure_pursuit,6.0,13.905698776245117,37.63949966430664,0.23262497782707214,1.3902801637036603e-07,0.35,0.0,0.41505013221465864,2.5779008865341988e-05,189,193,5.346956372932659,219.37579637547825
1466,73.3,straightline,349,pure_pursuit,6.0,14.173784255981445,37.640586853027344,0.2326265424489975,3.6624810868547566e-07,0.35,0.0,0.6831378164026161,2.421438694003195e-05,189,193,5.374274997091716,219.10771738422267
1467,73.35000000000001,straightline,349,pure_pursuit,6.0,14.441878318786621,37.64167022705078,0.23261696100234985,1.7455738825949788e-06,0.35,0.0,0.9512340681115393,3.379583358765097e-05,189,193,5.356478656172232,218.83962987807243
1468,73.4,straightline,349,pure_pursuit,6.0,14.71043872833252,37.64276123046875,0.2326231598854065,1.500581221135571e-06,0.35,0.0,0.7802045372239835,2.759695053102267e-05,190,193,5.3837595424484865,218.57107598839505
1469,73.45,straightline,349,pure_pursuit,6.0,14.979010581970215,37.64385223388672,0.23262089490890503,1.4856228059037296e-06,0.35,0.0,0.5116304676365294,2.9861927032484923e-05,190,193,5.3660237227877845,218.30251067696366
1470,73.5,straightline,349,pure_pursuit,6.0,15.248046875,37.64494705200195,0.2326398342847824,4.266974438169133e-07,0.35,0.0,0.242591946995624,1.0922551155112817e-05,190,193,5.393413915551149,218.03348093565495
1471,73.55,straightline,349,pure_pursuit,6.0,15.517160415649414,37.64603805541992,0.2326449602842331,-4.423662147968077e-08,0.35,0.0,0.026523805154087317,5.796551704429858e-06,190,194,5.376075384340538,217.76437402053034
1472,73.60000000000001,straightline,349,pure_pursuit,6.0,15.786808967590332,37.64712905883789,0.23264357447624207,7.624866767146894e-07,0.35,0.0,0.29617456419241445,7.182359695457085e-06,190,194,5.40396711300143,217.49473215562227
1473,73.65,straightline,349,pure_pursuit,6.0,16.056480407714844,37.64822769165039,0.23264901340007782,-1.0583791793031871e-07,0.35,0.0,0.5658482421430571,1.7434358596922396e-06,190,194,5.386319265145713,217.2250673333622
1474,73.7,straightline,349,pure_pursuit,6.0,16.326623916625977,37.64932632446289,0.23265103995800018,-5.288669553681094e-07,0.35,0.0,0.8359939850252863,-2.831220626765695e-07,190,194,5.413577884610813,216.95493049942252
1475,73.75,straightline,349,pure_pursuit,6.0,16.596773147583008,37.65042495727539,0.2326442152261734,-7.396315191907624e-07,0.35,0.0,0.8938519663492829,6.541609764115503e-06,191,194,5.395879444144518,216.68478796607658
1476,73.8,straightline,349,pure_pursuit,6.0,16.867385864257812,37.65152359008789,0.2326364368200302,-5.229478660052857e-07,0.35,0.0,0.6232370195705995,1.4320015907281347e-05,191,194,5.423058409411638,216.41418200388006
1477,73.85000000000001,straightline,349,pure_pursuit,6.0,17.13800811767578,37.65262222290039,0.2326366901397705,-5.103423779048128e-07,0.35,0.0,0.3526125361276417,1.4066696167010094e-05,191,194,5.405347085750054,216.14356652815016
1478,73.9,straightline,349,pure_pursuit,6.0,17.40909194946289,37.65372085571289,0.23263196647167206,1.0751429682884026e-07,0.35,0.0,0.08152647812230594,1.8790364265444913e-05,191,194,5.432486018318827,215.8724895311776
1479,73.95,straightline,349,pure_pursuit,6.0,17.68018341064453,37.65481948852539,0.23263196647167206,7.052741430715673e-07,0.35,0.0,0.18956720924451356,1.8790364265444913e-05,191,195,5.41475277571612,215.60140492816777
1480,74.0,straightline,349,pure_pursuit,6.0,17.95173454284668,37.655921936035156,0.2326345443725586,6.839766095024197e-07,0.35,0.0,0.46112057929162004,1.6212463378900778e-05,191,195,5.441864051857065,215.3298606647797
1481,74.05,straightline,349,pure_pursuit,6.0,18.22329330444336,37.65702438354492,0.2326345443725586,7.414823212505839e-07,0.35,0.0,0.7326815786798406,1.6212463378900778e-05,191,195,5.424108878160414,215.05830879556845
1482,74.10000000000001,straightline,349,pure_pursuit,6.0,18.49530792236328,37.65813064575195,0.2326342612504959,3.8213226835769907e-07,0.35,0.0,0.995302769314416,1.6495585441577345e-05,192,195,5.451128124940967,214.78630108063993
1483,74.15,straightline,349,pure_pursuit,6.0,18.767324447631836,37.65923309326172,0.23264314234256744,6.173691543768978e-07,0.35,0.0,0.7232840100237513,7.614493370060844e-06,192,195,5.433292831841277,214.51429152858367
1484,74.2,straightline,349,pure_pursuit,6.0,19.039798736572266,37.66033935546875,0.23264114558696747,7.192953764704808e-07,0.35,0.0,0.4508074753468538,9.611248970024337e-06,192,195,5.460254392171884,214.2418242239364
1485,74.25,straightline,349,pure_pursuit,6.0,19.312273025512695,37.66144561767578,0.23264837265014648,5.795468128013727e-07,0.35,0.0,0.1783309406707014,2.3841857910338214e-06,192,195,5.442401933193491,213.96935694279642
1486,74.3,straightline,349,pure_pursuit,6.0,19.5851993560791,37.662559509277344,0.2326498180627823,-5.763052784528954e-07,0.35,0.0,0.09459766301763374,9.387731551959615e-07,192,196,5.469267164853034,213.6964375839471
1487,74.35000000000001,straightline,349,pure_pursuit,6.0,19.858121871948242,37.66366958618164,0.23264850676059723,-9.357790772609307e-07,0.35,0.0,0.36752243635040577,2.250075340284442e-06,192,196,5.451346516476784,213.4235221101751
1488,74.4,straightline,349,pure_pursuit,6.0,20.131494522094727,37.66477966308594,0.23263785243034363,-6.959673384564019e-07,0.35,0.0,0.6408973402903514,1.29044055938985e-05,192,196,5.478147359679077,213.1501565602035
1489,74.45,straightline,349,pure_pursuit,6.0,20.40485954284668,37.665889739990234,0.23263618350028992,-7.058636797157348e-07,0.35,0.0,0.9142646149149437,1.4573335647602296e-05,192,196,5.460174731392467,212.8767986630689
1490,74.5,straightline,349,pure_pursuit,6.0,20.67867088317871,37.66699981689453,0.2326352745294571,-3.339787242356949e-07,0.35,0.0,0.8119230409864151,1.5482306480392943e-05,193,196,5.4868759249683405,212.6029945045593
1491,74.55,straightline,349,pure_pursuit,6.0,20.95246696472168,37.668113708496094,0.23263058066368103,-7.379680806903924e-07,0.35,0.0,0.5381246936324064,2.0176172256472142e-05,193,196,5.468882334168167,212.3292055808091
1492,74.60000000000001,straightline,349,pure_pursuit,6.0,21.22670555114746,37.66922378540039,0.2326306849718094,5.245252082236393e-08,0.35,0.0,0.26388386051670887,2.0071864128128077e-05,193,196,5.495499121021394,212.05497425765586
1493,74.65,straightline,349,pure_pursuit,6.0,21.50093650817871,37.67033386230469,0.23262102901935577,4.362472379872282e-07,0.35,0.0,0.010349343985442853,2.972781658173554e-05,193,197,5.477474056946382,211.78075058794042
1494,74.7,straightline,349,pure_pursuit,6.0,21.77560806274414,37.67144775390625,0.2326202541589737,7.262945084738952e-07,0.35,0.0,0.28502315647596504,3.0502676963826505e-05,193,197,5.504023619840639,211.50608633198993
1495,74.75,straightline,349,pure_pursuit,6.0,22.05025863647461,37.67256164550781,0.2326200157403946,1.004431271900802e-06,0.35,0.0,0.5596759889713562,3.0741095542919946e-05,193,197,5.485938471524039,211.2314430801128
1496,74.8,straightline,349,pure_pursuit,6.0,22.325347900390625,37.67367935180664,0.23262599110603333,7.041441661279977e-07,0.35,0.0,0.8347675235170826,2.476572990420728e-05,193,197,5.512294919133049,210.95636114946151
1497,74.85000000000001,straightline,349,pure_pursuit,6.0,22.60042381286621,37.67479705810547,0.23262916505336761,4.5528541389469494e-07,0.35,0.0,0.8901516940376375,2.1591782569904685e-05,194,197,5.494599892494089,210.68129259429804
1498,74.9,straightline,349,pure_pursuit,6.0,22.875932693481445,37.6759147644043,0.23264266550540924,3.2346541243393297e-07,0.35,0.0,0.6146405462385216,8.09133052824773e-06,194,197,5.521027430376551,210.40579112970522
1499,74.95,straightline,349,pure_pursuit,6.0,23.15142250061035,37.677032470703125,0.2326367050409317,7.117706182027479e-07,0.35,0.0,0.33914847177835883,1.4051795005782588e-05,194,197,5.5029413272831595,210.13030876251048
1500,75.0,straightline,349,pure_pursuit,6.0,23.427345275878906,37.67815399169922,0.23263885080814362,3.8654619379490165e-07,0.35,0.0,0.0632234172791169,1.1906027793891906e-05,194,197,5.529314474810345,209.85439343875518
1501,75.05,straightline,349,pure_pursuit,6.0,23.703248977661133,37.67927932739258,0.2326449602842331,6.364292769373333e-08,0.35,0.0,0.2126825794857606,5.796551704429858e-06,194,198,5.511158749508996,209.57849716501866
1502,75.10000000000001,straightline,349,pure_pursuit,6.0,23.979581832885742,37.68040084838867,0.23264509439468384,1.667157444201244e-07,0.35,0.0,0.489017710586326,5.662441253680478e-06,194,198,5.537448427028786,209.30217184459693
1503,75.15,straightline,349,pure_pursuit,6.0,24.255889892578125,37.68152618408203,0.23264089226722717,-4.33312434687619e-07,0.35,0.0,0.7653280618723995,9.864568710345287e-06,194,198,5.519263127226008,209.02587129601974
1504,75.2,straightline,349,pure_pursuit,6.0,24.53262710571289,37.682647705078125,0.2326449602842331,-9.020873116526103e-08,0.35,0.0,0.95793368338223,5.796551704429858e-06,195,198,5.545464583806711,208.7491417012789
1505,75.25,straightline,349,pure_pursuit,6.0,24.809335708618164,37.68376922607422,0.23264023661613464,4.98182005516502e-07,0.35,0.0,0.6812228076859227,1.0520219802864678e-05,195,198,5.527248281075354,208.472440740783
1506,75.3,straightline,349,pure_pursuit,6.0,25.086469650268555,37.68489456176758,0.23263821005821228,5.566030338112365e-07,0.35,0.0,0.4040865812646325,1.2546777725233487e-05,195,198,5.5533949340066915,208.19531445349813
1507,75.35000000000001,straightline,349,pure_pursuit,6.0,25.36357307434082,37.68601608276367,0.23264938592910767,1.1837177589459696e-06,0.35,0.0,0.12698088769919957,1.370906829849417e-06,195,198,5.535041828948233,207.91821875574567
1508,75.4,straightline,349,pure_pursuit,6.0,25.641117095947266,37.68714141845703,0.23265613615512848,4.213639487172395e-07,0.35,0.0,0.15056541541537571,-5.379319190954212e-06,195,199,5.561427991710687,207.6406824739763
1509,75.45,straightline,349,pure_pursuit,6.0,25.918636322021484,37.688270568847656,0.23265613615512848,-1.625295203246906e-08,0.35,0.0,0.4280869385040216,-5.379319190954212e-06,195,199,5.543170749319713,207.36317096465834
1510,75.5,straightline,349,pure_pursuit,6.0,26.19428253173828,37.68939208984375,0.23263639211654663,4.443792271743132e-08,0.35,0.0,0.7037354297593438,1.4364719390864473e-05,195,199,5.520494694060123,207.08753244629239
1511,75.55,straightline,349,pure_pursuit,6.0,26.470043182373047,37.690513610839844,0.23243452608585358,5.026254288410426e-06,0.35,0.0,0.9794983609978288,0.00021623075008392995,195,199,5.505039170476364,206.81177952266557
1512,75.60000000000001,straightline,349,pure_pursuit,6.0,26.74600601196289,37.6916389465332,0.23236435651779175,5.7851290877703824e-06,0.35,0.0,0.7445377459308861,0.000286400318145776,196,199,5.527702916724518,206.5358244147875
1513,75.65,straightline,349,pure_pursuit,6.0,27.02178382873535,37.6927604675293,0.23237091302871704,5.1267187463454645e-06,0.35,0.0,0.4687576487346815,0.00027984380722048273,196,199,5.506898800069817,206.2600543799285
1514,75.7,straightline,349,pure_pursuit,6.0,27.297874450683594,37.69388198852539,0.2323974072933197,4.206800567712828e-06,0.35,0.0,0.19266474900749747,0.0002533495426178107,196,199,5.53106967484423,205.98397159177142
1515,75.75,straightline,349,pure_pursuit,6.0,27.5738468170166,37.69500732421875,0.23242147266864777,3.2984488127678803e-06,0.35,0.0,0.08330991279947983,0.00022928416728975565,196,200,5.511382624143805,205.70800702872006
1516,75.8,straightline,349,pure_pursuit,6.0,27.850181579589844,37.696128845214844,0.23243989050388336,2.8151454229400894e-06,0.35,0.0,0.35964695048314343,0.00021086633205415355,196,200,5.536460477355131,205.43168017380304
1517,75.85000000000001,straightline,349,pure_pursuit,6.0,28.12643814086914,37.6972541809082,0.2324550747871399,1.5613464159742165e-06,0.35,0.0,0.6359058037561666,0.00019568204879761498,196,200,5.517440114019441,205.15543149304892
1518,75.9,straightline,349,pure_pursuit,6.0,28.40308380126953,37.6983757019043,0.23246459662914276,1.5550734252954205e-06,0.35,0.0,0.9125537373751357,0.0001861602067947569,196,200,5.543039245962203,204.8787938201903
1519,75.95,straightline,349,pure_pursuit,6.0,28.67967987060547,37.69949722290039,0.23247407376766205,1.5249608841901265e-06,0.35,0.0,0.8108453205947938,0.00017668306827548194,197,200,5.524379934059994,204.60220576215426
1520,76.0,straightline,349,pure_pursuit,6.0,28.956684112548828,37.700618743896484,0.23249517381191254,1.5911344303633668e-06,0.35,0.0,0.5338388082932716,0.00015558302402499165,197,200,5.550234208920937,204.32520959225178
1521,76.05,straightline,349,pure_pursuit,6.0,29.233644485473633,37.701744079589844,0.2324981391429901,1.221579825188261e-06,0.35,0.0,0.25687614935662184,0.00015261769294737718,197,200,5.531763263766403,204.04825726743144
1522,76.10000000000001,straightline,349,pure_pursuit,6.0,29.511009216308594,37.70286560058594,0.2325037121772766,2.682574278510688e-06,0.35,0.0,0.020490850891268567,0.00014704465866091266,197,201,5.557735363884347,203.7709006940212
1523,76.15,straightline,349,pure_pursuit,6.0,29.78834342956543,37.70398712158203,0.2325037121772766,3.5518202702831175e-06,0.35,0.0,0.29782733010090995,0.00014704465866091266,197,201,5.539379357007117,203.49357466413403
1524,76.2,straightline,349,pure_pursuit,6.0,30.06609344482422,37.705116271972656,0.2325306087732315,2.5461886882017564e-06,0.35,0.0,0.5755796405403668,0.00012014806270599251,197,201,5.565323346395174,203.21583279731053
1525,76.25,straightline,349,pure_pursuit,6.0,30.343807220458984,37.70624542236328,0.2325306087732315,2.203928969310458e-06,0.35,0.0,0.8532957116584949,0.00012014806270599251,197,201,5.547025503769219,202.93812719575004
1526,76.3,straightline,349,pure_pursuit,6.0,30.62193489074707,37.707374572753906,0.23256105184555054,1.3959442080807954e-06,0.35,0.0,0.8685755724229008,8.970499038697663e-05,198,201,5.572953751491913,202.6600077619604
1527,76.35000000000001,straightline,349,pure_pursuit,6.0,30.9000301361084,37.70850372314453,0.23257124423980713,1.0977822259794184e-06,0.35,0.0,0.5904780347267623,7.951259613037166e-05,198,201,5.5546120564990575,202.381920779388
1528,76.4,straightline,349,pure_pursuit,6.0,31.178539276123047,37.709632873535156,0.23258180916309357,1.194109448748625e-06,0.35,0.0,0.31196660578515617,6.894767284392385e-05,198,201,5.580515014214868,202.10341996506733
1529,76.45,straightline,349,pure_pursuit,6.0,31.457008361816406,37.71076202392578,0.2325945347547531,1.226537374159161e-06,0.35,0.0,0.033495230863904414,5.6222081184407556e-05,198,201,5.562149934790211,201.82495923108027
1530,76.5,straightline,349,pure_pursuit,6.0,31.73589324951172,37.71189498901367,0.23259389400482178,5.375086327777124e-07,0.35,0.0,0.2453919581743435,5.686283111574914e-05,198,202,5.588012405023629,201.5460827097534
1531,76.55,straightline,349,pure_pursuit,6.0,32.01473617553711,37.71303176879883,0.2325998693704605,-5.833162274017087e-07,0.35,0.0,0.5242372013630462,5.088746547698677e-05,198,202,5.569568162079858,201.2672481272768
1532,76.60000000000001,straightline,349,pure_pursuit,6.0,32.29398727416992,37.71416473388672,0.23261131346225739,-7.628784970965681e-07,0.35,0.0,0.8034905982839768,3.9443373680103945e-05,198,202,5.595357639248386,200.98800548439266
1533,76.65,straightline,349,pure_pursuit,6.0,32.57319641113281,37.715301513671875,0.23260344564914703,-1.297519525960505e-06,0.35,0.0,0.9172972587698595,4.7311186790485736e-05,199,202,5.576913899413677,200.7088047806142
1534,76.7,straightline,349,pure_pursuit,6.0,32.85280990600586,37.71643829345703,0.2325931191444397,-1.4514877695844697e-06,0.35,0.0,0.6376814531399161,5.76376914977904e-05,199,202,5.602611804329858,200.42919978232405
1535,76.75,straightline,349,pure_pursuit,6.0,33.132389068603516,37.71757125854492,0.23259159922599792,-9.948572917762415e-07,0.35,0.0,0.3580999949586052,5.915760993956701e-05,199,202,5.584178075757241,200.1496291927764
1536,76.80000000000001,straightline,349,pure_pursuit,6.0,33.41236877441406,37.71870803833008,0.2325877845287323,-9.88968344213406e-07,0.35,0.0,0.07811798170349747,6.297230720521119e-05,199,202,5.609848820853778,199.86965807452466
1537,76.85000000000001,straightline,349,pure_pursuit,6.0,33.69230270385742,37.7198486328125,0.2325296700000763,1.2215166752048237e-06,0.35,0.0,0.2018182721816513,0.00012108683586123816,199,203,5.5911926790161575,199.5897327101865
1538,76.9,straightline,349,pure_pursuit,6.0,33.972633361816406,37.72098922729492,0.23231548070907593,6.391040025847606e-06,0.35,0.0,0.48215125036843187,0.00033527612686157183,199,203,5.616734391931542,199.30941068099648
1539,76.95,straightline,349,pure_pursuit,6.0,34.25291442871094,37.72212600708008,0.23215198516845703,1.0929536153144202e-05,0.35,0.0,0.7624346224552738,0.0004987716674804787,199,203,5.59810286604129,199.0291383188778
1540,77.0,straightline,349,pure_pursuit,6.0,34.53358840942383,37.72325897216797,0.23194520175457,1.782482128616255e-05,0.35,0.0,0.956886526650928,0.0007055550813674893,200,203,5.623588423743036,198.74847315623418
1541,77.05000000000001,straightline,349,pure_pursuit,6.0,34.81421661376953,37.72439193725586,0.2318386733531952,2.2120220638192512e-05,0.35,0.0,0.6762560353434416,0.000812083482742303,200,203,5.604996783842213,198.46785379752717
1542,77.10000000000001,straightline,349,pure_pursuit,6.0,35.09523010253906,37.72552490234375,0.2316887229681015,2.8075080865135376e-05,0.35,0.0,0.3952402629025985,0.0009620338678360195,200,203,5.630416715767393,198.1868492182966
1543,77.15,straightline,349,pure_pursuit,6.0,35.37620162963867,37.72665786743164,0.2316550612449646,3.106611744374154e-05,0.35,0.0,0.11426645280903168,0.000995695590972921,200,203,5.611751735137621,197.90588662899074
1544,77.2,straightline,349,pure_pursuit,6.0,35.657554626464844,37.72779083251953,0.23155103623867035,3.404852567626893e-05,0.35,0.0,0.16708882824889046,0.001099720597267179,200,204,5.637125467715059,197.62454263404638
1545,77.25,straightline,349,pure_pursuit,6.0,35.93885040283203,37.72892379760742,0.23157472908496857,3.546389143195746e-05,0.35,0.0,0.44838688540736293,0.001076027750968917,200,204,5.618397057087845,197.34325588689677
1546,77.30000000000001,straightline,349,pure_pursuit,6.0,36.22053527832031,37.730064392089844,0.23150724172592163,3.819825264748076e-05,0.35,0.0,0.7300740697306015,0.001143515110015875,200,204,5.643672059224034,197.06158000657865
1547,77.35000000000001,straightline,349,pure_pursuit,6.0,36.50216293334961,37.731201171875,0.23157423734664917,3.8204904176027854e-05,0.35,0.0,0.9882972140504701,0.0010765194892883316,201,204,5.624923059810203,196.77996142392158
1548,77.4,straightline,349,pure_pursuit,6.0,36.78416061401367,37.73234176635742,0.2317366749048233,3.5290891332927425e-05,0.35,0.0,0.706297227481966,0.0009140819311141921,201,204,5.65002820458672,196.49797282992884
1549,77.45,straightline,349,pure_pursuit,6.0,37.066097259521484,37.73347473144531,0.23207388818264008,2.9596053927516653e-05,0.35,0.0,0.4243583085783536,0.0005768686532974178,201,204,5.63124309442157,196.21604539822596
1550,77.5,straightline,349,pure_pursuit,6.0,37.348411560058594,37.7346076965332,0.23235169053077698,2.617078214075801e-05,0.35,0.0,0.14204175053668974,0.0002990663051605314,201,204,5.656374371073662,195.93374037679808
1551,77.55000000000001,straightline,349,pure_pursuit,6.0,37.63066101074219,37.73574447631836,0.23271408677101135,1.4429614913159796e-05,0.35,0.0,0.1402100349871443,-6.33299350738265e-05,201,205,5.637503808536925,195.65150018312357
1552,77.60000000000001,straightline,349,pure_pursuit,6.0,37.91328811645508,37.736873626708984,0.2328200340270996,1.5929786212271782e-05,0.35,0.0,0.422839382621307,-0.00016927719116210924,201,205,5.662504384183728,195.36888250003165
1553,77.65,straightline,349,pure_pursuit,6.0,38.19584655761719,37.73799514770508,0.2328646183013916,2.0940847784886085e-05,0.35,0.0,0.7054000475432779,-0.00021386146545407394,201,205,5.643485852331966,195.08633360941545
1554,77.7,straightline,349,pure_pursuit,6.0,38.478782653808594,37.73912048339844,0.23279836773872375,2.8911888477203045e-05,0.35,0.0,0.9883383806449282,-0.0001476109027862658,201,205,5.668492597281921,194.80340708038656
1555,77.75,straightline,349,pure_pursuit,6.0,38.76163864135742,37.7402458190918,0.2327652871608734,3.644584263235299e-05,0.35,0.0,0.7288046418582921,-0.00011453032493589516,202,205,5.6495292467542555,194.52056068743408
1556,77.80000000000001,straightline,349,pure_pursuit,6.0,39.04487228393555,37.74137878417969,0.23274444043636322,4.2795091730010346e-05,0.35,0.0,0.4455687537571654,-9.368360042572581e-05,202,205,5.674428115588897,194.23733660625595
1557,77.85000000000001,straightline,349,pure_pursuit,6.0,39.328025817871094,37.742515563964844,0.23276111483573914,4.764921406929735e-05,0.35,0.0,0.16241302425902865,-0.00011035799980163566,202,205,5.655407468690417,193.9541926111323
1558,77.9,straightline,349,pure_pursuit,6.0,39.61154556274414,37.74364471435547,0.23281548917293549,3.955489102071085e-05,0.35,0.0,0.12110930316971458,-0.00016473233699795722,202,206,5.680275323601581,193.6706825718982
1559,77.95,straightline,349,pure_pursuit,6.0,39.894996643066406,37.74477767944336,0.232860267162323,4.362182087847942e-05,0.35,0.0,0.40456251146723415,-0.00020951032638548195,202,206,5.661236468583729,193.38724117599853
1560,78.0,straightline,349,pure_pursuit,6.0,40.17880630493164,37.74591064453125,0.23292513191699982,4.7867948266626e-05,0.35,0.0,0.6883744111606351,-0.00027437508106231256,202,206,5.686056093319309,193.10344126486902
1561,78.05000000000001,straightline,349,pure_pursuit,6.0,40.46253967285156,37.747047424316406,0.23296907544136047,5.225729349536143e-05,0.35,0.0,0.9721100455971582,-0.0003183186054229854,202,206,5.66696054522253,192.81971762598474
1562,78.10000000000001,straightline,349,pure_pursuit,6.0,40.74663543701172,37.74818801879883,0.23306986689567566,5.5071344999806984e-05,0.35,0.0,0.7437932453506012,-0.0004191100597381301,203,206,5.6916580718537135,192.53563160749079
1563,78.15,straightline,349,pure_pursuit,6.0,41.030643463134766,37.74931716918945,0.2332933098077774,5.772015779949671e-05,0.35,0.0,0.4597830277893382,-0.0006425529718398728,203,206,5.672516837155357,192.2516335064282
1564,78.2,straightline,349,pure_pursuit,6.0,41.31500244140625,37.750450134277344,0.23364593088626862,5.712944257743773e-05,0.35,0.0,0.17542201333095137,-0.0009951740503311014,203,206,5.697160793192519,191.9672844694921
1565,78.25,straightline,349,pure_pursuit,6.0,41.59928512573242,37.75157928466797,0.23402518033981323,3.3053840389258465e-05,0.35,0.0,0.10886385730056279,-0.0013744235038757016,203,207,5.678027261052935,191.6830118065881
1566,78.30000000000001,straightline,349,pure_pursuit,6.0,41.88392639160156,37.75271224975586,0.23434887826442719,3.1616744304089245e-05,0.35,0.0,0.39350695448512524,-0.001698121428489691,203,207,5.702630853892047,191.39838057953392
1567,78.35000000000001,straightline,349,pure_pursuit,6.0,42.16847610473633,37.753849029541016,0.23463287949562073,3.0922990901473226e-05,0.35,0.0,0.678058868151999,-0.0019821226596832054,203,207,5.683444218121523,191.11384088302665
1568,78.4,straightline,349,pure_pursuit,6.0,42.45338439941406,37.75498962402344,0.23489077389240265,3.097430199457754e-05,0.35,0.0,0.9629694163133162,-0.0022400170564651186,203,207,5.707982062547215,190.82894262260865
1569,78.45,straightline,349,pure_pursuit,6.0,42.73819351196289,37.756126403808594,0.23514309525489807,3.252954102455082e-05,0.35,0.0,0.7522168256863125,-0.002492338418960567,204,207,5.68871154301217,190.5441436231728
1570,78.5,straightline,349,pure_pursuit,6.0,43.02336883544922,37.75727081298828,0.235388845205307,3.354456635749838e-05,0.35,0.0,0.46703929777422704,-0.0027380883693694947,204,207,5.71321463019728,190.25897838068846
1571,78.55000000000001,straightline,349,pure_pursuit,6.0,43.30844497680664,37.75841522216797,0.23563513159751892,3.514218565957977e-05,0.35,0.0,0.18196123778936268,-0.00298437476158142,204,207,5.6939202821178565,189.973912348653
1572,78.60000000000001,straightline,349,pure_pursuit,6.0,43.593875885009766,37.759559631347656,0.23589153587818146,7.046463568236588e-06,0.35,0.0,0.10347368133122864,-0.003240779042243962,204,208,5.718410977554834,189.6884916187452
1573,78.65,straightline,349,pure_pursuit,6.0,43.879207611083984,37.76070785522461,0.23608338832855225,7.517683370616486e-06,0.35,0.0,0.3888069094153824,-0.0034326314926147548,204,208,5.699124056789581,189.40317004864616
1574,78.7,straightline,349,pure_pursuit,6.0,44.1649055480957,37.76185607910156,0.23621605336666107,1.0317870161075324e-05,0.35,0.0,0.6745070306644342,-0.0035652965307235752,204,208,5.723547845879387,189.1174823380702
1575,78.75,straightline,349,pure_pursuit,6.0,44.450496673583984,37.76300048828125,0.2363279014825821,1.4919680567163725e-05,0.35,0.0,0.9601004008814177,-0.0036771446466445823,204,208,5.704210548100901,188.83190151848723
1576,78.80000000000001,straightline,349,pure_pursuit,6.0,44.73643493652344,37.7641487121582,0.2364627569913864,1.9011490776399905e-05,0.35,0.0,0.7539605897584388,-0.0038120001554489266,205,208,5.728537646046277,188.5459735796876
1577,78.85000000000001,straightline,349,pure_pursuit,6.0,45.022274017333984,37.76529312133789,0.2366090565919876,2.428185166547248e-05,0.35,0.0,0.4681193518466232,-0.003958299756050104,205,208,5.70920944239649,188.26014490368107
1578,78.9,straightline,349,pure_pursuit,6.0,45.30845642089844,37.76644515991211,0.23679041862487793,2.793203029061677e-05,0.35,0.0,0.18193516513025046,-0.0041396617889404375,205,208,5.733524190040253,187.97397287197174
1579,78.95,straightline,349,pure_pursuit,6.0,45.594539642333984,37.76759719848633,0.23698946833610535,-6.188872857677643e-06,0.35,0.0,0.10415278031909068,-0.0043387115001678155,205,209,5.714136418887926,187.68790005210116
1580,79.0,straightline,349,pure_pursuit,6.0,45.88096618652344,37.76875305175781,0.23712113499641418,-4.133347422378096e-06,0.35,0.0,0.39058053182648195,-0.004470378160476679,205,209,5.73836595977048,187.4014839280865
1581,79.05000000000001,straightline,349,pure_pursuit,6.0,46.167293548583984,37.76990509033203,0.23717068135738373,1.257740563929802e-06,0.35,0.0,0.6769100413169509,-0.004519924521446222,205,209,5.71895896628711,187.1151670676842
1582,79.10000000000001,straightline,349,pure_pursuit,6.0,46.45396423339844,37.77105712890625,0.2372247874736786,7.382495170363802e-06,0.35,0.0,0.963582972700401,-0.004574030637741095,205,209,5.743169185457441,186.82850695514182
1583,79.15,straightline,349,pure_pursuit,6.0,46.740535736083984,37.772212982177734,0.23730410635471344,1.2521059150553695e-05,0.35,0.0,0.7498410401611708,-0.004653349518775956,206,209,5.7237169903612335,186.5419460036858
1584,79.2,straightline,349,pure_pursuit,6.0,47.02745056152344,37.773372650146484,0.23739877343177795,1.7329009657731503e-05,0.35,0.0,0.4629240299660147,-0.004748016595840461,206,209,5.747880555311322,186.255041748935
1585,79.25,straightline,349,pure_pursuit,6.0,47.31425857543945,37.77452850341797,0.23753871023654938,2.2444820834841355e-05,0.35,0.0,0.17611437498053187,-0.004887953400611855,206,209,5.72840597926725,185.96824438744233
1586,79.30000000000001,straightline,349,pure_pursuit,6.0,47.60139846801758,37.77568817138672,0.23769687116146088,-1.3638187714764824e-05,0.35,0.0,0.11103071727703398,-0.005046114325523391,206,210,5.7525290270685625,185.6811151661801
1587,79.35000000000001,straightline,349,pure_pursuit,6.0,47.88843536376953,37.77684783935547,0.23778651654720306,-1.0285396304523897e-05,0.35,0.0,0.3980686910335976,-0.005135759711265557,206,210,5.733024123852484,185.39408897255427
1588,79.4,straightline,349,pure_pursuit,6.0,48.17581558227539,37.77800750732422,0.23780596256256104,-4.312447199159921e-06,0.35,0.0,0.6854510455148629,-0.005155205726623521,206,210,5.757128867214378,185.10671952836117
1589,79.45,straightline,349,pure_pursuit,6.0,48.46308517456055,37.77916717529297,0.23782514035701752,2.098734411517787e-06,0.35,0.0,0.9727228948358738,-0.005174383521079987,206,210,5.737615608296936,184.8194607409241
1590,79.5,straightline,349,pure_pursuit,6.0,48.75068283081055,37.78032684326172,0.23786601424217224,8.830635044624524e-06,0.35,0.0,0.7396788275779118,-0.005215257406234751,207,210,5.7616317769322505,184.53187396090436
1591,79.55000000000001,straightline,349,pure_pursuit,6.0,49.038177490234375,37.78148651123047,0.23794114589691162,1.5244779427694073e-05,0.35,0.0,0.4521820227136675,-0.005290389060974125,207,210,5.742086619813625,184.24439020938175
1592,79.60000000000001,straightline,349,pure_pursuit,6.0,49.32600021362305,37.78265380859375,0.2380545437335968,1.987161591624199e-05,0.35,0.0,0.16435777823490952,-0.005403786897659314,207,210,5.766099985130465,183.9565783617048
1593,79.65,straightline,349,pure_pursuit,6.0,49.61371612548828,37.783817291259766,0.23819757997989655,-1.85670286137212e-05,0.35,0.0,0.12336360392669922,-0.005546823143959023,207,211,5.746501912334667,183.66887340922307
1594,79.7,straightline,349,pure_pursuit,6.0,49.901756286621094,37.78498077392578,0.23825620114803314,-1.3988947138699901e-05,0.35,0.0,0.4114048700205874,-0.005605444312095642,207,211,5.770440087973279,183.3808442796108
1595,79.75,straightline,349,pure_pursuit,6.0,50.18968963623047,37.78614807128906,0.23825915157794952,-8.332884911238616e-06,0.35,0.0,0.6993403622128362,-0.005608394742012029,207,211,5.750821824722251,183.09292194133485
1596,79.80000000000001,straightline,349,pure_pursuit,6.0,50.47794723510742,37.787315368652344,0.23824462294578552,-1.4461021479619807e-06,0.35,0.0,0.9876002322199389,-0.0055938661098480095,207,211,5.774726839619352,182.80467542643333
1597,79.85000000000001,straightline,349,pure_pursuit,6.0,50.76609420776367,37.78847885131836,0.23826734721660614,5.766672786899752e-06,0.35,0.0,0.7242522498811762,-0.00561659038066862,208,211,5.755083430972479,182.51653962217915
1598,79.9,straightline,349,pure_pursuit,6.0,51.05455780029297,37.78964614868164,0.23831719160079956,1.236401619977044e-05,0.35,0.0,0.43578651760488757,-0.0056664347648620675,208,211,5.778946090437084,182.2280872182776
1599,79.95,straightline,349,pure_pursuit,6.0,51.342918395996094,37.79081344604492,0.2384161502122879,1.8288730211035655e-05,0.35,0.0,0.14742464772024763,-0.005765393376350403,208,211,5.759288405488368,181.93973784441593
1600,80.0,straightline,349,pure_pursuit,6.0,51.631595611572266,37.79198455810547,0.23855645954608917,-2.3357153593024624e-05,0.35,0.0,0.14125829249048033,-0.00590570271015164,208,212,5.783097219662854,181.65107187130423
1601,80.05000000000001,straightline,349,pure_pursuit,6.0,51.9201545715332,37.79315948486328,0.23858514428138733,-1.9659325449457276e-05,0.35,0.0,0.42981848921456184,-0.005934387445449836,208,212,5.763438730255428,181.36252413329453
1602,80.10000000000001,straightline,349,pure_pursuit,6.0,52.20903778076172,37.79433059692383,0.23855598270893097,-1.2982102392068505e-05,0.35,0.0,0.7187038498853595,-0.005905225872993454,208,212,5.787216791192716,181.07365227299476
1603,80.15,straightline,349,pure_pursuit,6.0,52.497802734375,37.795501708984375,0.2385217249393463,-5.788980199414147e-06,0.35,0.0,0.9925306140998286,-0.0058709681034087935,209,212,5.76752135716408,180.78489870086588
1604,80.2,straightline,349,pure_pursuit,6.0,52.78688430786133,37.79667282104492,0.23851318657398224,1.5597556026888197e-06,0.35,0.0,0.7034467703978146,-0.0058624297380447145,209,212,5.791259517373212,180.49582858320179
1605,80.25,straightline,349,pure_pursuit,6.0,53.07585144042969,37.79784393310547,0.2385353296995163,8.618542897858047e-06,0.35,0.0,0.4144775079762383,-0.005884572863578795,209,212,5.771532668949925,180.20687293983474
1606,80.30000000000001,straightline,349,pure_pursuit,6.0,53.36513900756836,37.79901885986328,0.23860307037830353,1.4565213847913887e-05,0.35,0.0,0.12518890921662043,-0.0059523135423660235,209,212,5.795212720733206,179.91759688433967
1607,80.35000000000001,straightline,349,pure_pursuit,6.0,53.65430450439453,37.80018615722656,0.23871594667434692,-2.4102589519972183e-05,0.35,0.0,0.16398239579445775,-0.006065189838409393,209,213,5.775460145234124,179.62844303809695
1608,80.4,straightline,349,pure_pursuit,6.0,53.94378662109375,37.80135726928711,0.23874081671237946,-1.860684006751391e-05,0.35,0.0,0.4534659233910983,-0.006090059876441944,209,213,5.799134119143785,179.33897259471468
1609,80.45,straightline,349,pure_pursuit,6.0,54.23314666748047,37.80253219604492,0.2387029528617859,-1.185683027847813e-05,0.35,0.0,0.7428281396451987,-0.006052196025848377,209,213,5.779378050431892,179.0496242021302
1610,80.5,straightline,349,pure_pursuit,6.0,54.52281951904297,37.80370330810547,0.23866093158721924,-3.397152841990171e-06,0.35,0.0,0.9674946589701487,-0.00601017475128173,210,213,5.802977899830258,178.75996313334636
1611,80.55000000000001,straightline,349,pure_pursuit,6.0,54.8123779296875,37.804874420166016,0.23866157233715057,4.452448823183631e-06,0.35,0.0,0.6779339975426388,-0.006010815501213071,210,213,5.783171890813114,178.47041654027663
1612,80.60000000000001,straightline,349,pure_pursuit,6.0,55.10224151611328,37.80604553222656,0.23870842158794403,1.208762071130922e-05,0.35,0.0,0.38806834086276304,-0.006057664752006498,210,213,5.8067622851491025,178.18056484729794
1613,80.65,straightline,349,pure_pursuit,6.0,55.39198303222656,37.80722427368164,0.2387945055961609,1.7481820758724e-05,0.35,0.0,0.09832640362374243,-0.00614374876022339,210,213,5.7869463017801746,177.89083515248484
1614,80.7,straightline,349,pure_pursuit,6.0,55.68203353881836,37.80840301513672,0.23891498148441315,-2.6284469439734685e-05,0.35,0.0,0.1917305078060758,-0.006264224648475643,210,214,5.810507625354322,177.60079654386524
1615,80.75,straightline,349,pure_pursuit,6.0,55.971961975097656,37.80957794189453,0.2389495074748993,-2.1301336675096898e-05,0.35,0.0,0.4816605115420119,-0.0062987506389618015,210,214,5.790709881054056,177.3108800937942
1616,80.80000000000001,straightline,349,pure_pursuit,6.0,56.2621955871582,37.810752868652344,0.23890937864780426,-1.358540606698114e-05,0.35,0.0,0.771896300714672,-0.006258621811866773,210,214,5.81421280122227,177.02065854504602
1617,80.85000000000001,straightline,349,pure_pursuit,6.0,56.55230712890625,37.81192398071289,0.23885729908943176,-4.266664824487664e-06,0.35,0.0,0.9379916550111067,-0.00620654225349427,211,214,5.794355717624904,176.73055915558567
1618,80.9,straightline,349,pure_pursuit,6.0,56.84272766113281,37.81310272216797,0.23885703086853027,2.9052999435660487e-06,0.35,0.0,0.6475688602904756,-0.006206274032592771,211,214,5.8178139852686925,176.4401507466403
1619,80.95,straightline,349,pure_pursuit,6.0,57.13302230834961,37.81427764892578,0.23888753354549408,1.070181425620742e-05,0.35,0.0,0.3572721823549512,-0.0062367767095565475,211,214,5.797951721751997,176.1498683118016
1620,81.0,straightline,349,pure_pursuit,6.0,57.423622131347656,37.81545639038086,0.2389681041240692,1.7347874028965002e-05,0.35,0.0,0.06667331340233215,-0.006317347288131687,211,214,5.8214124554368505,175.8592807258981
1621,81.05000000000001,straightline,349,pure_pursuit,6.0,57.71409606933594,37.81664276123047,0.2390916645526886,-2.8061155666328014e-05,0.35,0.0,0.2238083573648969,-0.006440907716751075,211,215,5.801514920980517,175.5688189532046
1622,81.10000000000001,straightline,349,pure_pursuit,6.0,58.00486755371094,37.81782531738281,0.23910117149353027,-2.3113560061388905e-05,0.35,0.0,0.514581564943788,-0.006450414657592755,211,215,5.824914200250902,175.2780597660878
1623,81.15,straightline,349,pure_pursuit,6.0,58.29551696777344,37.819000244140625,0.23904788494110107,-1.4558774057405621e-05,0.35,0.0,0.8052331708870233,-0.006397128105163557,211,215,5.804995509807786,174.98742279386272
1624,81.2,straightline,349,pure_pursuit,6.0,58.586463928222656,37.8201789855957,0.23898814618587494,-5.801068147782512e-06,0.35,0.0,0.903819333027937,-0.0063373893499374095,212,215,5.82834928871248,174.6964883003689
1625,81.25,straightline,349,pure_pursuit,6.0,58.87728500366211,37.82135772705078,0.23898248374462128,2.0237025586434824e-06,0.35,0.0,0.612996013562146,-0.006331726908683779,212,215,5.8084150080249355,174.405679728787
1626,81.30000000000001,straightline,349,pure_pursuit,6.0,59.16840362548828,37.822540283203125,0.2390066385269165,9.137839922066804e-06,0.35,0.0,0.32187539084420036,-0.006355881690979,212,215,5.831737407736614,174.1145736363981
1627,81.35000000000001,straightline,349,pure_pursuit,6.0,59.459388732910156,37.82372283935547,0.23906853795051575,1.5852988840768592e-05,0.35,0.0,0.030895819789725578,-0.006417781114578216,212,215,5.811803171528624,173.82360109493587
1628,81.4,straightline,349,pure_pursuit,6.0,59.75067138671875,37.82490539550781,0.23918293416500092,-2.834187867339286e-05,0.35,0.0,0.2603990619018592,-0.006532177329063411,212,216,5.835088894517172,173.53233108742296
1629,81.45,straightline,349,pure_pursuit,6.0,60.04182815551758,37.82609176635742,0.23921626806259155,-2.4373827506083772e-05,0.35,0.0,0.5515576917764031,-0.006565511226654054,212,216,5.8151714305365605,173.24118694838006
1630,81.5,straightline,349,pure_pursuit,6.0,60.33327865600586,37.82722854614258,0.2391538918018341,-6.610617325139998e-06,0.35,0.0,0.8430102790359933,-0.0065031349658966,212,216,5.839008063682067,172.9497498656955
1631,81.55000000000001,straightline,349,pure_pursuit,6.0,60.624603271484375,37.82838439941406,0.23898449540138245,1.1011672587959008e-05,0.35,0.0,0.8656609856440408,-0.006333738565444919,213,216,5.819416194000845,172.65843843551167
1632,81.60000000000001,straightline,349,pure_pursuit,6.0,60.91624069213867,37.82956314086914,0.23914256691932678,1.6047901901586323e-05,0.35,0.0,0.5740213836148755,-0.006491810083389289,213,216,5.842669938713962,172.36681395712844
1633,81.65,straightline,349,pure_pursuit,6.0,61.20774841308594,37.83079528808594,0.2395709753036499,1.6138910781560702e-06,0.35,0.0,0.2825115257249183,-0.006920218467712412,213,216,5.823865903215066,172.07531845240166
1634,81.7,straightline,349,pure_pursuit,6.0,61.499568939208984,37.832027435302734,0.24012695252895355,-6.266527266764337e-05,0.35,0.0,0.00934048314166493,-0.007476195693016027,213,217,5.8474244565626785,171.78351022494044
1635,81.75,straightline,349,pure_pursuit,6.0,61.7912712097168,37.83324432373047,0.2404642105102539,-7.29129338726196e-05,0.35,0.0,0.30101823498542735,-0.007813453674316385,213,217,5.827785332698502,171.49182051062883
1636,81.80000000000001,straightline,349,pure_pursuit,6.0,62.08328628540039,37.83445358276367,0.2407945692539215,-8.123396854515182e-05,0.35,0.0,0.593035399290198,-0.008143812417984012,213,217,5.851321780148747,171.1998181845146
1637,81.85000000000001,straightline,349,pure_pursuit,6.0,62.37519073486328,37.835655212402344,0.24093376100063324,-8.287737450313403e-05,0.35,0.0,0.8849421865460201,-0.00828300416469572,213,217,5.8316476536830635,170.9079266350638
1638,81.9,straightline,349,pure_pursuit,6.0,62.66740036010742,37.836849212646484,0.24116459488868713,-8.479533350177965e-05,0.35,0.0,0.8228474488570491,-0.008513838052749608,214,217,5.855193563099949,170.61573010400565
1639,81.95,straightline,349,pure_pursuit,6.0,62.9594841003418,37.83804702758789,0.2412571758031845,-8.366219231584824e-05,0.35,0.0,0.530761374679746,-0.008606418967246983,214,217,5.835565041428796,170.3236594431411
1640,82.0,straightline,349,pure_pursuit,6.0,63.25191879272461,37.83922576904297,0.24112346768379211,-7.112851532199257e-05,0.35,0.0,0.23832478245297278,-0.008472710847854623,214,217,5.85960243529864,170.03123819553653
1641,82.05000000000001,straightline,349,pure_pursuit,6.0,63.54426193237305,37.84040451049805,0.2409653514623642,-9.775748803128945e-05,0.35,0.0,0.05402540205168821,-0.008314594626426669,214,218,5.839999744612916,169.7389085456071
1642,82.10000000000001,straightline,349,pure_pursuit,6.0,63.83694076538086,37.84159851074219,0.24050335586071014,-8.180783504423363e-05,0.35,0.0,0.34670343200203113,-0.007852599024772634,214,218,5.863664967482967,169.44624307134342
1643,82.15,straightline,349,pure_pursuit,6.0,64.12952423095703,37.84282684326172,0.24019834399223328,-7.696424759912845e-05,0.35,0.0,0.6392891663060297,-0.007547587156295746,214,218,5.844450691407155,169.1536725115095
1644,82.2,straightline,349,pure_pursuit,6.0,64.42247009277344,37.84407043457031,0.23965872824192047,-6.911121691091913e-05,0.35,0.0,0.9322375420845127,-0.007007971405982958,214,218,5.8683835055909235,168.8607394258146
1645,82.25,straightline,349,pure_pursuit,6.0,64.7153091430664,37.845298767089844,0.2391493171453476,-5.928735365779355e-05,0.35,0.0,0.7749262017004577,-0.006498560309410093,215,218,5.84886435647117,168.5679134156615
1646,82.30000000000001,straightline,349,pure_pursuit,6.0,65.00846099853516,37.846519470214844,0.238693967461586,-4.91418008374949e-05,0.35,0.0,0.481771875233815,-0.006043210625648467,215,218,5.872447975429768,168.2747747987844
1647,82.35000000000001,straightline,349,pure_pursuit,6.0,65.30149841308594,37.847740173339844,0.23832492530345917,-4.1603742249070375e-05,0.35,0.0,0.1887322065865075,-0.00567416846752165,215,218,5.852944359571643,167.98175066575945
1648,82.4,straightline,349,pure_pursuit,6.0,65.5948486328125,37.84894943237305,0.2380111664533615,-6.110148665823899e-05,0.35,0.0,0.10462188720703125,-0.005360409617423995,215,219,5.876568699732761,167.68841398304318
1649,82.45,straightline,349,pure_pursuit,6.0,65.88809204101562,37.85015869140625,0.23769137263298035,-5.3141044735561736e-05,0.35,0.0,0.3978671330974956,-0.0050406157970428155,215,219,5.85705066657688,167.39518415664114
1650,82.5,straightline,349,pure_pursuit,6.0,66.18165588378906,37.85137176513672,0.23734690248966217,-4.509002731053634e-05,0.35,0.0,0.6914333813357041,-0.004696145653724645,215,219,5.8806383177075885,167.10163393056527
1651,82.55000000000001,straightline,349,pure_pursuit,6.0,66.47509765625,37.85258483886719,0.23703251779079437,-3.804560132898758e-05,0.35,0.0,0.9848776202220081,-0.004381760954856876,215,219,5.8611430011647565,166.80820581846805
1652,82.60000000000001,straightline,349,pure_pursuit,6.0,66.76885986328125,37.85379409790039,0.23675654828548431,-3.097590465358748e-05,0.35,0.0,0.7213514368631359,-0.004090532660458379,216,219,5.88458933312852,166.51445741912866
1653,82.65,straightline,349,pure_pursuit,6.0,67.06254577636719,37.855003356933594,0.2365303784608841,-2.533522841738523e-05,0.35,0.0,0.4276630789771345,-0.0038643628358576683,216,219,5.869133917704951,166.22078536311753
1654,82.7,straightline,349,pure_pursuit,6.0,67.3565673828125,37.8562126159668,0.23633550107479095,-2.0222615809854472e-05,0.35,0.0,0.13363923090444124,-0.003669485449769718,216,219,5.893424284619473,165.92677770786352
1655,82.75,straightline,349,pure_pursuit,6.0,67.65050506591797,37.857421875,0.23617875576019287,-3.599669538157191e-05,0.35,0.0,0.1603015926705615,-0.0035127401351692793,216,220,5.874769206000446,165.63285402522138
1656,82.80000000000001,straightline,349,pure_pursuit,6.0,67.94480895996094,37.8586311340332,0.23599788546562195,-3.178842118806614e-05,0.35,0.0,0.45460777986466844,-0.0033318698406031803,216,220,5.89892690255597,165.33856423001458
1657,82.85000000000001,straightline,349,pure_pursuit,6.0,68.23902130126953,37.859840393066406,0.23579780757427216,-2.7196910590338746e-05,0.35,0.0,0.7488225652154246,-0.0031317919492495636,216,220,5.880070514594822,165.04436603671954
1658,82.9,straightline,349,pure_pursuit,6.0,68.53358459472656,37.86104965209961,0.23561541736125946,-2.282418644727621e-05,0.35,0.0,0.9566053285484925,-0.002949401736250286,217,220,5.904293579616543,164.74981698897244
1659,82.95,straightline,349,pure_pursuit,6.0,68.82807922363281,37.86225891113281,0.23545512557029724,-1.914869154373679e-05,0.35,0.0,0.6621082272579435,-0.002789109945271836,217,220,5.885548625574571,164.45533665818797
1660,83.0,straightline,349,pure_pursuit,6.0,69.1229248046875,37.86346435546875,0.23531073331832886,-1.4692236268903431e-05,0.35,0.0,0.36726021213172455,-0.002644717693305593,217,220,5.909801766600116,164.16050553044565
1661,83.05000000000001,straightline,349,pure_pursuit,6.0,69.4177017211914,37.86467742919922,0.23521040380001068,-1.3342336632676347e-05,0.35,0.0,0.07248105056930587,-0.0025443881749774187,217,220,5.891127965803062,163.86574300744545
1662,83.10000000000001,straightline,349,pure_pursuit,6.0,69.71285247802734,37.865882873535156,0.23509669303894043,-2.362617702580364e-05,0.35,0.0,0.2226725911378353,-0.0024306774139149505,217,221,5.916685637097418,163.57060685948417
1663,83.15,straightline,349,pure_pursuit,6.0,70.0080795288086,37.86709213256836,0.23497895896434784,-2.0984554582163505e-05,0.35,0.0,0.517902057773908,-0.002312943339319962,217,221,5.898566615249625,163.27539443100895
1664,83.2,straightline,349,pure_pursuit,6.0,70.30377960205078,37.86830139160156,0.2348538041114807,-1.7774926462936455e-05,0.35,0.0,0.813604587495938,-0.0021877884864474908,217,221,5.9238854697109105,162.97970909444044
1665,83.25,straightline,349,pure_pursuit,6.0,70.59941864013672,37.869510650634766,0.23473744094371796,-1.4866028768306774e-05,0.35,0.0,0.8907551897154493,-0.0020714253187035223,218,221,5.9054869833305,162.6840848488052
1666,83.30000000000001,straightline,349,pure_pursuit,6.0,70.89543914794922,37.87071990966797,0.2346365749835968,-1.2026579179501791e-05,0.35,0.0,0.5947322195313349,-0.0019705593585574417,218,221,5.929976291403777,162.38807923880805
1667,83.35000000000001,straightline,349,pure_pursuit,6.0,71.19139862060547,37.87192916870117,0.23453161120414734,-9.124299281084093e-06,0.35,0.0,0.29877029883343675,-0.00186559557913865,218,221,5.911578908082402,162.09213472058346
1668,83.4,straightline,349,pure_pursuit,6.0,71.48771667480469,37.873138427734375,0.23445716500282288,-6.652560713103566e-06,0.35,0.0,0.0024553141226343767,-0.0017911493778120138,218,221,5.936108790630538,161.79583172472456
1669,83.45,straightline,349,pure_pursuit,6.0,71.78396606445312,37.87434768676758,0.23440583050251007,-1.638119717042913e-05,0.35,0.0,0.29380217276260384,-0.0017398148774786216,218,222,5.917808837951466,161.4995974500162
1670,83.5,straightline,349,pure_pursuit,6.0,72.08058166503906,37.87555694580078,0.23433451354503632,-1.4259292530208163e-05,0.35,0.0,0.5904202153310938,-0.0016684979200388835,218,222,5.942316370953642,161.20299707023142
1671,83.55000000000001,straightline,349,pure_pursuit,6.0,72.37714385986328,37.876766204833984,0.2342519760131836,-1.186662673831969e-05,0.35,0.0,0.8869848679207357,-0.0015859603881623818,218,222,5.924059422943356,160.90645015538118
1672,83.60000000000001,straightline,349,pure_pursuit,6.0,72.67407989501953,37.87797546386719,0.2341703325510025,-9.1391529434918e-06,0.35,0.0,0.8160778750533726,-0.0015043169259823905,219,222,5.948564898933767,160.6095295080531
1673,83.65,straightline,349,pure_pursuit,6.0,72.97095489501953,37.87918472290039,0.2341703325510025,-8.597089458536544e-06,0.35,0.0,0.5192004183360712,-0.0015043169259823905,219,222,5.930294533646969,160.3126699550765
1674,83.7,straightline,349,pure_pursuit,6.0,73.26820373535156,37.88039779663086,0.2340347170829773,-4.948916742287859e-06,0.35,0.0,0.2219491238716064,-0.0013687014579660786,219,222,5.954780946436869,160.0154366132197
1675,83.75,straightline,349,pure_pursuit,6.0,73.56539154052734,37.88161087036133,0.2340347170829773,-1.2210848311895422e-05,0.35,0.0,0.07524130248142137,-0.0013687014579660786,219,223,5.936463387508816,159.71826436645276
1676,83.80000000000001,straightline,349,pure_pursuit,6.0,73.86294555664062,37.88282775878906,0.23392684757709503,-1.0105134435784893e-05,0.35,0.0,0.37279771943207357,-0.0012608319520845165,219,223,5.96088356646311,159.42072596018403
1677,83.85000000000001,straightline,349,pure_pursuit,6.0,74.16043090820312,37.88404083251953,0.23392684757709503,-1.0201688716503642e-05,0.35,0.0,0.6702855351447633,-0.0012608319520845165,219,223,5.9425776007606945,159.1232563360605
1678,83.9,straightline,349,pure_pursuit,6.0,74.458251953125,37.88506317138672,0.2347354143857956,9.871553591504888e-06,0.35,0.0,0.968108312947195,-0.002069398760758691,219,223,5.965154709024066,158.82545401896658
1679,83.95,straightline,349,pure_pursuit,6.0,74.7559814453125,37.88631057739258,0.23524042963981628,-9.42776623604432e-06,0.35,0.0,0.7341609079848095,-0.002574414014787382,220,223,5.9425105996619685,158.5277399016358
1680,84.0,straightline,349,pure_pursuit,6.0,75.05404663085938,37.88770294189453,0.23633037507534027,-7.895034404728707e-05,0.35,0.0,0.4360924866260691,-0.0036643594503460203,220,223,5.968399221000234,158.22968799234692
1681,84.05000000000001,straightline,349,pure_pursuit,6.0,75.35200500488281,37.88895034790039,0.23707734048366547,-0.00010728123338325702,0.35,0.0,0.13813150295167892,-0.004411324858660835,220,223,5.950393088134731,157.93174515259625
1682,84.10000000000001,straightline,349,pure_pursuit,6.0,75.65032196044922,37.89017105102539,0.2371021807193756,-0.00011275313607230823,0.35,0.0,0.16018795962116344,-0.004436165094383703,220,224,5.974502610922104,157.63344424892844
1683,84.15,straightline,349,pure_pursuit,6.0,75.94854736328125,37.89138412475586,0.23674379289150238,-0.0001033895372914812,0.35,0.0,0.458415827324296,-0.004077777266511643,220,224,5.954835214926245,157.33523507419142
1684,84.2,straightline,349,pure_pursuit,6.0,76.24711608886719,37.892601013183594,0.23645974695682526,-9.653466939442144e-05,0.35,0.0,0.7569870321612403,-0.003793731331817996,220,224,5.978474731166235,157.0366826295224
1685,84.25,straightline,349,pure_pursuit,6.0,76.54558563232422,37.893768310546875,0.23579226434230804,-6.869479549806971e-05,0.35,0.0,0.94454237913721,-0.0031262487172838646,221,224,5.969470199442814,156.73823018643648
1686,84.30000000000001,straightline,349,pure_pursuit,6.0,76.8444595336914,37.895015716552734,0.23573246598243713,-7.419637656601846e-05,0.35,0.0,0.6456658749569837,-0.003066450357445209,221,224,5.995765974178324,156.43937227816266
1687,84.35000000000001,straightline,349,pure_pursuit,6.0,77.14335632324219,37.896263122558594,0.2357044517993927,-8.119149628940243e-05,0.35,0.0,0.3467664833283075,-0.0030384361744015057,221,224,5.979838619671714,156.14049155559528
1688,84.4,straightline,349,pure_pursuit,6.0,77.44246673583984,37.8973274230957,0.23374725878238678,8.97139583973404e-06,0.15,0.0,0.04765446261494539,-0.0010812431573488978,221,224,6.0054436953054955,155.8414001234908
1689,84.45,straightline,349,pure_pursuit,6.0,77.74150848388672,37.89862060546875,0.2328854203224182,8.097672971796706e-06,0.35,0.0,0.2513903299132607,-0.00021940469741703984,221,225,5.9792300310196635,155.54237390212185
1690,84.5,straightline,349,pure_pursuit,6.0,78.0397720336914,37.90005874633789,0.23285578191280365,-3.709504484256484e-05,0.35,0.0,0.5496572704393897,-0.00018976628779193496,221,225,5.979221068617537,155.2441236209838
1691,84.55000000000001,straightline,349,pure_pursuit,6.0,78.33717346191406,37.90129089355469,0.23221182823181152,-2.6478795562145817e-05,0.35,0.0,0.8470612474178671,0.00045418739320695126,221,225,5.943758821890655,154.94673860473367
1692,84.60000000000001,straightline,349,pure_pursuit,6.0,78.63427734375,37.90250015258789,0.2321164906024933,-2.6227594586984664e-05,0.35,0.0,0.8558336632963857,0.0005495250225150154,222,225,5.956478214602532,154.64965152624762
1693,84.65,straightline,349,pure_pursuit,6.0,78.93082427978516,37.903709411621094,0.2319580465555191,-2.5024260576444953e-05,0.35,0.0,0.559284273834099,0.0007079690694879356,222,225,5.929587657196163,154.35312140090014
1694,84.7,straightline,349,pure_pursuit,6.0,79.22733306884766,37.90492248535156,0.23213140666484833,-3.392335799347047e-05,0.35,0.0,0.26277304584110495,0.0005346089601689706,222,225,5.9471953602471626,154.05662943297054
1695,84.75,straightline,349,pure_pursuit,6.0,79.52385711669922,37.90608215332031,0.23199045658111572,-1.1348081415487247e-05,0.35,0.0,0.0337536865059907,0.0006755590439054256,222,226,5.927963912691222,153.76012311215317
1696,84.80000000000001,straightline,349,pure_pursuit,6.0,79.82108306884766,37.90733337402344,0.2317594289779663,-1.5139664989834444e-05,0.35,0.0,0.3309819815419527,0.0009065866470717701,222,226,5.955356782911269,153.46291362499554
1697,84.85000000000001,straightline,349,pure_pursuit,6.0,80.1182861328125,37.90858459472656,0.23155586421489716,-2.0485249147972708e-05,0.35,0.0,0.6281876637094905,0.0011101514101400005,222,226,5.936743168150795,153.16572709736587
1698,84.9,straightline,349,pure_pursuit,6.0,80.41596221923828,37.91128921508789,0.24369555711746216,-0.0006693852056876511,0.35,0.0,0.9258738620654174,-0.011029541492459344,222,226,5.90469888181131,152.8680450125532
1699,84.95,straightline,349,pure_pursuit,6.0,80.71742248535156,37.91218948364258,0.2734711170196533,-0.0014070322089016162,0.15,0.0,0.7726688635375136,-0.04080510139465829,223,226,6.0781140116195145,152.56660739917692
1700,85.0,straightline,349,pure_pursuit,6.0,81.01994323730469,37.91284942626953,0.33909520506858826,-0.003037657808057557,0.15,0.0,0.47014739251194176,-0.10642918944355167,223,226,6.027022425166015,152.2641132838285
1701,85.05000000000001,straightline,349,pure_pursuit,6.0,81.32320404052734,37.91386413574219,0.3635348379611969,-0.0036454833969099014,0.15,0.0,0.1668853845218748,-0.1308688223361931,223,226,6.087453994276664,151.9608737584014
1702,85.10000000000001,straightline,349,pure_pursuit,6.0,81.6242446899414,37.91469955444336,0.4192603528499603,-0.005023433861941506,0.35,0.0,0.13415755265853602,-0.1865943372249575,223,227,5.966873592071446,151.65985701876608
1703,85.15,straightline,349,pure_pursuit,6.0,81.92414093017578,37.9146842956543,0.4312899708747864,-0.005097100152100194,0.15,0.0,0.4340521909088503,-0.19862395524979115,223,227,6.011890504668509,151.3599980202087
1704,85.2,straightline,349,pure_pursuit,6.0,82.2220687866211,37.91594314575195,0.46439850330352783,-0.005982105204077855,0.35,0.0,0.7319821728360085,-0.23173248767853533,223,227,5.8913971108239895,151.06208724078766
1705,85.25,straightline,349,pure_pursuit,6.0,82.51851654052734,37.91733932495117,0.4647512435913086,-0.006025274772430117,0.35,0.0,0.9715613362960314,-0.23208522796629347,224,227,5.945458804915482,150.7656542923648
1706,85.30000000000001,straightline,349,pure_pursuit,6.0,82.8118667602539,37.91840362548828,0.4984288215637207,-0.0068870932597843255,0.35,0.0,0.6782094911340495,-0.26576280593868307,224,227,5.792946559572625,150.47232380388655
1707,85.35000000000001,straightline,349,pure_pursuit,6.0,83.10553741455078,37.91954803466797,0.510347306728363,-0.007184199932109819,0.35,0.0,0.384537157390222,-0.27768129110334466,224,227,5.913581804584587,150.17867173858613
1708,85.4,straightline,349,pure_pursuit,6.0,83.39662170410156,37.921470642089844,0.5527880787849426,-0.008491060887524953,0.35,0.0,0.09344652972916784,-0.32012206315991737,224,227,5.809899358757577,149.88759347190415
1709,85.45,straightline,349,pure_pursuit,6.0,83.68697357177734,37.922359466552734,0.5380420684814453,-0.008050236914428226,0.35,0.0,0.196907310429493,-0.3053760528564089,224,228,5.808890300031806,149.59726397323524
1710,85.5,straightline,349,pure_pursuit,6.0,83.97610473632812,37.92326354980469,0.5023103952407837,-0.007038940660566821,0.35,0.0,0.4860397601474844,-0.26964437961579146,224,228,5.763637662980379,149.30815487365444
1711,85.55000000000001,straightline,349,pure_pursuit,6.0,84.2646484375,37.924278259277344,0.4614965319633484,-0.0059113469441941305,0.35,0.0,0.7745851568845277,-0.22883051633831095,224,228,5.770850839124208,149.01963149451495
1712,85.60000000000001,straightline,349,pure_pursuit,6.0,84.55233001708984,37.92551040649414,0.4208505153656006,-0.004833639753341519,0.35,0.0,0.9377327633157363,-0.1881844997405917,225,228,5.738950178383671,148.7319667496186
1713,85.65,straightline,349,pure_pursuit,6.0,84.83869934082031,37.926353454589844,0.3210301697254181,-0.002090365989935176,0.35,0.0,0.6513630322409788,-0.0883641541004073,225,228,5.7035931602420575,148.44562037626397
1714,85.7,straightline,349,pure_pursuit,6.0,85.12358856201172,37.928871154785156,0.20739196240901947,0.0006253082103134552,0.35,0.0,0.3664649623756766,0.025274053216010884,225,228,5.716758721717406,148.16072726025754
1715,85.75,straightline,349,pure_pursuit,6.0,85.41310119628906,37.93091583251953,0.14743374288082123,0.002003383343919661,0.35,0.0,0.0769538175945351,0.08523227274418808,225,228,5.854201805792967,147.87121891005305
1716,85.80000000000001,straightline,349,pure_pursuit,6.0,85.70365142822266,37.93242263793945,0.07017619907855988,0.00405781995519612,0.35,0.0,0.21361217716355838,0.16248981654643416,225,229,5.760464227661433,147.5806817485874
1717,85.85000000000001,straightline,349,pure_pursuit,6.0,85.9976577758789,37.933589935302734,0.022397568449378014,0.005326525746133611,0.35,0.0,0.5076181166367175,0.21026844717563573,225,229,5.930156515428003,147.28669442438468
1718,85.9,straightline,349,pure_pursuit,6.0,86.29096221923828,37.934932708740234,-0.0424804762005806,0.007012936795319508,0.35,0.0,0.8009251897311926,0.2751464918255825,225,229,5.83822996269454,146.99340618232137
1719,85.95,straightline,349,pure_pursuit,6.0,86.58574676513672,37.935447692871094,-0.05859375,0.007579702636732945,0.35,0.0,0.9042936754607784,0.2912597656250042,226,229,5.9478433559437605,146.6986514162154
1720,86.0,straightline,349,pure_pursuit,6.0,86.88024139404297,37.93622589111328,-0.0981750562787056,0.008723371497271783,0.35,0.0,0.6097980702822029,0.3308410719037127,226,229,5.845156647332176,146.40418241084978
1721,86.05000000000001,straightline,349,pure_pursuit,6.0,87.17710876464844,37.9371452331543,-0.1087035983800888,0.009068726619004428,0.15,0.0,0.3129292970587905,0.3413696140050866,226,229,6.003121539160527,146.10733880265883
1722,86.10000000000001,straightline,349,pure_pursuit,6.0,87.473876953125,37.938194274902344,-0.13616943359375,0.00983905333594637,0.35,0.0,0.016159275546959274,0.3688354492187712,226,229,5.9124915985421636,145.81059237004945
1723,86.15,straightline,349,pure_pursuit,6.0,87.77096557617188,37.939231872558594,-0.12167355418205261,0.009684450944411213,0.35,0.0,0.2809311841487428,0.3543395698070684,226,230,5.984868262186112,145.5135258263956
1724,86.2,straightline,349,pure_pursuit,6.0,88.06602478027344,37.9406623840332,-0.1367187350988388,0.01004701862550941,0.35,0.0,0.5759937039308759,0.3693847507238621,226,230,5.854518957069252,145.21848216304383
1725,86.25,straightline,349,pure_pursuit,6.0,88.36221313476562,37.94184875488281,-0.1277160793542862,0.009818711749106852,0.35,0.0,0.8721844326428434,0.3603820949793137,226,230,5.988235179230582,144.9223135388834
1726,86.30000000000001,straightline,349,pure_pursuit,6.0,88.65802764892578,37.943077087402344,-0.1443481147289276,0.010265199559012821,0.35,0.0,0.8319997222533819,0.3770141303539663,227,230,5.915492305742829,144.62651811388824
1727,86.35000000000001,straightline,349,pure_pursuit,6.0,88.95548248291016,37.944053649902344,-0.1149902194738388,0.00954640299625396,0.15,0.0,0.5345434005628418,0.34765623509883875,227,230,6.005814674940584,144.32908677547934
1728,86.4,straightline,349,pure_pursuit,6.0,89.25191497802734,37.94524002075195,-0.125274658203125,0.009838088502848489,0.35,0.0,0.23810857937835933,0.3579406738281165,227,230,5.8804657922795585,144.0326743210865
1729,86.45,straightline,349,pure_pursuit,6.0,89.54973602294922,37.94609832763672,-0.11978147178888321,0.011211211281907352,0.15,0.0,0.05971601229142118,0.3524474874139085,227,231,6.008562015801693,143.73487895467414
1730,86.5,straightline,349,pure_pursuit,6.0,89.84574127197266,37.947303771972656,-0.1368713229894638,0.011737287600860579,0.35,0.0,0.3557216786219979,0.3695373386144756,227,231,5.881979931572226,143.4388935714419
1731,86.55000000000001,straightline,349,pure_pursuit,6.0,90.1412124633789,37.9487190246582,-0.116943359375,0.011237255532576313,0.35,0.0,0.6511958553757154,0.3496093750000017,227,231,5.945015758717537,143.14343882776188
1732,86.60000000000001,straightline,349,pure_pursuit,6.0,90.43395233154297,37.95020294189453,-0.127471923828125,0.011533728641026782,0.35,0.0,0.9439392568977903,0.36013793945314343,227,231,5.796432626262721,142.8507139945613
1733,86.65,straightline,349,pure_pursuit,6.0,90.72783660888672,37.951759338378906,-0.11911008507013321,0.011312669036186133,0.35,0.0,0.7621738882468276,0.3517761006951686,228,231,5.936454539096773,142.55684379274675
1734,86.7,straightline,349,pure_pursuit,6.0,91.02137756347656,37.95368194580078,-0.1361083984375,0.011679789519215571,0.35,0.0,0.46862868114946776,0.368774414062536,228,231,5.845743856688109,142.26331091582708
1735,86.75,straightline,349,pure_pursuit,6.0,91.3165512084961,37.95534896850586,-0.11907956749200821,0.011197644667831106,0.35,0.0,0.17345625991820798,0.3517455831170256,228,231,5.952436779232082,141.96814984073623
1736,86.80000000000001,straightline,349,pure_pursuit,6.0,91.61116790771484,37.957096099853516,-0.1350707858800888,0.014199041528452066,0.35,0.0,0.12118977232485954,0.3677368015051046,228,232,5.837425033296284,141.67354438583567
1737,86.85000000000001,straightline,349,pure_pursuit,6.0,91.90806579589844,37.95882797241211,-0.12246701866388321,0.013930369668948636,0.35,0.0,0.4180824861078683,0.35513303428891885,228,232,5.995567575795283,141.3766583738954
1738,86.9,straightline,349,pure_pursuit,6.0,92.2048110961914,37.96078872680664,-0.126190185546875,0.014053359156038758,0.35,0.0,0.7148330800070013,0.3588562011718989,228,232,5.913081573548773,141.07992121366595
1739,86.95,straightline,349,pure_pursuit,6.0,92.50337982177734,37.96266555786133,-0.0932311862707138,0.013221960925215511,0.15,0.0,0.9866104129590166,0.32589720189572324,229,232,6.021927730319944,140.7813623300544
1740,87.0,straightline,349,pure_pursuit,6.0,92.80137634277344,37.96475601196289,-0.09439084678888321,0.013253714696792977,0.35,0.0,0.6886171462143073,0.3270568624139081,229,232,5.902932442621988,140.48337209615838
1741,87.05000000000001,straightline,349,pure_pursuit,6.0,93.10028839111328,37.96675109863281,-0.0726318284869194,0.012699399614216799,0.15,0.0,0.3897235394346067,0.3052978441119203,229,232,6.021579185200951,140.18446810268728
1742,87.10000000000001,straightline,349,pure_pursuit,6.0,93.39730072021484,37.96889877319336,-0.0774230882525444,0.016182669653132236,0.35,0.0,0.09290065990765559,0.3100891038775793,229,233,5.896855667967442,139.88746109172473
1743,87.15,straightline,349,pure_pursuit,6.0,93.6939468383789,37.97108840942383,-0.0387267991900444,0.015261938261915317,0.35,0.0,0.20413155387420515,0.27139281481504857,229,233,5.966509571985019,139.59081959815433
1744,87.2,straightline,349,pure_pursuit,6.0,93.98817443847656,37.97362518310547,-0.02810668759047985,0.015021394331923952,0.35,0.0,0.49830532871120037,0.2607727032154833,229,233,5.821364122749031,139.2965905563005
1745,87.25,straightline,349,pure_pursuit,6.0,94.283447265625,37.97637176513672,-0.00140380859375,0.014311970759710711,0.35,0.0,0.7935758648430679,0.2340698242187808,229,233,5.9563409785464545,139.00131297362807
1746,87.30000000000001,straightline,349,pure_pursuit,6.0,94.5781021118164,37.97915267944336,-0.005249023903161287,0.014408151005645329,0.35,0.0,0.8802201012198606,0.3531646733172238,230,233,5.862962971779689,138.7066527468061
1747,87.35000000000001,straightline,349,pure_pursuit,6.0,94.87448120117188,37.98154830932617,0.022603102028369904,0.013754235156642236,0.35,0.0,0.5838930773322026,0.3253125473856926,230,233,5.974691638140244,138.41027498880825
1748,87.4,straightline,349,pure_pursuit,6.0,95.1702651977539,37.98405075073242,0.02008594386279583,0.01389058331544044,0.35,0.0,0.28829242493650287,0.32782970555126667,230,233,5.859502210375878,138.11449050060426
1749,87.45,straightline,349,pure_pursuit,6.0,95.46826171875,37.98657989501953,0.037349604070186615,0.016466554543748516,0.15,0.0,0.017967070236680947,0.3105660453438759,230,234,6.017278225889296,137.81649339441114
1750,87.5,straightline,349,pure_pursuit,6.0,95.7658462524414,37.98945999145508,0.041078291833400726,0.016473060493649192,0.35,0.0,0.3080723226519186,0.30683735758066183,230,234,5.91881292973859,137.51890237823625
1751,87.55000000000001,straightline,349,pure_pursuit,6.0,96.06389617919922,37.99241638183594,0.08480643481016159,0.01540680379709382,0.35,0.0,0.6059625682608574,0.2631092146039009,230,234,5.999040195719615,137.22084478678804
1752,87.60000000000001,straightline,349,pure_pursuit,6.0,96.36001586914062,37.99564743041992,0.09552036225795746,0.015163831190338426,0.35,0.0,0.9020454598659016,0.25239528715610504,230,234,5.861578688092891,136.92471257859063
1753,87.65,straightline,349,pure_pursuit,6.0,96.65748596191406,37.99885559082031,0.12401044368743896,0.014459595142694407,0.15,0.0,0.7378382112329338,0.4530922174453736,231,234,6.00298467005855,136.62723056495568
1754,87.7,straightline,349,pure_pursuit,6.0,96.95411682128906,38.00224685668945,0.1264885663986206,0.014407582877750253,0.35,0.0,0.4413706255728581,0.45061409473419195,231,234,5.8979390510975,136.33058461046988
1755,87.75,straightline,349,pure_pursuit,6.0,97.25069427490234,38.005584716796875,0.16929149627685547,0.013295108848175977,0.35,0.0,0.14569503505085019,0.4078111648559571,231,234,5.969968581228628,136.03399297155096
1756,87.80000000000001,straightline,349,pure_pursuit,6.0,97.5450439453125,38.00895690917969,0.1785283088684082,0.015196645355319479,0.35,0.0,0.15137286810060066,0.39857435226440435,231,235,5.830228875645571,135.7396282419304
1757,87.85000000000001,straightline,349,pure_pursuit,6.0,97.84068298339844,38.012184143066406,0.2092314213514328,0.014508262730250715,0.35,0.0,0.4461462060389015,0.36787123978137976,231,235,5.969475177707095,135.44397678892844
1758,87.9,straightline,349,pure_pursuit,6.0,98.13584899902344,38.01542282104492,0.20962657034397125,0.014634979823579468,0.35,0.0,0.7411508656087668,0.36747609078884125,231,235,5.874854894061678,135.14879812086124
1759,87.95,straightline,349,pure_pursuit,6.0,98.43260192871094,38.01853561401367,0.24061693251132965,0.013990528304395433,0.35,0.0,0.899509657647689,0.5656574815511703,232,235,5.977925165629258,134.85203491186445
1760,88.0,straightline,349,pure_pursuit,6.0,98.72869110107422,38.022186279296875,0.23839640617370605,0.01412064834985923,0.35,0.0,0.6034961855193481,0.567878007888794,232,235,5.86578272669977,134.55592630714995
1761,88.05000000000001,straightline,349,pure_pursuit,6.0,99.02690887451172,38.02597427368164,0.258658230304718,0.01363148387621956,0.15,0.0,0.30555263837268837,0.547616183757782,232,235,6.0198020351468635,134.2576870982203
1762,88.10000000000001,straightline,349,pure_pursuit,6.0,99.32470703125,38.02987289428711,0.25652769207954407,0.015101900372066436,0.35,0.0,0.02058669689723595,0.5497467219829559,232,236,5.923164651824602,133.9598655873466
1763,88.15,straightline,349,pure_pursuit,6.0,99.62290954589844,38.03369140625,0.29303357005119324,0.01422114773659435,0.15,0.0,0.29174377725581413,0.5132408440113068,232,236,6.00083186306979,133.66164114111484
1764,88.2,straightline,349,pure_pursuit,6.0,99.91902160644531,38.03773498535156,0.2972608208656311,0.01415559308278437,0.35,0.0,0.5875691466795618,0.5090135931968689,232,236,5.858525474401112,133.36550305186356
1765,88.25,straightline,349,pure_pursuit,6.0,100.21509552001953,38.04170227050781,0.32598593831062317,0.01345715185276314,0.35,0.0,0.8835642954614676,0.4802884757518768,232,236,5.959515233646119,133.06940440282682
1766,88.30000000000001,straightline,349,pure_pursuit,6.0,100.50896453857422,38.04582977294922,0.32496780157089233,0.013514322757293229,0.35,0.0,0.7756987106868376,0.652998507022865,233,236,5.8381815692104055,132.77550762700807
1767,88.35000000000001,straightline,349,pure_pursuit,6.0,100.80343627929688,38.049827575683594,0.35632389783859253,0.012743626827859756,0.35,0.0,0.4812836138524683,0.6216424107551426,233,236,5.932599293930316,132.481010418621
1768,88.4,straightline,349,pure_pursuit,6.0,101.0966796875,38.053749084472656,0.35338452458381653,0.012908014661480248,0.35,0.0,0.18835330611700402,0.6245817840099187,233,236,5.807407130259861,132.18774266702886
1769,88.45,straightline,349,pure_pursuit,6.0,101.39179229736328,38.0574836730957,0.37073180079460144,0.013506629239976182,0.35,0.0,0.10828343383679388,0.6072345077991337,233,237,5.965131348431181,131.89260916140051
1770,88.5,straightline,349,pure_pursuit,6.0,101.68682098388672,38.0616455078125,0.36790385842323303,0.013653541911542078,0.35,0.0,0.4026583078785243,0.6100624501705226,233,237,5.882048401446703,131.5975523288913
1771,88.55000000000001,straightline,349,pure_pursuit,6.0,101.98377990722656,38.06588363647461,0.3989657759666443,0.012892857941997904,0.35,0.0,0.6995423680504615,0.5790005326271163,233,237,5.990332648931024,131.30056424803314
1772,88.60000000000001,straightline,349,pure_pursuit,6.0,102.28028106689453,38.07029724121094,0.3958468437194824,0.013009485267398249,0.35,0.0,0.9960364978011794,0.5821194648742708,233,237,5.877036541612735,131.00403089018505
1773,88.65,straightline,349,pure_pursuit,6.0,102.5790786743164,38.074623107910156,0.412067174911499,0.012641478339402348,0.15,0.0,0.7052853112213622,0.5658991336822328,234,237,6.033493340016493,130.70520290897508
1774,88.7,straightline,349,pure_pursuit,6.0,102.87744140625,38.07907485961914,0.4058471918106079,0.01284621599796902,0.35,0.0,0.4069336155270792,0.5721191167831207,234,237,5.9356727268193294,130.40680760596686
1775,88.75,straightline,349,pure_pursuit,6.0,103.17623138427734,38.08338928222656,0.43412238359451294,0.012170970264818545,0.15,0.0,0.10838906842630161,0.5438439249992135,234,237,6.013610007665677,130.1079874554115
1776,88.80000000000001,straightline,349,pure_pursuit,6.0,103.47291564941406,38.087867736816406,0.428134948015213,0.01295312882820343,0.35,0.0,0.18893100746085523,0.5498313605785019,234,238,5.870343381344114,129.8112699292545
1777,88.85000000000001,straightline,349,pure_pursuit,6.0,103.76954650878906,38.09225845336914,0.4481075704097748,0.012489909777946683,0.35,0.0,0.4854587312277691,0.5298587381839596,234,238,5.971673883105065,129.51460729555717
1778,88.9,straightline,349,pure_pursuit,6.0,104.06394958496094,38.096805572509766,0.44086337089538574,0.01271745083575218,0.35,0.0,0.7798665071681099,0.537102937698366,234,238,5.849556998692052,129.22016946578088
1779,88.95,straightline,349,pure_pursuit,6.0,104.35897827148438,38.10122299194336,0.46704089641571045,0.01208757382550507,0.35,0.0,0.9251367543495645,0.5109254121780425,235,238,5.944807839043635,128.92510832437472
1780,89.0,straightline,349,pure_pursuit,6.0,104.65290069580078,38.105812072753906,0.4583407938480377,0.012350097315706559,0.35,0.0,0.6311864345114786,0.5196255147456884,235,238,5.822303026343198,128.63115036661765
1781,89.05000000000001,straightline,349,pure_pursuit,6.0,104.94883728027344,38.11032485961914,0.4689716398715973,0.012126225780565653,0.35,0.0,0.33523570511303497,0.5089946687221666,235,238,5.976142773897998,128.33517984031164
1782,89.10000000000001,straightline,349,pure_pursuit,6.0,105.24449920654297,38.11496353149414,0.45694154500961304,0.012479470714672578,0.35,0.0,0.03987704419480269,0.5210247635841038,235,238,5.891043321505974,128.03948179147693
1783,89.15,straightline,349,pure_pursuit,6.0,105.54192352294922,38.11946105957031,0.4801693260669708,0.012285809061743015,0.35,0.0,0.25802218627633533,0.49779698252678156,235,239,5.999010030933466,127.74202401252923
1784,89.2,straightline,349,pure_pursuit,6.0,105.83887481689453,38.124149322509766,0.47120848298072815,0.012563450715281246,0.35,0.0,0.5549809648165926,0.50675782561301,235,239,5.886008648286059,127.44503594142131
1785,89.25,straightline,349,pure_pursuit,6.0,106.13811492919922,38.128780364990234,0.4836556017398834,0.01229377495729475,0.15,0.0,0.8542473323429414,0.4943107068538657,235,239,6.04262058999814,127.14576035981915
1786,89.30000000000001,straightline,349,pure_pursuit,6.0,106.43694305419922,38.133544921875,0.4747796654701233,0.012566795031967814,0.35,0.0,0.8469067822965297,0.5031866431236236,236,239,5.945057350780352,126.8468944326614
1787,89.35000000000001,straightline,349,pure_pursuit,6.0,106.73619842529297,38.1381721496582,0.5010537505149841,0.011939569929897484,0.15,0.0,0.5476175774370485,0.47691255807877414,236,239,6.022993636279331,126.54760366241528
1788,89.4,straightline,349,pure_pursuit,6.0,107.03335571289062,38.14296340942383,0.4935374855995178,0.012171762707690523,0.35,0.0,0.25043023984734086,0.48442882299419543,236,239,5.879981095416394,126.2504078769443
1789,89.45,straightline,349,pure_pursuit,6.0,107.33045959472656,38.14763641357422,0.5106289386749268,0.011951940035176568,0.35,0.0,0.04680385007842967,0.4673373699188148,236,240,5.980961880711137,125.95326750581445
1790,89.5,straightline,349,pure_pursuit,6.0,107.62532043457031,38.15243911743164,0.5001302361488342,0.01225825478916814,0.35,0.0,0.34163713113344824,0.47783607244490733,236,240,5.858827774610071,125.65836764070468
1791,89.55000000000001,straightline,349,pure_pursuit,6.0,107.92080688476562,38.1571044921875,0.5233745574951172,0.01169761254964422,0.35,0.0,0.6371548631750691,0.4545917510986068,236,240,5.953914945632371,125.36284459808897
1792,89.60000000000001,straightline,349,pure_pursuit,6.0,108.21517944335938,38.16193771362305,0.5121955275535583,0.012019471295783471,0.35,0.0,0.931565599419889,0.4657707810402007,236,240,5.831328371556841,125.06843242390252
1793,89.65,straightline,349,pure_pursuit,6.0,108.51152801513672,38.166683197021484,0.5208107829093933,0.011842882887186086,0.35,0.0,0.7720451291649411,0.4571555256843619,237,240,5.984581926300798,124.77204602051238
1794,89.7,straightline,349,pure_pursuit,6.0,108.80762481689453,38.17155075073242,0.5070001482963562,0.012239334736388184,0.35,0.0,0.4759087666463493,0.4709661602973852,237,240,5.899637311010151,124.47590926915026
1795,89.75,straightline,349,pure_pursuit,6.0,109.10546875,38.1762809753418,0.5287163853645325,0.01173243395658962,0.15,0.0,0.17802836089888607,0.44924992322920493,237,240,6.00748879210129,124.17802798355302
1796,89.80000000000001,straightline,349,pure_pursuit,6.0,109.40267944335938,38.18117904663086,0.5172481536865234,0.012125276572519338,0.35,0.0,0.11922827101078244,0.46071815490722245,237,241,5.887044073119561,123.88077698285129
1797,89.85000000000001,straightline,349,pure_pursuit,6.0,109.70075988769531,38.18597412109375,0.5304103493690491,0.011827097291991526,0.15,0.0,0.4173446357613482,0.44755595922470653,237,241,6.005257813360599,123.582658115402
1798,89.9,straightline,349,pure_pursuit,6.0,109.99687957763672,38.190887451171875,0.5188091397285461,0.012161745750212623,0.35,0.0,0.7135048208222871,0.45915716886518654,237,241,5.879518538932102,123.28649769953826
1799,89.95,straightline,349,pure_pursuit,6.0,110.2926254272461,38.195648193359375,0.5427895784378052,0.011581724337648164,0.35,0.0,0.9907126496988473,0.43517673015595076,238,241,5.9485695768863724,122.9907136737518
1800,90.0,straightline,349,pure_pursuit,6.0,110.5859146118164,38.2005500793457,0.5332117080688477,0.011859994404591208,0.35,0.0,0.6973825176183857,0.4447546005248978,238,241,5.80412119351652,122.69738354678285
1801,90.05000000000001,straightline,349,pure_pursuit,6.0,110.88021087646484,38.205352783203125,0.5437895655632019,0.011630684422653146,0.35,0.0,0.40304721236388125,0.4341767430305461,238,241,5.938788780919183,122.40304817942722
1802,90.10000000000001,straightline,349,pure_pursuit,6.0,111.17372131347656,38.21028137207031,0.528249204158783,0.012068043017083474,0.35,0.0,0.10949577375428986,0.4497171044349613,238,241,5.844757069109245,122.10949637671949
1803,90.15,straightline,349,pure_pursuit,6.0,111.46879577636719,38.215065002441406,0.5479354858398438,0.011575713832882136,0.35,0.0,0.18561862088615977,0.4300308227539155,238,242,5.951460392622682,121.81438325069453
1804,90.2,straightline,349,pure_pursuit,6.0,111.76332092285156,38.22000503540039,0.5345413684844971,0.011954912157141034,0.35,0.0,0.48018477444174856,0.44342494010924344,238,242,5.836360453174509,121.51981669125229
1805,90.25,straightline,349,pure_pursuit,6.0,112.06013488769531,38.22486114501953,0.541863203048706,0.011809588445728129,0.35,0.0,0.7770384242871399,0.43610310554501097,238,242,5.994790058724935,121.2229630800341
1806,90.30000000000001,straightline,349,pure_pursuit,6.0,112.35678100585938,38.229835510253906,0.5279853940010071,0.012207101293081387,0.35,0.0,0.926276175690864,0.44998091459271644,239,242,5.911590219973063,120.92627527212328
1807,90.35000000000001,straightline,349,pure_pursuit,6.0,112.65522003173828,38.234676361083984,0.5497056245803833,0.011695761342069186,0.15,0.0,0.6277986646752297,0.42826068401336087,239,242,6.019590948329493,120.62779709794604
1808,90.4,straightline,349,pure_pursuit,6.0,112.95304107666016,38.23968505859375,0.5383085608482361,0.012030787461463415,0.35,0.0,0.3299368361834548,0.4396577477455208,239,242,5.899659645901263,120.32993394856905
1809,90.45,straightline,349,pure_pursuit,6.0,113.25172424316406,38.24458312988281,0.5513811111450195,0.011748213451083914,0.15,0.0,0.031246074461621014,0.42658519744871415,239,242,6.017517416870469,120.0312106927841
1810,90.5,straightline,349,pure_pursuit,6.0,113.54847717285156,38.24960708618164,0.5395834445953369,0.011988539146653791,0.35,0.0,0.26558869237329424,0.4383828639983787,239,243,5.8917930461387105,119.73441524239624
1811,90.55000000000001,straightline,349,pure_pursuit,6.0,113.84481048583984,38.25446701049805,0.5630225539207458,0.0114162324916975,0.35,0.0,0.561960067372361,0.41494375467301076,239,243,5.9607115412027385,119.43804214931625
1812,90.60000000000001,straightline,349,pure_pursuit,6.0,114.13871765136719,38.25946044921875,0.5527734756469727,0.011709036859910125,0.35,0.0,0.8559087935569347,0.42519283294675836,239,243,5.816475817376677,119.14409256926737
1813,90.65,straightline,349,pure_pursuit,6.0,114.43359375,38.26435089111328,0.5627926588058472,0.011489786991865272,0.35,0.0,0.8491798372624352,0.41517364978787785,240,243,5.950431473683552,118.84917595694549
1814,90.7,straightline,349,pure_pursuit,6.0,114.72769165039062,38.26936340332031,0.5466753244400024,0.011940168534830993,0.35,0.0,0.5550403574094811,0.4312909841537277,240,243,5.856478847642435,118.55503534407248
1815,90.75,straightline,349,pure_pursuit,6.0,115.02334594726562,38.27423095703125,0.5657902956008911,0.01149500957027457,0.35,0.0,0.2593510909510097,0.41217601299282397,240,243,5.962872642307605,118.25934103831923
1816,90.80000000000001,straightline,349,pure_pursuit,6.0,115.31842803955078,38.279258728027344,0.5519979000091553,0.011757098755104384,0.35,0.0,0.03584247997298029,0.4259684085845982,240,244,5.847808938894768,117.9642161165277
1817,90.85000000000001,straightline,349,pure_pursuit,6.0,115.61577606201172,38.28419494628906,0.5587403178215027,0.011620581868204366,0.15,0.0,0.33317844522043794,0.4192259907722362,240,244,6.0056343422469345,117.66682715953301
1818,90.9,straightline,349,pure_pursuit,6.0,115.9127426147461,38.28923797607422,0.5445842146873474,0.012021291718549397,0.35,0.0,0.630184423157165,0.4333820939063732,240,244,5.907644233314078,117.36981779169038
1819,90.95,straightline,349,pure_pursuit,6.0,116.21013641357422,38.29412841796875,0.5662479400634766,0.011503397945999501,0.35,0.0,0.9276175574819601,0.4117183685302595,240,244,5.985987078432675,117.0723838474437
1820,91.0,straightline,349,pure_pursuit,6.0,116.50558471679688,38.299171447753906,0.554935097694397,0.011828006619947708,0.35,0.0,0.7768994759336539,0.42303121089934903,241,244,5.8495842902462725,116.7768925074915
1821,91.05000000000001,straightline,349,pure_pursuit,6.0,116.80232238769531,38.304115295410156,0.5646803379058838,0.01162188682451087,0.35,0.0,0.48012362911102663,0.41328597068784606,241,244,5.988303911683503,116.48011368301484
1822,91.10000000000001,straightline,349,pure_pursuit,6.0,117.09839630126953,38.309181213378906,0.5497616529464722,0.012045553209396934,0.35,0.0,0.1840171282553137,0.42820465564727345,241,244,5.8968085115445446,116.18399643293795
1823,91.15,straightline,349,pure_pursuit,6.0,117.39604187011719,38.31410598754883,0.5702612400054932,0.011393461753473624,0.15,0.0,0.11371863387040464,0.4077050685882638,241,245,6.002939670535384,115.8863101692152
1824,91.2,straightline,349,pure_pursuit,6.0,117.69297790527344,38.31918716430664,0.5571691989898682,0.011760476869804585,0.35,0.0,0.41067494465175414,0.42079710960389455,241,245,5.88123191084054,115.58933066268439
1825,91.25,straightline,349,pure_pursuit,6.0,117.9907455444336,38.32414627075195,0.5682516694068909,0.011512959767020735,0.35,0.0,0.7084806443944733,0.40971463918682666,241,245,5.998945507683821,115.29152175990656
1826,91.30000000000001,straightline,349,pure_pursuit,6.0,118.28675842285156,38.32921600341797,0.5539405941963196,0.011915779118705458,0.35,0.0,0.9954739220286266,0.4240257143974005,242,245,5.8860554264115645,114.99546547085922
1827,91.35000000000001,straightline,349,pure_pursuit,6.0,118.58364868164062,38.33414077758789,0.5743408799171448,0.011431466559267339,0.35,0.0,0.6985451022070293,0.40362542867661894,242,245,5.98372828324994,114.69853440724309
1828,91.4,straightline,349,pure_pursuit,6.0,118.87957763671875,38.33922576904297,0.5614245533943176,0.011798809876869529,0.35,0.0,0.40257674720351483,0.41654175519941355,242,245,5.863120839845956,114.40256176845178
1829,91.45,straightline,349,pure_pursuit,6.0,119.17753601074219,38.34416961669922,0.5688941478729248,0.011669020107106576,0.15,0.0,0.10461117564360355,0.409072160720827,242,245,6.016360639299133,114.10456241978856
1830,91.5,straightline,349,pure_pursuit,6.0,119.47496032714844,38.349178314208984,0.5550408363342285,0.01188554423677087,0.35,0.0,0.1929245864047915,0.42292547225950966,242,246,5.917656943630484,113.80709594230454
1831,91.55000000000001,straightline,349,pure_pursuit,6.0,119.772705078125,38.3540153503418,0.5770946741104126,0.011371547978233337,0.35,0.0,0.4906949308852002,0.40087163448334145,242,246,5.9946511437471495,113.50931201184238
1832,91.60000000000001,straightline,349,pure_pursuit,6.0,120.06849670410156,38.3591423034668,0.567289412021637,0.011644517337070323,0.35,0.0,0.7865263337875217,0.4106768965721072,242,246,5.862487680158237,113.21347596459101
1833,91.65,straightline,349,pure_pursuit,6.0,120.36548614501953,38.36423110961914,0.5793275237083435,0.011349090064562037,0.35,0.0,0.9164546322075833,0.39863878488541116,243,246,5.99885559758481,112.91644292964372
1834,91.7,straightline,349,pure_pursuit,6.0,120.6618423461914,38.369468688964844,0.56552654504776,0.011708051648136117,0.35,0.0,0.6200540594127962,0.41243976354596656,243,246,5.909471995976489,112.62004049859844
1835,91.75,straightline,349,pure_pursuit,6.0,120.95980834960938,38.374515533447266,0.5868263244628906,0.011183121912152346,0.15,0.0,0.32205277063919097,0.3911399841308692,243,246,6.016569350081467,112.32203176118846
1836,91.80000000000001,straightline,349,pure_pursuit,6.0,121.25717163085938,38.37970733642578,0.574586033821106,0.011517339389260493,0.35,0.0,0.024811364914472563,0.4033802747726548,243,246,5.897636744740593,112.02462317988014
1837,91.85000000000001,straightline,349,pure_pursuit,6.0,121.55542755126953,38.384769439697266,0.5871034860610962,0.011021408864023296,0.15,0.0,0.27368655623599303,0.39086282253263516,243,247,6.015862965168596,111.72632430697595
1838,91.9,straightline,349,pure_pursuit,6.0,121.85181427001953,38.38994216918945,0.5738667249679565,0.011374953890297078,0.35,0.0,0.5701090702676918,0.4040995836258045,243,247,5.891769434439233,111.42989247158793
1839,91.95,straightline,349,pure_pursuit,6.0,122.14789581298828,38.39490509033203,0.5955791473388672,0.010840422525011205,0.35,0.0,0.866229950307849,0.3823871612548604,243,247,5.9638681464512056,111.13376935381355
1840,92.0,straightline,349,pure_pursuit,6.0,122.44178771972656,38.39997100830078,0.5830130577087402,0.011192195383980972,0.35,0.0,0.8398387606952197,0.3949532508849962,244,247,5.82198491269302,110.83983379172716
1841,92.05000000000001,straightline,349,pure_pursuit,6.0,122.73683166503906,38.40491485595703,0.5897318124771118,0.011064443076214462,0.35,0.0,0.5447567537154671,0.388234496116624,244,247,5.9592469161286985,110.54474844609705
1842,92.10000000000001,straightline,349,pure_pursuit,6.0,123.03134155273438,38.410091400146484,0.5708022117614746,0.01156628542976399,0.35,0.0,0.2502097204134096,0.40716409683227456,244,247,5.868110877897325,110.25019310228853
1843,92.15,straightline,349,pure_pursuit,6.0,123.32757568359375,38.4151725769043,0.5867772698402405,0.010983492719954855,0.35,0.0,0.04617483677200493,0.3911890387534765,244,248,5.976892909368289,109.95391539748856
1844,92.2,straightline,349,pure_pursuit,6.0,123.62338256835938,38.4204216003418,0.5703136920928955,0.011404023490596056,0.35,0.0,0.3419487569964237,0.4076526165008606,244,248,5.864671229740862,109.65806200747171
1845,92.25,straightline,349,pure_pursuit,6.0,123.92154693603516,38.42552947998047,0.5748332738876343,0.011301372228396292,0.15,0.0,0.6401518981590201,0.40313303470608247,244,248,6.022499019215653,109.35985389144564
1846,92.30000000000001,straightline,349,pure_pursuit,6.0,124.2193832397461,38.43074035644531,0.5584821105003357,0.011733223046390285,0.35,0.0,0.9380316445349471,0.41948419809341314,244,248,5.926549707384053,109.06197203116228
1847,92.35000000000001,straightline,349,pure_pursuit,6.0,124.51775360107422,38.43579864501953,0.5783286094665527,0.011236076221060421,0.15,0.0,0.7635642638846165,0.39963769912718,245,248,6.007579936096512,108.76355879912055
1848,92.4,straightline,349,pure_pursuit,6.0,124.81417083740234,38.44099044799805,0.5653379559516907,0.011577881219972734,0.35,0.0,0.46710363121680015,0.41262835264202535,245,248,5.869197542614967,108.46709612502654
1849,92.45,straightline,349,pure_pursuit,6.0,125.11066436767578,38.446048736572266,0.5780263543128967,0.011267904592252936,0.35,0.0,0.17057806217708868,0.39993995428081647,245,248,5.9729908440980095,108.1705594499111
1850,92.5,straightline,349,pure_pursuit,6.0,125.40504455566406,38.45124816894531,0.563519299030304,0.011489967322221815,0.35,0.0,0.1238862023680352,0.41444700956342034,245,249,5.854388947172753,107.87613339647511
1851,92.55000000000001,straightline,349,pure_pursuit,6.0,125.70020294189453,38.4562873840332,0.5820695757865906,0.011012247529004085,0.35,0.0,0.41907298601098175,0.3958967328071589,245,249,5.953346951337609,107.58093199637095
1852,92.60000000000001,straightline,349,pure_pursuit,6.0,125.99443054199219,38.46143341064453,0.5663654804229736,0.011423497937071925,0.35,0.0,0.7133426492633547,0.4116008281707824,245,249,5.833773348019182,107.28665942134054
1853,92.65,straightline,349,pure_pursuit,6.0,126.2908935546875,38.46644592285156,0.5706835389137268,0.01133788925937481,0.35,0.0,0.9901589935341326,0.40728276968,246,249,5.992130449534186,106.99015404152351
1854,92.7,straightline,349,pure_pursuit,6.0,126.58729553222656,38.471553802490234,0.5528720021247864,0.011822967349010404,0.35,0.0,0.6937138950743734,0.4250943064689509,246,249,5.910981088002867,106.69370805837272
1855,92.75,straightline,349,pure_pursuit,6.0,126.88557434082031,38.47649002075195,0.5709606409072876,0.011400522838547283,0.15,0.0,0.3953976502948385,0.4070056676864293,246,249,6.021664339228679,106.39538845152255
1856,92.80000000000001,straightline,349,pure_pursuit,6.0,127.1833724975586,38.48162841796875,0.5564337372779846,0.011800864122882643,0.35,0.0,0.0975742547201688,0.42153257131573596,246,249,5.905092390355924,106.09754597149582
1857,92.85000000000001,straightline,349,pure_pursuit,6.0,127.4822006225586,38.48667526245117,0.5671433806419373,0.011403336984783867,0.15,0.0,0.20133532312957902,0.41082292795178255,246,250,6.025666492652401,105.79867523810366
1858,92.9,straightline,349,pure_pursuit,6.0,127.77930450439453,38.491844177246094,0.5528548955917358,0.011782291466895774,0.35,0.0,0.49847590734694947,0.4251114130020025,246,250,5.9040157982239405,105.50152641011086
1859,92.95,straightline,349,pure_pursuit,6.0,128.07626342773438,38.49684143066406,0.5740814805030823,0.011249946084308788,0.35,0.0,0.7954752578110418,0.4038848280906567,246,250,5.97673905085679,105.2045254528613
1860,93.0,straightline,349,pure_pursuit,6.0,128.37095642089844,38.501991271972656,0.5625215172767639,0.011552282104839435,0.35,0.0,0.9097939437381654,0.41541427373886114,247,250,5.8372565902565885,104.90978748747015
1861,93.05000000000001,straightline,349,pure_pursuit,6.0,128.6668243408203,38.507076263427734,0.573029637336731,0.011285347645738516,0.35,0.0,0.6138834363118817,0.4049061536788941,247,250,5.971673641268827,104.61387587506097
1862,93.10000000000001,straightline,349,pure_pursuit,6.0,128.96200561523438,38.51225662231445,0.5570420622825623,0.011700209328122197,0.35,0.0,0.3186592101100927,0.4208937287330628,247,250,5.88069187151144,104.31864917842441
1863,93.15,straightline,349,pure_pursuit,6.0,129.25889587402344,38.517250061035156,0.5760210752487183,0.011236527639496974,0.35,0.0,0.021817204480863647,0.40191471576690674,247,250,5.990283361210617,104.02171694073377
1864,93.2,straightline,349,pure_pursuit,6.0,129.55540466308594,38.52239227294922,0.5615379214286804,0.011492108207593403,0.35,0.0,0.27483954620728135,0.41639786958694464,247,251,5.880655937620442,103.72516357507507
1865,93.25,straightline,349,pure_pursuit,6.0,129.8544158935547,38.52741241455078,0.567949116230011,0.011354064398063628,0.15,0.0,0.5738895287588721,0.40998667478561407,247,251,6.040873106166336,103.42611021908363
1866,93.30000000000001,straightline,349,pure_pursuit,6.0,130.15322875976562,38.532554626464844,0.5532321929931641,0.011755253831657587,0.35,0.0,0.8727452826431374,0.42470359802246094,247,251,5.947271905210221,103.12725311262373
1867,93.35000000000001,straightline,349,pure_pursuit,6.0,130.45266723632812,38.537559509277344,0.5743125081062317,0.011235845585318361,0.15,0.0,0.8277655819424438,0.4036232829093933,248,251,6.029380889213669,102.82777283370116
1868,93.4,straightline,349,pure_pursuit,6.0,130.75022888183594,38.54271697998047,0.5623722672462463,0.011557497429463569,0.35,0.0,0.5301604658277557,0.41556352376937866,248,251,5.890609591288028,102.53016650451397
1869,93.45,straightline,349,pure_pursuit,6.0,131.04791259765625,38.547752380371094,0.5757994055747986,0.011233488649788289,0.35,0.0,0.23243959155499008,0.40213638544082647,248,251,5.9952484319864086,102.23244020869106
1870,93.5,straightline,349,pure_pursuit,6.0,131.34356689453125,38.55290603637695,0.5617303848266602,0.011478364350246018,0.35,0.0,0.06329980515361147,0.4162054061889649,248,252,5.87700180497753,101.93674101488183
1871,93.55000000000001,straightline,349,pure_pursuit,6.0,131.63998413085938,38.557918548583984,0.581070601940155,0.010986855774358671,0.35,0.0,0.3597342419806873,0.39686518907546997,248,252,5.975101324475254,101.64028140471885
1872,93.60000000000001,straightline,349,pure_pursuit,6.0,131.9354248046875,38.563079833984375,0.5659675598144531,0.011381254051341091,0.35,0.0,0.6552170503235597,0.41196823120117193,248,252,5.856770636344266,101.34479567246456
1873,93.65,straightline,349,pure_pursuit,6.0,132.2330322265625,38.56814193725586,0.5711939334869385,0.011262512004821456,0.15,0.0,0.9528666905064545,0.4067418575286865,248,252,6.012600239562888,101.04714520314036
1874,93.7,straightline,349,pure_pursuit,6.0,132.53033447265625,38.57330322265625,0.5546141266822815,0.011703397202703959,0.35,0.0,0.7497918543595552,0.4233216643333435,249,252,5.9166794224897465,100.74979817044007
1875,93.75,straightline,349,pure_pursuit,6.0,132.8282012939453,38.578311920166016,0.5741888880729675,0.0112185681179367,0.35,0.0,0.4518847318466976,0.4037469029426575,249,252,5.998663470055187,100.45188925203925
1876,93.80000000000001,straightline,349,pure_pursuit,6.0,133.12432861328125,38.583465576171875,0.5611782073974609,0.01156273269169465,0.35,0.0,0.15571910101730238,0.4167575836181641,249,252,5.866350294174788,100.15571710494932
1877,93.85000000000001,straightline,349,pure_pursuit,6.0,133.421875,38.58851623535156,0.5697787404060364,0.01124138645887333,0.15,0.0,0.1418926642216972,0.4081570506095887,249,253,6.007541893714286,99.85812785738437
1878,93.9,straightline,349,pure_pursuit,6.0,133.71873474121094,38.59367752075195,0.553806483745575,0.011662339837874002,0.35,0.0,0.4387887807593449,0.4241293072700501,249,253,5.905220298552936,99.56122326502914
1879,93.95,straightline,349,pure_pursuit,6.0,134.0159912109375,38.59867477416992,0.5735106468200684,0.011167528818125548,0.35,0.0,0.736086022841144,0.40442514419555664,249,253,5.985624699433573,99.2639248045728
1880,94.0,straightline,349,pure_pursuit,6.0,134.31141662597656,38.60380935668945,0.5603606104850769,0.011514309587183578,0.35,0.0,0.9684491559908021,0.4175751805305481,250,253,5.8517295427825555,98.96845478526
1881,94.05000000000001,straightline,349,pure_pursuit,6.0,134.60824584960938,38.60884094238281,0.5685766935348511,0.011320176498320145,0.35,0.0,0.6715780687749159,0.4093590974807739,250,253,5.992700747617188,98.67158292195501
1882,94.10000000000001,straightline,349,pure_pursuit,6.0,134.90457153320312,38.613990783691406,0.5517932772636414,0.011764540007484713,0.35,0.0,0.37520907028123013,0.4261425137519837,250,253,5.9045337726422,98.37521250483391
1883,94.15,straightline,349,pure_pursuit,6.0,135.2025909423828,38.61898422241211,0.5702840685844421,0.011314714516545447,0.15,0.0,0.07716439791634412,0.4076517224311829,250,253,6.014773345651527,98.07715128141649
1884,94.2,straightline,349,pure_pursuit,6.0,135.5000762939453,38.6241455078125,0.5559762716293335,0.011582492978001823,0.35,0.0,0.22039246057116496,0.4219595193862915,250,254,5.898893186491743,97.77962117005227
1885,94.25,straightline,349,pure_pursuit,6.0,135.798583984375,38.629180908203125,0.5664032697677612,0.011329919535104635,0.15,0.0,0.5189390984688286,0.4115325212478638,250,254,6.020010108028789,97.48107101975206
1886,94.30000000000001,straightline,349,pure_pursuit,6.0,136.09535217285156,38.63433074951172,0.5519422888755798,0.011712351329035055,0.35,0.0,0.8157507094982307,0.42599350214004517,250,254,5.898657951369318,97.18425816233034
1887,94.35000000000001,straightline,349,pure_pursuit,6.0,136.39198303222656,38.639312744140625,0.5732257962226868,0.011178096264426236,0.35,0.0,0.8875813989444172,0.4047099947929383,251,254,5.972519875493483,96.88758548157293
1888,94.4,straightline,349,pure_pursuit,6.0,136.68638610839844,38.644432067871094,0.5613789558410645,0.011489473411394993,0.35,0.0,0.5931344127737984,0.41655683517456055,251,254,5.833332733009292,96.59313791263956
1889,94.45,straightline,349,pure_pursuit,6.0,136.98199462890625,38.649444580078125,0.5704500079154968,0.011273632122488265,0.35,0.0,0.2974858657713505,0.4074857831001282,251,254,5.970471215863542,96.29748690014075
1890,94.5,straightline,349,pure_pursuit,6.0,137.27700805664062,38.65458297729492,0.5532807111740112,0.011725379985858963,0.35,0.0,0.0028926600601432576,0.42465507984161377,251,254,5.880517717767506,96.00242874291887
1891,94.55000000000001,straightline,349,pure_pursuit,6.0,137.57379150390625,38.65957260131836,0.5713170766830444,0.011170678368713613,0.35,0.0,0.29440708719670566,0.40661871433258057,251,255,5.9913176507057475,95.70560336614176
1892,94.60000000000001,straightline,349,pure_pursuit,6.0,137.87020874023438,38.66471481323242,0.5563287734985352,0.011566459829290393,0.35,0.0,0.590866348361215,0.42160701751708984,251,255,5.881525383767785,95.40914154003805
1893,94.65,straightline,349,pure_pursuit,6.0,138.16920471191406,38.66976547241211,0.5623844265937805,0.011430031116736513,0.15,0.0,0.889904361296573,0.4155513644218445,251,255,6.042732979346468,95.11010291901741
1894,94.7,straightline,349,pure_pursuit,6.0,138.46810913085938,38.6749267578125,0.5476729273796082,0.011824382712935877,0.35,0.0,0.8111510552831019,0.43026286363601685,252,255,5.95018914578225,94.8111539474355
1895,94.75,straightline,349,pure_pursuit,6.0,138.76766967773438,38.6799430847168,0.5687513947486877,0.011301269795131677,0.15,0.0,0.5115497200658485,0.40918439626693726,252,255,6.033238000025749,94.5115514201735
1896,94.80000000000001,straightline,349,pure_pursuit,6.0,139.0653839111328,38.68510818481445,0.556978166103363,0.011613440298752643,0.35,0.0,0.2137938370194705,0.420957624912262,252,255,5.895522440314096,94.21379239524077
1897,94.85000000000001,straightline,349,pure_pursuit,6.0,139.36328125,38.69013977050781,0.5707504153251648,0.011172897214592248,0.15,0.0,0.0841677142189105,0.4071853756904602,252,256,6.000570563919053,93.91585257256463
1898,94.9,straightline,349,pure_pursuit,6.0,139.65896606445312,38.695281982421875,0.5572136044502258,0.011527044531140198,0.35,0.0,0.3798844661039239,0.42072218656539917,252,256,5.870756029700611,93.62012306144136
1899,94.95,straightline,349,pure_pursuit,6.0,139.9542694091797,38.70024871826172,0.5783972144126892,0.01099005467372673,0.35,0.0,0.6752283742663099,0.3995385766029358,252,256,5.942569384780297,93.32477796221488
1900,95.0,straightline,349,pure_pursuit,6.0,140.2472381591797,38.705345153808594,0.5658356547355652,0.011318256976252368,0.35,0.0,0.9682406955156945,0.4121001362800598,252,256,5.803000439415168,93.03176490121076
1901,95.05000000000001,straightline,349,pure_pursuit,6.0,140.54132080078125,38.7103271484375,0.5739344954490662,0.011125278762984334,0.35,0.0,0.7376386849103477,0.4040012955665589,253,256,5.93953834714333,92.73764006626145
1902,95.10000000000001,straightline,349,pure_pursuit,6.0,140.8348388671875,38.71543502807617,0.5553267002105713,0.011614363216203457,0.35,0.0,0.4440769470584429,0.4226090908050537,253,256,5.85052677615334,92.44407757355764
1903,95.15,straightline,349,pure_pursuit,6.0,141.13018798828125,38.720394134521484,0.5720751881599426,0.011204834657342415,0.35,0.0,0.14869179367021285,0.40586060285568243,253,256,5.962977183792412,92.14868683493133
1904,95.2,straightline,349,pure_pursuit,6.0,141.4252471923828,38.72551345825195,0.5561240315437317,0.01153095879601842,0.35,0.0,0.14642704323549105,0.4218117594718933,253,257,5.853915442783008,91.85358323392839
1905,95.25,straightline,349,pure_pursuit,6.0,141.7228546142578,38.73053741455078,0.5613567233085632,0.011413929862676715,0.15,0.0,0.4440721856291184,0.4165790677070618,253,257,6.016555165484498,91.55593341622028
1906,95.30000000000001,straightline,349,pure_pursuit,6.0,142.02032470703125,38.73567199707031,0.5456845760345459,0.011832383658156968,0.35,0.0,0.7415854341334494,0.4322512149810791,253,257,5.923992570407774,91.2584190177028
1907,95.35000000000001,straightline,349,pure_pursuit,6.0,142.31851196289062,38.74065399169922,0.5661341547966003,0.011323922110010853,0.15,0.0,0.9601898046959674,0.4118016362190247,254,257,6.008300891338906,90.96019016751578
1908,95.4,straightline,349,pure_pursuit,6.0,142.61488342285156,38.745792388916016,0.5536850094795227,0.011652925932143655,0.35,0.0,0.6637742014635661,0.4242507815361023,254,257,5.870855191632961,90.66377417627638
1909,95.45,straightline,349,pure_pursuit,6.0,142.91148376464844,38.750797271728516,0.5668737888336182,0.01133101123881482,0.35,0.0,0.36713322312578756,0.4110620021820069,254,257,5.97757486983511,90.36713161755449
1910,95.5,straightline,349,pure_pursuit,6.0,143.20616149902344,38.75592041015625,0.5526960492134094,0.011703591336819471,0.35,0.0,0.07242224610129688,0.4252397418022156,254,257,5.861016990805587,90.07240936541471
1911,95.55000000000001,straightline,349,pure_pursuit,6.0,143.50181579589844,38.76089096069336,0.5722349286079407,0.011118343259543379,0.35,0.0,0.2232935520873599,0.4057008624076843,254,258,5.962758819790947,89.77671330006294
1912,95.60000000000001,straightline,349,pure_pursuit,6.0,143.79669189453125,38.76601791381836,0.5578015446662903,0.01149594450669935,0.35,0.0,0.5182109681995039,0.4201342463493348,254,258,5.846577559911683,89.48179264745214
1913,95.65,straightline,349,pure_pursuit,6.0,144.0938262939453,38.77104568481445,0.5636258125305176,0.01136215960304245,0.15,0.0,0.8153872555358015,0.4143099784851074,254,258,6.0041823919607324,89.1846157180126
1914,95.7,straightline,349,pure_pursuit,6.0,144.3907012939453,38.77617645263672,0.5474948883056641,0.011791820343350155,0.35,0.0,0.8876972652548639,0.43044090270996094,255,258,5.910051126433018,88.88769639059429
1915,95.75,straightline,349,pure_pursuit,6.0,144.68829345703125,38.78116226196289,0.5675660371780396,0.011292598707324866,0.35,0.0,0.5900641541452664,0.4103697538375855,255,258,5.994302386166228,88.590062481153
1916,95.80000000000001,straightline,349,pure_pursuit,6.0,144.9842071533203,38.78628921508789,0.5549938082695007,0.011625890024733172,0.35,0.0,0.2941076147296549,0.42294198274612427,255,258,5.864013321420405,88.2941043823014
1917,95.85000000000001,straightline,349,pure_pursuit,6.0,145.28167724609375,38.79131317138672,0.5640262365341187,0.011321181417263704,0.15,0.0,0.0037178643102539653,0.41390955448150635,255,259,6.007261749984475,87.99659187367483
1918,95.9,straightline,349,pure_pursuit,6.0,145.57850646972656,38.79644775390625,0.5486201047897339,0.01172948305326053,0.35,0.0,0.30028534429841847,0.4293156862258911,255,259,5.90795302435143,87.69971825075707
1919,95.95,straightline,349,pure_pursuit,6.0,145.87583923339844,38.801429748535156,0.5688228607177734,0.011221368500663076,0.35,0.0,0.5976583930850563,0.40911293029785156,255,259,5.990776004798611,87.40234376806929
1920,96.0,straightline,349,pure_pursuit,6.0,146.17144775390625,38.80655288696289,0.556195855140686,0.011554458911929907,0.35,0.0,0.8933105352195959,0.421739935874939,255,259,5.859719760095215,87.10669086561285
1921,96.05000000000001,straightline,349,pure_pursuit,6.0,146.46856689453125,38.81157302856445,0.565035343170166,0.011343797103187569,0.15,0.0,0.8095318177062735,0.412900447845459,256,259,6.002285235942015,86.80952932310034
1922,96.10000000000001,straightline,349,pure_pursuit,6.0,146.7650604248047,38.81671142578125,0.5492407083511353,0.011762004490247228,0.35,0.0,0.5129943441083186,0.4286950826644898,256,259,5.901781521780137,86.51299127937048
1923,96.15,straightline,349,pure_pursuit,6.0,147.06210327148438,38.821693420410156,0.5693983435630798,0.011262046871199067,0.35,0.0,0.2159129847035856,0.4085374474525452,256,259,5.984845759183277,86.2159066713727
1924,96.2,straightline,349,pure_pursuit,6.0,147.35739135742188,38.826820373535156,0.5567960143089294,0.011502056370968496,0.35,0.0,0.07943727381175157,0.42113977670669556,256,260,5.853513296591002,85.92057409155022
1925,96.25,straightline,349,pure_pursuit,6.0,147.6542205810547,38.83183670043945,0.5653638243675232,0.011294308087406453,0.35,0.0,0.3762992083113014,0.4125719666481018,256,260,5.996666787013313,85.62370248888622
1926,96.30000000000001,straightline,349,pure_pursuit,6.0,147.95066833496094,38.83697509765625,0.5486620664596558,0.011735218441098623,0.35,0.0,0.672790068631698,0.4292737245559693,256,260,5.910513733545734,85.32721021484772
1927,96.35000000000001,straightline,349,pure_pursuit,6.0,148.2489776611328,38.84196853637695,0.5672575235366821,0.011273052863343614,0.15,0.0,0.9711408780047861,0.4106782674789428,256,260,6.022780384369386,85.02885911667862
1928,96.4,straightline,349,pure_pursuit,6.0,148.5469970703125,38.84711456298828,0.5530092120170593,0.011653870594127024,0.35,0.0,0.7307991864034485,0.4249265789985657,257,260,5.910014211331582,84.73079528636755
1929,96.45,straightline,349,pure_pursuit,6.0,148.84619140625,38.85215377807617,0.563969075679779,0.011392796190149122,0.15,0.0,0.4315636108332273,0.41396671533584595,257,260,6.032815171973242,84.43155852558007
1930,96.5,straightline,349,pure_pursuit,6.0,149.1437530517578,38.8573112487793,0.5502893924713135,0.011755273439373602,0.35,0.0,0.13396214081598487,0.4276463985443115,257,260,5.913079230860101,84.1339521966096
1931,96.55000000000001,straightline,349,pure_pursuit,6.0,149.4412384033203,38.8623046875,0.5722904205322266,0.01110854889291243,0.35,0.0,0.16357936068182088,0.40564537048339844,257,261,5.988469716477507,83.83642495284283
1932,96.60000000000001,straightline,349,pure_pursuit,6.0,149.73660278320312,38.867427825927734,0.5609549283981323,0.011405757887835943,0.35,0.0,0.4589835023776596,0.41698086261749273,257,261,5.8514774153993265,83.54101615534135
1933,96.65,straightline,349,pure_pursuit,6.0,150.033203125,38.872440338134766,0.5705026984214783,0.01117353304905243,0.35,0.0,0.755625433623805,0.40743309259414673,257,261,5.989101585613171,83.24437346630972
1934,96.7,straightline,349,pure_pursuit,6.0,150.3292999267578,38.87758255004883,0.5534462928771973,0.011622180924135174,0.35,0.0,0.9482370009609482,0.42448949813842773,258,261,5.90100800226584,82.94823202799333
1935,96.75,straightline,349,pure_pursuit,6.0,150.62721252441406,38.882568359375,0.5713181495666504,0.011182057041847144,0.15,0.0,0.6502833802535746,0.4066176414489746,258,261,6.013814881398702,82.65027773082562
1936,96.80000000000001,straightline,349,pure_pursuit,6.0,150.92469787597656,38.887718200683594,0.5563045144081116,0.011581008265062686,0.35,0.0,0.3527545899408165,0.4216312766075134,258,261,5.900367899978094,82.35274781499223
1937,96.85000000000001,straightline,349,pure_pursuit,6.0,151.2233428955078,38.89275360107422,0.5664777159690857,0.011342160636201195,0.15,0.0,0.054084285589091015,0.41145807504653936,258,261,6.023712751360759,82.05406035562802
1938,96.9,straightline,349,pure_pursuit,6.0,151.52035522460938,38.89790344238281,0.5520919561386108,0.011629330227653412,0.35,0.0,0.24299660941650517,0.42584383487701416,258,262,5.9048830989426415,81.75700339321942
1939,96.95,straightline,349,pure_pursuit,6.0,151.8173370361328,38.90288543701172,0.5733038187026978,0.01109252948261655,0.35,0.0,0.5400182398275856,0.4046319723129273,258,262,5.981172680145476,81.4599798115368
1940,97.0,straightline,349,pure_pursuit,6.0,152.1122283935547,38.90800094604492,0.5612942576408386,0.011407786210546467,0.35,0.0,0.8349530982672901,0.4166415333747864,258,262,5.844756626926553,81.16504409778425
1941,97.05000000000001,straightline,349,pure_pursuit,6.0,152.40843200683594,38.91301345825195,0.5704023241996765,0.011187463854345115,0.35,0.0,0.8687893668020661,0.4075334668159485,259,262,5.98343232917947,80.86879807937527
1942,97.10000000000001,straightline,349,pure_pursuit,6.0,152.70416259765625,38.91814422607422,0.553128182888031,0.011643262154674308,0.35,0.0,0.5730146957189424,0.42480760812759405,259,262,5.895885189273272,80.57302299404911
1943,97.15,straightline,349,pure_pursuit,6.0,153.00173950195312,38.92313766479492,0.571022093296051,0.01120205546232979,0.15,0.0,0.27539808108080754,0.406913697719574,259,262,6.00894197045439,80.27540421091513
1944,97.2,straightline,349,pure_pursuit,6.0,153.29893493652344,38.92828369140625,0.5559043288230896,0.011516064370311399,0.35,0.0,0.021888500556762967,0.4220314621925354,259,263,5.89455740066617,79.97816423492903
1945,97.25,straightline,349,pure_pursuit,6.0,153.5973358154297,38.933311462402344,0.5653989315032959,0.01128618842887733,0.15,0.0,0.3202921047719305,0.4125368595123291,259,263,6.020676679921943,79.67972101090676
1946,97.30000000000001,straightline,349,pure_pursuit,6.0,153.8943328857422,38.938453674316406,0.5507877469062805,0.011672271602939505,0.35,0.0,0.6173319690063361,0.42714804410934454,259,263,5.903417762820099,79.38267943539638
1947,97.35000000000001,straightline,349,pure_pursuit,6.0,154.19129943847656,38.94343566894531,0.5718388557434082,0.011141564852492502,0.35,0.0,0.9143399415951483,0.4060969352722168,259,263,5.979326936215978,79.08567111029235
1948,97.4,straightline,349,pure_pursuit,6.0,154.48619079589844,38.94854736328125,0.560070276260376,0.011451412727610537,0.35,0.0,0.7907281322353383,0.4178655147552491,260,263,5.842639148708339,78.79073546169815
1949,97.45,straightline,349,pure_pursuit,6.0,154.7823486328125,38.953556060791016,0.5695635080337524,0.011223331731525838,0.35,0.0,0.4945287906761095,0.40837228298187256,260,263,5.981002083902003,78.49453527816055
1950,97.5,straightline,349,pure_pursuit,6.0,155.07801818847656,38.95869064331055,0.5525418519973755,0.011671551176138573,0.35,0.0,0.1988170832491322,0.42539393901824957,260,263,5.893356220975897,78.1988211538917
1951,97.55000000000001,straightline,349,pure_pursuit,6.0,155.37557983398438,38.96367645263672,0.5706421732902527,0.011136158259961318,0.15,0.0,0.09880100979245693,0.4072936177253723,260,264,6.00660760668695,77.90121775768891
1952,97.60000000000001,straightline,349,pure_pursuit,6.0,155.67274475097656,38.96882629394531,0.5554499626159668,0.011536487175245457,0.35,0.0,0.39600257408519973,0.42248582839965826,260,264,5.892672157110955,77.60400822963419
1953,97.65,straightline,349,pure_pursuit,6.0,155.97108459472656,38.973846435546875,0.565168023109436,0.011303560178777592,0.15,0.0,0.6943838043423682,0.41276776790618896,260,264,6.0177529021227425,77.30562616222826
1954,97.7,straightline,349,pure_pursuit,6.0,156.267822265625,38.97897720336914,0.5503897666931152,0.01169590393916249,0.35,0.0,0.9911652964386595,0.42754602432250977,260,264,5.89987907667661,77.00884414376769
1955,97.75,straightline,349,pure_pursuit,6.0,156.56455993652344,38.983951568603516,0.5715606808662415,0.011165120024747828,0.35,0.0,0.7120591255895256,0.40637511014938354,261,264,5.976985531132362,76.71206479748375
1956,97.80000000000001,straightline,349,pure_pursuit,6.0,156.8592529296875,38.98906326293945,0.5598196983337402,0.011473927190388566,0.35,0.0,0.41732257288707647,0.41811609268188477,261,264,5.84138484198038,76.417327484159
1957,97.85000000000001,straightline,349,pure_pursuit,6.0,157.1552734375,38.99407196044922,0.5692729949951172,0.01124861268651059,0.35,0.0,0.12126562593773443,0.4086627960205078,261,264,5.980933150388242,76.12126460969981
1958,97.9,straightline,349,pure_pursuit,6.0,157.45086669921875,38.99920654296875,0.5523082613945007,0.011606974660228331,0.35,0.0,0.17438533670452122,0.42562752962112427,261,265,5.894193997872318,75.82562676820783
1959,97.95,straightline,349,pure_pursuit,6.0,157.74838256835938,39.00419235229492,0.5702658891677856,0.011157126022333395,0.15,0.0,0.4719400971065846,0.4076699018478394,261,265,6.008173314963645,75.52806914172875
1960,98.0,straightline,349,pure_pursuit,6.0,158.04554748535156,39.00933837890625,0.5550081133842468,0.01156021243080254,0.35,0.0,0.7691486140094802,0.4229276776313782,261,265,5.894668802304469,75.23085967881978
1961,98.05000000000001,straightline,349,pure_pursuit,6.0,158.3439178466797,39.014366149902344,0.5649212598800659,0.011322443029058212,0.15,0.0,0.9324423427606648,0.413014531135559,262,265,6.0194044516858485,74.93244696796977
1962,98.10000000000001,straightline,349,pure_pursuit,6.0,158.64071655273438,39.01950454711914,0.5502727031707764,0.011710268615463086,0.35,0.0,0.6355995078291492,0.42766308784484863,262,265,5.901167814674481,74.63560379289218
1963,98.15,straightline,349,pure_pursuit,6.0,158.93763732910156,39.02448272705078,0.571259617805481,0.011186747430975202,0.35,0.0,0.3386386078419925,0.40667617321014404,262,265,5.980413238486241,74.33864130271667
1964,98.2,straightline,349,pure_pursuit,6.0,159.2325897216797,39.02960968017578,0.5595844388008118,0.011491476752297712,0.35,0.0,0.043658966057104336,0.4183513522148133,262,265,5.845523798607544,74.0436443671212
1965,98.25,straightline,349,pure_pursuit,6.0,159.52890014648438,39.03462219238281,0.5692571997642517,0.011168527793540274,0.35,0.0,0.25271787632418324,0.4086785912513733,262,266,5.9846975284251425,73.74729155281848
1966,98.30000000000001,straightline,349,pure_pursuit,6.0,159.82476806640625,39.03976058959961,0.5522964000701904,0.011613495964632611,0.35,0.0,0.5486281653810599,0.4256393909454346,262,266,5.897567242135965,73.45137902802733
1967,98.35000000000001,straightline,349,pure_pursuit,6.0,160.1225128173828,39.04474639892578,0.5702608823776245,0.01116608271058093,0.15,0.0,0.8464142626431892,0.4076749086380005,262,266,6.011524812725134,73.15359255313756
1968,98.4,straightline,349,pure_pursuit,6.0,160.419921875,39.049896240234375,0.5551173090934753,0.011566390161473,0.35,0.0,0.8561356266574934,0.4228184819221497,263,266,5.898255548594886,72.85613892005036
1969,98.45,straightline,349,pure_pursuit,6.0,160.71856689453125,39.05492401123047,0.5652106404304504,0.011326853116732281,0.15,0.0,0.5574490031328876,0.41272515058517456,263,266,6.023002020880071,72.55745159110609
1970,98.5,straightline,349,pure_pursuit,6.0,161.01564025878906,39.06006622314453,0.5507174730300903,0.011711171379839328,0.35,0.0,0.26033272989903256,0.4272183179855347,263,266,5.906652534703556,72.26033373272206
1971,98.55000000000001,straightline,349,pure_pursuit,6.0,161.31272888183594,39.06504440307617,0.5721282958984375,0.011089741104062346,0.35,0.0,0.03682760049017196,0.40580749511718756,263,267,5.984237496472211,71.96320342039836
1972,98.60000000000001,straightline,349,pure_pursuit,6.0,161.60780334472656,39.07016372680664,0.5604333877563477,0.01139549035048633,0.35,0.0,0.3319223602509392,0.41750240325927734,263,267,5.849850669922065,71.66808456263112
1973,98.65,straightline,349,pure_pursuit,6.0,161.9042205810547,39.07516860961914,0.5698730945587158,0.011165714846108342,0.35,0.0,0.6283807201732696,0.4080626964569092,263,267,5.989293515305363,71.37162508277943
1974,98.7,straightline,349,pure_pursuit,6.0,162.20022583007812,39.08030319213867,0.5527085065841675,0.011617634346612907,0.35,0.0,0.9244298874799065,0.4252272844314575,263,267,5.903132129426097,71.0755753140578
1975,98.75,straightline,349,pure_pursuit,6.0,162.49815368652344,39.08529281616211,0.5706499218940735,0.01117310621802248,0.15,0.0,0.7776040212617692,0.4072858691215515,264,267,6.017725795148816,70.77760569532018
1976,98.80000000000001,straightline,349,pure_pursuit,6.0,162.79579162597656,39.0904426574707,0.5556061267852783,0.011572281071619965,0.35,0.0,0.47992211463547574,0.42232966423034674,264,267,5.905172905915978,70.47992321376104
1977,98.85000000000001,straightline,349,pure_pursuit,6.0,163.0946807861328,39.09547424316406,0.5658860206604004,0.01133058606472161,0.15,0.0,0.18099413583096213,0.41204977035522466,264,267,6.03019131520902,70.18099171470962
1978,98.9,straightline,349,pure_pursuit,6.0,163.39202880859375,39.10063171386719,0.5515689849853516,0.011622287406132853,0.35,0.0,0.11641128209337591,0.42636680603027344,264,268,5.912780895989514,69.88359897745549
1979,98.95,straightline,349,pure_pursuit,6.0,163.6894073486328,39.10561752319336,0.5728453993797302,0.011083073105222462,0.35,0.0,0.4138266161886825,0.40509039163589483,264,268,5.990579879414406,69.58617866016266
1980,99.0,straightline,349,pure_pursuit,6.0,163.98480224609375,39.11074447631836,0.5607019066810608,0.011400532390886883,0.35,0.0,0.7092648448540211,0.4172338843345642,264,268,5.857153304575828,69.29073928419972
1981,99.05000000000001,straightline,349,pure_pursuit,6.0,164.2816619873047,39.115760803222656,0.5702016353607178,0.011170025939717079,0.35,0.0,0.9938365758458305,0.4077341556549072,265,268,5.996390617080466,68.9938371685568
1982,99.10000000000001,straightline,349,pure_pursuit,6.0,164.5780792236328,39.12090301513672,0.5532774925231934,0.011615668317418672,0.35,0.0,0.6973749926154876,0.4246582984924317,265,268,5.910383677107376,68.69737534227717
1983,99.15,straightline,349,pure_pursuit,6.0,164.87652587890625,39.12590408325195,0.5714181661605835,0.011167852515022336,0.15,0.0,0.3988876453129185,0.4065176248550415,265,268,6.024947152551478,68.39888680495744
1984,99.2,straightline,349,pure_pursuit,6.0,165.1746063232422,39.131065368652344,0.556609034538269,0.011560441042168567,0.35,0.0,0.10076856815219339,0.421326756477356,265,268,5.912859438645893,68.100761687546
1985,99.25,straightline,349,pure_pursuit,6.0,165.47396850585938,39.1361083984375,0.5671015381813049,0.011222702154853,0.15,0.0,0.1986492048533046,0.4108342528343201,265,269,6.037685822544478,67.8013570395775
1986,99.30000000000001,straightline,349,pure_pursuit,6.0,165.77175903320312,39.141265869140625,0.5527324676513672,0.011601349688621261,0.35,0.0,0.49648135313613967,0.42520332336425787,265,269,5.920606968080665,67.50352186200931
1987,99.35000000000001,straightline,349,pure_pursuit,6.0,166.06961059570312,39.1462516784668,0.573952317237854,0.011067273597651405,0.35,0.0,0.7943741594405427,0.40398347377777105,265,269,5.9986201295514805,67.20562859136729
1988,99.4,straightline,349,pure_pursuit,6.0,166.365478515625,39.15138244628906,0.562213122844696,0.011375151041457043,0.35,0.0,0.9097169996555392,0.41572266817092896,266,269,5.866776355061875,66.90971619676986
1989,99.45,straightline,349,pure_pursuit,6.0,166.6626739501953,39.156402587890625,0.5720052719116211,0.011139289058366962,0.15,0.0,0.6124797480767138,0.4059305191040039,266,269,6.005469767013086,66.6124783716346
1990,99.5,straightline,349,pure_pursuit,6.0,166.95925903320312,39.16154861450195,0.5556525588035583,0.011569947779455938,0.35,0.0,0.31585111476772065,0.4222832322120667,266,269,5.90583898413161,66.31584865794446
1991,99.55000000000001,straightline,349,pure_pursuit,6.0,167.25645446777344,39.16653823852539,0.5750470757484436,0.011089259283280122,0.35,0.0,0.018661187497624347,0.4028887152671814,266,269,5.99180564285953,66.01861135426383
1992,99.60000000000001,straightline,349,pure_pursuit,6.0,167.55210876464844,39.17167282104492,0.5616862177848816,0.011351726099950084,0.35,0.0,0.2770905989230148,0.41624957323074346,266,270,5.863746848481594,65.722912486351
1993,99.65,straightline,349,pure_pursuit,6.0,167.84939575195312,39.17670440673828,0.5697561502456665,0.011155492746706757,0.15,0.0,0.5744187339691985,0.4081796407699585,266,270,6.009082530223653,65.42558292628846
1994,99.7,straightline,349,pure_pursuit,6.0,168.14622497558594,39.181846618652344,0.5530579686164856,0.011595875132218948,0.35,0.0,0.8712918582566554,0.4248778223991394,266,270,5.911668684317261,65.12870917281668
1995,99.75,straightline,349,pure_pursuit,6.0,168.4437713623047,39.186832427978516,0.5723726749420166,0.011113302523577622,0.35,0.0,0.8311233501335752,0.40556311607360845,267,270,5.997860483123392,64.83112103339462
1996,99.80000000000001,straightline,349,pure_pursuit,6.0,168.7397003173828,39.19196319580078,0.5590906739234924,0.011462446527494428,0.35,0.0,0.5351503334449269,0.41884511709213257,267,270,5.869988191609744,64.53514761255917
1997,99.85000000000001,straightline,349,pure_pursuit,6.0,169.0372772216797,39.196990966796875,0.5677183270454407,0.01125908974919317,0.15,0.0,0.23753309504070214,0.4102174639701844,267,270,6.014777901230227,64.23752824301981
1998,99.9,straightline,349,pure_pursuit,6.0,169.33447265625,39.20214080810547,0.5517097115516663,0.011602354218206353,0.35,0.0,0.05972328244390685,0.42622607946395874,267,271,5.918112158787306,63.940288201697655
1999,99.95,straightline,349,pure_pursuit,6.0,169.63241577148438,39.20713424682617,0.5714415311813354,0.011103908655859532,0.15,0.0,0.3576979527072227,0.40649425983428955,267,271,6.004746410494576,63.64230326133465
2000,100.0,straightline,349,pure_pursuit,6.0,169.9286346435547,39.21227264404297,0.5583019852638245,0.011447882110187456,0.35,0.0,0.6539601037550037,0.4196338057518006,267,271,5.870182443830026,63.34603983545655
2001,100.05000000000001,straightline,349,pure_pursuit,6.0,170.22525024414062,39.21727752685547,0.5708746314048767,0.011136124617400291,0.35,0.0,0.9506176292328369,0.4070611596107483,267,271,5.979732612512356,63.04938202038729
2002,100.10000000000001,straightline,349,pure_pursuit,6.0,170.5200958251953,39.22239303588867,0.5558301210403442,0.011530901130733458,0.35,0.0,0.7544956877183272,0.42210566997528076,268,271,5.866634120930932,62.754492076138284
2003,100.15,straightline,349,pure_pursuit,6.0,170.81600952148438,39.22736358642578,0.5746966600418091,0.011059510090024026,0.35,0.0,0.45854111558059296,0.403239130973816,268,271,5.971461364152958,62.4585366495322
2004,100.2,straightline,349,pure_pursuit,6.0,171.111328125,39.232486724853516,0.5597421526908875,0.011452619289818658,0.35,0.0,0.16318078628109114,0.41819363832473755,268,271,5.859237352232437,62.16317362150476
2005,100.25,straightline,349,pure_pursuit,6.0,171.40904235839844,39.23751449584961,0.5656904578208923,0.011239208077398049,0.15,0.0,0.13458643153942795,0.41224533319473267,268,272,6.020102260047956,61.86541694292065
2006,100.30000000000001,straightline,349,pure_pursuit,6.0,171.70668029785156,39.24265670776367,0.5492667555809021,0.011674397566529354,0.35,0.0,0.4322644721664508,0.42866903543472296,268,272,5.930909301077204,61.56773459166679
2007,100.35000000000001,straightline,349,pure_pursuit,6.0,172.00521850585938,39.24764633178711,0.5689531564712524,0.011181824497613695,0.15,0.0,0.7308438479688562,0.4089826345443726,268,272,6.019646414280996,61.26915471065166
2008,100.4,straightline,349,pure_pursuit,6.0,172.30213928222656,39.252784729003906,0.5560012459754944,0.011523596007322105,0.35,0.0,0.9721942921518172,0.4219345450401306,269,272,5.88735832057493,60.97218948290756
2009,100.45,straightline,349,pure_pursuit,6.0,172.5995330810547,39.25779342651367,0.5690237879753113,0.011203998041555852,0.35,0.0,0.6747588056422473,0.4089120030403138,269,272,5.997795140950327,60.67475351809581
2010,100.5,straightline,349,pure_pursuit,6.0,172.8952178955078,39.26292037963867,0.5545928478240967,0.011583623758018455,0.35,0.0,0.3790302852642646,0.4233429431915284,269,272,5.885669894794738,60.37902426735173
2011,100.55000000000001,straightline,349,pure_pursuit,6.0,173.19198608398438,39.26789855957031,0.574080228805542,0.01110038722039712,0.35,0.0,0.0822289591239503,0.40385556221008306,269,272,5.990895700916629,60.08221434304982
2012,100.60000000000001,straightline,349,pure_pursuit,6.0,173.48814392089844,39.27303695678711,0.5598028898239136,0.011392166770844954,0.35,0.0,0.21398762359174647,0.4181329011917114,269,273,5.879396586547393,59.786011943329996
2013,100.65,straightline,349,pure_pursuit,6.0,173.78675842285156,39.278079986572266,0.5662034749984741,0.011242232829912267,0.15,0.0,0.5126427499898931,0.4117323160171509,269,273,6.039518474211699,59.48735486696731
2014,100.7,straightline,349,pure_pursuit,6.0,174.08534240722656,39.28323745727539,0.5501745343208313,0.01166766704916611,0.35,0.0,0.811270574074886,0.4277612566947937,269,273,5.949759058663733,59.18872634811732
2015,100.75,straightline,349,pure_pursuit,6.0,174.38482666015625,39.28824996948242,0.5701367855072021,0.011168821949269507,0.15,0.0,0.8891913026582348,0.4077990055084229,270,273,6.038658645372416,58.889200169322976
2016,100.80000000000001,straightline,349,pure_pursuit,6.0,174.6828155517578,39.29340744018555,0.5577638149261475,0.011495637973817193,0.35,0.0,0.591158137616221,0.42017197608947754,270,273,5.907281404815955,58.591166656301574
2017,100.85000000000001,straightline,349,pure_pursuit,6.0,174.9812469482422,39.29843521118164,0.5712663531303406,0.011165536730956289,0.15,0.0,0.29268606060247,0.4066694378852844,270,273,6.016791954989502,58.29269291948545
2018,100.9,straightline,349,pure_pursuit,6.0,175.2777557373047,39.30358123779297,0.5578207969665527,0.011439280218758051,0.35,0.0,0.004064512946198679,0.42011499404907227,270,274,5.8922303208748446,57.99613948843045
2019,100.95,straightline,349,pure_pursuit,6.0,175.57415771484375,39.308555603027344,0.579091489315033,0.010898106160783695,0.35,0.0,0.30031700386995347,0.3988443017005921,270,274,5.969469173033667,57.699695786871054
2020,101.0,straightline,349,pure_pursuit,6.0,175.86846923828125,39.31366729736328,0.5667770504951477,0.011218782313867977,0.35,0.0,0.5946712624783181,0.4111587405204773,270,274,5.8343865078108825,57.40533988726637
2021,101.05000000000001,straightline,349,pure_pursuit,6.0,176.16415405273438,39.31867218017578,0.5754615068435669,0.011006925549003246,0.35,0.0,0.8903980598639689,0.4024742841720581,270,274,5.9745356138169745,57.109612722528425
2022,101.10000000000001,straightline,349,pure_pursuit,6.0,176.45948791503906,39.32379913330078,0.5571377277374268,0.011488223583362033,0.35,0.0,0.8142267744245492,0.4207980632781983,271,274,5.8901679491867025,56.81423437263327
2023,101.15,straightline,349,pure_pursuit,6.0,176.75685119628906,39.32878112792969,0.5739925503730774,0.01107301310421337,0.15,0.0,0.516822506796713,0.4039432406425476,271,274,6.007111061220948,56.51682937733659
2024,101.2,straightline,349,pure_pursuit,6.0,177.053955078125,39.333927154541016,0.5579776167869568,0.011496148749813284,0.35,0.0,0.21967581934585967,0.4199581742286682,271,274,5.89746607258604,56.21968094040159
2025,101.25,straightline,349,pure_pursuit,6.0,177.3524627685547,39.33895492553711,0.5675057172775269,0.01119106745154184,0.15,0.0,0.07888796610804094,0.41043007373809814,271,275,6.02498524944052,55.921130920791974
2026,101.30000000000001,straightline,349,pure_pursuit,6.0,177.64955139160156,39.3441047668457,0.5524375438690186,0.011586718034292119,0.35,0.0,0.37601272392464674,0.42549824714660645,271,275,5.9100811506997575,55.62399767522154
2027,101.35000000000001,straightline,349,pure_pursuit,6.0,177.94677734375,39.34907913208008,0.573214054107666,0.011063163038956873,0.35,0.0,0.6732796169491769,0.40472173690795904,271,275,5.99056371499731,55.32673011942229
2028,101.4,straightline,349,pure_pursuit,6.0,178.24212646484375,39.35419845581055,0.5611242055892944,0.011380020403920367,0.35,0.0,0.9686726059928495,0.4168115854263306,271,275,5.858607239005751,55.03133664326083
2029,101.45,straightline,349,pure_pursuit,6.0,178.5389862060547,39.35921096801758,0.5705857872962952,0.011151866745009549,0.15,0.0,0.7344286140952878,0.4073500037193299,272,275,6.000152328448069,54.734434593010015
2030,101.5,straightline,349,pure_pursuit,6.0,178.83531188964844,39.36435317993164,0.5541149377822876,0.011584456018855827,0.35,0.0,0.43805884455812755,0.42382085323333746,272,275,5.902196203665646,54.438064305828824
2031,101.55000000000001,straightline,349,pure_pursuit,6.0,179.13235473632812,39.36933898925781,0.5734592080116272,0.011103392652693963,0.35,0.0,0.14097834462335293,0.4044765830039978,272,275,5.98979593600851,54.14097963320058
2032,101.60000000000001,straightline,349,pure_pursuit,6.0,179.42788696289062,39.37446975708008,0.5601025223731995,0.011373620895313165,0.35,0.0,0.154608810736722,0.4178332686424256,272,276,5.8632561386901605,53.8454028827313
2033,101.65,straightline,349,pure_pursuit,6.0,179.72520446777344,39.379493713378906,0.5683265924453735,0.011173819503167488,0.15,0.0,0.45196586392491767,0.40960919857025146,272,276,6.010532598251529,53.5480429400772
2034,101.7,straightline,349,pure_pursuit,6.0,180.02224731445312,39.38463592529297,0.5519230961799622,0.01160639148272415,0.35,0.0,0.7490524128789018,0.4260126948356629,272,276,5.915282927364434,53.250955594547385
2035,101.75,straightline,349,pure_pursuit,6.0,180.320068359375,39.389625549316406,0.5714460611343384,0.01111705316420567,0.15,0.0,0.9530879058909026,0.4064897298812866,273,276,6.003360410304276,52.953092772153305
2036,101.80000000000001,straightline,349,pure_pursuit,6.0,180.61622619628906,39.39476013183594,0.558211088180542,0.011464133848738792,0.35,0.0,0.6568858041689878,0.419724702835083,273,276,5.870370442123826,52.65689043748215
2037,101.85000000000001,straightline,349,pure_pursuit,6.0,180.91281127929688,39.39976119995117,0.5708944201469421,0.01115340459497261,0.35,0.0,0.3602596567524623,0.4070413708686829,273,276,5.981358574968273,52.36026320092855
2038,101.9,straightline,349,pure_pursuit,6.0,181.20773315429688,39.404884338378906,0.555989146232605,0.011543019458270312,0.35,0.0,0.06530143138075586,0.42194664478302,273,276,5.869962869319887,52.065296843255304
2039,101.95,straightline,349,pure_pursuit,6.0,181.50379943847656,39.40985107421875,0.5750086307525635,0.010989667564188366,0.35,0.0,0.23082015569020334,0.4029271602630615,273,277,5.976514531262024,51.76918891650808
2040,102.0,straightline,349,pure_pursuit,6.0,181.79933166503906,39.41497802734375,0.5599842071533203,0.011383172923876743,0.35,0.0,0.5263947611139344,0.41795158386230474,273,277,5.867842121752603,51.4736122311973
2041,102.05000000000001,straightline,349,pure_pursuit,6.0,182.0973358154297,39.420005798339844,0.5659477114677429,0.011246631587935103,0.15,0.0,0.8244409357728016,0.41198807954788214,273,277,6.028672576467204,51.17556567815961
2042,102.10000000000001,straightline,349,pure_pursuit,6.0,182.39532470703125,39.42515182495117,0.5495405197143555,0.011682220418825887,0.35,0.0,0.8775288113038516,0.42839527130126953,274,277,5.940719708186809,50.87753236063655
2043,102.15,straightline,349,pure_pursuit,6.0,182.69435119628906,39.430152893066406,0.5694103240966797,0.011188137876004532,0.15,0.0,0.5784611379208638,0.4085254669189453,274,277,6.030883638191727,50.578464074487314
2044,102.2,straightline,349,pure_pursuit,6.0,182.9918670654297,39.435302734375,0.5567613244056702,0.011522027629353136,0.35,0.0,0.28090186612142487,0.4211744666099549,274,277,5.9003182165449095,50.28090364507703
2045,102.25,straightline,349,pure_pursuit,6.0,183.28985595703125,39.44032287597656,0.570184588432312,0.011114620743656486,0.15,0.0,0.017178226876477225,0.407751202583313,274,278,6.01183100672063,49.9828724790817
2046,102.30000000000001,straightline,349,pure_pursuit,6.0,183.58602905273438,39.445457458496094,0.5564990043640137,0.011473159570144841,0.35,0.0,0.31335166458797875,0.42143678665161133,274,278,5.888917703553261,49.68665488775616
2047,102.35000000000001,straightline,349,pure_pursuit,6.0,183.8821563720703,39.45042037963867,0.5776770114898682,0.010936877929021848,0.35,0.0,0.6095196555419876,0.40025877952575684,274,278,5.967733274652677,49.39048600012346
2048,102.4,straightline,349,pure_pursuit,6.0,184.17628479003906,39.455528259277344,0.5654053688049316,0.011256263404646784,0.35,0.0,0.9036918569384499,0.41253042221069336,274,278,5.834056391438446,49.09631324421839
2049,102.45,straightline,349,pure_pursuit,6.0,184.47183227539062,39.46052932739258,0.5742676258087158,0.011040925550502175,0.35,0.0,0.8007214618470044,0.4036681652069092,275,278,5.975565443525592,48.800723453856556
2050,102.5,straightline,349,pure_pursuit,6.0,184.7671661376953,39.46565628051758,0.556074857711792,0.011518481733710196,0.35,0.0,0.5053434650181458,0.42186093330383306,275,278,5.893472498019831,48.50534510374666
2051,102.55000000000001,straightline,349,pure_pursuit,6.0,185.06472778320312,39.470645904541016,0.5731434226036072,0.0110983320271151,0.15,0.0,0.2077423731191704,0.4047923684120179,275,278,6.011965097646958,48.20774164304324
2052,102.60000000000001,straightline,349,pure_pursuit,6.0,185.3621063232422,39.47579574584961,0.557512640953064,0.01143528189474138,0.35,0.0,0.08969192538629422,0.42042315006256104,275,279,5.9028147937602125,47.910318522639805
2053,102.65,straightline,349,pure_pursuit,6.0,185.66091918945312,39.480831146240234,0.5672568082809448,0.011197366423678582,0.15,0.0,0.3885416305257728,0.4106789827346802,275,279,6.030766983114964,47.61146324163358
2054,102.7,straightline,349,pure_pursuit,6.0,185.9583282470703,39.48597717285156,0.5523353219032288,0.011590781663887668,0.35,0.0,0.6859942380319598,0.42560046911239624,275,279,5.916691730989043,47.31400967330008
2055,102.75,straightline,349,pure_pursuit,6.0,186.25599670410156,39.49095916748047,0.5733261704444885,0.011062913758148921,0.35,0.0,0.9837041931661881,0.40460962057113653,275,279,5.9980051303498545,47.0162995471795
2056,102.80000000000001,straightline,349,pure_pursuit,6.0,186.55181884765625,39.49608612060547,0.5615353584289551,0.011371783162779661,0.35,0.0,0.7204323981526827,0.4164004325866699,276,279,5.867272507367153,46.720432987034975
2057,102.85000000000001,straightline,349,pure_pursuit,6.0,186.84915161132812,39.50110626220703,0.5713743567466736,0.011134987421416448,0.15,0.0,0.4230580970793861,0.40656143426895147,276,279,6.009152795956848,46.42305785321458
2058,102.9,straightline,349,pure_pursuit,6.0,187.14599609375,39.506248474121094,0.5551690459251404,0.011562593992328535,0.35,0.0,0.1261726053485459,0.4227667450904846,276,279,5.913571332276221,46.12616884275253
2059,102.95,straightline,349,pure_pursuit,6.0,187.443603515625,39.51123809814453,0.5746521949768066,0.01099770769865692,0.15,0.0,0.17148648588753934,0.40328359603881836,276,280,6.002635063796405,45.828519612523436
2060,103.0,straightline,349,pure_pursuit,6.0,187.7396240234375,39.51637268066406,0.5611329674720764,0.011351234518157432,0.35,0.0,0.46754842132666435,0.41680282354354864,276,280,5.870893043315896,45.53245458665609
2061,103.05000000000001,straightline,349,pure_pursuit,6.0,188.03616333007812,39.52137756347656,0.5733166933059692,0.011048096718160217,0.35,0.0,0.7641294787422104,0.40461909770965576,276,280,5.982916302588964,45.235873054793906
2062,103.10000000000001,straightline,349,pure_pursuit,6.0,188.3310546875,39.52649688720703,0.5578294396400452,0.011453211428504365,0.35,0.0,0.9409378662295063,0.4201063513755799,277,280,5.872604181850508,44.94093727518775
2063,103.15,straightline,349,pure_pursuit,6.0,188.62716674804688,39.53146743774414,0.5763043165206909,0.010991075565604925,0.35,0.0,0.6447845747303356,0.4016314744949341,277,280,5.980448608775275,44.64478351385745
2064,103.2,straightline,349,pure_pursuit,6.0,188.92279052734375,39.53659439086914,0.5610265135765076,0.011392130777113735,0.35,0.0,0.3491170640359411,0.41690927743911743,277,280,5.871265699680028,44.349115288946145
2065,103.25,straightline,349,pure_pursuit,6.0,189.2209930419922,39.54163360595703,0.5668728947639465,0.011262674686641742,0.15,0.0,0.0508841530243984,0.41106289625167847,277,280,6.033787961036469,44.05087020522314
2066,103.30000000000001,straightline,349,pure_pursuit,6.0,189.51925659179688,39.54678726196289,0.5505629777908325,0.011619798728850361,0.35,0.0,0.2474405579362718,0.42737281322479254,277,281,5.946325466257399,43.75256213905142
2067,103.35000000000001,straightline,349,pure_pursuit,6.0,189.8185577392578,39.551795959472656,0.5703860521316528,0.011120762080407553,0.15,0.0,0.546782391140959,0.4075497388839722,277,281,6.037407432334909,43.45321910476058
2068,103.4,straightline,349,pure_pursuit,6.0,190.11651611328125,39.556949615478516,0.5575332045555115,0.011459595943318805,0.35,0.0,0.8447847375586379,0.4204025864601135,277,281,5.910901233812798,43.15521616971153
2069,103.45,straightline,349,pure_pursuit,6.0,190.41513061523438,39.56197738647461,0.5707037448883057,0.011134751403102097,0.15,0.0,0.8565615252451776,0.40723204612731934,278,281,6.022871173030426,42.85655935461051
2070,103.5,straightline,349,pure_pursuit,6.0,190.7119140625,39.56712341308594,0.5571702122688293,0.011489460201901029,0.35,0.0,0.559733779079896,0.42076557874679565,278,281,5.900282373577868,42.55973130503325
2071,103.55000000000001,straightline,349,pure_pursuit,6.0,191.00868225097656,39.572105407714844,0.5786629319190979,0.010949565208468204,0.35,0.0,0.2629255140405494,0.3992728590965271,278,281,5.9796184756496915,42.26292131618286
2072,103.60000000000001,straightline,349,pure_pursuit,6.0,191.303466796875,39.57722091674805,0.5668433904647827,0.011183803420126108,0.35,0.0,0.031927221286510904,0.41109240055084234,278,282,5.846933189192695,41.96809239753753
2073,103.65,straightline,349,pure_pursuit,6.0,191.59970092773438,39.58223342895508,0.5761217474937439,0.010953749441438046,0.35,0.0,0.32818504343633237,0.4018140435218811,278,282,5.988149841343073,41.67181586654643
2074,103.7,straightline,349,pure_pursuit,6.0,191.8957061767578,39.587371826171875,0.558022677898407,0.011428212399256838,0.35,0.0,0.6242336780476968,0.419913113117218,278,282,5.905226174430965,41.375766031927334
2075,103.75,straightline,349,pure_pursuit,6.0,192.19381713867188,39.59236145019531,0.5747287273406982,0.011013859563955786,0.15,0.0,0.9223861812737673,0.40320706367492676,278,282,6.024545182463831,41.07761333543901
2076,103.80000000000001,straightline,349,pure_pursuit,6.0,192.49180603027344,39.59751510620117,0.558770477771759,0.011435792649747917,0.35,0.0,0.7795833950368545,0.419165313243866,279,282,5.917882530907946,40.77957988720629
2077,103.85000000000001,straightline,349,pure_pursuit,6.0,192.79124450683594,39.6025505065918,0.568548858165741,0.011204902825194396,0.15,0.0,0.48010330457163214,0.40938693284988403,279,282,6.0466305109988125,40.48009908758184
2078,103.9,straightline,349,pure_pursuit,6.0,193.08937072753906,39.60770797729492,0.553838312625885,0.011594127397105239,0.35,0.0,0.18193458092565537,0.42409747838974,279,282,5.934142430191907,40.18192826506433
2079,103.95,straightline,349,pure_pursuit,6.0,193.38780212402344,39.61270523071289,0.5750520825386047,0.01098554067637793,0.15,0.0,0.11654898043549311,0.4028837084770203,279,283,6.016778061665291,39.883455050595046
2080,104.0,straightline,349,pure_pursuit,6.0,193.684326171875,39.61784744262695,0.5631969571113586,0.011294896625626483,0.35,0.0,0.41311255927516366,0.41473883390426636,279,283,5.880392365011374,39.586886427561474
2081,104.05000000000001,straightline,349,pure_pursuit,6.0,193.9811248779297,39.62285232543945,0.5768446326255798,0.010953444423957029,0.35,0.0,0.7099528670098229,0.40109115839004517,279,283,5.988298983454617,39.29004553446492
2082,104.10000000000001,straightline,349,pure_pursuit,6.0,194.2762451171875,39.62797927856445,0.5618302822113037,0.011345181407320786,0.35,0.0,0.9948854803993401,0.41610550880432134,280,283,5.876100009980788,38.994880775724404
2083,104.15,straightline,349,pure_pursuit,6.0,194.572509765625,39.63294982910156,0.5802255272865295,0.01088546346277973,0.35,0.0,0.6985795748259606,0.3977102637290955,280,283,5.983835802682729,38.698574449184136
2084,104.2,straightline,349,pure_pursuit,6.0,194.86825561523438,39.638084411621094,0.5647133588790894,0.011291455110225428,0.35,0.0,0.4027897065678761,0.4132224321365357,280,283,5.874878378966537,38.402784041062134
2085,104.25,straightline,349,pure_pursuit,6.0,195.16665649414062,39.643131256103516,0.5697798728942871,0.011181393610013468,0.15,0.0,0.10435129436503952,0.40815591812133784,280,283,6.039475777383661,38.10434049186937
2086,104.30000000000001,straightline,349,pure_pursuit,6.0,195.4652862548828,39.64829635620117,0.5534462928771973,0.011538699116052025,0.35,0.0,0.19433310101705836,0.42448949813842773,280,284,5.953771507792525,37.80566607241497
2087,104.35000000000001,straightline,349,pure_pursuit,6.0,195.7649688720703,39.65331268310547,0.5730288028717041,0.011045484497797013,0.15,0.0,0.4940559606721671,0.40490698814392095,280,284,6.04547398416767,37.50594149414266
2088,104.4,straightline,349,pure_pursuit,6.0,196.06326293945312,39.65847396850586,0.5600044131278992,0.011388331252859867,0.35,0.0,0.7923939988832549,0.41793137788772583,280,284,5.916849097927321,37.20760278412142
2089,104.45,straightline,349,pure_pursuit,6.0,196.36212158203125,39.663509368896484,0.5731942653656006,0.011061783600229457,0.15,0.0,0.9086927929537251,0.4047415256500244,281,284,6.028902934837664,36.908701733947694
2090,104.5,straightline,349,pure_pursuit,6.0,196.65919494628906,39.668663024902344,0.5594445466995239,0.011421403585784591,0.35,0.0,0.6115749784036344,0.41849124431610113,281,284,5.907449889513809,36.61158367902595
2091,104.55000000000001,straightline,349,pure_pursuit,6.0,196.95628356933594,39.67364501953125,0.5806470513343811,0.010889963743809794,0.35,0.0,0.31444593126645604,0.3972887396812439,281,284,5.987802243306277,36.31445330283317
2092,104.60000000000001,straightline,349,pure_pursuit,6.0,197.25149536132812,39.67877197265625,0.5686023235321045,0.01120338041130692,0.35,0.0,0.019220938829283676,0.4093334674835205,281,284,5.857457013609918,36.01919700456042
2093,104.65,straightline,349,pure_pursuit,6.0,197.5481719970703,39.68378829956055,0.5780830979347229,0.010896345500407877,0.35,0.0,0.2775343209844591,0.39985269308090216,281,285,5.9992513314384475,35.72247796837438
2094,104.7,straightline,349,pure_pursuit,6.0,197.84466552734375,39.688934326171875,0.560089111328125,0.011368018825427262,0.35,0.0,0.5740710168999967,0.4178466796875,281,285,5.91768220161549,35.425939793114
2095,104.75,straightline,349,pure_pursuit,6.0,198.14329528808594,39.693939208984375,0.5769131779670715,0.010948733071568396,0.15,0.0,0.8727424607439331,0.40102261304855347,281,285,6.037659691459244,35.12726811318695
2096,104.80000000000001,straightline,349,pure_pursuit,6.0,198.44186401367188,39.6991081237793,0.5608984231948853,0.011370721189167515,0.35,0.0,0.8286470403327939,0.41703736782073975,282,285,5.931139513007853,34.82865465458266
2097,104.85000000000001,straightline,349,pure_pursuit,6.0,198.74197387695312,39.704158782958984,0.5706385970115662,0.01113938344924789,0.15,0.0,0.528495276719697,0.4072971940040589,282,285,6.060464291491348,34.52850230583308
2098,104.9,straightline,349,pure_pursuit,6.0,199.04080200195312,39.709327697753906,0.5559053421020508,0.01152893127805547,0.35,0.0,0.2296238659689379,0.42203044891357416,282,285,5.948577152884828,34.229629485707
2099,104.95,straightline,349,pure_pursuit,6.0,199.33993530273438,39.71434020996094,0.5770102143287659,0.010925057940044463,0.15,0.0,0.06956482602985649,0.40092557668685913,282,286,6.031779618891804,33.93045420909624
2100,105.0,straightline,349,pure_pursuit,6.0,199.6371612548828,39.71949005126953,0.5651079416275024,0.011236283436422674,0.35,0.0,0.3668264951193689,0.41282784938812256,282,286,5.896523553880348,33.63318365362812
2101,105.05000000000001,straightline,349,pure_pursuit,6.0,199.9347686767578,39.724510192871094,0.5788694024085999,0.010891070068775915,0.15,0.0,0.6644755586900251,0.39906638860702515,282,286,6.004374900910227,33.33553390234922
2102,105.10000000000001,straightline,349,pure_pursuit,6.0,200.23046875,39.729637145996094,0.5646078586578369,0.011264605692705586,0.35,0.0,0.9602196337629377,0.4133279323577881,282,286,5.880734985491245,33.03978939405585
2103,105.15,straightline,349,pure_pursuit,6.0,200.52622985839844,39.7346076965332,0.58465975522995,0.01075825440705251,0.35,0.0,0.7439805110381115,0.39327603578567505,283,286,5.962451620895459,32.74398653436489
2104,105.2,straightline,349,pure_pursuit,6.0,200.8201141357422,39.73971939086914,0.5716722011566162,0.011094389824132056,0.35,0.0,0.45005218508914274,0.40626358985900884,283,286,5.831109589799804,32.4500578173356
2105,105.25,straightline,349,pure_pursuit,6.0,201.11553955078125,39.744728088378906,0.5799227356910706,0.010895399921773642,0.35,0.0,0.1545871529025676,0.3980130553245544,283,286,5.974009597447284,32.154589949478485
2106,105.30000000000001,straightline,349,pure_pursuit,6.0,201.4108428955078,39.7498664855957,0.5610085725784302,0.011319448240740762,0.35,0.0,0.14076891674350744,0.4169272184371949,283,287,5.8927293978859785,31.859241916044613
2107,105.35000000000001,straightline,349,pure_pursuit,6.0,201.70831298828125,39.75484848022461,0.5771477222442627,0.010916384392657444,0.15,0.0,0.4382783361153893,0.4007880687713623,283,287,6.0136105340850845,31.56173012610561
2108,105.4,straightline,349,pure_pursuit,6.0,202.00579833984375,39.76000213623047,0.5603626370429993,0.01135742857480023,0.35,0.0,0.7358076070563163,0.41757315397262573,283,287,5.907231032415406,31.26420014391766
2109,105.45,straightline,349,pure_pursuit,6.0,202.30482482910156,39.765037536621094,0.5693525671958923,0.01114238427917389,0.15,0.0,0.9651263285375988,0.4085832238197327,284,287,6.037870377092353,30.96513127185658
2110,105.5,straightline,349,pure_pursuit,6.0,202.60256958007812,39.770179748535156,0.5540937185287476,0.011546602228400388,0.35,0.0,0.6673373787634449,0.42384207248687744,284,287,5.927930076829608,30.66734212387399
2111,105.55000000000001,straightline,349,pure_pursuit,6.0,202.9006805419922,39.775169372558594,0.5748106241226196,0.011029399548213168,0.15,0.0,0.36918567145776615,0.4031251668930053,284,287,6.012103064749325,30.369189428298483
2112,105.60000000000001,straightline,349,pure_pursuit,6.0,203.19692993164062,39.78030014038086,0.5628162026405334,0.01134429896118026,0.35,0.0,0.07289823285302573,0.4151195883750916,284,287,5.877607793252766,30.072895618542546
2113,105.65,straightline,349,pure_pursuit,6.0,203.4935760498047,39.78530502319336,0.5767021179199219,0.010925249692019382,0.35,0.0,0.22380128576110736,0.4012336730957032,284,288,5.9867900166162755,29.776207291519835
2114,105.7,straightline,349,pure_pursuit,6.0,203.78854370117188,39.79043197631836,0.5617823600769043,0.011313225894399087,0.35,0.0,0.51881159027615,0.41615343093872076,284,288,5.876047041229684,29.48119509779013
2115,105.75,straightline,349,pure_pursuit,6.0,204.0847930908203,39.79540252685547,0.5801292657852173,0.010851286436113728,0.35,0.0,0.8151023853530922,0.3978065252304077,284,288,5.985493618390705,29.184904028493975
2116,105.80000000000001,straightline,349,pure_pursuit,6.0,204.38064575195312,39.800537109375,0.5645188093185425,0.011259268467511994,0.35,0.0,0.8890032412451936,0.4134169816970825,285,288,5.878371317739988,28.88900682392072
2117,105.85000000000001,straightline,349,pure_pursuit,6.0,204.6791229248047,39.80557632446289,0.5699507594108582,0.01113799636506747,0.15,0.0,0.5904839618472587,0.40798503160476685,285,288,6.042730737614274,28.590487122870375
2118,105.9,straightline,349,pure_pursuit,6.0,204.97781372070312,39.81073760986328,0.5531470775604248,0.011583124329328705,0.35,0.0,0.29174943398900055,0.4247887134552002,285,288,5.95774660988094,28.291751741995746
2119,105.95,straightline,349,pure_pursuit,6.0,205.27761840820312,39.81575393676758,0.5727180242538452,0.01102607137536259,0.15,0.0,0.008181323338813095,0.4052177667617798,285,289,6.051073254675057,27.991905112171995
2120,106.0,straightline,349,pure_pursuit,6.0,205.57611083984375,39.82091522216797,0.5597192645072937,0.011368119279671473,0.35,0.0,0.30663809359547356,0.41821652650833135,285,289,5.925151863294267,27.693368066416706
2121,106.05000000000001,straightline,349,pure_pursuit,6.0,205.8753662109375,39.82595443725586,0.5730394721031189,0.011035942461700426,0.15,0.0,0.6059350515905795,0.4048963189125061,285,289,6.0384885624545515,27.39407028121054
2122,106.10000000000001,straightline,349,pure_pursuit,6.0,206.1729278564453,39.83110809326172,0.5594519972801208,0.011392271338102696,0.35,0.0,0.9035408561738615,0.4184837937355042,285,289,5.918838863113674,27.0964640158414
2123,106.15,straightline,349,pure_pursuit,6.0,206.47059631347656,39.83610153198242,0.5807044506072998,0.010855491116131799,0.15,0.0,0.7987517173814814,0.39723134040832525,286,289,6.000740416384854,26.798753695694653
2124,106.2,straightline,349,pure_pursuit,6.0,206.7662811279297,39.84123229980469,0.568623960018158,0.011169962431222454,0.35,0.0,0.5030227213983959,0.40931183099746704,286,289,5.863854891525932,26.503024378181188
2125,106.25,straightline,349,pure_pursuit,6.0,207.06228637695312,39.846229553222656,0.5820155143737793,0.010838715511219548,0.35,0.0,0.20697728347182087,0.3959202766418457,286,289,5.9722959532635755,26.206976957366663
2126,106.30000000000001,straightline,349,pure_pursuit,6.0,207.35662841796875,39.85135269165039,0.5663532614707947,0.011176578514403457,0.35,0.0,0.08741874189694718,0.4115825295448303,286,290,5.861402849783263,25.912590347308164
2127,106.35000000000001,straightline,349,pure_pursuit,6.0,207.65223693847656,39.8563232421875,0.5838289260864258,0.010733537473342542,0.35,0.0,0.383064424631401,0.3941068649291993,286,290,5.970937516472859,25.61694005378067
2128,106.4,straightline,349,pure_pursuit,6.0,207.94741821289062,39.861446380615234,0.5672039985656738,0.011168263458321146,0.35,0.0,0.6782892935546492,0.41073179244995117,286,290,5.865011791588568,25.321714333139568
2129,106.45,straightline,349,pure_pursuit,6.0,208.2452850341797,39.86648178100586,0.5716707110404968,0.011068995290087301,0.15,0.0,0.9761984807773122,0.40626507997512823,286,290,6.030126128242048,25.02380495986376
2130,106.5,straightline,349,pure_pursuit,6.0,208.54335021972656,39.87163162231445,0.5540201663970947,0.011536018428883226,0.35,0.0,0.7256945652214007,0.4239156246185303,287,290,5.945744959010859,24.725695293355425
2131,106.55000000000001,straightline,349,pure_pursuit,6.0,208.84263610839844,39.87663650512695,0.5729722380638123,0.011066161982434977,0.15,0.0,0.42636761803002954,0.40496355295181274,287,290,6.039884920735601,24.42636758273251
2132,106.60000000000001,straightline,349,pure_pursuit,6.0,209.14056396484375,39.881797790527344,0.5596703290939331,0.01141498493918707,0.35,0.0,0.1283978822268609,0.41826546192169195,287,290,5.9133948179336615,24.128395029265533
2133,106.65,straightline,349,pure_pursuit,6.0,209.43919372558594,39.8868293762207,0.5728048086166382,0.011020588829298062,0.15,0.0,0.17028222608054905,0.4051309823989868,287,291,6.027908653484388,23.82972289372083
2134,106.7,straightline,349,pure_pursuit,6.0,209.7361602783203,39.89197540283203,0.5589073300361633,0.011384146285598164,0.35,0.0,0.4672908451890989,0.4190284609794617,287,291,5.9086679858117455,23.532711764274495
2135,106.75,straightline,349,pure_pursuit,6.0,210.03329467773438,39.89695358276367,0.5799273252487183,0.010852108230816955,0.35,0.0,0.7644666122094588,0.3980084657669068,287,291,5.991093127201579,23.2355356851314
2136,106.80000000000001,straightline,349,pure_pursuit,6.0,210.32858276367188,39.90207290649414,0.5677101612091064,0.011170693480300403,0.35,0.0,0.9402037575892069,0.41022562980651855,288,291,5.861798266146713,22.94020323353649
2137,106.85000000000001,straightline,349,pure_pursuit,6.0,210.62545776367188,39.9070930480957,0.577046275138855,0.010943015252263166,0.15,0.0,0.6432866718310862,0.40088951587677,288,291,6.004721209946829,22.643285797754896
2138,106.9,straightline,349,pure_pursuit,6.0,210.92201232910156,39.91223907470703,0.5598466396331787,0.01139326649198043,0.35,0.0,0.34668802407476473,0.41808915138244634,288,291,5.910739166798828,22.346686595173047
2139,106.95,straightline,349,pure_pursuit,6.0,211.2195281982422,39.91722869873047,0.5783329606056213,0.010934817541989092,0.15,0.0,0.049141309215811425,0.39960283041000366,288,291,6.003353422653828,22.04912890646326
2140,107.0,straightline,349,pure_pursuit,6.0,211.51564025878906,39.9223747253418,0.5641421675682068,0.011233769325592413,0.35,0.0,0.2470300113196797,0.41379362344741827,288,292,5.874851723970914,21.752972143852393
2141,107.05000000000001,straightline,349,pure_pursuit,6.0,211.8124237060547,39.92738342285156,0.5759007334709167,0.010939923783379286,0.35,0.0,0.5438546853442648,0.40203505754470825,288,292,5.989714884958079,21.45614644332804
2142,107.10000000000001,straightline,349,pure_pursuit,6.0,212.10769653320312,39.93251037597656,0.5600268244743347,0.011353745890378845,0.35,0.0,0.8391715282869135,0.4179089665412903,288,292,5.88236211040896,21.160829117647218
2143,107.15,straightline,349,pure_pursuit,6.0,212.40435791015625,39.93748474121094,0.5781439542770386,0.010899665489831853,0.35,0.0,0.8641280401452166,0.3997918367385865,289,292,5.99301270473245,20.864126057243194
2144,107.2,straightline,349,pure_pursuit,6.0,212.7006378173828,39.94261932373047,0.5627328157424927,0.011303434572843897,0.35,0.0,0.5678038629572935,0.4152029752731324,289,292,5.887180416654402,20.56780166831132
2145,107.25,straightline,349,pure_pursuit,6.0,212.99964904785156,39.94766616821289,0.5686249136924744,0.011171319987115557,0.15,0.0,0.26875124416719154,0.4093108773231507,289,292,6.0518900576345125,20.268747858148423
2146,107.30000000000001,straightline,349,pure_pursuit,6.0,213.29885864257812,39.95283508300781,0.5522847175598145,0.011540269242072295,0.35,0.0,0.030521243828914146,0.42565107345581055,289,293,5.967636233166144,19.96949362323149
2147,107.35000000000001,straightline,349,pure_pursuit,6.0,213.59925842285156,39.95785140991211,0.5720788836479187,0.011042102176291393,0.15,0.0,0.3309485454034584,0.40585690736770635,289,293,6.061719592924881,19.66905198942764
2148,107.4,straightline,349,pure_pursuit,6.0,213.8983154296875,39.96302032470703,0.5593563914299011,0.011376975313167292,0.35,0.0,0.6300492266918405,0.4185793995857239,289,293,5.935745776022251,19.369950319847835
2149,107.45,straightline,349,pure_pursuit,6.0,214.19805908203125,39.96805953979492,0.5729595422744751,0.011040088676269447,0.15,0.0,0.9298350375330444,0.40497624874114996,289,293,6.049373268556012,19.07016432626523
2150,107.5,straightline,349,pure_pursuit,6.0,214.49615478515625,39.97322082519531,0.5595868825912476,0.011390846166467478,0.35,0.0,0.7720120985123952,0.41834890842437744,290,293,5.930191570827748,18.772023949982565
2151,107.55000000000001,straightline,349,pure_pursuit,6.0,214.7943572998047,39.97822189331055,0.5810198187828064,0.010851224950845633,0.15,0.0,0.47376831492271787,0.39691597223281866,290,293,6.012454175352632,18.473779521594984
2152,107.60000000000001,straightline,349,pure_pursuit,6.0,215.09060668945312,39.983360290527344,0.5691192150115967,0.011161215642509834,0.35,0.0,0.1774761426872689,0.4088165760040283,290,293,5.876209401805076,18.177485579844053
2153,107.65,straightline,349,pure_pursuit,6.0,215.38720703125,39.98836898803711,0.5827247500419617,0.010752693353065374,0.35,0.0,0.11917474774220467,0.39521104097366333,290,294,5.984575480257419,17.880842958781137
2154,107.7,straightline,349,pure_pursuit,6.0,215.68212890625,39.99349594116211,0.5670999884605408,0.011158981227093046,0.35,0.0,0.41413726855903965,0.41083580255508423,290,294,5.873618160153197,17.585876532956725
2155,107.75,straightline,349,pure_pursuit,6.0,215.9783477783203,39.99847412109375,0.5846083164215088,0.01071679474128347,0.35,0.0,0.7103975562355634,0.3933274745941162,290,294,5.983554747562152,17.28961584839226
2156,107.80000000000001,straightline,349,pure_pursuit,6.0,216.27413940429688,40.00360870361328,0.5682400465011597,0.011144241551817119,0.35,0.0,0.9937842595793864,0.40969574451446533,291,294,5.877077103967822,16.993779668399107
2157,107.85000000000001,straightline,349,pure_pursuit,6.0,216.5726318359375,40.00865173339844,0.5729573369026184,0.011040141797198911,0.15,0.0,0.6952495307014708,0.40497845411300665,291,294,6.042015739193501,16.695244647111274
2158,107.9,straightline,349,pure_pursuit,6.0,216.871337890625,40.013816833496094,0.5555031299591064,0.01150099026130984,0.35,0.0,0.3964992659719206,0.4224326610565186,291,294,5.957631033114238,16.396493943204543
2159,107.95,straightline,349,pure_pursuit,6.0,217.1712188720703,40.01883316040039,0.5745218396186829,0.011031199285892277,0.15,0.0,0.09658131153479294,0.4034139513969422,291,294,6.0517474645558185,16.09657103355403
2160,108.0,straightline,349,pure_pursuit,6.0,217.4698028564453,40.02400207519531,0.5613008737564087,0.011309711221766895,0.35,0.0,0.20205619223066484,0.41663491725921625,291,295,5.9257595333632604,15.797942316473831
2161,108.05000000000001,straightline,349,pure_pursuit,6.0,217.76905822753906,40.0290412902832,0.5743470788002014,0.010983871598514222,0.15,0.0,0.501352581433165,0.4035887122154236,291,295,6.039818049465975,15.498644533551378
2162,108.10000000000001,straightline,349,pure_pursuit,6.0,218.06668090820312,40.03419494628906,0.5603846311569214,0.01134979786391576,0.35,0.0,0.7990193308678339,0.4175511598587036,291,295,5.920807952568781,15.200977240385148
2163,108.15,straightline,349,pure_pursuit,6.0,218.36444091796875,40.0391845703125,0.5813415050506592,0.010820880052162722,0.15,0.0,0.9031663311062849,0.39659428596496576,292,295,6.003148446452248,14.903175449348929
2164,108.2,straightline,349,pure_pursuit,6.0,218.66024780273438,40.044315338134766,0.5690110325813293,0.01114183544459054,0.35,0.0,0.607315153677982,0.4089247584342957,292,295,5.866786255286567,14.607324077445162
2165,108.25,straightline,349,pure_pursuit,6.0,218.95640563964844,40.04931640625,0.5822392702102661,0.010813394505119228,0.35,0.0,0.3111161144598646,0.3956965208053589,292,295,5.975545956177993,14.311124028006866
2166,108.30000000000001,straightline,349,pure_pursuit,6.0,219.2508544921875,40.05443572998047,0.566466212272644,0.011223146355239732,0.35,0.0,0.01665038230481877,0.41146957874298096,292,295,5.865057708026101,14.016630684939242
2167,108.35000000000001,straightline,349,pure_pursuit,6.0,219.54661560058594,40.059410095214844,0.5840743184089661,0.01071352616230509,0.35,0.0,0.27918406824756353,0.3938614726066589,292,296,5.9751937851565,13.720827763528936
2168,108.4,straightline,349,pure_pursuit,6.0,219.84201049804688,40.06454086303711,0.5676133632659912,0.011142650941933528,0.35,0.0,0.574622306712758,0.4103224277496338,292,296,5.8687147403316775,13.425388318233713
2169,108.45,straightline,349,pure_pursuit,6.0,220.14007568359375,40.069580078125,0.5721070766448975,0.011041674181946196,0.15,0.0,0.8727298552757036,0.4058287143707276,292,296,6.034112141274581,13.127280546675095
2170,108.5,straightline,349,pure_pursuit,6.0,220.4384002685547,40.07473373413086,0.5544863343238831,0.011507418369979379,0.35,0.0,0.8289188564582004,0.42344945669174194,293,296,5.949744661922714,12.828911451958927
2171,108.55000000000001,straightline,349,pure_pursuit,6.0,220.73788452148438,40.079742431640625,0.5733767151832581,0.011037811644328998,0.15,0.0,0.5293932550735446,0.40455907583236694,293,296,6.043936161070634,12.529385345291049
2172,108.60000000000001,straightline,349,pure_pursuit,6.0,221.03607177734375,40.084903717041016,0.5600327253341675,0.011388109518408681,0.35,0.0,0.23116241040653776,0.4179030656814576,293,296,5.917777577362662,12.231153428379262
2173,108.65,straightline,349,pure_pursuit,6.0,221.33493041992188,40.089935302734375,0.573126494884491,0.010999871518274036,0.15,0.0,0.06774908529742742,0.4048092961311341,293,297,6.03220694336854,11.93225244810486
2174,108.7,straightline,349,pure_pursuit,6.0,221.6321563720703,40.0950813293457,0.5592170357704163,0.011364263112762101,0.35,0.0,0.3650125546352594,0.41871875524520874,293,297,5.913249862619505,11.634981955020296
2175,108.75,straightline,349,pure_pursuit,6.0,221.92955017089844,40.10006332397461,0.5801884531974792,0.010832788536301237,0.35,0.0,0.6624476077479711,0.39774733781814575,293,297,5.995757280136633,11.337546454242917
2176,108.80000000000001,straightline,349,pure_pursuit,6.0,222.22511291503906,40.105186462402344,0.5679620504379272,0.011151404097263546,0.35,0.0,0.9580543789703957,0.4099737405776978,293,297,5.86664357797027,11.041939316736295
2177,108.85000000000001,straightline,349,pure_pursuit,6.0,222.5222930908203,40.11020278930664,0.577405571937561,0.01092204220497923,0.15,0.0,0.7447105373230009,0.40053021907806396,294,297,6.009458719583032,10.744716818886932
2178,108.9,straightline,349,pure_pursuit,6.0,222.819091796875,40.11534881591797,0.560158908367157,0.011374151324755609,0.35,0.0,0.44786755541435197,0.417776882648468,294,297,5.915262783886065,10.4478735085299
2179,108.95,straightline,349,pure_pursuit,6.0,223.11683654785156,40.12034606933594,0.5786517858505249,0.010913523539208395,0.15,0.0,0.15008361632231224,0.39928400516510015,294,297,6.007656164532867,10.15008684651835
2180,109.0,straightline,349,pure_pursuit,6.0,223.41311645507812,40.12548828125,0.5643930435180664,0.011219335843678182,0.35,0.0,0.14624803630542663,0.4135427474975586,294,298,5.879132650608452,9.85376232370595
2181,109.05000000000001,straightline,349,pure_pursuit,6.0,223.71009826660156,40.130496978759766,0.576147735118866,0.010925716706228517,0.35,0.0,0.44326998936620754,0.4017880558967591,294,298,5.9938945347219486,9.556738292698652
2182,109.10000000000001,straightline,349,pure_pursuit,6.0,224.00559997558594,40.13562774658203,0.5602745413780212,0.011339366604433744,0.35,0.0,0.7388156133428257,0.41766124963760376,294,298,5.88658852690124,9.261192049692344
2183,109.15,straightline,349,pure_pursuit,6.0,224.30247497558594,40.14059829711914,0.5783743858337402,0.010886641395170017,0.35,0.0,0.9642703810785167,0.3995614051818848,295,298,5.997228080343683,8.964275470291287
2184,109.2,straightline,349,pure_pursuit,6.0,224.5989990234375,40.14573669433594,0.5629814863204956,0.011289815134760081,0.35,0.0,0.6677019652409748,0.4149543046951294,295,298,5.891442388751648,8.66770690777719
2185,109.25,straightline,349,pure_pursuit,6.0,224.898193359375,40.15078353881836,0.5689401030540466,0.011155963361883068,0.15,0.0,0.3684658213602795,0.4089956879615784,295,298,6.055858964603441,8.36847002483699
2186,109.30000000000001,straightline,349,pure_pursuit,6.0,225.19761657714844,40.155948638916016,0.5525974631309509,0.011590464630352052,0.35,0.0,0.06900363369258804,0.42533832788467413,295,298,5.971546620540457,8.069002261448027
2187,109.35000000000001,straightline,349,pure_pursuit,6.0,225.49818420410156,40.16097640991211,0.5725840926170349,0.011023250702048154,0.15,0.0,0.2316156185581762,0.4053516983985901,295,299,6.065456966113598,7.768392619862468
2188,109.4,straightline,349,pure_pursuit,6.0,225.7974395751953,40.16615295410156,0.5600086450576782,0.011353183413869242,0.35,0.0,0.5309141735417269,0.4179271459579468,295,299,5.939647540193014,7.46909248117796
2189,109.45,straightline,349,pure_pursuit,6.0,226.09738159179688,40.17119598388672,0.573607861995697,0.011015691826912815,0.15,0.0,0.8308983166027394,0.4043279290199279,295,299,6.0531204021279,7.169108096605093
2190,109.5,straightline,349,pure_pursuit,6.0,226.39566040039062,40.17635726928711,0.5602104067802429,0.011367586878137834,0.35,0.0,0.8707810156802916,0.41772538423538214,296,299,5.934036841324473,6.870784638056521
2191,109.55000000000001,straightline,349,pure_pursuit,6.0,226.69403076171875,40.18136215209961,0.581548810005188,0.010829492093927938,0.15,0.0,0.5723691776332657,0.39638698101043707,296,299,6.016146924783549,6.572372334501959
2192,109.60000000000001,straightline,349,pure_pursuit,6.0,226.990478515625,40.18650436401367,0.5695887804031372,0.011140726222899591,0.35,0.0,0.275877694426888,0.40834701061248785,296,299,5.8799386379633365,6.275879987049573
2193,109.65,straightline,349,pure_pursuit,6.0,227.28726196289062,40.19150924682617,0.5832125544548035,0.06939640740555275,0.35,0.0,0.020978633418319403,0.39472323656082153,296,296,5.987852476751083,5.979054363649399
2194,109.7,straightline,349,pure_pursuit,6.0,227.5821075439453,40.199119567871094,0.6967579126358032,-0.01465214577066393,0.35,0.0,0.3158858775500532,0.2811778783798218,296,296,5.871407233530437,5.684121933924783
2195,109.75,straightline,349,pure_pursuit,6.0,227.8780975341797,40.20610809326172,0.7823063731193542,-0.013742465283879455,0.35,0.0,0.6119580951649986,0.19562941789627075,296,296,5.979371331739573,5.388056671978594
2196,109.80000000000001,straightline,349,pure_pursuit,6.0,228.1737060546875,40.21079635620117,0.69029700756073,-0.012816673325722167,0.35,0.0,0.9075991950676933,0.2876387834548951,296,296,5.872666412343628,5.0924110283935615
2197,109.85000000000001,straightline,349,pure_pursuit,6.0,228.4720001220703,40.214054107666016,0.5704908967018127,0.008509478027947156,0.15,0.0,0.7941020632536829,0.40744489431381226,297,297,6.037780955286625,4.794104046232524
