step,time,route_name,spawn_index,controller_type,tuning_value,x,y,yaw_deg,steer,throttle,brake,cross_track_error,heading_error_deg,closest_waypoint,target_waypoint,speed,distance_to_goal
0,0.0,ccurve,247,pure_pursuit,3.0,250.85569763183594,-310.97308349609375,-179.4102020263672,-4.884860206058818e-06,0.35,0.0,3.0517578125e-05,-1.5258789046077574e-05,0,2,0.9800000786781311,79.21691570285796
1,0.05,ccurve,247,pure_pursuit,3.0,250.85569763183594,-310.97308349609375,-179.4102020263672,-4.884860206058818e-06,0.35,0.0,3.0517578125e-05,-1.5258789046077574e-05,0,2,1.470000147819519,79.21691570285796
2,0.1,ccurve,247,pure_pursuit,3.0,250.85569763183594,-310.97308349609375,-179.4102020263672,-4.884860206058818e-06,0.35,0.0,3.0517578125e-05,-1.5258789046077574e-05,0,2,1.9600002765655518,79.21691570285796
3,0.15000000000000002,ccurve,247,pure_pursuit,3.0,250.85569763183594,-310.97308349609375,-179.4102020263672,-4.884860206058818e-06,0.35,0.0,3.0517578125e-05,-1.5258789046077574e-05,0,2,2.450000286102295,79.21691570285796
4,0.2,ccurve,247,pure_pursuit,3.0,250.85574340820312,-310.97308349609375,-179.41123962402344,5.009376079924712e-05,0.35,0.0,1.52587890625e-05,0.0010223388672067526,0,2,2.1377133054807995,79.21687843827782
5,0.25,ccurve,247,pure_pursuit,3.0,250.85585021972656,-310.97308349609375,-179.4153594970703,0.00026898053774832286,0.35,0.0,0.0001220703125,0.00514221191407503,0,2,0.8317166705578665,79.2167914876255
6,0.30000000000000004,ccurve,247,pure_pursuit,3.0,250.85585021972656,-310.97308349609375,-179.41671752929688,0.00034140892027223474,0.35,0.0,0.0001220703125,0.006500244140651711,0,2,0.20093525345190152,79.2167914876255
7,0.35000000000000003,ccurve,247,pure_pursuit,3.0,250.85585021972656,-310.97308349609375,-179.41671752929688,0.00034140892027223474,0.35,0.0,0.0001220703125,0.006500244140651711,0,2,0.0758826722804231,79.2167914876255
8,0.4,ccurve,247,pure_pursuit,3.0,250.85585021972656,-310.97308349609375,-179.416259765625,0.00031699485890223343,0.35,0.0,0.0001220703125,0.006042480468760495,0,2,0.17462458696615019,79.2167914876255
9,0.45,ccurve,247,pure_pursuit,3.0,250.85585021972656,-310.97308349609375,-179.41567993164062,0.00028607038093573985,0.35,0.0,0.0001220703125,0.005462646484398881,0,2,0.18938486968632437,79.2167914876255
10,0.5,ccurve,247,pure_pursuit,3.0,250.85585021972656,-310.97308349609375,-179.41506958007812,0.00025351829861578433,0.35,0.0,0.0001220703125,0.0048522949218942225,0,2,0.16895678026230102,79.2167914876255
11,0.55,ccurve,247,pure_pursuit,3.0,250.85585021972656,-310.97308349609375,-179.4146270751953,0.00022991803878758484,0.35,0.0,0.0001220703125,0.004409790039099973,0,2,0.13747045673076863,79.2167914876255
12,0.6000000000000001,ccurve,247,pure_pursuit,3.0,250.85585021972656,-310.97308349609375,-179.41424560546875,0.00020957298712393746,0.35,0.0,0.0001220703125,0.004028320312540923,0,2,0.1059843495831091,79.2167914876255
13,0.65,ccurve,247,pure_pursuit,3.0,250.85585021972656,-310.97308349609375,-179.41397094726562,0.00019492454987920526,0.35,0.0,0.0001220703125,0.003753662109406193,0,2,0.0788643682779769,79.2167914876255
14,0.7000000000000001,ccurve,247,pure_pursuit,3.0,250.85585021972656,-310.97308349609375,-179.41372680664062,0.00018190371674363192,0.35,0.0,0.0001220703125,0.003509521484363619,0,2,0.057226647804694525,79.2167914876255
15,0.75,ccurve,247,pure_pursuit,3.0,250.85585021972656,-310.97308349609375,-179.41358947753906,0.00017457949809267625,0.35,0.0,0.0001220703125,0.003372192382847143,0,2,0.04074847796333809,79.2167914876255
16,0.8,ccurve,247,pure_pursuit,3.0,250.85585021972656,-310.97308349609375,-179.41348266601562,0.00016888288358038228,0.35,0.0,0.0001220703125,0.003265380859371933,0,2,0.028600927424194886,79.2167914876255
17,0.8500000000000001,ccurve,247,pure_pursuit,3.0,250.85585021972656,-310.97308349609375,-179.41348266601562,0.00016888288358038228,0.35,0.0,0.0001220703125,0.003265380859371933,0,2,0.019836838399157695,79.2167914876255
18,0.9,ccurve,247,pure_pursuit,3.0,250.85585021972656,-310.97308349609375,-179.41336059570312,0.000162372466990155,0.35,0.0,0.0001220703125,0.003143310546850646,0,2,0.013628751394928007,79.2167914876255
19,0.9500000000000001,ccurve,247,pure_pursuit,3.0,250.85585021972656,-310.97308349609375,-179.41336059570312,0.000162372466990155,0.35,0.0,0.0001220703125,0.003143310546850646,0,2,0.009289800744961935,79.2167914876255
20,1.0,ccurve,247,pure_pursuit,3.0,250.85585021972656,-310.97308349609375,-179.41336059570312,0.000162372466990155,0.35,0.0,0.0001220703125,0.003143310546850646,0,2,0.00628876328225077,79.2167914876255
21,1.05,ccurve,247,pure_pursuit,3.0,250.85585021972656,-310.97308349609375,-179.41336059570312,0.000162372466990155,0.35,0.0,0.0001220703125,0.003143310546850646,0,2,0.004232537543709965,79.2167914876255
22,1.1,ccurve,247,pure_pursuit,3.0,250.85311889648438,-310.97308349609375,-179.4134979248047,0.00019118522969357606,0.35,0.0,0.0026092529296875,0.0032806396484689,0,2,0.2667581306854367,79.21901495528186
23,1.1500000000000001,ccurve,247,pure_pursuit,3.0,250.81661987304688,-310.9734802246094,-179.41355895996094,0.00017838406660350647,0.35,0.0,0.03911028859427435,0.0033416748047040987,0,2,1.0104622982178948,79.2489608084392
24,1.2000000000000002,ccurve,247,pure_pursuit,3.0,250.75204467773438,-310.97412109375,-179.41253662109375,0.00014258070410832016,0.35,0.0,0.10368866335549329,0.002319335937497346,0,2,1.446989873245311,79.30191997765519
25,1.25,ccurve,247,pure_pursuit,3.0,250.67059326171875,-310.97509765625,-179.4348907470703,0.0012245882273164053,0.35,0.0,0.18514584381803173,0.02467346191407143,0,2,1.7393850837570832,79.36884165950748
26,1.3,ccurve,247,pure_pursuit,3.0,250.5789337158203,-310.9760437011719,-179.43504333496094,0.0012284257431522145,0.35,0.0,0.27681026224218896,0.02482604980468487,0,2,1.8959166602749078,79.44409439777493
27,1.35,ccurve,247,pure_pursuit,3.0,250.47976684570312,-310.9770812988281,-179.432373046875,0.0010692516593357997,0.35,0.0,0.37598255852463525,0.02215576171872063,0,2,2.038669121234835,79.52555760320332
28,1.4000000000000001,ccurve,247,pure_pursuit,3.0,250.3745880126953,-310.9781799316406,-179.4297332763672,0.0009112797635424464,0.35,0.0,0.48116712773943826,0.019515991210950323,0,2,2.146743871001263,79.6120023206032
29,1.4500000000000002,ccurve,247,pure_pursuit,3.0,250.26405334472656,-310.9793395996094,-179.4273223876953,0.0007589322028035688,0.35,0.0,0.5917078783768132,0.017105102539074733,0,2,2.253973312761343,79.70290040428888
30,1.5,ccurve,247,pure_pursuit,3.0,250.14878845214844,-310.98052978515625,-179.42523193359375,0.0006386895200928539,0.35,0.0,0.7069789125503079,0.015014648437522995,0,2,2.340755408802474,79.79773017816022
31,1.55,ccurve,247,pure_pursuit,3.0,250.02899169921875,-310.9817810058594,-179.42343139648438,0.0005191781835676518,0.35,0.0,0.8267821991054655,0.013214111328152063,0,2,2.43364393797111,79.89635353393909
32,1.6,ccurve,247,pure_pursuit,3.0,249.90501403808594,-310.9830322265625,-179.42190551757812,0.00045531177869622026,0.35,0.0,0.9507661640573702,0.011688232421915863,0,2,2.5115009358086384,79.99845461891346
33,1.6500000000000001,ccurve,247,pure_pursuit,3.0,249.77685546875,-310.9844055175781,-179.4205322265625,0.0004201721374571569,0.35,0.0,0.9210672314865246,0.010314941406242215,1,3,2.5976921466401652,80.10410967588942
34,1.7000000000000002,ccurve,247,pure_pursuit,3.0,249.644775390625,-310.9857482910156,-179.41925048828125,0.00035898633323604135,0.35,0.0,0.7889803286530921,0.009033203124997698,1,3,2.6711420100640746,80.21302470338912
35,1.75,ccurve,247,pure_pursuit,3.0,249.5087890625,-310.9871520996094,-179.41812133789062,0.0002925735424469759,0.35,0.0,0.6529867606589881,0.007904052734417515,1,3,2.7534638609383757,80.32524573239182
36,1.8,ccurve,247,pure_pursuit,3.0,249.3690185546875,-310.9886169433594,-179.41714477539062,0.00021886278494625703,0.35,0.0,0.5132085973744314,0.006927490234348994,1,3,2.824183438376007,80.44067862389231
37,1.85,ccurve,247,pure_pursuit,3.0,249.2254180908203,-310.9900817871094,-179.41635131835938,0.00018095293641007574,0.35,0.0,0.3696006731994746,0.006134033203138738,1,3,2.903683649591256,80.55933197062163
38,1.9000000000000001,ccurve,247,pure_pursuit,3.0,249.07815551757812,-310.9916076660156,-179.4157257080078,0.00013528299117229427,0.35,0.0,0.22233024162399134,0.005508422851537113,1,3,2.972303807988111,80.68110897815548
39,1.9500000000000002,ccurve,247,pure_pursuit,3.0,248.92726135253906,-310.9931640625,-179.41519165039062,9.860638778198665e-05,0.35,0.0,0.07142827569978027,0.00497436523441551,1,3,3.0493692003305948,80.80597308332918
40,2.0,ccurve,247,pure_pursuit,3.0,248.77281188964844,-310.9947509765625,-179.4148406982422,7.56488870523114e-05,0.35,0.0,0.08302994180669199,0.004623413085948614,1,3,3.1161345822168136,80.93386755845505
41,2.0500000000000003,ccurve,247,pure_pursuit,3.0,248.61476135253906,-310.9963684082031,-179.41453552246094,5.994256784611103e-05,0.35,0.0,0.2410885663573887,0.0043182373047217296,1,3,3.190914588531297,81.0648360642811
42,2.1,ccurve,247,pure_pursuit,3.0,248.45327758789062,-310.9980163574219,-179.41429138183594,5.147702729780721e-05,0.35,0.0,0.4025806972307483,0.004074096679679155,1,3,3.2559352129672665,81.19874648804536
43,2.15,ccurve,247,pure_pursuit,3.0,248.28831481933594,-310.99969482421875,-179.41412353515625,5.205967668435131e-05,0.35,0.0,0.5675519842457216,0.003906249999968747,1,3,3.328486612198358,81.33564248874751
44,2.2,ccurve,247,pure_pursuit,3.0,248.11997985839844,-311.0014343261719,-179.4139404296875,2.8000169943442297e-05,0.35,0.0,0.7358959281990886,0.003723144531263149,1,3,3.3918292336973037,81.47545926739022
45,2.25,ccurve,247,pure_pursuit,3.0,247.94827270507812,-311.0032043457031,-179.41380310058594,8.770129106493712e-06,0.35,0.0,0.9076122007362291,0.003585815429695784,1,3,3.462184201331634,81.61818546865558
46,2.3000000000000003,ccurve,247,pure_pursuit,3.0,247.77333068847656,-311.00494384765625,-179.4137420654297,0.0001001269710583395,0.35,0.0,0.9174361337503701,0.0035247802734096963,2,4,3.523899080047468,81.76367924709173
47,2.35,ccurve,247,pure_pursuit,3.0,247.5950927734375,-311.0068054199219,-179.4134521484375,6.40879984034383e-05,0.35,0.0,0.7391885073954116,0.0032348632812288893,2,4,3.5920818140809536,81.91208282809114
48,2.4000000000000004,ccurve,247,pure_pursuit,3.0,247.41368103027344,-311.0086669921875,-179.41319274902344,4.9880892827095266e-05,0.35,0.0,0.5577672173648606,0.002975463867191126,2,4,3.652223296256271,82.06323237320692
49,2.45,ccurve,247,pure_pursuit,3.0,247.2290802001953,-311.0105285644531,-179.4129638671875,6.0128818678519905e-05,0.35,0.0,0.3731570018869832,0.002746582031245518,2,4,3.718256887840041,82.21714638817002
50,2.5,ccurve,247,pure_pursuit,3.0,247.0414276123047,-311.0124816894531,-179.41273498535156,2.8407400956139903e-05,0.35,0.0,0.18549428495692874,0.002517700195350799,2,4,3.7768830843980297,82.37376812719315
51,2.5500000000000003,ccurve,247,pure_pursuit,3.0,246.85067749023438,-311.0144348144531,-179.41258239746094,2.321428313425336e-05,0.35,0.0,0.005267465706920928,0.002365112304686468,2,4,3.8408007882415944,82.5330899043473
52,2.6,ccurve,247,pure_pursuit,3.0,246.65692138671875,-311.0163879394531,-179.41244506835938,4.392719888217061e-05,0.35,0.0,0.19903185026920875,0.002227783203119103,2,4,3.897983587067187,82.69504150572928
53,2.6500000000000004,ccurve,247,pure_pursuit,3.0,246.46018981933594,-311.0184631347656,-179.41229248046875,-1.0720113512189391e-05,0.35,0.0,0.3957743606012941,0.0020751953125056604,2,4,3.959818776147534,82.85967107512045
54,2.7,ccurve,247,pure_pursuit,3.0,246.2605438232422,-311.0205078125,-179.4122772216797,-9.246438151848756e-06,0.35,0.0,0.5954308161030057,0.002059936523459583,2,4,4.015478146002601,83.02684841726844
55,2.75,ccurve,247,pure_pursuit,3.0,246.0579833984375,-311.0225524902344,-179.41229248046875,2.2663406740028763e-05,0.35,0.0,0.7980015473941693,0.0020751953125056604,2,4,4.074900223074574,83.19659604687288
56,2.8000000000000003,ccurve,247,pure_pursuit,3.0,245.85263061523438,-311.0246887207031,-179.4122772216797,4.741393402558074e-05,0.35,0.0,0.9966338437156108,0.002059936523459583,3,5,4.1287910351825445,83.36886833928875
57,2.85,ccurve,247,pure_pursuit,3.0,245.6444854736328,-311.0268249511719,-179.41209411621094,3.90293813855789e-05,0.35,0.0,0.7884777407192076,0.0018768310547030965,3,5,4.185967083052199,83.54361979703508
58,2.9000000000000004,ccurve,247,pure_pursuit,3.0,245.43362426757812,-311.02899169921875,-179.41192626953125,2.984106717452793e-05,0.35,0.0,0.5776054038477983,0.0017089843749926877,3,5,4.2383590994247236,83.72080880611406
59,2.95,ccurve,247,pure_pursuit,3.0,245.22007751464844,-311.0311584472656,-179.41175842285156,3.9948515402103704e-05,0.35,0.0,0.3640476587676891,0.001541137695282279,3,5,4.2934552335294205,83.90039814160507
60,3.0,ccurve,247,pure_pursuit,3.0,245.0038604736328,-311.0334167480469,-179.41163635253906,7.2498313497183125e-06,0.35,0.0,0.14781884863916778,0.0014190673828118807,3,5,4.344468831543509,84.08243028133053
61,3.0500000000000003,ccurve,247,pure_pursuit,3.0,244.78504943847656,-311.03564453125,-179.41151428222656,1.6106824044233428e-05,0.35,0.0,0.07100357904289031,0.0012969970703414822,3,5,4.397563556389114,84.26677933610227
62,3.1,ccurve,247,pure_pursuit,3.0,244.563720703125,-311.03790283203125,-179.41143798828125,2.5402256772382303e-05,0.35,0.0,0.2923438098429298,0.0012207031250093165,3,5,4.447269398882212,84.45341964983686
63,3.1500000000000004,ccurve,247,pure_pursuit,3.0,244.33984375,-311.04022216796875,-179.411376953125,6.664029463214553e-06,0.35,0.0,0.5162327762520581,0.0011596679687232287,3,5,4.498410305107518,84.6423980305206
64,3.2,ccurve,247,pure_pursuit,3.0,244.11346435546875,-311.0425720214844,-179.4113006591797,-1.9533420237802775e-05,0.35,0.0,0.742624366329859,0.001083374023441952,3,5,4.546867327780841,84.83366402131034
65,3.25,ccurve,247,pure_pursuit,3.0,243.88465881347656,-311.044921875,-179.41136169433594,-1.659669567629879e-05,0.35,0.0,0.9714419731901625,0.001144409179677151,3,5,4.596090776715316,85.0271415173815
66,3.3000000000000003,ccurve,247,pure_pursuit,3.0,243.65342712402344,-311.0472717285156,-179.4114227294922,4.2596953079874e-05,0.35,0.0,0.7973133650863469,0.0012054443359632392,4,6,4.643353882212252,85.2228349977971
67,3.35,ccurve,247,pure_pursuit,3.0,243.41986083984375,-311.0496826171875,-179.4113006591797,3.058797869262422e-05,0.35,0.0,0.5637346402688538,0.001083374023441952,4,6,4.6905760164343295,85.42070477752594
68,3.4000000000000004,ccurve,247,pure_pursuit,3.0,243.1839599609375,-311.0520935058594,-179.41114807128906,3.330803130907706e-05,0.35,0.0,0.327821442495843,0.0009307861328285095,4,6,4.736556670889881,85.62072202581984
69,3.45,ccurve,247,pure_pursuit,3.0,242.94577026367188,-311.0545349121094,-179.4110107421875,3.289393061451242e-05,0.35,0.0,0.08961923810403408,0.0007934570312611447,4,6,4.781920800997906,85.82286875294461
70,3.5,ccurve,247,pure_pursuit,3.0,242.70535278320312,-311.0569763183594,-179.4108428955078,4.991086100458746e-05,0.35,0.0,0.15081064368251487,0.0006256103516016247,4,6,4.82649328297308,86.0270810754181
71,3.5500000000000003,ccurve,247,pure_pursuit,3.0,242.4626922607422,-311.05950927734375,-179.41062927246094,9.970257064144994e-06,0.35,0.0,0.39348438501132693,0.0004119873047020944,4,6,4.870382362329702,86.23342478514927
72,3.6,ccurve,247,pure_pursuit,3.0,242.21788024902344,-311.06207275390625,-179.41050720214844,-3.684308087538403e-05,0.35,0.0,0.6383098172468338,0.00028991699218080717,4,6,4.913595918392096,86.4417935200685
73,3.6500000000000004,ccurve,247,pure_pursuit,3.0,241.970947265625,-311.0646057128906,-179.41058349609375,-2.8118762031569052e-05,0.35,0.0,0.8852557890051942,0.00036621093751297275,4,6,4.956158903135107,86.6521325981807
74,3.7,ccurve,247,pure_pursuit,3.0,241.72189331054688,-311.067138671875,-179.4107208251953,4.34396371175199e-06,0.35,0.0,0.8656766559753242,0.0005035400390803375,5,7,4.998084882996367,86.86446198833023
75,3.75,ccurve,247,pure_pursuit,3.0,241.4707794189453,-311.0697021484375,-179.41075134277344,1.897869106717887e-05,0.35,0.0,0.614549680643992,0.0005340576172233816,5,7,5.039254532162815,87.07874970925623
76,3.8000000000000003,ccurve,247,pure_pursuit,3.0,241.21774291992188,-311.0723571777344,-179.41297912597656,0.00010202514526703217,0.35,0.0,0.36149926256769727,0.0027618408202915957,5,7,5.067391033868012,87.2949147454547
77,3.85,ccurve,247,pure_pursuit,3.0,240.96669006347656,-311.0749816894531,-179.41195678710938,1.4873424025608902e-05,0.35,0.0,0.1104327310538085,0.0017395019531357319,5,7,5.025052902029019,87.50957552995017
78,3.9000000000000004,ccurve,247,pure_pursuit,3.0,240.71507263183594,-311.07757568359375,-179.41131591796875,-2.7427466924080177e-05,0.35,0.0,0.14119815336557834,0.0010986328125389183,5,7,4.997029710847029,87.72489383538033
79,3.95,ccurve,247,pure_pursuit,3.0,240.46212768554688,-311.0802001953125,-179.41090393066406,-7.297005238596032e-05,0.35,0.0,0.39415669602217873,0.0006866455077859351,5,7,5.085523782800908,87.9415513100271
80,4.0,ccurve,247,pure_pursuit,3.0,240.2108154296875,-311.0828552246094,-179.42787170410156,0.0007618102368200087,0.35,0.0,0.6454829760922718,0.017654418945344193,5,7,5.051495404124827,88.1570266561137
81,4.05,ccurve,247,pure_pursuit,3.0,239.9576873779297,-311.08551025390625,-179.43093872070312,0.0008621142258779689,0.35,0.0,0.8986249506583053,0.020721435546862673,5,7,5.0403405833779,88.37424028160842
82,4.1000000000000005,ccurve,247,pure_pursuit,3.0,239.7065887451172,-311.08807373046875,-179.42547607421875,0.0006796803545142913,0.35,0.0,0.8502626647841608,0.015258789062514681,6,8,5.057772707191889,88.58986431272619
83,4.15,ccurve,247,pure_pursuit,3.0,239.4528045654297,-311.0906982421875,-179.42144775390625,0.00044941788472025173,0.35,0.0,0.5964649300943842,0.011230468750024647,6,8,5.056073529190255,88.80800145472314
84,4.2,ccurve,247,pure_pursuit,3.0,239.20211791992188,-311.0932922363281,-179.41714477539062,0.00020186138119348673,0.35,0.0,0.34576490255681847,0.006927490234348994,6,8,4.985534093112004,89.02366253205916
85,4.25,ccurve,247,pure_pursuit,3.0,238.94744873046875,-311.0959167480469,-179.414794921875,6.39033994076605e-05,0.35,0.0,0.09108241648084767,0.004577636718759493,6,8,5.118233770445553,89.24293168293823
86,4.3,ccurve,247,pure_pursuit,3.0,238.69444274902344,-311.0985412597656,-179.41371154785156,-2.173263296094177e-05,0.35,0.0,0.16193768302530967,0.003494262695317541,6,8,5.033194986772161,89.46096343978695
87,4.3500000000000005,ccurve,247,pure_pursuit,3.0,238.44325256347656,-311.1011047363281,-179.41331481933594,-3.848615180090247e-05,0.35,0.0,0.41314081183760015,0.0030975341797124132,6,8,5.020043467947268,89.67759050453188
88,4.4,ccurve,247,pure_pursuit,3.0,238.18910217285156,-311.1037292480469,-179.413330078125,-6.080171583525016e-05,0.35,0.0,0.6673047309482013,0.0031127929687584906,6,8,5.137256570260848,89.89696940904793
89,4.45,ccurve,247,pure_pursuit,3.0,237.9333953857422,-311.1063537597656,-179.4135284423828,-6.138879157114757e-05,0.35,0.0,0.9230249721343508,0.0033111572265610545,6,8,5.104545226768174,90.11786801085931
90,4.5,ccurve,247,pure_pursuit,3.0,237.6799774169922,-311.10894775390625,-179.41384887695312,3.9727892827057296e-05,0.35,0.0,0.8235428082775471,0.0036315917968849057,7,9,5.046560734876281,90.33696703216351
91,4.55,ccurve,247,pure_pursuit,3.0,237.42774963378906,-311.11151123046875,-179.4138641357422,5.407787198059323e-05,0.35,0.0,0.5713020031840902,0.0036468505859818725,7,9,5.045480709844563,90.55520559524048
92,4.6000000000000005,ccurve,247,pure_pursuit,3.0,237.1767578125,-311.1140441894531,-179.41372680664062,7.449231341304145e-05,0.35,0.0,0.32029740658531775,0.003509521484363619,7,9,5.004383181288056,90.77254056336075
93,4.65,ccurve,247,pure_pursuit,3.0,236.92294311523438,-311.11663818359375,-179.41343688964844,6.610648572596061e-05,0.35,0.0,0.06646955501999714,0.0032196044921828115,7,9,5.162083713684118,90.99251261350426
94,4.7,ccurve,247,pure_pursuit,3.0,236.66409301757812,-311.1192626953125,-179.41307067871094,7.157169520703798e-05,0.35,0.0,0.19239400453495212,0.0028533935546698388,7,9,5.149783747462651,91.21701918864699
95,4.75,ccurve,247,pure_pursuit,3.0,236.40695190429688,-311.1219177246094,-179.41270446777344,3.9303980209257315e-05,0.35,0.0,0.44954881256059603,0.002487182617156866,7,9,5.140891247475728,91.44024749593488
96,4.800000000000001,ccurve,247,pure_pursuit,3.0,236.1513214111328,-311.1245422363281,-179.4123992919922,2.2232652617625817e-05,0.35,0.0,0.7051927727256977,0.0021820068359299813,7,9,5.095200388160424,91.6623331344586
97,4.8500000000000005,ccurve,247,pure_pursuit,3.0,235.8963623046875,-311.1271667480469,-179.41217041015625,2.170396870982629e-06,0.35,0.0,0.9601653852486015,0.001953125000035262,7,9,5.103200461143476,91.88401274345279
98,4.9,ccurve,247,pure_pursuit,3.0,235.6422576904297,-311.12982177734375,-179.41207885742188,1.7362655215300657e-05,0.35,0.0,0.7857154223866183,0.001861572265657019,8,10,5.069655639285506,92.10514052996233
99,4.95,ccurve,247,pure_pursuit,3.0,235.38829040527344,-311.1324462890625,-179.41200256347656,1.8457364869098025e-06,0.35,0.0,0.5317345838882347,0.0017852783203248534,8,10,5.086963035543528,92.32630394770862
100,5.0,ccurve,247,pure_pursuit,3.0,235.134765625,-311.1351013183594,-179.4119415283203,-3.9255771039403266e-05,0.35,0.0,0.2781959460784308,0.0017242431640387653,8,10,5.060826011106573,92.54726757005525
101,5.050000000000001,ccurve,247,pure_pursuit,3.0,234.8810272216797,-311.1377258300781,-179.41201782226562,-5.2970090833349085e-05,0.35,0.0,0.02444465627670318,0.001800537109370931,8,10,5.083655858568149,92.76856790545946
102,5.1000000000000005,ccurve,247,pure_pursuit,3.0,234.6275177001953,-311.1403503417969,-179.41220092773438,-6.528019999334442e-05,0.35,0.0,0.2290792849507245,0.0019836425781274173,8,10,5.061866937323671,92.98983535488624
103,5.15,ccurve,247,pure_pursuit,3.0,234.37364196777344,-311.14300537109375,-179.4125213623047,-9.670747448851125e-05,0.35,0.0,0.4829688677761412,0.0023040771484512685,8,10,5.087892847116191,93.21160033645968
104,5.2,ccurve,247,pure_pursuit,3.0,234.11985778808594,-311.1455993652344,-179.41293334960938,-7.452454052729055e-05,0.35,0.0,0.7367662756559024,0.0027160644531533627,8,10,5.068603825485083,93.43341910402742
105,5.25,ccurve,247,pure_pursuit,3.0,233.86561584472656,-311.148193359375,-179.41336059570312,-4.6740412837841756e-05,0.35,0.0,0.9910214365133564,0.003143310546850646,8,10,5.096431194893633,93.6557985087692
106,5.300000000000001,ccurve,247,pure_pursuit,3.0,233.61134338378906,-311.15081787109375,-179.41371154785156,5.4065263607759974e-05,0.35,0.0,0.7546915754966889,0.003494262695317541,9,11,5.0785548491430825,93.87838133453641
107,5.3500000000000005,ccurve,247,pure_pursuit,3.0,233.35658264160156,-311.1534729003906,-179.41372680664062,2.530748846980103e-05,0.35,0.0,0.49991703485995975,0.003509521484363619,9,11,5.1073677697080235,94.10156521524144
108,5.4,ccurve,247,pure_pursuit,3.0,233.1017303466797,-311.1560974121094,-179.41360473632812,8.316843990287283e-06,0.35,0.0,0.24505129960173294,0.0033874511718932202,9,11,5.090269631633246,94.32497405036122
109,5.45,ccurve,247,pure_pursuit,3.0,232.84634399414062,-311.15875244140625,-179.4135284423828,-2.6758223133120572e-05,0.35,0.0,0.010353063078746089,0.0033111572265610545,9,11,5.119595591516683,94.54902289965807
110,5.5,ccurve,247,pure_pursuit,3.0,232.5908660888672,-311.161376953125,-179.4135284423828,-3.626812465691168e-05,0.35,0.0,0.26584053279719305,0.0033111572265610545,9,11,5.102911920383568,94.77329541681297
111,5.550000000000001,ccurve,247,pure_pursuit,3.0,232.33485412597656,-311.16400146484375,-179.41368103027344,-3.424153647837842e-05,0.35,0.0,0.5218658670340809,0.003463745117225386,9,11,5.132477278515079,94.99819224865176
112,5.6000000000000005,ccurve,247,pure_pursuit,3.0,232.07875061035156,-311.1666564941406,-179.41384887695312,-6.042638197522036e-05,0.35,0.0,0.7779831271081883,0.0036315917968849057,9,11,5.116002430185896,95.22334115593615
113,5.65,ccurve,247,pure_pursuit,3.0,231.8220672607422,-311.1692810058594,-179.4141082763672,4.244676402425798e-05,0.35,0.0,0.9653194722857407,0.003890991210922669,10,12,5.145651017038242,95.44913880866213
114,5.7,ccurve,247,pure_pursuit,3.0,231.56529235839844,-311.17193603515625,-179.41416931152344,2.9051623338669818e-05,0.35,0.0,0.7085308615884038,0.003952026367208757,10,12,5.12926274525177,95.67518719366221
115,5.75,ccurve,247,pure_pursuit,3.0,231.3079376220703,-311.174560546875,-179.4140625,2.9804647153469364e-05,0.35,0.0,0.45116276029982705,0.0038452148437844364,10,12,5.1589040288769885,95.90188372693079
116,5.800000000000001,ccurve,247,pure_pursuit,3.0,231.05050659179688,-311.17718505859375,-179.41392517089844,3.029085308061517e-05,0.35,0.0,0.19371841371716755,0.003707885742166183,10,12,5.142537879916554,96.12880160950711
117,5.8500000000000005,ccurve,247,pure_pursuit,3.0,230.79249572753906,-311.1798400878906,-179.4137420654297,1.0274699575041419e-05,0.35,0.0,0.06430662730107499,0.0035247802734096963,10,12,5.17212266556596,96.3563963694307
118,5.9,ccurve,247,pure_pursuit,3.0,230.53439331054688,-311.1824645996094,-179.4136199951172,1.821000794746913e-05,0.35,0.0,0.3224220550062658,0.003402709960939298,10,12,5.155741269276842,96.58420991563649
119,5.95,ccurve,247,pure_pursuit,3.0,230.27574157714844,-311.18511962890625,-179.41355895996094,9.336950615130446e-06,0.35,0.0,0.5810873871906508,0.0033416748047040987,10,12,5.185242478046691,96.81267279882515
120,6.0,ccurve,247,pure_pursuit,3.0,230.01698303222656,-311.187744140625,-179.4134521484375,2.7668110836812767e-05,0.35,0.0,0.8398592221143417,0.0032348632812288893,10,12,5.168822594119345,97.04136667297139
121,6.050000000000001,ccurve,247,pure_pursuit,3.0,229.75767517089844,-311.19036865234375,-179.41336059570312,0.00010992698550777928,0.35,0.0,0.9008341884110895,0.003143310546850646,11,13,5.198221532958706,97.27069460602225
122,6.1000000000000005,ccurve,247,pure_pursuit,3.0,229.49826049804688,-311.1930236816406,-179.4130096435547,9.811464625172193e-05,0.35,0.0,0.6414059294634191,0.0027923583984346394,11,13,5.181753801452148,97.50028137044548
123,6.15,ccurve,247,pure_pursuit,3.0,229.23829650878906,-311.1956481933594,-179.41253662109375,0.00010583067930447554,0.35,0.0,0.38142869408224983,0.002319335937497346,11,13,5.211048887011663,97.73048698734836
124,6.2,ccurve,247,pure_pursuit,3.0,228.97825622558594,-311.1983337402344,-179.41200256347656,6.977841526524887e-05,0.35,0.0,0.12137454686168664,0.0017852783203248534,11,13,5.194527659951849,97.96093764586833
125,6.25,ccurve,247,pure_pursuit,3.0,228.71766662597656,-311.2010192871094,-179.41151428222656,3.961856816354019e-05,0.35,0.0,0.13922889751695808,0.0012969970703414822,11,13,5.223705979959346,98.19202079278004
126,6.300000000000001,ccurve,247,pure_pursuit,3.0,228.4569854736328,-311.20367431640625,-179.41114807128906,4.207419633117533e-05,0.35,0.0,0.39992356506045695,0.0009307861328285095,11,13,5.207116935030639,98.42331789604886
127,6.3500000000000005,ccurve,247,pure_pursuit,3.0,228.19577026367188,-311.2063903808594,-179.410888671875,2.835847151648912e-06,0.35,0.0,0.6611528944701356,0.0006713867187398575,11,13,5.236185615840445,98.65526197248812
128,6.4,ccurve,247,pure_pursuit,3.0,227.9344940185547,-311.2091064453125,-179.41075134277344,-3.3582066955803645e-05,0.35,0.0,0.922443256172374,0.0005340576172233816,11,13,5.2195372431007545,98.8874060512038
129,6.45,ccurve,247,pure_pursuit,3.0,227.67263793945312,-311.2118225097656,-179.4107666015625,-3.4855960359020516e-05,0.35,0.0,0.8156855478732147,0.0005493164062694592,12,14,5.248492317280778,99.12020807819526
130,6.5,ccurve,247,pure_pursuit,3.0,227.4107208251953,-311.21453857421875,-179.41090393066406,-4.4565544170655244e-05,0.35,0.0,0.5537543584645223,0.0006866455077859351,12,14,5.231781205576124,99.35320885232281
131,6.550000000000001,ccurve,247,pure_pursuit,3.0,227.1482696533203,-311.2172546386719,-179.4111328125,-4.756938786096056e-05,0.35,0.0,0.2912891501818803,0.000915527343782432,12,14,5.260626534884826,99.58682637068908
132,6.6000000000000005,ccurve,247,pure_pursuit,3.0,226.88575744628906,-311.2200012207031,-179.411376953125,-7.441256235925423e-05,0.35,0.0,0.028763076416791978,0.0011596679687232287,12,14,5.243852584595452,99.82065548300201
133,6.65,ccurve,247,pure_pursuit,3.0,226.6227264404297,-311.2227478027344,-179.41171264648438,-9.762196236668347e-05,0.35,0.0,0.23428288924685062,0.0014953613281440462,12,14,5.272583087172255,100.05508698415602
134,6.7,ccurve,247,pure_pursuit,3.0,226.35960388183594,-311.2254638671875,-179.4121551513672,-9.387026385847909e-05,0.35,0.0,0.4974194176195891,0.0019378662109382958,12,14,5.25574851531082,100.28972757595479
135,6.75,ccurve,247,pure_pursuit,3.0,226.0959930419922,-311.2281494140625,-179.41265869140625,-5.658911791440318e-05,0.35,0.0,0.761043910649632,0.002441406250018633,12,14,5.284367581688705,100.52492872917256
136,6.800000000000001,ccurve,247,pure_pursuit,3.0,225.832275390625,-311.23089599609375,-179.4130859375,1.9452111049269802e-05,0.35,0.0,0.975223459720569,0.002868652343766805,13,15,5.267473100296395,100.76039350707173
137,6.8500000000000005,ccurve,247,pure_pursuit,3.0,225.56808471679688,-311.2336120605469,-179.41323852539062,2.2382560442404643e-05,0.35,0.0,0.7110188322717436,0.0030212402343802475,13,15,5.295980780180839,100.99640448634396
138,6.9,ccurve,247,pure_pursuit,3.0,225.3037872314453,-311.2363586425781,-179.41319274902344,-6.103721966679754e-06,0.35,0.0,0.44670710819348164,0.002975463867191126,13,15,5.279025563844257,101.23266372760263
139,6.95,ccurve,247,pure_pursuit,3.0,225.03900146484375,-311.2391052246094,-179.41319274902344,-3.1790497907196734e-05,0.35,0.0,0.18190721526907236,0.002975463867191126,13,15,5.307426758404232,101.46949590926428
140,7.0,ccurve,247,pure_pursuit,3.0,224.77415466308594,-311.2418212890625,-179.4132843017578,-3.1774453554161165e-05,0.35,0.0,0.08295405273867179,0.003067016601569369,13,15,5.290407467336853,101.7065064983515
141,7.050000000000001,ccurve,247,pure_pursuit,3.0,224.5087890625,-311.24456787109375,-179.41343688964844,-5.030512008181625e-05,0.35,0.0,0.3483336020200004,0.0032196044921828115,13,15,5.318703135859409,101.9441303072097
142,7.1000000000000005,ccurve,247,pure_pursuit,3.0,224.24339294433594,-311.2472839355469,-179.4136199951172,-4.3569189612775394e-05,0.35,0.0,0.6137435690609425,0.003402709960939298,13,15,5.30162665709924,102.18190413377792
143,7.15,ccurve,247,pure_pursuit,3.0,223.97747802734375,-311.2500305175781,-179.41384887695312,-5.96001043615028e-05,0.35,0.0,0.8796726579424061,0.0036315917968849057,13,15,5.32981698306067,102.42029032791159
144,7.2,ccurve,247,pure_pursuit,3.0,223.7115020751953,-311.2527770996094,-179.41416931152344,5.036678208668785e-05,0.35,0.0,0.8543362520169003,0.003952026367208757,14,16,5.312680469151859,102.65886630649265
145,7.25,ccurve,247,pure_pursuit,3.0,223.44505310058594,-311.2554931640625,-179.4141845703125,5.9690118583211805e-05,0.35,0.0,0.5878734445516975,0.003967285156254835,14,16,5.340768439106731,102.89798543777339
146,7.300000000000001,ccurve,247,pure_pursuit,3.0,223.1785430908203,-311.25823974609375,-179.41400146484375,3.8346793965961677e-05,0.35,0.0,0.32134933000637717,0.003784179687498348,14,16,5.32357176684212,103.13730684800544
147,7.3500000000000005,ccurve,247,pure_pursuit,3.0,222.91151428222656,-311.2609558105469,-179.4137420654297,3.8415088203932084e-05,0.35,0.0,0.054307067809733926,0.0035247802734096963,14,16,5.351557120606985,103.37721156701242
148,7.4,ccurve,247,pure_pursuit,3.0,222.64447021484375,-311.2637023925781,-179.4135284423828,1.8389497324604424e-05,0.35,0.0,0.21275169756628967,0.0033111572265610545,14,16,5.334303917518902,103.61727634508688
149,7.45,ccurve,247,pure_pursuit,3.0,222.376953125,-311.2664489746094,-179.4133758544922,4.513978051296215e-06,0.35,0.0,0.4802828192521733,0.0031585693359476126,14,16,5.3621873326408425,103.85789634293563
150,7.5,ccurve,247,pure_pursuit,3.0,222.10940551757812,-311.2691650390625,-179.4132843017578,2.1916561916080786e-05,0.35,0.0,0.7478441830318556,0.003067016601569369,14,16,5.344876474889448,104.09866146400935
151,7.550000000000001,ccurve,247,pure_pursuit,3.0,221.84130859375,-311.27191162109375,-179.41319274902344,6.327275970774041e-05,0.35,0.0,0.984044131638192,0.002975463867191126,15,17,5.372659697108128,104.34006293109985
152,7.6000000000000005,ccurve,247,pure_pursuit,3.0,221.57318115234375,-311.2746276855469,-179.4129638671875,7.417755980175498e-05,0.35,0.0,0.715902934081095,0.002746582031245518,15,17,5.3552932670405,104.58160837391759
153,7.65,ccurve,247,pure_pursuit,3.0,221.30458068847656,-311.2773742675781,-179.41261291503906,6.37314270965607e-05,0.35,0.0,0.44728842931190943,0.0023956298828295116,15,17,5.382978408639798,104.82372096965179
154,7.7,ccurve,247,pure_pursuit,3.0,221.0359649658203,-311.2801208496094,-179.4122772216797,5.5277153835255806e-05,0.35,0.0,0.17865867058884216,0.002059936523459583,15,17,5.365555065305104,105.06597608785283
155,7.75,ccurve,247,pure_pursuit,3.0,220.7668914794922,-311.2828369140625,-179.41189575195312,7.320939498827178e-05,0.35,0.0,0.0904285327845892,0.0016784667969005325,15,17,5.393145640368657,105.30875684470746
156,7.800000000000001,ccurve,247,pure_pursuit,3.0,220.49778747558594,-311.28558349609375,-179.41151428222656,7.14491739578956e-05,0.35,0.0,0.3595465504608075,0.0012969970703414822,15,17,5.37567153544662,105.55170598788841
157,7.8500000000000005,ccurve,247,pure_pursuit,3.0,220.22821044921875,-311.288330078125,-179.4111328125,7.707329509808824e-05,0.35,0.0,0.6291375677010677,0.000915527343782432,15,17,5.403163689017731,105.79520706157369
158,7.9,ccurve,247,pure_pursuit,3.0,219.95863342285156,-311.2911071777344,-179.4107208251953,5.551647521238899e-05,0.35,0.0,0.8987288976885838,0.0005035400390803375,15,17,5.385635121109554,106.03884770967484
159,7.95,ccurve,247,pure_pursuit,3.0,219.68856811523438,-311.29388427734375,-179.4103546142578,3.5458507613546925e-05,0.35,0.0,0.8311907934717282,0.0001373291015673648,16,18,5.413034342416517,106.28305312260322
160,8.0,ccurve,247,pure_pursuit,3.0,219.41848754882812,-311.29669189453125,-179.41006469726562,3.303475278260591e-06,0.35,0.0,0.5610956345340352,-0.00015258789061344235,16,18,5.395450275820608,106.5274104619341
161,8.05,ccurve,247,pure_pursuit,3.0,219.14794921875,-311.29949951171875,-179.40992736816406,-1.945983673227721e-05,0.35,0.0,0.29054273676765224,-0.00028991699218080717,16,18,5.4227581974081325,106.77230422721566
162,8.1,ccurve,247,pure_pursuit,3.0,218.87738037109375,-311.30224609375,-179.409912109375,8.841206439431693e-06,0.35,0.0,0.0199599892527278,-0.0003051757812268847,16,18,5.405121764923116,107.01732266032543
163,8.15,ccurve,247,pure_pursuit,3.0,218.60633850097656,-311.3050842285156,-179.409912109375,-2.8487246139579344e-05,0.35,0.0,0.2510967732102406,-0.0003051757812268847,16,18,5.432336548952877,107.2629301332959
164,8.200000000000001,ccurve,247,pure_pursuit,3.0,218.3352813720703,-311.30792236328125,-179.4099578857422,-6.905515005522502e-05,0.35,0.0,0.5221687589507066,-0.000259399414088652,16,18,5.41464817011119,107.5086736785064
165,8.25,ccurve,247,pure_pursuit,3.0,218.0637664794922,-311.3107604980469,-179.4102020263672,-0.00010183920568237643,0.35,0.0,0.793698484362837,-1.5258789046077574e-05,16,18,5.441771834072968,107.75495196461436
166,8.3,ccurve,247,pure_pursuit,3.0,217.79222106933594,-311.31353759765625,-179.4105987548828,-2.6329193918345142e-05,0.35,0.0,0.9347408780792741,0.00038146972655905034,17,19,5.424032818264292,108.0013526892572
167,8.35,ccurve,247,pure_pursuit,3.0,217.52020263671875,-311.31634521484375,-179.41098022460938,-1.3593157071191149e-05,0.35,0.0,0.6627079600246785,0.0007629394531181007,17,19,5.45106861498461,108.24831432946809
168,8.4,ccurve,247,pure_pursuit,3.0,217.24818420410156,-311.3191833496094,-179.4111328125,-3.5245199269313987e-05,0.35,0.0,0.39067474286935766,0.000915527343782432,17,19,5.433278705594919,108.4954089382624
169,8.450000000000001,ccurve,247,pure_pursuit,3.0,216.97569274902344,-311.3219909667969,-179.4113006591797,-3.377569882481232e-05,0.35,0.0,0.11816888988501928,0.001083374023441952,17,19,5.460227248737962,108.74303748028207
170,8.5,ccurve,247,pure_pursuit,3.0,216.70327758789062,-311.3248596191406,-179.4114990234375,-8.085624892820361e-05,0.35,0.0,0.15426160689981122,0.0012817382812445159,17,19,5.442386713647013,108.99074165766639
171,8.55,ccurve,247,pure_pursuit,3.0,216.43038940429688,-311.32769775390625,-179.4117889404297,-0.00010161045740334229,0.35,0.0,0.4271644691424919,0.0015716552734762119,17,19,5.469248567269763,109.23897892168445
172,8.6,ccurve,247,pure_pursuit,3.0,216.157470703125,-311.33050537109375,-179.41229248046875,-8.841440261229958e-05,0.35,0.0,0.7000975841557299,0.0020751953125056604,17,19,5.4513585975168075,109.48734831257713
173,8.65,ccurve,247,pure_pursuit,3.0,215.88409423828125,-311.3333435058594,-179.41281127929688,-0.00010295387831956041,0.35,0.0,0.9734887746646329,0.0025939941406320755,17,19,5.4781361365883345,109.73626217999674
174,8.700000000000001,ccurve,247,pure_pursuit,3.0,215.61073303222656,-311.3361511230469,-179.41336059570312,6.467466321641357e-06,0.35,0.0,0.7531349519869935,0.003143310546850646,18,20,5.460197836640781,109.98526558408541
175,8.75,ccurve,247,pure_pursuit,3.0,215.33697509765625,-311.3389892578125,-179.4136199951172,-3.2373953115442006e-06,0.35,0.0,0.47936234007671596,0.003402709960939298,18,20,5.486890212805999,110.23475723670917
176,8.8,ccurve,247,pure_pursuit,3.0,215.06317138671875,-311.341796875,-179.4137420654297,-8.180034910390423e-07,0.35,0.0,0.20554431878171076,0.0035247802734096963,18,20,5.468903812288961,110.48439262474055
177,8.85,ccurve,247,pure_pursuit,3.0,214.78892517089844,-311.3446350097656,-179.41375732421875,-2.4866299548342045e-05,0.35,0.0,0.06871726661590749,0.0035400390625066626,18,20,5.4955114631944095,110.73455693115005
178,8.9,ccurve,247,pure_pursuit,3.0,214.5147247314453,-311.34747314453125,-179.41384887695312,-4.896537861393608e-05,0.35,0.0,0.34293198416960124,0.0036315917968849057,18,20,5.477477589415092,110.9847935116057
179,8.950000000000001,ccurve,247,pure_pursuit,3.0,214.2400665283203,-311.3503112792969,-179.4140625,-6.703303466160047e-05,0.35,0.0,0.6176048028822022,0.0038452148437844364,18,20,5.504005603448271,111.23555921049933
180,9.0,ccurve,247,pure_pursuit,3.0,213.9654083251953,-311.3531494140625,-179.4143524169922,-8.623942358924961e-05,0.35,0.0,0.8922776509727403,0.004135131835965243,18,20,5.485922769814482,111.4864375845706
181,9.05,ccurve,247,pure_pursuit,3.0,213.6903533935547,-311.3559875488281,-179.41476440429688,4.885057382658804e-05,0.35,0.0,0.8326521569267915,0.004577636718759493,19,21,5.51236945423998,111.73778879495316
182,9.1,ccurve,247,pure_pursuit,3.0,213.415283203125,-311.35882568359375,-179.41488647460938,3.9274858920337493e-05,0.35,0.0,0.5575673555815598,0.004699707031255336,19,21,5.494237806535999,111.98926538465402
183,9.15,ccurve,247,pure_pursuit,3.0,213.13978576660156,-311.3616638183594,-179.41477966308594,1.8541197854535884e-05,0.35,0.0,0.28205538544714964,0.004592895507805571,19,21,5.520609080709138,112.24124176447248
184,9.200000000000001,ccurve,247,pure_pursuit,3.0,212.8643341064453,-311.3644714355469,-179.4146270751953,1.6215622223725418e-05,0.35,0.0,0.006595257451185353,0.004440307617192128,19,21,5.502436805874338,112.49327421616466
185,9.25,ccurve,247,pure_pursuit,3.0,212.58843994140625,-311.36724853515625,-179.41542053222656,9.390519014573877e-05,0.35,0.0,0.2693189743051515,0.005233764648427828,19,21,5.528198481332182,112.74580703588438
186,9.3,ccurve,247,pure_pursuit,3.0,212.3126678466797,-311.3700256347656,-179.4147491455078,9.801322641803734e-05,0.35,0.0,0.5451049787602303,0.004562377929687971,19,21,5.5070378282836,112.99833786928453
187,9.35,ccurve,247,pure_pursuit,3.0,212.0365447998047,-311.37286376953125,-179.41476440429688,9.045897110411813e-05,0.35,0.0,0.8212426027317917,0.004577636718759493,19,21,5.522024541130655,113.25132233302351
188,9.4,ccurve,247,pure_pursuit,3.0,211.76039123535156,-311.375732421875,-179.41363525390625,0.16054795030589977,0.35,0.0,0.9025879309955781,0.0034484863281284196,20,22,5.514107975566133,113.50445505778973
189,9.450000000000001,ccurve,247,pure_pursuit,3.0,211.4842071533203,-311.38189697265625,-179.24119567871094,0.16007861227609393,0.35,0.0,0.6263648837567278,-0.16899108886718597,20,22,5.5271392013460305,113.75906760312152
190,9.5,ccurve,247,pure_pursuit,3.0,211.20936584472656,-311.3964538574219,-178.6763153076172,0.13316807820863963,0.35,0.0,0.35170896876508684,-0.7338714599609472,20,22,5.495222772115442,114.01597188236522
191,9.55,ccurve,247,pure_pursuit,3.0,210.9350128173828,-311.416748046875,-177.95745849609375,0.09329976635046054,0.35,0.0,0.08350575402353222,-1.4527282714843712,20,22,5.515206522374776,114.2748473914577
192,9.600000000000001,ccurve,247,pure_pursuit,3.0,210.66079711914062,-311.4391784667969,-177.31427001953125,0.05492318568855191,0.35,0.0,0.20441039689515372,-2.0959167480468746,20,22,5.497598529600147,114.5345398276391
193,9.65,ccurve,247,pure_pursuit,3.0,210.3860321044922,-311.4615478515625,-176.83880615234375,0.5060339917457084,0.35,0.0,0.47801405666109187,-2.571380615234365,20,23,5.524983436206003,114.79478171187593
194,9.700000000000001,ccurve,247,pure_pursuit,3.0,210.1118927001953,-311.48724365234375,-176.3063507080078,0.5077596737547518,0.35,0.0,0.7529543294040757,-3.1038360595703014,20,23,5.495478268891235,115.0558682587052
195,9.75,ccurve,247,pure_pursuit,3.0,209.8404998779297,-311.5237731933594,-175.33282470703125,0.48374283360943265,0.35,0.0,0.9896457227899672,-4.077362060546873,21,23,5.46998176397735,115.31888180601841
196,9.8,ccurve,247,pure_pursuit,3.0,209.57521057128906,-311.57427978515625,-173.83990478515625,0.4246210533515842,0.35,0.0,0.7368621369586779,-5.570281982421868,21,23,5.390160493433888,115.58199571932212
197,9.850000000000001,ccurve,247,pure_pursuit,3.0,209.31710815429688,-311.6400451660156,-171.89430236816406,0.9174217049461125,0.35,0.0,0.5156228309733835,-7.515884399414057,21,24,5.354744906553476,115.84471053046386
198,9.9,ccurve,247,pure_pursuit,3.0,209.06613159179688,-311.7191162109375,-169.6795654296875,0.8620269600007441,0.35,0.0,0.3764819219874047,-9.730621337890621,21,24,5.281488999162359,116.10627631248157
199,9.950000000000001,ccurve,247,pure_pursuit,3.0,208.82681274414062,-311.8153076171875,-167.01181030273438,0.7763349830589458,0.35,0.0,0.4110630334661909,-12.398376464843748,21,24,5.186277561829201,116.36406925063316
200,10.0,ccurve,247,pure_pursuit,3.0,208.60130310058594,-311.9305419921875,-163.88755798339844,0.6500859712783018,0.35,0.0,0.5844804999096871,-15.522628784179686,21,24,5.177665263772862,116.61688993062982
201,10.05,ccurve,247,pure_pursuit,3.0,208.38375854492188,-312.0684814453125,-160.5449676513672,1.0,0.35,0.0,0.8151721611934699,-18.865219116210927,21,25,5.324703269733159,116.87157141263049
202,10.100000000000001,ccurve,247,pure_pursuit,3.0,208.173828125,-312.2240295410156,-157.06434631347656,0.9669604767549819,0.35,0.0,0.8471771525564046,-0.3835906982421801,22,25,5.338452291262632,117.12640207027167
203,10.15,ccurve,247,pure_pursuit,3.0,207.98255920410156,-312.3941955566406,-153.2843475341797,0.8350180618288998,0.35,0.0,0.8641956847161251,-4.163589477539054,22,25,5.2557302798707966,117.3700963284176
204,10.200000000000001,ccurve,247,pure_pursuit,3.0,207.8097381591797,-312.58123779296875,-149.27072143554688,0.6590200716338261,0.35,0.0,0.97334155833856,-8.177215576171887,22,25,5.275467692923343,117.6038054857464
205,10.25,ccurve,247,pure_pursuit,3.0,207.64537048339844,-312.7817077636719,-145.4456787109375,0.45474850458960664,0.35,0.0,1.1443343873061504,-12.002258300781254,22,25,5.395028059365294,117.83532320139152
206,10.3,ccurve,247,pure_pursuit,3.0,207.47755432128906,-312.9889831542969,-142.2369842529297,1.0,0.35,0.0,1.149385338880541,8.630905151367191,23,26,5.48942130791399,118.07287437727065
207,10.350000000000001,ccurve,247,pure_pursuit,3.0,207.31153869628906,-313.1965637207031,-139.49168395996094,0.9904173098250991,0.35,0.0,1.156051209878436,5.885604858398439,23,26,5.31666406713169,118.30903004567116
208,10.4,ccurve,247,pure_pursuit,3.0,207.15863037109375,-313.4104919433594,-136.5060272216797,0.9053224062148351,0.35,0.0,1.2341332569532943,2.8999481201172053,23,26,5.325957175523138,118.53594235931345
209,10.450000000000001,ccurve,247,pure_pursuit,3.0,207.0279998779297,-313.6300048828125,-133.22434997558594,0.78970261423493,0.35,0.0,1.2666738724968438,19.833541870117188,24,26,5.210034447240126,118.74497024235455
210,10.5,ccurve,247,pure_pursuit,3.0,206.9212188720703,-313.8601989746094,-129.5823211669922,0.6280160283587761,0.35,0.0,1.2066078007484096,16.19151306152344,24,26,5.222415031541281,118.9368278352305
211,10.55,ccurve,247,pure_pursuit,3.0,206.82772827148438,-314.1004333496094,-126.04351043701172,0.9332790684261442,0.35,0.0,1.2148819730332667,12.652702331542978,24,27,5.337328288291474,119.1209504033915
212,10.600000000000001,ccurve,247,pure_pursuit,3.0,206.74513244628906,-314.3474426269531,-122.60149383544922,0.80959673476222,0.35,0.0,1.2889535988879963,9.210685729980478,24,27,5.261864672531659,119.2982321846246
213,10.65,ccurve,247,pure_pursuit,3.0,206.68360900878906,-314.596435546875,-118.89522552490234,0.6494333187108271,0.35,0.0,1.2728876865214966,25.081932067871087,25,27,5.257833665950609,119.45747480712572
214,10.700000000000001,ccurve,247,pure_pursuit,3.0,206.6381072998047,-314.85113525390625,-115.25547790527344,0.4629875224574169,0.35,0.0,1.1990567546994968,21.442184448242198,25,27,5.352140569989419,119.60487344437429
215,10.75,ccurve,247,pure_pursuit,3.0,206.59483337402344,-315.11260986328125,-112.15087127685547,0.28290876460843023,0.35,0.0,1.1821952728910698,18.33757781982422,25,27,5.443111073974518,119.75346343523877
216,10.8,ccurve,247,pure_pursuit,3.0,206.54641723632812,-315.3740539550781,-109.84379577636719,0.13723988901371956,0.35,0.0,1.2192095415901072,16.03050231933594,25,27,5.323798366261719,119.90710798791204
217,10.850000000000001,ccurve,247,pure_pursuit,3.0,206.48983764648438,-315.63629150390625,-108.32545471191406,0.03406151085326046,0.35,0.0,1.3041303685023269,14.512161254882816,25,27,5.433767930560002,120.06888046898145
218,10.9,ccurve,247,pure_pursuit,3.0,206.42494201660156,-315.8955993652344,-107.57825469970703,0.3835816151596979,0.35,0.0,1.2567148929312004,18.892707824707028,26,28,5.316963311518773,120.23732590075166
219,10.950000000000001,ccurve,247,pure_pursuit,3.0,206.35714721679688,-316.1554260253906,-107.05622863769531,0.37019044150131913,0.35,0.0,1.0487222942222327,18.370681762695305,26,28,5.419318378356999,120.4089737877404
220,11.0,ccurve,247,pure_pursuit,3.0,206.2975311279297,-316.4153137207031,-106.25718688964844,0.3389289963150267,0.35,0.0,0.8820616760836687,17.571640014648438,26,28,5.261841892342593,120.57360458923684
221,11.05,ccurve,247,pure_pursuit,3.0,206.25059509277344,-316.6772155761719,-104.95989990234375,0.2737041655446294,0.35,0.0,0.7861798955015333,16.274353027343743,26,28,5.378270013468425,120.72800432362887
222,11.100000000000001,ccurve,247,pure_pursuit,3.0,206.21240234375,-316.93841552734375,-103.54574584960938,0.194829134591878,0.35,0.0,0.7825495455532002,14.860198974609368,26,28,5.228207409891384,120.87459687330602
223,11.15,ccurve,247,pure_pursuit,3.0,206.1765899658203,-317.2018737792969,-102.30125427246094,0.12077011083072486,0.35,0.0,0.866989531048905,13.61570739746093,26,28,5.372182426428447,121.02041517218457
224,11.200000000000001,ccurve,247,pure_pursuit,3.0,206.14031982421875,-317.4647521972656,-101.41278076171875,0.06424690483916526,0.35,0.0,1.015305589920674,12.727233886718745,26,28,5.278457608402941,121.1668027486748
225,11.25,ccurve,247,pure_pursuit,3.0,206.10101318359375,-317.72845458984375,-100.83574676513672,0.025382911993983914,0.35,0.0,1.1421614609575015,12.150199890136717,27,28,5.390939802421959,121.31668679937478
226,11.3,ccurve,247,pure_pursuit,3.0,206.05873107910156,-317.991455078125,-100.57038879394531,0.26625979710854913,0.35,0.0,0.9006775183805209,11.884841918945304,27,29,5.279839823958826,121.46934166691469
227,11.350000000000001,ccurve,247,pure_pursuit,3.0,206.01773071289062,-318.2573547363281,-100.25739288330078,0.2601484342432519,0.35,0.0,0.6771316502101871,11.57184600830078,27,29,5.44791436546532,121.62250652022588
228,11.4,ccurve,247,pure_pursuit,3.0,205.9864959716797,-318.52349853515625,-99.54664611816406,0.22771543245821219,0.35,0.0,0.5095754584772335,10.861099243164059,27,29,5.335669901738604,121.7674101620918
229,11.450000000000001,ccurve,247,pure_pursuit,3.0,205.96456909179688,-318.79150390625,-98.48749542236328,0.1701464151320997,0.35,0.0,0.46164556572189663,9.801948547363276,27,29,5.436245464814279,121.9052010276488
230,11.5,ccurve,247,pure_pursuit,3.0,205.9467010498047,-319.0595703125,-97.52860260009766,0.11374624597465835,0.35,0.0,0.56102245123864,8.843055725097656,27,29,5.321681542614406,122.03981750923533
231,11.55,ccurve,247,pure_pursuit,3.0,205.92872619628906,-319.3308410644531,-96.7855224609375,0.06743514327114039,0.35,0.0,0.7514228096422501,8.099975585937491,27,29,5.5097676711063395,122.17639793242651
232,11.600000000000001,ccurve,247,pure_pursuit,3.0,205.9094696044922,-319.6023254394531,-96.30313110351562,0.034934966673751934,0.35,0.0,0.9806668073915481,7.6175842285156135,27,29,5.424446302546837,122.31467229757355
233,11.65,ccurve,247,pure_pursuit,3.0,205.88780212402344,-319.8756408691406,-96.00225067138672,0.16812737211091228,0.35,0.0,0.8937216202827181,7.316673278808596,28,30,5.536112719875062,122.45637142578293
234,11.700000000000001,ccurve,247,pure_pursuit,3.0,205.8686065673828,-320.14837646484375,-95.67351531982422,0.1545468276749344,0.35,0.0,0.6387208847248026,6.987937927246071,28,30,5.40208998799102,122.59605158171232
235,11.75,ccurve,247,pure_pursuit,3.0,205.856201171875,-320.4231262207031,-95.04943084716797,0.12091941537464167,0.35,0.0,0.41179467452135654,6.363853454589867,28,30,5.5632504002441845,122.73103445965985
236,11.8,ccurve,247,pure_pursuit,3.0,205.84735107421875,-320.6976623535156,-94.42483520507812,0.08437461769359586,0.35,0.0,0.29073224735808956,5.739257812500008,28,30,5.475906497799555,122.86321929772427
237,11.850000000000001,ccurve,247,pure_pursuit,3.0,205.83897399902344,-320.9741516113281,-93.88472747802734,0.05126828656324235,0.35,0.0,0.3894659827591147,5.19915008544922,28,30,5.587254721333096,122.99634374806959
238,11.9,ccurve,247,pure_pursuit,3.0,205.83013916015625,-321.25030517578125,-93.54100799560547,0.028306681083247336,0.35,0.0,0.6093102766168198,4.855430603027365,28,30,5.465553268561373,123.13019938238577
239,11.950000000000001,ccurve,247,pure_pursuit,3.0,205.81956481933594,-321.52886962890625,-93.33846282958984,0.013597972530112537,0.35,0.0,0.864035581718934,4.652885437011723,28,30,5.638262603738148,123.26718080228234
240,12.0,ccurve,247,pure_pursuit,3.0,205.8076934814453,-321.80718994140625,-93.26608276367188,0.10332937007965642,0.35,0.0,0.9211923449054644,4.580505371093744,29,31,5.5481065213629455,123.40567864833743
241,12.05,ccurve,247,pure_pursuit,3.0,205.79794311523438,-322.08709716796875,-93.05086517333984,0.09405467941960126,0.35,0.0,0.6482944567733335,4.365287780761747,29,31,5.6474914703803565,123.5435024347774
242,12.100000000000001,ccurve,247,pure_pursuit,3.0,205.79290771484375,-322.36614990234375,-92.68694305419922,0.07384446936493985,0.35,0.0,0.3888617775280639,4.001365661621105,29,31,5.520725170433523,123.67723389062937
243,12.15,ccurve,247,pure_pursuit,3.0,205.78965759277344,-322.6475830078125,-92.3033676147461,0.05105934700866642,0.35,0.0,0.19574801109666626,3.6177902221679457,29,31,5.690796879662116,123.81097931995265
244,12.200000000000001,ccurve,247,pure_pursuit,3.0,205.78680419921875,-322.92877197265625,-92.01848602294922,0.03284463001210448,0.35,0.0,0.2896346023969769,3.332908630371123,29,31,5.602123613480794,123.94475469759017
245,12.25,ccurve,247,pure_pursuit,3.0,205.7832794189453,-323.2117614746094,-91.79994201660156,0.018216622196791075,0.35,0.0,0.5377615777052029,3.1143646240234175,29,31,5.70956603601376,124.0804611737433
246,12.3,ccurve,247,pure_pursuit,3.0,205.77899169921875,-323.49407958984375,-91.7064208984375,0.010471046303943242,0.35,0.0,0.8082996976300625,3.02084350585935,29,31,5.586975331784416,124.21702078636082
247,12.350000000000001,ccurve,247,pure_pursuit,3.0,205.77362060546875,-323.7786865234375,-91.66671752929688,0.06814140936863126,0.35,0.0,0.9344725230056726,2.98114013671876,30,32,5.753226104831663,124.35610855259837
248,12.4,ccurve,247,pure_pursuit,3.0,205.7703094482422,-324.0628662109375,-91.54998016357422,0.0628374589956367,0.35,0.0,0.6533350586474324,2.864402770996099,30,32,5.658978461021295,124.49367593498951
249,12.450000000000001,ccurve,247,pure_pursuit,3.0,205.76974487304688,-324.34857177734375,-91.283203125,0.04772689577311478,0.35,0.0,0.37624713927360465,2.597625732421887,30,32,5.763262604696026,124.63005179586186
250,12.5,ccurve,247,pure_pursuit,3.0,205.77040100097656,-324.63360595703125,-91.0583724975586,0.03380404554216632,0.35,0.0,0.1411535674142799,2.3727951049804803,30,32,5.641268357135481,124.76553969546504
251,12.55,ccurve,247,pure_pursuit,3.0,205.77096557617188,-324.9208984375,-90.8755111694336,0.021880251802474743,0.35,0.0,0.24844583440767026,2.1899337768554488,30,32,5.805354113019839,124.90269542589778
252,12.600000000000001,ccurve,247,pure_pursuit,3.0,205.77122497558594,-325.2079162597656,-90.77865600585938,0.014451876689357768,0.35,0.0,0.5179280124081658,2.093078613281251,30,32,5.716066483108698,125.04049589250403
253,12.65,ccurve,247,pure_pursuit,3.0,205.77069091796875,-325.4965515136719,-90.7044677734375,0.008567671938573478,0.35,0.0,0.8011843296351887,2.0188903808593768,30,32,5.820998833447727,125.18027939423571
254,12.700000000000001,ccurve,247,pure_pursuit,3.0,205.76976013183594,-325.7845153808594,-90.7060546875,0.047802949205321014,0.35,0.0,0.9227628848193855,2.0204772949218994,31,33,5.699141299662688,125.32059280424626
255,12.75,ccurve,247,pure_pursuit,3.0,205.77020263671875,-326.0744934082031,-90.60940551757812,0.04299707108665334,0.35,0.0,0.6342498304935303,1.923828125000027,31,33,5.856954907877037,125.4611918983825
256,12.8,ccurve,247,pure_pursuit,3.0,205.7725372314453,-326.36407470703125,-90.46672821044922,0.03445019408334092,0.35,0.0,0.3489859622914314,1.781150817871096,31,33,5.767544937850967,125.60045853607956
257,12.850000000000001,ccurve,247,pure_pursuit,3.0,205.775390625,-326.65521240234375,-90.294921875,0.023824936487139726,0.35,0.0,0.09467854216665311,1.6093444824218555,31,33,5.87131099724797,125.74054938980538
258,12.9,ccurve,247,pure_pursuit,3.0,205.7783966064453,-326.9456787109375,-90.196533203125,0.01676016685591709,0.35,0.0,0.25568801159007354,1.5109558105468983,31,33,5.750166440011323,125.88069436215403
259,12.950000000000001,ccurve,247,pure_pursuit,3.0,205.78094482421875,-327.2382507324219,-90.126953125,0.011332565600087236,0.35,0.0,0.5410298998013332,1.4413757324218763,31,33,5.90804032330385,126.02279153264274
260,13.0,ccurve,247,pure_pursuit,3.0,205.78314208984375,-327.53045654296875,-90.11587524414062,0.009045715444445424,0.35,0.0,0.8310188718310785,1.430297851562516,31,33,5.81869712199492,126.16553033194943
261,13.05,ccurve,247,pure_pursuit,3.0,205.78477478027344,-327.8241271972656,-90.0966796875,0.03473050752423842,0.35,0.0,0.880673392046125,1.4111022949218894,32,34,5.921494443947879,126.31000254378428
262,13.100000000000001,ccurve,247,pure_pursuit,3.0,205.78761291503906,-328.1170349121094,-90.05547332763672,0.03253211819629178,0.35,0.0,0.5885482742176371,1.3698959350585818,32,34,5.799362188676224,126.4535663472399
263,13.15,ccurve,247,pure_pursuit,3.0,205.79159545898438,-328.4119567871094,-89.94493865966797,0.025836281270230636,0.35,0.0,0.29620180732747176,1.2593612670898686,32,34,5.954238364838384,126.59766420923276
264,13.200000000000001,ccurve,247,pure_pursuit,3.0,205.796142578125,-328.7063903808594,-89.86001586914062,0.019951656886852794,0.35,0.0,0.0559588977076366,1.1744384765624765,32,34,5.8651910672986665,126.74155108538386
265,13.25,ccurve,247,pure_pursuit,3.0,205.80052185058594,-329.0024108886719,-89.7666244506836,0.013548676250114399,0.35,0.0,0.3047560987521406,1.0810470581054532,32,34,5.966867319046577,126.88690396132002
266,13.3,ccurve,247,pure_pursuit,3.0,205.80479431152344,-329.297607421875,-89.73882293701172,0.010485727130700393,0.35,0.0,0.5974299533799654,1.0532455444335773,32,34,5.8465861363546905,127.03245529928834
267,13.350000000000001,ccurve,247,pure_pursuit,3.0,205.80859375,-329.59478759765625,-89.7200927734375,0.008085886084080058,0.35,0.0,0.8937302715253611,1.034515380859365,32,34,5.999170036213789,127.17994081138892
268,13.4,ccurve,247,pure_pursuit,3.0,205.81216430664062,-329.89154052734375,-89.74193572998047,0.02797753124557645,0.35,0.0,0.8120328353652485,1.0563583374023358,33,35,5.909880641687564,127.32792824431215
269,13.450000000000001,ccurve,247,pure_pursuit,3.0,205.81643676757812,-330.1897277832031,-89.68258666992188,0.02467865250666105,0.15,0.0,0.5143221686404056,0.9970092773437514,33,35,6.009840189671449,127.47656560094649
270,13.5,ccurve,247,pure_pursuit,3.0,205.8217010498047,-330.48687744140625,-89.62557220458984,0.02075604547428706,0.35,0.0,0.21918574640441674,0.9399948120117106,33,35,5.88245576664099,127.62434285195215
271,13.55,ccurve,247,pure_pursuit,3.0,205.82708740234375,-330.7845153808594,-89.54979705810547,0.015608583299419066,0.35,0.0,0.09109311637077337,0.8642196655273146,33,35,5.994381680099215,127.77278736062296
272,13.600000000000001,ccurve,247,pure_pursuit,3.0,205.83251953125,-331.08013916015625,-89.51947021484375,0.012642596664681297,0.35,0.0,0.3798286591227776,0.8338928222656156,33,35,5.875249370749567,127.92067215121614
273,13.65,ccurve,247,pure_pursuit,3.0,205.83761596679688,-331.3763732910156,-89.47728729248047,0.009119577500781717,0.35,0.0,0.67518460958653,0.7917098999023413,33,35,5.965989741858802,128.0696723329091
274,13.700000000000001,ccurve,247,pure_pursuit,3.0,205.8425750732422,-331.6712951660156,-89.48831176757812,0.008308155822791432,0.35,0.0,0.9697844246987614,0.8027343749999895,33,35,5.838415946667014,128.2186185497995
275,13.75,ccurve,247,pure_pursuit,3.0,205.84718322753906,-331.9678955078125,-89.4937744140625,0.022423477628251982,0.35,0.0,0.734898057697724,0.8081970214843883,34,36,5.986217690724318,128.36924513904808
276,13.8,ccurve,247,pure_pursuit,3.0,205.8524169921875,-332.2638854980469,-89.48870849609375,0.021846356540072526,0.35,0.0,0.43922597524656914,0.8031311035156454,34,36,5.894562621241107,128.51952726763574
277,13.850000000000001,ccurve,247,pure_pursuit,3.0,205.85818481445312,-332.5612487792969,-89.4202880859375,0.017469152654896854,0.35,0.0,0.14379205671600837,0.7347106933593465,34,36,5.994964295611101,128.67058198948823
278,13.9,ccurve,247,pure_pursuit,3.0,205.86428833007812,-332.8578186035156,-89.387451171875,0.014599900945515368,0.35,0.0,0.15850522490386112,0.7018737792968707,34,36,5.874574857542568,128.82144279297586
279,13.950000000000001,ccurve,247,pure_pursuit,3.0,205.87026977539062,-333.1563720703125,-89.3496322631836,0.01140876149212427,0.15,0.0,0.45534633951234255,0.6640548706054563,34,36,6.025423974514443,128.97396177420075
280,14.0,ccurve,247,pure_pursuit,3.0,205.87615966796875,-333.45416259765625,-89.34979248046875,0.010102638198161202,0.35,0.0,0.752822129227379,0.6642150878906437,34,36,5.921074192535553,129.1266641149898
281,14.05,ccurve,247,pure_pursuit,3.0,205.88172912597656,-333.7520751953125,-89.32909393310547,0.018489767042359946,0.35,0.0,0.9500199888347515,0.6435165405273502,35,37,5.991825563934038,129.28020856563398
282,14.100000000000001,ccurve,247,pure_pursuit,3.0,205.8876953125,-334.047607421875,-89.32564544677734,0.017835378360962766,0.35,0.0,0.6545535183857493,0.6400680541992217,35,37,5.847870263651224,129.43265081223777
283,14.15,ccurve,247,pure_pursuit,3.0,205.89398193359375,-334.34405517578125,-89.28585815429688,0.014965854815903491,0.35,0.0,0.3583939474718486,0.6002807617187769,35,37,5.980183509378965,129.58580751336223
284,14.200000000000001,ccurve,247,pure_pursuit,3.0,205.90042114257812,-334.6394958496094,-89.27388763427734,0.013342786392161844,0.35,0.0,0.0665254032300416,0.5883102416992033,35,37,5.882071371372641,129.73879152946253
285,14.25,ccurve,247,pure_pursuit,3.0,205.90670776367188,-334.93621826171875,-89.23687744140625,0.010370940677573232,0.35,0.0,0.23589843956005654,0.551300048828147,35,37,5.981060285657081,129.89308666871142
286,14.3,ccurve,247,pure_pursuit,3.0,205.9129638671875,-335.2320251464844,-89.24531555175781,0.00966575116672807,0.35,0.0,0.5310975578758137,0.5597381591796862,35,37,5.85925164267531,130.04740706460714
287,14.350000000000001,ccurve,247,pure_pursuit,3.0,205.9189453125,-335.52978515625,-89.24431610107422,0.008536313036082451,0.15,0.0,0.8287156391089096,0.5587387084960994,35,37,6.009980342438071,130.20350622580727
288,14.4,ccurve,247,pure_pursuit,3.0,205.92481994628906,-335.8267822265625,-89.27145385742188,0.01800338996880111,0.35,0.0,0.8747870290378846,0.5858764648437585,36,38,5.905253099303773,130.35977379411872
289,14.450000000000001,ccurve,247,pure_pursuit,3.0,205.930908203125,-336.1238708496094,-89.24118041992188,0.016015561387357824,0.35,0.0,0.577742077859606,0.5556030273437209,36,38,5.975913154176694,130.51640119561065
290,14.5,ccurve,247,pure_pursuit,3.0,205.93746948242188,-336.41864013671875,-89.23009490966797,0.014631304899196134,0.35,0.0,0.2832608184748856,0.5445175170898375,36,38,5.831880621247267,130.67185228074652
291,14.55,ccurve,247,pure_pursuit,3.0,205.94403076171875,-336.71429443359375,-89.20030975341797,0.012144658364649903,0.35,0.0,0.023941215091451924,0.5147323608398341,36,38,5.965175080956759,130.82826849169325
292,14.600000000000001,ccurve,247,pure_pursuit,3.0,205.9506378173828,-337.0090026855469,-89.2037582397461,0.011234743764875014,0.35,0.0,0.30860747083509416,0.5181808471679625,36,38,5.867106139326989,130.98460701190973
293,14.65,ccurve,247,pure_pursuit,3.0,205.9569854736328,-337.30499267578125,-89.18157958984375,0.00902142078882914,0.35,0.0,0.604338552459332,0.4960021972656219,36,38,5.966472371898627,131.14234515939052
294,14.700000000000001,ccurve,247,pure_pursuit,3.0,205.9633026123047,-337.6000671386719,-89.20171356201172,0.008882718852479914,0.35,0.0,0.8993686018398754,0.5161361694336,36,38,5.844466778932687,131.30008031631817
295,14.75,ccurve,247,pure_pursuit,3.0,205.96932983398438,-337.89715576171875,-89.20877075195312,0.016363674650701987,0.35,0.0,0.8038941008944523,0.5231933593749932,37,39,5.9959879184499805,131.459647473482
296,14.8,ccurve,247,pure_pursuit,3.0,205.9757537841797,-338.1936950683594,-89.21916961669922,0.01641655168437113,0.35,0.0,0.507391631656368,0.5335922241210906,37,39,5.906153833170005,131.61905676138315
297,14.850000000000001,ccurve,247,pure_pursuit,3.0,205.9823455810547,-338.49163818359375,-89.17864990234375,0.013580700855407803,0.15,0.0,0.2097970106355347,0.4930725097656199,37,39,6.006884988429098,131.77958478481187
298,14.9,ccurve,247,pure_pursuit,3.0,205.98919677734375,-338.78863525390625,-89.17312622070312,0.0122919685802276,0.35,0.0,0.08974337672291376,0.48754882812498584,37,39,5.879505755825575,131.93984630220717
299,14.950000000000001,ccurve,247,pure_pursuit,3.0,205.99583435058594,-339.0860900878906,-89.15208435058594,0.010199778507178034,0.35,0.0,0.3859305962845672,0.4665069580077993,37,39,5.991521112011699,132.10101515290023
300,15.0,ccurve,247,pure_pursuit,3.0,206.00245666503906,-339.38153076171875,-89.16607666015625,0.00978306386925166,0.35,0.0,0.6812720410651345,0.48049926757811556,37,39,5.8722570562791,132.26153625704953
301,15.05,ccurve,247,pure_pursuit,3.0,206.0087890625,-339.6775817871094,-89.153564453125,0.00802918144720628,0.35,0.0,0.9773166081359322,0.46798706054689726,37,39,5.963135472762188,132.42310597729877
302,15.100000000000001,ccurve,247,pure_pursuit,3.0,206.0150604248047,-339.9722900390625,-89.1815185546875,0.015945873119547444,0.35,0.0,0.72824111066928,0.4959411621093867,38,40,5.835489559828459,132.58443084119057
303,15.15,ccurve,247,pure_pursuit,3.0,206.02154541015625,-340.26873779296875,-89.17141723632812,0.014922968044344573,0.35,0.0,0.4318352765807637,0.4858398437499931,38,40,5.983258513101731,132.74702506004155
304,15.200000000000001,ccurve,247,pure_pursuit,3.0,206.02835083007812,-340.5646057128906,-89.17111206054688,0.014108106684779865,0.35,0.0,0.13652971090247965,0.48553466796876626,38,40,5.891993713214669,132.90948853542938
305,15.25,ccurve,247,pure_pursuit,3.0,206.0351104736328,-340.86187744140625,-89.1356201171875,0.011351049765114462,0.35,0.0,0.16253162738779706,0.4500427246093723,38,40,5.992648711504841,133.07325007670664
306,15.3,ccurve,247,pure_pursuit,3.0,206.04196166992188,-341.1583251953125,-89.14071655273438,0.010521284257492559,0.35,0.0,0.45855727843748406,0.45513916015625816,38,40,5.872233412648961,133.23692763174859
307,15.350000000000001,ccurve,247,pure_pursuit,3.0,206.048583984375,-341.4566650390625,-89.1346664428711,0.009143458328665446,0.15,0.0,0.7568566727105084,0.44908905029297463,38,40,6.023171772708782,133.4023359052808
308,15.4,ccurve,247,pure_pursuit,3.0,206.05514526367188,-341.7543640136719,-89.15713500976562,0.015607664474327572,0.35,0.0,0.9456382695792479,0.4715576171874961,39,41,5.918825440356123,133.5678875437742
309,15.450000000000001,ccurve,247,pure_pursuit,3.0,206.061767578125,-342.05206298828125,-89.13115692138672,0.013748012311897834,0.35,0.0,0.6479188134692507,0.445579528808611,39,41,5.989490608273767,133.73384738469537
310,15.5,ccurve,247,pure_pursuit,3.0,206.06871032714844,-342.347412109375,-89.13040161132812,0.012911447678783786,0.35,0.0,0.3526456478914255,0.444824218750016,39,41,5.845761370827907,133.89864419276233
311,15.55,ccurve,247,pure_pursuit,3.0,206.0755615234375,-342.64385986328125,-89.11132049560547,0.011066353987681889,0.35,0.0,0.05788438273313306,0.42574310302733687,39,41,5.978284461844694,134.06460063215718
312,15.600000000000001,ccurve,247,pure_pursuit,3.0,206.0824432373047,-342.9393005371094,-89.12335205078125,0.010709762225958763,0.35,0.0,0.2402434463649109,0.4377746582030948,39,41,5.88013913110537,134.2303970896675
313,15.65,ccurve,247,pure_pursuit,3.0,206.08905029296875,-343.2359313964844,-89.10668182373047,0.008913792968865237,0.35,0.0,0.5366632049757306,0.42110443115234214,39,41,5.979230224772931,134.39755524230108
314,15.700000000000001,ccurve,247,pure_pursuit,3.0,206.09567260742188,-343.5316467285156,-89.12955474853516,0.009026019598784156,0.35,0.0,0.832371492312245,0.4439773559570427,39,41,5.857381468739876,134.56461303031537
315,15.75,ccurve,247,pure_pursuit,3.0,206.10211181640625,-343.82928466796875,-89.13687133789062,0.014775856799539487,0.15,0.0,0.8701935064623522,0.45129394531247374,40,42,6.008227039456627,134.7333868749095
316,15.8,ccurve,247,pure_pursuit,3.0,206.1088104248047,-344.1261901855469,-89.15087890625,0.014995520818720841,0.35,0.0,0.5732747766062857,0.46530151367188693,40,42,5.903421900976744,134.90196672958325
317,15.850000000000001,ccurve,247,pure_pursuit,3.0,206.11561584472656,-344.4231262207031,-89.11702728271484,0.01251377336179012,0.35,0.0,0.27646269218028013,0.4314498901367274,40,42,5.9743058409855125,135.0709207343514
318,15.9,ccurve,247,pure_pursuit,3.0,206.12257385253906,-344.71771240234375,-89.11788940429688,0.011630474883753752,0.35,0.0,0.023817522981292142,0.4323120117187468,40,42,5.830302414726973,135.23880697656946
319,15.950000000000001,ccurve,247,pure_pursuit,3.0,206.12936401367188,-345.0133972167969,-89.10485076904297,0.010013578829062392,0.35,0.0,0.3147108801596488,0.4192733764648282,40,42,5.963662692755966,135.40791115755943
320,16.0,ccurve,247,pure_pursuit,3.0,206.13616943359375,-345.3080139160156,-89.12359619140625,0.009899347912865113,0.35,0.0,0.6092368742704265,0.4380187988281374,40,42,5.865567351827463,135.5768043659694
321,16.05,ccurve,247,pure_pursuit,3.0,206.14271545410156,-345.60394287109375,-89.11299896240234,0.008287700494344859,0.35,0.0,0.9051742737303068,0.4274215698242374,40,42,5.964999186354491,135.74711539984193
322,16.1,ccurve,247,pure_pursuit,3.0,206.1492156982422,-345.89892578125,-89.14089965820312,0.015102865810014243,0.35,0.0,0.8000279966033941,0.45532226562501465,41,43,5.842974994032932,135.9173310961515
323,16.150000000000002,ccurve,247,pure_pursuit,3.0,206.15585327148438,-346.19586181640625,-89.13292694091797,0.014191351008604393,0.35,0.0,0.503089524998726,0.4473495483398389,41,43,5.994428219322636,136.08902922069387
324,16.2,ccurve,247,pure_pursuit,3.0,206.16281127929688,-346.4923095703125,-89.13594818115234,0.013557764251213841,0.35,0.0,0.2068601415131771,0.45037078857421914,41,43,5.904737156790195,136.26060949323093
325,16.25,ccurve,247,pure_pursuit,3.0,206.16970825195312,-346.7901611328125,-89.10385131835938,0.01099957454235245,0.15,0.0,0.09270729543095106,0.41827392578124145,41,43,6.005564058321025,136.43350923540683
326,16.3,ccurve,247,pure_pursuit,3.0,206.17665100097656,-347.0870666503906,-89.11190032958984,0.010388789122425336,0.35,0.0,0.3888332568644925,0.42632293701174934,41,43,5.878179282978131,136.6062346084205
327,16.35,ccurve,247,pure_pursuit,3.0,206.183349609375,-347.384521484375,-89.10399627685547,0.008975264145848247,0.35,0.0,0.6862421064705101,0.4184188842773318,41,43,5.990269064230254,136.77991254743563
328,16.400000000000002,ccurve,247,pure_pursuit,3.0,206.19000244140625,-347.6799621582031,-89.12826538085938,0.009091131404992509,0.35,0.0,0.9817099201475666,0.44268798828122424,41,43,5.870989302835882,136.95283660760722
329,16.45,ccurve,247,pure_pursuit,3.0,206.1963653564453,-347.97589111328125,-89.12271118164062,0.01431306404004839,0.35,0.0,0.7225390577659146,0.437133789062498,42,44,5.961917595089043,137.1267058010921
330,16.5,ccurve,247,pure_pursuit,3.0,206.20306396484375,-348.2705078125,-89.13774871826172,0.014558366221246897,0.35,0.0,0.42793658481447183,0.4521713256835901,42,44,5.834103533100318,137.29992989414635
331,16.55,ccurve,247,pure_pursuit,3.0,206.2098846435547,-348.5668640136719,-89.12026977539062,0.012925175246640956,0.35,0.0,0.13200909933806387,0.43469238281253025,42,44,5.982169730680493,137.47452835248063
332,16.6,ccurve,247,pure_pursuit,3.0,206.21690368652344,-348.8626403808594,-89.12468719482422,0.012184380617009083,0.35,0.0,0.16518597863547121,0.43910980224610235,42,44,5.890897779537036,137.64903306080606
333,16.650000000000002,ccurve,247,pure_pursuit,3.0,206.2237091064453,-349.1597900390625,-89.09881591796875,0.009871894967531573,0.35,0.0,0.46202484983830394,0.4132385253906416,42,44,5.991598894958322,137.8249599731963
334,16.7,ccurve,247,pure_pursuit,3.0,206.2305450439453,-349.4562072753906,-89.11373138427734,0.0095219018718087,0.35,0.0,0.7584374311425107,0.4281539916992124,42,44,5.871156290531365,138.00083022450647
335,16.75,ccurve,247,pure_pursuit,3.0,206.23712158203125,-349.7545166015625,-89.11566162109375,0.014366589334766785,0.15,0.0,0.943391472110494,0.4300842285156277,43,45,6.022145054454829,138.1784786863723
336,16.8,ccurve,247,pure_pursuit,3.0,206.2439727783203,-350.0521545410156,-89.12799072265625,0.014460475741407184,0.35,0.0,0.6457221063952682,0.4424133300781404,43,45,5.917739977209235,138.35591307205212
337,16.85,ccurve,247,pure_pursuit,3.0,206.2509002685547,-350.3498229980469,-89.09548950195312,0.012033223803382872,0.35,0.0,0.3481046341456543,0.4099121093749836,43,45,5.988494620356553,138.53371873967936
338,16.900000000000002,ccurve,247,pure_pursuit,3.0,206.25794982910156,-350.6452331542969,-89.09848022460938,0.01127151628587269,0.35,0.0,0.054235336795923496,0.4129028320312208,43,45,5.844779804873632,138.71044467735433
339,16.95,ccurve,247,pure_pursuit,3.0,206.26480102539062,-350.9415588378906,-89.08743286132812,0.009791779091859147,0.35,0.0,0.24449385648073355,0.40185546875000355,43,45,5.977359038753324,138.88829695870174
340,17.0,ccurve,247,pure_pursuit,3.0,206.2716522216797,-351.2369079589844,-89.10775756835938,0.009816336145931371,0.35,0.0,0.5396952554331756,0.42218017578126105,43,45,5.879213242410452,139.06594771094868
341,17.05,ccurve,247,pure_pursuit,3.0,206.27821350097656,-351.5334777832031,-89.0980224609375,0.008341609394917002,0.35,0.0,0.8362654669016722,0.4124450683593805,43,45,5.978340743187851,139.24498459836911
342,17.1,ccurve,247,pure_pursuit,3.0,206.28477478027344,-351.82916259765625,-89.12596893310547,0.014755440249711566,0.35,0.0,0.8682153952648098,0.44039154052734686,44,46,5.856470609475222,139.42387134361107
343,17.150000000000002,ccurve,247,pure_pursuit,3.0,206.29150390625,-352.126708984375,-89.11873626708984,0.013866749713936744,0.15,0.0,0.5706486440071601,0.4331588745117201,44,46,6.007196603656657,139.60418659233596
344,17.2,ccurve,247,pure_pursuit,3.0,206.2985076904297,-352.423583984375,-89.12265014648438,0.013296608248491677,0.35,0.0,0.2738820447361752,0.43707275390626277,44,46,5.902486687257893,139.7842686026967
345,17.25,ccurve,247,pure_pursuit,3.0,206.30540466308594,-352.7204895019531,-89.09133911132812,0.010814098180130335,0.35,0.0,0.02736399105766039,0.40576171875002315,44,46,5.973430674844704,139.96485130261493
346,17.3,ccurve,247,pure_pursuit,3.0,206.31236267089844,-353.01507568359375,-89.09976196289062,0.010232018102059086,0.35,0.0,0.31845026240075963,0.4141845703125162,44,46,5.829438577074882,140.1443259744078
347,17.35,ccurve,247,pure_pursuit,3.0,206.31906127929688,-353.3106994628906,-89.09529876708984,0.0090347874216266,0.35,0.0,0.6139936548159243,0.4097213745117041,44,46,5.96285030232015,140.32504466033612
348,17.400000000000002,ccurve,247,pure_pursuit,3.0,206.3257598876953,-353.6053161621094,-89.12142181396484,0.009266921184252576,0.35,0.0,0.9086322898431934,0.4358444213867304,44,46,5.864760135383694,140.50551788111844
349,17.45,ccurve,247,pure_pursuit,3.0,206.33213806152344,-353.9012145996094,-89.11630249023438,0.014226047719528626,0.35,0.0,0.7956365991282182,0.4307250976562754,45,47,5.96422842087129,140.68743541739352
350,17.5,ccurve,247,pure_pursuit,3.0,206.3388671875,-354.1961669921875,-89.1314926147461,0.01448903043215867,0.35,0.0,0.5006762753947493,0.44591522216798096,45,47,5.84204306644969,140.86886903154846
351,17.55,ccurve,247,pure_pursuit,3.0,206.34576416015625,-354.4930419921875,-89.11437225341797,0.012857707050693265,0.35,0.0,0.20399987788352308,0.4287948608398601,45,47,5.993704260321331,141.05177696617483
352,17.6,ccurve,247,pure_pursuit,3.0,206.35276794433594,-354.78936767578125,-89.11873626708984,0.012171068095844388,0.35,0.0,0.09392182181380154,0.4331588745117201,45,47,5.9053012932034505,141.234640602463
353,17.650000000000002,ccurve,247,pure_pursuit,3.0,206.35960388183594,-355.0871887207031,-89.0930404663086,0.009896512143564885,0.15,0.0,0.3910243675043443,0.40746307373044194,45,47,6.007695446205655,141.418971342658
354,17.7,ccurve,247,pure_pursuit,3.0,206.366455078125,-355.3839416503906,-89.10821533203125,0.009606405950719942,0.35,0.0,0.6877492060490009,0.4226379394531014,45,47,5.885771627854619,141.6029950638522
355,17.75,ccurve,247,pure_pursuit,3.0,206.37306213378906,-355.6812438964844,-89.10588836669922,0.008424030893132428,0.35,0.0,0.9850785384735854,0.42031097412108104,45,47,5.996936262157974,141.78794044700695
356,17.8,ccurve,247,pure_pursuit,3.0,206.37962341308594,-355.9765625,-89.13458251953125,0.0926052337267478,0.35,0.0,0.7197629805827052,0.44900512695311945,46,48,5.880222748974,141.97203129314258
357,17.85,ccurve,247,pure_pursuit,3.0,206.38909912109375,-356.2723388671875,-88.9674072265625,0.08668441939050578,0.35,0.0,0.42403147912537603,0.28182983398435046,46,48,5.964499164828655,142.1545578059197
358,17.900000000000002,ccurve,247,pure_pursuit,3.0,206.4033966064453,-356.56634521484375,-88.63224792480469,0.06834052985707616,0.35,0.0,0.1316374706561077,-0.05332946777344377,46,48,5.832851900513916,142.33263584277842
359,17.95,ccurve,247,pure_pursuit,3.0,206.4198455810547,-356.862060546875,-88.2623291015625,0.04622635328641895,0.35,0.0,0.16988800865067477,-0.42324829101560607,46,48,5.985027340512821,142.51055692610163
360,18.0,ccurve,247,pure_pursuit,3.0,206.436767578125,-357.1573791503906,-87.99032592773438,0.02839633445785662,0.35,0.0,0.4642378611002824,-0.6952514648437486,46,48,5.892604063939813,142.68825354630187
361,18.05,ccurve,247,pure_pursuit,3.0,206.45314025878906,-357.4542541503906,-87.78632354736328,0.3286428138607981,0.35,0.0,0.7612158131305029,-0.8992538452148682,46,49,5.993494952652484,142.86776784925183
362,18.1,ccurve,247,pure_pursuit,3.0,206.47286987304688,-357.7497863769531,-87.49144744873047,0.33072184783283304,0.35,0.0,0.9470275679321866,-1.1941299438476602,47,49,5.862638879006487,143.04424894799865
363,18.150000000000002,ccurve,247,pure_pursuit,3.0,206.50350952148438,-358.0445251464844,-86.68201446533203,0.3007963941172633,0.35,0.0,0.6555596735915563,-2.003562927246104,47,49,5.9533336455905355,143.21231780664996
364,18.2,ccurve,247,pure_pursuit,3.0,206.54745483398438,-358.3343200683594,-85.40857696533203,0.23673002163947507,0.35,0.0,0.38054604510126955,-3.2770004272460933,47,49,5.833133548465676,143.3674851876659
365,18.25,ccurve,247,pure_pursuit,3.0,206.59982299804688,-358.62353515625,-84.01265716552734,0.15779266014523627,0.35,0.0,0.18600147485584922,-4.6729202270508,47,49,5.932764741408575,143.5163228875799
366,18.3,ccurve,247,pure_pursuit,3.0,206.65505981445312,-358.91229248046875,-82.88337707519531,0.5293341768216399,0.35,0.0,0.3134437960585897,-5.802200317382812,47,50,5.827670468425814,143.66313807843173
367,18.35,ccurve,247,pure_pursuit,3.0,206.71600341796875,-359.20147705078125,-81.75010681152344,0.49460843596160203,0.35,0.0,0.5817585322604795,-6.935470581054697,47,50,5.951249154106693,143.80637359012135
368,18.400000000000002,ccurve,247,pure_pursuit,3.0,206.78941345214844,-359.4842529296875,-80.25090026855469,0.43424561546323026,0.35,0.0,0.8671911267471081,-8.434677124023445,47,50,5.808014841550899,143.9364629979909
369,18.45,ccurve,247,pure_pursuit,3.0,206.87802124023438,-359.7590026855469,-78.24439239501953,0.33491281128544753,0.35,0.0,0.6603020085299265,0.6280593872070329,48,50,5.818216613954546,144.0503022758533
370,18.5,ccurve,247,pure_pursuit,3.0,206.97618103027344,-360.0286560058594,-76.27265930175781,0.22466968349833363,0.35,0.0,0.5097405943169567,-1.3436737060546797,48,50,5.716852101567196,144.15408819977256
371,18.55,ccurve,247,pure_pursuit,3.0,207.07896423339844,-360.3005676269531,-74.6263427734375,0.6593427494023758,0.35,0.0,0.5027517274697691,-2.989990234374989,48,51,5.9009278809931125,144.25639281855902
372,18.6,ccurve,247,pure_pursuit,3.0,207.1871795654297,-360.5700988769531,-73.12211608886719,0.6151974472238921,0.35,0.0,0.6482301843459435,-4.494216918945303,48,51,5.799462913067673,144.35356378539737
373,18.650000000000002,ccurve,247,pure_pursuit,3.0,207.30799865722656,-360.83221435546875,-71.21398162841797,0.5439045474944153,0.35,0.0,0.8759839708542314,-6.402351379394531,48,51,5.811124716159124,144.4369040138528
374,18.7,ccurve,247,pure_pursuit,3.0,207.44268798828125,-361.0806884765625,-68.88946533203125,0.43646864389197687,0.35,0.0,0.798172953278242,6.015899658203133,49,51,5.615752258610659,144.501341984128
375,18.75,ccurve,247,pure_pursuit,3.0,207.5896453857422,-361.3216247558594,-66.43025970458984,0.9132056126455662,0.35,0.0,0.6853388201620746,3.5566940307617156,49,52,5.754680902899923,144.55213418415647
376,18.8,ccurve,247,pure_pursuit,3.0,207.74658203125,-361.5538635253906,-63.929256439208984,0.8453845027403978,0.35,0.0,0.6918246720890909,1.0556907653808574,49,52,5.579570926644955,144.59022323654764
377,18.85,ccurve,247,pure_pursuit,3.0,207.9168701171875,-361.771240234375,-61.0711784362793,0.7496581597154799,0.35,0.0,0.8166924317547853,-1.8023872375488237,49,52,5.5944547015334045,144.6089778816187
378,18.900000000000002,ccurve,247,pure_pursuit,3.0,208.0994110107422,-361.9676513671875,-57.8148307800293,0.6136076305902679,0.35,0.0,1.0123173041296227,-5.0587348937988255,49,52,5.359065011250347,144.60510617081297
379,18.95,ccurve,247,pure_pursuit,3.0,208.29405212402344,-362.14990234375,-54.457698822021484,1.0,0.35,0.0,0.9821346757350833,6.581264495849609,50,53,5.4704227821595754,144.58325455316623
380,19.0,ccurve,247,pure_pursuit,3.0,208.4978790283203,-362.3193664550781,-51.17512130737305,1.0,0.35,0.0,0.9250651817708566,3.2986869812011697,50,53,5.349681510062507,144.54648939139608
381,19.05,ccurve,247,pure_pursuit,3.0,208.711181640625,-362.46826171875,-47.56132125854492,0.9500981794537042,0.35,0.0,0.9623056907060155,-0.315113067626952,50,53,5.3070012596434575,144.4893277472396
382,19.1,ccurve,247,pure_pursuit,3.0,208.93484497070312,-362.5901184082031,-43.576778411865234,0.8056903264356168,0.35,0.0,1.0849652436185548,-4.299655914306641,50,53,5.226473490101708,144.4066977678682
383,19.150000000000002,ccurve,247,pure_pursuit,3.0,209.16932678222656,-362.68780517578125,-39.462989807128906,0.6176320579255115,0.35,0.0,1.195771897692628,13.307929992675778,51,53,5.294215056252335,144.3001412474992
384,19.200000000000003,ccurve,247,pure_pursuit,3.0,209.41506958007812,-362.7767639160156,-35.69515609741211,0.4098746045868529,0.35,0.0,1.165273824290782,9.54009628295898,51,53,5.441002599273372,144.17975900509245
385,19.25,ccurve,247,pure_pursuit,3.0,209.66909790039062,-362.86968994140625,-32.66023254394531,0.7797748290343074,0.35,0.0,1.1937646018823178,6.505172729492186,51,54,5.568282222408441,144.05636840637274
386,19.3,ccurve,247,pure_pursuit,3.0,209.92347717285156,-362.9625549316406,-30.07797622680664,0.6803373787629832,0.35,0.0,1.280374102559474,3.9229164123535183,51,54,5.452529175602885,143.933081758097
387,19.35,ccurve,247,pure_pursuit,3.0,210.17849731445312,-363.0412292480469,-27.218671798706055,0.5537685117351929,0.35,0.0,1.190992503944244,22.78498649597168,52,54,5.417296095060997,143.8000518382129
388,19.400000000000002,ccurve,247,pure_pursuit,3.0,210.43331909179688,-363.10498046875,-24.338356018066406,0.40749905124665303,0.35,0.0,1.1274734106762616,19.90467071533203,52,54,5.265912865679782,143.65734418936682
389,19.450000000000003,ccurve,247,pure_pursuit,3.0,210.69288635253906,-363.16259765625,-21.746814727783203,0.26100638234728074,0.35,0.0,1.130738511836954,17.313129425048828,52,54,5.42716331787625,143.5073175308103
390,19.5,ccurve,247,pure_pursuit,3.0,210.9546661376953,-363.2207336425781,-19.780214309692383,0.14003066867600109,0.35,0.0,1.195471809190495,15.34652900695801,52,54,5.381156047838793,143.3563714735639
391,19.55,ccurve,247,pure_pursuit,3.0,211.21871948242188,-363.2837829589844,-18.42597198486328,0.050720263957400744,0.35,0.0,1.3108848499823957,13.992286682128908,52,54,5.499977445154851,143.20748851340807
392,19.6,ccurve,247,pure_pursuit,3.0,211.4817657470703,-363.3526916503906,-17.719614028930664,0.3922305896770821,0.35,0.0,1.1028194379311287,18.149545669555668,53,55,5.384832047075153,143.06372645129886
393,19.650000000000002,ccurve,247,pure_pursuit,3.0,211.74722290039062,-363.4226379394531,-17.168926239013672,0.3786623976363879,0.35,0.0,0.9004407676596992,17.598857879638672,53,55,5.550966378462117,142.9193043864432
394,19.700000000000003,ccurve,247,pure_pursuit,3.0,212.01329040527344,-363.4831848144531,-16.28172492980957,0.34341943014528603,0.35,0.0,0.7548237897195716,16.71165657043457,53,55,5.430309524733052,142.7683360513302
395,19.75,ccurve,247,pure_pursuit,3.0,212.28065490722656,-363.53033447265625,-14.882250785827637,0.2727340998192908,0.35,0.0,0.7045322534787088,15.31218242645264,53,55,5.480177060032511,142.6075327049518
396,19.8,ccurve,247,pure_pursuit,3.0,212.54742431640625,-363.5688171386719,-13.420429229736328,0.1907972535437516,0.35,0.0,0.7623679324508016,13.850360870361328,53,55,5.382311948383739,142.44149493173583
397,19.85,ccurve,247,pure_pursuit,3.0,212.8169708251953,-363.60498046875,-12.14787769317627,0.11437793350789559,0.35,0.0,0.9043549463398983,12.57780933380127,53,55,5.512350040149376,142.2721646925367
398,19.900000000000002,ccurve,247,pure_pursuit,3.0,213.08709716796875,-363.6420593261719,-11.271775245666504,0.05766430704418599,0.35,0.0,1.0965618974070674,11.701706886291504,53,55,5.403801354531607,142.1033716681613
399,19.950000000000003,ccurve,247,pure_pursuit,3.0,213.35992431640625,-363.6827392578125,-10.754106521606445,0.25617397167172246,0.35,0.0,0.9559375299798304,11.184038162231445,54,56,5.584484937215243,141.93546563703896
400,20.0,ccurve,247,pure_pursuit,3.0,213.63275146484375,-363.721435546875,-10.265484809875488,0.23760768234312227,0.35,0.0,0.716650540729436,10.695416450500488,54,56,5.4872518394760395,141.76651562467129
401,20.05,ccurve,247,pure_pursuit,3.0,213.90695190429688,-363.7507629394531,-9.363994598388672,0.19158770077992093,0.35,0.0,0.5225249957538707,9.793926239013672,54,56,5.561207559995075,141.59037978168737
402,20.1,ccurve,247,pure_pursuit,3.0,214.18055725097656,-363.77337646484375,-8.388041496276855,0.13641651460892892,0.35,0.0,0.43628749081901225,8.817973136901855,54,56,5.437953843315418,141.4102967198966
403,20.150000000000002,ccurve,247,pure_pursuit,3.0,214.45703125,-363.79443359375,-7.548286437988281,0.08606708539545216,0.35,0.0,0.5112727923303273,7.97821807861328,54,56,5.616711040343559,141.22737933681574
404,20.200000000000003,ccurve,247,pure_pursuit,3.0,214.7336883544922,-363.8158874511719,-6.956305027008057,0.04812948052878088,0.35,0.0,0.6972189020749818,7.386236667633057,54,56,5.531244878565283,141.0449172509184
405,20.25,ccurve,247,pure_pursuit,3.0,215.01210021972656,-363.83941650390625,-6.560003280639648,0.021248815965411193,0.35,0.0,0.9307435418061999,6.989934921264648,54,56,5.639989174296919,140.8629721962051
406,20.3,ccurve,247,pure_pursuit,3.0,215.2898406982422,-363.8645935058594,-6.382359504699707,0.1521571608027489,0.35,0.0,0.9284534483478422,6.812281459569931,55,57,5.517226799014235,140.6829827344647
407,20.35,ccurve,247,pure_pursuit,3.0,215.56982421875,-363.8879089355469,-6.104161739349365,0.1414621891814028,0.35,0.0,0.6629655636404153,6.53408369421959,55,57,5.6707588715148,140.50041270822828
408,20.400000000000002,ccurve,247,pure_pursuit,3.0,215.84922790527344,-363.904296875,-5.564151287078857,0.11256009442184244,0.35,0.0,0.4233361566332414,5.994073241949081,55,57,5.574812115344344,140.31369395345186
409,20.450000000000003,ccurve,247,pure_pursuit,3.0,216.13034057617188,-363.9173278808594,-4.948244571685791,0.07689035279118589,0.35,0.0,0.27807022913945295,5.378166526556016,55,57,5.681502874247893,140.12370480839868
410,20.5,ccurve,247,pure_pursuit,3.0,216.4110565185547,-363.9294128417969,-4.4764723777771,0.04762629450500217,0.35,0.0,0.36622347110916703,4.906394332647324,55,57,5.5610979832507335,139.93363506885362
411,20.55,ccurve,247,pure_pursuit,3.0,216.69415283203125,-363.94244384765625,-4.147462368011475,0.025964992798250968,0.35,0.0,0.5923526315471652,4.5773843228816995,55,57,5.729576689394534,139.74286142606366
412,20.6,ccurve,247,pure_pursuit,3.0,216.97694396972656,-363.95660400390625,-3.9763810634613037,0.013081364520601756,0.35,0.0,0.8527794817939682,4.406303018331529,55,57,5.640046694006711,139.553418557562
413,20.650000000000002,ccurve,247,pure_pursuit,3.0,217.26138305664062,-363.9723815917969,-3.8782358169555664,0.09652112824467088,0.35,0.0,0.9199456432789045,4.30815777182579,56,58,5.746294434314836,139.36428268592297
414,20.700000000000003,ccurve,247,pure_pursuit,3.0,217.54505920410156,-363.9856262207031,-3.7076425552368164,0.08944116274761325,0.35,0.0,0.6425554233819393,4.137564510107041,56,58,5.616559781048606,139.17420682663342
415,20.75,ccurve,247,pure_pursuit,3.0,217.83078002929688,-363.9945983886719,-3.338837146759033,0.06901639604166532,0.35,0.0,0.3754545542026266,3.7687591016292576,56,58,5.776265331467463,138.97997235322865
416,20.8,ccurve,247,pure_pursuit,3.0,218.1162109375,-364.0016784667969,-2.990387439727783,0.04811768057691435,0.35,0.0,0.18215403562435237,3.4203093945980068,56,58,5.688000699761413,138.7849077459261
417,20.85,ccurve,247,pure_pursuit,3.0,218.4033203125,-364.0086669921875,-2.685211658477783,0.029026635011446967,0.35,0.0,0.2988116693796585,3.1151336133480076,56,58,5.793728639855037,138.58891732385294
418,20.900000000000002,ccurve,247,pure_pursuit,3.0,218.6898193359375,-364.01593017578125,-2.513214111328125,0.016823176791221514,0.35,0.0,0.5564337833401165,2.943136066198349,56,58,5.672255834959252,138.39386817198235
419,20.950000000000003,ccurve,247,pure_pursuit,3.0,218.978515625,-364.0243225097656,-2.415924072265625,0.00905614182225398,0.35,0.0,0.8351459171391508,2.8458460271358486,56,58,5.8340797645941835,138.19841526803933
420,21.0,ccurve,247,pure_pursuit,3.0,219.26681518554688,-364.03350830078125,-2.402557849884033,0.06524999748409427,0.35,0.0,0.9004555507356853,2.8324798047542576,57,59,5.744525387515728,138.0041357856748
421,21.05,ccurve,247,pure_pursuit,3.0,219.55661010742188,-364.04095458984375,-2.258606195449829,0.05856377981846371,0.35,0.0,0.6136203903698662,2.6885281503200535,57,59,5.844530687135037,137.80789617040116
422,21.1,ccurve,247,pure_pursuit,3.0,219.84559631347656,-364.0455322265625,-2.041259765625,0.04608992472278775,0.35,0.0,0.3338993058979812,2.4711817204952236,57,59,5.721631845676521,137.61048313904178
423,21.150000000000002,ccurve,247,pure_pursuit,3.0,220.13677978515625,-364.04913330078125,-1.810455322265625,0.03199355841173358,0.35,0.0,0.11679855512125051,2.240377277135849,57,59,5.881241988589968,137.41116783390058
424,21.200000000000003,ccurve,247,pure_pursuit,3.0,220.4275665283203,-364.0526123046875,-1.6535950899124146,0.021464326701798743,0.35,0.0,0.2919067876698743,2.083517044782639,57,59,5.792381249541132,137.21236730872198
425,21.25,ccurve,247,pure_pursuit,3.0,220.71990966796875,-364.0566711425781,-1.5262452363967896,0.0126234414828061,0.35,0.0,0.5723092712269946,1.9561671912670133,57,59,5.895529830858923,137.01324004116864
426,21.3,ccurve,247,pure_pursuit,3.0,221.01153564453125,-364.06109619140625,-1.4888306856155396,0.008569002448503102,0.35,0.0,0.859957888146417,1.9187526404857638,57,59,5.7744928549048735,136.81520746571076
427,21.35,ccurve,247,pure_pursuit,3.0,221.3052520751953,-364.0662841796875,-1.4752503633499146,0.04120254428889425,0.35,0.0,0.8564528777028693,1.9051723182201383,58,60,5.930901572841794,136.61662497964468
428,21.400000000000002,ccurve,247,pure_pursuit,3.0,221.59849548339844,-364.0701599121094,-1.4172362089157104,0.038294431936409676,0.35,0.0,0.5647368592442807,1.8471581637859344,58,60,5.840012679564819,136.41775772356183
429,21.450000000000003,ccurve,247,pure_pursuit,3.0,221.89320373535156,-364.07257080078125,-1.2630003690719604,0.029241555583395345,0.35,0.0,0.27532186055480884,1.6929223239421844,58,60,5.941606311796287,136.21716081674091
430,21.5,ccurve,247,pure_pursuit,3.0,222.18716430664062,-364.0743408203125,-1.1493834257125854,0.021757017429962937,0.35,0.0,0.08027920974852194,1.5793053805828094,58,60,5.821110936905659,136.0169517576486
431,21.55,ccurve,247,pure_pursuit,3.0,222.483154296875,-364.07623291015625,-1.0519407987594604,0.01498815707759232,0.35,0.0,0.33349414066675526,1.4818627536296844,58,60,5.975299392399168,135.8157853581957
432,21.6,ccurve,247,pure_pursuit,3.0,222.77870178222656,-364.07830810546875,-1.014190673828125,0.01130051529667172,0.35,0.0,0.6250148190291244,1.444112628698349,58,60,5.886082179159711,135.61540245500237
433,21.650000000000002,ccurve,247,pure_pursuit,3.0,223.07571411132812,-364.08099365234375,-0.9742736220359802,0.007752453788960617,0.35,0.0,0.9205313095626442,1.4041955769062042,58,60,5.9873251936634695,135.4148167433929
434,21.700000000000003,ccurve,247,pure_pursuit,3.0,223.3719940185547,-364.0838928222656,-0.9913634061813354,0.025965343360072647,0.35,0.0,0.8146488438518136,1.3214867413043976,59,61,5.867226637229832,135.21524071540873
435,21.75,ccurve,247,pure_pursuit,3.0,223.670166015625,-364.0862121582031,-0.9479979872703552,0.023451695979390737,0.15,0.0,0.5171681777940426,1.2781213223934174,59,61,6.017901309432293,135.0143095118971
436,21.8,ccurve,247,pure_pursuit,3.0,223.9676513671875,-364.0875549316406,-0.8988953232765198,0.019921771918030445,0.35,0.0,0.22245474949939084,1.229018658399582,59,61,5.913687332134087,134.81348572306553
437,21.85,ccurve,247,pure_pursuit,3.0,224.26516723632812,-364.0890197753906,-0.8189391493797302,0.014704177377032574,0.35,0.0,0.09220471484073044,1.1490624845027924,59,61,5.98441169324182,134.61308900892408
438,21.900000000000002,ccurve,247,pure_pursuit,3.0,224.56040954589844,-364.09027099609375,-0.7913207411766052,0.011970243229292207,0.35,0.0,0.37796821354746746,1.1214440762996674,59,61,5.840727858577522,134.4144300670001
439,21.950000000000003,ccurve,247,pure_pursuit,3.0,224.85659790039062,-364.0918273925781,-0.7651061415672302,0.009356837661076462,0.35,0.0,0.6729048062866059,1.0952294766902926,59,61,5.973596047297883,134.21571413304903
440,22.0,ccurve,247,pure_pursuit,3.0,225.1518096923828,-364.0935363769531,-0.78057861328125,0.008896415373866415,0.35,0.0,0.9676259590789067,1.1107019484043121,59,61,5.8754647397921245,134.01812823301458
441,22.05,ccurve,247,pure_pursuit,3.0,225.4482421875,-364.095703125,-0.7724608778953552,0.016291829640133943,0.35,0.0,0.800427821861449,0.8734011054039001,60,62,5.974665761337079,133.82042094418534
442,22.1,ccurve,247,pure_pursuit,3.0,225.74380493164062,-364.0973815917969,-0.7816162705421448,0.01629625821920215,0.35,0.0,0.505119981205995,0.8825564980506897,60,62,5.852528281929965,133.62329972689363
443,22.150000000000002,ccurve,247,pure_pursuit,3.0,226.0413055419922,-364.0989074707031,-0.7545775175094604,0.01418461759128211,0.15,0.0,0.20864186339252588,0.8555177450180054,60,62,6.003618638122948,133.42513163834855
444,22.200000000000003,ccurve,247,pure_pursuit,3.0,226.33802795410156,-364.1001892089844,-0.7489928603172302,0.012937485618603094,0.35,0.0,0.09384504606366291,0.8499330878257751,60,62,5.898911793553695,133.22767135118713
445,22.25,ccurve,247,pure_pursuit,3.0,226.6348419189453,-364.10162353515625,-0.7151488661766052,0.0101564628417568,0.35,0.0,0.3876043112008819,0.81608909368515,60,62,5.969888559786795,133.03063247760036
446,22.3,ccurve,247,pure_pursuit,3.0,226.9293670654297,-364.10302734375,-0.7249755263328552,0.009527486538846093,0.35,0.0,0.6817227706215745,0.8259157538414,60,62,5.825830610756217,132.83546518438754
447,22.35,ccurve,247,pure_pursuit,3.0,227.224853515625,-364.10479736328125,-0.7238768935203552,0.00844694395314172,0.35,0.0,0.9770412379069944,0.8248171210289001,60,62,5.9594432988970505,132.64029980728284
448,22.400000000000002,ccurve,247,pure_pursuit,3.0,227.51939392089844,-364.1064758300781,-0.753662109375,0.015231301411495571,0.35,0.0,0.7919324494867598,0.6254192292690276,61,63,5.861362058940458,132.44606487730627
449,22.450000000000003,ccurve,247,pure_pursuit,3.0,227.81512451171875,-364.1081848144531,-0.7335204482078552,0.013681589819197093,0.35,0.0,0.49629726070049124,0.6052775681018828,61,63,5.960765826431995,132.25143585297505
450,22.5,ccurve,247,pure_pursuit,3.0,228.11000061035156,-364.10955810546875,-0.736785888671875,0.013077619364201381,0.35,0.0,0.20183819538652725,0.6085430085659027,61,63,5.838649954177921,132.05749468418853
451,22.55,ccurve,247,pure_pursuit,3.0,228.40679931640625,-364.1109924316406,-0.7205809950828552,0.011353192516305342,0.35,0.0,0.09714122025454844,0.592338114976883,61,63,5.990538594202798,131.86270601806456
452,22.6,ccurve,247,pure_pursuit,3.0,228.70309448242188,-364.1124267578125,-0.7312011122703552,0.010923442417078263,0.35,0.0,0.3923291492104868,0.6029582321643829,61,63,5.900823552218943,131.66862956102642
453,22.650000000000002,ccurve,247,pure_pursuit,3.0,229.0009002685547,-364.1140441894531,-0.7127990126609802,0.00892363409447228,0.15,0.0,0.6899787490468681,0.5845561325550078,61,63,6.001753339769348,131.47408039529583
454,22.700000000000003,ccurve,247,pure_pursuit,3.0,229.29771423339844,-364.11566162109375,-0.73468017578125,0.008883668808954465,0.35,0.0,0.9867334085562647,0.6064372956752776,61,63,5.874312117077112,131.2805685721356
455,22.75,ccurve,247,pure_pursuit,3.0,229.5950469970703,-364.11761474609375,-0.73828125,0.014543113022266739,0.35,0.0,0.7621472559478799,0.4429726898670196,62,64,5.986582280627178,131.08735771753504
456,22.8,ccurve,247,pure_pursuit,3.0,229.89031982421875,-364.11920166015625,-0.7538756728172302,0.01481893425075043,0.35,0.0,0.46695150947458874,0.4585671126842499,62,64,5.867213827035287,130.89560447039474
457,22.85,ccurve,247,pure_pursuit,3.0,230.18617248535156,-364.1207275390625,-0.722412109375,0.012458185164840907,0.35,0.0,0.17146287079408293,0.42710354924201965,62,64,5.958152587002005,130.70381289534973
458,22.900000000000002,ccurve,247,pure_pursuit,3.0,230.48069763183594,-364.12200927734375,-0.7255248427391052,0.011653841230577399,0.35,0.0,0.124474751837769,0.4302162826061249,62,64,5.8304721035308456,130.5130878358639
459,22.950000000000003,ccurve,247,pure_pursuit,3.0,230.77696228027344,-364.1235046386719,-0.714874267578125,0.010124535738000484,0.35,0.0,0.4201602746991334,0.41956570744514465,62,64,5.978762942801279,130.32178305256167
460,23.0,ccurve,247,pure_pursuit,3.0,231.07264709472656,-364.1250305175781,-0.733001708984375,0.009990057167864566,0.35,0.0,0.7157474268643588,0.4376931488513946,62,64,5.8874351647818495,130.13127028814878
461,23.05,ccurve,247,pure_pursuit,3.0,231.36976623535156,-364.1268615722656,-0.7215270400047302,0.01411666262551648,0.35,0.0,0.9873680416083955,0.4262184798717499,63,65,5.988232179298642,129.9404570224921
462,23.1,ccurve,247,pure_pursuit,3.0,231.66604614257812,-364.1283264160156,-0.7333678603172302,0.014163538616095105,0.35,0.0,0.6911286219963719,0.4380593001842499,63,65,5.867622138652472,129.7503048952582
463,23.150000000000002,ccurve,247,pure_pursuit,3.0,231.96429443359375,-364.1297912597656,-0.7156983017921448,0.0125463495387891,0.15,0.0,0.39298866314658765,0.42038974165916443,63,65,6.018809936627101,129.55928446769718
464,23.200000000000003,ccurve,247,pure_pursuit,3.0,232.2617950439453,-364.1311340332031,-0.7202149033546448,0.011927749215211473,0.35,0.0,0.09630746665547273,0.4249063432216644,63,65,5.914475819212329,129.369056178939
465,23.25,ccurve,247,pure_pursuit,3.0,232.5593719482422,-364.1326599121094,-0.6944884657859802,0.009708371465020646,0.35,0.0,0.20286193190144927,0.3991799056529998,63,65,5.985337299227391,129.17932459476398
466,23.3,ccurve,247,pure_pursuit,3.0,232.85464477539062,-364.13409423828125,-0.7093505859375,0.009448279330287636,0.35,0.0,0.497838212461305,0.4140420258045196,63,65,5.841591603005896,128.9914034811626
467,23.35,ccurve,247,pure_pursuit,3.0,233.15089416503906,-364.1358642578125,-0.710357666015625,0.008566331988925336,0.35,0.0,0.7940099579603439,0.4150491058826446,63,65,5.974329034363385,128.8035203994896
468,23.400000000000002,ccurve,247,pure_pursuit,3.0,233.44615173339844,-364.1374816894531,-0.7404784560203552,0.01493809989603826,0.35,0.0,0.910976476867027,0.4451698958873748,64,66,5.8761801522343875,128.61655913569984
469,23.450000000000003,ccurve,247,pure_pursuit,3.0,233.7426300048828,-364.13922119140625,-0.720947265625,0.013470899666661727,0.35,0.0,0.6145412614743667,0.42563870549201965,64,66,5.975263636590888,128.42932317642834
470,23.5,ccurve,247,pure_pursuit,3.0,234.03823852539062,-364.1405334472656,-0.7250975966453552,0.012911012920833928,0.35,0.0,0.319085378662566,0.4297890365123748,64,66,5.8533269860299315,128.24272029195512
471,23.55,ccurve,247,pure_pursuit,3.0,234.3357391357422,-364.14202880859375,-0.7095946669578552,0.011314793720925463,0.15,0.0,0.025557524250746744,0.4142861068248748,64,66,6.0044192508988825,128.05547277336962
472,23.6,ccurve,247,pure_pursuit,3.0,234.63253784179688,-364.1434020996094,-0.7200928330421448,0.01088728668017271,0.35,0.0,0.27590640108275266,0.42478427290916443,64,66,5.899690249309138,127.86899159706287
473,23.650000000000002,ccurve,247,pure_pursuit,3.0,234.92938232421875,-364.14501953125,-0.7010498046875,0.008930569434944323,0.35,0.0,0.5725600816296473,0.40574124455451965,64,66,5.970722962018691,127.68308879863346
474,23.700000000000003,ccurve,247,pure_pursuit,3.0,235.22393798828125,-364.1466369628906,-0.7218931913375854,0.008944177853992827,0.35,0.0,0.8670583647083395,0.4265846312046051,64,66,5.826679730823075,127.49904433610232
475,23.75,ccurve,247,pure_pursuit,3.0,235.5194854736328,-364.1484680175781,-0.7275695204734802,0.01432067785862939,0.35,0.0,0.8376144414447195,0.4322609603404998,65,67,5.960228780563481,127.31495989523681
476,23.8,ccurve,247,pure_pursuit,3.0,235.81399536132812,-364.1499938964844,-0.7447509765625,0.014676193058082725,0.35,0.0,0.5431624185495418,0.44944241642951965,65,67,5.862085706144724,127.13170698911888
477,23.85,ccurve,247,pure_pursuit,3.0,236.1098175048828,-364.1514892578125,-0.7147521376609802,0.012407993749592752,0.35,0.0,0.2475487826545689,0.4194435775279998,65,67,5.961531165850037,126.94802993403668
478,23.900000000000002,ccurve,247,pure_pursuit,3.0,236.4047393798828,-364.15277099609375,-0.7187499403953552,0.011693597909321302,0.35,0.0,0.04980233364526703,0.4234413802623748,65,67,5.839456750672042,126.7651705508015
479,23.950000000000003,ccurve,247,pure_pursuit,3.0,236.7015838623047,-364.15423583984375,-0.7083128690719604,0.010198249526797916,0.35,0.0,0.34490340650252055,0.41300430893898005,65,67,5.991281729649065,126.58168317157039
480,24.0,ccurve,247,pure_pursuit,3.0,236.99794006347656,-364.15570068359375,-0.7258300185203552,0.010031945132415813,0.35,0.0,0.6411300812776789,0.4305214583873748,65,67,5.901542850783211,126.3989292293436
481,24.05,ccurve,247,pure_pursuit,3.0,237.29576110839844,-364.1574401855469,-0.713714599609375,0.008332107518614611,0.15,0.0,0.938902968060553,0.4184060394763947,65,67,6.002453845399481,126.21591657430356
482,24.1,ccurve,247,pure_pursuit,3.0,237.5925750732422,-364.1592102050781,-0.7405089735984802,0.014909088692059858,0.35,0.0,0.764503122488281,0.4452004134654999,66,68,5.87502028329518,126.03398723592275
483,24.150000000000002,ccurve,247,pure_pursuit,3.0,237.88992309570312,-364.160888671875,-0.7287902235984802,0.013795911980199287,0.35,0.0,0.46722529415529024,0.43348166346549993,66,68,5.987063639280245,125.85209410899648
484,24.200000000000003,ccurve,247,pure_pursuit,3.0,238.1852264404297,-364.1622314453125,-0.73309326171875,0.013234214168609055,0.35,0.0,0.17227524043406897,0.4377847015857697,66,68,5.867814991432919,125.67163165498424
485,24.25,ccurve,247,pure_pursuit,3.0,238.48109436035156,-364.1636962890625,-0.703155517578125,0.010818233031506645,0.35,0.0,0.12492588293392823,0.40784695744514465,66,68,5.958785144086927,125.49135530150674
486,24.3,ccurve,247,pure_pursuit,3.0,238.775634765625,-364.16497802734375,-0.7132568359375,0.010256115246416968,0.35,0.0,0.41893304571230616,0.41794827580451965,66,68,5.831125654498479,125.31218434830488
487,24.35,ccurve,247,pure_pursuit,3.0,239.07192993164062,-364.1666259765625,-0.7108764052391052,0.00915611796317311,0.35,0.0,0.7151317674141683,0.4155678451061248,66,68,5.979374114042372,125.13267090625988
488,24.400000000000002,ccurve,247,pure_pursuit,3.0,239.36764526367188,-364.16827392578125,-0.7362670302391052,0.01502469089479927,0.35,0.0,0.989378299982498,0.4409584701061248,67,69,5.888070168612781,124.9539547306493
489,24.450000000000003,ccurve,247,pure_pursuit,3.0,239.66476440429688,-364.16986083984375,-0.7139891982078552,0.01333506239123268,0.35,0.0,0.692295443560255,0.4186806380748749,67,69,5.988748740285288,124.77478347477815
490,24.5,ccurve,247,pure_pursuit,3.0,239.96107482910156,-364.17120361328125,-0.7171629667282104,0.012769874836429556,0.35,0.0,0.3960913806318674,0.4218544065952301,67,69,5.868228470581033,124.59635800351198
491,24.55,ccurve,247,pure_pursuit,3.0,240.25936889648438,-364.172607421875,-0.70159912109375,0.011132004151106434,0.15,0.0,0.09856316496365314,0.4062905609607696,67,69,6.019405430515045,124.41723392117304
492,24.6,ccurve,247,pure_pursuit,3.0,240.556884765625,-364.1739501953125,-0.7124938368797302,0.010734810770261477,0.35,0.0,0.2004827204108221,0.4171852767467499,67,69,5.915069645732018,124.23898749416134
493,24.650000000000002,ccurve,247,pure_pursuit,3.0,240.85450744628906,-364.175537109375,-0.6940611600875854,0.008819484824556429,0.35,0.0,0.49780264200094654,0.39875259995460505,67,69,5.985942625766367,124.06132957389708
494,24.700000000000003,ccurve,247,pure_pursuit,3.0,241.14984130859375,-364.1771545410156,-0.7153930068016052,0.008901673726691884,0.35,0.0,0.7930632127439895,0.4200844466686249,67,69,5.842206654464813,123.88552707996652
495,24.75,ccurve,247,pure_pursuit,3.0,241.4461212158203,-364.17889404296875,-0.72113037109375,0.014019837515725237,0.35,0.0,0.9108964326191022,0.4258218109607697,68,70,5.974895322996875,123.70971261615693
496,24.8,ccurve,247,pure_pursuit,3.0,241.74142456054688,-364.1803894042969,-0.7390136122703552,0.014399898814630293,0.35,0.0,0.6156411674795246,0.4437050521373748,68,70,5.876691245155032,123.5347442932799
497,24.85,ccurve,247,pure_pursuit,3.0,242.0379180908203,-364.1819152832031,-0.7102051377296448,0.012226023776628984,0.35,0.0,0.31929123708527735,0.41489657759666443,68,70,5.975811956699571,123.35955201648098
498,24.900000000000002,ccurve,247,pure_pursuit,3.0,242.33352661132812,-364.1831970214844,-0.7152099609375,0.011581791333495373,0.35,0.0,0.027361051160892064,0.41990140080451965,68,70,5.85391007833977,123.18515211651064
499,24.950000000000003,ccurve,247,pure_pursuit,3.0,242.6310272216797,-364.18463134765625,-0.7053221464157104,0.01010992096497326,0.15,0.0,0.2745041376978501,0.4100135862827301,68,70,6.004950271343649,123.01021999683559
500,25.0,ccurve,247,pure_pursuit,3.0,242.92782592773438,-364.1861267089844,-0.7227476835250854,0.00999100312829811,0.35,0.0,0.5711132058069565,0.42743912339210505,68,70,5.900211781945638,122.83622238950683
501,25.05,ccurve,247,pure_pursuit,3.0,243.22471618652344,-364.1878967285156,-0.710052490234375,0.008334113647320816,0.35,0.0,0.8679429798309307,0.41474393010139465,68,70,5.9712568310590886,122.6628644741139
502,25.1,ccurve,247,pure_pursuit,3.0,243.51927185058594,-364.1896057128906,-0.73583984375,0.014685164033029779,0.35,0.0,0.8377232173150668,0.44053128361701965,69,71,5.82722515794933,122.49130028227765
503,25.150000000000002,ccurve,247,pure_pursuit,3.0,243.8148193359375,-364.1912536621094,-0.727020263671875,0.013725504901730747,0.35,0.0,0.5422311344181391,0.43171170353889465,69,71,5.960560663321323,122.3195752980794
504,25.200000000000003,ccurve,247,pure_pursuit,3.0,244.109375,-364.19256591796875,-0.7333068251609802,0.01326782229267404,0.35,0.0,0.247893213093427,0.4379982650279999,69,71,5.862515133787556,122.14862970988031
505,25.25,ccurve,247,pure_pursuit,3.0,244.40521240234375,-364.1940002441406,-0.70440673828125,0.010901163578099999,0.35,0.0,0.05035953606935735,0.4090981781482696,69,71,5.96198302718754,121.97750975369607
506,25.3,ccurve,247,pure_pursuit,3.0,244.7001495361328,-364.1953430175781,-0.7146300673484802,0.010417662641588828,0.35,0.0,0.3435811757995711,0.4193215072154999,69,71,5.839922808796363,121.8073154592184
507,25.35,ccurve,247,pure_pursuit,3.0,244.99700927734375,-364.1969299316406,-0.7117614150047302,0.009260929095025731,0.35,0.0,0.6403062264657914,0.4164528548717499,69,71,5.991713730406739,121.63668544918916
508,25.400000000000002,ccurve,247,pure_pursuit,3.0,245.29339599609375,-364.19854736328125,-0.7360228896141052,0.009391568349624737,0.35,0.0,0.9366459807344155,0.4407143294811249,69,71,5.901974789925048,121.46683900384812
509,25.450000000000003,ccurve,247,pure_pursuit,3.0,245.59120178222656,-364.2004699707031,-0.7291869521141052,0.014331322232890707,0.15,0.0,0.7657685558844677,0.4338783919811248,70,72,6.00291256670369,121.29691259637535
510,25.5,ccurve,247,pure_pursuit,3.0,245.8880615234375,-364.2020568847656,-0.7430114150047302,0.014522338246899778,0.35,0.0,0.4689811159139343,0.4477028548717498,70,72,5.875336068742172,121.12774745881553
511,25.55,ccurve,247,pure_pursuit,3.0,246.18548583984375,-364.2035827636719,-0.72119140625,0.01268654317271896,0.35,0.0,0.1718999677913824,0.4258828461170196,70,72,5.9875281664086675,120.95870145021964
512,25.6,ccurve,247,pure_pursuit,3.0,246.48085021972656,-364.2048645019531,-0.72540283203125,0.011957416474855136,0.35,0.0,0.12479582144656831,0.4300942718982696,70,72,5.86829604365196,120.79112499269831
513,25.650000000000002,ccurve,247,pure_pursuit,3.0,246.7767333984375,-364.2063903808594,-0.700439453125,0.00971935245604825,0.35,0.0,0.4201328260600437,0.40513089299201965,70,72,5.959259555371823,120.62394494597227
514,25.700000000000003,ccurve,247,pure_pursuit,3.0,247.07130432128906,-364.2078552246094,-0.7168273329734802,0.00947789609208148,0.35,0.0,0.7146130225952914,0.42151877284049993,70,72,5.831594078247545,120.45795313326944
515,25.75,ccurve,247,pure_pursuit,3.0,247.36761474609375,-364.2095642089844,-0.7200928330421448,0.020439901975273622,0.35,0.0,0.9893014359011316,0.42478427290916443,71,73,5.979803655856188,120.29167207376175
516,25.8,ccurve,247,pure_pursuit,3.0,247.663330078125,-364.210693359375,-0.71807861328125,0.019918455579429915,0.35,0.0,0.6936333687483004,0.42277005314826965,71,73,5.88825807364917,120.12574799621376
517,25.85,ccurve,247,pure_pursuit,3.0,247.96044921875,-364.21148681640625,-0.6587218642234802,0.01603026490892634,0.35,0.0,0.39665040553037256,0.3634133040904998,71,73,5.988861403164844,119.95925713353321
518,25.900000000000002,ccurve,247,pure_pursuit,3.0,248.2567901611328,-364.21197509765625,-0.635498046875,0.013723732828712658,0.35,0.0,0.10129954151831673,0.3401894867420196,71,73,5.868394667540626,119.79345478571969
519,25.950000000000003,ccurve,247,pure_pursuit,3.0,248.55506896972656,-364.2126770019531,-0.60528564453125,0.011038482505460752,0.15,0.0,0.19896273197226577,0.3099770843982696,71,73,6.019579487621213,119.62725204272391
520,26.0,ccurve,247,pure_pursuit,3.0,248.85264587402344,-364.21337890625,-0.6102294921875,0.010039055574199133,0.35,0.0,0.49614067024710334,0.3149209320545196,71,73,5.9152105930143035,119.46195349788908
521,26.05,ccurve,247,pure_pursuit,3.0,249.15028381347656,-364.2144470214844,-0.5918883085250854,0.007919363931958143,0.35,0.0,0.793672743012128,0.29657974839210516,71,73,5.986064793009316,119.2974390038756
522,26.1,ccurve,247,pure_pursuit,3.0,249.44561767578125,-364.2154541015625,-0.6165465712547302,0.034969779413958256,0.35,0.0,0.9113853173443083,0.3212380111217499,72,74,5.842320737476221,119.13466453880197
523,26.150000000000002,ccurve,247,pure_pursuit,3.0,249.74180603027344,-364.21533203125,-0.548583984375,0.03140555503199869,0.35,0.0,0.615345191814829,0.25327542424201965,72,74,5.973263546290918,118.97098735805578
524,26.200000000000003,ccurve,247,pure_pursuit,3.0,250.03700256347656,-364.2138977050781,-0.4611816704273224,0.025787070459671164,0.35,0.0,0.32066816407725485,0.16587311029434207,72,74,5.875216080418472,118.80727203045743
525,26.25,ccurve,247,pure_pursuit,3.0,250.33343505859375,-364.21221923828125,-0.343475341796875,0.018188720084410484,0.35,0.0,0.03530431733335154,0.048166781663894626,72,74,5.974260413469259,118.64318382231187
526,26.3,ccurve,247,pure_pursuit,3.0,250.6289520263672,-364.21038818359375,-0.2871398627758026,0.013485782355480702,0.35,0.0,0.2737226719176248,-0.008168697357177741,72,74,5.852512169159865,118.47998229338654
527,26.35,ccurve,247,pure_pursuit,3.0,250.92645263671875,-364.20892333984375,-0.2445983737707138,0.009554010382417709,0.15,0.0,0.5705291341909774,-0.05071018636226656,72,74,6.003635715081362,118.31652097014954
528,26.400000000000002,ccurve,247,pure_pursuit,3.0,251.2231903076172,-364.207763671875,-0.25,0.04381871581382108,0.35,0.0,0.8670401668184593,-0.04530856013298037,72,75,5.8988280034058125,118.15425296294109
529,26.450000000000003,ccurve,247,pure_pursuit,3.0,251.51991271972656,-364.20526123046875,-0.1453552544116974,0.0385745794076747,0.35,0.0,0.6399996544934924,0.568891167640686,73,75,5.967315489891012,117.99138694423078
530,26.5,ccurve,247,pure_pursuit,3.0,251.81427001953125,-364.2010498046875,-0.01632690615952015,0.030728428005245178,0.35,0.0,0.3467637685440644,0.4398628193885088,73,75,5.8227897328363465,117.82887890550298
531,26.55,ccurve,247,pure_pursuit,3.0,252.10955810546875,-364.19635009765625,0.12460263073444366,0.021684037442555374,0.35,0.0,0.06454208044142568,0.298933282494545,73,75,5.956892378280726,117.66597096562398
532,26.6,ccurve,247,pure_pursuit,3.0,252.40390014648438,-364.1915588378906,0.20506224036216736,0.015499422479401212,0.35,0.0,0.24912823173737522,0.2184736728668213,73,75,5.859159258863345,117.50400883788492
533,26.650000000000002,ccurve,247,pure_pursuit,3.0,252.69952392578125,-364.1871337890625,0.27895236015319824,0.009676269727665662,0.35,0.0,0.5427992413781448,0.14458355307579038,73,75,5.958511688319119,117.34218708149426
534,26.700000000000003,ccurve,247,pure_pursuit,3.0,252.99424743652344,-364.18304443359375,0.2836972773075104,0.04846545213003672,0.35,0.0,0.8369478968065138,0.13983863592147827,73,76,5.836447454632168,117.18165105820661
535,26.75,ccurve,247,pure_pursuit,3.0,253.2908172607422,-364.1773681640625,0.3899596631526947,0.043163239482722125,0.35,0.0,0.6550344404046362,0.812006264925003,74,76,5.985526204667077,117.01931274081669
536,26.8,ccurve,247,pure_pursuit,3.0,253.58673095703125,-364.16986083984375,0.5407827496528625,0.03410531462065855,0.35,0.0,0.36069869040988994,0.6611831784248352,74,76,5.895780414775902,116.85629410976651
537,26.85,ccurve,247,pure_pursuit,3.0,253.88414001464844,-364.1618347167969,0.7182519435882568,0.02304712366865187,0.35,0.0,0.07904234335444336,0.48371398448944086,74,76,5.996552151554344,116.6925700280455
538,26.900000000000002,ccurve,247,pure_pursuit,3.0,254.1807403564453,-364.1535949707031,0.8195126056671143,0.015555497208390489,0.35,0.0,0.2430389960701631,0.3824533224105835,74,76,5.876754105536995,116.52961815106414
539,26.950000000000003,ccurve,247,pure_pursuit,3.0,254.47930908203125,-364.14581298828125,0.8892260193824768,0.009834367545903036,0.15,0.0,0.538522320111803,0.3127399086952209,74,76,6.027672823254355,116.3665552706109
540,27.0,ccurve,247,pure_pursuit,3.0,254.7771759033203,-364.1384582519531,0.8968743085861206,0.05186758958462478,0.35,0.0,0.8355358421380633,0.3050916194915771,74,77,5.923329502300778,116.20476167983739
541,27.05,ccurve,247,pure_pursuit,3.0,255.0749969482422,-364.1296081542969,1.021349549293518,0.04586556516989001,0.35,0.0,0.6560820878448904,0.9590463638305665,75,77,5.9907378668921645,116.04225345974783
542,27.1,ccurve,247,pure_pursuit,3.0,255.37030029296875,-364.11865234375,1.1873358488082886,0.036044987133609666,0.35,0.0,0.3626345475326458,0.793060064315796,75,77,5.8464072007186685,115.87978463653343
543,27.150000000000002,ccurve,247,pure_pursuit,3.0,255.6665496826172,-364.10699462890625,1.3650518655776978,0.0248732187335418,0.35,0.0,0.08466718578746582,0.6153440475463868,75,77,5.979225425014619,115.7167530850768
544,27.200000000000003,ccurve,247,pure_pursuit,3.0,255.9618377685547,-364.09521484375,1.473929762840271,0.016928852856121127,0.35,0.0,0.2412524419281714,0.5064661502838136,75,77,5.881511598269143,115.55464146699545
545,27.25,ccurve,247,pure_pursuit,3.0,256.25836181640625,-364.08392333984375,1.565722942352295,0.010007370382292508,0.35,0.0,0.5339768582999599,0.4146729707717896,75,77,5.98030912846156,115.39284550575348
546,27.3,ccurve,247,pure_pursuit,3.0,256.5540466308594,-364.0730285644531,1.5797687768936157,0.05368481615088327,0.35,0.0,0.8286815064767276,0.4006271362304688,75,78,5.858531684630786,115.23235588698691
547,27.35,ccurve,247,pure_pursuit,3.0,256.8514099121094,-364.0604553222656,1.7002675533294678,0.04788566769480398,0.15,0.0,0.6639103953684804,1.058558464050293,76,78,6.0057939129608,115.0701046110648
548,27.400000000000002,ccurve,247,pure_pursuit,3.0,257.1478576660156,-364.045654296875,1.876090168952942,0.037471420361061,0.35,0.0,0.36939529056014186,0.8827358484268186,76,78,5.900850337801665,114.90693784786568
549,27.450000000000003,ccurve,247,pure_pursuit,3.0,257.4443359375,-364.0301818847656,2.0776076316833496,0.024951359938277767,0.35,0.0,0.09167096959205481,0.6812183856964109,76,78,5.971333434388359,114.74371181201118
550,27.5,ccurve,247,pure_pursuit,3.0,257.7384948730469,-364.0146789550781,2.196906328201294,0.016376274139721623,0.35,0.0,0.2357813800194586,0.5619196891784668,76,78,5.827678561462439,114.58216209055948
551,27.55,ccurve,247,pure_pursuit,3.0,258.03369140625,-363.9996643066406,2.2777795791625977,0.009955248730993427,0.35,0.0,0.5266025959859599,0.4810464382171631,76,78,5.9613860948066,114.42104553990045
552,27.6,ccurve,247,pure_pursuit,3.0,258.3279113769531,-363.9851989746094,2.2880194187164307,0.05518768603400446,0.35,0.0,0.8197908843433391,0.4708065986633298,76,79,5.863301521200979,114.26142976119596
553,27.650000000000002,ccurve,247,pure_pursuit,3.0,258.62322998046875,-363.9689636230469,2.4183237552642822,0.04890155304039916,0.35,0.0,0.6751298390181785,1.1189322471618652,77,79,5.959357034461438,114.10026923362594
554,27.700000000000003,ccurve,247,pure_pursuit,3.0,258.91741943359375,-363.9505310058594,2.5976510047912598,0.038352107819223644,0.35,0.0,0.3827171073023152,0.9396049976348877,77,79,5.836531996176729,113.9382987652774
555,27.75,ccurve,247,pure_pursuit,3.0,259.2135314941406,-363.9312438964844,2.787980079650879,0.02643105198053089,0.35,0.0,0.10339984176598732,0.7492759227752684,77,79,5.9887460915822,113.77516961602997
556,27.8,ccurve,247,pure_pursuit,3.0,259.5091247558594,-363.9118347167969,2.909545421600342,0.017722102107784226,0.35,0.0,0.22543139758309996,0.6277105808258054,77,79,5.899327248872042,113.61272992572005
557,27.85,ccurve,247,pure_pursuit,3.0,259.8061828613281,-363.8929138183594,3.0101425647735596,0.010267615924486334,0.35,0.0,0.5175345816379757,0.5271134376525879,77,79,5.9999799699300596,113.45053982782316
558,27.900000000000002,ccurve,247,pure_pursuit,3.0,260.1025085449219,-363.8744201660156,3.02933669090271,0.05567907928105656,0.35,0.0,0.8128893565800902,0.5079193115234373,77,80,5.880007370304568,113.28962976027127
559,27.950000000000003,ccurve,247,pure_pursuit,3.0,260.4005126953125,-363.85406494140625,3.1565542221069336,0.04952489765733718,0.15,0.0,0.6794759329287788,1.1591315269470217,78,80,6.027005515365401,113.12682756676077
560,28.0,ccurve,247,pure_pursuit,3.0,260.6975402832031,-363.8315124511719,3.3424201011657715,0.038589485671074106,0.35,0.0,0.38408469566082537,0.973265647888184,78,80,5.922537501276802,112.96312988240149
561,28.05,ccurve,247,pure_pursuit,3.0,260.99456787109375,-363.8082580566406,3.553157329559326,0.02557017243250695,0.35,0.0,0.10443529023846664,0.7625284194946292,78,80,5.992763385589161,112.79936622606094
562,28.1,ccurve,247,pure_pursuit,3.0,261.289306640625,-363.7850036621094,3.679393768310547,0.016591155103440954,0.35,0.0,0.22552292013781292,0.6362919807434089,78,80,5.849539156029497,112.6372509142459
563,28.150000000000002,ccurve,247,pure_pursuit,3.0,261.5850830078125,-363.76220703125,3.764589548110962,0.009892746391353065,0.35,0.0,0.5163213126540794,0.5510962009429936,78,80,5.982058231009779,112.4755852700232
564,28.200000000000003,ccurve,247,pure_pursuit,3.0,261.8798522949219,-363.7399597167969,3.776750326156616,0.056355511067041245,0.35,0.0,0.8102885495306549,0.5389354228973395,78,81,5.883882001464939,112.31543293668098
565,28.25,ccurve,247,pure_pursuit,3.0,262.1756286621094,-363.71600341796875,3.9101734161376953,0.050004077236619836,0.35,0.0,0.6842307828248909,1.1839427947998047,79,81,5.979322542349126,112.15384888110269
566,28.3,ccurve,247,pure_pursuit,3.0,262.47021484375,-363.68975830078125,4.095757484436035,0.039146671657636065,0.35,0.0,0.39095346588393415,0.9983587265014643,79,81,5.856691483171527,111.99136217251115
567,28.35,ccurve,247,pure_pursuit,3.0,262.7666320800781,-363.6625061035156,4.292568206787109,0.026820656680306493,0.15,0.0,0.11059545470624564,0.8015480041503903,79,81,6.007845639019648,111.82767182995613
568,28.400000000000002,ccurve,247,pure_pursuit,3.0,263.06231689453125,-363.63519287109375,4.41942834854126,0.017786020487388258,0.35,0.0,0.22032537667878996,0.6746878623962403,79,81,5.9034040533641345,111.66482401275879
569,28.450000000000003,ccurve,247,pure_pursuit,3.0,263.3581237792969,-363.60845947265625,4.5234503746032715,0.010114280719604135,0.35,0.0,0.5110731966894306,0.5706658363342286,79,81,5.973978488519114,111.50298520369887
570,28.5,ccurve,247,pure_pursuit,3.0,263.6517028808594,-363.5823059082031,4.544390678405762,0.05629765597723571,0.35,0.0,0.8041054329907541,0.5497255325317382,79,82,5.830065721892138,111.34325125787936
571,28.55,ccurve,247,pure_pursuit,3.0,263.9459533691406,-363.5543518066406,4.672032833099365,0.050139847500996884,0.35,0.0,0.6917176299800211,1.2005128860473637,80,82,5.95958628584476,111.18216220349723
572,28.6,ccurve,247,pure_pursuit,3.0,264.2388916015625,-363.5242614746094,4.855816841125488,0.0393480345464885,0.35,0.0,0.39969708574542595,1.0167288780212405,80,82,5.86140535178168,111.02033390248897
573,28.650000000000002,ccurve,247,pure_pursuit,3.0,264.53302001953125,-363.49322509765625,5.066267967224121,0.02628266253331534,0.35,0.0,0.11973897580239762,0.8062777519226079,80,82,5.960659493349644,110.85766528023768
574,28.700000000000003,ccurve,247,pure_pursuit,3.0,264.82623291015625,-363.4621887207031,5.1931233406066895,0.017267908760891366,0.35,0.0,0.20861575558847456,0.6794223785400396,80,82,5.8390084971257945,110.69596564591778
575,28.75,ccurve,247,pure_pursuit,3.0,265.1214904785156,-363.4314880371094,5.278969764709473,0.010533189337001848,0.35,0.0,0.4984691325825884,0.593575954437256,80,82,5.990863444756064,110.53418600237462
576,28.8,ccurve,247,pure_pursuit,3.0,265.4162902832031,-363.4012756347656,5.295036315917969,0.05720329949163881,0.35,0.0,0.7929701241354475,0.5775094032287598,80,83,5.9010337133239075,110.37361014735566
577,28.85,ccurve,247,pure_pursuit,3.0,265.71221923828125,-363.3692932128906,5.433285236358643,0.05058126056946357,0.35,0.0,0.7009206443967493,1.2176909446716302,81,83,5.9983320338573165,110.21150828440125
578,28.900000000000002,ccurve,247,pure_pursuit,3.0,266.00701904296875,-363.3349914550781,5.624081611633301,0.039399707909394996,0.35,0.0,0.40658036883975884,1.0268945693969724,81,83,5.8774849411285475,110.04840569564024
579,28.950000000000003,ccurve,247,pure_pursuit,3.0,266.3036193847656,-363.2998046875,5.82489538192749,0.026949876088410152,0.15,0.0,0.12326814798226374,0.8260807991027825,81,83,6.028624314709123,109.88426706753297
580,29.0,ccurve,247,pure_pursuit,3.0,266.5995178222656,-363.264404296875,5.954446792602539,0.017725968171924997,0.35,0.0,0.20803670279588443,0.6965293884277339,81,83,5.924676398935974,109.72081638981764
581,29.05,ccurve,247,pure_pursuit,3.0,266.89556884765625,-363.22955322265625,6.059810638427734,0.009900788571952828,0.35,0.0,0.4989879851242755,0.5911655426025388,81,83,5.995037239557429,109.55835768647556
582,29.1,ccurve,247,pure_pursuit,3.0,267.1893615722656,-363.1954650878906,6.080979347229004,0.056484528714012286,0.35,0.0,0.7928823420467545,0.5699968338012693,81,84,5.851524749021921,109.39814907998415
583,29.150000000000002,ccurve,247,pure_pursuit,3.0,267.4837951660156,-363.1595764160156,6.2093186378479,0.05035484702288523,0.35,0.0,0.702061306848924,1.220087528228759,82,84,5.979794748217001,109.23660698556878
584,29.200000000000003,ccurve,247,pure_pursuit,3.0,267.7768249511719,-363.1214294433594,6.394904613494873,0.03942236880736527,0.35,0.0,0.4090161827638237,1.0345015525817864,82,84,5.881481280493205,109.07421214306518
585,29.25,ccurve,247,pure_pursuit,3.0,268.07098388671875,-363.0824279785156,6.607117176055908,0.026310470607950154,0.35,0.0,0.12718309334495081,0.8222889900207516,82,84,5.980289219225151,108.91111701700558
586,29.3,ccurve,247,pure_pursuit,3.0,268.3642272949219,-363.0433654785156,6.735373020172119,0.017199694006696895,0.35,0.0,0.20209273893222265,0.6940331459045405,82,84,5.858892964460376,108.74892741263906
587,29.35,ccurve,247,pure_pursuit,3.0,268.65948486328125,-363.004638671875,6.8221235275268555,0.010439154547417756,0.15,0.0,0.4922990313063311,0.6072826385498042,82,84,6.009695422763522,108.58673866986454
588,29.400000000000002,ccurve,247,pure_pursuit,3.0,268.9540710449219,-362.9664611816406,6.8389892578125,0.05735034716950563,0.35,0.0,0.7874057959417388,0.5904169082641594,82,85,5.9048758302974775,108.42590892589558
589,29.450000000000003,ccurve,247,pure_pursuit,3.0,269.2483215332031,-362.9266357421875,6.977105140686035,0.050758857204357986,0.35,0.0,0.7073232965701669,1.2307310104370115,83,85,5.971853581506796,108.2643070827919
590,29.5,ccurve,247,pure_pursuit,3.0,269.5399169921875,-362.88470458984375,7.166717529296875,0.03965426583704772,0.35,0.0,0.41512997921731803,1.0411186218261717,83,85,5.827010107710101,108.10249678947791
591,29.55,ccurve,247,pure_pursuit,3.0,269.8323059082031,-362.8419494628906,7.36731481552124,0.027213560158092866,0.35,0.0,0.1335025420232631,0.8405213356018068,83,85,5.960912218946212,107.94016624863264
592,29.6,ccurve,247,pure_pursuit,3.0,270.1237487792969,-362.7991027832031,7.494282245635986,0.018193013894531585,0.35,0.0,0.19403272005612668,0.7135539054870597,83,85,5.863341721411715,107.7787151977518
593,29.650000000000002,ccurve,247,pure_pursuit,3.0,270.41656494140625,-362.7566223144531,7.598182201385498,0.010515031952354467,0.35,0.0,0.4818597106960256,0.6096539497375478,83,85,5.962503381663364,107.61758772691238
594,29.700000000000003,ccurve,247,pure_pursuit,3.0,270.70855712890625,-362.7147216796875,7.619043350219727,0.057103681156213615,0.35,0.0,0.7748347735495604,0.5887928009033198,83,86,5.8405272521832075,107.45790305730064
595,29.75,ccurve,247,pure_pursuit,3.0,271.0020446777344,-362.6707763671875,7.748669147491455,0.05084149477341687,0.35,0.0,0.7201264576099273,1.2375969886779772,84,86,5.988365322944154,107.2963118214666
596,29.8,ccurve,247,pure_pursuit,3.0,271.29461669921875,-362.6246337890625,7.938823223114014,0.039680171522815604,0.35,0.0,0.4262811204748444,1.0474429130554195,84,86,5.898514037229315,107.1336723208514
597,29.85,ccurve,247,pure_pursuit,3.0,271.5885009765625,-362.5774841308594,8.154609680175781,0.026323232967588914,0.35,0.0,0.14161651795433594,0.8316564559936517,84,86,5.999186871850222,106.97014990692188
598,29.900000000000002,ccurve,247,pure_pursuit,3.0,271.8815612792969,-362.53033447265625,8.285107612609863,0.017074704900916643,0.35,0.0,0.18791364203656485,0.7011585235595693,84,86,5.879551963087539,106.80754187147353
599,29.950000000000003,ccurve,247,pure_pursuit,3.0,272.17669677734375,-362.4835510253906,8.372830390930176,0.010329158708224602,0.15,0.0,0.47808410884178,0.6134357452392577,84,86,6.030328759004003,106.64500695762831
600,30.0,ccurve,247,pure_pursuit,3.0,272.47119140625,-362.437255859375,8.3899507522583,0.05722330925823017,0.35,0.0,0.7741163993771072,0.5963153839111321,84,87,5.925992492553841,106.48376750395799
601,30.05,ccurve,247,pure_pursuit,3.0,272.7653503417969,-362.3893127441406,8.52823543548584,0.05062185761913665,0.35,0.0,0.7195988552141271,1.2364606857299791,85,87,5.992760521341973,106.321743769549
602,30.1,ccurve,247,pure_pursuit,3.0,273.0567321777344,-362.33935546875,8.718265533447266,0.039505280614487825,0.35,0.0,0.4263075738385119,1.0464305877685545,85,87,5.848314038750457,106.15956814852936
603,30.150000000000002,ccurve,247,pure_pursuit,3.0,273.3489074707031,-362.28851318359375,8.919384002685547,0.027020748177042073,0.35,0.0,0.14255960553227395,0.8453121185302731,85,87,5.981024918380487,105.99684199327325
604,30.200000000000003,ccurve,247,pure_pursuit,3.0,273.6401062011719,-362.2376403808594,9.046441078186035,0.018004118083300692,0.35,0.0,0.18576686516696828,0.7182550430297849,85,87,5.883371111693875,105.83505341272593
605,30.25,ccurve,247,pure_pursuit,3.0,273.9326171875,-362.1871032714844,9.150038719177246,0.010346122545450392,0.35,0.0,0.4738591430084378,0.6146574020385729,85,87,5.982082050806353,105.6736386658555
606,30.3,ccurve,247,pure_pursuit,3.0,274.2243347167969,-362.1371154785156,9.170490264892578,0.05701256845891335,0.35,0.0,0.7677319065652893,0.594205856323241,85,88,5.860342678278766,105.51362721057552
607,30.35,ccurve,247,pure_pursuit,3.0,274.51751708984375,-362.08514404296875,9.300100326538086,0.05080206657008088,0.15,0.0,0.7262963825395105,1.2430257797241195,86,88,6.007101100049903,105.3518078958601
608,30.400000000000002,ccurve,247,pure_pursuit,3.0,274.8094177246094,-362.031005859375,9.49101734161377,0.03962303908084665,0.35,0.0,0.43173577589004003,1.0521087646484375,86,88,5.902112151103922,105.18907693288271
609,30.450000000000003,ccurve,247,pure_pursuit,3.0,275.1011962890625,-361.97613525390625,9.707202911376953,0.026318248575883683,0.35,0.0,0.14717223471955904,0.8359231948852539,86,88,5.972538492211369,105.02630326248193
610,30.5,ccurve,247,pure_pursuit,3.0,275.3907165527344,-361.92144775390625,9.837987899780273,0.01705734428216753,0.35,0.0,0.18026840858016482,0.7051382064819336,86,88,5.828945397345478,104.86514715574936
611,30.55,ccurve,247,pure_pursuit,3.0,275.68133544921875,-361.86712646484375,9.926252365112305,0.010173235399462716,0.35,0.0,0.46670313616184317,0.6168737411499011,86,88,5.962592298173907,104.70449488656406
612,30.6,ccurve,247,pure_pursuit,3.0,275.9710693359375,-361.8135070800781,9.94048023223877,0.057229747735371005,0.35,0.0,0.7591845716363985,0.6026458740234364,86,89,5.864484606191035,104.54541537178281
613,30.650000000000002,ccurve,247,pure_pursuit,3.0,276.2616271972656,-361.7580261230469,10.076262474060059,0.050742767454870046,0.35,0.0,0.7368354693778698,1.2452936172485356,87,89,5.960297983155932,104.38489048070915
614,30.700000000000003,ccurve,247,pure_pursuit,3.0,276.5507507324219,-361.70037841796875,10.26492977142334,0.039717197238441464,0.35,0.0,0.4442387118183363,1.0566263198852548,87,89,5.837421897686441,104.22348066720069
615,30.75,ccurve,247,pure_pursuit,3.0,276.8415832519531,-361.6416015625,10.464408874511719,0.02731287594601366,0.35,0.0,0.15864292577985464,0.8571472167968751,87,89,5.989609980245842,104.06097438864288
616,30.8,ccurve,247,pure_pursuit,3.0,277.1319580078125,-361.5827331542969,10.593210220336914,0.018208364505128662,0.35,0.0,0.17016508794501575,0.7283458709716807,87,89,5.90024080490595,103.89914449710479
617,30.85,ccurve,247,pure_pursuit,3.0,277.423828125,-361.5240783691406,10.698724746704102,0.010401830116146043,0.15,0.0,0.4577378583623511,0.6228313446044926,87,89,6.000865614098436,103.73756058795666
618,30.900000000000002,ccurve,247,pure_pursuit,3.0,277.71484375,-361.4661560058594,10.720311164855957,0.05703633821082462,0.35,0.0,0.7521959612475076,0.6012449264526374,87,90,5.873506286921394,103.57757308712735
619,30.950000000000003,ccurve,247,pure_pursuit,3.0,278.0059509277344,-361.4064025878906,10.852484703063965,0.05069600198189102,0.35,0.0,0.7424765187240827,1.2475013732910158,88,90,5.98163461050945,103.4164488280888
620,31.0,ccurve,247,pure_pursuit,3.0,278.29443359375,-361.3447570800781,11.040352821350098,0.039672593824005696,0.35,0.0,0.44967748708525773,1.0596332550048837,88,90,5.862108788296,103.25510397530633
621,31.05,ccurve,247,pure_pursuit,3.0,278.58331298828125,-361.28228759765625,11.253767013549805,0.02652642980465501,0.35,0.0,0.16470759585860645,0.8462190628051758,88,90,5.953016893544492,103.0934394460082
622,31.1,ccurve,247,pure_pursuit,3.0,278.87091064453125,-361.2198791503906,11.38260555267334,0.017402317451689953,0.35,0.0,0.16252437291854652,0.7173805236816417,88,90,5.8258263730889395,102.93288088454376
623,31.150000000000002,ccurve,247,pure_pursuit,3.0,279.16033935546875,-361.1576843261719,11.469624519348145,0.010649044514360837,0.35,0.0,0.4476245799437504,0.6303615570068359,88,90,5.974462692120009,102.77246947692144
624,31.200000000000003,ccurve,247,pure_pursuit,3.0,279.44927978515625,-361.0960998535156,11.486043930053711,0.057485421986752196,0.35,0.0,0.7406967054182826,0.6139421463012699,88,91,5.883060568962491,102.61340395375149
625,31.25,ccurve,247,pure_pursuit,3.0,279.7391662597656,-361.03253173828125,11.624666213989258,0.050818249060234244,0.35,0.0,0.7544418665778758,1.2537508010864253,89,91,5.980287656369847,102.45275458020224
626,31.3,ccurve,247,pure_pursuit,3.0,280.027587890625,-360.966796875,11.815800666809082,0.03961069508390473,0.35,0.0,0.46075791258939985,1.0626163482666011,89,91,5.858899830171778,102.29118610183997
627,31.35,ccurve,247,pure_pursuit,3.0,280.31781005859375,-360.89996337890625,12.016794204711914,0.027152643762528506,0.15,0.0,0.17288962176876943,0.8616228103637698,89,91,6.010813228063691,102.12856934766887
628,31.400000000000002,ccurve,247,pure_pursuit,3.0,280.6072998046875,-360.83306884765625,12.14670181274414,0.017985002308404992,0.35,0.0,0.15719722983599294,0.731715202331542,89,91,5.906725496922734,101.96675521974427
629,31.450000000000003,ccurve,247,pure_pursuit,3.0,280.89697265625,-360.76666259765625,12.252782821655273,0.01016518244150575,0.35,0.0,0.44280398973950336,0.6256341934204092,89,91,5.977348172447477,101.80594856368201
630,31.5,ccurve,247,pure_pursuit,3.0,281.18450927734375,-360.7012023925781,12.274882316589355,0.05671638617165591,0.35,0.0,0.7352917876145316,0.6035346984863277,89,92,5.833560941934322,101.64736529765166
631,31.55,ccurve,247,pure_pursuit,3.0,281.4725036621094,-360.6339416503906,12.40390682220459,0.050546103998993897,0.35,0.0,0.7609142731963812,1.2529392242431638,90,92,5.962886293163963,101.4875410209588
632,31.6,ccurve,247,pure_pursuit,3.0,281.7588806152344,-360.5645751953125,12.58988094329834,0.03960873226701174,0.35,0.0,0.4683510373942728,1.066965103149415,90,92,5.864695565480635,101.32687720879834
633,31.650000000000002,ccurve,247,pure_pursuit,3.0,282.0462951660156,-360.4942626953125,12.802391052246094,0.02653350221184973,0.35,0.0,0.18178374794294153,0.8544549942016604,90,92,5.963875116510065,101.1655816262007
634,31.700000000000003,ccurve,247,pure_pursuit,3.0,282.3328552246094,-360.4239807128906,12.931052207946777,0.01747797347391093,0.35,0.0,0.14713806843407606,0.7257938385009778,90,92,5.842278318897566,101.00520336939807
635,31.75,ccurve,247,pure_pursuit,3.0,282.6214294433594,-360.3537292480469,13.018500328063965,0.01068353567631002,0.35,0.0,0.43121535401320543,0.6383457183837898,90,92,5.993974762140614,100.84480863133865
636,31.8,ccurve,247,pure_pursuit,3.0,282.90960693359375,-360.2840881347656,13.035840034484863,0.05747541074718801,0.35,0.0,0.7251396423925336,0.6210060119628915,90,93,5.904152975803614,100.68574009643949
637,31.85,ccurve,247,pure_pursuit,3.0,283.1986999511719,-360.2125244140625,13.17541790008545,0.050809350520799455,0.15,0.0,0.7690923596219572,1.259858131408692,91,93,6.001359554773118,100.52517979620309
638,31.900000000000002,ccurve,247,pure_pursuit,3.0,283.4861145019531,-360.1388244628906,13.367158889770508,0.03959949120204355,0.35,0.0,0.4744435725215446,1.0681171417236326,91,93,5.873148161696933,100.36375335297552
639,31.950000000000003,ccurve,247,pure_pursuit,3.0,283.7738952636719,-360.0643005371094,13.571928977966309,0.026953880056535467,0.35,0.0,0.1862162637118889,0.8633470535278324,91,93,5.985293345100083,100.20204807065187
640,32.0,ccurve,247,pure_pursuit,3.0,284.05963134765625,-359.989990234375,13.700784683227539,0.017798503751630217,0.35,0.0,0.14330750873211182,0.7344913482666025,91,93,5.866502031625882,100.04180703069164
641,32.050000000000004,ccurve,247,pure_pursuit,3.0,284.3460998535156,-359.9161682128906,13.804332733154297,0.01019446879015037,0.35,0.0,0.42559185649822584,0.6309432983398442,91,93,5.957305137566681,99.88241849380735
642,32.1,ccurve,247,pure_pursuit,3.0,284.63134765625,-359.8430480957031,13.823860168457031,0.0567433095516722,0.35,0.0,0.7174634212069374,0.6114158630371093,91,94,5.829760423162133,99.7246964887887
643,32.15,ccurve,247,pure_pursuit,3.0,284.9177551269531,-359.76788330078125,13.951285362243652,0.05062039798475556,0.35,0.0,0.7785035507578869,1.2624206542968752,92,94,5.9742306889519,99.56529429209374
644,32.2,ccurve,247,pure_pursuit,3.0,285.2029113769531,-359.6905822753906,14.138699531555176,0.03959757483833486,0.35,0.0,0.485070614505487,1.0750064849853522,92,94,5.882792584892485,99.40486220238303
645,32.25,ccurve,247,pure_pursuit,3.0,285.4892578125,-359.6122131347656,14.352496147155762,0.026409275765021493,0.35,0.0,0.19666588137222016,0.8612098693847665,92,94,5.983381027090399,99.24367363951184
646,32.300000000000004,ccurve,247,pure_pursuit,3.0,285.7747497558594,-359.533935546875,14.481910705566406,0.01729454285771308,0.35,0.0,0.1347606837707457,0.7317953109741229,92,94,5.863249370429029,99.08345474465197
647,32.35,ccurve,247,pure_pursuit,3.0,286.06231689453125,-359.4556884765625,14.569528579711914,0.010532696175344573,0.15,0.0,0.41768596231834526,0.6441774368286145,92,94,6.01468241669917,98.92327711083163
648,32.4,ccurve,247,pure_pursuit,3.0,286.34930419921875,-359.3780517578125,14.587196350097656,0.0573306014811444,0.35,0.0,0.7122594397210292,0.6265096664428709,92,95,5.910212160556007,98.76449266700457
649,32.45,ccurve,247,pure_pursuit,3.0,286.63580322265625,-359.298828125,14.725892066955566,0.050689789518600904,0.35,0.0,0.7826624339328332,1.266243934631347,93,95,5.977207380721281,98.60497289682792
650,32.5,ccurve,247,pure_pursuit,3.0,286.9193420410156,-359.2178955078125,14.915721893310547,0.03959020593625733,0.35,0.0,0.48978014910300455,1.0764141082763667,93,95,5.83251413828867,98.44531059511576
651,32.550000000000004,ccurve,247,pure_pursuit,3.0,287.2035827636719,-359.1360168457031,15.116374015808105,0.027168660557329707,0.35,0.0,0.2021064092649283,0.8757619857788087,93,95,5.966151596249433,98.28516613296651
652,32.6,ccurve,247,pure_pursuit,3.0,287.48681640625,-359.05419921875,15.24332332611084,0.01819243032822775,0.35,0.0,0.1289382121891151,0.7488126754760746,93,95,5.868585449095331,98.1259964030638
653,32.65,ccurve,247,pure_pursuit,3.0,287.771484375,-358.97265625,15.347282409667969,0.010656050042476838,0.35,0.0,0.40888130511482645,0.6448535919189471,93,95,5.9676231592101825,97.96731513348557
654,32.7,ccurve,247,pure_pursuit,3.0,288.05535888671875,-358.8916015625,15.368619918823242,0.05705445979057658,0.35,0.0,0.7013015660335863,0.6235160827636717,93,96,5.845695661572704,97.80996317396887
655,32.75,ccurve,247,pure_pursuit,3.0,288.34051513671875,-358.8084411621094,15.498790740966797,0.05077557337503096,0.35,0.0,0.7938416027354952,1.2717761993408196,94,96,5.993274616657781,97.6508721257722
656,32.800000000000004,ccurve,247,pure_pursuit,3.0,288.6243896484375,-358.72320556640625,15.689069747924805,0.03961994601243934,0.35,0.0,0.4993960571996791,1.0814971923828118,94,96,5.903437748461624,97.49078197771578
657,32.85,ccurve,247,pure_pursuit,3.0,288.9094543457031,-358.6368408203125,15.904814720153809,0.026336886914031434,0.15,0.0,0.20937512757169338,0.8657522201538093,94,96,6.004019471903178,97.32992115080911
658,32.9,ccurve,247,pure_pursuit,3.0,289.1935729980469,-358.5506286621094,16.035015106201172,0.017200065313458263,0.35,0.0,0.12468949510536557,0.7355518341064434,94,96,5.8770609417553095,97.17010861951402
659,32.95,ccurve,247,pure_pursuit,3.0,289.4783630371094,-358.46478271484375,16.12662124633789,0.01022969696637848,0.35,0.0,0.4048652822708308,0.6439456939697259,94,96,5.9890049221046535,97.01111549432665
660,33.0,ccurve,247,pure_pursuit,3.0,289.7613525390625,-358.37994384765625,16.14341163635254,0.057040437793348206,0.35,0.0,0.6974026047234473,0.6271553039550763,94,97,5.869681612074141,96.85422173779244
661,33.050000000000004,ccurve,247,pure_pursuit,3.0,290.0442199707031,-358.29345703125,16.280010223388672,0.05053040082527132,0.35,0.0,0.7990268708367203,1.2689876556396495,95,97,5.956922467737402,96.69641741942965
662,33.1,ccurve,247,pure_pursuit,3.0,290.3250732421875,-358.20501708984375,16.467679977416992,0.039562057089372694,0.35,0.0,0.5064741324313327,1.0813179016113297,95,97,5.828493305237886,96.53789699483472
663,33.15,ccurve,247,pure_pursuit,3.0,290.6073303222656,-358.1153564453125,16.665868759155273,0.027270174654486213,0.35,0.0,0.21770004138981733,0.8831291198730472,95,97,5.977192329264068,96.37847530548353
664,33.2,ccurve,247,pure_pursuit,3.0,290.8890075683594,-358.02569580078125,16.793283462524414,0.018304995952221,0.35,0.0,0.11667072874118929,0.7557144165039082,95,97,5.886260269212588,96.21984838048292
665,33.25,ccurve,247,pure_pursuit,3.0,291.1722106933594,-357.9361877441406,16.89822769165039,0.010704157350518618,0.35,0.0,0.39445346830371614,0.6507701873779311,95,97,5.986751856407837,96.06163288270267
666,33.300000000000004,ccurve,247,pure_pursuit,3.0,291.4547424316406,-357.8472595214844,16.920589447021484,0.05704242031754012,0.35,0.0,0.68763356780739,0.6284084320068373,95,98,5.8663176636885686,95.90480499503154
667,33.35,ccurve,247,pure_pursuit,3.0,291.7384948730469,-357.7560729980469,17.0518798828125,0.05068519383252982,0.15,0.0,0.806612889457276,1.27554702758789,96,98,6.013692317616764,95.7461469769646
668,33.4,ccurve,247,pure_pursuit,3.0,292.0207824707031,-357.6629333496094,17.243440628051758,0.039477172500611606,0.35,0.0,0.511252052121136,1.0839862823486313,96,98,5.909084298786086,95.58661821106995
669,33.45,ccurve,247,pure_pursuit,3.0,292.3028564453125,-357.5690002441406,17.459531784057617,0.02613648475912376,0.35,0.0,0.22125971709817974,0.8678951263427738,96,98,5.979484396250654,95.42703030240976
670,33.5,ccurve,247,pure_pursuit,3.0,292.58270263671875,-357.4757080078125,17.589834213256836,0.016989800981594482,0.35,0.0,0.11366608627891078,0.7375926971435541,96,98,5.836064887360538,95.26925737135426
671,33.550000000000004,ccurve,247,pure_pursuit,3.0,292.8636779785156,-357.3826599121094,17.677753448486328,0.010250042832410955,0.35,0.0,0.3893473520765234,0.6496734619140612,96,98,5.969354972187189,95.11210796894579
672,33.6,ccurve,247,pure_pursuit,3.0,293.1438903808594,-357.29034423828125,17.692102432250977,0.057168210712767745,0.35,0.0,0.6812575645256468,0.6353244781494144,96,99,5.8712400878496975,94.9565115642448
673,33.65,ccurve,247,pure_pursuit,3.0,293.42462158203125,-357.1961364746094,17.828163146972656,0.05068994796962908,0.35,0.0,0.814976814282487,1.2776927947998036,97,99,5.96691122736666,94.79961715167366
674,33.7,ccurve,247,pure_pursuit,3.0,293.70361328125,-357.0998840332031,18.016971588134766,0.03964595662272388,0.35,0.0,0.5216813376288844,1.0888843536376955,97,99,5.844126174796328,94.64179631532768
675,33.75,ccurve,247,pure_pursuit,3.0,293.98419189453125,-357.00225830078125,18.216524124145508,0.02723485355653381,0.35,0.0,0.23145662956092847,0.8893318176269537,97,99,5.995941918340144,94.48293723609007
676,33.800000000000004,ccurve,247,pure_pursuit,3.0,294.2642822265625,-356.90472412109375,18.345233917236328,0.0182353716253721,0.35,0.0,0.10694866422597706,0.7606220245361327,97,99,5.906575476304401,94.32494461647616
677,33.85,ccurve,247,pure_pursuit,3.0,294.5458984375,-356.8072204589844,18.450824737548828,0.01056508855444498,0.15,0.0,0.3823933398829571,0.6550312042236315,97,99,6.0070629699868565,94.16731379949833
678,33.9,ccurve,247,pure_pursuit,3.0,294.82672119140625,-356.71038818359375,18.4730281829834,0.05692624408052356,0.35,0.0,0.6762255279051576,0.6328277587890624,97,100,5.879755790226786,94.01119177058143
679,33.95,ccurve,247,pure_pursuit,3.0,295.1073913574219,-356.61181640625,18.60575294494629,0.050540923673204154,0.35,0.0,0.8186658328689118,1.278533935546875,98,100,5.987634390316364,93.8540844979194
680,34.0,ccurve,247,pure_pursuit,3.0,295.3851623535156,-356.51165771484375,18.793514251708984,0.03947991279797141,0.35,0.0,0.5252285906007751,1.0907726287841801,98,100,5.8681175525954945,93.69672522195594
681,34.050000000000004,ccurve,247,pure_pursuit,3.0,295.66326904296875,-356.4107666015625,19.00637435913086,0.02644693722734836,0.35,0.0,0.2360600318316332,0.8779125213623026,98,100,5.958881085628394,93.53924667144045
682,34.1,ccurve,247,pure_pursuit,3.0,295.9400939941406,-356.31005859375,19.13475799560547,0.017407929969288794,0.35,0.0,0.10240841671639452,0.7495288848876945,98,100,5.831742611584159,93.38288521634679
683,34.15,ccurve,247,pure_pursuit,3.0,296.21875,-356.2093200683594,19.22173500061035,0.010725745967312187,0.35,0.0,0.37413577989685814,0.6625518798828115,98,100,5.980050317811918,93.2267867958346
684,34.2,ccurve,247,pure_pursuit,3.0,296.4970397949219,-356.1091613769531,19.238454818725586,0.05737986668102717,0.35,0.0,0.6665450708721262,0.6458320617675765,98,101,5.8886485770474355,93.07201188042288
685,34.25,ccurve,247,pure_pursuit,3.0,296.7759704589844,-356.00701904296875,19.377294540405273,0.050712887059787666,0.35,0.0,0.8289135050163998,1.2854213714599623,99,101,5.985769054207178,92.91584890244617
686,34.300000000000004,ccurve,247,pure_pursuit,3.0,297.0531921386719,-355.9029235839844,19.56831932067871,0.039562621204634524,0.35,0.0,0.5345774186330675,1.0943965911865228,99,101,5.864458866985318,92.75879640542547
687,34.35,ccurve,247,pure_pursuit,3.0,297.33197021484375,-355.7974548339844,19.769264221191406,0.027126882468330782,0.15,0.0,0.24296139502049097,0.8934516906738283,99,101,6.016089390316148,92.60077468674153
688,34.4,ccurve,247,pure_pursuit,3.0,297.61004638671875,-355.6920471191406,19.899169921875,0.018020879637668023,0.35,0.0,0.09953702374663786,0.7635459899902329,99,101,5.91201801201794,92.44363841983797
689,34.45,ccurve,247,pure_pursuit,3.0,297.88836669921875,-355.5871276855469,20.005435943603516,0.010287017525794025,0.35,0.0,0.3709701997477016,0.6572799682617176,99,101,5.982547254462565,92.28762617697839
690,34.5,ccurve,247,pure_pursuit,3.0,298.1646728515625,-355.4833984375,20.028074264526367,0.05663389782768932,0.35,0.0,0.6626992045928232,0.6346416473388677,99,102,5.838825445053364,92.13385483996518
691,34.550000000000004,ccurve,247,pure_pursuit,3.0,298.4411926269531,-355.3778076171875,20.157560348510742,0.050419707249607204,0.35,0.0,0.8337931637139251,1.283586502075193,100,102,5.967856664769922,91.97890429597106
692,34.6,ccurve,247,pure_pursuit,3.0,298.7158203125,-355.2703857421875,20.34344482421875,0.03952009333324881,0.35,0.0,0.5406677396299364,1.0977020263671853,100,102,5.869643551847303,91.8231882114368
693,34.65,ccurve,247,pure_pursuit,3.0,298.99139404296875,-355.161865234375,20.555706024169922,0.02650701354212921,0.35,0.0,0.25067188642780364,0.8854408264160151,100,102,5.968716915898498,91.66690648286531
694,34.7,ccurve,247,pure_pursuit,3.0,299.2660217285156,-355.0534973144531,20.684240341186523,0.01749780137186638,0.35,0.0,0.09333465380547012,0.7569065093994117,100,102,5.8471719284150785,91.51163281636049
695,34.75,ccurve,247,pure_pursuit,3.0,299.5426940917969,-354.9449462890625,20.771820068359375,0.010808486906026333,0.35,0.0,0.36085300911926815,0.6693267822265598,100,102,5.998600668908135,91.35651535145611
696,34.800000000000004,ccurve,247,pure_pursuit,3.0,299.8190612792969,-354.8369445800781,20.789642333984375,0.05742903772325882,0.35,0.0,0.653980489644558,0.6515045166015624,100,103,5.908775425390093,91.20269582710584
697,34.85,ccurve,247,pure_pursuit,3.0,300.0960693359375,-354.7269592285156,20.929706573486328,0.050729907315228404,0.15,0.0,0.8405652539920556,1.2898693084716806,101,103,6.005905078405756,91.04752047144184
698,34.9,ccurve,247,pure_pursuit,3.0,300.3711242675781,-354.6150817871094,21.121524810791016,0.03953658673556095,0.35,0.0,0.5453760150069475,1.0980510711669929,101,103,5.877752214088799,90.8915129509039
699,34.95,ccurve,247,pure_pursuit,3.0,300.64642333984375,-354.5023498535156,21.326234817504883,0.02693787498797534,0.35,0.0,0.25396868598329797,0.8933410644531234,101,103,5.989715237218236,90.73532618599712
700,35.0,ccurve,247,pure_pursuit,3.0,300.91973876953125,-354.39019775390625,21.455095291137695,0.017923051669248895,0.35,0.0,0.09150263623605097,0.7644805908203134,101,103,5.870911273180146,90.58073539849318
701,35.050000000000004,ccurve,247,pure_pursuit,3.0,301.19378662109375,-354.27825927734375,21.55907440185547,0.010286310815855099,0.35,0.0,0.3565795658672192,0.6605014801025375,101,103,5.961603581018325,90.42694191129294
702,35.1,ccurve,247,pure_pursuit,3.0,301.466796875,-354.1672668457031,21.579242706298828,0.05669907322945914,0.35,0.0,0.6476264529166815,0.6403331756591804,101,104,5.83408279271598,90.27495144475107
703,35.15,ccurve,247,pure_pursuit,3.0,301.7406311035156,-354.0540466308594,21.70714569091797,0.050527647915849114,0.35,0.0,0.8486698047095071,1.290861129760741,102,104,5.978312087996448,90.12134174625554
704,35.2,ccurve,247,pure_pursuit,3.0,302.0129089355469,-353.93890380859375,21.89456558227539,0.03951626853792461,0.35,0.0,0.5547670471883362,1.1034412384033179,102,104,5.886887236570456,89.96677492111456
705,35.25,ccurve,247,pure_pursuit,3.0,302.2862243652344,-353.8225402832031,22.108154296875,0.02636577495787004,0.35,0.0,0.2635528808103258,0.8898525238037108,102,104,5.9873863487865435,89.81155656627745
706,35.300000000000004,ccurve,247,pure_pursuit,3.0,302.5587463378906,-353.7063293457031,22.237403869628906,0.017270100470456726,0.35,0.0,0.08714014822686002,0.7606029510498029,102,104,5.8673025834466195,89.65731787095484
707,35.35,ccurve,247,pure_pursuit,3.0,302.83331298828125,-353.5898742675781,22.324966430664062,0.010519608400011787,0.15,0.0,0.3500490141506395,0.6730403900146469,102,104,6.018529576862503,89.50326650677167
708,35.4,ccurve,247,pure_pursuit,3.0,303.10736083984375,-353.47412109375,22.342609405517578,0.05719223319458728,0.35,0.0,0.6436956110970687,0.6553974151611318,102,105,5.914059479046028,89.35071138282157
709,35.45,ccurve,247,pure_pursuit,3.0,303.3807678222656,-353.35693359375,22.481115341186523,0.05058357823333467,0.35,0.0,0.85156046851817,1.2953224182128906,103,105,5.981004585712055,89.1975520977935
710,35.5,ccurve,247,pure_pursuit,3.0,303.65093994140625,-353.2384338378906,22.67059898376465,0.039523293197485786,0.35,0.0,0.5582425715868435,1.1058387756347654,103,105,5.836376139359005,89.04424687234601
711,35.550000000000004,ccurve,247,pure_pursuit,3.0,303.9217224121094,-353.118896484375,22.87099838256836,0.027161955492242987,0.35,0.0,0.2679294191001241,0.9054393768310566,103,105,5.969808083094202,88.89054895045987
712,35.6,ccurve,247,pure_pursuit,3.0,304.1915283203125,-352.99951171875,22.99786949157715,0.018223342243213165,0.35,0.0,0.08442365735700291,0.7785682678222662,103,105,5.872208828106011,88.73784623168729
713,35.65,ccurve,247,pure_pursuit,3.0,304.46270751953125,-352.88018798828125,23.101951599121094,0.010668179415557599,0.35,0.0,0.34248209524081163,0.6744861602783212,103,105,5.971168721675301,88.58575482388112
714,35.7,ccurve,247,pure_pursuit,3.0,304.7332458496094,-352.7615051269531,23.12348747253418,0.05695692863108409,0.35,0.0,0.6339555031013013,0.6529502868652336,103,106,5.849282672949793,88.43510753123795
715,35.75,ccurve,247,pure_pursuit,3.0,305.00469970703125,-352.64056396484375,23.253686904907227,0.05065566475094487,0.35,0.0,0.8616735637175171,1.3011798858642607,104,106,5.996684231163011,88.28284178139566
716,35.800000000000004,ccurve,247,pure_pursuit,3.0,305.2746276855469,-352.5177307128906,23.44365692138672,0.03952143681149726,0.35,0.0,0.5667963723325702,1.111209869384767,104,106,5.906844269197283,88.12960963699584
717,35.85,ccurve,247,pure_pursuit,3.0,305.5456237792969,-352.3935852050781,23.658994674682617,0.02626870728013732,0.15,0.0,0.2743055733279666,0.8958721160888673,104,106,6.0073456606535744,87.97568724283428
718,35.9,ccurve,247,pure_pursuit,3.0,305.8156433105469,-352.2697448730469,23.788848876953125,0.017167750831150894,0.35,0.0,0.08295575922040026,0.7660179138183596,104,106,5.880427848586005,87.82291609888959
719,35.95,ccurve,247,pure_pursuit,3.0,306.08642578125,-352.146240234375,23.880273818969727,0.010298337958675765,0.35,0.0,0.33953752916975133,0.6745929718017583,104,106,5.992235668527051,87.67113857916266
720,36.0,ccurve,247,pure_pursuit,3.0,306.35546875,-352.02392578125,23.89718246459961,0.05699986735765077,0.35,0.0,0.6310166865518531,0.6576843261718776,104,107,5.872905420275456,87.52147242423266
721,36.050000000000004,ccurve,247,pure_pursuit,3.0,306.6242370605469,-351.8999938964844,24.03400230407715,0.05046377575675379,0.35,0.0,0.8658438574586124,1.299293518066407,105,107,5.9600522999045245,87.37096763145857
722,36.1,ccurve,247,pure_pursuit,3.0,306.8907165527344,-351.7744445800781,24.221641540527344,0.039530387909326496,0.35,0.0,0.5729102354700193,1.111654281616211,105,107,5.831655448283731,87.21981937536812
723,36.15,ccurve,247,pure_pursuit,3.0,307.1584167480469,-351.64739990234375,24.419797897338867,0.02722043214448552,0.35,0.0,0.28193825545122025,0.9134979248046865,105,107,5.980195268245697,87.06780184996087
724,36.2,ccurve,247,pure_pursuit,3.0,307.42559814453125,-351.5204162597656,24.547115325927734,0.018252264256760707,0.35,0.0,0.07975488062613367,0.7861804962158181,105,107,5.8892664426323895,86.91663669297873
725,36.25,ccurve,247,pure_pursuit,3.0,307.69427490234375,-351.3934326171875,24.651885986328125,0.010679260848309967,0.35,0.0,0.33018697546480946,0.6814098358154278,105,107,5.9897004646163445,86.76608492768042
726,36.300000000000004,ccurve,247,pure_pursuit,3.0,307.96234130859375,-351.26708984375,24.67409324645996,0.05694468865800433,0.35,0.0,0.6222870193247142,0.6592025756835939,105,108,5.869289240944592,86.61698160602285
727,36.35,ccurve,247,pure_pursuit,3.0,308.2313537597656,-351.1384582519531,24.805208206176758,0.05062913787301375,0.15,0.0,0.8724157096842734,1.306518554687501,106,108,6.016490561716944,86.46627795682454
728,36.4,ccurve,247,pure_pursuit,3.0,308.49853515625,-351.00799560546875,24.99652099609375,0.03939819283562007,0.35,0.0,0.5767447234379189,1.1152057647705087,106,108,5.911893196671858,86.31466116352624
729,36.45,ccurve,247,pure_pursuit,3.0,308.7654724121094,-350.876953125,25.212343215942383,0.026196844208514116,0.35,0.0,0.2846889324549995,0.8993835449218776,106,108,5.982256082433994,86.16324410462013
730,36.5,ccurve,247,pure_pursuit,3.0,309.03033447265625,-350.7466735839844,25.342697143554688,0.017083400212987165,0.35,0.0,0.07908791553842753,0.7690296173095701,106,108,5.838876314845003,86.01350172700859
731,36.550000000000004,ccurve,247,pure_pursuit,3.0,309.2962951660156,-350.61651611328125,25.43106460571289,0.010364999143576411,0.35,0.0,0.32590026739732225,0.6806621551513684,106,108,5.972000718643444,85.86455728279086
732,36.6,ccurve,247,pure_pursuit,3.0,309.56158447265625,-350.4871826171875,25.4460391998291,0.05716654406241368,0.35,0.0,0.6166596517004117,0.6656875610351582,106,109,5.873875084596203,85.71724427015593
733,36.65,ccurve,247,pure_pursuit,3.0,309.8271484375,-350.3558654785156,25.582630157470703,0.050624172142474166,0.35,0.0,0.88009950433644,1.3075256347656237,107,109,5.969492141541995,85.56869837162812
734,36.7,ccurve,247,pure_pursuit,3.0,310.09075927734375,-350.2228088378906,25.771575927734375,0.03960861778773112,0.35,0.0,0.5864116855995034,1.1185798645019516,107,109,5.846745835533839,85.41930549179936
735,36.75,ccurve,247,pure_pursuit,3.0,310.355712890625,-350.08819580078125,25.97109603881836,0.02725113531594173,0.35,0.0,0.29428705836046104,0.9190597534179675,107,109,5.998423494404442,85.26904117009873
736,36.800000000000004,ccurve,247,pure_pursuit,3.0,310.62017822265625,-349.95367431640625,26.099863052368164,0.018259238690061987,0.35,0.0,0.07734617412505898,0.7902927398681633,107,109,5.909061588787025,85.11966769889496
737,36.85,ccurve,247,pure_pursuit,3.0,310.88616943359375,-349.8189697265625,26.205623626708984,0.010588236201955089,0.15,0.0,0.3197654641032426,0.6845321655273432,107,109,6.009504780349743,84.97080483799319
738,36.9,ccurve,247,pure_pursuit,3.0,311.1515197753906,-349.6850280761719,26.228017807006836,0.05688076477524099,0.35,0.0,0.612483830384502,0.6621379852294914,107,110,5.882227401402875,84.82352242876786
739,36.95,ccurve,247,pure_pursuit,3.0,311.41644287109375,-349.54937744140625,26.360864639282227,0.050448497527248684,0.35,0.0,0.8828952890795625,1.3077220916748051,108,110,5.990000464545533,84.67533990222792
740,37.0,ccurve,247,pure_pursuit,3.0,311.6783142089844,-349.41259765625,26.548465728759766,0.03942249683107,0.35,0.0,0.5890688274180316,1.1201210021972656,108,110,5.8704791323439,84.5269497642529
741,37.050000000000004,ccurve,247,pure_pursuit,3.0,311.94036865234375,-349.27508544921875,26.76109504699707,0.02645150059965856,0.35,0.0,0.29810506476371346,0.9074916839599613,108,110,5.961175120540553,84.37859389943894
742,37.1,ccurve,247,pure_pursuit,3.0,312.201171875,-349.1378479003906,26.889415740966797,0.01741970195700653,0.35,0.0,0.07700329418381296,0.7791709899902352,108,110,5.8340565591657745,84.23133764990051
743,37.15,ccurve,247,pure_pursuit,3.0,312.46380615234375,-349.0003967285156,26.976482391357422,0.010796061186243652,0.35,0.0,0.3124667447992264,0.6921043395996109,108,110,5.98223723546143,84.08458021968436
744,37.2,ccurve,247,pure_pursuit,3.0,312.72613525390625,-348.8634948730469,26.993457794189453,0.057365702484094845,0.35,0.0,0.6036543825502476,0.6751289367675806,108,111,5.89083216590049,83.9391715978204
745,37.25,ccurve,247,pure_pursuit,3.0,312.98883056640625,-348.7246398925781,27.13258934020996,0.050698389891666286,0.35,0.0,0.8923139520319577,1.3144283294677728,109,111,5.987921546186506,83.79259293043779
746,37.300000000000004,ccurve,247,pure_pursuit,3.0,313.2495422363281,-348.583984375,27.32374382019043,0.03951320629396242,0.35,0.0,0.597659875353869,1.1232738494873051,109,111,5.866644742493867,83.64506255719057
747,37.35,ccurve,247,pure_pursuit,3.0,313.5116271972656,-348.4418029785156,27.524675369262695,0.0270954637230576,0.15,0.0,0.3043696016659314,0.9223423004150385,109,111,6.018153356561214,83.49676685459025
748,37.4,ccurve,247,pure_pursuit,3.0,313.77301025390625,-348.2998046875,27.654489517211914,0.018037683497177083,0.35,0.0,0.07690653722012676,0.7925281524658214,109,111,5.914091188990004,83.34947024146626
749,37.45,ccurve,247,pure_pursuit,3.0,314.03472900390625,-348.158203125,27.760784149169922,0.010318797887538343,0.35,0.0,0.3100695300238575,0.6862335205078128,109,111,5.984584603280995,83.20336774899214
750,37.5,ccurve,247,pure_pursuit,3.0,314.29461669921875,-348.0180358886719,27.783578872680664,0.056594552991049256,0.35,0.0,0.6005582485174038,0.663438796997069,109,112,5.840903985154381,83.05953165375361
751,37.550000000000004,ccurve,247,pure_pursuit,3.0,314.55438232421875,-347.87603759765625,27.913192749023438,0.05033456904469434,0.35,0.0,0.8950937253893224,0.5338249206542978,109,112,5.969810498872822,82.91466775853374
752,37.6,ccurve,247,pure_pursuit,3.0,314.8121032714844,-347.732421875,28.098928451538086,0.03941338720618321,0.35,0.0,0.6031200021143861,1.1265163421630888,110,112,5.871592928931553,82.76900486522968
753,37.65,ccurve,247,pure_pursuit,3.0,315.0705261230469,-347.5876159667969,28.310800552368164,0.02638314071355289,0.35,0.0,0.31163789625543925,0.9146442413330103,110,112,5.970618637390853,82.62294619557963
754,37.7,ccurve,247,pure_pursuit,3.0,315.3281555175781,-347.4431457519531,28.438804626464844,0.01745923929771667,0.35,0.0,0.07752446390318442,0.7866401672363306,110,112,5.8491037651425035,82.47802864456142
755,37.75,ccurve,247,pure_pursuit,3.0,315.5877380371094,-347.2982482910156,28.52602767944336,0.01085651317669058,0.15,0.0,0.30068219089459564,0.6994171142578155,110,112,6.0004206096590105,82.33349421107192
756,37.800000000000004,ccurve,247,pure_pursuit,3.0,315.84686279296875,-347.15399169921875,28.54437255859375,0.05733827195318726,0.35,0.0,0.5921804267893683,0.6810722351074239,110,113,5.895576190698441,82.19041895597489
757,37.85,ccurve,247,pure_pursuit,3.0,316.10516357421875,-347.00830078125,28.683658599853516,0.050609037783339694,0.35,0.0,0.8871734478419788,0.5417861938476571,110,113,5.9627156339802,82.0467242861403
758,37.9,ccurve,247,pure_pursuit,3.0,316.36016845703125,-346.8617858886719,28.872905731201172,0.03959869166885907,0.35,0.0,0.6118919115900231,1.1309700012207025,111,113,5.817757080673421,81.90298636152593
759,37.95,ccurve,247,pure_pursuit,3.0,316.61566162109375,-346.7140808105469,29.072629928588867,0.027261036576517145,0.35,0.0,0.3212909669442824,0.9312458038330078,111,113,5.952196056605072,81.75887120366662
760,38.0,ccurve,247,pure_pursuit,3.0,316.8702087402344,-346.5666809082031,29.199087142944336,0.018377629056153817,0.35,0.0,0.07935387789356657,0.8047885894775376,111,113,5.854665849222659,81.61585610541081
761,38.050000000000004,ccurve,247,pure_pursuit,3.0,317.12615966796875,-346.4191589355469,29.303207397460938,0.010844652326127751,0.35,0.0,0.2881373246477992,0.7006683349609393,111,113,5.9540293294785664,81.47356059378318
762,38.1,ccurve,247,pure_pursuit,3.0,317.38153076171875,-346.2724609375,29.325090408325195,0.057064305061360523,0.35,0.0,0.5772214357649629,0.678785324096678,111,114,5.831946109929369,81.33289836326088
763,38.15,ccurve,247,pure_pursuit,3.0,317.63763427734375,-346.12335205078125,29.45539665222168,0.05077981438262982,0.35,0.0,0.8719356070794897,0.5484790802001938,111,114,5.980287050599609,81.19067147272087
764,38.2,ccurve,247,pure_pursuit,3.0,317.89202880859375,-345.9724426269531,29.645282745361328,0.039650200663178065,0.35,0.0,0.6255475759877479,1.1370258331298848,112,114,5.890431505085969,81.0474251561113
765,38.25,ccurve,247,pure_pursuit,3.0,318.1473083496094,-345.8202209472656,29.860544204711914,0.026472815356492513,0.35,0.0,0.3326665816420534,0.9217643737792982,112,114,5.99127039184053,80.90372581965096
766,38.300000000000004,ccurve,247,pure_pursuit,3.0,318.4018249511719,-345.6682434082031,29.99094581604004,0.017387514888236887,0.35,0.0,0.08229366405191697,0.7913627624511677,112,114,5.871535522075092,80.76107969944538
767,38.35,ccurve,247,pure_pursuit,3.0,318.6583557128906,-345.51568603515625,30.079492568969727,0.010626713245250512,0.15,0.0,0.2822099304578318,0.7028160095214837,112,114,6.022738235114215,80.61877466498161
768,38.400000000000006,ccurve,247,pure_pursuit,3.0,318.91448974609375,-345.3638916015625,30.097991943359375,0.007663421064908137,0.35,0.0,0.574259189719273,0.6843166351318352,112,114,5.918363791780328,80.47806949962819
769,38.45,ccurve,247,pure_pursuit,3.0,319.17108154296875,-345.2127380371094,30.116952896118164,0.05846740569914173,0.35,0.0,0.8701675017309772,0.6653556823730467,112,115,5.989110456369356,80.33888327202193
770,38.5,ccurve,247,pure_pursuit,3.0,319.4244384765625,-345.0609436035156,30.206010818481445,0.05479877405098164,0.35,0.0,0.6269950525875366,1.3547267913818402,113,115,5.841472317607087,80.199756571233
771,38.550000000000004,ccurve,247,pure_pursuit,3.0,319.6771545410156,-344.90655517578125,30.425554275512695,0.04234264463089412,0.35,0.0,0.33443701616846433,1.1351833343505862,113,115,5.972414066203002,80.05885277385948
772,38.6,ccurve,247,pure_pursuit,3.0,319.92840576171875,-344.7515869140625,30.61871910095215,0.030098527155336348,0.35,0.0,0.07883562312272811,0.9420185089111349,113,115,5.875054996038614,79.91813499178741
773,38.650000000000006,ccurve,247,pure_pursuit,3.0,320.18072509765625,-344.5960998535156,30.797239303588867,0.018383792277097907,0.35,0.0,0.27472597091483103,0.7634983062744194,113,115,5.974062141579404,79.77780823590923
774,38.7,ccurve,247,pure_pursuit,3.0,320.43243408203125,-344.4412536621094,30.88052749633789,0.01155030316612037,0.35,0.0,0.5651755840832303,0.680210113525395,113,115,5.852445237232357,79.63893777371963
775,38.75,ccurve,247,pure_pursuit,3.0,320.6861572265625,-344.2859191894531,30.92647933959961,0.05873218883148128,0.15,0.0,0.8610044485359652,0.6342582702636748,113,116,6.003445857953176,79.50057144928351
776,38.800000000000004,ccurve,247,pure_pursuit,3.0,320.9381103515625,-344.1295166015625,31.03707504272461,0.053585399196071914,0.35,0.0,0.6344686958103658,1.3020935058593743,114,116,5.895126849406377,79.3618888068278
777,38.85,ccurve,247,pure_pursuit,3.0,321.1888732910156,-343.97113037109375,31.273908615112305,0.04001524705301228,0.35,0.0,0.34122253255243706,1.0652599334716775,114,116,5.964271366315336,79.22200737775461
778,38.900000000000006,ccurve,247,pure_pursuit,3.0,321.4370422363281,-343.8130798339844,31.46510124206543,0.02779376274803882,0.35,0.0,0.08117589734990976,0.8740673065185562,114,116,5.820539474843365,79.08312564150548
779,38.95,ccurve,247,pure_pursuit,3.0,321.6861572265625,-343.6546325683594,31.61972999572754,0.01730938674449135,0.35,0.0,0.2652795821219571,0.719438552856442,114,116,5.95505710556114,78.94477670807792
780,39.0,ccurve,247,pure_pursuit,3.0,321.93463134765625,-343.4969787597656,31.689319610595703,0.011259691342470816,0.35,0.0,0.5544137220301685,0.6498489379882787,114,116,5.857228830177849,78.8080280088955
781,39.050000000000004,ccurve,247,pure_pursuit,3.0,322.1846008300781,-343.3392639160156,31.742080688476562,0.0575236051625516,0.35,0.0,0.8483198102269867,0.5970878601074183,114,117,5.956575269531318,78.67221153977131
782,39.1,ccurve,247,pure_pursuit,3.0,322.43267822265625,-343.180419921875,31.84712791442871,0.05263423567137082,0.35,0.0,0.648891990591292,1.2704715728759772,115,117,5.8311343690952855,78.535977156999
783,39.150000000000006,ccurve,247,pure_pursuit,3.0,322.6810302734375,-343.0187072753906,32.0635871887207,0.04015198760763751,0.35,0.0,0.3555918640163307,1.0540122985839824,115,117,5.982088397523479,78.39778249764083
784,39.2,ccurve,247,pure_pursuit,3.0,322.9284362792969,-342.8563537597656,32.2487907409668,0.028289724455805666,0.35,0.0,0.08765002272750312,0.8688087463378904,115,117,5.8929540701886785,78.25973653386991
785,39.25,ccurve,247,pure_pursuit,3.0,323.1771545410156,-342.6933898925781,32.41744613647461,0.01713280000776643,0.35,0.0,0.25441216537656186,0.7001533508300807,115,117,5.9937834603137565,78.12209186300686
786,39.300000000000004,ccurve,247,pure_pursuit,3.0,323.4253234863281,-342.531005859375,32.49217224121094,0.010751540010023502,0.35,0.0,0.5456528162242762,0.6254272460937538,115,117,5.873886975961557,77.98585780807248
787,39.35,ccurve,247,pure_pursuit,3.0,323.6755676269531,-342.3681640625,32.53197479248047,0.05732928137014665,0.15,0.0,0.8425493047301181,0.5856246948242184,115,118,6.024814148062888,77.85028212519519
788,39.400000000000006,ccurve,247,pure_pursuit,3.0,323.9240417480469,-342.2042236328125,32.636837005615234,0.052461651369153234,0.35,0.0,0.6514770130695758,1.2591896057128904,116,118,5.917088400749227,77.71432955354987
789,39.45,ccurve,247,pure_pursuit,3.0,324.1712341308594,-342.0384216308594,32.867759704589844,0.039224777060981604,0.35,0.0,0.35683707042361823,1.028266906738279,116,118,5.9860569275200515,77.57728565127913
790,39.5,ccurve,247,pure_pursuit,3.0,324.4159240722656,-341.873046875,33.05429458618164,0.02732928115134526,0.35,0.0,0.08845268773697088,0.8417320251464855,116,118,5.842710088791212,77.44127432909958
791,39.550000000000004,ccurve,247,pure_pursuit,3.0,324.6614685058594,-341.7072448730469,33.205997467041016,0.01704799152537991,0.35,0.0,0.25139320612344673,0.6900291442871117,116,118,5.976005787235261,77.3058308496588
792,39.6,ccurve,247,pure_pursuit,3.0,324.9063720703125,-341.5422058105469,33.2738037109375,0.011096089222328792,0.35,0.0,0.5413596414276423,0.6222229003906234,116,118,5.87807961304787,77.1719647937055
793,39.650000000000006,ccurve,247,pure_pursuit,3.0,325.15277099609375,-341.3771057128906,33.32551193237305,0.056812836621452506,0.35,0.0,0.8362934126948603,0.5705146789550811,116,119,5.976975713283446,77.03912809214248
794,39.7,ccurve,247,pure_pursuit,3.0,325.397216796875,-341.2109680175781,33.42908477783203,0.05200059837492965,0.35,0.0,0.659779374762498,1.245372772216801,117,119,5.851843163099196,76.90592175020542
795,39.75,ccurve,247,pure_pursuit,3.0,325.6418762207031,-341.04193115234375,33.643367767333984,0.03962946697825842,0.15,0.0,0.36528692020503,1.031089782714844,117,119,6.00169343590561,76.7707778183835
796,39.800000000000004,ccurve,247,pure_pursuit,3.0,325.8853454589844,-340.87249755859375,33.826744079589844,0.027904811785083302,0.35,0.0,0.09302993251827409,0.8477134704589854,117,119,5.8974250192399875,76.63599278956816
797,39.85,ccurve,247,pure_pursuit,3.0,326.12896728515625,-340.703125,33.99386215209961,0.016822137380269546,0.35,0.0,0.2446794381555278,0.6805953979492219,117,119,5.968045961756071,76.50220233354193
798,39.900000000000006,ccurve,247,pure_pursuit,3.0,326.370849609375,-340.53521728515625,34.067420959472656,0.010535852699810819,0.35,0.0,0.5335994695368087,0.6070365905761731,117,119,5.824193255359399,76.37052857762428
799,39.95,ccurve,247,pure_pursuit,3.0,326.6139831542969,-340.3674011230469,34.10672378540039,0.05668320380850877,0.35,0.0,0.8273377483364565,0.5677337646484374,117,120,5.957890865269303,76.2400401308271
800,40.0,ccurve,247,pure_pursuit,3.0,326.8551025390625,-340.1986389160156,34.205894470214844,0.052071809568706134,0.35,0.0,0.6699068363881756,1.2469940185546835,118,120,5.8565490649084895,76.10923483182742
801,40.050000000000004,ccurve,247,pure_pursuit,3.0,327.09588623046875,-340.0274658203125,34.43106460571289,0.039169511491813844,0.35,0.0,0.377200208732703,1.021823883056639,118,120,5.9546403264261265,75.97691058465266
802,40.1,ccurve,247,pure_pursuit,3.0,327.3353576660156,-339.85595703125,34.613182067871094,0.02754812533486755,0.35,0.0,0.10302235830818893,0.8397064208984368,118,120,5.832909144538559,75.84496723035069
803,40.150000000000006,ccurve,247,pure_pursuit,3.0,327.5765075683594,-339.683349609375,34.76179885864258,0.01743390004300601,0.35,0.0,0.23095114581490644,0.6910896301269527,118,120,5.985426229899478,75.71312685346831
804,40.2,ccurve,247,pure_pursuit,3.0,327.81744384765625,-339.51129150390625,34.83101272583008,0.01145474702480556,0.35,0.0,0.5209626184379205,0.6218757629394499,118,120,5.89577262368593,75.58272662231784
805,40.25,ccurve,247,pure_pursuit,3.0,328.05999755859375,-339.33892822265625,34.884979248046875,0.05662628796044595,0.35,0.0,0.816766488300425,0.5679092407226517,118,121,5.996569989954861,75.4532345195734
806,40.300000000000004,ccurve,247,pure_pursuit,3.0,328.3006591796875,-339.16558837890625,34.990352630615234,0.05169561257107428,0.35,0.0,0.6782153907095599,1.240962982177733,119,121,5.873293651216401,75.32340775545907
807,40.35,ccurve,247,pure_pursuit,3.0,328.54144287109375,-338.98931884765625,35.20515441894531,0.03925658650641631,0.15,0.0,0.38250588038932737,1.0261611938476556,119,121,6.023130681003762,75.19166389923616
808,40.400000000000006,ccurve,247,pure_pursuit,3.0,328.7810974121094,-338.81268310546875,35.38814926147461,0.027543162448166517,0.35,0.0,0.10479525262376795,0.8431663513183562,119,121,5.919356474817185,75.06031270088155
809,40.45,ccurve,247,pure_pursuit,3.0,329.0209045410156,-338.63616943359375,35.554283142089844,0.016549360004520765,0.35,0.0,0.2300395788373835,0.6770324707031207,119,121,5.989765187529206,74.93006202336105
810,40.5,ccurve,247,pure_pursuit,3.0,329.25897216796875,-338.4611511230469,35.626861572265625,0.01032155625531261,0.35,0.0,0.5194220042634616,0.6044540405273446,119,121,5.846321272032876,74.80191550054617
811,40.550000000000004,ccurve,247,pure_pursuit,3.0,329.4983215332031,-338.28619384765625,35.665470123291016,0.056418901979039024,0.35,0.0,0.8141249337343848,0.5658454895019497,119,122,5.978808706222028,74.67502113493228
812,40.6,ccurve,247,pure_pursuit,3.0,329.7356262207031,-338.1103820800781,35.7640380859375,0.05187246728290855,0.35,0.0,0.6821390341004818,1.2457084655761712,120,122,5.877372867074387,74.5478566452315
813,40.650000000000006,ccurve,247,pure_pursuit,3.0,329.9725036621094,-337.9320983886719,35.988914489746094,0.038972298633515895,0.35,0.0,0.388286768799213,1.0208320617675755,120,122,5.974975454906078,74.41913921154986
814,40.7,ccurve,247,pure_pursuit,3.0,330.2080383300781,-337.7535400390625,36.17094039916992,0.027348449202383326,0.35,0.0,0.11094716207981105,0.8388061523437513,120,122,5.853499057203928,74.29084409626424
815,40.75,ccurve,247,pure_pursuit,3.0,330.4452209472656,-337.573974609375,36.31951904296875,0.01732689156030932,0.15,0.0,0.22215280376280114,0.6902275085449207,120,122,6.004934787560455,74.16285456917343
816,40.800000000000004,ccurve,247,pure_pursuit,3.0,330.6820373535156,-337.3949890136719,36.389095306396484,0.01135591262635904,0.35,0.0,0.5125497157127427,0.6206512451171854,120,122,5.90024735913706,74.03633052209359
817,40.85,ccurve,247,pure_pursuit,3.0,330.91925048828125,-337.216552734375,36.44385528564453,0.05644557119653201,0.35,0.0,0.8075770249349581,0.5658912658691388,120,123,5.970993493302461,73.91140269803343
818,40.900000000000006,ccurve,247,pure_pursuit,3.0,331.1534423828125,-337.0379943847656,36.547630310058594,0.05157794792114695,0.35,0.0,0.6894906117565685,1.2405471801757821,121,123,5.823626339456772,73.78669079871729
819,40.95,ccurve,247,pure_pursuit,3.0,331.3869323730469,-336.857177734375,36.759788513183594,0.039322019420074274,0.35,0.0,0.39671618867943526,1.0283889770507812,121,123,5.956098606581029,73.66058817882252
820,41.0,ccurve,247,pure_pursuit,3.0,331.6190185546875,-336.6761169433594,36.93776321411133,0.027857654668186585,0.35,0.0,0.11884479064746588,0.8504142761230481,121,123,5.858729851417923,73.53490649073893
821,41.050000000000004,ccurve,247,pure_pursuit,3.0,331.85223388671875,-336.4944763183594,37.10072326660156,0.017050093877139173,0.35,0.0,0.21123725291171713,0.6874542236328126,121,123,5.9580513213593544,73.40987889723688
822,41.1,ccurve,247,pure_pursuit,3.0,332.08489990234375,-336.31353759765625,37.17177200317383,0.010958289395573237,0.35,0.0,0.4989972910218033,0.6164054870605471,121,123,5.836163560810084,73.28638821460211
823,41.150000000000006,ccurve,247,pure_pursuit,3.0,332.3196105957031,-336.1319885253906,37.20998001098633,0.05687151817983924,0.35,0.0,0.7938223605185512,0.5781974792480505,121,124,5.988010474902964,73.1637571888555
824,41.2,ccurve,247,pure_pursuit,3.0,332.5526123046875,-335.94927978515625,37.3126106262207,0.05205111073267178,0.35,0.0,0.7017362423275014,1.2539939880371096,122,124,5.894974714108798,73.0405960395971
825,41.25,ccurve,247,pure_pursuit,3.0,332.7853088378906,-335.7640686035156,37.54083251953125,0.03897838409569045,0.35,0.0,0.4067981087508595,1.0257720947265672,122,124,5.994501228889504,72.91592641765774
826,41.300000000000004,ccurve,247,pure_pursuit,3.0,333.0167236328125,-335.5785217285156,37.72511291503906,0.02721661502362281,0.35,0.0,0.1254957916743431,0.841491699218749,122,124,5.874805348835986,72.79162153196016
827,41.35,ccurve,247,pure_pursuit,3.0,333.249755859375,-335.39178466796875,37.87480163574219,0.017014473587919306,0.15,0.0,0.20673530271940574,0.6918029785156266,122,124,6.026184770936245,72.66755979780257
828,41.400000000000006,ccurve,247,pure_pursuit,3.0,333.4824523925781,-335.205810546875,37.94428634643555,0.011047065816435648,0.35,0.0,0.49728972720448644,0.6223182678222696,122,124,5.9219770324165335,72.54516991196435
829,41.45,ccurve,247,pure_pursuit,3.0,333.7156982421875,-335.0203552246094,37.99806594848633,0.056211962037260185,0.35,0.0,0.793337498977905,0.5685386657714895,122,125,5.992503459245471,72.4244395897411
830,41.5,ccurve,247,pure_pursuit,3.0,333.94580078125,-334.83489990234375,38.10110855102539,0.05140432205221572,0.35,0.0,0.7027618934254001,1.2439270019531206,123,125,5.845553386357313,72.3039269815514
831,41.550000000000004,ccurve,247,pure_pursuit,3.0,334.1752014160156,-334.6472473144531,38.313323974609375,0.03922877221531357,0.35,0.0,0.4088295836306925,1.0317115783691395,123,125,5.976782396227665,72.18211885940983
832,41.6,ccurve,247,pure_pursuit,3.0,334.403076171875,-334.45941162109375,38.49161148071289,0.027801418690936674,0.35,0.0,0.12832341139606396,0.8534240722656248,123,125,5.879327194851102,72.06074358579444
833,41.650000000000006,ccurve,247,pure_pursuit,3.0,334.6320495605469,-334.2707824707031,38.654998779296875,0.0168966588971718,0.35,0.0,0.20176297215366368,0.6900367736816411,123,125,5.978198936322154,71.93990594358739
834,41.7,ccurve,247,pure_pursuit,3.0,334.8605651855469,-334.0830383300781,38.726226806640625,0.010880432700502277,0.35,0.0,0.4899236075924686,0.6188087463378869,123,125,5.856560865813668,71.82081771865532
835,41.75,ccurve,247,pure_pursuit,3.0,335.09100341796875,-333.89459228515625,38.764610290527344,0.05675786289101606,0.15,0.0,0.7856208206164599,0.5804252624511697,123,126,6.007324793138368,71.70260630534763
836,41.800000000000004,ccurve,247,pure_pursuit,3.0,335.3194885253906,-333.7052001953125,38.86758804321289,0.05191513985471712,0.35,0.0,0.7093068439084775,1.2558784484863292,124,126,5.899192620977167,71.58398403637679
837,41.85,ccurve,247,pure_pursuit,3.0,335.5465087890625,-333.51422119140625,39.09502410888672,0.03888027103065527,0.35,0.0,0.41504704411629617,1.0284423828124996,124,126,5.96837799420485,71.46446096767896
838,41.900000000000006,ccurve,247,pure_pursuit,3.0,335.77117919921875,-333.32391357421875,39.27804946899414,0.02724090433523161,0.35,0.0,0.13446304658172448,0.8454170227050762,124,126,5.824679501525785,71.34594166219055
839,41.95,ccurve,247,pure_pursuit,3.0,335.99664306640625,-333.13299560546875,39.42724609375,0.017109730763128175,0.35,0.0,0.19400554635934877,0.6962203979492178,124,126,5.958941546694189,71.22808822099688
840,42.0,ccurve,247,pure_pursuit,3.0,336.2215881347656,-332.94293212890625,39.49385070800781,0.01128821264302338,0.35,0.0,0.4804337661303915,0.6296157836914058,124,126,5.861081551366098,71.11193139740041
841,42.050000000000004,ccurve,247,pure_pursuit,3.0,336.447998046875,-332.752685546875,39.54551315307617,0.056441565617792844,0.35,0.0,0.7741039383942209,0.5779533386230462,124,127,5.9603423497137635,70.99706667343634
842,42.1,ccurve,247,pure_pursuit,3.0,336.67236328125,-332.5615539550781,39.64815902709961,0.05162283238281503,0.35,0.0,0.722830048488054,1.2537384033203143,125,127,5.835048448362157,70.88179032510051
843,42.150000000000006,ccurve,247,pure_pursuit,3.0,336.89666748046875,-332.36761474609375,39.85989761352539,0.03942610575572973,0.35,0.0,0.4286123218816805,1.041999816894532,125,127,5.985865198846247,70.76486095125549
844,42.2,ccurve,247,pure_pursuit,3.0,337.1199951171875,-332.1731872558594,40.0404167175293,0.027911213301790017,0.35,0.0,0.1450177234318627,0.8614807128906239,125,127,5.896698273642599,70.64821705565086
845,42.25,ccurve,247,pure_pursuit,3.0,337.3444519042969,-331.9779357910156,40.205657958984375,0.01697488118985612,0.35,0.0,0.18483322330434457,0.6962394714355508,125,127,5.99745461965803,70.5321926928657
846,42.300000000000004,ccurve,247,pure_pursuit,3.0,337.5685119628906,-331.7833557128906,40.27838897705078,0.010812222894925247,0.35,0.0,0.4728395504629162,0.6235084533691422,125,127,5.877600553922081,70.41774586674919
847,42.35,ccurve,247,pure_pursuit,3.0,337.7945556640625,-331.5880126953125,40.317630767822266,0.05658375986099349,0.15,0.0,0.7694646085164383,0.5842666625976608,125,128,6.028344148241283,70.3042758158651
848,42.400000000000006,ccurve,247,pure_pursuit,3.0,338.0186767578125,-331.3918151855469,40.42106628417969,0.05173896924060925,0.35,0.0,0.7244391363468289,1.259258270263674,126,128,5.920736548537352,70.19046411098134
849,42.45,ccurve,247,pure_pursuit,3.0,338.2413330078125,-331.19403076171875,40.64876937866211,0.03871967953684055,0.35,0.0,0.4289384403378255,1.0315551757812518,126,128,5.98968730405988,70.07575518186425
850,42.5,ccurve,247,pure_pursuit,3.0,338.4615173339844,-330.9969482421875,40.83206558227539,0.027006003265646755,0.35,0.0,0.14592994352316505,0.8482589721679679,126,128,5.8463788947626645,69.96197152396641
851,42.550000000000004,ccurve,247,pure_pursuit,3.0,338.6826171875,-330.79937744140625,40.98135757446289,0.01697826509209144,0.35,0.0,0.18317443057650254,0.6989669799804696,126,128,5.9794433234331645,69.84909837768289
852,42.6,ccurve,247,pure_pursuit,3.0,338.903076171875,-330.60260009765625,41.04780197143555,0.011143802345637367,0.35,0.0,0.46977617671921795,0.6325225830078133,126,128,5.881489639805476,69.73783355871377
853,42.650000000000006,ccurve,247,pure_pursuit,3.0,339.125,-330.4056091308594,41.09916305541992,0.05632346897102366,0.35,0.0,0.7643539213518471,0.581161499023438,126,129,5.980317092164757,69.62794463964276
854,42.7,ccurve,247,pure_pursuit,3.0,339.34490966796875,-330.2078552246094,41.201820373535156,0.05155944797219454,0.35,0.0,0.731696192137901,1.2569389343261703,127,129,5.855291943162935,69.51773720387934
855,42.75,ccurve,247,pure_pursuit,3.0,339.5646057128906,-330.0071716308594,41.41416549682617,0.03928757982837839,0.15,0.0,0.4364126713495779,1.0445938110351576,127,129,6.004981990235545,69.40579491522028
856,42.800000000000004,ccurve,247,pure_pursuit,3.0,339.7831115722656,-329.8062744140625,41.595516204833984,0.027720608100004606,0.35,0.0,0.15147393984508617,0.8632431030273414,127,129,5.900720802687077,69.2943298445042
857,42.85,ccurve,247,pure_pursuit,3.0,340.001708984375,-329.60540771484375,41.761131286621094,0.016733969435405775,0.35,0.0,0.17789025859099772,0.6976280212402324,127,129,5.971293542676381,69.18401982315049
858,42.900000000000006,ccurve,247,pure_pursuit,3.0,340.2188720703125,-329.4062805175781,41.83378601074219,0.010617657693829734,0.35,0.0,0.4631595242990514,0.6249732971191432,127,129,5.82748450364795,69.07591576577562
859,42.95,ccurve,247,pure_pursuit,3.0,340.43719482421875,-329.2070617675781,41.87300491333008,0.05638662365521107,0.35,0.0,0.7564984393553211,0.58575439453125,127,130,5.960994366635581,68.9692376330372
860,43.0,ccurve,247,pure_pursuit,3.0,340.6533508300781,-329.0071716308594,41.97183609008789,0.05173959972865344,0.35,0.0,0.7408730292024928,1.2653541564941404,128,130,5.859671009891495,68.86224193333462
861,43.050000000000004,ccurve,247,pure_pursuit,3.0,340.8689270019531,-328.8049011230469,42.195743560791016,0.03889080265038592,0.35,0.0,0.44745189523572865,1.04144668579102,128,130,5.957712556260868,68.75391490586311
862,43.1,ccurve,247,pure_pursuit,3.0,341.0831604003906,-328.6025390625,42.376373291015625,0.02739196344902775,0.35,0.0,0.163445293804135,0.860816955566407,128,130,5.8360076279588675,68.64610154599947
863,43.150000000000006,ccurve,247,pure_pursuit,3.0,341.29888916015625,-328.3988952636719,42.52387237548828,0.017403804269363755,0.35,0.0,0.1657696079153565,0.7133178710937503,128,130,5.988357044036116,68.53876571198724
864,43.2,ccurve,247,pure_pursuit,3.0,341.5145263671875,-328.19573974609375,42.59245681762695,0.011509048656512451,0.35,0.0,0.45151311697584945,0.6447334289550789,128,130,5.898691178123441,68.43296375864644
865,43.25,ccurve,247,pure_pursuit,3.0,341.7316589355469,-327.99212646484375,42.64639663696289,0.05641291524399603,0.35,0.0,0.7468443298127696,0.5907936096191432,128,131,5.999421906989197,68.32843779680648
866,43.300000000000004,ccurve,247,pure_pursuit,3.0,341.9468688964844,-327.78778076171875,42.75151062011719,0.051502082679313374,0.35,0.0,0.7483223552270751,1.2641067504882812,129,131,5.876210507997709,68.22362623454129
867,43.35,ccurve,247,pure_pursuit,3.0,342.161865234375,-327.5805358886719,42.96555709838867,0.03918250741031477,0.15,0.0,0.4518826735571772,1.050060272216799,129,131,6.0259114979520545,68.11719719832924
868,43.400000000000006,ccurve,247,pure_pursuit,3.0,342.3756103515625,-327.3730773925781,43.14794158935547,0.02756266776390221,0.35,0.0,0.16469566464317498,0.8676757812500042,129,131,5.922129094866069,68.01121941463217
869,43.45,ccurve,247,pure_pursuit,3.0,342.58953857421875,-327.1656799316406,43.313907623291016,0.016637044251827722,0.35,0.0,0.16584769338545421,0.7017097473144536,129,131,5.992492924482506,67.90651221522727
870,43.5,ccurve,247,pure_pursuit,3.0,342.8019104003906,-326.96002197265625,43.38675308227539,0.010462944009716223,0.35,0.0,0.4509344033335197,0.6288642883300786,129,131,5.849084089680569,67.80391282765947
871,43.550000000000004,ccurve,247,pure_pursuit,3.0,343.0155334472656,-326.7542419433594,43.42604446411133,0.05622727684232203,0.35,0.0,0.7451974499321814,0.5895729064941402,129,132,5.9814180848452585,67.70284886761105
872,43.6,ccurve,247,pure_pursuit,3.0,343.2270202636719,-326.5478515625,43.524818420410156,0.051620090678588276,0.35,0.0,0.7511651908440247,1.2692298889160105,130,132,5.87999400562671,67.6014980743606
873,43.650000000000006,ccurve,247,pure_pursuit,3.0,343.4377136230469,-326.3391418457031,43.748897552490234,0.03875281131921237,0.35,0.0,0.45674659553416813,1.0451507568359375,130,132,5.97756622799788,67.49884963581323
874,43.7,ccurve,247,pure_pursuit,3.0,343.6470947265625,-326.13031005859375,43.92987060546875,0.027206050911898,0.35,0.0,0.17115605691679853,0.8641777038574188,130,132,5.856117481152639,67.39668794314562
875,43.75,ccurve,247,pure_pursuit,3.0,343.85797119140625,-325.9201965332031,44.077518463134766,0.017222048379990255,0.15,0.0,0.15939764593554467,0.7165298461914038,130,132,6.007409392668309,67.29514329979999
876,43.800000000000004,ccurve,247,pure_pursuit,3.0,344.0685119628906,-325.7108459472656,44.1463737487793,0.011340525764870853,0.35,0.0,0.44500331016177336,0.6476745605468718,130,132,5.902722758219959,67.19531021433058
877,43.85,ccurve,247,pure_pursuit,3.0,344.2795715332031,-325.50189208984375,44.20075225830078,0.05627289100614367,0.35,0.0,0.7395914684131435,0.5932960510253906,130,133,5.973442127961535,67.097224127773
878,43.900000000000006,ccurve,247,pure_pursuit,3.0,344.48760986328125,-325.2933654785156,44.3040771484375,0.05145520610565629,0.35,0.0,0.757772346912486,1.2684020996093766,131,133,5.826128991140062,66.99938138522997
879,43.95,ccurve,247,pure_pursuit,3.0,344.69464111328125,-325.0826110839844,44.51567459106445,0.03923730162121534,0.35,0.0,0.4644416273873995,1.0568046569824234,131,133,5.958456585765352,66.90024865562374
880,44.0,ccurve,247,pure_pursuit,3.0,344.90032958984375,-324.8718566894531,44.69318389892578,0.02790319483511883,0.35,0.0,0.17943458016646477,0.8792953491210919,131,133,5.861072905478881,66.8016812149815
881,44.050000000000004,ccurve,247,pure_pursuit,3.0,345.1070251464844,-324.66033935546875,44.8560905456543,0.01718106964858202,0.35,0.0,0.14979192848529757,0.7163887023925749,131,133,5.960343109465219,66.70403486352095
882,44.1,ccurve,247,pure_pursuit,3.0,345.313232421875,-324.4495544433594,44.92759704589844,0.011114575680845276,0.35,0.0,0.4322523781194321,0.6448822021484372,131,133,5.838465995945237,66.60799286049674
883,44.150000000000006,ccurve,247,pure_pursuit,3.0,345.5213623046875,-324.2379150390625,44.96662139892578,0.056815472963214125,0.35,0.0,0.7265414124679336,0.6058578491210913,131,134,5.990198043333274,66.5132302967161
884,44.2,ccurve,247,pure_pursuit,3.0,345.7276916503906,-324.0253601074219,45.06982421875,0.051976406231745306,0.35,0.0,0.769228775345357,1.2810821533203116,132,134,5.897189734425241,66.41802127304675
885,44.25,ccurve,247,pure_pursuit,3.0,345.93328857421875,-323.8103332519531,45.29807662963867,0.038873812577676053,0.35,0.0,0.4737846652161919,1.052829742431639,132,134,5.9966761386072145,66.32146755946354
886,44.300000000000004,ccurve,247,pure_pursuit,3.0,346.13763427734375,-323.5951843261719,45.482078552246094,0.02717152202424627,0.35,0.0,0.18614867393983592,0.8688278198242171,132,134,5.877013951516525,66.22541962209444
887,44.35,ccurve,247,pure_pursuit,3.0,346.34344482421875,-323.3786926269531,45.631500244140625,0.017089742417759374,0.15,0.0,0.14630027964817688,0.7194061279296873,132,134,6.028285741431564,66.13006417134983
888,44.400000000000006,ccurve,247,pure_pursuit,3.0,346.5489501953125,-323.1629333496094,45.70109558105469,0.011144249538454993,0.35,0.0,0.43120514253713227,0.6498107910156253,132,134,5.924082271864472,66.03642348826186
889,44.45,ccurve,247,pure_pursuit,3.0,346.7550354003906,-322.9476013183594,45.75530242919922,0.05610875274587657,0.35,0.0,0.7266835309301063,0.5956039428710906,132,135,5.99457584981567,65.94464806790951
890,44.5,ccurve,247,pure_pursuit,3.0,346.9581298828125,-322.73272705078125,45.85854721069336,0.05131148215150213,0.35,0.0,0.7696807402673266,1.2707901000976576,133,135,5.847675111678593,65.85305947181908
891,44.550000000000004,ccurve,247,pure_pursuit,3.0,347.16009521484375,-322.5157165527344,46.070499420166016,0.03909650115360805,0.35,0.0,0.47527732666624084,1.0588378906250013,133,135,5.97877865968736,65.76025676578584
892,44.6,ccurve,247,pure_pursuit,3.0,347.36065673828125,-322.2987365722656,46.248321533203125,0.02773314235771445,0.35,0.0,0.18873310418486314,0.8810157775878945,133,135,5.881293557435676,65.6680033854341
893,44.650000000000006,ccurve,247,pure_pursuit,3.0,347.56219482421875,-322.0809631347656,46.41122817993164,0.01698739858611166,0.35,0.0,0.14226736534809634,0.7181091308593776,133,135,5.980124958135834,65.57674028805685
894,44.7,ccurve,247,pure_pursuit,3.0,347.7632751464844,-321.86395263671875,46.482505798339844,0.010923446034748603,0.35,0.0,0.4244877828023904,0.6468315124511728,133,135,5.858512415431498,65.48713071159023
895,44.75,ccurve,247,pure_pursuit,3.0,347.96624755859375,-321.64605712890625,46.52117919921875,0.056648470823209826,0.15,0.0,0.7196162649134813,0.6081581115722684,133,136,6.0091787973177055,65.39891349871087
896,44.800000000000004,ccurve,247,pure_pursuit,3.0,348.1672058105469,-321.4275207519531,46.624149322509766,0.05183478437979911,0.35,0.0,0.7755405229487232,1.283618927001951,134,136,5.901066748338214,65.3103685152427
897,44.85,ccurve,247,pure_pursuit,3.0,348.36651611328125,-321.20751953125,46.85127639770508,0.03883873221908833,0.35,0.0,0.48069801230046677,1.0564918518066353,134,136,5.970220827692111,65.2209571287754
898,44.900000000000006,ccurve,247,pure_pursuit,3.0,348.5634765625,-320.9885559082031,47.03404998779297,0.02721864019589372,0.35,0.0,0.19473410795509205,0.8737182617187456,134,136,5.826542624635151,65.13246991943355
899,44.95,ccurve,247,pure_pursuit,3.0,348.7611999511719,-320.7689514160156,47.18312454223633,0.017187238748270654,0.35,0.0,0.13584794583212834,0.7246437072753893,134,136,5.960678969639274,65.04503800687304
900,45.0,ccurve,247,pure_pursuit,3.0,348.95855712890625,-320.5502014160156,47.249908447265625,0.011451212948522468,0.35,0.0,0.41576971030178794,0.6578598022460888,134,136,5.862808467114502,64.95937433834428
901,45.050000000000004,ccurve,247,pure_pursuit,3.0,349.1572570800781,-320.3310546875,47.30220413208008,0.056406823611716055,0.35,0.0,0.7088397813900408,0.6055641174316363,134,137,5.962046903958278,64.87529684113964
902,45.1,ccurve,247,pure_pursuit,3.0,349.3538513183594,-320.111328125,47.405372619628906,0.05156026093515092,0.35,0.0,0.7884361388309642,1.2808227539062484,135,137,5.836803746022184,64.79086192416568
903,45.150000000000006,ccurve,247,pure_pursuit,3.0,349.5500183105469,-319.88873291015625,47.61710739135742,0.039348362407103425,0.35,0.0,0.49368431014221964,1.0690879821777342,135,137,5.987531589504534,64.70499937346528
904,45.2,ccurve,247,pure_pursuit,3.0,349.7451477050781,-319.6658935546875,47.79741287231445,0.027899692853360938,0.35,0.0,0.20543905241185018,0.8887825012207001,135,137,5.898395150609207,64.61962594382149
905,45.25,ccurve,247,pure_pursuit,3.0,349.9412536621094,-319.4420471191406,47.962493896484375,0.016997596531678795,0.35,0.0,0.12820004876192762,0.7237014770507763,135,137,5.999100973765057,64.53517245585184
906,45.300000000000004,ccurve,247,pure_pursuit,3.0,350.13702392578125,-319.21893310546875,48.03525924682617,0.010851607327346309,0.35,0.0,0.40882696731464707,0.6509361267089822,135,137,5.8792536006306415,64.45241774033703
907,45.35,ccurve,247,pure_pursuit,3.0,350.3346862792969,-318.9948425292969,48.07468795776367,0.05648195543623343,0.15,0.0,0.7047820129895295,0.6115074157714828,135,138,6.02990588479311,64.37113419222527
908,45.400000000000006,ccurve,247,pure_pursuit,3.0,350.53033447265625,-318.7701416015625,48.178123474121094,0.05162946189643919,0.35,0.0,0.789468892533169,1.2865028381347638,136,138,5.922308682733706,64.28952344483066
909,45.45,ccurve,247,pure_pursuit,3.0,350.7242431640625,-318.5440673828125,48.40544891357422,0.03860496570712487,0.35,0.0,0.4935899585654942,1.0591773986816393,136,138,5.991240481200472,64.20708694313153
910,45.5,ccurve,247,pure_pursuit,3.0,350.9159240722656,-318.3190612792969,48.58823776245117,0.027005828709120386,0.35,0.0,0.20598888928593462,0.8763885498046844,136,138,5.847954932464167,64.12558065829724
911,45.550000000000004,ccurve,247,pure_pursuit,3.0,351.1082763671875,-318.0934143066406,48.73728942871094,0.01696324187578772,0.35,0.0,0.12707305525297818,0.7273368835449227,136,138,5.980903964533039,64.0451781317945
912,45.6,ccurve,247,pure_pursuit,3.0,351.30035400390625,-317.86865234375,48.803646087646484,0.011297161278801815,0.35,0.0,0.406153907094131,0.6609802246093767,136,138,5.882936660465523,63.96662652026867
913,45.650000000000006,ccurve,247,pure_pursuit,3.0,351.4936218261719,-317.6434020996094,48.85541915893555,0.056262351319701816,0.35,0.0,0.700074727490021,0.6092071533203122,136,139,5.9817359636767895,63.889617352284
914,45.7,ccurve,247,pure_pursuit,3.0,351.6848449707031,-317.4176940917969,48.958431243896484,0.05143432596471784,0.35,0.0,0.796271990073051,1.28462600708008,137,139,5.8567407943842635,63.8123549246108
915,45.75,ccurve,247,pure_pursuit,3.0,351.8754577636719,-317.1891784667969,49.1705207824707,0.039180915856327145,0.15,0.0,0.5006283168736423,1.0725364685058625,137,139,6.006384364857279,63.733721398504315
916,45.800000000000004,ccurve,247,pure_pursuit,3.0,352.0649108886719,-316.96063232421875,49.351409912109375,0.027701082726723173,0.35,0.0,0.21149562580647366,0.8916473388671864,137,139,5.902120041176945,63.655687923648024
917,45.85,ccurve,247,pure_pursuit,3.0,352.2545166015625,-316.7320556640625,49.516693115234375,0.01682148249558916,0.35,0.0,0.1228543698182652,0.7263641357421856,137,139,5.972679726205592,63.579008511840726
918,45.900000000000006,ccurve,247,pure_pursuit,3.0,352.4428405761719,-316.5054016113281,49.58948516845703,0.010738801793497552,0.35,0.0,0.4000038907673974,0.6535720825195291,137,139,5.828888557696408,63.50443693116904
919,45.95,ccurve,247,pure_pursuit,3.0,352.6322937011719,-316.2784423828125,49.62923812866211,0.05630869630091095,0.35,0.0,0.6926811991691734,0.6138191223144571,137,140,5.962325573207988,63.431563616603775
920,46.0,ccurve,247,pure_pursuit,3.0,352.81964111328125,-316.0511779785156,49.72837448120117,0.05169620279759798,0.35,0.0,0.805047503860295,1.293113708496095,138,140,5.861014771172795,63.358494346093735
921,46.050000000000004,ccurve,247,pure_pursuit,3.0,353.0060119628906,-315.8216247558594,49.952213287353516,0.0388825774717261,0.35,0.0,0.5112281606161193,1.0692749023437522,138,140,5.95902725176605,63.28429090484425
922,46.1,ccurve,247,pure_pursuit,3.0,353.1910095214844,-315.59210205078125,50.132835388183594,0.0273869749235533,0.35,0.0,0.22358732510512047,0.8886528015136749,138,140,5.837342648295543,63.21058564309318
923,46.150000000000006,ccurve,247,pure_pursuit,3.0,353.37738037109375,-315.36114501953125,50.28034973144531,0.017470460665711743,0.35,0.0,0.11290761562379924,0.7411384582519593,138,140,5.989628046289627,63.13785315763773
924,46.2,ccurve,247,pure_pursuit,3.0,353.5636291503906,-315.1307373046875,50.349159240722656,0.01161214742260996,0.35,0.0,0.38888738518437904,0.6723289489746102,138,140,5.899951475725071,63.066796318490326
925,46.25,ccurve,247,pure_pursuit,3.0,353.7513122558594,-314.899658203125,50.403568267822266,0.05637651491441247,0.15,0.0,0.683449131109438,0.617919921875005,138,141,6.0006579511837606,62.99739498123568
926,46.300000000000004,ccurve,247,pure_pursuit,3.0,353.93682861328125,-314.6681823730469,50.50828170776367,0.051417513777649,0.35,0.0,0.8122360053930989,1.2916336059570352,139,141,5.870020170086312,62.92768315146633
927,46.35,ccurve,247,pure_pursuit,3.0,354.1209411621094,-314.43505859375,50.72385787963867,0.03905065423759266,0.35,0.0,0.5170229912715325,1.0760574340820361,139,141,5.9808496109743325,62.85713091773221
928,46.400000000000006,ccurve,247,pure_pursuit,3.0,354.3029479980469,-314.2029113769531,50.903072357177734,0.027642512312520243,0.35,0.0,0.2289830912095586,0.8968429565429735,139,141,5.862219179931923,62.787364017629855
929,46.45,ccurve,247,pure_pursuit,3.0,354.4854736328125,-313.97039794921875,51.065853118896484,0.016948988662880124,0.35,0.0,0.10798167107218423,0.7340621948242203,139,141,5.953202369620521,62.718944605225225
930,46.5,ccurve,247,pure_pursuit,3.0,354.6673278808594,-313.739013671875,51.13642120361328,0.010972297945882045,0.35,0.0,0.380321211720979,0.6634941101074278,139,141,5.825800421749623,62.6523027604012
931,46.550000000000004,ccurve,247,pure_pursuit,3.0,354.8508605957031,-313.5067138671875,51.17439651489258,0.056602789591448315,0.35,0.0,0.6731160291910325,0.6255187988281257,139,142,5.974281444475349,62.58732323100682
932,46.6,ccurve,247,pure_pursuit,3.0,355.0324401855469,-313.2738037109375,51.27568435668945,0.051840027317124435,0.35,0.0,0.8239465745465827,1.3026618957519513,140,142,5.879698215874626,62.521966538054144
933,46.650000000000006,ccurve,247,pure_pursuit,3.0,355.2131042480469,-313.03851318359375,51.50191116333008,0.03888342150872081,0.35,0.0,0.5290909134168778,1.0764350891113275,140,142,5.979131864170264,62.455521218560484
934,46.7,ccurve,247,pure_pursuit,3.0,355.3924865722656,-312.80322265625,51.684364318847656,0.027299854742913302,0.35,0.0,0.239776613270188,0.8939819335937489,140,142,5.858924927620765,62.38959284836255
935,46.75,ccurve,247,pure_pursuit,3.0,355.5731201171875,-312.56646728515625,51.83300018310547,0.017280732511616863,0.15,0.0,0.10186640039814673,0.745346069335938,140,142,6.010927925020961,62.32468815332079
936,46.800000000000004,ccurve,247,pure_pursuit,3.0,355.7535705566406,-312.3304748535156,51.902618408203125,0.011393995174514693,0.35,0.0,0.37423232721892363,0.6757278442382816,140,142,5.906581982167819,62.261601718213655
937,46.85,ccurve,247,pure_pursuit,3.0,355.9346923828125,-312.0948486328125,51.95752716064453,0.05619272691834619,0.35,0.0,0.6680389257287531,0.6208190917968768,140,143,5.977331411483113,62.20058582661496
938,46.900000000000006,ccurve,247,pure_pursuit,3.0,356.1127624511719,-311.85992431640625,52.06111145019531,0.05129395402872125,0.35,0.0,0.8295677018199727,1.2956695556640674,141,143,5.830167840627968,62.13945877573484
939,46.95,ccurve,247,pure_pursuit,3.0,356.2896423339844,-311.623046875,52.27241134643555,0.039160806903280616,0.35,0.0,0.5356987636238973,1.0843696594238306,141,143,5.962336195858753,62.07741829394167
940,47.0,ccurve,247,pure_pursuit,3.0,356.4651184082031,-311.3863220214844,52.449546813964844,0.027882852310711234,0.35,0.0,0.2473119470105943,0.9072341918945351,141,143,5.864957384825454,62.015908369445086
941,47.050000000000004,ccurve,247,pure_pursuit,3.0,356.6414489746094,-311.1486511230469,52.612281799316406,0.01715889325459144,0.35,0.0,0.09563929024830507,0.7444992065429711,141,143,5.964145151599988,61.95560325323527
942,47.1,ccurve,247,pure_pursuit,3.0,356.8174133300781,-310.911865234375,52.68373489379883,0.011154531823676673,0.35,0.0,0.36276044995056056,0.6730461120605519,141,143,5.842329216880312,61.897065897481546
943,47.150000000000006,ccurve,247,pure_pursuit,3.0,356.9951171875,-310.67388916015625,52.722938537597656,0.056603807461873164,0.35,0.0,0.6562001012098944,0.6338424682617239,141,144,5.993847448676269,61.840172390335326
944,47.2,ccurve,247,pure_pursuit,3.0,357.17095947265625,-310.4353332519531,52.825927734375,0.051759257161373765,0.35,0.0,0.8400094168300519,1.3092803955078183,142,144,5.9008700350378875,61.782967166845296
945,47.25,ccurve,247,pure_pursuit,3.0,357.3458557128906,-310.19439697265625,53.05332565307617,0.03876509392837317,0.15,0.0,0.5440258055598639,1.081882476806642,142,144,6.0002839170524345,61.72474379396301
946,47.300000000000004,ccurve,247,pure_pursuit,3.0,357.5193176269531,-309.95361328125,53.23613739013672,0.027151157162301067,0.35,0.0,0.25340689192067406,0.899070739746099,142,144,5.873273975145362,61.66703314134728
947,47.35,ccurve,247,pure_pursuit,3.0,357.69329833984375,-309.7124938964844,53.38833236694336,0.017042036344114476,0.35,0.0,0.09288344637031791,0.7468757629394548,142,144,5.985597082668584,61.61081064004351
948,47.400000000000006,ccurve,247,pure_pursuit,3.0,357.86614990234375,-309.47320556640625,53.45688247680664,0.01119031836547657,0.35,0.0,0.35822329412396986,0.6783256530761752,142,144,5.866494172828832,61.55651690140564
949,47.45,ccurve,247,pure_pursuit,3.0,358.0400390625,-309.23388671875,53.50934600830078,0.05604969379173318,0.35,0.0,0.6503753066048916,0.6258621215820314,142,145,5.957309786896322,61.50429036702511
950,47.5,ccurve,247,pure_pursuit,3.0,358.2115173339844,-308.99456787109375,53.611000061035156,0.051285899663994765,0.35,0.0,0.8477823827219139,1.3026390075683567,143,145,5.826465233014508,61.45176162461134
951,47.550000000000004,ccurve,247,pure_pursuit,3.0,358.38214111328125,-308.752685546875,53.82054901123047,0.03924736848309035,0.35,0.0,0.5534662626152,1.0930900573730467,143,145,5.973773728883205,61.398172439749224
952,47.6,ccurve,247,pure_pursuit,3.0,358.5516052246094,-308.51068115234375,53.998653411865234,0.02793438442234768,0.35,0.0,0.2638017475857847,0.914985656738282,143,145,5.883048007281878,61.34506126701426
953,47.650000000000006,ccurve,247,pure_pursuit,3.0,358.7219543457031,-308.267578125,54.16252136230469,0.01714404537928071,0.35,0.0,0.0867969066231822,0.7511177062988253,143,145,5.9836752913541185,61.293178300176905
954,47.7,ccurve,247,pure_pursuit,3.0,358.8920593261719,-308.0252380371094,54.234901428222656,0.011085716605672953,0.35,0.0,0.34807412209982996,0.6787376403808582,143,145,5.863344930663777,61.24305304140589
955,47.75,ccurve,247,pure_pursuit,3.0,359.0639343261719,-307.78173828125,54.2746696472168,0.056590582239542164,0.15,0.0,0.6422572914773561,0.6389694213867146,143,146,6.01466430814299,61.194772475099285
956,47.800000000000004,ccurve,247,pure_pursuit,3.0,359.23370361328125,-307.537841796875,54.378501892089844,0.051693031403913445,0.35,0.0,0.853256455208593,1.3135681152343779,144,146,5.906946898805585,61.14611884277549
957,47.85,ccurve,247,pure_pursuit,3.0,359.40167236328125,-307.2927551269531,54.60568618774414,0.03871457227102826,0.35,0.0,0.5578199408806926,1.0863838195800757,144,146,5.976110380925569,61.09674881371211
958,47.900000000000006,ccurve,247,pure_pursuit,3.0,359.5675354003906,-307.04901123046875,54.788185119628906,0.027205890948249784,0.35,0.0,0.2686394332340563,0.9038848876953144,144,146,5.832581105794463,61.048185120328945
959,47.95,ccurve,247,pure_pursuit,3.0,359.7339782714844,-306.804443359375,54.93723678588867,0.01718675416338363,0.35,0.0,0.08418725150127594,0.7548332214355463,144,146,5.966416237682089,61.000864498458704
960,48.0,ccurve,247,pure_pursuit,3.0,359.900146484375,-306.5608825683594,55.004119873046875,0.011498985534936373,0.35,0.0,0.3410752717297702,0.6879501342773445,144,146,5.868540919455807,60.955429367205895
961,48.050000000000004,ccurve,247,pure_pursuit,3.0,360.06756591796875,-306.3166809082031,55.05670166015625,0.05621723300659357,0.35,0.0,0.6331626400251152,0.6353683471679664,144,147,5.967648322777583,60.91187120610098
962,48.1,ccurve,247,pure_pursuit,3.0,360.23284912109375,-306.07220458984375,55.159828186035156,0.051336403118996315,0.35,0.0,0.8644529181694338,1.3106689453124998,145,147,5.842494427579543,60.86796110723401
963,48.150000000000006,ccurve,247,pure_pursuit,3.0,360.3973388671875,-305.8249816894531,55.370967864990234,0.03916943827436513,0.35,0.0,0.5691587227933255,1.099529266357425,145,147,5.992926863248721,60.823018204532765
964,48.2,ccurve,247,pure_pursuit,3.0,360.5606994628906,-305.5776672363281,55.550472259521484,0.027756213661065635,0.35,0.0,0.2782047249213183,0.9200248718261752,145,147,5.903767873022032,60.778591596649285
965,48.25,ccurve,247,pure_pursuit,3.0,360.7250061035156,-305.32916259765625,55.714813232421875,0.01694301428669097,0.15,0.0,0.08139629077945564,0.7556838989257811,145,147,6.004367932013325,60.73549485407828
966,48.300000000000004,ccurve,247,pure_pursuit,3.0,360.88897705078125,-305.08160400390625,55.786773681640625,0.010914592125891426,0.35,0.0,0.3356790893295974,0.6837234497070328,145,147,5.877190998416252,60.694203184604106
967,48.35,ccurve,247,pure_pursuit,3.0,361.0538635253906,-304.8340148925781,55.82975769042969,0.056224759364518984,0.35,0.0,0.6289909621163744,0.640739440917968,145,148,5.989114308402917,60.6550069979591
968,48.400000000000006,ccurve,247,pure_pursuit,3.0,361.2159729003906,-304.5871887207031,55.929931640625,0.05152823646993909,0.35,0.0,0.8685001821123821,1.3189964294433594,146,148,5.866470942625661,60.61564224632019
969,48.45,ccurve,247,pure_pursuit,3.0,361.37646484375,-304.3388366699219,56.153350830078125,0.03874066122398011,0.35,0.0,0.5744304307358511,1.0955772399902353,146,148,5.955917707383817,60.57547048572089
970,48.5,ccurve,247,pure_pursuit,3.0,361.5353698730469,-304.0910339355469,56.33308792114258,0.02732416322481491,0.35,0.0,0.2853094303534209,0.9158401489257847,146,148,5.828689823052271,60.535860545124216
971,48.550000000000004,ccurve,247,pure_pursuit,3.0,361.69537353515625,-303.84173583984375,56.47983932495117,0.017446061241560763,0.35,0.0,0.0787650237246831,0.7690887451171873,146,148,5.977519429511581,60.49753788049666
972,48.6,ccurve,247,pure_pursuit,3.0,361.8553466796875,-303.5931396484375,56.5477180480957,0.011736280640509656,0.35,0.0,0.3256826929769112,0.7012100219726602,146,148,5.886284337729983,60.46106727179574
973,48.650000000000006,ccurve,247,pure_pursuit,3.0,362.0166320800781,-303.34368896484375,56.60189437866211,0.056397921260355734,0.35,0.0,0.6183625794398162,0.6470336914062496,146,149,5.986845753108401,60.42649178806497
974,48.7,ccurve,247,pure_pursuit,3.0,362.1758117675781,-303.0940246582031,56.707088470458984,0.051434352266176105,0.35,0.0,0.878443085171977,1.3202705383300746,147,149,5.863170734423553,60.39158975045263
975,48.75,ccurve,247,pure_pursuit,3.0,362.3341064453125,-302.8415832519531,56.92036056518555,0.039158373894179005,0.15,0.0,0.5820907243961907,1.106998443603514,147,149,6.0133640724569934,60.355688205740286
976,48.800000000000004,ccurve,247,pure_pursuit,3.0,362.4911193847656,-302.5892639160156,57.10187911987305,0.027622397072465096,0.35,0.0,0.29009711843702846,0.9254798889160128,147,149,5.909466379803313,60.320311446894536
977,48.85,ccurve,247,pure_pursuit,3.0,362.6483154296875,-302.3369140625,57.26734161376953,0.016747248433441577,0.35,0.0,0.07811723908976718,0.7600173950195299,147,149,5.980009360004334,60.286503682838685
978,48.900000000000006,ccurve,247,pure_pursuit,3.0,362.8044738769531,-302.0866394042969,57.340049743652344,0.010665979007278115,0.35,0.0,0.32147920773549393,0.6873092651367159,147,149,5.836397110963147,60.25460507576531
979,48.95,ccurve,247,pure_pursuit,3.0,362.9618225097656,-301.8359375,57.37969207763672,0.05618858044886779,0.35,0.0,0.6129673386782896,0.647666931152336,147,150,5.969445382580758,60.22481406041604
980,49.0,ccurve,247,pure_pursuit,3.0,363.116943359375,-301.5851745605469,57.478607177734375,0.051534897030597285,0.35,0.0,0.8851698789784649,1.327178955078135,148,150,5.868122889068434,60.194658470847735
981,49.050000000000004,ccurve,247,pure_pursuit,3.0,363.2708435058594,-301.3323059082031,57.702022552490234,0.038759689523188715,0.35,0.0,0.5907280818420767,1.103763580322266,148,150,5.965987988451375,60.16368756851102
982,49.1,ccurve,247,pure_pursuit,3.0,363.42340087890625,-301.07965087890625,57.88222885131836,0.0273332310267485,0.35,0.0,0.30052665518730576,0.9235572814941397,148,150,5.844390375095321,60.13321258779628
983,49.150000000000006,ccurve,247,pure_pursuit,3.0,363.57708740234375,-300.82537841796875,58.02959060668945,0.01745053207687342,0.35,0.0,0.07675464541086946,0.7761955261230503,148,150,5.996276629217532,60.10411256843543
984,49.2,ccurve,247,pure_pursuit,3.0,363.7308044433594,-300.5716857910156,58.09833908081055,0.011699672595935635,0.35,0.0,0.3125269475881431,0.7074470520019555,148,150,5.906631383455428,60.07683606882667
985,49.25,ccurve,247,pure_pursuit,3.0,363.8857727050781,-300.3171081542969,58.15306091308594,0.05631240060387402,0.15,0.0,0.6058274168136272,0.6527252197265686,148,151,6.007193636367093,60.05150284606867
986,49.300000000000004,ccurve,247,pure_pursuit,3.0,364.03857421875,-300.0624694824219,58.25814437866211,0.051339940234947146,0.35,0.0,0.890273420055932,1.3260726928710858,149,151,5.876647996426931,60.02584521686699
987,49.35,ccurve,247,pure_pursuit,3.0,364.18975830078125,-299.8063659667969,58.473819732666016,0.03899239664342321,0.35,0.0,0.5944455301795039,1.1103973388671855,149,151,5.9871922640724575,59.99947900015816
988,49.400000000000006,ccurve,247,pure_pursuit,3.0,364.3390197753906,-299.5515441894531,58.653072357177734,0.02766407821725659,0.35,0.0,0.3039860613861209,0.9311447143554568,149,151,5.8685542640666855,59.97374436395109
989,49.45,ccurve,247,pure_pursuit,3.0,364.4886169433594,-299.2962951660156,58.81604766845703,0.016966423935615968,0.35,0.0,0.07659015375057958,0.7681694030761624,149,151,5.959366652651942,59.94948399990845
990,49.5,ccurve,247,pure_pursuit,3.0,364.63775634765625,-299.042236328125,58.886924743652344,0.011019981221205689,0.35,0.0,0.30595509169006696,0.6972923278808497,149,151,5.832014013741924,59.926974703507305
991,49.550000000000004,ccurve,247,pure_pursuit,3.0,364.78839111328125,-298.7870788574219,58.925323486328125,0.0565017681012464,0.35,0.0,0.5973550685874917,0.6588935852050737,149,152,5.980137182096022,59.906519662287
992,49.6,ccurve,247,pure_pursuit,3.0,364.9371032714844,-298.5315246582031,59.02678680419922,0.05173582325000818,0.35,0.0,0.8915217558166277,0.5574302673339734,149,152,5.885553890267393,59.88570909011041
993,49.650000000000006,ccurve,247,pure_pursuit,3.0,365.08453369140625,-298.2737731933594,59.25288391113281,0.03880107550659217,0.35,0.0,0.6047180574973595,1.1097640991210862,150,152,5.984877049863687,59.864064018061974
994,49.7,ccurve,247,pure_pursuit,3.0,365.23065185546875,-298.0162353515625,59.4351692199707,0.02724953532300175,0.35,0.0,0.31331125398730914,0.9274787902831927,150,152,5.8647553121217255,59.842908513341214
995,49.75,ccurve,247,pure_pursuit,3.0,365.37786865234375,-297.75701904296875,59.583740234375,0.0172822440185637,0.15,0.0,0.07713956419702357,0.778907775878904,150,152,6.016449967724502,59.823209931429616
996,49.800000000000004,ccurve,247,pure_pursuit,3.0,365.5249938964844,-297.49859619140625,59.65340042114258,0.01144737869640677,0.35,0.0,0.30164777885328153,0.7092475891113263,150,152,5.91212801382551,59.805345613795645
997,49.85,ccurve,247,pure_pursuit,3.0,365.6727294921875,-297.24041748046875,59.70854568481445,0.05604189299654104,0.35,0.0,0.5940494174535135,0.6541023254394528,150,153,5.982791693057837,59.789600557079865
998,49.900000000000006,ccurve,247,pure_pursuit,3.0,365.8176574707031,-296.9834289550781,59.81217575073242,0.05115602534704165,0.35,0.0,0.8875552382707006,0.5504722595214813,150,153,5.835720236063406,59.773598249561054
999,49.95,ccurve,247,pure_pursuit,3.0,365.96112060546875,-296.7246398925781,60.02322769165039,0.03905687710671868,0.35,0.0,0.6097630196185172,1.1178474426269605,151,153,5.96755845521241,59.7568505314302
1000,50.0,ccurve,247,pure_pursuit,3.0,366.1031799316406,-296.4662170410156,60.19999313354492,0.027827840244949567,0.35,0.0,0.3194362267082765,0.9410820007324269,151,153,5.87012861659915,59.74056397755352
1001,50.050000000000004,ccurve,247,pure_pursuit,3.0,366.2460021972656,-296.20672607421875,60.362491607666016,0.017180734558658668,0.35,0.0,0.07831458096924628,0.7785835266113313,151,153,5.969196235855978,59.72582055393368
1002,50.1,ccurve,247,pure_pursuit,3.0,366.3885803222656,-295.9481506347656,60.433956146240234,0.011249112135690837,0.35,0.0,0.2917887543565813,0.7071189880371085,151,153,5.8474542660149575,59.71280910224479
1003,50.150000000000006,ccurve,247,pure_pursuit,3.0,366.53271484375,-295.6882019042969,60.473602294921875,0.056660785315460316,0.35,0.0,0.58367631834333,0.6674728393554672,151,154,5.998702559210639,59.70188302137643
1004,50.2,ccurve,247,pure_pursuit,3.0,366.6749267578125,-295.4278564453125,60.57717514038086,0.05178469151402891,0.35,0.0,0.878738658609363,0.563899993896482,151,154,5.905723391380332,59.69057915745627
1005,50.25,ccurve,247,pure_pursuit,3.0,366.8158264160156,-295.16534423828125,60.80511474609375,0.038775455718192346,0.15,0.0,0.6165097172761004,1.1143913269042964,152,154,6.00502315665031,59.67851943079599
1006,50.300000000000004,ccurve,247,pure_pursuit,3.0,366.9552917480469,-294.9031677246094,60.988338470458984,0.027147228770447243,0.35,0.0,0.324066903565835,0.9311676025390639,152,154,5.878063156608941,59.6668726602201
1007,50.35,ccurve,247,pure_pursuit,3.0,367.0951843261719,-294.6405944824219,61.140804290771484,0.0170062411755659,0.35,0.0,0.0792460417244094,0.7787017822265657,152,154,5.990174313012476,59.65687516377219
1008,50.400000000000006,ccurve,247,pure_pursuit,3.0,367.23431396484375,-294.37994384765625,61.20948791503906,0.011200247653806856,0.35,0.0,0.2887661952089532,0.7100181579589929,152,154,5.871085169647283,59.6486442991549
1009,50.45,ccurve,247,pure_pursuit,3.0,367.3743591308594,-294.119140625,61.26206588745117,0.05590573225101357,0.35,0.0,0.5793268817170436,0.6574401855468827,152,155,5.961813897482253,59.6426000894315
1010,50.5,ccurve,247,pure_pursuit,3.0,367.5121154785156,-293.85870361328125,61.36363220214844,0.05114962713598493,0.35,0.0,0.8723317488101562,0.5558738708496196,152,155,5.8310395934059605,59.63619983560805
1011,50.550000000000004,ccurve,247,pure_pursuit,3.0,367.64862060546875,-293.5957946777344,61.572792053222656,0.03910738614529418,0.35,0.0,0.6246527191269665,1.1251449584960969,153,155,5.97806867396649,59.628970132939415
1012,50.6,ccurve,247,pure_pursuit,3.0,367.783935546875,-293.3329772949219,61.750396728515625,0.027813459747048935,0.35,0.0,0.33339057945506456,0.9475402832031256,153,155,5.887345144657524,59.62220811446809
1013,50.650000000000006,ccurve,247,pure_pursuit,3.0,367.92010498046875,-293.0689392089844,61.913692474365234,0.017138652413863115,0.35,0.0,0.08222122560157438,0.7842445373535201,153,155,5.98786355315364,59.61708921707741
1014,50.7,ccurve,247,pure_pursuit,3.0,368.0560607910156,-292.8056945800781,61.985809326171875,0.01113842280470497,0.35,0.0,0.2800499061244204,0.7121276855468777,153,155,5.86758104391925,59.6136320637611
1015,50.75,ccurve,247,pure_pursuit,3.0,368.1935729980469,-292.54107666015625,62.02574920654297,0.007176284805637253,0.15,0.0,0.5724803477783638,0.6721878051757812,153,155,6.018661951554051,59.612391848899044
1016,50.800000000000004,ccurve,247,pure_pursuit,3.0,368.3312072753906,-292.2773132324219,62.01015090942383,0.059664527767646726,0.35,0.0,0.8681079183388543,0.6877861022949274,153,156,5.914207114720703,59.613143454712954
1017,50.85,ccurve,247,pure_pursuit,3.0,368.4670715332031,-292.0126953125,62.134212493896484,0.05421664141099853,0.35,0.0,0.626968886423897,1.3421554565429665,154,156,5.980581785162972,59.613414783134814
1018,50.900000000000006,ccurve,247,pure_pursuit,3.0,368.599365234375,-291.74908447265625,62.33113479614258,0.04292314770300098,0.35,0.0,0.3355839915280763,1.145233154296873,154,156,5.835601558463614,59.61243290989959
1019,50.95,ccurve,247,pure_pursuit,3.0,368.7311706542969,-291.4841003417969,62.547821044921875,0.029544552700406748,0.35,0.0,0.07882047088634357,0.9285469055175758,154,156,5.9690060704424335,59.61186208804856
1020,51.0,ccurve,247,pure_pursuit,3.0,368.8623352050781,-291.21990966796875,62.69090270996094,0.019563472821164087,0.35,0.0,0.2729357697341623,0.7854652404785167,154,156,5.871531410739944,59.61253466607163
1021,51.050000000000004,ccurve,247,pure_pursuit,3.0,368.99456787109375,-290.9548034667969,62.80708312988281,0.011098783430445269,0.35,0.0,0.5640436893520483,0.6692848205566354,154,156,5.970524839650028,59.61522876534793
1022,51.1,ccurve,247,pure_pursuit,3.0,369.1268005371094,-290.6907043457031,62.83570861816406,0.05910059464977335,0.35,0.0,0.8577434158474142,0.6406593322753806,154,157,5.848668884590747,59.619829420786225
1023,51.150000000000006,ccurve,247,pure_pursuit,3.0,369.2582092285156,-290.4241638183594,62.97315979003906,0.052488879405156806,0.35,0.0,0.6371186322978659,1.281639099121085,155,157,5.995846795707737,59.62410518402277
1024,51.2,ccurve,247,pure_pursuit,3.0,369.3870544433594,-290.1571350097656,63.173099517822266,0.0406861262757184,0.35,0.0,0.34399317138188784,1.0816993713378855,155,157,5.9059908845985385,59.62733191493217
1025,51.25,ccurve,247,pure_pursuit,3.0,369.5160217285156,-289.8884582519531,63.39727783203125,0.02687702480716896,0.15,0.0,0.08073107911992798,0.8575210571288985,155,157,6.006498690651911,59.631454727310995
1026,51.300000000000004,ccurve,247,pure_pursuit,3.0,369.6443176269531,-289.62054443359375,63.53324890136719,0.017187004769963845,0.35,0.0,0.26809630548604524,0.7215499877929702,155,157,5.879602356173869,59.63677070021764
1027,51.35,ccurve,247,pure_pursuit,3.0,369.7734375,-289.3524475097656,63.62745666503906,0.009909506711999153,0.35,0.0,0.5605305302127709,0.6273422241210912,155,157,5.9914382082960636,59.64424271301876
1028,51.400000000000006,ccurve,247,pure_pursuit,3.0,369.9020690917969,-289.08636474609375,63.64431381225586,0.0580817122430142,0.35,0.0,0.8544541840957854,0.6104850769042951,155,158,5.872126459996465,59.65356600532759
1029,51.45,ccurve,247,pure_pursuit,3.0,370.0294189453125,-288.8192443847656,63.78214645385742,0.05157654789545368,0.35,0.0,0.6414072810941858,1.251079559326179,156,158,5.9591623669476395,59.662762131800775
1030,51.5,ccurve,247,pure_pursuit,3.0,370.1539001464844,-288.55230712890625,63.97434997558594,0.04033548249792879,0.35,0.0,0.35001373349221004,1.0588760375976611,156,158,5.830680216953506,59.67086171197508
1031,51.550000000000004,ccurve,247,pure_pursuit,3.0,370.2784423828125,-288.283447265625,64.17755889892578,0.02769377922193614,0.35,0.0,0.08398954796939165,0.8556671142578154,156,158,5.9792588713023465,59.67971875072502
1032,51.6,ccurve,247,pure_pursuit,3.0,370.4024963378906,-288.0150451660156,64.308837890625,0.018335644455512362,0.35,0.0,0.25868373562826613,0.724388122558594,156,158,5.888342513134197,59.68977172707617
1033,51.650000000000006,ccurve,247,pure_pursuit,3.0,370.52777099609375,-287.74560546875,64.41574096679688,0.01047953360062393,0.35,0.0,0.5505734831303648,0.6174850463867275,156,158,5.988788570203445,59.70201988236013
1034,51.7,ccurve,247,pure_pursuit,3.0,370.6530456542969,-287.47705078125,64.4382553100586,0.05786290152743516,0.35,0.0,0.8452945739939572,0.5949707031250042,156,159,5.868385147185819,59.71607770102314
1035,51.75,ccurve,247,pure_pursuit,3.0,370.7774658203125,-287.20611572265625,64.57070922851562,0.05152136125612152,0.15,0.0,0.6482801339782778,1.2409439086914062,157,159,6.015511566823204,59.72992296708896
1036,51.800000000000004,ccurve,247,pure_pursuit,3.0,370.8992919921875,-286.9349365234375,64.76597595214844,0.04002070804063672,0.35,0.0,0.3540692617662099,1.0456771850585933,157,159,5.9108810320754,59.74275078228285
1037,51.85,ccurve,247,pure_pursuit,3.0,371.0205383300781,-286.66339111328125,64.98590850830078,0.02644729594838694,0.35,0.0,0.08547853239519723,0.8257446289062446,157,159,5.9812689178312315,59.756381613322226
1038,51.900000000000006,ccurve,247,pure_pursuit,3.0,371.14068603515625,-286.39385986328125,65.11913299560547,0.017013834136546804,0.35,0.0,0.2549928540889291,0.6925201416015618,157,159,5.837895419343364,59.77118540710806
1039,51.95,ccurve,247,pure_pursuit,3.0,371.2618408203125,-286.1236572265625,65.20851135253906,0.010105086565434485,0.35,0.0,0.5458194431548354,0.6031417846679697,157,159,5.971097433149735,59.78814639093155
1040,52.0,ccurve,247,pure_pursuit,3.0,371.38287353515625,-285.85455322265625,65.22303009033203,0.057665745349697886,0.35,0.0,0.839275569896586,0.5886230468749913,157,160,5.872953769532793,59.80683811578141
1041,52.050000000000004,ccurve,247,pure_pursuit,3.0,371.5029296875,-285.583740234375,65.3597412109375,0.05118056432945187,0.35,0.0,0.6561188999707965,1.2303466796874936,158,160,5.968515610206397,59.82547357348812
1042,52.1,ccurve,247,pure_pursuit,3.0,371.6202697753906,-285.3128967285156,65.55075073242188,0.03997725495214353,0.35,0.0,0.3638527499767983,1.0393371582031161,158,160,5.84572031273163,59.843004952367
1043,52.150000000000006,ccurve,247,pure_pursuit,3.0,371.7377014160156,-285.0399475097656,65.75260925292969,0.027382589091698797,0.35,0.0,0.09163949034818515,0.8374786376953114,158,160,5.99744150246926,59.86136669912069
1044,52.2,ccurve,247,pure_pursuit,3.0,371.8548278808594,-284.7673645019531,65.88298034667969,0.018148861889897117,0.35,0.0,0.24656036772791073,0.7071075439453113,158,160,5.908090552718701,59.881030373111564
1045,52.25,ccurve,247,pure_pursuit,3.0,371.9730529785156,-284.4936828613281,65.98908996582031,0.010326567704274911,0.15,0.0,0.5391553102637215,0.6009979248046804,158,160,6.008546877013002,59.90283744578717
1046,52.300000000000004,ccurve,247,pure_pursuit,3.0,372.09124755859375,-284.2210388183594,66.01075744628906,0.05734395308198043,0.35,0.0,0.8346757122772742,0.5793304443359305,158,161,5.881278356248344,59.92642424059411
1047,52.35,ccurve,247,pure_pursuit,3.0,372.2080078125,-283.9473571777344,66.14359283447266,0.0509840290544094,0.35,0.0,0.6593545928899994,1.2249221801757864,159,161,5.989011717758585,59.94978564139861
1048,52.400000000000006,ccurve,247,pure_pursuit,3.0,372.32171630859375,-283.6747741699219,66.3331069946289,0.03985870217581975,0.35,0.0,0.3668636621257786,1.0354080200195275,159,161,5.86946316983412,59.972057424367485
1049,52.45,ccurve,247,pure_pursuit,3.0,372.4349670410156,-283.4013671875,66.54822540283203,0.026573199917199038,0.35,0.0,0.09443168855183154,0.8202896118164069,159,161,5.960188627287027,59.995086089474114
1050,52.5,ccurve,247,pure_pursuit,3.0,372.5475769042969,-283.12908935546875,66.67825317382812,0.017363033527932635,0.35,0.0,0.24047247593455087,0.6902618408203124,159,161,5.833064082714313,60.01929597008598
1051,52.550000000000004,ccurve,247,pure_pursuit,3.0,372.6613464355469,-282.8554382324219,66.76580810546875,0.010507637775584696,0.35,0.0,0.5311256448972319,0.6027069091796858,159,161,5.981312290384874,60.045639770912054
1052,52.6,ccurve,247,pure_pursuit,3.0,372.77532958984375,-282.58245849609375,66.7821044921875,0.05769537131684621,0.35,0.0,0.8252700342962316,0.5864105224609438,159,162,5.889897320128234,60.073835174395256
1053,52.650000000000006,ccurve,247,pure_pursuit,3.0,372.8883361816406,-282.30767822265625,66.92091369628906,0.05112283225699508,0.35,0.0,0.6691795725547064,1.22602844238281,160,162,5.986962550378478,60.102018769390995
1054,52.7,ccurve,247,pure_pursuit,3.0,372.9986267089844,-282.03277587890625,67.11344909667969,0.03982385991102541,0.35,0.0,0.37573416314765723,1.0334930419921837,160,162,5.865657133570343,60.12901819393945
1055,52.75,ccurve,247,pure_pursuit,3.0,373.1089782714844,-281.7558288574219,67.3161849975586,0.02720829095935772,0.15,0.0,0.0991988229640419,0.8307571411132753,160,162,6.017228716972482,60.15695182223694
1056,52.800000000000004,ccurve,247,pure_pursuit,3.0,373.2189025878906,-281.4794616699219,67.447265625,0.017926744864519468,0.35,0.0,0.2365763361750914,0.6996765136718692,160,162,5.913146621478737,60.18609745049862
1057,52.85,ccurve,247,pure_pursuit,3.0,373.32940673828125,-281.2032470703125,67.55378723144531,0.010102160464031132,0.35,0.0,0.5282184428581036,0.5931549072265617,160,162,5.983638588906186,60.21729755464121
1058,52.900000000000006,ccurve,247,pure_pursuit,3.0,373.4393615722656,-280.9292907714844,67.5759506225586,0.05685221030853268,0.35,0.0,0.8217382053386724,0.5709915161132799,160,163,5.839929403249901,60.2500191386836
1059,52.95,ccurve,247,pure_pursuit,3.0,373.5481262207031,-280.6539611816406,67.70531463623047,0.05069788685573483,0.35,0.0,0.6738210629355732,1.2200622558593817,161,163,5.968846308587957,60.282661915470385
1060,53.0,ccurve,247,pure_pursuit,3.0,373.65423583984375,-280.37872314453125,67.8921890258789,0.03970004473473327,0.35,0.0,0.38153373120277795,1.0331878662109442,161,163,5.870606237330244,60.3141964998243
1061,53.050000000000004,ccurve,247,pure_pursuit,3.0,373.7601623535156,-280.10211181640625,68.10565185546875,0.02655074696984442,0.35,0.0,0.1050190433336913,0.8197250366211041,161,163,5.9696462276045175,60.34663480005725
1062,53.1,ccurve,247,pure_pursuit,3.0,373.8654479980469,-279.82623291015625,68.23497772216797,0.017272236560342772,0.35,0.0,0.22717695524597567,0.6903991699218798,161,163,5.848146477380348,60.380067820599436
1063,53.150000000000006,ccurve,247,pure_pursuit,3.0,373.97210693359375,-279.54876708984375,68.32225036621094,0.010471090242777422,0.35,0.0,0.5181712485820558,0.603126525878911,161,163,5.999521689566968,60.4158752035928
1064,53.2,ccurve,247,pure_pursuit,3.0,374.0789794921875,-279.2719421386719,68.3387680053711,0.05756699545467689,0.35,0.0,0.8131514102068581,0.5866088867187591,161,164,5.909700954030698,60.45348229821695
1065,53.25,ccurve,247,pure_pursuit,3.0,374.1847839355469,-278.9932556152344,68.47791290283203,0.05093310057057091,0.15,0.0,0.6803433478184125,1.2258911132812427,162,164,6.006776192328299,60.491050920951764
1066,53.300000000000004,ccurve,247,pure_pursuit,3.0,374.2878723144531,-278.7147216796875,68.67015838623047,0.03966098168020863,0.35,0.0,0.3860088730271554,1.0336456298828098,162,164,5.878624621200252,60.527453886766175
1067,53.35,ccurve,247,pure_pursuit,3.0,374.3905029296875,-278.4354248046875,68.87564849853516,0.026928509946742906,0.35,0.0,0.10751224964372376,0.8281555175781201,162,164,5.99053917922665,60.56467541902006
1068,53.400000000000006,ccurve,247,pure_pursuit,3.0,374.4922180175781,-278.1579895019531,69.00491333007812,0.017759955542337547,0.35,0.0,0.22436624927311966,0.6988906860351566,162,164,5.871746669594763,60.602846728791356
1069,53.45,ccurve,247,pure_pursuit,3.0,374.5946350097656,-277.8802185058594,69.10860443115234,0.010051439687356474,0.35,0.0,0.5140486385265117,0.5951995849609371,162,164,5.962400472008608,60.64304819075069
1070,53.5,ccurve,247,pure_pursuit,3.0,374.6970520019531,-277.6038513183594,69.12784576416016,0.05694462245258993,0.35,0.0,0.8070046115118116,0.5759582519531214,162,165,5.834886891160502,60.68495967522951
1071,53.550000000000004,ccurve,247,pure_pursuit,3.0,374.7983093261719,-277.3253479003906,69.25540924072266,0.05080286743447396,0.35,0.0,0.6882350917519444,1.2268295288085942,163,165,5.979015275828772,60.72670246301621
1072,53.6,ccurve,247,pure_pursuit,3.0,374.8971252441406,-277.04669189453125,69.4437484741211,0.039707440149411515,0.35,0.0,0.3951660669558421,1.0384902954101556,163,165,5.887589818530473,60.76743866666119
1073,53.650000000000006,ccurve,247,pure_pursuit,3.0,374.9957275390625,-276.7664794921875,69.6585922241211,0.02641581535254008,0.35,0.0,0.11538332671353665,0.823646545410157,163,165,5.988074373202698,60.80907346400914
1074,53.7,ccurve,247,pure_pursuit,3.0,375.09393310546875,-276.4869079589844,69.78865814208984,0.01717595209083819,0.35,0.0,0.21604222113246327,0.6935806274414092,163,165,5.868014645508969,60.85186167406181
1075,53.75,ccurve,247,pure_pursuit,3.0,375.1933898925781,-276.2056884765625,69.87629699707031,0.010364262350959308,0.15,0.0,0.5074766561540186,0.6059417724609402,163,165,6.019201640741447,60.89698722041813
1076,53.800000000000004,ccurve,247,pure_pursuit,3.0,375.2929992675781,-275.92535400390625,69.89344787597656,0.05740670806839576,0.35,0.0,0.8031358208140716,0.588790893554689,163,166,5.914754958591754,60.943848601152645
1077,53.85,ccurve,247,pure_pursuit,3.0,375.39105224609375,-275.6445007324219,70.0318374633789,0.050837685220812855,0.35,0.0,0.6910312822518561,1.2288360595703034,164,166,5.981660081877953,60.99050196257034
1078,53.900000000000006,ccurve,247,pure_pursuit,3.0,375.4859924316406,-275.3651428222656,70.22222137451172,0.039724283306442856,0.35,0.0,0.3985176940696742,1.0384521484374896,164,166,5.837015741063124,61.035756962131764
1079,53.95,ccurve,247,pure_pursuit,3.0,375.5805358886719,-275.08465576171875,70.42382049560547,0.02723364083370572,0.35,0.0,0.11889769457567365,0.8368530273437479,164,166,5.970386686781603,61.08182532269888
1080,54.0,ccurve,247,pure_pursuit,3.0,375.6745300292969,-274.8049621582031,70.55155944824219,0.018136936831219405,0.35,0.0,0.2105892007921995,0.7091140747070205,164,166,5.872762950840387,61.12887775936166
1081,54.050000000000004,ccurve,247,pure_pursuit,3.0,375.76953125,-274.5242614746094,70.65577697753906,0.01047165180997338,0.35,0.0,0.4998590496070282,0.6048965454101516,164,166,5.971721366561721,61.17815449765446
1082,54.1,ccurve,247,pure_pursuit,3.0,375.8645935058594,-274.2445983886719,70.67671966552734,0.05715416804372865,0.35,0.0,0.7933652901065058,0.5839538574218663,164,167,5.849861231552761,61.22904342823735
1083,54.150000000000006,ccurve,247,pure_pursuit,3.0,375.95855712890625,-273.96258544921875,70.80668640136719,0.05088535878639473,0.35,0.0,0.7009873645520942,1.2324142456054634,165,167,5.997191224295882,61.27988206568789
1084,54.2,ccurve,247,pure_pursuit,3.0,376.0500793457031,-273.6804504394531,70.9974594116211,0.039660517306884455,0.35,0.0,0.40687573481382067,1.0416412353515674,165,167,5.907344406404858,61.329685289981036
1085,54.25,ccurve,247,pure_pursuit,3.0,376.141357421875,-273.3966979980469,71.21377563476562,0.026283997395292014,0.15,0.0,0.1243533829372853,0.8253250122070321,165,167,6.007831498735163,61.38041738237716
1086,54.300000000000004,ccurve,247,pure_pursuit,3.0,376.232177734375,-273.11383056640625,71.34417724609375,0.01701800742501987,0.35,0.0,0.20667387373957,0.6949234008789017,165,167,5.880919544647489,61.43221751713162
1087,54.35,ccurve,247,pure_pursuit,3.0,376.32379150390625,-272.8305969238281,71.43541717529297,0.010025602355811626,0.35,0.0,0.49697154212327543,0.6036834716796907,165,167,5.99271092471136,61.48614961688599
1088,54.400000000000006,ccurve,247,pure_pursuit,3.0,376.41510009765625,-272.5495300292969,71.45132446289062,0.05705903420708816,0.35,0.0,0.7905844054618861,0.5877761840820308,165,168,5.8733825158618735,61.54143852531353
1089,54.45,ccurve,247,pure_pursuit,3.0,376.50506591796875,-272.26751708984375,71.58731842041016,0.050608469150027945,0.35,0.0,0.7051208171441466,1.2302093505859262,166,168,5.960506000169123,61.59665019238371
1090,54.5,ccurve,247,pure_pursuit,3.0,376.5922546386719,-271.9861145019531,71.77513122558594,0.03961985469524467,0.35,0.0,0.4129487862851061,1.0423965454101498,166,168,5.832092119181699,61.65054415972689
1091,54.550000000000004,ccurve,247,pure_pursuit,3.0,376.67926025390625,-271.7028503417969,71.97379302978516,0.02728249535142764,0.35,0.0,0.1309672843054201,0.8437347412109333,166,168,5.980589755343766,61.70541226591895
1092,54.6,ccurve,247,pure_pursuit,3.0,376.7658996582031,-271.4200439453125,72.10157775878906,0.01822489738339282,0.35,0.0,0.1980490119149155,0.7159500122070295,166,168,5.889660083175661,61.76133701147409
1093,54.650000000000006,ccurve,247,pure_pursuit,3.0,376.853515625,-271.1360778808594,72.20648956298828,0.010530020442079182,0.35,0.0,0.48736721413610473,0.6110382080078134,166,168,5.990093156981576,61.81948229282925
1094,54.7,ccurve,247,pure_pursuit,3.0,376.9412536621094,-270.85296630859375,72.22834777832031,0.05710420665137126,0.35,0.0,0.7817856555668127,0.5891799926757711,166,169,5.869700794364923,61.879202961962854
1095,54.75,ccurve,247,pure_pursuit,3.0,377.02783203125,-270.56756591796875,72.35932159423828,0.050777641280980564,0.15,0.0,0.7116751826044438,1.2366409301757815,167,169,6.016852245321515,61.93892239018848
1096,54.800000000000004,ccurve,247,pure_pursuit,3.0,377.1119384765625,-270.2823181152344,72.55122375488281,0.03951769018075183,0.35,0.0,0.4167158709967634,1.0447387695312544,167,169,5.912241643753952,61.99756924475093
1097,54.85,ccurve,247,pure_pursuit,3.0,377.1954345703125,-269.9967956542969,72.76775360107422,0.026223312232823863,0.35,0.0,0.1333228466788952,0.8282089233398451,167,169,5.982607226883516,62.05695520998018
1098,54.900000000000006,ccurve,247,pure_pursuit,3.0,377.2779541015625,-269.71343994140625,72.89859008789062,0.016908180541780952,0.35,0.0,0.19512023999763836,0.6973724365234434,167,169,5.839237650074742,62.11690092921768
1099,54.95,ccurve,247,pure_pursuit,3.0,377.36138916015625,-269.4292907714844,72.98664855957031,0.010065633835350613,0.35,0.0,0.48316527725703573,0.6093139648437491,167,169,5.972350307549756,62.179045873418
1100,55.0,ccurve,247,pure_pursuit,3.0,377.4449768066406,-269.1462097167969,73.00049591064453,0.05720131341910397,0.35,0.0,0.7763037133810253,0.595466613769536,167,170,5.874210473412486,62.242761807427414
1101,55.050000000000004,ccurve,247,pure_pursuit,3.0,377.52728271484375,-268.8616027832031,73.13610076904297,0.05072503902877076,0.35,0.0,0.7191599455553118,1.2382888793945264,168,170,5.969788283577175,62.306436177239036
1102,55.1,ccurve,247,pure_pursuit,3.0,377.6070556640625,-268.5772705078125,73.32502746582031,0.039710438964826754,0.35,0.0,0.42618193715049957,1.0493621826171904,168,170,5.847026758155358,62.368940055691795
1103,55.150000000000006,ccurve,247,pure_pursuit,3.0,377.6865539550781,-268.2908935546875,73.52496337890625,0.02727044975734803,0.35,0.0,0.1418856467703345,0.8494262695312523,168,170,5.99871406288065,62.4323949916025
1104,55.2,ccurve,247,pure_pursuit,3.0,377.7657775878906,-268.00494384765625,73.654052734375,0.018161583463260036,0.35,0.0,0.18747811636773787,0.7203369140624967,168,170,5.90933868907973,62.49694533227325
1105,55.25,ccurve,247,pure_pursuit,3.0,377.84588623046875,-267.7177429199219,73.75967407226562,0.010374318589492813,0.15,0.0,0.47700894366564023,0.6147155761718747,168,170,6.009768295890446,62.56366545868907
1106,55.300000000000004,ccurve,247,pure_pursuit,3.0,377.9261779785156,-267.4315490722656,73.78134155273438,0.05699949718601706,0.35,0.0,0.7721724676867371,0.5930480957031247,168,171,5.882504572958722,62.631956574723894
1107,55.35,ccurve,247,pure_pursuit,3.0,378.0048828125,-267.1445617675781,73.91368103027344,0.05063957522934444,0.35,0.0,0.7220330212203381,1.2391357421874996,169,171,5.990251693269213,62.69996890023536
1108,55.400000000000006,ccurve,247,pure_pursuit,3.0,378.0807189941406,-266.85906982421875,74.1017837524414,0.039590355834169984,0.35,0.0,0.4289771548187908,1.0510330200195424,169,171,5.870722905462341,62.766496121855106
1109,55.45,ccurve,247,pure_pursuit,3.0,378.1560974121094,-266.57281494140625,74.31526947021484,0.0264899440823148,0.35,0.0,0.14545131392933724,0.8375473022460951,169,171,5.961411386287951,62.833864460671194
1110,55.5,ccurve,247,pure_pursuit,3.0,378.2309265136719,-266.28778076171875,74.4442138671875,0.017406746405424257,0.35,0.0,0.18200328728780987,0.7086029052734426,169,171,5.834281698112144,62.902030131356774
1111,55.550000000000004,ccurve,247,pure_pursuit,3.0,378.3067626953125,-266.0011901855469,74.53150177001953,0.010677374114300774,0.35,0.0,0.46939533336429445,0.6213150024414149,169,171,5.982445815626634,62.97248244249027
1112,55.6,ccurve,247,pure_pursuit,3.0,378.3828125,-265.7153015136719,74.54823303222656,0.05752852506132511,0.35,0.0,0.7630898124541762,0.6045837402343762,169,172,5.891037090976449,63.04447201805686
1113,55.650000000000006,ccurve,247,pure_pursuit,3.0,378.4576110839844,-265.42767333984375,74.68730163574219,0.05087361931285255,0.35,0.0,0.7315096865033917,1.2439498901367279,170,172,5.988100240780373,63.11650208926205
1114,55.7,ccurve,247,pure_pursuit,3.0,378.52978515625,-265.140380859375,74.87911987304688,0.03964153437315828,0.35,0.0,0.4375577147766638,1.0521316528320304,170,172,5.866821806410696,63.18722426443528
1115,55.75,ccurve,247,pure_pursuit,3.0,378.6017150878906,-264.8509826660156,75.0808334350586,0.02708932907394114,0.15,0.0,0.15122896466892238,0.850418090820316,170,172,6.018323868545969,63.25901409820354
1116,55.800000000000004,ccurve,247,pure_pursuit,3.0,378.6733093261719,-264.562255859375,75.2110824584961,0.017888186447681233,0.35,0.0,0.17865246978468394,0.7201690673828117,170,172,5.91424451316434,63.33178671718794
1117,55.85,ccurve,247,pure_pursuit,3.0,378.7455139160156,-264.2735900878906,75.31707763671875,0.01014318976379267,0.35,0.0,0.4668362513098956,0.6141738891601537,170,172,5.9847462054779985,63.40648107101164
1118,55.900000000000006,ccurve,247,pure_pursuit,3.0,378.8175048828125,-263.9872131347656,75.33912658691406,0.056706496803890255,0.35,0.0,0.7599638561397636,0.5921249389648446,170,173,5.841069453663401,63.48223339320333
1119,55.95,ccurve,247,pure_pursuit,3.0,378.8880310058594,-263.6996154785156,75.46830749511719,0.050489816487837,0.35,0.0,0.7357310143116801,1.2413711547851545,171,173,5.969933368097804,63.55782704435693
1120,56.0,ccurve,247,pure_pursuit,3.0,378.95599365234375,-263.4125671386719,75.65445709228516,0.03953384413536971,0.35,0.0,0.44299279510154715,1.0552215576171817,171,173,5.871698433222998,63.63213275464547
1121,56.050000000000004,ccurve,247,pure_pursuit,3.0,379.0235595703125,-263.1241455078125,75.86698150634766,0.026419429297359076,0.35,0.0,0.15799580046234912,0.8426971435546804,171,173,5.970719838022779,63.707360775244624
1122,56.1,ccurve,247,pure_pursuit,3.0,379.0907287597656,-262.83648681640625,75.99546813964844,0.017289676541710604,0.35,0.0,0.1701745779545926,0.7142105102539064,171,173,5.849219168101321,63.783453883885024
1123,56.150000000000006,ccurve,247,pure_pursuit,3.0,379.1589660644531,-262.547119140625,76.08238983154297,0.010563055137598367,0.15,0.0,0.45727605967312335,0.6272888183593663,171,173,6.00053617411955,63.8619547682972
1124,56.2,ccurve,247,pure_pursuit,3.0,379.2274475097656,-262.2585144042969,76.09962463378906,0.05742138985722695,0.35,0.0,0.751622550928645,0.6100540161132727,171,174,5.89568479292659,63.94195326499994
1125,56.25,ccurve,247,pure_pursuit,3.0,379.2944030761719,-261.96966552734375,76.2380142211914,0.050883256427954396,0.35,0.0,0.7437210558470418,1.2500915527343768,172,174,5.962814214379723,64.02171325500848
1126,56.300000000000004,ccurve,247,pure_pursuit,3.0,379.35833740234375,-261.6825866699219,76.427734375,0.0397895412553424,0.35,0.0,0.4517773666883178,1.0603713989257797,172,174,5.817823691111397,64.09963757425471
1127,56.35,ccurve,247,pure_pursuit,3.0,379.4217834472656,-261.3943786621094,76.62849426269531,0.02735084947292001,0.35,0.0,0.1669972959930545,0.8596115112304756,172,174,5.9522657770631895,64.17839040591872
1128,56.400000000000006,ccurve,247,pure_pursuit,3.0,379.4847717285156,-261.1070861816406,76.75579071044922,0.0183114431111935,0.35,0.0,0.16000811774179702,0.7323150634765679,172,174,5.8547251877504225,64.25789011872308
1129,56.45,ccurve,247,pure_pursuit,3.0,379.548583984375,-260.81866455078125,76.86009216308594,0.010610801866281905,0.35,0.0,0.44425953847525873,0.6280136108398438,172,174,5.954079379039133,64.33953115124625
1130,56.5,ccurve,247,pure_pursuit,3.0,379.61260986328125,-260.53118896484375,76.88135528564453,0.05706569510364149,0.35,0.0,0.7364117817698271,0.6067504882812474,172,175,5.8319909232475,64.42257121371973
1131,56.550000000000004,ccurve,247,pure_pursuit,3.0,379.6753845214844,-260.2415466308594,77.01095581054688,0.0508207615040242,0.35,0.0,0.7591616704965393,1.2555847167968806,173,175,5.980322394959209,64.50575984103179
1132,56.6,ccurve,247,pure_pursuit,3.0,379.7356872558594,-259.9519958496094,77.20072937011719,0.03964756616808128,0.35,0.0,0.4655143454697395,1.0658111572265585,173,175,5.890470789032048,64.58772962084605
1133,56.650000000000006,ccurve,247,pure_pursuit,3.0,379.7956237792969,-259.6608581542969,77.41598510742188,0.02637891208318351,0.35,0.0,0.1778942400506774,0.8505554199218707,173,175,5.99131616893125,64.67071331085172
1134,56.7,ccurve,247,pure_pursuit,3.0,379.855224609375,-259.3704528808594,77.546142578125,0.01717916003706809,0.35,0.0,0.15202511575090968,0.7203979492187446,173,175,5.87157796581154,64.75455737660322
1135,56.75,ccurve,247,pure_pursuit,3.0,379.9158020019531,-259.07818603515625,77.6338882446289,0.010360299299434505,0.15,0.0,0.4381901372629682,0.6326522827148384,173,175,6.022777763673139,64.84079001312793
1136,56.800000000000004,ccurve,247,pure_pursuit,3.0,379.9767150878906,-258.7867736816406,77.65113830566406,0.05722684159830869,0.35,0.0,0.7334123354888962,0.6154022216796861,173,176,5.9184106989506375,64.92853311052504
1137,56.85,ccurve,247,pure_pursuit,3.0,380.0359802246094,-258.4950866699219,77.78933715820312,0.05063333858584283,0.35,0.0,0.7609312614610129,1.255630493164057,174,176,5.985298325732799,65.01590856501974
1138,56.900000000000006,ccurve,247,pure_pursuit,3.0,380.09234619140625,-258.20526123046875,77.97904968261719,0.03952843056051358,0.35,0.0,0.46777366148399774,1.0659179687499956,174,176,5.840725240787292,65.10145074326229
1139,56.95,ccurve,247,pure_pursuit,3.0,380.1481628417969,-257.91436767578125,78.17979431152344,0.027062516380338145,0.35,0.0,0.18097343761595958,0.8651733398437376,174,176,5.973903752098759,65.1877874016841
1140,57.0,ccurve,247,pure_pursuit,3.0,380.20361328125,-257.6243591308594,78.30664825439453,0.018065478774227865,0.35,0.0,0.14813538600427834,0.7383193969726496,174,176,5.876279535636371,65.27489052625009
1141,57.050000000000004,ccurve,247,pure_pursuit,3.0,380.25994873046875,-257.333251953125,78.41024780273438,0.010519965629329962,0.35,0.0,0.4318100404759747,0.6347198486328084,174,176,5.975157603641799,65.36421858614369
1142,57.1,ccurve,247,pure_pursuit,3.0,380.31646728515625,-257.0431213378906,78.43109893798828,0.0570991070826339,0.35,0.0,0.7248608815894003,0.6138687133789014,174,177,5.853325618517267,65.45483148028401
1143,57.150000000000006,ccurve,247,pure_pursuit,3.0,380.37158203125,-256.75091552734375,78.56111907958984,0.050843785858193,0.15,0.0,0.7698224383300571,1.262283325195322,175,177,6.000466705394961,65.54551935142425
1144,57.2,ccurve,247,pure_pursuit,3.0,380.4242248535156,-256.45904541015625,78.75218200683594,0.03964195121725453,0.35,0.0,0.47530925719686745,1.0712203979492199,175,177,5.895463032416293,65.63493447858144
1145,57.25,ccurve,247,pure_pursuit,3.0,380.4761657714844,-256.16705322265625,78.96831512451172,0.026356354908794444,0.35,0.0,0.18770624033686847,0.855087280273441,175,177,5.965986400884797,65.72488701029481
1146,57.300000000000004,ccurve,247,pure_pursuit,3.0,380.5274963378906,-255.87722778320312,79.09895324707031,0.01714343905693796,0.35,0.0,0.14123485700278376,0.7244491577148546,175,177,5.822315171709146,65.81514929751248
1147,57.35,ccurve,247,pure_pursuit,3.0,380.57965087890625,-255.58656311035156,79.18724060058594,0.010403118542092322,0.35,0.0,0.42265743337640077,0.6361618041992275,175,177,5.956353431958043,65.90753747514651
1148,57.400000000000006,ccurve,247,pure_pursuit,3.0,380.6319885253906,-255.2969207763672,79.20210266113281,0.05724745188733239,0.35,0.0,0.7143569062675463,0.6212997436523434,175,178,5.858285218015944,66.00114898473034
1149,57.45,ccurve,247,pure_pursuit,3.0,380.68292236328125,-255.00587463378906,79.33847045898438,0.05071570145469274,0.35,0.0,0.7822456244433255,1.2633590698242156,176,178,5.954242657274166,66.0947623504027
1150,57.5,ccurve,247,pure_pursuit,3.0,380.7313232421875,-254.71536254882812,79.52705383300781,0.03969418723334598,0.35,0.0,0.48969753786285436,1.0747756958007852,176,178,5.831304371449782,66.18697719141936
1151,57.550000000000004,ccurve,247,pure_pursuit,3.0,380.779296875,-254.42282104492188,79.72612762451172,0.02733551429994014,0.35,0.0,0.2013884028378304,0.8757019042968793,176,178,5.983823295370054,66.28027338020591
1152,57.6,ccurve,247,pure_pursuit,3.0,380.8270263671875,-254.13072204589844,79.85469055175781,0.018288517987833566,0.35,0.0,0.13036990075869265,0.7471389770507731,176,178,5.894444114153795,66.37444937213512
1153,57.650000000000006,ccurve,247,pure_pursuit,3.0,380.87554931640625,-253.83726501464844,79.9602279663086,0.010588797020674395,0.35,0.0,0.4119980218694302,0.6416015624999937,176,178,5.995187866342331,66.4708194303419
1154,57.7,ccurve,247,pure_pursuit,3.0,380.9242858886719,-253.54464721679688,79.98262786865234,0.056926200795737854,0.35,0.0,0.705879889050531,0.6192016601562432,176,179,5.875155980267999,66.56844548913564
1155,57.75,ccurve,247,pure_pursuit,3.0,380.9716796875,-253.24993896484375,80.11378479003906,0.05061996381359388,0.15,0.0,0.787806056476535,1.266471862792974,177,179,6.02226027927738,66.66629402698025
1156,57.800000000000004,ccurve,247,pure_pursuit,3.0,381.01654052734375,-252.95570373535156,80.30531311035156,0.03936725389022875,0.35,0.0,0.49216508932598596,1.0749435424804703,177,179,5.917747663331992,66.76275695436672
1157,57.85,ccurve,247,pure_pursuit,3.0,381.0607604980469,-252.6613006591797,80.52131652832031,0.02610412527468636,0.35,0.0,0.20262597813923933,0.8589401245117231,177,179,5.988050952468869,66.85980663586093
1158,57.900000000000006,ccurve,247,pure_pursuit,3.0,381.10443115234375,-252.36907958984375,80.65161895751953,0.01693021386664441,0.35,0.0,0.12921108341306828,0.7286376953125066,177,179,5.844779907043223,66.9570892851964
1159,57.95,ccurve,247,pure_pursuit,3.0,381.14886474609375,-252.0760498046875,80.7396240234375,0.010199247428631753,0.35,0.0,0.40936082390453415,0.6406326293945372,177,179,5.9775951261051965,67.05643687444909
1160,58.0,ccurve,247,pure_pursuit,3.0,381.19354248046875,-251.7840576171875,80.7539291381836,0.057133602086895496,0.35,0.0,0.7019247307498211,0.6263275146484456,177,180,5.879430641609768,67.15698122991991
1161,58.050000000000004,ccurve,247,pure_pursuit,3.0,381.2367858886719,-251.49069213867188,80.89002227783203,0.050648204080806225,0.35,0.0,0.7937345987612986,1.2686691284179756,178,180,5.9749056714507445,67.25754246445385
1162,58.1,ccurve,247,pure_pursuit,3.0,381.2774658203125,-251.19796752929688,81.0790023803711,0.03961665907438589,0.35,0.0,0.5001239557768402,1.0796890258789147,178,180,5.852209686890223,67.35661866962565
1163,58.150000000000006,ccurve,247,pure_pursuit,3.0,381.3176574707031,-250.9032440185547,81.27884674072266,0.027228256001611165,0.15,0.0,0.21040165412348166,0.8798446655273422,178,180,6.003616847916423,67.45678325979105
1164,58.2,ccurve,247,pure_pursuit,3.0,381.3575439453125,-250.60919189453125,81.40833282470703,0.01810985407584653,0.35,0.0,0.12352469931511645,0.7503585815429688,178,180,5.899151770074217,67.55766812171804
1165,58.25,ccurve,247,pure_pursuit,3.0,381.3980407714844,-250.31515502929688,81.5145492553711,0.010400605348666984,0.35,0.0,0.4028989424188159,0.6441421508789136,178,180,5.96978803225154,67.66029661385475
1166,58.300000000000004,ccurve,247,pure_pursuit,3.0,381.4385986328125,-250.0234375,81.53733825683594,0.05679824447687292,0.35,0.0,0.6945281171888963,0.6213531494140683,178,181,5.82581093206748,67.76361783762569
1167,58.35,ccurve,247,pure_pursuit,3.0,381.47747802734375,-249.7306365966797,81.66697692871094,0.05049217572291021,0.35,0.0,0.8023473173097463,1.2701416015624996,179,181,5.955535581885327,67.86666744956939
1168,58.400000000000006,ccurve,247,pure_pursuit,3.0,381.51397705078125,-249.43862915039062,81.85283660888672,0.03958308528084075,0.35,0.0,0.5099573106118115,1.0842819213867203,179,181,5.857398245038574,67.96834570249942
1169,58.45,ccurve,247,pure_pursuit,3.0,381.5499267578125,-249.14529418945312,82.06494903564453,0.02653503373263535,0.35,0.0,0.221656445721668,0.8721694946288957,179,181,5.956724022370257,68.07091851979447
1170,58.5,ccurve,247,pure_pursuit,3.0,381.58551025390625,-248.852783203125,82.19318389892578,0.01743655850654919,0.35,0.0,0.11301646960769715,0.7439346313476491,179,181,5.835027923957581,68.17406752976973
1171,58.550000000000004,ccurve,247,pure_pursuit,3.0,381.6219787597656,-248.5583953857422,82.28015899658203,0.010724696122611295,0.35,0.0,0.38920191106469504,0.6569595336913969,179,181,5.987103891728344,68.27964245019207
1172,58.6,ccurve,247,pure_pursuit,3.0,381.6588439941406,-248.26454162597656,82.29729461669922,0.057403549014801845,0.35,0.0,0.6822397296310883,0.6398239135742173,179,182,5.897275651366397,68.38659540671392
1173,58.650000000000006,ccurve,247,pure_pursuit,3.0,381.6942443847656,-247.9691925048828,82.43657684326172,0.05074016512664215,0.35,0.0,0.8126482760922997,1.278968811035159,180,182,5.994642771559884,68.49361389505975
1174,58.7,ccurve,247,pure_pursuit,3.0,381.72705078125,-247.67445373535156,82.62826538085938,0.03951807847542873,0.35,0.0,0.5179526316913203,1.087280273437506,180,182,5.873749048245157,68.59909118572277
1175,58.75,ccurve,247,pure_pursuit,3.0,381.7593688964844,-247.37765502929688,82.82975769042969,0.027027292965347182,0.15,0.0,0.22647922111626434,0.8857879638671887,180,182,6.025085167813163,68.70574187591895
1176,58.800000000000004,ccurve,247,pure_pursuit,3.0,381.7914733886719,-247.08155822753906,82.95975494384766,0.017931772173404255,0.35,0.0,0.1117028999172269,0.7557907104492245,180,182,5.921121001155647,68.81313387886392
1177,58.85,ccurve,247,pure_pursuit,3.0,381.8240966796875,-246.7854461669922,83.06590270996094,0.010194589831053877,0.35,0.0,0.388649960539859,0.6496429443359404,180,182,5.991533880442302,68.9221500327221
1178,58.900000000000006,ccurve,247,pure_pursuit,3.0,381.8569030761719,-246.49163818359375,83.08829498291016,0.05667767508104289,0.35,0.0,0.6811530437944432,0.6272506713867256,180,183,5.84797215703925,69.03183941848658
1179,58.95,ccurve,247,pure_pursuit,3.0,381.88800048828125,-246.19686889648438,83.21790313720703,0.050399658278586154,0.35,0.0,0.8148061378353076,1.2760772705078103,181,183,5.976448690038936,69.14123495698324
1180,59.0,ccurve,247,pure_pursuit,3.0,381.9167175292969,-245.90292358398438,83.40418243408203,0.039484114078658296,0.35,0.0,0.5213094955633195,1.0897979736328187,181,183,5.878186832493618,69.24921111539119
1181,59.050000000000004,ccurve,247,pure_pursuit,3.0,381.94482421875,-245.60769653320312,83.61671447753906,0.026415743733003875,0.35,0.0,0.23161705903961255,0.8772659301757817,181,183,5.9770645917370135,69.35804845040904
1182,59.1,ccurve,247,pure_pursuit,3.0,381.97265625,-245.3133087158203,83.7453384399414,0.01735992171482903,0.35,0.0,0.10641419213892506,0.7486419677734403,181,183,5.855629318016578,69.46748045689247
1183,59.150000000000006,ccurve,247,pure_pursuit,3.0,382.0012512207031,-245.0170440673828,83.83270263671875,0.010635429762590251,0.15,0.0,0.3811040168993511,0.6612777709960932,181,183,6.006601835888727,69.579266033575
1184,59.2,ccurve,247,pure_pursuit,3.0,382.0301513671875,-244.72157287597656,83.8504867553711,0.05730354485353104,0.35,0.0,0.6747298891000075,0.6434936523437556,181,184,5.90176643555693,69.69220502020796
1185,59.25,ccurve,247,pure_pursuit,3.0,382.0574951171875,-244.42601013183594,83.98918151855469,0.05067597798579877,0.35,0.0,0.8208853447156143,1.2832260131835946,182,184,5.968806507759824,69.80476334494638
1186,59.300000000000004,ccurve,247,pure_pursuit,3.0,382.0821533203125,-244.13262939453125,84.17855072021484,0.03960443130229045,0.35,0.0,0.5282833984174625,1.093856811523439,182,184,5.823924254469631,69.91518684949337
1187,59.35,ccurve,247,pure_pursuit,3.0,382.106201171875,-243.83819580078125,84.37870788574219,0.0272375074730837,0.35,0.0,0.2394178055055045,0.8936996459961039,182,184,5.958017176769003,70.02640978079481
1188,59.400000000000006,ccurve,247,pure_pursuit,3.0,382.1299133300781,-243.5447235107422,84.50544738769531,0.018279667890184894,0.35,0.0,0.10001392584187092,0.7669601440429759,182,184,5.86045821325812,70.1380873436921
1189,59.45,ccurve,247,pure_pursuit,3.0,382.15435791015625,-243.25003051757812,84.60946655273438,0.010717865396616032,0.35,0.0,0.36998789329361065,0.6629409790039095,182,184,5.959678366993955,70.25189523414926
1190,59.5,ccurve,247,pure_pursuit,3.0,382.1791076660156,-242.95626831054688,84.63097381591797,0.05709033747854737,0.35,0.0,0.6613763921502241,0.6414337158203215,182,185,5.837666018664601,70.36676045095284
1191,59.550000000000004,ccurve,247,pure_pursuit,3.0,382.2023010253906,-242.66053771972656,84.7611083984375,0.05082701918108457,0.35,0.0,0.8344826572147038,1.289726257324221,183,185,5.985685282610069,70.48181799715361
1192,59.6,ccurve,247,pure_pursuit,3.0,382.2230529785156,-242.365234375,84.95130920410156,0.03967101805573601,0.35,0.0,0.5402238292192304,1.0995254516601507,183,185,5.8958291455109055,70.59548475470115
1193,59.650000000000006,ccurve,247,pure_pursuit,3.0,382.2431945800781,-242.0684051513672,85.16695404052734,0.02641514576225897,0.35,0.0,0.24898133950527143,0.8838806152343808,183,185,5.996564470413603,70.71012476119212
1194,59.7,ccurve,247,pure_pursuit,3.0,382.26312255859375,-241.7723846435547,85.29756164550781,0.01726022941850141,0.35,0.0,0.09536240709420041,0.7532730102539119,183,185,5.876894256205324,70.82536227562767
1195,59.75,ccurve,247,pure_pursuit,3.0,382.28375244140625,-241.47439575195312,85.38589477539062,0.0104752651206057,0.15,0.0,0.36551014827657874,0.6649398803710957,183,185,6.027814076130516,70.94296748207036
1196,59.800000000000004,ccurve,247,pure_pursuit,3.0,382.3048095703125,-241.1771697998047,85.40382385253906,0.05718318857685652,0.35,0.0,0.65993620235425,0.6470108032226549,183,186,5.923456849535115,71.0617808319668
1197,59.85,ccurve,247,pure_pursuit,3.0,382.32421875,-240.8798828125,85.54257202148438,0.05055623882885043,0.35,0.0,0.8347058080701343,1.286697387695305,184,186,5.990276556160924,71.18011310492491
1198,59.900000000000006,ccurve,247,pure_pursuit,3.0,382.3410339355469,-240.5848846435547,85.73242950439453,0.039493398989008076,0.35,0.0,0.5409891504220677,1.0968399047851531,184,186,5.845793299264536,71.29627352768647
1199,59.95,ccurve,247,pure_pursuit,3.0,382.3571472167969,-240.28887939453125,85.93326568603516,0.027082906644486208,0.35,0.0,0.2507311835810942,0.8960037231445296,184,186,5.978657116588755,71.41315687364151
1200,60.0,ccurve,247,pure_pursuit,3.0,382.37298583984375,-239.99383544921875,86.0602798461914,0.01813214571474309,0.35,0.0,0.09350586062000563,0.7689895629882797,184,186,5.881004731926308,71.53048480279178
1201,60.050000000000004,ccurve,247,pure_pursuit,3.0,382.3895263671875,-239.6975860595703,86.16427612304688,0.01060008006963831,0.35,0.0,0.3605605194138569,0.6649932861328078,184,186,5.9797813330353335,71.64992098527154
1202,60.1,ccurve,247,pure_pursuit,3.0,382.40631103515625,-239.40223693847656,86.18563079833984,0.05691631166589061,0.35,0.0,0.6527986396689549,0.643638610839846,184,187,5.858007878581009,71.77029253747666
1203,60.150000000000006,ccurve,247,pure_pursuit,3.0,382.4215087890625,-239.10501098632812,86.31583404541016,0.05062914636636883,0.15,0.0,0.8421800658414547,1.2918624877929745,185,187,6.004928567228511,71.89087423363074
1204,60.2,ccurve,247,pure_pursuit,3.0,382.4342956542969,-238.80853271484375,86.5063247680664,0.03946009463156701,0.35,0.0,0.5471822667334583,1.1013717651367234,185,187,5.899944468373972,72.00996620996563
1205,60.25,ccurve,247,pure_pursuit,3.0,382.44635009765625,-238.51194763183594,86.72161102294922,0.026216767850411105,0.35,0.0,0.2564128833619684,0.8860855102539053,185,187,5.970414880129185,72.1294402378998
1206,60.300000000000004,ccurve,247,pure_pursuit,3.0,382.45819091796875,-238.21763610839844,86.85152435302734,0.017136375631120353,0.35,0.0,0.08994762102000993,0.7561721801757836,185,187,5.826796782920428,72.24889602310138
1207,60.35,ccurve,247,pure_pursuit,3.0,382.47064208984375,-237.92236328125,86.93954467773438,0.010427574784556425,0.35,0.0,0.35291017141674114,0.6681518554687554,185,187,5.960571775562762,72.37027882704089
1208,60.400000000000006,ccurve,247,pure_pursuit,3.0,382.48345947265625,-237.62808227539062,86.9544677734375,0.05721192114259783,0.35,0.0,0.643718271058043,0.6532287597656234,185,188,5.862480717019463,72.49262836907481
1209,60.45,ccurve,247,pure_pursuit,3.0,382.49468994140625,-237.3325958251953,87.09093475341797,0.05067038388518972,0.35,0.0,0.8532546183620561,1.2951889038085944,186,188,5.9583460065230005,72.61495779673254
1210,60.5,ccurve,247,pure_pursuit,3.0,382.50341796875,-237.03802490234375,87.2795639038086,0.039623937059868136,0.35,0.0,0.5602428969467996,1.1065597534179623,186,188,5.835456893413261,72.7356214407936
1211,60.550000000000004,ccurve,247,pure_pursuit,3.0,382.5115051269531,-236.74148559570312,87.47856140136719,0.02730189567531262,0.35,0.0,0.2692377541515793,0.9075622558593757,186,188,5.987747589352365,72.85744894141895
1212,60.6,ccurve,247,pure_pursuit,3.0,382.5193786621094,-236.44540405273438,87.6070327758789,0.018278957734867977,0.35,0.0,0.08427879380871647,0.7790908813476478,186,188,5.89836843674417,72.97990337268803
1213,60.650000000000006,ccurve,247,pure_pursuit,3.0,382.5279235839844,-236.14791870117188,87.71255493164062,0.01066602936846177,0.35,0.0,0.34354815327783067,0.6735687255859398,186,188,5.9990335911696135,73.10452310565582
1214,60.7,ccurve,247,pure_pursuit,3.0,382.5367736816406,-235.8512420654297,87.73522186279297,0.05739728594752093,0.35,0.0,0.6364181913868906,0.6509017944335903,186,189,5.879049547037061,73.23009875260651
1215,60.75,ccurve,247,pure_pursuit,3.0,382.5439453125,-235.55262756347656,87.86763763427734,0.05101360196797316,0.15,0.0,0.8576436994099594,1.2969207763671815,187,189,6.025879670929603,73.35589967706292
1216,60.800000000000004,ccurve,247,pure_pursuit,3.0,382.5487060546875,-235.2548370361328,88.06135559082031,0.039701193637642865,0.35,0.0,0.5615295227384478,1.103202819824212,187,189,5.921378297988106,73.4801612425413
1217,60.85,ccurve,247,pure_pursuit,3.0,382.5527648925781,-234.95697021484375,88.27964782714844,0.02636550015850633,0.35,0.0,0.2693569481001144,0.8849105834960851,187,189,5.991610142016471,73.60480831586271
1218,60.900000000000006,ccurve,247,pure_pursuit,3.0,382.55657958984375,-234.66136169433594,88.41197967529297,0.01715960582882857,0.35,0.0,0.08445411544804807,0.7525787353515521,187,189,5.848392427390079,73.7292974743003
1219,60.95,ccurve,247,pure_pursuit,3.0,382.56097412109375,-234.3648223876953,88.50172424316406,0.010356751317602761,0.35,0.0,0.3421246646209414,0.6628341674804598,187,189,5.980985596114762,73.85567356005996
1220,61.0,ccurve,247,pure_pursuit,3.0,382.5657653808594,-234.0692596435547,88.51741027832031,0.04910360125167249,0.35,0.0,0.6337122819236438,0.6471481323242096,187,190,5.882810466290074,73.98297528254172
1221,61.050000000000004,ccurve,247,pure_pursuit,3.0,382.5692138671875,-233.7725372314453,88.64006042480469,0.04292057353308984,0.35,0.0,0.8623868599617109,1.3029251098632888,188,190,5.979106923744538,74.11050742060523
1222,61.1,ccurve,247,pure_pursuit,3.0,382.57073974609375,-233.47677612304688,88.79398345947266,0.03378366431868605,0.35,0.0,0.5681985255939288,1.1490020751953125,188,190,5.856783719946044,74.2368577634323
1223,61.150000000000006,ccurve,247,pure_pursuit,3.0,382.57171630859375,-233.1790771484375,88.95670318603516,0.023614513005732213,0.15,0.0,0.2756632480991751,0.9862823486328199,188,190,6.007908886263357,74.36450144527433
1224,61.2,ccurve,247,pure_pursuit,3.0,382.57257080078125,-232.88211059570312,89.05646514892578,0.01647390230398066,0.35,0.0,0.0797083285753579,0.8865203857421892,188,190,5.903374072895485,74.49269051675164
1225,61.25,ccurve,247,pure_pursuit,3.0,382.573974609375,-232.58506774902344,89.14370727539062,0.010170428864261224,0.35,0.0,0.3362547075463228,0.7992782592773507,188,190,5.974024383368136,74.62236922155603
1226,61.300000000000004,ccurve,247,pure_pursuit,3.0,382.57562255859375,-232.2903289794922,89.1572265625,0.00775174024084882,0.35,0.0,0.6271700765938968,0.7857589721679717,188,190,5.830088863242229,74.75221576370721
1227,61.35,ccurve,247,pure_pursuit,3.0,382.5777893066406,-231.99464416503906,89.16098022460938,0.03484655421114692,0.35,0.0,0.9026757921841255,1.4376144409179596,189,191,5.9633829933475955,74.8838796206765
1228,61.400000000000006,ccurve,247,pure_pursuit,3.0,382.5787658691406,-231.69998168945312,89.19964599609375,0.03280023304524989,0.35,0.0,0.6088139950196708,1.3989486694335849,189,191,5.864114300777566,75.0149578112685
1229,61.45,ccurve,247,pure_pursuit,3.0,382.57867431640625,-231.4040985107422,89.32466888427734,0.025391859197215372,0.35,0.0,0.3154367148646991,1.273925781249998,189,191,5.962965243620632,75.14655228154577
1230,61.5,ccurve,247,pure_pursuit,3.0,382.5779724121094,-231.10910034179688,89.4114990234375,0.019447479442754496,0.35,0.0,0.05946379659773534,1.1870956420898362,189,191,5.841012423508327,75.2781365122583
1231,61.550000000000004,ccurve,247,pure_pursuit,3.0,382.5774230957031,-230.81216430664062,89.48963165283203,0.013876230905128446,0.35,0.0,0.2875595488503593,1.108963012695302,189,191,5.992856844948964,75.41165881246965
1232,61.6,ccurve,247,pure_pursuit,3.0,382.5769348144531,-230.51576232910156,89.51506805419922,0.010927968827631406,0.35,0.0,0.5810015608037594,1.0835266113281252,189,191,5.903128568794151,75.54592303149319
1233,61.650000000000006,ccurve,247,pure_pursuit,3.0,382.5769958496094,-230.2178497314453,89.54866027832031,0.007771924061102349,0.15,0.0,0.8779086370617728,1.049934387207029,189,191,6.003895331105267,75.68229145715294
1234,61.7,ccurve,247,pure_pursuit,3.0,382.5771789550781,-229.92092895507812,89.52891540527344,0.02792284761376627,0.35,0.0,0.8278542495777619,1.0696792602538994,190,192,5.876481120918227,75.81923500054022
1235,61.75,ccurve,247,pure_pursuit,3.0,382.57666015625,-229.62350463867188,89.58016967773438,0.025024101049952504,0.35,0.0,0.5309392455400268,1.0184249877929612,190,192,5.987555221766335,75.95670532293103
1236,61.800000000000004,ccurve,247,pure_pursuit,3.0,382.5752258300781,-229.32815551757812,89.63607788085938,0.021191859696776526,0.35,0.0,0.23751273326949782,0.9625167846679697,190,192,5.8683302979912,76.09330900444375
1237,61.85,ccurve,247,pure_pursuit,3.0,382.57366943359375,-229.03225708007812,89.72245025634766,0.015512522278438376,0.35,0.0,0.07397187262530619,0.8761444091796864,190,192,5.959203397421225,76.23096350051287
1238,61.900000000000006,ccurve,247,pure_pursuit,3.0,382.5719909667969,-228.73768615722656,89.75469970703125,0.012442546566677084,0.35,0.0,0.35876286893327347,0.8438949584960824,190,192,5.831644254445969,76.3687791820437
1239,61.95,ccurve,247,pure_pursuit,3.0,382.57061767578125,-228.4413604736328,89.78284454345703,0.009631275591695876,0.35,0.0,0.6540333587294066,0.8157501220703135,190,192,5.979878410241911,76.5085866509678
1240,62.0,ccurve,247,pure_pursuit,3.0,382.5694885253906,-228.14564514160156,89.77030944824219,0.008980120257779669,0.35,0.0,0.9493419195450605,0.8282852172851518,190,192,5.888529531192857,76.6492056706805
1241,62.050000000000004,ccurve,247,pure_pursuit,3.0,382.5686950683594,-227.84852600097656,89.78014373779297,0.022551412051981433,0.35,0.0,0.7549141981267389,0.8184509277343699,191,193,5.989271297542653,76.79167837662447
1242,62.1,ccurve,247,pure_pursuit,3.0,382.567138671875,-227.5522003173828,89.78825378417969,0.021771899984605426,0.35,0.0,0.45894251617333337,0.8103408813476523,191,193,5.868302156487079,76.933982206736
1243,62.150000000000006,ccurve,247,pure_pursuit,3.0,382.5650939941406,-227.25392150878906,89.84469604492188,0.01801174593914775,0.15,0.0,0.16242823279723245,0.7538986206054626,191,193,6.01937034360621,77.07769229603477
1244,62.2,ccurve,247,pure_pursuit,3.0,382.5627136230469,-226.95640563964844,89.87808227539062,0.015097646284270808,0.35,0.0,0.1410552246954531,0.7205123901367174,191,193,5.915075435101276,77.22161939568718
1245,62.25,ccurve,247,pure_pursuit,3.0,382.5605773925781,-226.65878295898438,89.93238830566406,0.011088018527516227,0.35,0.0,0.4364970709157877,0.6662063598632815,191,193,5.985817629157221,77.36668793119655
1246,62.300000000000004,ccurve,247,pure_pursuit,3.0,382.558349609375,-226.3634490966797,89.93526458740234,0.00952828909498694,0.35,0.0,0.7314283048450289,0.6633300781249916,191,193,5.842100780960625,77.51140852313985
1247,62.35,ccurve,247,pure_pursuit,3.0,382.55657958984375,-226.0671844482422,89.9419937133789,0.018826259588781705,0.35,0.0,0.9731873958849544,0.6566009521484324,192,194,5.9748052712969475,77.65784507333497
1248,62.400000000000006,ccurve,247,pure_pursuit,3.0,382.5543212890625,-225.77191162109375,89.94197845458984,0.018345038878691163,0.35,0.0,0.6780307478010924,0.6566162109374912,192,194,5.876491902987245,77.80421274322875
1249,62.45,ccurve,247,pure_pursuit,3.0,382.5518798828125,-225.47540283203125,89.99388122558594,0.014906659575893516,0.35,0.0,0.3818423451742114,0.6047134399413951,192,194,5.975526131300985,77.95189236540006
1250,62.5,ccurve,247,pure_pursuit,3.0,382.5491027832031,-225.17982482910156,90.00914001464844,0.013070775368325365,0.35,0.0,0.08889728602354136,0.5894546508789059,192,194,5.853629732307882,78.09965548804
1251,62.550000000000004,ccurve,247,pure_pursuit,3.0,382.5465087890625,-224.88229370117188,90.03319549560547,0.010760359265742637,0.15,0.0,0.21345736427309076,0.5653991699218749,192,194,6.004698141160319,78.24941392692912
1252,62.6,ccurve,247,pure_pursuit,3.0,382.5439758300781,-224.58551025390625,90.02426147460938,0.010085077074014123,0.35,0.0,0.5094347051886896,0.5743331909179585,192,194,5.899946285750921,78.3996827548929
1253,62.650000000000006,ccurve,247,pure_pursuit,3.0,382.5417785644531,-224.2886505126953,90.04090118408203,0.008153245308046616,0.35,0.0,0.8060763263732608,0.5576934814453108,192,194,5.970964532368679,78.55111220731189
1254,62.7,ccurve,247,pure_pursuit,3.0,382.53961181640625,-223.9940948486328,90.01611328125,0.01756362165532516,0.35,0.0,0.8999397754646135,0.5824813842773423,193,195,5.826922634703,78.70219665467486
1255,62.75,ccurve,247,pure_pursuit,3.0,382.5372314453125,-223.69859313964844,90.03345489501953,0.01624153751224824,0.35,0.0,0.604531619067719,0.5651397705078116,193,195,5.9601368241945085,78.85440503536012
1256,62.800000000000004,ccurve,247,pure_pursuit,3.0,382.53436279296875,-223.404052734375,90.04051208496094,0.015063280515674751,0.35,0.0,0.3103075499802474,0.5580825805664056,193,195,5.86211269725804,79.00650453608216
1257,62.85,ccurve,247,pure_pursuit,3.0,382.53155517578125,-223.10826110839844,90.08209991455078,0.011977385802570658,0.35,0.0,0.024667667234545828,0.5164947509765517,193,195,5.961558032044035,79.16012123293994
1258,62.900000000000006,ccurve,247,pure_pursuit,3.0,382.5286560058594,-222.8133544921875,90.08141326904297,0.010928935223990986,0.35,0.0,0.28183973260916373,0.5171813964843758,193,195,5.839511208455249,79.31399571967727
1259,62.95,ccurve,247,pure_pursuit,3.0,382.5260009765625,-222.5165252685547,90.0901870727539,0.00941487581164219,0.35,0.0,0.5782909857800194,0.5084075927734286,193,195,5.991328331933085,79.46990009785463
1260,63.0,ccurve,247,pure_pursuit,3.0,382.52337646484375,-222.2201690673828,90.06895446777344,0.009330229166452826,0.35,0.0,0.8745328448303458,0.5296401977539074,193,195,5.9015850062519615,79.62637764515708
1261,63.050000000000004,ccurve,247,pure_pursuit,3.0,382.5211181640625,-221.92237854003906,90.07684326171875,0.016124864833766035,0.15,0.0,0.828076858993714,0.5217514038085868,194,196,6.00251242326698,79.78473134202729
1262,63.1,ccurve,247,pure_pursuit,3.0,382.5184326171875,-221.62554931640625,90.06794738769531,0.01611305114001596,0.35,0.0,0.5313370270481828,0.5306472778320299,194,196,5.874867727819907,79.94300053921071
1263,63.150000000000006,ccurve,247,pure_pursuit,3.0,382.51556396484375,-221.3282012939453,90.09809112548828,0.013821357135019295,0.35,0.0,0.23434823847017316,0.500503540039062,194,196,5.987041856906188,80.10218612850822
1264,63.2,ccurve,247,pure_pursuit,3.0,382.512451171875,-221.03292846679688,90.10179901123047,0.0126370185979753,0.35,0.0,0.0641640190227477,0.49679565429687034,194,196,5.867819844614759,80.26081746578927
1265,63.25,ccurve,247,pure_pursuit,3.0,382.5095520019531,-220.737060546875,90.13275909423828,0.01002131244143305,0.35,0.0,0.3579414895199863,0.46583557128905945,194,196,5.958780247188738,80.42072584463146
1266,63.300000000000004,ccurve,247,pure_pursuit,3.0,382.5066223144531,-220.44252014160156,90.12010955810547,0.009526575211532986,0.35,0.0,0.6522949710542958,0.4784851074218705,194,196,5.831122172845248,80.58064440683204
1267,63.35,ccurve,247,pure_pursuit,3.0,382.5040283203125,-220.14622497558594,90.11859130859375,0.00855706810098747,0.35,0.0,0.948518230265026,0.4800033569335837,194,196,5.979354262739795,80.74257406574085
1268,63.400000000000006,ccurve,247,pure_pursuit,3.0,382.5014343261719,-219.8505096435547,90.08927154541016,0.016532735376977498,0.35,0.0,0.7560918072344248,0.5093231201171856,195,197,5.888036792630443,80.90494148881444
1269,63.45,ccurve,247,pure_pursuit,3.0,382.4986572265625,-219.5533905029297,90.11385345458984,0.014737672542019143,0.35,0.0,0.45906524757357636,0.4847412109374924,195,197,5.9886434838191835,81.06869716458831
1270,63.5,ccurve,247,pure_pursuit,3.0,382.49554443359375,-219.25711059570312,90.11719512939453,0.013755660104938816,0.35,0.0,0.16329084945938546,0.4813995361328137,195,197,5.8681149329671705,81.23245984187868
1271,63.550000000000004,ccurve,247,pure_pursuit,3.0,382.4924621582031,-218.9588623046875,90.13945770263672,0.011675230376782558,0.15,0.0,0.1367433432189825,0.4591369628906179,195,197,6.0193169398444075,81.39810929904196
1272,63.6,ccurve,247,pure_pursuit,3.0,382.48931884765625,-218.66134643554688,90.1335678100586,0.010890741394016419,0.35,0.0,0.43361758287974095,0.4650268554687395,195,197,5.914979889468197,81.5640469883328
1273,63.650000000000006,ccurve,247,pure_pursuit,3.0,382.48651123046875,-218.36373901367188,90.15482330322266,0.008772816255106793,0.35,0.0,0.7311078454642722,0.4437713623046789,195,197,5.985846217870182,81.73105889535744
1274,63.7,ccurve,247,pure_pursuit,3.0,382.4836730957031,-218.06842041015625,90.13455200195312,0.015116573311515889,0.35,0.0,0.9738619280363985,0.46404266357421153,196,198,5.842112996824237,81.89747610322642
1275,63.75,ccurve,247,pure_pursuit,3.0,382.48065185546875,-217.77218627929688,90.1473388671875,0.013872872619189323,0.35,0.0,0.6776657956134691,0.4512557983398331,196,198,5.974637149457966,82.06499536111323
1276,63.800000000000004,ccurve,247,pure_pursuit,3.0,382.4774475097656,-217.4769287109375,90.14354705810547,0.01330494195837122,0.35,0.0,0.3825342775413891,0.45504760742186723,196,198,5.876518044863919,82.2325271771361
1277,63.85,ccurve,247,pure_pursuit,3.0,382.474365234375,-217.180419921875,90.17378234863281,0.010908493311778244,0.35,0.0,0.08711255371383848,0.4248123168945211,196,198,5.975669625284341,82.40160149672627
1278,63.900000000000006,ccurve,247,pure_pursuit,3.0,382.47119140625,-216.8848419189453,90.1642837524414,0.010429801996634968,0.35,0.0,0.21050090387450024,0.434310913085933,196,198,5.853781766457672,82.5707780578464
1279,63.95,ccurve,247,pure_pursuit,3.0,382.4682312011719,-216.5873260498047,90.1677474975586,0.009290032719662186,0.15,0.0,0.5076797552561907,0.4308471679687458,196,198,6.004823252553408,82.7419710693608
1280,64.0,ccurve,247,pure_pursuit,3.0,382.4653015136719,-216.29052734375,90.1444320678711,0.009425898964171817,0.35,0.0,0.8044007152547984,0.45416259765624056,196,198,5.90008810918522,82.9134819784766
1281,64.05,ccurve,247,pure_pursuit,3.0,382.462646484375,-215.99366760253906,90.15251159667969,0.014423307757673526,0.35,0.0,0.899004544252898,0.4460830688476532,197,199,5.971147829874827,83.08595702746153
1282,64.10000000000001,ccurve,247,pure_pursuit,3.0,382.4596252441406,-215.69911193847656,90.13993835449219,0.014531891087855825,0.35,0.0,0.604493287536902,0.4586563110351448,197,199,5.826947242525954,83.25747470001173
1283,64.15,ccurve,247,pure_pursuit,3.0,382.45654296875,-215.40359497070312,90.15962219238281,0.012804902552977436,0.35,0.0,0.3091375401295732,0.43897247314452226,197,199,5.960467116674181,83.43020178473215
1284,64.2,ccurve,247,pure_pursuit,3.0,382.45330810546875,-215.1090545654297,90.15434265136719,0.012188294354483216,0.35,0.0,0.020763663185626627,0.4442520141601519,197,199,5.86243502911157,83.60291184650387
1285,64.25,ccurve,247,pure_pursuit,3.0,382.45025634765625,-214.813232421875,90.17940521240234,0.009968411188368328,0.35,0.0,0.28202566376764826,0.41918945312499845,197,199,5.961900089278196,83.77721548612006
1286,64.3,ccurve,247,pure_pursuit,3.0,382.4471435546875,-214.51834106445312,90.1639175415039,0.009698889618947873,0.35,0.0,0.5767276146682732,0.4346771240234333,197,199,5.839842842415448,83.95159163154437
1287,64.35000000000001,ccurve,247,pure_pursuit,3.0,382.4443359375,-214.2214813232422,90.1618423461914,0.008816568379405467,0.35,0.0,0.8735280225877236,0.43675231933592623,197,199,5.991633079726001,84.12807081467047
1288,64.4,ccurve,247,pure_pursuit,3.0,382.44146728515625,-213.9250946044922,90.13375854492188,0.015551113434801696,0.35,0.0,0.8303281139749947,0.46483612060546,198,200,5.901893406057269,84.30489102398835
1289,64.45,ccurve,247,pure_pursuit,3.0,382.4385070800781,-213.62730407714844,90.1564712524414,0.013834671560451116,0.15,0.0,0.5325905240029101,0.4421234130859341,198,200,6.002686670487924,84.48316138810135
1290,64.5,ccurve,247,pure_pursuit,3.0,382.4352111816406,-213.3304443359375,90.15538787841797,0.013069257757325247,0.35,0.0,0.23597111217807767,0.44320678710937605,198,200,5.875222276466494,84.66127021255939
1291,64.55,ccurve,247,pure_pursuit,3.0,382.4320983886719,-213.03309631347656,90.17664337158203,0.011133000567256536,0.35,0.0,0.06355767020029936,0.42195129394530273,198,200,5.987432100457219,84.84048766034175
1292,64.60000000000001,ccurve,247,pure_pursuit,3.0,382.4288635253906,-212.73779296875,90.16621398925781,0.010641969672353167,0.35,0.0,0.35747490812531957,0.4323806762695305,198,200,5.868182147954445,85.0190149979995
1293,64.65,ccurve,247,pure_pursuit,3.0,382.4259033203125,-212.44192504882812,90.18343353271484,0.008745438323456228,0.35,0.0,0.6532159566571354,0.41516113281249567,198,200,5.959152383771869,85.19875621810569
1294,64.7,ccurve,247,pure_pursuit,3.0,382.42291259765625,-212.14735412597656,90.16007995605469,0.008785072706184198,0.35,0.0,0.9477495521836495,0.4385147094726565,198,200,5.831481770477427,85.3783180864611
1295,64.75,ccurve,247,pure_pursuit,3.0,382.42022705078125,-211.85107421875,90.1513442993164,0.014751175125363383,0.35,0.0,0.7562056884426303,0.4472503662109376,199,201,5.979698408985214,85.55981755075888
1296,64.8,ccurve,247,pure_pursuit,3.0,382.4172058105469,-211.5553436279297,90.13533782958984,0.015048257955909904,0.35,0.0,0.46054267137209015,0.4632568359374989,199,201,5.888318502189904,85.74135190413341
1297,64.85000000000001,ccurve,247,pure_pursuit,3.0,382.4140625,-211.25823974609375,90.16777801513672,0.01260023797229559,0.35,0.0,0.16381688479741968,0.43081665039061545,199,201,5.9890373432422495,85.9242837527686
1298,64.9,ccurve,247,pure_pursuit,3.0,382.4107360839844,-210.96192932128906,90.16614532470703,0.011709976773279852,0.35,0.0,0.1338943046630007,0.43244934082030145,199,201,5.868550719004459,86.10721196046572
1299,64.95,ccurve,247,pure_pursuit,3.0,382.4076232910156,-210.6636505126953,90.17822265625,0.01011994754722871,0.15,0.0,0.43165610466899895,0.42037200927734164,199,201,6.019699581374282,86.29217466357423
1300,65.0,ccurve,247,pure_pursuit,3.0,382.4045104980469,-210.3660888671875,90.16202545166016,0.009861194838589923,0.35,0.0,0.7291366920277753,0.43656921386718245,199,201,5.915345331607751,86.47731790056832
1301,65.05,ccurve,247,pure_pursuit,3.0,382.4017028808594,-210.06846618652344,90.17489624023438,0.013960529072687553,0.35,0.0,0.9734575444816733,0.42369842529296153,200,202,5.9862376361798955,86.66336221429557
1302,65.10000000000001,ccurve,247,pure_pursuit,3.0,382.3985900878906,-209.77313232421875,90.1636734008789,0.013996054691067438,0.35,0.0,0.6781521701162775,0.43492126464843767,200,202,5.842357042940478,86.84833781820015
1303,65.15,ccurve,247,pure_pursuit,3.0,382.3954162597656,-209.47686767578125,90.18204498291016,0.012339580393686222,0.35,0.0,0.3819872127814254,0.41654968261717723,200,202,5.975036118201599,87.0344689547012
1304,65.2,ccurve,247,pure_pursuit,3.0,382.3920593261719,-209.1815948486328,90.17462158203125,0.011818505068347373,0.35,0.0,0.08763224982915664,0.42397308349608354,200,202,5.8769254913125595,87.22043422581247
1305,65.25,ccurve,247,pure_pursuit,3.0,382.38897705078125,-208.88507080078125,90.197509765625,0.00976610645377452,0.35,0.0,0.21060345224407256,0.4010848999023369,200,202,5.9760799890663625,87.4080148866778
1306,65.3,ccurve,247,pure_pursuit,3.0,382.3858642578125,-208.58949279785156,90.18045043945312,0.009671008566778948,0.35,0.0,0.5059091348366119,0.4181442260742098,200,202,5.854190613284313,87.59556551398367
1307,65.35000000000001,ccurve,247,pure_pursuit,3.0,382.38287353515625,-208.2919464111328,90.1778793334961,0.008745337902740432,0.15,0.0,0.8033918359099171,0.42071533203124734,200,202,6.005208707514625,87.78507477647456
1308,65.4,ccurve,247,pure_pursuit,3.0,382.3800048828125,-207.99514770507812,90.15003967285156,0.015121240196342615,0.35,0.0,0.9000366843383252,0.4485549926757767,201,203,5.900473739362517,87.97479110597735
1309,65.45,ccurve,247,pure_pursuit,3.0,382.37701416015625,-207.69825744628906,90.17208862304688,0.013451522410663193,0.35,0.0,0.6031831827614074,0.4265060424804677,201,203,5.971359642988118,88.16506508957954
1310,65.5,ccurve,247,pure_pursuit,3.0,382.373779296875,-207.40370178222656,90.16973876953125,0.012829754670626676,0.35,0.0,0.30877183690303045,0.42885589599608265,201,203,5.827286627381166,88.35422083444476
1311,65.55,ccurve,247,pure_pursuit,3.0,382.37054443359375,-207.10818481445312,90.18675231933594,0.011070708738507556,0.35,0.0,0.019264304283642737,0.41184234619139887,201,203,5.9608380065577915,88.54458062765241
1312,65.60000000000001,ccurve,247,pure_pursuit,3.0,382.3673095703125,-206.81361389160156,90.17373657226562,0.010772603879102843,0.35,0.0,0.28204632361184706,0.4248580932617102,201,203,5.862785130665124,88.734896351497
1313,65.65,ccurve,247,pure_pursuit,3.0,382.36431884765625,-206.51776123046875,90.19001770019531,0.008966348745069961,0.35,0.0,0.5777218426227873,0.4085769653320269,201,203,5.96225638398547,88.92680709188726
1314,65.7,ccurve,247,pure_pursuit,3.0,382.3613586425781,-206.22283935546875,90.1669921875,0.009103309507085816,0.35,0.0,0.8725962969591804,0.43160247802734086,201,203,5.840191262310965,89.11869624669531
1315,65.75,ccurve,247,pure_pursuit,3.0,382.35858154296875,-205.9259490966797,90.1595458984375,0.014617871467897985,0.35,0.0,0.8307353850832503,0.4390487670898417,202,204,5.991958531653305,89.31258566800288
1316,65.8,ccurve,247,pure_pursuit,3.0,382.3554992675781,-205.6295623779297,90.1445083618164,0.014854404804758069,0.35,0.0,0.53439674727068,0.45408630371093384,202,204,5.902175966270519,89.50647765646728
1317,65.85000000000001,ccurve,247,pure_pursuit,3.0,382.3523864746094,-205.33177185058594,90.17680358886719,0.012472890328908902,0.15,0.0,0.23681695092522032,0.42179107666015353,202,204,6.003024073815131,89.7018403997529
1318,65.9,ccurve,247,pure_pursuit,3.0,382.3490295410156,-205.034912109375,90.17442321777344,0.011646540182578862,0.35,0.0,0.062100146540720935,0.4241714477538988,202,204,5.87559273280815,89.89696265332685
1319,65.95,ccurve,247,pure_pursuit,3.0,382.34588623046875,-204.73751831054688,90.18955993652344,0.009912720640598532,0.35,0.0,0.3581600634052807,0.4090347290039054,202,204,5.987789422188041,90.09315649884829
1320,66.0,ccurve,247,pure_pursuit,3.0,382.3426818847656,-204.44216918945312,90.17190551757812,0.009695606553943924,0.35,0.0,0.6534022750603253,0.4266891479492114,202,204,5.868524136565999,90.28848777517773
1321,66.05,ccurve,247,pure_pursuit,3.0,382.33984375,-204.1462860107422,90.1825180053711,0.008116508052118401,0.35,0.0,0.9492464346047018,0.41607666015623995,202,204,5.959500828219639,90.48499165868773
1322,66.10000000000001,ccurve,247,pure_pursuit,3.0,382.3370361328125,-203.85169982910156,90.1539535522461,0.01486593181432265,0.35,0.0,0.756385847356341,0.4446411132812468,203,205,5.8318231934907425,90.68118369049147
1323,66.15,ccurve,247,pure_pursuit,3.0,382.3340148925781,-203.55538940429688,90.1607437133789,0.013967093420072733,0.35,0.0,0.4601387856493427,0.43785095214842695,203,205,5.979854926457377,90.87891482189818
1324,66.2,ccurve,247,pure_pursuit,3.0,382.3307800292969,-203.25965881347656,90.15586853027344,0.013454154168679927,0.35,0.0,0.16477017888002266,0.44272613525390303,203,205,5.888582008796326,91.07663082435876
1325,66.25,ccurve,247,pure_pursuit,3.0,382.32757568359375,-202.96255493164062,90.18651580810547,0.010960138741167276,0.35,0.0,0.13366633027492006,0.4120788574218675,203,205,5.989322989104616,91.27583207611151
1326,66.3,ccurve,247,pure_pursuit,3.0,382.32427978515625,-202.6662139892578,90.17778015136719,0.010340723911030537,0.35,0.0,0.42952784178421716,0.42081451416014864,203,205,5.868860929592529,91.47497797855009
1327,66.35000000000001,ccurve,247,pure_pursuit,3.0,382.3213195800781,-202.367919921875,90.18157958984375,0.009180852204960854,0.15,0.0,0.7277378092432407,0.4170150756835915,203,205,6.019989345373464,91.67622818192909
1328,66.4,ccurve,247,pure_pursuit,3.0,382.3182678222656,-202.07034301757812,90.15818786621094,0.014938493224798111,0.35,0.0,0.9749065183421946,0.4404067993164057,204,206,5.915634512428694,91.87744843900546
1329,66.45,ccurve,247,pure_pursuit,3.0,382.3153076171875,-201.772705078125,90.18196868896484,0.013223896002429457,0.35,0.0,0.6772946298736258,0.41662597656249667,204,206,5.986382001194053,92.07929924391632
1330,66.5,ccurve,247,pure_pursuit,3.0,382.31195068359375,-201.4773712158203,90.17959594726562,0.012554923976227006,0.35,0.0,0.3820602424030852,0.4189987182617189,204,206,5.842606844401808,92.2797954977652
1331,66.55,ccurve,247,pure_pursuit,3.0,382.3087463378906,-201.1811065673828,90.19593811035156,0.010891834890427391,0.35,0.0,0.08668536196439425,0.402656555175775,204,206,5.975302745287282,92.48155278609929
1332,66.60000000000001,ccurve,247,pure_pursuit,3.0,382.3055114746094,-200.8858184814453,90.18201446533203,0.010689178499294343,0.35,0.0,0.2102744002570871,0.41658020019530756,204,206,5.877176496642785,92.68312077962022
1333,66.65,ccurve,247,pure_pursuit,3.0,382.302490234375,-200.5892791748047,90.19773864746094,0.008939379935573642,0.35,0.0,0.5065412344460687,0.4008560180664041,204,206,5.976333324441106,92.88621137513479
1334,66.7,ccurve,247,pure_pursuit,3.0,382.2994689941406,-200.29367065429688,90.17455291748047,0.00909029604177319,0.35,0.0,0.8020901898540261,0.42404174804686723,204,206,5.854445043533454,93.08915698264455
1335,66.75,ccurve,247,pure_pursuit,3.0,382.2967224121094,-199.99609375,90.16724395751953,0.0143916629422583,0.15,0.0,0.900553935191156,0.4313507080078134,205,207,6.005443833389727,93.29416574357153
1336,66.8,ccurve,247,pure_pursuit,3.0,382.2936096191406,-199.6992950439453,90.15226745605469,0.014627164299150551,0.35,0.0,0.6037911803359626,0.44632720947264487,205,207,5.90064521596681,93.49886672297993
1337,66.85000000000001,ccurve,247,pure_pursuit,3.0,382.2904968261719,-199.40240478515625,90.18421173095703,0.012283265489922946,0.35,0.0,0.30703797229901275,0.41438293457030606,205,207,5.971582961637438,93.70412476716248
1338,66.9,ccurve,247,pure_pursuit,3.0,382.2871398925781,-199.1078338623047,90.18159484863281,0.011489365584565677,0.35,0.0,0.018607472326875568,0.41699981689452,205,207,5.8275465794510755,93.90807229345242
1339,66.95,ccurve,247,pure_pursuit,3.0,382.2840270996094,-198.81228637695312,90.19329833984375,0.00998979873000671,0.35,0.0,0.28377922261579525,0.4052963256835835,205,207,5.961079290621415,94.11336006030548
1340,67.0,ccurve,247,pure_pursuit,3.0,382.2808532714844,-198.51771545410156,90.1738052368164,0.00994270563118846,0.35,0.0,0.5781902797111892,0.4247894287109265,205,207,5.863004332994277,94.31839590255116
1341,67.05,ccurve,247,pure_pursuit,3.0,382.2779235839844,-198.2218780517578,90.18421173095703,0.008342195925342164,0.35,0.0,0.8739802878666509,0.41438293457030606,205,207,5.962490620376784,94.52497221906083
1342,67.10000000000001,ccurve,247,pure_pursuit,3.0,382.2750549316406,-197.9269561767578,90.15643310546875,0.014819769858606826,0.35,0.0,0.8313148267329603,0.4421615600585875,206,208,5.840426709351466,94.73141726037426
1343,67.15,ccurve,247,pure_pursuit,3.0,382.2720642089844,-197.6300506591797,90.1635971069336,0.013939021742334492,0.35,0.0,0.5344554269649346,0.4349975585937444,206,208,5.992022861937146,94.93965044648463
1344,67.2,ccurve,247,pure_pursuit,3.0,382.26873779296875,-197.3336639404297,90.15924072265625,0.013358012715538551,0.35,0.0,0.23828303422416192,0.439353942871094,206,208,5.9023401520493035,95.14774959766639
1345,67.25,ccurve,247,pure_pursuit,3.0,382.26556396484375,-197.03587341308594,90.18994903564453,0.010910448922977932,0.15,0.0,0.06155238151903069,0.4086456298828106,206,208,6.003220011939977,95.35742306150759
1346,67.3,ccurve,247,pure_pursuit,3.0,382.26226806640625,-196.73899841308594,90.18087768554688,0.010344456117881361,0.35,0.0,0.3571100607623199,0.41771697998046164,206,208,5.875805193709105,95.56682544971065
1347,67.35000000000001,ccurve,247,pure_pursuit,3.0,382.2592468261719,-196.4415740966797,90.18814849853516,0.008974551593414823,0.35,0.0,0.6544191744362278,0.41044616699218156,206,208,5.987989861598842,95.77727523548407
1348,67.4,ccurve,247,pure_pursuit,3.0,382.2561950683594,-196.14622497558594,90.1635971069336,0.009067397499321176,0.35,0.0,0.9497361019362892,0.4349975585937444,206,208,5.868722706842981,95.98667617731572
1349,67.45,ccurve,247,pure_pursuit,3.0,382.25347900390625,-195.850341796875,90.1689453125,0.014094793145401633,0.35,0.0,0.7545851273794728,0.42964935302734375,207,209,5.959712507473172,96.19714539176128
1350,67.5,ccurve,247,pure_pursuit,3.0,382.2503967285156,-195.55575561523438,90.15323638916016,0.0143469280120864,0.35,0.0,0.46006309813357377,0.44535827636718844,207,209,5.831881065935697,96.40687534643004
1351,67.55,ccurve,247,pure_pursuit,3.0,382.24725341796875,-195.2594451904297,90.1695327758789,0.012773669233798853,0.35,0.0,0.1641113373184088,0.42906188964843367,207,209,5.980081313762092,96.61825001869731
1352,67.60000000000001,ccurve,247,pure_pursuit,3.0,382.2439270019531,-194.96372985839844,90.16400146484375,0.012108659656620287,0.35,0.0,0.13294584228254044,0.4345932006835908,207,209,5.888797609137008,96.8295133925284
1353,67.65,ccurve,247,pure_pursuit,3.0,382.2408447265625,-194.66661071777344,90.18909454345703,0.009868145289681772,0.35,0.0,0.429566978761829,0.40950012207030695,207,209,5.989543601697016,97.04240332228272
1354,67.7,ccurve,247,pure_pursuit,3.0,382.2377014160156,-194.37026977539062,90.17373657226562,0.009559663131670755,0.35,0.0,0.725832212742022,0.4248580932617102,207,209,5.869078606337311,97.2551281928056
1355,67.75,ccurve,247,pure_pursuit,3.0,382.23480224609375,-194.07199096679688,90.17176055908203,0.014265235557572163,0.15,0.0,0.9761114919624589,0.42683410644530184,208,210,6.020186346528704,97.46986690146194
1356,67.8,ccurve,247,pure_pursuit,3.0,382.23162841796875,-193.7744140625,90.15912628173828,0.014356129540622998,0.35,0.0,0.6785619592795792,0.4394683837890541,208,210,5.91577813766384,97.68434482180197
1357,67.85000000000001,ccurve,247,pure_pursuit,3.0,382.22845458984375,-193.47677612304688,90.1911392211914,0.011987134847599914,0.35,0.0,0.3810205974219198,0.4074554443359316,208,210,5.986577218423452,97.89930205836802
1358,67.9,ccurve,247,pure_pursuit,3.0,382.22509765625,-193.1814422607422,90.18766021728516,0.011265384182013801,0.35,0.0,0.08658919133991896,0.4109344482421776,208,210,5.842832086004716,98.11288076482806
1359,67.95,ccurve,247,pure_pursuit,3.0,382.22198486328125,-192.8851776123047,90.19841766357422,0.009844821334370762,0.35,0.0,0.21134968780272317,0.40017700195311573,208,210,5.975517151545199,98.32773110416198
1360,68.0,ccurve,247,pure_pursuit,3.0,382.2187805175781,-192.58985900878906,90.17813110351562,0.00985086156218421,0.35,0.0,0.5064087302566667,0.4204635620117199,208,210,5.8773723427576225,98.54224685037643
1361,68.05,ccurve,247,pure_pursuit,3.0,382.21588134765625,-192.29331970214844,90.18798828125,0.008349167150609843,0.35,0.0,0.8028833334899228,0.4106063842773435,208,210,5.976548414380917,98.75828475184791
1362,68.10000000000001,ccurve,247,pure_pursuit,3.0,382.2130126953125,-191.99766540527344,90.16012573242188,0.014689732682426484,0.35,0.0,0.9016836753512114,0.43846893310546736,209,211,5.854661350313078,98.9741077994506
1363,68.15,ccurve,247,pure_pursuit,3.0,382.2099609375,-191.70008850097656,90.16719055175781,0.01378901948225894,0.15,0.0,0.6041428669025,0.4314041137695256,209,211,6.005482120127145,99.19163921530208
1364,68.2,ccurve,247,pure_pursuit,3.0,382.2066650390625,-191.4032745361328,90.16288757324219,0.013245012017722005,0.35,0.0,0.30747349274223856,0.43570709228515037,209,211,5.9007672675723555,99.40885671265518
1365,68.25,ccurve,247,pure_pursuit,3.0,382.2034606933594,-191.10638427734375,90.19378662109375,0.010779324779454081,0.35,0.0,0.01749009368217959,0.40480804443358737,209,211,5.971740996474474,99.62660300786756
1366,68.3,ccurve,247,pure_pursuit,3.0,382.2001953125,-190.81179809570312,90.18502807617188,0.0102350931200007,0.35,0.0,0.2847230839088321,0.4135665893554631,209,211,5.827721225653604,99.8430052256426
1367,68.35000000000001,ccurve,247,pure_pursuit,3.0,382.19720458984375,-190.51625061035156,90.18929290771484,0.009072826681880551,0.35,0.0,0.5800985957235985,0.4093017578124917,209,211,5.961233458419861,100.06070557724311
1368,68.4,ccurve,247,pure_pursuit,3.0,382.1941833496094,-190.22164916992188,90.16319274902344,0.009317808111240736,0.35,0.0,0.8746554978279371,0.43540191650389803,209,211,5.863156609926548,100.27807896407596
1369,68.45,ccurve,247,pure_pursuit,3.0,382.1914367675781,-189.92579650878906,90.16849517822266,0.014164820561429117,0.35,0.0,0.8297130664123192,0.4300994873046865,210,212,5.962651019322211,100.49696283980096
1370,68.5,ccurve,247,pure_pursuit,3.0,382.1883544921875,-189.63087463378906,90.15325164794922,0.014406499727558442,0.35,0.0,0.5348391988120016,0.44534301757811695,210,212,5.840455592172255,100.71532113671726
1371,68.55,ccurve,247,pure_pursuit,3.0,382.1852111816406,-189.333984375,90.16998291015625,0.012829695510496059,0.35,0.0,0.23815963721610212,0.4286117553710909,210,212,5.992217976095621,100.93550336224588
1372,68.60000000000001,ccurve,247,pure_pursuit,3.0,382.1818542480469,-189.03756713867188,90.1653060913086,0.012123269019024094,0.35,0.0,0.06037506985166707,0.433288574218739,210,212,5.90251396468285,101.1555815852655
1373,68.65,ccurve,247,pure_pursuit,3.0,382.1787414550781,-188.73976135253906,90.19100189208984,0.009853866154080536,0.15,0.0,0.3567884978056836,0.407592773437499,210,212,6.003389366073178,101.37725385789152
1374,68.7,ccurve,247,pure_pursuit,3.0,382.1756286621094,-188.44288635253906,90.17572784423828,0.009604071687955112,0.35,0.0,0.6535518313355121,0.4228668212890597,210,212,5.875973183822618,101.59861444479283
1375,68.75,ccurve,247,pure_pursuit,3.0,382.1726989746094,-188.1454620361328,90.17755889892578,0.00842148317094122,0.35,0.0,0.9509396216857829,0.4210357666015585,210,212,5.98816559478088,101.82089409077358
1376,68.8,ccurve,247,pure_pursuit,3.0,382.1698303222656,-187.85011291503906,90.14867401123047,0.015120176144673446,0.35,0.0,0.7539294960707406,0.44992065429686373,211,213,5.868892887600006,102.04202822999696
1377,68.85000000000001,ccurve,247,pure_pursuit,3.0,382.1668701171875,-187.55422973632812,90.16915893554688,0.013528578128188237,0.35,0.0,0.45810915638088556,0.4294357299804697,211,213,5.959716574230631,102.26388171494077
1378,68.9,ccurve,247,pure_pursuit,3.0,382.16357421875,-187.25962829589844,90.16549682617188,0.012900595760866811,0.35,0.0,0.1638746378117712,0.4330978393554595,211,213,5.832010447933587,102.48491855987346
1379,68.95,ccurve,247,pure_pursuit,3.0,382.1603698730469,-186.96327209472656,90.18091583251953,0.011211385232736973,0.35,0.0,0.13382141390406294,0.4176788330078083,211,213,5.980232028099294,102.70771705920309
1380,69.0,ccurve,247,pure_pursuit,3.0,382.15716552734375,-186.6675567626953,90.16896057128906,0.010834564725790455,0.35,0.0,0.42905261755069435,0.42963409423827226,211,213,5.888940498247095,102.93039916342276
1381,69.05,ccurve,247,pure_pursuit,3.0,382.1541748046875,-186.3704071044922,90.18631744384766,0.008918856165857032,0.35,0.0,0.7261201847818554,0.4122772216796828,211,213,5.989686699884608,103.15467958225503
1382,69.10000000000001,ccurve,247,pure_pursuit,3.0,382.1512145996094,-186.07403564453125,90.16407775878906,0.014667408773507268,0.35,0.0,0.9777289124274129,0.43451690673827137,212,214,5.869212655697534,103.3787534867433
1383,69.15,ccurve,247,pure_pursuit,3.0,382.1481628417969,-185.7757568359375,90.17390441894531,0.013643340937306623,0.15,0.0,0.6794762289887605,0.4246902465820252,212,214,6.020169195834336,103.60458948428062
1384,69.2,ccurve,247,pure_pursuit,3.0,382.1448669433594,-185.47817993164062,90.17034912109375,0.01309099977242232,0.35,0.0,0.3819968257793705,0.4282455444335907,212,214,5.9158371378252435,103.83009683067395
1385,69.25,ccurve,247,pure_pursuit,3.0,382.1416320800781,-185.1805419921875,90.20109558105469,0.010647189929368405,0.35,0.0,0.08525875663286998,0.39749908447265386,212,214,5.986665125668544,104.05605255224863
1386,69.3,ccurve,247,pure_pursuit,3.0,382.1383361816406,-184.8852081298828,90.1919937133789,0.01014041451113089,0.35,0.0,0.21174996533461837,0.4066009521484353,212,214,5.842942489991734,104.2805598163607
1387,69.35000000000001,ccurve,247,pure_pursuit,3.0,382.13531494140625,-184.58892822265625,90.196044921875,0.009009904078339829,0.35,0.0,0.5077610319905145,0.4025497436523379,212,214,5.9756269076242,104.50632264414419
1388,69.4,ccurve,247,pure_pursuit,3.0,382.13226318359375,-184.29360961914062,90.1697769165039,0.009292117766229348,0.35,0.0,0.8030214660653956,0.4288177490234293,212,214,5.87747581584282,104.73167712942126
1389,69.45,ccurve,247,pure_pursuit,3.0,382.1295166015625,-183.9970703125,90.17500305175781,0.013958344787145093,0.35,0.0,0.9006610453156347,0.4235916137695245,213,215,5.976654802245085,104.95851465484908
1390,69.5,ccurve,247,pure_pursuit,3.0,382.1264343261719,-183.701416015625,90.15943145751953,0.01423893766225197,0.35,0.0,0.6050426839483924,0.4391632080078018,213,215,5.8546308598346695,105.18480219163024
1391,69.55,ccurve,247,pure_pursuit,3.0,382.1233215332031,-183.40382385253906,90.17560577392578,0.01273939992373648,0.15,0.0,0.30758801579287404,0.42298889160155556,213,215,6.0056259204772795,105.41291333417391
1392,69.60000000000001,ccurve,247,pure_pursuit,3.0,382.1199645996094,-183.1070098876953,90.17097473144531,0.012064680334892868,0.35,0.0,0.017559942802567403,0.42761993408202725,213,215,5.900913580219139,105.64061299661587
1393,69.65,ccurve,247,pure_pursuit,3.0,382.1168212890625,-182.81011962890625,90.19711303710938,0.009777843690140082,0.35,0.0,0.2868139119603169,0.40148162841796753,213,215,5.971898422111981,105.86884912638617
1394,69.7,ccurve,247,pure_pursuit,3.0,382.1136779785156,-182.51551818847656,90.18257904052734,0.009492022351994044,0.35,0.0,0.5812564868077943,0.416015624999992,213,215,5.827878787993094,106.09564644341678
1395,69.75,ccurve,247,pure_pursuit,3.0,382.1107482910156,-182.219970703125,90.18157958984375,0.008498724760338229,0.35,0.0,0.8767572203517536,0.4170150756835915,213,215,5.961361720245101,106.3236467564109
1396,69.8,ccurve,247,pure_pursuit,3.0,382.10784912109375,-181.9253692626953,90.15119934082031,0.028812924827115994,0.35,0.0,0.8288433326568692,0.44739532470702803,214,216,5.863272996392804,106.55126087554747
1397,69.85000000000001,ccurve,247,pure_pursuit,3.0,382.1041564941406,-181.62954711914062,90.20970153808594,0.025608047288103345,0.35,0.0,0.5330792466996239,0.38889312744140436,214,216,5.961739325729549,106.77965927516067
1398,69.9,ccurve,247,pure_pursuit,3.0,382.0994567871094,-181.33468627929688,90.26911926269531,0.021574573816547513,0.35,0.0,0.23853255966876613,0.3294754028320237,214,216,5.839526345013917,107.00700853403922
1399,69.95,ccurve,247,pure_pursuit,3.0,382.0945129394531,-181.037841796875,90.34463500976562,0.016366721971671404,0.35,0.0,0.06156323863629599,0.25395965576171625,214,216,5.991461652018387,107.23608726417183
1400,70.0,ccurve,247,pure_pursuit,3.0,382.0894775390625,-180.7415313720703,90.37871551513672,0.013079829059512988,0.35,0.0,0.35579389070128165,0.21987915039062383,214,216,5.9018229007319425,107.46502243874514
1401,70.05,ccurve,247,pure_pursuit,3.0,382.08489990234375,-180.4437255859375,90.42449188232422,0.009350775893130577,0.15,0.0,0.6534241800821156,0.17410278320311795,214,216,6.002628103862718,107.69574372299839
1402,70.10000000000001,ccurve,247,pure_pursuit,3.0,382.0803527832031,-180.14691162109375,90.41598510742188,0.2801122873696471,0.35,0.0,0.9501940845087552,0.1826095581054662,214,217,5.875222026831012,107.9260331253179
1403,70.15,ccurve,247,pure_pursuit,3.0,382.0726623535156,-179.8500213623047,90.60285186767578,0.2870210541153812,0.35,0.0,0.7536245343807982,-0.004257202148448364,215,217,5.969209059013915,108.15476756485693
1404,70.2,ccurve,247,pure_pursuit,3.0,382.0545654296875,-179.5574188232422,91.25238037109375,0.263948988728287,0.35,0.0,0.4623010460472852,-0.6537857055664159,215,217,5.813353300475389,108.37404794248535
1405,70.25,ccurve,247,pure_pursuit,3.0,382.024169921875,-179.26809692382812,92.41165161132812,0.20471971274598452,0.35,0.0,0.18443807274727228,-1.8130569458007815,215,217,5.857492301811389,108.5835349327481
1406,70.3,ccurve,247,pure_pursuit,3.0,381.98681640625,-178.98138427734375,93.57835388183594,0.1375428091159169,0.35,0.0,0.15615350902950412,-2.9797592163086017,215,217,5.7352458916885505,108.78707152358805
1407,70.35000000000001,ccurve,247,pure_pursuit,3.0,381.94720458984375,-178.69248962402344,94.54553985595703,0.5823373672810782,0.35,0.0,0.42936919327147,-3.9469451904296964,215,218,5.897919021401652,108.99134213894807
1408,70.4,ccurve,247,pure_pursuit,3.0,381.9025573730469,-178.40513610839844,95.49860382080078,0.5641839138373025,0.35,0.0,0.7170360106844562,-4.900009155273444,215,218,5.792236956850975,109.1917181420061
1409,70.45,ccurve,247,pure_pursuit,3.0,381.8453063964844,-178.1215057373047,96.91655731201172,0.5180662782799463,0.35,0.0,0.8683440324412063,-0.4012527465820219,216,218,5.817129920809493,109.38188100733264
1410,70.5,ccurve,247,pure_pursuit,3.0,381.7725830078125,-177.8472442626953,98.81683349609375,0.43572909768316825,0.35,0.0,0.6339623467090548,-2.3015289306640603,216,218,5.618790950729833,109.55564586376937
1411,70.55,ccurve,247,pure_pursuit,3.0,381.6850280761719,-177.57933044433594,101.04253387451172,0.8582464102194777,0.35,0.0,0.47460934458446014,-4.527229309082025,216,219,5.727262643467548,109.7158449787422
1412,70.60000000000001,ccurve,247,pure_pursuit,3.0,381.5846252441406,-177.31930541992188,103.44409942626953,0.7840429357285769,0.35,0.0,0.46894983288851466,-6.9287948608398375,216,219,5.540954387127908,109.8624932452785
1413,70.65,ccurve,247,pure_pursuit,3.0,381.4676818847656,-177.0714569091797,106.24492645263672,0.6788652120434056,0.35,0.0,0.6195400744010549,-9.729621887207022,216,219,5.5505751711822615,109.98997778398261
1414,70.7,ccurve,247,pure_pursuit,3.0,381.3348083496094,-176.8392791748047,109.37925720214844,0.5374148215566608,0.35,0.0,0.8405628746193059,-12.863952636718745,216,219,5.353880271564444,110.09590448603717
1415,70.75,ccurve,247,pure_pursuit,3.0,381.1885070800781,-176.614013671875,112.4830551147461,0.37498536208825706,0.35,0.0,0.8150596020103552,3.9017639160156237,217,219,5.501031449814557,110.18881217326583
1416,70.8,ccurve,247,pure_pursuit,3.0,381.03619384765625,-176.3893585205078,115.06045532226562,0.22391069783209078,0.35,0.0,0.7631813398292534,1.3243637084961057,217,219,5.479511292021185,110.27822412090676
1417,70.85000000000001,ccurve,247,pure_pursuit,3.0,380.8824768066406,-176.15982055664062,117.01463317871094,0.09907146170265475,0.35,0.0,0.804984989226455,-0.6298141479492148,217,219,5.624246408245246,110.37132618571985
1418,70.9,ccurve,247,pure_pursuit,3.0,380.7327575683594,-175.9263458251953,118.21669006347656,0.5210923400316662,0.35,0.0,0.9267822002140467,-1.8318710327148362,217,220,5.529070743042651,110.47058005023626
1419,70.95,ccurve,247,pure_pursuit,3.0,380.5826110839844,-175.69094848632812,119.15313720703125,0.49646360685657104,0.35,0.0,0.8963888788576465,17.1011962890625,218,220,5.6381348838826755,110.57174073630522
1420,71.0,ccurve,247,pure_pursuit,3.0,380.4249267578125,-175.46263122558594,120.34173583984375,0.45449633579650556,0.35,0.0,0.7541923179407076,15.912597656249996,218,220,5.4893832121940624,110.66335400838324
1421,71.05,ccurve,247,pure_pursuit,3.0,380.2555847167969,-175.24459838867188,122.05362701416016,0.37505429664345524,0.35,0.0,0.7140867949616133,14.200706481933574,218,220,5.570682737441695,110.74042088954724
1422,71.10000000000001,ccurve,247,pure_pursuit,3.0,380.0780334472656,-175.03700256347656,123.9897689819336,0.2704230458541758,0.35,0.0,0.7874344311025898,12.264564514160156,218,220,5.428066906982019,110.80485529429089
1423,71.15,ccurve,247,pure_pursuit,3.0,379.8948669433594,-174.83119201660156,125.72621154785156,0.7117025154931192,0.35,0.0,0.9433900802711332,10.528121948242182,218,221,5.60805119014422,110.86520429246355
1424,71.2,ccurve,247,pure_pursuit,3.0,379.7069091796875,-174.63052368164062,127.39949798583984,0.6606311498158721,0.35,0.0,1.1428232583137605,11.326118469238276,219,221,5.449549369935209,110.91923659030873
1425,71.25,ccurve,247,pure_pursuit,3.0,379.5099792480469,-174.44200134277344,129.42713928222656,0.5842768271487118,0.35,0.0,0.9233869851241037,9.298477172851559,219,221,5.511898620888768,110.9588261848514
1426,71.3,ccurve,247,pure_pursuit,3.0,379.3049011230469,-174.27127075195312,131.89048767089844,0.4707755741436806,0.35,0.0,0.7590528942963761,6.8351287841796795,219,221,5.301267998531453,110.97983545139972
1427,71.35000000000001,ccurve,247,pure_pursuit,3.0,379.0912170410156,-174.11175537109375,134.4639892578125,0.3333125470670689,0.35,0.0,0.6789035642121375,4.26162719726562,219,221,5.430894112983513,110.98735849693928
1428,71.4,ccurve,247,pure_pursuit,3.0,378.872802734375,-173.95590209960938,136.6394500732422,0.795212257283635,0.35,0.0,0.7044596417925633,2.0861663818359477,219,222,5.375326255395821,110.98981123509432
1429,71.45,ccurve,247,pure_pursuit,3.0,378.6481628417969,-173.8048553466797,138.7423553466797,0.7283006477064584,0.35,0.0,0.829440269547549,-0.01673889160156176,219,222,5.472167045914057,110.98541356963273
1430,71.5,ccurve,247,pure_pursuit,3.0,378.41845703125,-173.66944885253906,141.147216796875,0.6367220711691515,0.35,0.0,1.0201947991574751,-2.4216003417968768,219,222,5.247095233953333,110.96592851232579
1431,71.55,ccurve,247,pure_pursuit,3.0,378.1833190917969,-173.5523223876953,143.99859619140625,0.5062169841272574,0.35,0.0,0.8942934162824568,9.422256469726568,220,222,5.298137164942565,110.92893950153471
1432,71.60000000000001,ccurve,247,pure_pursuit,3.0,377.94537353515625,-173.44798278808594,146.694580078125,0.36411499520750873,0.35,0.0,0.8138299630316824,6.726272583007816,220,222,5.249211018096834,110.88042131115594
1433,71.65,ccurve,247,pure_pursuit,3.0,377.7051086425781,-173.34927368164062,149.15533447265625,0.7370593559164889,0.35,0.0,0.8183292671300747,4.265518188476568,220,223,5.2372649211457425,110.82653134921347
1434,71.7,ccurve,247,pure_pursuit,3.0,377.4609375,-173.25782775878906,151.38372802734375,0.6528634353149129,0.35,0.0,0.9088015437063298,2.037124633789083,220,223,5.2432585156728235,110.76502008017178
1435,71.75,ccurve,247,pure_pursuit,3.0,377.2156677246094,-173.18312072753906,153.94381713867188,0.5399758138129439,0.35,0.0,1.0665136998621723,-0.5229644775390476,220,223,5.148613346655188,110.6895946749124
1436,71.8,ccurve,247,pure_pursuit,3.0,376.9632873535156,-173.12571716308594,156.7014923095703,0.39819974841861516,0.35,0.0,1.0155682782922315,11.414581298828125,221,223,5.184424634695266,110.59638147479666
1437,71.85000000000001,ccurve,247,pure_pursuit,3.0,376.7103576660156,-173.0733184814453,159.2283477783203,0.25591014839619913,0.35,0.0,0.9243459627541388,8.887725830078125,221,223,5.180248030066051,110.49922869524514
1438,71.9,ccurve,247,pure_pursuit,3.0,376.4576110839844,-173.01844787597656,161.0850372314453,0.1445101419125318,0.35,0.0,0.8980559136061106,7.031036376953128,221,223,5.150540928989343,110.4047547543367
1439,71.95,ccurve,247,pure_pursuit,3.0,376.20538330078125,-172.95953369140625,162.41722106933594,0.060993984516824785,0.35,0.0,0.940909933502301,5.698852539062511,221,223,5.129264374147859,110.31446497940193
1440,72.0,ccurve,247,pure_pursuit,3.0,375.9547424316406,-172.8975372314453,163.1631622314453,0.009624735193047167,0.35,0.0,1.04468166997355,4.952911376953139,221,223,5.112684920193981,110.22815697282381
1441,72.05,ccurve,247,pure_pursuit,3.0,375.7083435058594,-172.83226013183594,163.5920867919922,0.35498784571561326,0.35,0.0,1.0345219688686267,16.73403930664063,222,224,5.073481471571918,110.14745543783613
1442,72.10000000000001,ccurve,247,pure_pursuit,3.0,375.465576171875,-172.76780700683594,163.86590576171875,0.3560420289591708,0.35,0.0,0.8465832113015085,16.46022033691402,222,224,5.046996751487514,110.06857848029797
1443,72.15,ccurve,247,pure_pursuit,3.0,375.2215576171875,-172.7117919921875,164.56527709960938,0.331422031908389,0.35,0.0,0.7074835297867658,15.760848999023453,222,224,5.119388697529182,109.98245939670336
1444,72.2,ccurve,247,pure_pursuit,3.0,374.970458984375,-172.6689453125,165.77902221679688,0.27103363973852496,0.35,0.0,0.654136883867503,14.547103881835941,222,224,5.102554773409976,109.8819403378227
1445,72.25,ccurve,247,pure_pursuit,3.0,374.7183532714844,-172.63365173339844,167.15396118164062,0.19541079658997018,0.35,0.0,0.7035016514673434,13.172164916992134,222,224,5.11366413744325,109.77502263696218
1446,72.3,ccurve,247,pure_pursuit,3.0,374.4665832519531,-172.60162353515625,168.3810577392578,0.1232581165011162,0.35,0.0,0.8336151041714036,11.945068359374954,222,224,5.077489261922409,109.66602237479457
1447,72.35000000000001,ccurve,247,pure_pursuit,3.0,374.2164306640625,-172.57113647460938,169.33450317382812,0.0627376385670594,0.35,0.0,1.0112781519172158,10.991622924804673,222,224,5.05021541032159,109.55707106076763
1448,72.4,ccurve,247,pure_pursuit,3.0,373.9692077636719,-172.5380096435547,169.94784545898438,0.2347789358604316,0.35,0.0,1.035159884752334,10.378280639648409,223,225,5.068589025541764,109.45238991506969
1449,72.45,ccurve,247,pure_pursuit,3.0,373.7176513671875,-172.5059356689453,170.57350158691406,0.20677944492737188,0.35,0.0,0.8054948166607792,9.752624511718729,223,225,5.150032468682676,109.34497374456004
1450,72.5,ccurve,247,pure_pursuit,3.0,373.4685363769531,-172.48146057128906,171.4553680419922,0.16067949525345185,0.35,0.0,0.6028468653455675,8.870758056640593,223,225,5.059462972409822,109.23290592342038
1451,72.55,ccurve,247,pure_pursuit,3.0,373.2203369140625,-172.4611053466797,172.36753845214844,0.10978646068002304,0.35,0.0,0.45511921811700584,7.958587646484378,223,225,5.060783365356017,109.11829018961404
1452,72.60000000000001,ccurve,247,pure_pursuit,3.0,372.9725646972656,-172.44183349609375,173.12342834472656,0.06582965287030064,0.35,0.0,0.4191444344471885,7.202697753906227,223,225,5.015972678062043,109.00342918518271
1453,72.65,ccurve,247,pure_pursuit,3.0,372.7237548828125,-172.4220428466797,173.67369079589844,0.03255816905935036,0.35,0.0,0.5177450243846309,6.652435302734384,223,225,5.045087534446365,108.88890835965294
1454,72.7,ccurve,247,pure_pursuit,3.0,372.4705810546875,-172.4001922607422,173.99725341796875,0.012205632676124283,0.35,0.0,0.6990642703287152,6.328872680664025,223,225,5.184645808448963,108.77430059084521
1455,72.75,ccurve,247,pure_pursuit,3.0,372.2126770019531,-172.3770294189453,174.16497802734375,0.0004587407591260415,0.35,0.0,0.9195717942213074,6.161148071289038,223,225,5.2032099416504005,108.65880858471807
1456,72.8,ccurve,247,pure_pursuit,3.0,371.95562744140625,-172.35289001464844,174.230712890625,0.12911032670469966,0.35,0.0,0.9419835588928858,6.095413208007825,224,226,5.145352346242536,108.54509031326144
1457,72.85000000000001,ccurve,247,pure_pursuit,3.0,371.6991271972656,-172.3312225341797,174.4159698486328,0.1236619763770211,0.35,0.0,0.6954293487711708,5.910156250000015,224,226,5.138626931167281,108.4300411978956
1458,72.9,ccurve,247,pure_pursuit,3.0,371.4440612792969,-172.31576538085938,174.88319396972656,0.09951781388965429,0.35,0.0,0.4656704848130374,5.4429321289062615,224,226,5.090628336114352,108.31091214528469
1459,72.95,ccurve,247,pure_pursuit,3.0,371.18951416015625,-172.30372619628906,175.4186248779297,0.06927676398464036,0.35,0.0,0.28733216289828045,4.907501220703133,224,226,5.0989547511083915,108.18959583703113
1460,73.0,ccurve,247,pure_pursuit,3.0,370.9356994628906,-172.29269409179688,175.87689208984375,0.04210187064688246,0.35,0.0,0.2801017987482473,4.4492340087890705,224,226,5.06906100433398,108.06825740994718
1461,73.05,ccurve,247,pure_pursuit,3.0,370.6819152832031,-172.2813262939453,176.21072387695312,0.021431655978510322,0.35,0.0,0.4508424945808399,4.115402221679685,224,226,5.087764524056181,107.94768438121112
1462,73.10000000000001,ccurve,247,pure_pursuit,3.0,370.4284973144531,-172.26907348632812,176.42318725585938,0.007614225997652171,0.35,0.0,0.6754755166805397,3.9029388427734313,224,226,5.063216424415661,107.8285229289605
1463,73.15,ccurve,247,pure_pursuit,3.0,370.1749572753906,-172.2557830810547,176.5362091064453,-0.0002973823473953771,0.35,0.0,0.915311364701955,3.78991699218751,224,226,5.086241941072479,107.71065822166305
1464,73.2,ccurve,247,pure_pursuit,3.0,369.9217224121094,-172.2415771484375,176.5821533203125,0.07974184777838432,0.35,0.0,0.876044837524673,3.7439727783203067,225,227,5.065140882813042,107.59420729616778
1465,73.25,ccurve,247,pure_pursuit,3.0,369.6681213378906,-172.23036193847656,176.7772674560547,0.0711525606740232,0.35,0.0,0.6272900061015003,3.5488586425781197,225,227,5.084659505162661,107.47546308922239
1466,73.3,ccurve,247,pure_pursuit,3.0,369.4146423339844,-172.2225341796875,177.1017608642578,0.05350629476134786,0.35,0.0,0.38679739635236304,3.2243652343750093,225,227,5.064607067229395,107.35432285221623
1467,73.35000000000001,ccurve,247,pure_pursuit,3.0,369.16070556640625,-172.21612548828125,177.42181396484375,0.03496827545985192,0.35,0.0,0.18634083994881473,2.9043121337890656,225,227,5.092897375947254,107.23218836481102
1468,73.4,ccurve,247,pure_pursuit,3.0,368.9066467285156,-172.2098846435547,177.67503356933594,0.01965112208061747,0.35,0.0,0.2213005908006874,2.651092529296873,225,227,5.075979170017415,107.11031063063962
1469,73.45,ccurve,247,pure_pursuit,3.0,368.6520690917969,-172.20318603515625,177.84735107421875,0.00876158962015653,0.35,0.0,0.43896287725642497,2.4787750244140794,225,227,5.105202869236426,106.98903610650345
1470,73.5,ccurve,247,pure_pursuit,3.0,368.3973693847656,-172.19583129882812,177.94940185546875,0.001956067793209325,0.35,0.0,0.6827087301737098,2.376724243164069,225,227,5.0883842516803695,106.86873978724856
1471,73.55,ccurve,247,pure_pursuit,3.0,368.1421813964844,-172.18785095214844,177.99771118164062,-0.001605592791509678,0.35,0.0,0.9327819139491711,2.3284149169922044,225,227,5.117743180279584,106.74921833349593
1472,73.60000000000001,ccurve,247,pure_pursuit,3.0,367.88690185546875,-172.17935180664062,178.0122528076172,0.04940618819345134,0.35,0.0,0.8289009050528161,2.313873291015619,226,228,5.1011431159818335,106.63058054800914
1473,73.65,ccurve,247,pure_pursuit,3.0,367.6311950683594,-172.17306518554688,178.1427001953125,0.043491975351815884,0.35,0.0,0.5753908774112503,2.183425903320325,226,228,5.127538362782634,106.51028582485233
1474,73.7,ccurve,247,pure_pursuit,3.0,367.3753967285156,-172.16883850097656,178.34817504882812,0.032239649045296165,0.35,0.0,0.3260077117633269,1.977951049804681,226,228,5.110716907796162,106.38862850580752
1475,73.75,ccurve,247,pure_pursuit,3.0,367.1189270019531,-172.1654510498047,178.5469512939453,0.02066142886067062,0.35,0.0,0.11171725512218039,1.779174804687517,226,228,5.140541773151982,106.26638781663063
1476,73.8,ccurve,247,pure_pursuit,3.0,366.8624572753906,-172.16212463378906,178.70184326171875,0.011239710995342026,0.35,0.0,0.22420621639204455,1.6242828369140718,226,228,5.124440618721445,106.14457278513642
1477,73.85000000000001,ccurve,247,pure_pursuit,3.0,366.6053771972656,-172.158447265625,178.80523681640625,0.004688024551735222,0.35,0.0,0.4691790735420813,1.520889282226556,226,228,5.15421206283,106.02325039337967
1478,73.9,ccurve,247,pure_pursuit,3.0,366.34820556640625,-172.15438842773438,178.8648223876953,0.0006633968802275596,0.35,0.0,0.7226767628890066,1.461303710937503,226,228,5.13789426912764,105.90270342649593
1479,73.95,ccurve,247,pure_pursuit,3.0,366.0904541015625,-172.14991760253906,178.8914794921875,-0.0013446246270807762,0.35,0.0,0.9786542329821932,1.4346466064453298,226,228,5.167487397361134,105.78272777720245
1480,74.0,ccurve,247,pure_pursuit,3.0,365.8326416015625,-172.1450958251953,178.89796447753906,0.0307872105918109,0.35,0.0,0.7698689468024443,1.4281616210937496,227,229,5.15110985731742,105.66352397056626
1481,74.05,ccurve,247,pure_pursuit,3.0,365.57427978515625,-172.14175415039062,178.9788818359375,0.02713411146258038,0.35,0.0,0.5125330513816154,1.3472442626953294,227,229,5.179344815446632,105.54325234805997
1482,74.10000000000001,ccurve,247,pure_pursuit,3.0,365.3158264160156,-172.13970947265625,179.10818481445312,0.02004819804293676,0.35,0.0,0.25752063327129654,1.2179412841796868,227,229,5.162774341790979,105.42229137109888
1483,74.15,ccurve,247,pure_pursuit,3.0,365.0567932128906,-172.13818359375,179.23350524902344,0.012747837604870953,0.35,0.0,0.0601637625028598,1.0926208496093708,227,229,5.192264756574149,105.3010947472657
1484,74.2,ccurve,247,pure_pursuit,3.0,364.7976379394531,-172.13671875,179.33091735839844,0.006798694786432702,0.35,0.0,0.2742189548632952,0.9952087402343806,227,229,5.175903142635646,105.18028516563919
1485,74.25,ccurve,247,pure_pursuit,3.0,364.5379638671875,-172.13504028320312,179.39540100097656,0.002676524048581751,0.35,0.0,0.5306813706519254,0.9307250976562443,227,229,5.205274072656349,105.05992177548781
1486,74.3,ccurve,247,pure_pursuit,3.0,364.2782287597656,-172.13308715820312,179.43197631835938,0.00019298826483848938,0.35,0.0,0.789292361634426,0.8941497802734338,227,229,5.188774960016282,104.94027742871752
1487,74.35000000000001,ccurve,247,pure_pursuit,3.0,364.0179138183594,-172.13087463378906,179.44766235351562,0.018309188281723628,0.35,0.0,0.953114393856298,0.8784637451171964,228,230,5.21798791145818,104.82110063040665
1488,74.4,ccurve,247,pure_pursuit,3.0,363.757568359375,-172.1293487548828,179.4967803955078,0.01606504560588997,0.35,0.0,0.6930092748731684,0.8293457031249991,228,230,5.201072283080773,104.70181249361407
1489,74.45,ccurve,247,pure_pursuit,3.0,363.49664306640625,-172.12863159179688,179.57545471191406,0.011729652385668067,0.35,0.0,0.4326921014958485,0.7506713867187441,228,230,5.230073932789732,104.58205154601073
1490,74.5,ccurve,247,pure_pursuit,3.0,363.2356262207031,-172.128173828125,179.65016174316406,0.007397832293337547,0.35,0.0,0.1741742802217131,0.6759643554687439,228,230,5.21347286940341,104.46253253454677
1491,74.55,ccurve,247,pure_pursuit,3.0,362.9740905761719,-172.12774658203125,179.70777893066406,0.0039055164678166157,0.35,0.0,0.09903518825234528,0.6183471679687469,228,230,5.242507299642653,104.34326558418456
1492,74.60000000000001,ccurve,247,pure_pursuit,3.0,362.71246337890625,-172.12722778320312,179.74595642089844,0.001466191691262059,0.35,0.0,0.35516089428383724,0.580169677734368,228,230,5.225834042547763,104.22455838058961
1493,74.65,ccurve,247,pure_pursuit,3.0,362.4503173828125,-172.1265411376953,179.76698303222656,2.8863138920042446e-05,0.35,0.0,0.616437036420232,0.559143066406253,228,230,5.254723432740596,104.10628823926163
1494,74.7,ccurve,247,pure_pursuit,3.0,362.1880798339844,-172.1256561279297,179.77598571777344,-0.0006264769021948422,0.35,0.0,0.8783157119742888,0.5501403808593729,228,230,5.23797629918499,103.9886802909872
1495,74.75,ccurve,247,pure_pursuit,3.0,361.92529296875,-172.1247100830078,179.77740478515625,0.01154529409933103,0.35,0.0,0.8599035280990944,0.5487213134765611,229,231,5.266752189646618,103.87140944792198
1496,74.8,ccurve,247,pure_pursuit,3.0,361.6625061035156,-172.12423706054688,179.80474853515625,0.010382821501253409,0.35,0.0,0.5972369919107728,0.5213775634765763,229,231,5.249786377382423,103.7542483782209
1497,74.85000000000001,ccurve,247,pure_pursuit,3.0,361.3991394042969,-172.12429809570312,179.8541717529297,0.007702121004170504,0.35,0.0,0.3342176105400482,0.47195434570312667,229,231,5.2783975052883925,103.63688509072857
1498,74.9,ccurve,247,pure_pursuit,3.0,361.1357421875,-172.1245880126953,179.90260314941406,0.004896614689762708,0.35,0.0,0.0737638792544675,0.4235229492187662,229,231,5.261538851582037,103.51984001184321
1499,74.95,ccurve,247,pure_pursuit,3.0,360.8717956542969,-172.12489318847656,179.9405517578125,0.0026070274502756553,0.35,0.0,0.1953218177718563,0.38557434082030756,229,231,5.29011409910666,103.4030778265187
1500,75.0,ccurve,247,pure_pursuit,3.0,360.6078186035156,-172.1251678466797,179.9659423828125,0.000973913101205525,0.35,0.0,0.4585001016528992,0.3601837158203071,229,231,5.273189446367475,103.28687221224862
1501,75.05,ccurve,247,pure_pursuit,3.0,360.34326171875,-172.12530517578125,179.98004150390625,2.591592354423163e-05,0.35,0.0,0.7228366864963699,0.34608459472656655,229,231,5.301641325534935,103.17108180091451
1502,75.10000000000001,ccurve,247,pure_pursuit,3.0,360.0787048339844,-172.12535095214844,179.986083984375,-0.0004339675887085612,0.35,0.0,0.9872890910049629,0.34004211425780606,229,231,5.284651353042658,103.05592291926571
1503,75.15,ccurve,247,pure_pursuit,3.0,359.8136291503906,-172.12533569335938,179.98703002929688,0.007281409868509914,0.35,0.0,0.7479991992580737,0.3390960693359315,230,232,5.312996980318907,102.9411460403052
1504,75.2,ccurve,247,pure_pursuit,3.0,359.5484619140625,-172.12562561035156,-179.99560546875,0.00654749363364224,0.35,0.0,0.4828971845622272,0.32173156738279357,230,232,5.295883416313572,102.82660948679117
1505,75.25,ccurve,247,pure_pursuit,3.0,359.28277587890625,-172.12619018554688,-179.965087890625,0.004938087891974148,0.35,0.0,0.21745316567862227,0.29121398925781505,230,232,5.327080398556215,102.71215958297402
1506,75.3,ccurve,247,pure_pursuit,3.0,359.0168762207031,-172.1268768310547,-179.93629455566406,0.0033290349037397035,0.35,0.0,0.05084380551706201,0.2624206542968754,230,232,5.322382353329129,102.59806863386858
1507,75.35000000000001,ccurve,247,pure_pursuit,3.0,358.7500305175781,-172.1276397705078,-179.91018676757812,0.001791034856772652,0.35,0.0,0.31605254082616097,0.236312866210946,230,232,5.374568677298797,102.48407075078907
1508,75.4,ccurve,247,pure_pursuit,3.0,358.4830017089844,-172.12814331054688,-179.89073181152344,0.00081741805565703,0.35,0.0,0.5829348967832017,0.21685791015623085,230,232,5.384794339275875,102.37079958430033
1509,75.45,ccurve,247,pure_pursuit,3.0,358.21478271484375,-172.12892150878906,-179.87762451171875,-7.07981229314104e-05,0.35,0.0,0.851104692010941,0.20375061035160488,230,232,5.399567597615809,102.25735189962907
1510,75.5,ccurve,247,pure_pursuit,3.0,357.9450378417969,-172.12974548339844,-179.8708038330078,0.003889041152319585,0.35,0.0,0.8792900031798662,0.19692993164062933,231,233,5.431570649408526,102.1438045024085
1511,75.55,ccurve,247,pure_pursuit,3.0,357.6745300292969,-172.13058471679688,-179.8584747314453,0.0033077483253159817,0.35,0.0,0.6087982204046456,0.18460083007811665,231,233,5.501747428844084,102.03051346594083
1512,75.60000000000001,ccurve,247,pure_pursuit,3.0,357.40350341796875,-172.13172912597656,-179.8438262939453,0.002398590741716825,0.35,0.0,0.3378221436931692,0.16995239257810663,231,233,5.494981163082437,101.91732239876117
1513,75.65,ccurve,247,pure_pursuit,3.0,357.1310729980469,-172.1330108642578,-179.82595825195312,0.0012010976714538232,0.35,0.0,0.06590045413700504,0.1520843505859138,231,233,5.5073227462221555,101.80402556214645
1514,75.7,ccurve,247,pure_pursuit,3.0,356.85882568359375,-172.13429260253906,-179.8125,0.0002031706236221651,0.35,0.0,0.20718608770133667,0.13862609863282094,231,233,5.437454656190544,101.69140710956913
1515,75.75,ccurve,247,pure_pursuit,3.0,356.5860595703125,-172.13548278808594,-179.8018798828125,-0.0006057877938873041,0.35,0.0,0.4798386840729905,0.12800598144535183,231,233,5.461402312958766,101.57926650211297
1516,75.8,ccurve,247,pure_pursuit,3.0,356.3133239746094,-172.13658142089844,-179.79742431640625,-0.0010406599272623222,0.35,0.0,0.7525434109255006,0.12355041503911364,231,233,5.44192263304832,101.46783130566162
1517,75.85000000000001,ccurve,247,pure_pursuit,3.0,356.0393981933594,-172.1376953125,-179.7952117919922,0.001762392941259464,0.35,0.0,0.9736046051647494,0.12133789062498972,232,234,5.479361956666072,101.35651563261231
1518,75.9,ccurve,247,pure_pursuit,3.0,355.7646789550781,-172.13880920410156,-179.78726196289062,0.001355614021053595,0.35,0.0,0.698890543075088,0.11338806152343398,232,234,5.474298116419812,101.24550191969566
1519,75.95,ccurve,247,pure_pursuit,3.0,355.4890441894531,-172.13998413085938,-179.77984619140625,0.0009399228985612978,0.35,0.0,0.4232712630167985,0.10597229003910161,232,234,5.524353291292063,101.13469315009092
1520,76.0,ccurve,247,pure_pursuit,3.0,355.21221923828125,-172.14134216308594,-179.764892578125,-1.1778016054841385e-05,0.35,0.0,0.14653689714432386,0.09101867675781382,232,234,5.486210850608757,101.02387693722753
1521,76.05,ccurve,247,pure_pursuit,3.0,354.932373046875,-172.14280700683594,-179.759033203125,-0.0005752750802349463,0.35,0.0,0.13361874410711427,0.0851593017578607,232,234,5.5557850432151055,100.91241486936352
1522,76.10000000000001,ccurve,247,pure_pursuit,3.0,354.6513671875,-172.14425659179688,-179.75985717773438,-0.0008046137353597522,0.35,0.0,0.4145196472199333,0.0859832763671631,232,234,5.568437184776459,100.80116830542042
1523,76.15,ccurve,247,pure_pursuit,3.0,354.3687438964844,-172.14561462402344,-179.76162719726562,-0.000939552491233464,0.35,0.0,0.6971243079348606,0.08775329589844187,232,234,5.602110873958521,100.6900405752803
1524,76.2,ccurve,247,pure_pursuit,3.0,354.0870361328125,-172.1470489501953,-179.76385498046875,-0.0011736503791306798,0.35,0.0,0.9788270253045804,0.08998107910161186,232,234,5.579258863684123,100.57986649898552
1525,76.25,ccurve,247,pure_pursuit,3.0,353.8087158203125,-172.1484375,-179.77378845214844,0.001649736119896902,0.35,0.0,0.7428908787433669,0.09991455078129503,233,235,5.55912529460987,100.47170064470481
1526,76.3,ccurve,247,pure_pursuit,3.0,353.5314636230469,-172.14987182617188,-179.77481079101562,0.0015742426915141034,0.35,0.0,0.46564632766357594,0.10093688964845089,233,235,5.539428900854153,100.3645541280347
1527,76.35000000000001,ccurve,247,pure_pursuit,3.0,353.2539367675781,-172.15142822265625,-179.7694854736328,0.001054809695395278,0.35,0.0,0.18816347318992172,0.09561157226561938,233,235,5.5647206201211725,100.25784296994273
1528,76.4,ccurve,247,pure_pursuit,3.0,352.9764099121094,-172.15304565429688,-179.7635040283203,0.0004192746780373729,0.35,0.0,0.08962353509049262,0.08963012695314497,233,235,5.547588790070212,100.15173062012201
1529,76.45,ccurve,247,pure_pursuit,3.0,352.6983947753906,-172.1545867919922,-179.75955200195312,-9.050180282744473e-05,0.35,0.0,0.367510840919411,0.08567810058593622,233,235,5.575899715611811,100.04616406648636
1530,76.5,ccurve,247,pure_pursuit,3.0,352.4202575683594,-172.15614318847656,-179.7582550048828,-0.0005216882029691827,0.35,0.0,0.6456341966011414,0.08438110351564562,233,235,5.5584685323841585,99.9411999516758
1531,76.55,ccurve,247,pure_pursuit,3.0,352.1416320800781,-172.15760803222656,-179.75975036621094,-0.0007765589888199462,0.35,0.0,0.924255704120817,0.08587646484373879,233,235,5.585624026776291,99.83680550558641
1532,76.60000000000001,ccurve,247,pure_pursuit,3.0,351.8630065917969,-172.1590576171875,-179.76333618164062,0.0014231470275827818,0.35,0.0,0.7971499808042718,0.08946228027343457,234,236,5.567369858565772,99.73309440788793
1533,76.65,ccurve,247,pure_pursuit,3.0,351.5838623046875,-172.16058349609375,-179.761962890625,0.0011856583957835507,0.35,0.0,0.5180102274273669,0.0880889892578627,234,236,5.593471661092736,99.62979479328821
1534,76.7,ccurve,247,pure_pursuit,3.0,351.3048095703125,-172.16213989257812,-179.757080078125,0.0007170672598266354,0.35,0.0,0.23898284107353837,0.08320617675782543,234,236,5.574698723879149,99.5271755313176
1535,76.75,ccurve,247,pure_pursuit,3.0,351.02532958984375,-172.16378784179688,-179.7523956298828,0.000160507806060104,0.35,0.0,0.040891803874782855,0.07852172851564161,234,236,5.60021491654516,99.42499479794361
1536,76.80000000000001,ccurve,247,pure_pursuit,3.0,350.7455139160156,-172.16546630859375,-179.7628631591797,0.00034130796133080197,0.35,0.0,0.3204222631361665,0.08898925781249727,234,236,5.674705891772724,99.32334721699021
1537,76.85000000000001,ccurve,247,pure_pursuit,3.0,350.4610900878906,-172.16722106933594,-179.80409240722656,0.0020489631667600923,0.35,0.0,0.6048320452726099,0.13021850585937397,234,236,5.726162455287569,99.22068217574915
1538,76.9,ccurve,247,pure_pursuit,3.0,350.1767578125,-172.16909790039062,-179.82298278808594,0.0023551233109584124,0.35,0.0,0.8891641973113519,0.14910888671877356,234,236,5.673161450436319,99.1186448829248
1539,76.95,ccurve,247,pure_pursuit,3.0,349.8928527832031,-172.17071533203125,-179.82286071777344,0.004337147331271073,0.35,0.0,0.8269659268017183,0.14898681640625228,235,237,5.682814496231755,99.01771112426745
1540,77.0,ccurve,247,pure_pursuit,3.0,349.60968017578125,-172.17236328125,-179.81056213378906,0.003432029301680034,0.35,0.0,0.5437991317815996,0.13668823242188263,235,237,5.651766517327512,98.91771433861416
1541,77.05000000000001,ccurve,247,pure_pursuit,3.0,349.32666015625,-172.17404174804688,-179.79351806640625,0.0022183301452297875,0.35,0.0,0.26080845631839156,0.11964416503904311,235,237,5.667817694047987,98.81845166795988
1542,77.10000000000001,ccurve,247,pure_pursuit,3.0,349.0435485839844,-172.17642211914062,-179.76666259765625,-0.00010093408854162452,0.35,0.0,0.023321585316962944,0.0927886962890417,235,237,5.641022301851335,98.71920961781773
1543,77.15,ccurve,247,pure_pursuit,3.0,348.7607727050781,-172.17825317382812,-179.74453735351562,-0.0018505892326665385,0.35,0.0,0.30523394869544435,0.07066345214841323,235,237,5.608690415413294,98.62131106103814
1544,77.2,ccurve,247,pure_pursuit,3.0,348.4740295410156,-172.17904663085938,-179.71202087402344,-0.0033056036544100026,0.35,0.0,0.5919313358686489,0.038146972656261255,235,237,5.795119339113155,98.52376984614762
1545,77.25,ccurve,247,pure_pursuit,3.0,348.18585205078125,-172.17974853515625,-179.65000915527344,-0.006187014363831217,0.35,0.0,0.8800924991472148,-0.023864746093713318,235,237,5.760492976946333,98.42657502267761
1546,77.30000000000001,ccurve,247,pure_pursuit,3.0,347.8956604003906,-172.180908203125,-179.6449432373047,-0.0044066643257444065,0.35,0.0,0.8297424553518254,-0.02893066406250707,236,238,5.824293769986196,98.32902992570021
1547,77.35000000000001,ccurve,247,pure_pursuit,3.0,347.60693359375,-172.18118286132812,-179.61338806152344,-0.005350596966350137,0.35,0.0,0.5410156303794805,-0.06048583984373837,236,238,5.761790086994255,98.23356227332734
1548,77.4,ccurve,247,pure_pursuit,3.0,347.3183898925781,-172.1828155517578,-179.65489196777344,-0.0032742649919110783,0.35,0.0,0.2524777078259951,-0.018981933593726942,236,238,5.760861314955674,98.13762692969291
1549,77.45,ccurve,247,pure_pursuit,3.0,347.0308532714844,-172.18392944335938,-179.6424560546875,-0.0036986469202210798,0.35,0.0,0.035178141268534684,-0.031417846679663936,236,238,5.7464140092444564,98.04326338514564
1550,77.5,ccurve,247,pure_pursuit,3.0,346.7439270019531,-172.1854705810547,-179.70172119140625,-0.0006191873057125643,0.35,0.0,0.3220205386526061,0.02784729003906512,236,238,5.7342437138848785,97.9494439980885
1551,77.55000000000001,ccurve,247,pure_pursuit,3.0,346.45751953125,-172.18667602539062,-179.68405151367188,-0.0013565477193976587,0.35,0.0,0.6084239291932412,0.010177612304725739,236,238,5.726372824624479,97.85685921981623
1552,77.60000000000001,ccurve,247,pure_pursuit,3.0,346.1713562011719,-172.18829345703125,-179.73678588867188,0.0012921613341267432,0.35,0.0,0.8945906367693093,0.06291198730471093,236,238,5.7314656814198806,97.76471184231312
1553,77.65,ccurve,247,pure_pursuit,3.0,345.8861389160156,-172.19070434570312,-179.72994995117188,0.001161825038519101,0.35,0.0,0.820192372660004,0.05607604980468929,237,239,5.693241382358147,97.67285812945285
1554,77.7,ccurve,247,pure_pursuit,3.0,345.6001892089844,-172.19247436523438,-179.7916259765625,0.004239906093362891,0.35,0.0,0.534240722874158,0.11775207519529393,237,239,5.664792811322146,97.58213384183955
1555,77.75,ccurve,247,pure_pursuit,3.0,345.3152770996094,-172.1937713623047,-179.75485229492188,0.0023753762869218697,0.35,0.0,0.24933190781320536,0.08097839355470633,237,239,5.633029184936971,97.49293297008853
1556,77.80000000000001,ccurve,247,pure_pursuit,3.0,345.0306701660156,-172.1954803466797,-179.76620483398438,0.002772740794579408,0.35,0.0,0.03540486274620984,0.09233093261720138,237,239,5.640888773828616,97.40418443898898
1557,77.85000000000001,ccurve,247,pure_pursuit,3.0,344.74627685546875,-172.19688415527344,-179.71299743652344,-5.27612261560184e-05,0.35,0.0,0.31970183527968643,0.03912353515627889,237,239,5.6595099039688215,97.31654281267107
1558,77.9,ccurve,247,pure_pursuit,3.0,344.46234130859375,-172.19854736328125,-179.73281860351562,0.0007831966202433156,0.35,0.0,0.6036375743915988,0.058944702148456096,237,239,5.662578763012539,97.2295436537441
1559,77.95,ccurve,247,pure_pursuit,3.0,344.1789245605469,-172.1998748779297,-179.6945343017578,-0.0011930955588319865,0.35,0.0,0.8870546696137958,0.020660400390627474,237,239,5.663202000384718,97.14377107567977
1560,78.0,ccurve,247,pure_pursuit,3.0,343.8959655761719,-172.20144653320312,-179.730712890625,0.0015861528809299223,0.35,0.0,0.8299901182139121,0.05683898925780739,238,240,5.659202806846398,97.05865164060836
1561,78.05000000000001,ccurve,247,pure_pursuit,3.0,343.61322021484375,-172.20278930664062,-179.69577026367188,-0.00018814969350755995,0.35,0.0,0.5472422833148185,0.021896362304733755,238,240,5.654859612561345,96.9745643756496
1562,78.10000000000001,ccurve,247,pure_pursuit,3.0,343.33074951171875,-172.20445251464844,-179.73072814941406,0.0015467818891357853,0.35,0.0,0.26477114271524865,0.05685424804685347,238,240,5.650565940976831,96.89100181903973
1563,78.15,ccurve,247,pure_pursuit,3.0,343.0488586425781,-172.20578002929688,-179.68289184570312,-0.0008970878484496554,0.35,0.0,0.017226280817769394,0.00901794433595162,238,240,5.63301554554556,96.80867896443567
1564,78.2,ccurve,247,pure_pursuit,3.0,342.7727355957031,-172.2073974609375,-179.7174835205078,0.0008074471065086965,0.35,0.0,0.2932645913344477,0.04360961914060925,238,240,5.567858730067835,96.72846502007648
1565,78.25,ccurve,247,pure_pursuit,3.0,342.4979553222656,-172.20858764648438,-179.67605590820312,-0.001190708369885537,0.35,0.0,0.5680432499442775,0.0021820068359299813,238,240,5.572158657146695,96.64976070702163
1566,78.30000000000001,ccurve,247,pure_pursuit,3.0,342.2222900390625,-172.2101593017578,-179.7142333984375,0.00072878569390762,0.35,0.0,0.8437123864231785,0.04035949707033428,238,240,5.592013615558061,96.57116138360071
1567,78.35000000000001,ccurve,247,pure_pursuit,3.0,341.9447326660156,-172.2113037109375,-179.69268798828125,0.00035456371216452105,0.35,0.0,0.8787320315359484,0.01881408691406742,239,241,5.59900476670203,96.4931746396422
1568,78.4,ccurve,247,pure_pursuit,3.0,341.66546630859375,-172.21302795410156,-179.72427368164062,0.0019102786305702768,0.35,0.0,0.5994609266912186,0.05039978027344177,239,241,5.609091570395766,96.41489945533847
1569,78.45,ccurve,247,pure_pursuit,3.0,341.3851623535156,-172.21444702148438,-179.68792724609375,4.6154308449394504e-05,0.35,0.0,0.3191538566504333,0.014053344726602331,239,241,5.622931634247013,96.33738357273232
1570,78.5,ccurve,247,pure_pursuit,3.0,341.1042175292969,-172.2161865234375,-179.71847534179688,0.0015202433317942799,0.35,0.0,0.03821934358181858,0.044601440429723846,239,241,5.624020255825382,96.2601412585024
1571,78.55000000000001,ccurve,247,pure_pursuit,3.0,340.8228454589844,-172.217529296875,-179.6791229248047,-0.00043234197500418404,0.35,0.0,0.2431746910445733,0.005249023437550239,239,241,5.62397045942837,96.18392693690842
1572,78.60000000000001,ccurve,247,pure_pursuit,3.0,340.5415954589844,-172.21926879882812,-179.7115936279297,0.0011199141920848691,0.35,0.0,0.524429417186474,0.03771972656251309,239,241,5.62183195007428,96.10812511448833
1573,78.65,ccurve,247,pure_pursuit,3.0,340.26043701171875,-172.22059631347656,-179.673095703125,-0.0007507968131301259,0.35,0.0,0.8055902123560934,-0.0007781982421641783,239,241,5.619976080422837,96.03350881710307
1574,78.7,ccurve,247,pure_pursuit,3.0,339.9793701171875,-172.2223358154297,-179.70770263671875,0.0012556721944684854,0.35,0.0,0.9133097691739285,0.033828735351590415,240,242,5.619017564059244,95.95928363274932
1575,78.75,ccurve,247,pure_pursuit,3.0,339.69842529296875,-172.22372436523438,-179.6698760986328,-0.0006560900034342911,0.35,0.0,0.6323615228850188,-0.003997802734346989,240,242,5.618943382669302,95.88619535568148
1576,78.80000000000001,ccurve,247,pure_pursuit,3.0,339.4173889160156,-172.22547912597656,-179.70437622070312,0.0010463986848601124,0.35,0.0,0.35132032404463576,0.030502319335983283,240,242,5.6196622910754055,95.81349766728536
1577,78.85000000000001,ccurve,247,pure_pursuit,3.0,339.13629150390625,-172.22683715820312,-179.66697692871094,-0.0008066433596914874,0.35,0.0,0.0702211859946439,-0.006896972656256839,240,242,5.62098541049715,95.74193887184623
1578,78.9,ccurve,247,pure_pursuit,3.0,338.855224609375,-172.22857666015625,-179.70217895507812,0.0009256212691011225,0.35,0.0,0.21085471277075446,0.028305053710956336,240,242,5.62276466148517,95.6707902152577
1579,78.95,ccurve,247,pure_pursuit,3.0,338.5739440917969,-172.2299346923828,-179.66566467285156,-0.0008569323984188093,0.35,0.0,0.4921373995096386,-0.0082092285156444,240,242,5.624873076295921,95.60073310837532
1580,79.0,ccurve,247,pure_pursuit,3.0,338.2926025390625,-172.231689453125,-179.70138549804688,0.0008663958512938969,0.35,0.0,0.7734844080350479,0.027511596679695192,240,242,5.627195251415492,95.5310530707789
1581,79.05000000000001,ccurve,247,pure_pursuit,3.0,338.01116943359375,-172.23306274414062,-179.665283203125,-0.0007094707579951843,0.35,0.0,0.9450814505645739,-0.008575439453131927,241,243,5.629691633725732,95.46250018279609
1582,79.10000000000001,ccurve,247,pure_pursuit,3.0,337.7296142578125,-172.2348175048828,-179.70082092285156,0.0010710145577317927,0.35,0.0,0.6635209948869738,0.02696228027342573,241,243,5.6322683656996055,95.39432887310934
1583,79.15,ccurve,247,pure_pursuit,3.0,337.44793701171875,-172.23622131347656,-179.66404724121094,-0.0007746570267102916,0.35,0.0,0.38184025492507817,-0.009811401367187321,241,243,5.6349279297071995,95.32725352099564
1584,79.2,ccurve,247,pure_pursuit,3.0,337.1660461425781,-172.2379913330078,-179.6991729736328,0.0009581484695425197,0.35,0.0,0.09994507884251197,0.025314331054693686,241,243,5.637609987983726,95.26055844468738
1585,79.25,ccurve,247,pure_pursuit,3.0,336.88409423828125,-172.23939514160156,-179.66265869140625,-0.0008572371993646219,0.35,0.0,0.18201190230176822,-0.011199951171881602,241,243,5.640325989591119,95.19499431366964
1586,79.30000000000001,ccurve,247,pure_pursuit,3.0,336.6020202636719,-172.2411651611328,-179.69818115234375,0.000874512216576641,0.35,0.0,0.46409135245729805,0.02432250976562998,241,243,5.643034883679626,95.12983645429262
1587,79.35000000000001,ccurve,247,pure_pursuit,3.0,336.3197937011719,-172.24253845214844,-179.66213989257812,-0.0008653148040455575,0.35,0.0,0.7463209478172855,-0.011718750000008018,241,243,5.645765279627169,95.06582420888527
1588,79.4,ccurve,247,pure_pursuit,3.0,336.03741455078125,-172.2443084716797,-179.697998046875,0.0010293402764958908,0.35,0.0,0.9712964098731278,0.02413940429687349,242,244,5.648462372214943,95.0021868326866
1589,79.45,ccurve,247,pure_pursuit,3.0,335.7549133300781,-172.24571228027344,-179.66168212890625,-0.0007899321283080439,0.35,0.0,0.6887917184508082,-0.01217651367187379,242,244,5.65116902890514,94.93967812170487
1590,79.5,ccurve,247,pure_pursuit,3.0,335.4722595214844,-172.24716186523438,-179.6994171142578,0.001324108387725924,0.35,0.0,0.4061342083531915,0.025558471679685373,242,244,5.659747868422504,94.87789229796246
1591,79.55000000000001,ccurve,247,pure_pursuit,3.0,335.18951416015625,-172.2477264404297,-179.66844177246094,0.00044375766396783945,0.35,0.0,0.12339419306157119,-0.005416870117184315,242,244,5.6790882775030695,94.81775508453093
1592,79.60000000000001,ccurve,247,pure_pursuit,3.0,334.90673828125,-172.24794006347656,-179.70530700683594,0.0035745617531819335,0.35,0.0,0.1594001824045966,0.031448364257806984,242,244,5.690606877108501,94.75876047377677
1593,79.65,ccurve,247,pure_pursuit,3.0,334.6235046386719,-172.24838256835938,-179.6659698486328,0.002632432198794456,0.35,0.0,0.44262816928164117,-0.007888793945320547,242,244,5.709036898637973,94.70025619630445
1594,79.7,ccurve,247,pure_pursuit,3.0,334.33984375,-172.2500762939453,-179.66905212402344,0.0029875953370773842,0.35,0.0,0.7262881381695715,-0.0048065185546796564,242,244,5.733599353465455,94.64125186840273
1595,79.75,ccurve,247,pure_pursuit,3.0,334.05572509765625,-172.25338745117188,-179.58140563964844,-0.0038405171884462607,0.35,0.0,0.9895907747361158,-0.09245300292969721,243,245,5.736803794563231,94.58138545579301
1596,79.80000000000001,ccurve,247,pure_pursuit,3.0,333.7709045410156,-172.2599639892578,-179.53916931152344,-0.009245457677226893,0.35,0.0,0.7047429313355602,-0.1346893310546837,243,245,5.7546919111049775,94.5189956942303
1597,79.85000000000001,ccurve,247,pure_pursuit,3.0,333.4854736328125,-172.26524353027344,-179.47032165527344,-0.015577231893850218,0.35,0.0,0.4193350331408197,-0.20353698730467992,243,245,5.755383687949892,94.4585796284234
1598,79.9,ccurve,247,pure_pursuit,3.0,333.1994323730469,-172.268310546875,-179.53237915039062,-0.013658216905677948,0.35,0.0,0.13348154590090916,-0.14147949218749079,243,245,5.754324945030746,94.40104536570234
1599,79.95,ccurve,247,pure_pursuit,3.0,332.9125061035156,-172.2675323486328,-179.5727081298828,-0.010047745820619234,0.35,0.0,0.15380328108679844,-0.10115051269532499,243,245,5.742409611764607,94.34795649539132
1600,80.0,ccurve,247,pure_pursuit,3.0,332.62542724609375,-172.26708984375,-179.67556762695312,-0.0031544735569819194,0.35,0.0,0.4407796970327904,0.0017089843749926877,243,245,5.728421985758748,94.29535284177754
1601,80.05000000000001,ccurve,247,pure_pursuit,3.0,332.33758544921875,-172.26673889160156,-179.6886749267578,-0.0008827015793312021,0.35,0.0,0.7286008385187764,0.014816284179694987,243,245,5.748361951507262,94.24336667923892
1602,80.10000000000001,ccurve,247,pure_pursuit,3.0,332.0482482910156,-172.26695251464844,-179.76048278808594,0.004399771083164826,0.35,0.0,0.9820696103686506,0.0866241455078108,244,246,5.756819664160258,94.19141059826046
1603,80.15,ccurve,247,pure_pursuit,3.0,331.75732421875,-172.26719665527344,-179.7545928955078,0.004991665642635915,0.35,0.0,0.6911496028556896,0.0807342529296892,244,246,5.781472720096678,94.14000835350913
1604,80.2,ccurve,247,pure_pursuit,3.0,331.4657287597656,-172.26876831054688,-179.79815673828125,0.007421744579494303,0.35,0.0,0.39955075263743856,0.12429809570313477,244,246,5.778645902393729,94.08805463864616
1605,80.25,ccurve,247,pure_pursuit,3.0,331.1735534667969,-172.27133178710938,-179.75897216796875,0.004718511760460687,0.35,0.0,0.1073642402704636,0.08511352539062068,244,246,5.7894992607451305,94.0359011668397
1606,80.30000000000001,ccurve,247,pure_pursuit,3.0,330.8807678222656,-172.27647399902344,-179.7611846923828,0.0020660691665486115,0.35,0.0,0.18547437217537918,0.0873260498046937,244,246,5.8068229781882605,93.98198297306448
1607,80.35000000000001,ccurve,247,pure_pursuit,3.0,330.5887756347656,-172.28228759765625,-179.67739868164062,-0.006218658396962658,0.35,0.0,0.4775238434486354,0.0035400390625066626,244,246,5.787825844194054,93.92841305757428
1608,80.4,ccurve,247,pure_pursuit,3.0,330.2969970703125,-172.28640747070312,-179.69703674316406,-0.00807575640094077,0.35,0.0,0.7693270089114863,0.023178100585927383,244,246,5.787821948486777,93.87742728028077
1609,80.45,ccurve,247,pure_pursuit,3.0,330.00634765625,-172.2873077392578,-179.68475341796875,-0.005033782671157927,0.35,0.0,0.9401014272293489,0.010894775390629273,245,247,5.779482919129794,93.83067784187136
1610,80.5,ccurve,247,pure_pursuit,3.0,329.71807861328125,-172.2874755859375,-179.76712036132812,-2.120253635753213e-05,0.35,0.0,0.6518366557346095,0.09326171875000444,245,247,5.759908789696756,93.78589446494723
1611,80.55000000000001,ccurve,247,pure_pursuit,3.0,329.4302978515625,-172.28793334960938,-179.75538635253906,-0.00014991288918989265,0.35,0.0,0.3640703455239263,0.0815277099609249,245,247,5.758576156484781,93.74176291636678
1612,80.60000000000001,ccurve,247,pure_pursuit,3.0,329.1426086425781,-172.28929138183594,-179.79978942871094,0.0021103761113402475,0.35,0.0,0.07656908548263469,0.12593078613282074,245,247,5.759181186599318,93.69761749604031
1613,80.65,ccurve,247,pure_pursuit,3.0,328.85491943359375,-172.29058837890625,-179.76376342773438,0.00011396210901568781,0.35,0.0,0.21145075811283243,0.08990478515625426,245,247,5.760290997121397,93.65439541663696
1614,80.7,ccurve,247,pure_pursuit,3.0,328.5670166015625,-172.29222106933594,-179.79971313476562,0.001651669618211685,0.35,0.0,0.4993120218002785,0.12585449218748856,245,247,5.746228498150237,93.61167502667418
1615,80.75,ccurve,247,pure_pursuit,3.0,328.27923583984375,-172.29249572753906,-179.7653350830078,0.000661654499029947,0.35,0.0,0.7870684424055835,0.09147644042967959,245,247,5.734869798454926,93.57118287390574
1616,80.80000000000001,ccurve,247,pure_pursuit,3.0,327.99176025390625,-172.2941131591797,-179.78866577148438,0.0033830835310660868,0.35,0.0,0.9254764547323969,0.11480712890624585,246,248,5.736787407115682,93.53026948167205
1617,80.85000000000001,ccurve,247,pure_pursuit,3.0,327.7043762207031,-172.2972412109375,-179.7158660888672,-0.001652429495160826,0.35,0.0,0.6380961459662394,0.04200744628906632,246,248,5.719156292842384,93.48873693192016
1618,80.9,ccurve,247,pure_pursuit,3.0,327.4173889160156,-172.3011474609375,-179.71649169921875,-0.0034718730593505396,0.35,0.0,0.351159386524153,0.04263305664061706,246,248,5.7141002492687205,93.44734942037995
1619,80.95,ccurve,247,pure_pursuit,3.0,327.1308288574219,-172.30384826660156,-179.67178344726562,-0.007065505883036058,0.35,0.0,0.0651548309680502,-0.0020751953125056604,246,248,5.716974694712467,93.40807521490386
1620,81.0,ccurve,247,pure_pursuit,3.0,326.8446044921875,-172.3058319091797,-179.72369384765625,-0.005110453801675391,0.35,0.0,0.2219464974528351,0.04983520507812623,246,248,5.714091507566309,93.37041710361777
1621,81.05000000000001,ccurve,247,pure_pursuit,3.0,326.55859375,-172.30677795410156,-179.72447204589844,-0.005108406053807469,0.35,0.0,0.5078281365793185,0.05061340332031585,246,248,5.718510769216996,93.33467735216139
1622,81.10000000000001,ccurve,247,pure_pursuit,3.0,326.2728576660156,-172.30758666992188,-179.79879760742188,-0.0010608366894727496,0.35,0.0,0.793527099449984,0.12493896484375702,246,248,5.715197569110909,93.29996924948355
1623,81.15,ccurve,247,pure_pursuit,3.0,325.9872741699219,-172.307861328125,-179.8012237548828,0.0025882567519168215,0.35,0.0,0.9209912291032161,0.1273651123046787,247,249,5.719174719351299,93.26667162367478
1624,81.2,ccurve,247,pure_pursuit,3.0,325.70184326171875,-172.308837890625,-179.85401916503906,0.005572384868921869,0.35,0.0,0.6355639486548749,0.18016052246092454,247,249,5.717021447978024,93.23355626977153
1625,81.25,ccurve,247,pure_pursuit,3.0,325.41729736328125,-172.309326171875,-179.8304443359375,0.00484573370380945,0.35,0.0,0.3510257945533983,0.15658569335936656,247,249,5.703823825688433,93.20188438209568
1626,81.30000000000001,ccurve,247,pure_pursuit,3.0,325.1341247558594,-172.31051635742188,-179.8839569091797,0.007772451201767513,0.35,0.0,0.06796834859236212,0.21009826660156683,247,249,5.690331971989875,93.17051703308536
1627,81.35000000000001,ccurve,247,pure_pursuit,3.0,324.85101318359375,-172.31243896484375,-179.84901428222656,0.005400958524913931,0.35,0.0,0.21535707239488483,0.1751556396484423,247,249,5.67972069579471,93.1392777015537
1628,81.4,ccurve,247,pure_pursuit,3.0,324.56890869140625,-172.31605529785156,-179.86395263671875,0.004126254439561461,0.35,0.0,0.49747015529280475,0.19009399414063313,247,249,5.678272544002599,93.10730317129588
1629,81.45,ccurve,247,pure_pursuit,3.0,324.2867431640625,-172.3188018798828,-179.80975341796875,-0.00037325039692154657,0.35,0.0,0.7796404470797531,0.1358947753906215,247,249,5.6764316822773235,93.0770326924947
1630,81.5,ccurve,247,pure_pursuit,3.0,324.0037536621094,-172.3211669921875,-179.83377075195312,0.005245814383597736,0.35,0.0,0.937445251659347,0.15989685058595307,248,250,5.686065984747234,93.04791122750036
1631,81.55000000000001,ccurve,247,pure_pursuit,3.0,323.7200622558594,-172.3226318359375,-179.7849578857422,0.0025394491994981463,0.35,0.0,0.6537659072402302,0.1110839843750336,248,250,5.690630623597078,93.02047503066422
1632,81.60000000000001,ccurve,247,pure_pursuit,3.0,323.43597412109375,-172.32423400878906,-179.8016815185547,0.0032185927009008687,0.35,0.0,0.3697165709010472,0.12780761718754927,248,250,5.693537143444762,92.99372487238956
1633,81.65,ccurve,247,pure_pursuit,3.0,323.1513977050781,-172.32522583007812,-179.75216674804688,0.0008004016217875503,0.35,0.0,0.08541223134203119,0.07829284667969601,248,250,5.7105743824987005,92.9684023377786
1634,81.7,ccurve,247,pure_pursuit,3.0,322.86627197265625,-172.32659912109375,-179.77151489257812,0.0017789076846037456,0.35,0.0,0.2002390726457868,0.09764099121098681,248,250,5.729604053771793,92.94351955203578
1635,81.75,ccurve,247,pure_pursuit,3.0,322.5809631347656,-172.32818603515625,-179.72596740722656,-0.0009009279524411271,0.35,0.0,0.4854640966950696,0.05209350585938838,248,250,5.751097830213832,92.91927780497949
1636,81.80000000000001,ccurve,247,pure_pursuit,3.0,322.2951354980469,-172.32876586914062,-179.76646423339844,0.001937559472919404,0.35,0.0,0.7712581050706689,0.09259033203123913,248,250,5.7647783344940935,92.89687145229827
1637,81.85000000000001,ccurve,247,pure_pursuit,3.0,322.0086669921875,-172.32945251464844,-179.72955322265625,0.18584397914846792,0.35,0.0,0.9422913251208986,0.05567932128908416,249,251,5.764180110224202,92.87518681311921
1638,81.9,ccurve,247,pure_pursuit,3.0,321.7218933105469,-172.33409118652344,-179.6094512939453,0.19004021607935082,0.35,0.0,0.6555365676899808,-0.06442260742185016,249,251,5.792638749092928,92.85041725888267
1639,81.95,ccurve,247,pure_pursuit,3.0,321.436279296875,-172.34690856933594,-179.01553344726562,0.1643502894597038,0.35,0.0,0.37033192744831267,-0.6583404541015427,249,251,5.788758618824309,92.81844232423597
1640,82.0,ccurve,247,pure_pursuit,3.0,321.1512451171875,-172.3676300048828,-178.23080444335938,0.12252249682844644,0.35,0.0,0.0932054362306266,-1.443069458007823,249,251,5.80183722234143,92.77948505643221
1641,82.05000000000001,ccurve,247,pure_pursuit,3.0,320.86566162109375,-172.39173889160156,-177.39244079589844,0.07443543235894373,0.35,0.0,0.21026076543952846,-2.281433105468723,249,251,5.817684580181511,92.73797793743302
1642,82.10000000000001,ccurve,247,pure_pursuit,3.0,320.5788269042969,-172.4168701171875,-176.79844665527344,0.4330249909635863,0.35,0.0,0.4953858889774652,-2.8754272460937473,249,252,5.8351422046815875,92.69624694700548
1643,82.15,ccurve,247,pure_pursuit,3.0,320.29168701171875,-172.44601440429688,-176.06704711914062,0.41702235261898013,0.35,0.0,0.7834610561870102,-3.606826782226584,249,252,5.820331041087603,92.65136830718652
1644,82.2,ccurve,247,pure_pursuit,3.0,320.00640869140625,-172.4876708984375,-174.928955078125,0.3741337187949153,0.35,0.0,0.8881246177309184,-2.6618957519531237,250,252,5.785611958950912,92.59496480402247
1645,82.25,ccurve,247,pure_pursuit,3.0,319.7258605957031,-172.54432678222656,-173.17556762695312,0.28834703082477237,0.35,0.0,0.6287044777527953,-4.41528320312501,250,252,5.709502270492984,92.5246664964922
1646,82.30000000000001,ccurve,247,pure_pursuit,3.0,319.44696044921875,-172.61184692382812,-171.37620544433594,0.18862395430335924,0.35,0.0,0.4151606451792715,-6.214645385742192,250,252,5.72596780679173,92.44442035296164
1647,82.35000000000001,ccurve,247,pure_pursuit,3.0,319.1674499511719,-172.68214416503906,-169.82464599609375,0.5974708274168603,0.35,0.0,0.3405320839733845,-7.766204833984365,250,253,5.741125894881417,92.36219601200438
1648,82.4,ccurve,247,pure_pursuit,3.0,318.888427734375,-172.7603302001953,-168.40467834472656,0.5535671506169566,0.35,0.0,0.4816398014980432,-9.186172485351568,250,253,5.752120242807673,92.27293436576021
1649,82.45,ccurve,247,pure_pursuit,3.0,318.61480712890625,-172.85072326660156,-166.58432006835938,0.4829564373748384,0.35,0.0,0.7228827211848101,-11.006530761718746,250,253,5.702629637967365,92.17248937222348
1650,82.5,ccurve,247,pure_pursuit,3.0,318.3498229980469,-172.9562530517578,-164.3954620361328,0.37981742402184565,0.35,0.0,0.7758025617351688,2.921218872070312,251,253,5.651772246079874,92.05798970054288
1651,82.55000000000001,ccurve,247,pure_pursuit,3.0,318.09075927734375,-173.0730438232422,-162.07742309570312,0.25492816656460127,0.35,0.0,0.6328712512635548,0.6031799316406359,251,253,5.651424780275248,91.93315305144925
1652,82.60000000000001,ccurve,247,pure_pursuit,3.0,317.83270263671875,-173.19590759277344,-160.14208984375,0.7716287096361202,0.35,0.0,0.6066723704091781,-1.3321533203124996,251,254,5.693001253338167,91.80298278994867
1653,82.65,ccurve,247,pure_pursuit,3.0,317.5775451660156,-173.3245849609375,-158.3026123046875,0.7247157080562476,0.35,0.0,0.7118353239257346,-3.1716308593749987,251,254,5.671817068246045,91.66777753812553
1654,82.7,ccurve,247,pure_pursuit,3.0,317.3330993652344,-173.46548461914062,-156.2378387451172,0.6594032341835375,0.35,0.0,0.9068299563268367,-5.236404418945293,251,254,5.603643582444276,91.5212776317739
1655,82.75,ccurve,247,pure_pursuit,3.0,317.10504150390625,-173.61929321289062,-153.68377685546875,0.5558829006395637,0.35,0.0,0.8623404151204804,8.326141357421879,252,254,5.488274228306932,91.36282209843941
1656,82.80000000000001,ccurve,247,pure_pursuit,3.0,316.89263916015625,-173.78587341308594,-150.92100524902344,1.0,0.35,0.0,0.766839792203909,5.563369750976565,252,255,5.451255577346454,91.19241584168336
1657,82.85000000000001,ccurve,247,pure_pursuit,3.0,316.6938781738281,-173.96343994140625,-147.91424560546875,1.0,0.35,0.0,0.7766649684291659,2.5566101074218843,252,255,5.374284536119584,91.01170740799698
1658,82.9,ccurve,247,pure_pursuit,3.0,316.5157165527344,-174.15296936035156,-144.6102752685547,0.9227929673179283,0.35,0.0,0.8883052384015241,-0.7473602294921831,252,255,5.255418081251643,90.81972329098426
1659,82.95,ccurve,247,pure_pursuit,3.0,316.3614807128906,-174.35597229003906,-140.85606384277344,0.787323678554159,0.35,0.0,1.0680932335903808,-4.501571655273425,252,255,5.242066913075521,90.61487219325376
1660,83.0,ccurve,247,pure_pursuit,3.0,316.22900390625,-174.5758514404297,-136.88722229003906,1.0,0.35,0.0,1.0137247084894994,10.24134826660156,253,256,5.346451486146971,90.39361113112406
1661,83.05000000000001,ccurve,247,pure_pursuit,3.0,316.11407470703125,-174.80792236328125,-132.82763671875,1.0,0.35,0.0,1.0106676829792987,6.181762695312502,253,256,5.3612493697544075,90.16049499229302
1662,83.10000000000001,ccurve,247,pure_pursuit,3.0,316.0249328613281,-175.04702758789062,-128.5010986328125,0.8648821529075439,0.35,0.0,1.094941261941873,1.8552246093749971,253,256,5.295722651791653,89.92067813698198
1663,83.15,ccurve,247,pure_pursuit,3.0,315.9586181640625,-175.2924041748047,-124.08854675292969,0.6716504741242545,0.35,0.0,1.2452281189102365,-2.5573272705078134,253,256,5.3387092532533975,89.67482871533531
1664,83.2,ccurve,247,pure_pursuit,3.0,315.90301513671875,-175.5469512939453,-119.9917984008789,0.4549636808709514,0.35,0.0,1.2254163297949225,14.726081848144547,254,256,5.463167463757974,89.41992197850193
1665,83.25,ccurve,247,pure_pursuit,3.0,315.8453369140625,-175.808837890625,-116.62002563476562,0.25007909310798254,0.35,0.0,1.2155078303495577,11.35430908203126,254,256,5.467848650010634,89.15769677994125
1666,83.30000000000001,ccurve,247,pure_pursuit,3.0,315.7794189453125,-176.07164001464844,-114.12088775634766,0.08310338806080643,0.35,0.0,1.2569953136422407,8.855171203613281,254,256,5.534788327245308,88.89455064037993
1667,83.35000000000001,ccurve,247,pure_pursuit,3.0,315.70269775390625,-176.33151245117188,-112.67833709716797,0.4761382858511781,0.35,0.0,1.3096916834452221,23.189292907714844,255,257,5.4135984328747,88.63433662239889
1668,83.4,ccurve,247,pure_pursuit,3.0,315.619873046875,-176.58995056152344,-111.72010803222656,0.4421869463253463,0.35,0.0,1.1271062620672534,22.23106384277344,255,257,5.496317279670491,88.37560217169916
1669,83.45,ccurve,247,pure_pursuit,3.0,315.5456237792969,-176.84739685058594,-110.57902526855469,0.3948580760310974,0.35,0.0,0.9949108520298946,21.089981079101566,255,257,5.300561750305608,88.1179549716563
1670,83.5,ccurve,247,pure_pursuit,3.0,315.48480224609375,-177.1078338623047,-108.94188690185547,0.3126324476367926,0.35,0.0,0.9372543451456457,19.452842712402344,255,257,5.400967015652297,87.85739929734784
1671,83.55000000000001,ccurve,247,pure_pursuit,3.0,315.43280029296875,-177.36790466308594,-107.263671875,0.21957021795946732,0.35,0.0,0.9618504625440313,17.77462768554687,255,257,5.256476469126531,87.59725997568977
1672,83.60000000000001,ccurve,247,pure_pursuit,3.0,315.3822326660156,-177.63357543945312,-105.8519058227539,0.1355866991767136,0.35,0.0,1.0594030195443902,16.362861633300778,255,257,5.455395322678194,87.33155186944678
1673,83.65,ccurve,247,pure_pursuit,3.0,315.33148193359375,-177.90045166015625,-104.80744934082031,0.06855246932053288,0.35,0.0,1.2115084440418808,15.318405151367182,255,257,5.416896647113452,87.0646674842133
1674,83.7,ccurve,247,pure_pursuit,3.0,315.27862548828125,-178.1688995361328,-104.10991668701172,0.32550291553186356,0.35,0.0,1.0645490078219746,14.620841979980497,256,258,5.5071600477436,86.7962425993426
1675,83.75,ccurve,247,pure_pursuit,3.0,315.2273864746094,-178.4370880126953,-103.51557159423828,0.3039846020193252,0.35,0.0,0.8407729558645485,14.026496887207056,256,258,5.4101034552607965,86.52810737165538
1676,83.80000000000001,ccurve,247,pure_pursuit,3.0,315.18603515625,-178.7064208984375,-102.49567413330078,0.2546200583998798,0.35,0.0,0.6640798680404404,13.006599426269558,256,258,5.466000808899638,86.25883996749279
1677,83.85000000000001,ccurve,247,pure_pursuit,3.0,315.1549072265625,-178.97532653808594,-101.26231384277344,0.18644198219651825,0.35,0.0,0.5790805177579722,11.773239135742195,256,258,5.388646026050642,85.98999715691738
1678,83.9,ccurve,247,pure_pursuit,3.0,315.1273498535156,-179.24667358398438,-100.0905532836914,0.1170981038968371,0.35,0.0,0.617658857068488,10.601478576660154,256,258,5.493233273179757,85.71871559672668
1679,83.95,ccurve,247,pure_pursuit,3.0,315.0999450683594,-179.51905822753906,-99.23175811767578,0.06250024020263693,0.35,0.0,0.7600981816844965,9.742683410644574,256,258,5.442835601433597,85.44640531254971
1680,84.0,ccurve,247,pure_pursuit,3.0,315.06939697265625,-179.79254150390625,-98.66043090820312,0.02435276827149185,0.35,0.0,0.9605111800067696,9.171356201171923,256,258,5.532273408846108,85.17301572620522
1681,84.05000000000001,ccurve,247,pure_pursuit,3.0,315.03643798828125,-180.06552124023438,-98.35987091064453,0.19173017900046602,0.35,0.0,1.0056195473167504,8.87079620361331,257,259,5.485857348613828,84.90014993737631
1682,84.10000000000001,ccurve,247,pure_pursuit,3.0,315.0047302246094,-180.33665466308594,-97.99799346923828,0.17865106949936976,0.35,0.0,0.7537165501020557,8.508918762207031,257,259,5.4430034127354565,84.62913901077954
1683,84.15,ccurve,247,pure_pursuit,3.0,314.9812316894531,-180.6063995361328,-97.29779815673828,0.1428477466478655,0.35,0.0,0.5303230159284621,7.808723449707061,257,259,5.40734584838907,84.35949374101448
1684,84.2,ccurve,247,pure_pursuit,3.0,314.9627685546875,-180.8755645751953,-96.493408203125,0.09782032081342944,0.35,0.0,0.38055743114380813,7.004333496093739,257,259,5.407952370161944,84.0904125970367
1685,84.25,ccurve,247,pure_pursuit,3.0,314.9460144042969,-181.1456756591797,-95.8089599609375,0.0572560416718808,0.35,0.0,0.39436338678921934,6.319885253906268,257,259,5.40286407982748,83.82038191695638
1686,84.30000000000001,ccurve,247,pure_pursuit,3.0,314.9285583496094,-181.41505432128906,-95.30768585205078,0.02639815626352388,0.35,0.0,0.5581909259857292,5.818611145019526,257,259,5.394820867946136,83.55109100633634
1687,84.35000000000001,ccurve,247,pure_pursuit,3.0,314.9098815917969,-181.68394470214844,-95.00408935546875,0.006548506074391709,0.35,0.0,0.7822394484567031,5.515014648437537,257,259,5.390354215543449,83.2822989333909
1688,84.4,ccurve,247,pure_pursuit,3.0,314.8896179199219,-181.9525909423828,-94.84652709960938,-0.004549648606504115,0.35,0.0,1.0276670021034704,5.357452392578128,257,259,5.3880284896373585,83.01376448424702
1689,84.45,ccurve,247,pure_pursuit,3.0,314.8680725097656,-182.22108459472656,-94.80068969726562,0.11376187712047507,0.35,0.0,0.7900750008520546,5.311614990234399,258,260,5.387555166134896,82.74539565239218
1690,84.5,ccurve,247,pure_pursuit,3.0,314.8498840332031,-182.4895477294922,-94.57709503173828,0.10575801127760316,0.35,0.0,0.5348474473491817,5.088020324707048,258,260,5.377382520260407,82.47704364748063
1691,84.55000000000001,ccurve,247,pure_pursuit,3.0,314.8375244140625,-182.7578887939453,-94.1177978515625,0.08151058445949215,0.35,0.0,0.30880974991946103,4.628723144531255,258,260,5.373934159416385,82.20878242782747
1692,84.60000000000001,ccurve,247,pure_pursuit,3.0,314.8277893066406,-183.02633666992188,-93.62841033935547,0.05360935438153456,0.35,0.0,0.22388631287356361,4.139335632324232,258,260,5.376638399593177,81.94040024824017
1693,84.65,ccurve,247,pure_pursuit,3.0,314.8187255859375,-183.2951202392578,-93.23394012451172,0.029891903679797636,0.35,0.0,0.38691316068458503,3.744865417480469,258,260,5.381435417342892,81.67167966347044
1694,84.7,ccurve,247,pure_pursuit,3.0,314.8091735839844,-183.56410217285156,-92.95403289794922,0.01227310980887889,0.35,0.0,0.627674355104809,3.46495819091796,258,260,5.3855802787351195,81.40276534320516
1695,84.75,ccurve,247,pure_pursuit,3.0,314.7987365722656,-183.83328247070312,-92.79546356201172,0.0015116891862947323,0.35,0.0,0.8849544744649167,3.3063888549804914,258,260,5.389646877711333,81.13366016584274
1696,84.80000000000001,ccurve,247,pure_pursuit,3.0,314.7872314453125,-184.10263061523438,-92.7176742553711,0.06817069141554014,0.35,0.0,0.8799182439363963,3.2285995483398757,259,261,5.393578217058754,80.86439632422682
1697,84.85000000000001,ccurve,247,pure_pursuit,3.0,314.7777404785156,-184.37216186523438,-92.55856323242188,0.06150540771316225,0.35,0.0,0.6142961396494087,3.069488525390661,259,261,5.393823483672652,80.5949374406941
1698,84.9,ccurve,247,pure_pursuit,3.0,314.7713928222656,-184.64181518554688,-92.26573944091797,0.04572077896335869,0.35,0.0,0.3560067643768984,2.7766647338867543,259,261,5.396338257584917,80.32533567487584
1699,84.95,ccurve,247,pure_pursuit,3.0,314.7664489746094,-184.9116973876953,-91.98114013671875,0.02927934778837066,0.35,0.0,0.1482739708493541,2.492065429687538,259,261,5.401270825515077,80.05549576481425
1700,85.0,ccurve,247,pure_pursuit,3.0,314.7616882324219,-185.1818389892578,-91.7493896484375,0.015315132784422347,0.35,0.0,0.2512177466245426,2.260314941406255,259,261,5.406045323475934,79.78539572079981
1701,85.05000000000001,ccurve,247,pure_pursuit,3.0,314.7565612792969,-185.4522247314453,-91.60002899169922,0.005808079879590421,0.35,0.0,0.5003766684406076,2.1109542846679665,259,261,5.410858448485137,79.51505480930199
1702,85.10000000000001,ccurve,247,pure_pursuit,3.0,314.7508239746094,-185.7228240966797,-91.5106201171875,-0.00018986544127793978,0.35,0.0,0.7642554970152221,2.0215454101562442,259,261,5.415369913806725,79.24450547546735
1703,85.15,ccurve,247,pure_pursuit,3.0,314.7445068359375,-185.99366760253906,-91.47798919677734,0.04096787788277072,0.35,0.0,0.9793773929240581,1.988914489746094,260,262,5.419871666864248,78.97371715826849
1704,85.2,ccurve,247,pure_pursuit,3.0,314.7398376464844,-186.26467895507812,-91.35867309570312,0.035460271192522264,0.35,0.0,0.7095924494214797,1.8695983886718979,260,262,5.422301983692386,78.70274924349398
1705,85.25,ccurve,247,pure_pursuit,3.0,314.73699951171875,-186.535888671875,-91.18325805664062,0.02580157146237699,0.35,0.0,0.4415366478119645,1.6941833496093923,260,262,5.426641266805507,78.43156938412828
1706,85.30000000000001,ccurve,247,pure_pursuit,3.0,314.7347106933594,-186.80734252929688,-91.00963592529297,0.015790853276989633,0.35,0.0,0.18311342857861565,1.5205612182617347,260,262,5.431158661494098,78.16014142612772
1707,85.35000000000001,ccurve,247,pure_pursuit,3.0,314.7325439453125,-187.0790252685547,-90.88286590576172,0.008074252389154636,0.35,0.0,0.13986711869570778,1.3937911987304892,260,262,5.435905347159569,77.88848388457379
1708,85.4,ccurve,247,pure_pursuit,3.0,314.7301025390625,-187.35093688964844,-90.7945556640625,0.0024942887668635413,0.35,0.0,0.3916082860245796,1.3054809570312547,260,262,5.4404052219252526,77.61659987283869
1709,85.45,ccurve,247,pure_pursuit,3.0,314.727294921875,-187.62306213378906,-90.75252532958984,-0.0004270572144163544,0.35,0.0,0.6597393614567979,1.2634506225585938,260,262,5.44489533082228,77.34450542943944
1710,85.5,ccurve,247,pure_pursuit,3.0,314.72412109375,-187.8954315185547,-90.7314453125,-0.0019905868863454275,0.35,0.0,0.9304145808080371,1.2423706054687922,260,262,5.449320673726829,77.07217011185911
1711,85.55000000000001,ccurve,247,pure_pursuit,3.0,314.720703125,-188.16799926757812,-90.7345199584961,0.02644632553607052,0.35,0.0,0.8020590369929363,1.2454452514648846,261,263,5.453720675597186,76.79963878653425
1712,85.60000000000001,ccurve,247,pure_pursuit,3.0,314.7185363769531,-188.44078063964844,-90.6657943725586,0.02347749622058768,0.35,0.0,0.5300503686610916,1.1767196655273586,261,263,5.457071031336055,76.52688404034848
1713,85.65,ccurve,247,pure_pursuit,3.0,314.71759033203125,-188.71376037597656,-90.55484008789062,0.0174686437003837,0.35,0.0,0.25973580303957305,1.0657653808593694,261,263,5.461337065278909,76.25392117021423
1714,85.7,ccurve,247,pure_pursuit,3.0,314.7171325683594,-188.98695373535156,-90.4384765625,0.010782678897283661,0.35,0.0,0.05539203563986911,0.9494018554687953,261,263,5.465623154591835,75.98074079488241
1715,85.75,ccurve,247,pure_pursuit,3.0,314.7168273925781,-189.26036071777344,-90.35387420654297,0.005592894473229165,0.35,0.0,0.2967896605481119,0.8647994995117271,261,263,5.470057233280348,75.70734563847469
1716,85.80000000000001,ccurve,247,pure_pursuit,3.0,314.71630859375,-189.53399658203125,-90.29229736328125,0.0017122391351505506,0.35,0.0,0.5681900236247778,0.8032226562500236,261,263,5.474327031217974,75.43372346896678
1717,85.85000000000001,ccurve,247,pure_pursuit,3.0,314.7155456542969,-189.80784606933594,-90.2644271850586,-0.00023896985894113136,0.35,0.0,0.8412392139885851,0.7753524780273895,261,263,5.47859148271749,75.15988982425766
1718,85.9,ccurve,247,pure_pursuit,3.0,314.7145690917969,-190.08189392089844,-90.24858856201172,0.0157577900424094,0.35,0.0,0.8867049263410184,0.7595138549804623,262,264,5.482801220791575,74.8858597377336
1719,85.95,ccurve,247,pure_pursuit,3.0,314.71429443359375,-190.3561553955078,-90.20751953125,0.013898300914447837,0.35,0.0,0.6126827285211224,0.718444824218773,262,264,5.486717674512705,74.61161026307055
1720,86.0,ccurve,247,pure_pursuit,3.0,314.71466064453125,-190.63059997558594,-90.13375854492188,0.009885748985819013,0.35,0.0,0.33892505437495696,0.6446838378906473,262,264,5.490747625598474,74.33717236099103
1721,86.05000000000001,ccurve,247,pure_pursuit,3.0,314.71533203125,-190.9052734375,-90.07040405273438,0.006188018848845128,0.35,0.0,0.07064777316469009,0.5813293457031421,262,264,5.494951833907817,74.06250305046254
1722,86.10000000000001,ccurve,247,pure_pursuit,3.0,314.71600341796875,-191.1801300048828,-90.01561737060547,0.002901012367509573,0.35,0.0,0.21466621736609107,0.5265426635742204,262,264,5.499042838179123,73.78765067808727
1723,86.15,ccurve,247,pure_pursuit,3.0,314.7166442871094,-191.45521545410156,-89.98612976074219,0.0009327888241268237,0.35,0.0,0.48835041700662496,0.4970550537109717,262,264,5.503143309492381,73.51256972961305
1724,86.2,ccurve,247,pure_pursuit,3.0,314.7170715332031,-191.73048400878906,-89.96526336669922,-0.0004411505454809234,0.35,0.0,0.7632169026765316,0.47618865966796775,262,264,5.507174326012487,73.23730754662972
1725,86.25,ccurve,247,pure_pursuit,3.0,314.7173767089844,-192.00595092773438,-89.96270751953125,0.009719765748604564,0.35,0.0,0.9621499082279863,0.4736328125000017,263,265,5.511183598184769,72.96184810353454
1726,86.30000000000001,ccurve,247,pure_pursuit,3.0,314.71807861328125,-192.28163146972656,-89.93255615234375,0.008342853610744326,0.35,0.0,0.6865447050913539,0.44348144531253625,263,265,5.515021199302372,72.68617169234032
1727,86.35000000000001,ccurve,247,pure_pursuit,3.0,314.71923828125,-192.5574951171875,-89.89334106445312,0.006194775611225414,0.35,0.0,0.410879212087532,0.4042663574218791,263,265,5.5189951075084185,72.41030827722808
1728,86.4,ccurve,247,pure_pursuit,3.0,314.7205810546875,-192.83355712890625,-89.84874725341797,0.0036174792482372153,0.35,0.0,0.13585984667585907,0.3596725463867292,263,265,5.522892177597074,72.13424494598063
1729,86.45,ccurve,247,pure_pursuit,3.0,314.7219543457031,-193.10980224609375,-89.82088470458984,0.0018803918088916142,0.35,0.0,0.14342716287834242,0.331809997558618,263,265,5.526820106856886,71.85799826737562
1730,86.5,ccurve,247,pure_pursuit,3.0,314.72320556640625,-193.38624572753906,-89.79717254638672,0.00043068826475324855,0.35,0.0,0.4188934321280632,0.30809783935551815,263,265,5.53067791902708,71.58155430275289
1731,86.55000000000001,ccurve,247,pure_pursuit,3.0,314.72442626953125,-193.6628875732422,-89.79015350341797,-0.00013079462186094728,0.35,0.0,0.695335460970855,0.30107879638674,263,265,5.534519985054575,71.30491226419143
1732,86.60000000000001,ccurve,247,pure_pursuit,3.0,314.72552490234375,-193.93972778320312,-89.78282165527344,-0.0006192555720991226,0.35,0.0,0.972087917164634,0.2937469482422119,263,265,5.5383273220211136,71.02807294910079
1733,86.65,ccurve,247,pure_pursuit,3.0,314.7265930175781,-194.2167510986328,-89.78673553466797,0.006389508774320701,0.35,0.0,0.7511720303750039,0.2976608276367546,264,266,5.542107783737771,70.75105082533666
1734,86.7,ccurve,247,pure_pursuit,3.0,314.7279357910156,-194.49395751953125,-89.76763916015625,0.005554565018965633,0.35,0.0,0.4740153264934163,0.2785644531250294,264,266,5.545785369652485,70.47384323177114
1735,86.75,ccurve,247,pure_pursuit,3.0,314.7296142578125,-194.7713623046875,-89.74337005615234,0.004224403993749183,0.35,0.0,0.196828216172099,0.25429534912113705,264,266,5.549522864224725,70.1964343647501
1736,86.80000000000001,ccurve,247,pure_pursuit,3.0,314.73138427734375,-195.04893493652344,-89.71243286132812,0.002462912323024533,0.35,0.0,0.08206185269590753,0.22335815429688258,264,266,5.553199249214928,69.91885686471066
1737,86.85000000000001,ccurve,247,pure_pursuit,3.0,314.7332458496094,-195.32672119140625,-89.69463348388672,0.0013092976242979225,0.35,0.0,0.3591410498012871,0.20555877685549886,264,266,5.556883371967624,69.64106495458212
1738,86.9,ccurve,247,pure_pursuit,3.0,314.7349853515625,-195.6046600341797,-89.67733001708984,0.00026007898260577784,0.35,0.0,0.6369914132191477,0.18825531005862156,264,266,5.560515813758565,69.36312153665965
1739,86.95,ccurve,247,pure_pursuit,3.0,314.7367248535156,-195.88278198242188,-89.67361450195312,-8.619013995860062e-05,0.35,0.0,0.9150819052139234,0.18453979492188147,264,266,5.564130495198694,69.08499502730078
1740,87.0,ccurve,247,pure_pursuit,3.0,314.73834228515625,-196.16110229492188,-89.66756439208984,0.0037086025664703056,0.35,0.0,0.8067040245319937,0.1784896850585979,265,267,5.567716042025713,68.80667124070943
1741,87.05000000000001,ccurve,247,pure_pursuit,3.0,314.74017333984375,-196.43959045410156,-89.66058349609375,0.0034191420572186296,0.35,0.0,0.5282270559426356,0.17150878906253678,265,267,5.5712654027666035,68.52817774497416
1742,87.10000000000001,ccurve,247,pure_pursuit,3.0,314.7421569824219,-196.71823120117188,-89.64000701904297,0.002306500067985583,0.35,0.0,0.24963939445936306,0.1509323120117645,265,267,5.574776612486271,68.24953032977595
1743,87.15,ccurve,247,pure_pursuit,3.0,314.7442321777344,-196.99708557128906,-89.62718963623047,0.001536235400091899,0.35,0.0,0.030313791789471266,0.13811492919921756,265,267,5.578296016351632,67.97066849673071
1744,87.2,ccurve,247,pure_pursuit,3.0,314.74627685546875,-197.27609252929688,-89.6112060546875,0.0006101540783193195,0.35,0.0,0.3084470967806677,0.12213134765625086,265,267,5.581765134027068,67.69165435277682
1745,87.25,ccurve,247,pure_pursuit,3.0,314.7483215332031,-197.55526733398438,-89.60678100585938,0.000289534125960668,0.35,0.0,0.5875845497309116,0.1177062988281557,265,267,5.5852250159260475,67.41247237120345
1746,87.30000000000001,ccurve,247,pure_pursuit,3.0,314.7503356933594,-197.83462524414062,-89.59905242919922,-0.00019135270795017908,0.35,0.0,0.8669334766637865,0.10997772216797164,265,267,5.588648349908637,67.13310756319407
1747,87.35000000000001,ccurve,247,pure_pursuit,3.0,314.7523193359375,-198.11415100097656,-89.60113525390625,0.0023795416836585107,0.35,0.0,0.8535787572142802,0.11206054687500033,266,268,5.592047618613879,66.85357518762561
1748,87.4,ccurve,247,pure_pursuit,3.0,314.75439453125,-198.3938446044922,-89.59124755859375,0.0019121482172346318,0.35,0.0,0.5738830858518131,0.10217285156250629,266,268,5.595407293899149,66.57387416621253
1749,87.45,ccurve,247,pure_pursuit,3.0,314.756591796875,-198.67369079589844,-89.58447265625,0.0015325572873780096,0.35,0.0,0.2940465002060082,0.09539794921877075,266,268,5.5987653881109924,66.2940194857112
1750,87.5,ccurve,247,pure_pursuit,3.0,314.7587890625,-198.95370483398438,-89.5710678100586,0.0007978126780178389,0.35,0.0,0.014751082643785983,0.08199310302739005,266,268,5.602078257556453,66.0139969662594
1751,87.55000000000001,ccurve,247,pure_pursuit,3.0,314.7610168457031,-199.23391723632812,-89.56700897216797,0.0005348298289138253,0.35,0.0,0.2662765548879097,0.07793426513675697,266,268,5.605382010613273,65.7337758214005
1752,87.60000000000001,ccurve,247,pure_pursuit,3.0,314.7632141113281,-199.51429748535156,-89.55855560302734,5.807301737218807e-05,0.35,0.0,0.5466439619108321,0.06948089599612088,266,268,5.608650269548231,65.45338710763686
1753,87.65,ccurve,247,pure_pursuit,3.0,314.7654724121094,-199.79481506347656,-89.55938720703125,1.4174189621769943e-05,0.35,0.0,0.8271640592583882,0.0703125000000481,266,268,5.611897277463557,65.17286053070085
1754,87.7,ccurve,247,pure_pursuit,3.0,314.76763916015625,-200.0755157470703,-89.5549545288086,0.001312265537478223,0.35,0.0,0.8921313357086812,0.06587982177737901,267,269,5.615118354109006,64.89215166767868
1755,87.75,ccurve,247,pure_pursuit,3.0,314.7698974609375,-200.3563690185547,-89.55455780029297,0.0013201905905560983,0.35,0.0,0.6112709300491442,0.065483093261723,267,269,5.6183182414903845,64.61128941249683
1756,87.80000000000001,ccurve,247,pure_pursuit,3.0,314.7721862792969,-200.63735961914062,-89.54473876953125,0.000808627249167889,0.35,0.0,0.33027651181642803,0.05566406250003808,267,269,5.6214833887574995,64.33028956374844
1757,87.85000000000001,ccurve,247,pure_pursuit,3.0,314.7745056152344,-200.91851806640625,-89.54210662841797,0.0006600567003228903,0.35,0.0,0.04917867946197654,0.05303192138673993,267,269,5.624640378686319,64.04912160478803
1758,87.9,ccurve,247,pure_pursuit,3.0,314.77679443359375,-201.19981384277344,-89.53387451171875,0.00023726200553229843,0.35,0.0,0.232225914497851,0.04479980468752641,267,269,5.6277618196347925,63.76781659348561
1759,87.95,ccurve,247,pure_pursuit,3.0,314.7791442871094,-201.48130798339844,-89.53411865234375,0.0002170896661713765,0.35,0.0,0.5137206659968739,0.0450439453125181,267,269,5.630866716359112,63.48631268449787
1760,88.0,ccurve,247,pure_pursuit,3.0,314.7814636230469,-201.76292419433594,-89.52872467041016,-7.956186713083797e-05,0.35,0.0,0.7953436292690416,0.03964996337892834,267,269,5.63394179132439,63.204686981392065
1761,88.05000000000001,ccurve,247,pure_pursuit,3.0,314.7838134765625,-202.04470825195312,-89.5313720703125,0.0009210698606554214,0.35,0.0,0.922871544535841,0.04229736328127258,268,270,5.636995351378715,62.92289316763652
1762,88.10000000000001,ccurve,247,pure_pursuit,3.0,314.7861633300781,-202.32662963867188,-89.525390625,0.0006290832833935548,0.35,0.0,0.6409409895085386,0.03631591796874728,268,270,5.640022795401763,62.64096203057623
1763,88.15,ccurve,247,pure_pursuit,3.0,314.7886047363281,-202.6087188720703,-89.52507781982422,0.0005797390189548001,0.35,0.0,0.35884323148584896,0.03600311279299736,268,270,5.6430324876792906,62.35886224013302
1764,88.2,ccurve,247,pure_pursuit,3.0,314.791015625,-202.8909454345703,-89.51805877685547,0.00019195491732805977,0.35,0.0,0.07662270019669466,0.028984069824219232,268,270,5.646014678406572,62.07662539734015
1765,88.25,ccurve,247,pure_pursuit,3.0,314.79345703125,-203.17333984375,-89.51898193359375,0.00020232357328304177,0.35,0.0,0.2058110039141412,0.029907226562524702,268,270,5.648976202095696,61.79422044334832
1766,88.30000000000001,ccurve,247,pure_pursuit,3.0,314.79583740234375,-203.4558563232422,-89.513916015625,-5.896941677975883e-05,0.35,0.0,0.48833276977537227,0.02484130859378184,268,270,5.651912856897274,61.51169396664526
1767,88.35000000000001,ccurve,247,pure_pursuit,3.0,314.7983093261719,-203.738525390625,-89.5166244506836,1.050980118047537e-05,0.35,0.0,0.7710115849132716,0.027549743652361274,268,270,5.654830285703152,61.229014094145384
1768,88.4,ccurve,247,pure_pursuit,3.0,314.80072021484375,-204.02134704589844,-89.51303100585938,0.00040533590654895433,0.35,0.0,0.946162510116763,0.02395629882814245,269,271,5.657721233462439,60.94618218266256
1769,88.45,ccurve,247,pure_pursuit,3.0,314.8031921386719,-204.30430603027344,-89.51529693603516,0.0005069196441751038,0.35,0.0,0.6631930788586712,0.026222229003927636,269,271,5.6605942364036546,60.66321240474158
1770,88.5,ccurve,247,pure_pursuit,3.0,314.80560302734375,-204.58741760253906,-89.50963592529297,0.00022674126251019574,0.35,0.0,0.3800719214596682,0.020561218261726192,269,271,5.663440102003512,60.38009058799966
1771,88.55000000000001,ccurve,247,pure_pursuit,3.0,314.80804443359375,-204.87066650390625,-89.51105499267578,0.0003052952100822553,0.35,0.0,0.09681749757086625,0.02198028564453807,269,271,5.6662721877718765,60.09683117622483
1772,88.60000000000001,ccurve,247,pure_pursuit,3.0,314.8104553222656,-205.15403747558594,-89.50582885742188,5.516274298821933e-05,0.35,0.0,0.18657372580672932,0.016754150390658726,269,271,5.669076662306552,59.81344997067917
1773,88.65,ccurve,247,pure_pursuit,3.0,314.81292724609375,-205.4375762939453,-89.508056640625,0.0001555856490185413,0.35,0.0,0.4701214001303994,0.01898193359377783,269,271,5.67186426997419,59.52990038200519
1774,88.7,ccurve,247,pure_pursuit,3.0,314.8153381347656,-205.72122192382812,-89.50377655029297,-3.5971167221147206e-05,0.35,0.0,0.7537767067048455,0.014701843261722183,269,271,5.674625033215284,59.24624452944624
1775,88.75,ccurve,247,pure_pursuit,3.0,314.8177795410156,-206.00503540039062,-89.50674438476562,0.0004536247830604864,0.35,0.0,0.9624032891983505,0.01766967773439027,270,272,5.677365178333682,58.96242056533553
1776,88.80000000000001,ccurve,247,pure_pursuit,3.0,314.82025146484375,-206.2889862060547,-89.5020751953125,0.00021427149217939388,0.35,0.0,0.6784418013279627,0.013000488281252533,270,272,5.680083281061396,58.678459005916736
1777,88.85000000000001,ccurve,247,pure_pursuit,3.0,314.8227844238281,-206.5730438232422,-89.50387573242188,0.0002794296414438488,0.35,0.0,0.3943731813404911,0.014801025390674353,270,272,5.682781598454198,58.394390095697744
1778,88.9,ccurve,247,pure_pursuit,3.0,314.8253173828125,-206.8572540283203,-89.49893188476562,-1.8388366299004306e-05,0.35,0.0,0.11015346879525599,0.009857177734401888,270,272,5.685457994105032,58.110168603638805
1779,88.95,ccurve,247,pure_pursuit,3.0,314.8278503417969,-207.1416015625,-89.50142669677734,7.640599864331695e-05,0.35,0.0,0.17420937219962884,0.012351989746081793,270,272,5.6881155100662735,57.8258097879238
1780,89.0,ccurve,247,pure_pursuit,3.0,314.8303527832031,-207.4260711669922,-89.49755859375,-0.0001470494788416009,0.35,0.0,0.4586889647905535,0.008483886718779128,270,272,5.690752138139384,57.54132917851186
1781,89.05000000000001,ccurve,247,pure_pursuit,3.0,314.8328552246094,-207.71067810058594,-89.50109100341797,2.2314731728369672e-05,0.35,0.0,0.743306659628682,0.012016296386762753,270,272,5.693371049679207,57.25671124546193
1782,89.10000000000001,ccurve,247,pure_pursuit,3.0,314.83526611328125,-207.9954071044922,-89.49786376953125,0.00013489101470460873,0.35,0.0,0.9719579830075867,0.008789062500006013,271,273,5.695966550298373,56.97197206248899
1783,89.15,ccurve,247,pure_pursuit,3.0,314.8377990722656,-208.2802734375,-89.50090789794922,0.0002817477565041442,0.35,0.0,0.6870804410356842,0.011833190918006267,271,273,5.698544646906791,56.68709446853236
1784,89.2,ccurve,247,pure_pursuit,3.0,314.84033203125,-208.5652618408203,-89.49651336669922,3.061576177580729e-05,0.35,0.0,0.40208090603751323,0.00743865966800326,271,273,5.701099529098434,56.402094809107844
1785,89.25,ccurve,247,pure_pursuit,3.0,314.8428955078125,-208.8503875732422,-89.4991226196289,0.00012894439923990985,0.35,0.0,0.11694451014961953,0.010047912597681412,271,273,5.703638431114506,56.11695755416328
1786,89.30000000000001,ccurve,247,pure_pursuit,3.0,314.84539794921875,-209.1356201171875,-89.49505615234375,-8.542157646125989e-05,0.35,0.0,0.16830087486765616,0.005981445312525296,271,273,5.706154760834857,55.831714035673144
1787,89.35000000000001,ccurve,247,pure_pursuit,3.0,314.84796142578125,-209.42098999023438,-89.49824523925781,3.602853454562809e-05,0.35,0.0,0.45368184540555917,0.009170532226565064,271,273,5.708653649647876,55.5463326497853
1788,89.4,ccurve,247,pure_pursuit,3.0,314.8504943847656,-209.70648193359375,-89.49481964111328,-0.0001742184975958914,0.35,0.0,0.739184909038943,0.005744934082056649,271,273,5.711133384303243,55.26082947030429
1789,89.45,ccurve,247,pure_pursuit,3.0,314.85302734375,-209.99208068847656,-89.49859619140625,0.00021260044501782217,0.35,0.0,0.9751932448791735,0.009521484375031959,272,274,5.71359566972129,54.9752194835408
1790,89.5,ccurve,247,pure_pursuit,3.0,314.8555603027344,-210.27780151367188,-89.49502563476562,1.394103481910757e-05,0.35,0.0,0.6894612327036829,0.005950927734382252,272,274,5.716034262350274,54.689487431311996
1791,89.55000000000001,ccurve,247,pure_pursuit,3.0,314.8581237792969,-210.56365966796875,-89.498046875,0.00014544004827768907,0.35,0.0,0.40359171615470996,0.0089721679687625,272,274,5.718455464643611,54.403617783546515
1792,89.60000000000001,ccurve,247,pure_pursuit,3.0,314.8606262207031,-210.84963989257812,-89.49411010742188,-5.217843757552793e-05,0.35,0.0,0.11760107118285616,0.005035400390650709,272,274,5.72085634497699,54.11762661409495
1793,89.65,ccurve,247,pure_pursuit,3.0,314.8631896972656,-211.1357421875,-89.49724578857422,8.142501625620904e-05,0.35,0.0,0.16851412662486348,0.008171081542978315,272,274,5.723238604262682,53.83151283538571
1794,89.7,ccurve,247,pure_pursuit,3.0,314.8656921386719,-211.4219512939453,-89.49364471435547,-9.627846328590189e-05,0.35,0.0,0.45473374282362516,0.004570007324236455,272,274,5.725603522513329,53.545292793211
1795,89.75,ccurve,247,pure_pursuit,3.0,314.8682556152344,-211.7082977294922,-89.49710083007812,4.882896599100172e-05,0.35,0.0,0.7410915898119259,0.008026123046887913,272,274,5.727950852499568,53.25893488355941
1796,89.80000000000001,ccurve,247,pure_pursuit,3.0,314.87078857421875,-211.99476623535156,-89.49371337890625,4.661958350727122e-06,0.35,0.0,0.9724320193672421,0.004638671874994692,273,275,5.730279528877724,52.97245518036414
1797,89.85000000000001,ccurve,247,pure_pursuit,3.0,314.8733215332031,-212.28134155273438,-89.49706268310547,0.00018318018272344975,0.35,0.0,0.6858455307648818,0.00798797607422183,273,275,5.732590447421025,52.68586866989359
1798,89.9,ccurve,247,pure_pursuit,3.0,314.8758544921875,-212.56802368164062,-89.4931640625,-2.421637997911354e-05,0.35,0.0,0.3991522665523138,0.0040893554687761215,273,275,5.734882727891457,52.39917535214899
1799,89.95,ccurve,247,pure_pursuit,3.0,314.87841796875,-212.8548126220703,-89.4962158203125,0.00011717340401905562,0.35,0.0,0.11235229167412479,0.007141113281299414,273,275,5.737158993347713,52.112374955173216
1800,90.0,ccurve,247,pure_pursuit,3.0,314.88092041015625,-213.14173889160156,-89.49240112304688,-6.113073614826425e-05,0.35,0.0,0.17458573073008188,0.0033264160156580213,273,275,5.739416515712673,51.82543777847697
1801,90.05000000000001,ccurve,247,pure_pursuit,3.0,314.88348388671875,-213.42877197265625,-89.49566650390625,9.035532184505377e-05,0.35,0.0,0.4616300958070813,0.006591796875029954,273,275,5.741656795536041,51.538393250565186
1802,90.10000000000001,ccurve,247,pure_pursuit,3.0,314.8860168457031,-213.71591186523438,-89.49205780029297,-9.921127016125222e-05,0.35,0.0,0.7487811084497787,0.0029830932617141647,273,275,5.743880418318481,51.25124218735739
1803,90.15,ccurve,247,pure_pursuit,3.0,314.8885803222656,-214.00315856933594,-89.49554443359375,0.00018596261986042942,0.35,0.0,0.9639642259821681,0.0064697265625086675,274,276,5.746086532763378,50.963984044881315
1804,90.2,ccurve,247,pure_pursuit,3.0,314.8910827636719,-214.29052734375,-89.4918212890625,1.6945397845008996e-05,0.35,0.0,0.6765845568623464,0.002746582031245518,274,276,5.748274111885336,50.67660438095984
1805,90.25,ccurve,247,pure_pursuit,3.0,314.8936462402344,-214.57798767089844,-89.49481964111328,0.000168351984686949,0.35,0.0,0.3891128226467042,0.005744934082056649,274,276,5.750447348411116,50.389132623920396
1806,90.30000000000001,ccurve,247,pure_pursuit,3.0,314.8961486816406,-214.8655548095703,-89.49080657958984,-9.198682293277158e-06,0.35,0.0,0.10153484885065359,0.001731872558612693,274,276,5.752602542003823,50.10155460369212
1807,90.35000000000001,ccurve,247,pure_pursuit,3.0,314.8987121582031,-215.1532440185547,-89.4937744140625,0.0001430350894244916,0.35,0.0,0.18616593387439118,0.00469970703128078,274,276,5.754745963298136,49.81385397391137
1808,90.4,ccurve,247,pure_pursuit,3.0,314.9012145996094,-215.44102478027344,-89.48988342285156,-1.7925281757153872e-05,0.35,0.0,0.47395752168330885,0.0008087158203581112,274,276,5.756864575171456,49.52606233920489
1809,90.45,ccurve,247,pure_pursuit,3.0,314.9037780761719,-215.7289276123047,-89.49295043945312,0.00014391514133096445,0.35,0.0,0.7618717632907541,0.0038757324218765916,274,276,5.7589699236632725,49.23814809487115
1810,90.5,ccurve,247,pure_pursuit,3.0,314.90631103515625,-216.0169219970703,-89.48909759521484,-2.553175728099664e-05,0.35,0.0,0.9501258359377117,2.2888183620005236e-05,275,277,5.7610557926761,48.95014257356129
1811,90.55000000000001,ccurve,247,pure_pursuit,3.0,314.90887451171875,-216.30503845214844,-89.49221801757812,0.00014305245078553608,0.35,0.0,0.6619979772071465,0.0031433105469015348,275,277,5.763127190248331,48.662014714677085
1812,90.60000000000001,ccurve,247,pure_pursuit,3.0,314.911376953125,-216.59323120117188,-89.48836517333984,-1.6870228559359437e-05,0.35,0.0,0.3737943709789143,-0.0007095336914059404,275,277,5.76518022337383,48.3738111091918
1813,90.65,ccurve,247,pure_pursuit,3.0,314.9139404296875,-216.88153076171875,-89.49144744873047,0.0001545724533025801,0.35,0.0,0.08548341884123618,0.0023727416992603955,275,277,5.767220819263922,48.085500152130635
1814,90.7,ccurve,247,pure_pursuit,3.0,314.91644287109375,-217.16995239257812,-89.48757934570312,6.3945388734448425e-06,0.35,0.0,0.20294909012736911,-0.0014953613280931574,275,277,5.769243015032314,47.79706767402255
1815,90.75,ccurve,247,pure_pursuit,3.0,314.91900634765625,-217.45846557617188,-89.4906005859375,0.00018276224265632152,0.35,0.0,0.4914736490772545,0.0015258789062870903,275,277,5.771252911373595,47.50854310242737
1816,90.80000000000001,ccurve,247,pure_pursuit,3.0,314.92156982421875,-217.74708557128906,-89.48655700683594,-1.4022324240372372e-05,0.35,0.0,0.7801050249391476,-0.0025177001952999102,275,277,5.773244877220442,47.21991172356102
1817,90.85000000000001,ccurve,247,pure_pursuit,3.0,314.9242248535156,-218.03579711914062,-89.48954010009766,4.5957075393276604e-05,0.35,0.0,0.9311746296818679,0.0004653930664142548,276,278,5.77522311517355,46.9311879789583
1818,90.9,ccurve,247,pure_pursuit,3.0,314.92681884765625,-218.32460021972656,-89.48589324951172,-0.0001594521407701014,0.35,0.0,0.6423598798623328,-0.0031814575195167286,276,278,5.777183612021047,46.64237322970616
1819,90.95,ccurve,247,pure_pursuit,3.0,314.92938232421875,-218.61351013183594,-89.48956298828125,4.59977861966501e-05,0.35,0.0,0.35343859818673296,0.00048828125003426,276,278,5.779130787779474,46.35345194535844
1820,91.0,ccurve,247,pure_pursuit,3.0,314.931884765625,-218.9025115966797,-89.48632049560547,-6.93201723393337e-05,0.35,0.0,0.06442643104095551,-0.0027542114257685566,276,278,5.781062740982553,46.064439656347346
1821,91.05000000000001,ccurve,247,pure_pursuit,3.0,314.9344482421875,-219.19161987304688,-89.48992919921875,0.00014095435744927083,0.35,0.0,0.2246933805894217,0.0008544921874963439,276,278,5.782981064843062,45.7753200156613
1822,91.10000000000001,ccurve,247,pure_pursuit,3.0,314.93701171875,-219.48081970214844,-89.48632049560547,-3.002669148435854e-05,0.35,0.0,0.513904549658802,-0.0027542114257685566,276,278,5.784881318526689,45.48610882588961
1823,91.15,ccurve,247,pure_pursuit,3.0,314.9396667480469,-219.77011108398438,-89.48954010009766,8.03292853275529e-05,0.35,0.0,0.803208085046799,0.0004653930664142548,276,278,5.786770349871808,45.19680527032723
1824,91.2,ccurve,247,pure_pursuit,3.0,314.9422912597656,-220.0594940185547,-89.48589324951172,-0.00014945046387977522,0.35,0.0,0.9073849448424866,-0.0031814575195167286,277,279,5.788640294206302,44.907410437958845
1825,91.25,ccurve,247,pure_pursuit,3.0,314.9448547363281,-220.3489532470703,-89.48949432373047,5.5649555325068125e-05,0.35,0.0,0.6179143671021969,0.00041961669922513313,277,279,5.790497403631526,44.61793985905428
1826,91.30000000000001,ccurve,247,pure_pursuit,3.0,314.9473876953125,-220.63853454589844,-89.4862289428711,-8.140264157756511e-05,0.35,0.0,0.328322006586573,-0.0028457641601468,277,279,5.792340724472446,44.328347486912
1827,91.35000000000001,ccurve,247,pure_pursuit,3.0,314.949951171875,-220.9281768798828,-89.48976135253906,0.00012673858997653005,0.35,0.0,0.03866848111913882,0.000686645507836824,277,279,5.7941714579622685,44.03869380985286
1828,91.4,ccurve,247,pure_pursuit,3.0,314.9525451660156,-221.21792602539062,-89.48625183105469,-6.173322368302578e-05,0.35,0.0,0.25109246143922564,-0.0028228759765267946,277,279,5.795985679098143,43.74893305328998
1829,91.45,ccurve,247,pure_pursuit,3.0,314.9552001953125,-221.5077667236328,-89.48956298828125,6.015366155650748e-05,0.35,0.0,0.5409452912509441,0.00048828125003426,277,279,5.797786537827512,43.45908020323268
1830,91.5,ccurve,247,pure_pursuit,3.0,314.95782470703125,-221.79771423339844,-89.486083984375,-0.00015976602255458427,0.35,0.0,0.8309046753351558,-0.0029907226562372034,277,279,5.799568669509235,43.16912081815394
1831,91.55000000000001,ccurve,247,pure_pursuit,3.0,314.9604187011719,-222.0877227783203,-89.48974609375,2.310732349790104e-05,0.35,0.0,0.8790782952137625,0.0006713867187398575,278,280,5.801338599144673,42.879100672517595
1832,91.60000000000001,ccurve,247,pure_pursuit,3.0,314.96295166015625,-222.3778533935547,-89.4866714477539,-0.00010552011182227562,0.35,0.0,0.588936628648763,-0.0024032592773525507,278,280,5.803094723461363,42.588959005754724
1833,91.65,ccurve,247,pure_pursuit,3.0,314.96551513671875,-222.6680450439453,-89.49034881591797,0.00010942728955769028,0.35,0.0,0.29873366086076786,0.001274108886721477,278,280,5.804839518651947,42.29875603411839
1834,91.7,ccurve,247,pure_pursuit,3.0,314.9681091308594,-222.95831298828125,-89.48693084716797,-7.406186337769195e-05,0.35,0.0,0.008454250468779885,-0.0021438598632638984,278,280,5.80656789519808,42.0084764993742
1835,91.75,ccurve,247,pure_pursuit,3.0,314.9707336425781,-223.24868774414062,-89.49034881591797,8.254876344207634e-05,0.35,0.0,0.2819324928106278,0.001274108886721477,278,280,5.808285812649071,41.718089885168254
1836,91.80000000000001,ccurve,247,pure_pursuit,3.0,314.9733581542969,-223.5391387939453,-89.48686218261719,-0.0001328311597348202,0.35,0.0,0.5723953980773452,-0.0022125244140221365,278,280,5.8099860275175335,41.427626980079594
1837,91.85000000000001,ccurve,247,pure_pursuit,3.0,314.9759521484375,-223.8296661376953,-89.490478515625,5.5551784691604565e-05,0.35,0.0,0.8629343218476277,0.0014038085937658031,278,280,5.8116766949370104,41.137088056245084
1838,91.9,ccurve,247,pure_pursuit,3.0,314.9785461425781,-224.1202850341797,-89.48717498779297,-0.00010376490527462716,0.35,0.0,0.8464385935660061,-0.001899719238272213,279,281,5.813353514114057,40.84645758331689
1839,91.95,ccurve,247,pure_pursuit,3.0,314.98114013671875,-224.41099548339844,-89.49078369140625,8.749359000898699e-05,0.35,0.0,0.5557165716062927,0.0017089843749926877,279,281,5.815018367065795,40.555735561294895
1840,92.0,ccurve,247,pure_pursuit,3.0,314.9837646484375,-224.70179748535156,-89.48741912841797,-0.00011459974766909167,0.35,0.0,0.2649027317052435,-0.0016555786132805273,279,281,5.816667533988301,40.26492171804447
1841,92.05000000000001,ccurve,247,pure_pursuit,3.0,314.98638916015625,-224.99267578125,-89.49097442626953,4.957335489552369e-05,0.35,0.0,0.025987509700973795,0.0018997192383231017,279,281,5.818305215845881,39.9740315839058
1842,92.10000000000001,ccurve,247,pure_pursuit,3.0,314.9889831542969,-225.28363037109375,-89.48770141601562,-0.00012856710695414322,0.35,0.0,0.31695356722825085,-0.001373291015622759,279,281,5.819931279023391,39.68306543096589
1843,92.15,ccurve,247,pure_pursuit,3.0,314.9916076660156,-225.5746612548828,-89.49136352539062,3.5671460355141585e-05,0.35,0.0,0.607996283408708,0.002288818359405191,279,281,5.821544682171034,39.39202271502461
1844,92.2,ccurve,247,pure_pursuit,3.0,314.99420166015625,-225.86578369140625,-89.48818969726562,-0.000139632816659777,0.35,0.0,0.8991302733441116,-0.000885009765588499,279,281,5.823143996141698,39.100888722075645
1845,92.25,ccurve,247,pure_pursuit,3.0,314.99676513671875,-226.15696716308594,-89.49195098876953,0.00010722881142946213,0.35,0.0,0.8096780982756705,0.002876281738289844,280,282,5.824730684778283,38.809693968488105
1846,92.30000000000001,ccurve,247,pure_pursuit,3.0,314.99932861328125,-226.4482421875,-89.4886245727539,-5.0171964836770176e-05,0.35,0.0,0.518391793738587,-0.0004501342773172883,280,282,5.826305194109402,38.51840766583412
1847,92.35000000000001,ccurve,247,pure_pursuit,3.0,315.0019836425781,-226.7395782470703,-89.49197387695312,8.543460715473446e-05,0.35,0.0,0.22704366293382758,0.0028991699219098493,280,282,5.827867702330705,38.227059514116306
1848,92.4,ccurve,247,pure_pursuit,3.0,315.0046081542969,-227.031005859375,-89.48846435546875,-0.00012680717891765429,0.35,0.0,0.06439591527486463,-0.0006103515624537694,280,282,5.82941760896594,37.93562008543982
1849,92.45,ccurve,247,pure_pursuit,3.0,315.0072326660156,-227.322509765625,-89.49201202392578,3.389292285576282e-05,0.35,0.0,0.35591154108720824,0.002937316894575932,280,282,5.830955240669582,37.64410436586771
1850,92.5,ccurve,247,pure_pursuit,3.0,315.0098571777344,-227.6140899658203,-89.48876190185547,-0.00017229711069633485,0.35,0.0,0.6475035430805397,-0.0003128051757499235,280,282,5.83248185214626,37.35251235539898
1851,92.55000000000001,ccurve,247,pure_pursuit,3.0,315.0124206542969,-227.90576171875,-89.49260711669922,5.541366529588077e-05,0.35,0.0,0.9391865446237582,0.003532409667983624,280,282,5.8339982874006076,37.06082933990481
1852,92.60000000000001,ccurve,247,pure_pursuit,3.0,315.0149841308594,-228.19749450683594,-89.48949432373047,-2.682967115892381e-05,0.35,0.0,0.7690728100027856,0.00041961669922513313,281,283,5.835499129174707,36.76908529171671
1853,92.65,ccurve,247,pure_pursuit,3.0,315.01763916015625,-228.48928833007812,-89.49295043945312,0.00011815935876540172,0.35,0.0,0.47726692766402695,0.0038757324218765916,281,283,5.836990997062456,36.47727939460542
1854,92.7,ccurve,247,pure_pursuit,3.0,315.020263671875,-228.78118896484375,-89.48934936523438,-9.574777247408176e-05,0.35,0.0,0.1853545428087708,0.0002746582031347296,281,283,5.838469456184182,36.1853669622998
1855,92.75,ccurve,247,pure_pursuit,3.0,315.0229187011719,-229.07313537597656,-89.49273681640625,3.615765702314595e-05,0.35,0.0,0.10660420816031305,0.00366210937502795,281,283,5.839934906827641,35.89340848347098
1856,92.80000000000001,ccurve,247,pure_pursuit,3.0,315.0255432128906,-229.36517333984375,-89.48941040039062,-0.0001713345757248922,0.35,0.0,0.398653825127115,0.0003356933594208176,281,283,5.841389700123955,35.60135872756457
1857,92.85000000000001,ccurve,247,pure_pursuit,3.0,315.02813720703125,-229.65725708007812,-89.4931640625,2.202039216414364e-05,0.35,0.0,0.6907490522116014,0.0040893554687761215,281,283,5.842832114476343,35.30926346907326
1858,92.9,ccurve,247,pure_pursuit,3.0,315.0306701660156,-229.94944763183594,-89.49010467529297,-8.653792874693532e-05,0.35,0.0,0.9829505498993332,0.0010299682617297915,281,283,5.844263172381131,35.01706194730234
1859,92.95,ccurve,247,pure_pursuit,3.0,315.0332336425781,-230.24169921875,-89.49380493164062,0.0001816752968832519,0.35,0.0,0.7247745013767702,0.004730224609372936,282,284,5.8456831767027655,34.72479912087128
1860,93.0,ccurve,247,pure_pursuit,3.0,315.0358581542969,-230.53399658203125,-89.49019622802734,-2.7806239737357432e-05,0.35,0.0,0.43246536760892584,0.0011215209961080346,282,284,5.847091773707488,34.43248997579621
1861,93.05000000000001,ccurve,247,pure_pursuit,3.0,315.03851318359375,-230.82638549804688,-89.4932861328125,9.564453607446589e-05,0.35,0.0,0.140064497523903,0.004211425781297409,282,284,5.848490907043175,34.140089009617355
1862,93.10000000000001,ccurve,247,pure_pursuit,3.0,315.0411376953125,-231.11883544921875,-89.48961639404297,-0.00012303725693600326,0.35,0.0,0.1523974741143445,0.0005416870117464204,282,284,5.849877001992343,33.847627282749336
1863,93.15,ccurve,247,pure_pursuit,3.0,315.0437927246094,-231.41136169433594,-89.49307250976562,8.899024428354808e-06,0.35,0.0,0.44493570302083824,0.003997802734397878,282,284,5.851254253836824,33.55508899301764
1864,93.2,ccurve,247,pure_pursuit,3.0,315.04638671875,-231.7039337158203,-89.48988342285156,-0.00016542636863666973,0.35,0.0,0.7375191919660334,0.0008087158203581112,282,284,5.852619133670321,33.262505472660855
1865,93.25,ccurve,247,pure_pursuit,3.0,315.04901123046875,-231.99661254882812,-89.49371337890625,0.00011282453217109575,0.35,0.0,0.969793657841757,0.004638671874994692,283,285,5.853974675013466,32.969814873072565
1866,93.30000000000001,ccurve,247,pure_pursuit,3.0,315.0516052246094,-232.2893524169922,-89.4904556274414,-5.854419077675857e-05,0.35,0.0,0.6770423035577136,0.0013809204101457979,283,285,5.855316311451663,32.677063512699604
1867,93.35000000000001,ccurve,247,pure_pursuit,3.0,315.05426025390625,-232.58212280273438,-89.49383544921875,8.205832604786001e-05,0.35,0.0,0.3842599336492502,0.004760742187515979,283,285,5.856651734975716,32.38428109208686
1868,93.4,ccurve,247,pure_pursuit,3.0,315.0568542480469,-232.875,-89.49034881591797,-0.00010293542564856101,0.35,0.0,0.09137146870831875,0.001274108886721477,283,285,5.857976094727512,32.091392408049984
1869,93.45,ccurve,247,pure_pursuit,3.0,315.05950927734375,-233.1679229736328,-89.49383544921875,3.535306927028695e-05,0.35,0.0,0.2015640275596059,0.004760742187515979,283,285,5.859291051317759,31.79845740564614
1870,93.5,ccurve,247,pure_pursuit,3.0,315.0621337890625,-233.46090698242188,-89.4906005859375,-0.00016573299863077777,0.35,0.0,0.4945596842327707,0.0015258789062870903,283,285,5.860592926421026,31.505461642426653
1871,93.55000000000001,ccurve,247,pure_pursuit,3.0,315.0647277832031,-233.7539825439453,-89.49435424804688,3.0490055914905062e-05,0.35,0.0,0.7876466860294113,0.005279541015642394,283,285,5.861885774904152,31.212374601983186
1872,93.60000000000001,ccurve,247,pure_pursuit,3.0,315.06732177734375,-234.04710388183594,-89.49130249023438,-4.03346123544911e-05,0.35,0.0,0.9192236986404781,0.002227783203169992,284,286,5.863168173109316,30.919241786998946
1873,93.65,ccurve,247,pure_pursuit,3.0,315.07000732421875,-234.34027099609375,-89.49481964111328,9.012401245494386e-05,0.35,0.0,0.6260443442822491,0.005744934082056649,284,286,5.864441580920186,30.626062381847106
1874,93.7,ccurve,247,pure_pursuit,3.0,315.0726013183594,-234.63352966308594,-89.49136352539062,-9.391861389401687e-05,0.35,0.0,0.3327742635786306,0.002288818359405191,284,286,5.865703203190669,30.332792243178165
1875,93.75,ccurve,247,pure_pursuit,3.0,315.07525634765625,-234.92684936523438,-89.4947738647461,4.2529077039901895e-05,0.35,0.0,0.0394439697265625,0.005699157714867528,284,286,5.866957249082161,30.039460528112215
1876,93.80000000000001,ccurve,247,pure_pursuit,3.0,315.077880859375,-235.22021484375,-89.49149322509766,-0.0001597689392531317,0.35,0.0,0.2539350717948897,0.002418518066398628,284,286,5.868200988814547,29.746083310332693
1877,93.85000000000001,ccurve,247,pure_pursuit,3.0,315.0804748535156,-235.513671875,-89.49520874023438,3.413973288182354e-05,0.35,0.0,0.5474034151324778,0.006134033203138738,284,286,5.869434731257112,29.452614815252804
1878,93.9,ccurve,247,pure_pursuit,3.0,315.08306884765625,-235.80715942382812,-89.49211883544922,-0.00013543697755466757,0.35,0.0,0.8409023811139144,0.003044128418000253,284,286,5.8706575066827975,29.159115803818917
1879,93.95,ccurve,247,pure_pursuit,3.0,315.08563232421875,-236.10072326660156,-89.49588012695312,0.0002152826186865224,0.35,0.0,0.8655260690395417,0.006805419921878596,285,287,5.871872908181017,28.865540773355185
1880,94.0,ccurve,247,pure_pursuit,3.0,315.0882263183594,-236.39434814453125,-89.49227905273438,3.0065265923932144e-05,0.35,0.0,0.5718897416671914,0.003204345703136734,285,287,5.873076412747172,28.571904438322523
1881,94.05000000000001,ccurve,247,pure_pursuit,3.0,315.09088134765625,-236.68801879882812,-89.49517822265625,0.00014916313537757976,0.35,0.0,0.27820716197505596,0.006103515625046583,285,287,5.87427281964684,28.27822178494691
1882,94.10000000000001,ccurve,247,pure_pursuit,3.0,315.0934753417969,-236.9817657470703,-89.49124145507812,-5.423394005007559e-05,0.35,0.0,0.015553018048784626,0.002166748046883904,285,287,5.875457660051348,27.984463384434044
1883,94.15,ccurve,247,pure_pursuit,3.0,315.09613037109375,-237.2755584716797,-89.49430084228516,6.634435727416637e-05,0.35,0.0,0.3093561840627124,0.005226135253930234,285,287,5.876634790676885,27.690658665610673
1884,94.2,ccurve,247,pure_pursuit,3.0,315.0987548828125,-237.5694122314453,-89.49078369140625,-0.0001432556840129486,0.35,0.0,0.6032216112446761,0.0017089843749926877,285,287,5.877802047149117,27.396793185935465
1885,94.25,ccurve,247,pure_pursuit,3.0,315.1014099121094,-237.8633270263672,-89.49435424804688,-8.53771110755439e-06,0.35,0.0,0.8971483872731651,0.005279541015642394,285,287,5.878960796709878,27.10286640170256
1886,94.30000000000001,ccurve,247,pure_pursuit,3.0,315.10400390625,-238.1572723388672,-89.49130249023438,-5.8781466778664764e-05,0.35,0.0,0.8088980726333848,0.002227783203169992,286,288,5.880106719859583,26.808909644753005
1887,94.35000000000001,ccurve,247,pure_pursuit,3.0,315.106689453125,-238.45132446289062,-89.4948959350586,7.844782723304829e-05,0.35,0.0,0.5148337601013019,0.005821228027337926,286,288,5.881244062105519,26.514845265106157
1888,94.4,ccurve,247,pure_pursuit,3.0,315.10931396484375,-238.7454071044922,-89.49154663085938,-0.00011780396032237565,0.35,0.0,0.2207395683852796,0.0024719238281616773,286,288,5.882372154340838,26.220750912692925
1889,94.45,ccurve,247,pure_pursuit,3.0,315.1119689941406,-239.03955078125,-89.49507904052734,2.7000002155458672e-05,0.35,0.0,0.07341736665911644,0.006004333496094413,286,288,5.883492425905714,25.926595255816196
1890,94.5,ccurve,247,pure_pursuit,3.0,315.1145935058594,-239.333740234375,-89.49188232421875,-0.00016813159808544938,0.35,0.0,0.3676177282337504,0.0028076171875316062,286,288,5.884603565791685,25.6323940961223
1891,94.55000000000001,ccurve,247,pure_pursuit,3.0,315.1171875,-239.6279754638672,-89.49568939208984,3.423278170901103e-05,0.35,0.0,0.6618642845695769,0.00661468505859907,286,288,5.885707189217339,25.338147433593374
1892,94.60000000000001,ccurve,247,pure_pursuit,3.0,315.11981201171875,-239.92230224609375,-89.49266815185547,-0.0001575370021219423,0.35,0.0,0.9562027387231685,0.0035934448242188233,286,288,5.886801826716119,25.043808950237775
1893,94.65,ccurve,247,pure_pursuit,3.0,315.1224060058594,-240.2166290283203,-89.49649047851562,0.00020325961201500314,0.35,0.0,0.7494625654784661,0.007415771484383254,287,289,5.887887182290576,24.74947073862777
1894,94.7,ccurve,247,pure_pursuit,3.0,315.1250305175781,-240.5110626220703,-89.49298095703125,4.146397122307283e-06,0.35,0.0,0.45501731422260155,0.003906250000019635,287,289,5.888964284684383,24.45502544798055
1895,94.75,ccurve,247,pure_pursuit,3.0,315.127685546875,-240.80552673339844,-89.4959716796875,0.0001278081228412311,0.35,0.0,0.1605414789051759,0.006896972656256839,287,289,5.890037848281644,24.160549369226683
1896,94.80000000000001,ccurve,247,pure_pursuit,3.0,315.13031005859375,-241.1000518798828,-89.49217987060547,-9.117898357491935e-05,0.35,0.0,0.13399611500195335,0.003105163574235452,287,289,5.891097148452474,23.86601252947793
1897,94.85000000000001,ccurve,247,pure_pursuit,3.0,315.1329650878906,-241.39462280273438,-89.49541473388672,3.6061220200588665e-05,0.35,0.0,0.428578743072162,0.00634002685551523,287,289,5.892147049567998,23.571429643481622
1898,94.9,ccurve,247,pure_pursuit,3.0,315.1355895996094,-241.6892547607422,-89.49205780029297,-0.00016744422845134404,0.35,0.0,0.7232223273459935,0.0029830932617141647,287,289,5.893187775164953,23.27678599644517
1899,94.95,ccurve,247,pure_pursuit,3.0,315.1382141113281,-241.9839324951172,-89.49581146240234,0.00013915440160263966,0.35,0.0,0.9820915225104752,0.006736755371120358,288,290,5.8942229717991586,22.982096574855507
1900,95.0,ccurve,247,pure_pursuit,3.0,315.1408386230469,-242.27867126464844,-89.49246978759766,-5.040757898317392e-05,0.35,0.0,0.6873410952953194,0.0033950805664162594,288,290,5.895249280571465,22.687346120528137
1901,95.05000000000001,ccurve,247,pure_pursuit,3.0,315.14349365234375,-242.57345581054688,-89.4957275390625,8.953001706739457e-05,0.35,0.0,0.3925446907082787,0.006652832031265154,288,290,5.896271793804612,22.392549619997585
1902,95.10000000000001,ccurve,247,pure_pursuit,3.0,315.1461181640625,-242.86827087402344,-89.49221801757812,-0.0001133605659943607,0.35,0.0,0.09771850508929708,0.0031433105469015348,288,290,5.897281397502224,22.09772287474821
1903,95.15,ccurve,247,pure_pursuit,3.0,315.1487731933594,-243.1631622314453,-89.49566650390625,2.8424742251507386e-05,0.35,0.0,0.19718597711528207,0.006591796875029954,288,290,5.8982870573095685,21.80281956696797
1904,95.2,ccurve,247,pure_pursuit,3.0,315.1513671875,-243.4580841064453,-89.49246978759766,-0.0001378843575603875,0.35,0.0,0.4921189754332062,0.0033950805664162594,288,290,5.899283165136358,21.507886286033965
1905,95.25,ccurve,247,pure_pursuit,3.0,315.1540222167969,-243.75308227539062,-89.49618530273438,7.81766108774922e-06,0.35,0.0,0.7871290500550626,0.00711059570315637,288,290,5.900273294839716,21.21287617095927
1906,95.30000000000001,ccurve,247,pure_pursuit,3.0,315.1566467285156,-244.048095703125,-89.49312591552734,-1.1283720648103192e-05,0.35,0.0,0.9178494117149243,0.004051208496110039,289,291,5.901257048870304,20.917851069308128
1907,95.35000000000001,ccurve,247,pure_pursuit,3.0,315.1593017578125,-244.34320068359375,-89.4966049194336,0.00014427399266314945,0.35,0.0,0.6227325390922792,0.007530212402330614,289,291,5.9022278014361005,20.622734146978658
1908,95.4,ccurve,247,pure_pursuit,3.0,315.16192626953125,-244.63832092285156,-89.492919921875,-6.469542072728732e-05,0.35,0.0,0.32760073475570184,0.0038452148437844364,289,291,5.903190255591067,20.327602238031503
1909,95.45,ccurve,247,pure_pursuit,3.0,315.1645812988281,-244.9335174560547,-89.49612426757812,6.933101865026249e-05,0.35,0.0,0.03239463917474951,0.0070495605469211705,289,291,5.904145355242415,20.032393766629962
1910,95.5,ccurve,247,pure_pursuit,3.0,315.1672058105469,-245.22872924804688,-89.49266815185547,-0.00013263010171410275,0.35,0.0,0.2628317340453138,0.0035934448242188233,289,291,5.905093520927027,19.73717030856997
1911,95.55000000000001,ccurve,247,pure_pursuit,3.0,315.16986083984375,-245.5240020751953,-89.4962158203125,9.302690039039189e-06,0.35,0.0,0.5581163497508234,0.007141113281299414,289,291,5.906037464009641,19.441885546279973
1912,95.60000000000001,ccurve,247,pure_pursuit,3.0,315.1724853515625,-245.81930541992188,-89.49309539794922,-0.00018337301591196626,0.35,0.0,0.8534312964927702,0.004020690917966995,289,291,5.906970483622532,19.146570539105497
1913,95.65,ccurve,247,pure_pursuit,3.0,315.17510986328125,-246.11468505859375,-89.49697875976562,0.00016186694906479717,0.35,0.0,0.8511654673042368,0.007904052734417515,290,292,5.9078980439848685,18.85117924100476
1914,95.7,ccurve,247,pure_pursuit,3.0,315.177734375,-246.41009521484375,-89.49368286132812,-2.4162080165427756e-05,0.35,0.0,0.5557437003309418,0.004608154296902537,290,292,5.908816288432932,18.555757426533994
1915,95.75,ccurve,247,pure_pursuit,3.0,315.1803894042969,-246.70553588867188,-89.4968490600586,0.00011133760415601755,0.35,0.0,0.2602913008371886,0.007774353027373188,290,292,5.9097299974535895,18.260304824232172
1916,95.80000000000001,ccurve,247,pure_pursuit,3.0,315.1830139160156,-247.0010528564453,-89.49322509765625,-9.623937174968267e-05,0.35,0.0,0.035240155996552495,0.004150390625011321,290,292,5.910632952346524,17.964776202458946
1917,95.85000000000001,ccurve,247,pure_pursuit,3.0,315.1856689453125,-247.29656982421875,-89.4965591430664,3.955974124571397e-05,0.35,0.0,0.33076685796438765,0.007484436035192381,290,292,5.91153376521444,17.669247309263355
1918,95.9,ccurve,247,pure_pursuit,3.0,315.1882629394531,-247.59217834472656,-89.49322509765625,-0.00013162278251903128,0.35,0.0,0.626386591669041,0.004150390625011321,290,292,5.91242351656705,17.37362740980304
1919,95.95,ccurve,247,pure_pursuit,3.0,315.19091796875,-247.88778686523438,-89.49687957763672,1.0598093034419807e-05,0.35,0.0,0.9220070027145051,0.007804870605465343,290,292,5.9133091614475175,17.07800696748067
1920,96.0,ccurve,247,pure_pursuit,3.0,315.19354248046875,-248.18348693847656,-89.49380493164062,-8.668858052467948e-06,0.35,0.0,0.782284852926602,0.004730224609372936,291,293,5.914186520173791,16.782295247477904
1921,96.05000000000001,ccurve,247,pure_pursuit,3.0,315.1961975097656,-248.47918701171875,-89.49724578857422,0.0001453138981708883,0.35,0.0,0.48657293290945675,0.008171081542978315,291,293,5.915057119066206,16.486583256072084
1922,96.10000000000001,ccurve,247,pure_pursuit,3.0,315.1988220214844,-248.7749786376953,-89.4935531616211,-6.248334970927414e-05,0.35,0.0,0.1907698942439893,0.004478454589858211,291,293,5.915919401842622,16.19077998694875
1923,96.15,ccurve,247,pure_pursuit,3.0,315.20147705078125,-249.07077026367188,-89.49677276611328,7.278122062262444e-05,0.35,0.0,0.10503482852806495,0.0076980590820410226,291,293,5.916775812364438,15.894976446457608
1924,96.2,ccurve,247,pure_pursuit,3.0,315.2041015625,-249.36663818359375,-89.49325561523438,-0.0001307596293992757,0.35,0.0,0.40091379486602613,0.004180908203154365,291,293,5.917624349947181,15.599096886398156
1925,96.25,ccurve,247,pure_pursuit,3.0,315.2067565917969,-249.66253662109375,-89.49677276611328,1.0020775665485793e-05,0.35,0.0,0.6968240710551523,0.0076980590820410226,291,293,5.9184691108190135,15.30318653863395
1926,96.30000000000001,ccurve,247,pure_pursuit,3.0,315.2093811035156,-249.9584503173828,-89.49364471435547,-0.00018167520513807543,0.35,0.0,0.992749363901729,0.004570007324236455,291,293,5.919304361422764,15.007261204009332
1927,96.35000000000001,ccurve,247,pure_pursuit,3.0,315.2120056152344,-250.2544403076172,-89.49755859375,0.00020254853797673118,0.35,0.0,0.7112523126305311,0.008483886718779128,292,294,5.9201337005453745,14.711259578457739
1928,96.4,ccurve,247,pure_pursuit,3.0,315.2146301269531,-250.55044555664062,-89.49411010742188,1.234718713877837e-05,0.35,0.0,0.41523549199963367,0.005035400390650709,292,294,5.9209539380218645,14.415242694723846
1929,96.45,ccurve,247,pure_pursuit,3.0,315.21728515625,-250.8465118408203,-89.49710083007812,0.000142428895073066,0.35,0.0,0.11915777524642981,0.008026123046887913,292,294,5.9217673613230435,14.119164506917693
1930,96.5,ccurve,247,pure_pursuit,3.0,315.21990966796875,-251.14260864257812,-89.49325561523438,-7.202335314438335e-05,0.35,0.0,0.17695169721957893,0.004180908203154365,292,294,5.92257510221581,13.823056074059838
1931,96.55000000000001,ccurve,247,pure_pursuit,3.0,315.2225646972656,-251.43875122070312,-89.49639892578125,5.858143209875667e-05,0.35,0.0,0.47310593883643964,0.007324218750005011,292,294,5.923377732119769,13.526901595346805
1932,96.60000000000001,ccurve,247,pure_pursuit,3.0,315.22515869140625,-251.7349395751953,-89.49295043945312,-0.00011105777761993768,0.35,0.0,0.7693055641590204,0.0038757324218765916,292,294,5.924171171382224,13.230701884685951
1933,96.65,ccurve,247,pure_pursuit,3.0,315.2278137207031,-252.0311279296875,-89.49645233154297,0.0001692850841477119,0.35,0.0,0.9344974463755796,0.00737762451176806,293,295,5.9249615468313435,12.934501631386285
1934,96.7,ccurve,247,pure_pursuit,3.0,315.2304382324219,-252.32742309570312,-89.49288940429688,-2.338598738133925e-05,0.35,0.0,0.6381906811452694,0.0038146972656413923,293,295,5.9257394352826775,12.638194842113036
1935,96.75,ccurve,247,pure_pursuit,3.0,315.23309326171875,-252.6237030029297,-89.4959716796875,0.0001164203892238341,0.35,0.0,0.3418989751091699,0.006896972656256839,293,295,5.926514040652014,12.341903039716279
1936,96.80000000000001,ccurve,247,pure_pursuit,3.0,315.2357177734375,-252.92002868652344,-89.49227905273438,-8.534666363880075e-05,0.35,0.0,0.04556278502148827,0.003204345703136734,293,295,5.927283430745429,12.045565734062142
1937,96.85000000000001,ccurve,247,pure_pursuit,3.0,315.2383728027344,-253.21641540527344,-89.49554443359375,5.878393865487068e-05,0.35,0.0,0.2508373876527301,0.0064697265625086675,293,295,5.928047483279401,11.749167124380728
1938,96.9,ccurve,247,pure_pursuit,3.0,315.2409973144531,-253.51280212402344,-89.49215698242188,-0.00013005019252475963,0.35,0.0,0.5472355760824147,0.0030822753906663354,293,295,5.928807757906241,11.452768785973223
1939,96.95,ccurve,247,pure_pursuit,3.0,315.24365234375,-253.80929565429688,-89.49568939208984,2.000769782567128e-05,0.35,0.0,0.8437409611555573,0.00661468505859907,293,295,5.929559246052521,11.156263369004938
1940,97.0,ccurve,247,pure_pursuit,3.0,315.24627685546875,-254.10577392578125,-89.49258422851562,-2.436035108874321e-05,0.35,0.0,0.8597726687507199,0.003509521484363619,294,296,5.930308419769411,10.859773481471214
1941,97.05000000000001,ccurve,247,pure_pursuit,3.0,315.2489318847656,-254.4022979736328,-89.49602508544922,0.00013820269727491614,0.35,0.0,0.5632367708528546,0.006950378417969,294,296,5.931048934156377,10.563237548145972
1942,97.10000000000001,ccurve,247,pure_pursuit,3.0,315.25152587890625,-254.69888305664062,-89.49240112304688,-3.4838725128963135e-05,0.35,0.0,0.26664039482712554,0.0033264160156580213,294,296,5.931782431272124,10.266641124577271
1943,97.15,ccurve,247,pure_pursuit,3.0,315.2541809082031,-254.99546813964844,-89.4955062866211,0.00010705291306326031,0.35,0.0,0.02995803953899593,0.006431579589893473,294,296,5.932511147779617,9.970044158464393
1944,97.2,ccurve,247,pure_pursuit,3.0,315.2568054199219,-255.29209899902344,-89.49188232421875,-8.805026877612699e-05,0.35,0.0,0.3265992839900512,0.0028076171875316062,294,296,5.933232325038991,9.673401689086212
1945,97.25,ccurve,247,pure_pursuit,3.0,315.25946044921875,-255.5887908935547,-89.49520874023438,6.0084868136055945e-05,0.35,0.0,0.6233030118957033,0.006134033203138738,294,296,5.93394732368666,9.376697915680246
1946,97.30000000000001,ccurve,247,pure_pursuit,3.0,315.2620849609375,-255.88546752929688,-89.4918212890625,-0.00012535020219029823,0.35,0.0,0.9199912304256189,0.002746582031245518,294,296,5.934659516986372,9.080009671737036
1947,97.35000000000001,ccurve,247,pure_pursuit,3.0,315.2647399902344,-256.1822204589844,-89.495361328125,0.00016647823689382884,0.35,0.0,0.7832624176346069,0.0062866210937521805,295,297,5.935365794936954,8.783244865594837
1948,97.4,ccurve,247,pure_pursuit,3.0,315.2673645019531,-256.47900390625,-89.49185180664062,-1.6829279586520372e-05,0.35,0.0,0.4864673836422327,0.002777099609388562,295,297,5.936068927135748,8.486449814342093
1949,97.45,ccurve,247,pure_pursuit,3.0,315.27001953125,-256.7757873535156,-89.49493408203125,0.00012971605212447313,0.35,0.0,0.18967217140699394,0.005859375000004009,295,297,5.9367660014583326,8.18965449183426
1950,97.5,ccurve,247,pure_pursuit,3.0,315.2726135253906,-257.0726623535156,-89.4912109375,-4.086891103997951e-05,0.35,0.0,0.10721452381390534,0.0021362304687917487,295,297,5.937454548189352,7.892768162792639
1951,97.55000000000001,ccurve,247,pure_pursuit,3.0,315.2752685546875,-257.3695373535156,-89.49430084228516,0.00010466379471948745,0.35,0.0,0.4041012576375395,0.005226135253930234,295,297,5.938139645956244,7.5958812911099125
1952,97.60000000000001,ccurve,247,pure_pursuit,3.0,315.27789306640625,-257.66644287109375,-89.49065399169922,-8.404694310627853e-05,0.35,0.0,0.7010183438550524,0.0015792846679992506,295,297,5.93881738941077,7.298964174420025
1953,97.65,ccurve,247,pure_pursuit,3.0,315.2805480957031,-257.9634094238281,-89.49398803710938,7.018919112297202e-05,0.35,0.0,0.9979967587162814,0.004913330078129422,295,297,5.9394924142454215,7.001985753620477
1954,97.7,ccurve,247,pure_pursuit,3.0,315.28314208984375,-258.2603759765625,-89.4906005859375,-1.381594003109687e-05,0.35,0.0,0.7050132576329131,0.0015258789062870903,296,298,5.940160418034479,6.7050078756706535
1955,97.75,ccurve,247,pure_pursuit,3.0,315.28582763671875,-258.5574035644531,-89.49380493164062,0.00012516847191596238,0.35,0.0,0.4079735591802939,0.004730224609372936,296,298,5.940824244785119,6.407968150643999
1956,97.80000000000001,ccurve,247,pure_pursuit,3.0,315.2884216308594,-258.8544616699219,-89.4901351928711,-3.882435615160987e-05,0.35,0.0,0.11090417079207267,0.0010604858398728355,296,298,5.9414809337293875,6.110898723615822
1957,97.85000000000001,ccurve,247,pure_pursuit,3.0,315.29107666015625,-259.15155029296875,-89.49325561523438,0.00011558300030465518,0.35,0.0,0.1861964500253887,0.004180908203154365,296,298,5.942134689380734,5.81379823725503
1958,97.9,ccurve,247,pure_pursuit,3.0,315.293701171875,-259.4486389160156,-89.48961639404297,-6.603751342842208e-05,0.35,0.0,0.48329662541660545,0.0005416870117464204,296,298,5.9427811872252905,5.516698022462672
1959,97.95,ccurve,247,pure_pursuit,3.0,315.2963562011719,-259.7458190917969,-89.49286651611328,9.388354018033016e-05,0.35,0.0,0.780488656528068,0.0037918090820722758,296,298,5.943423554535748,5.219505986976324
1960,98.0,ccurve,247,pure_pursuit,3.0,315.2989807128906,-260.04296875,-89.48934936523438,-2.902110697194742e-05,0.35,0.0,0.9223382385028813,0.0002746582031347296,297,299,5.944060351707782,4.922344739481883
