step,time,route_name,spawn_index,controller_type,tuning_value,x,y,yaw_deg,steer,throttle,brake,cross_track_error,heading_error_deg,closest_waypoint,target_waypoint,speed,distance_to_goal
0,0.0,straightline,349,stanley,0.4,-364.3430480957031,37.064048767089844,-0.368408203125,-5.097644726295514e-06,0.35,0.0,7.6292368166493705e-06,5.088887490341627e-14,0,-1,0.9800000786781311,597.6172067986624
1,0.05,straightline,349,stanley,0.4,-364.3430480957031,37.064048767089844,-0.368408203125,-3.3984297481530884e-06,0.35,0.0,7.6292368166493705e-06,5.088887490341627e-14,0,-1,1.470000147819519,597.6172067986624
2,0.1,straightline,349,stanley,0.4,-364.3430480957031,37.064048767089844,-0.368408203125,-2.5488222074048803e-06,0.35,0.0,7.6292368166493705e-06,5.088887490341627e-14,0,-1,1.9600002765655518,597.6172067986624
3,0.15000000000000002,straightline,349,stanley,0.4,-364.3429870605469,37.064048767089844,-0.368408203125,-5.709829533354373e-06,0.35,0.0,8.02168626912421e-06,5.088887490341627e-14,0,-1,0.9199349297460231,597.6171457643981
4,0.2,straightline,349,stanley,0.4,-364.3429870605469,37.064048767089844,-0.368408203125,-1.5261501683599623e-05,0.35,0.0,8.02168626912421e-06,5.088887490341627e-14,0,-1,0.3441779020329977,597.6171457643981
5,0.25,straightline,349,stanley,0.4,-364.3429870605469,37.064048767089844,-0.3683776557445526,-5.339949859894075e-05,0.35,0.0,8.02168626912421e-06,-3.054738039840921e-05,0,-1,0.06916984176550635,597.6171457643981
6,0.30000000000000004,straightline,349,stanley,0.4,-364.3429870605469,37.064048767089844,-0.3683776557445526,-5.339949859894075e-05,0.35,0.0,8.02168626912421e-06,-3.054738039840921e-05,0,-1,0.04898205780711876,597.6171457643981
7,0.35000000000000003,straightline,349,stanley,0.4,-364.3429870605469,37.064048767089844,-0.368408203125,-5.2526716300389376e-05,0.35,0.0,8.02168626912421e-06,5.088887490341627e-14,0,-1,0.08883195385124937,597.6171457643981
8,0.4,straightline,349,stanley,0.4,-364.3429870605469,37.064048767089844,-0.368408203125,-5.2526716300389376e-05,0.35,0.0,8.02168626912421e-06,5.088887490341627e-14,0,-1,0.09224654750354429,597.6171457643981
9,0.45,straightline,349,stanley,0.4,-364.3429870605469,37.064048767089844,-0.368408203125,-5.2526716300389376e-05,0.35,0.0,8.02168626912421e-06,5.088887490341627e-14,0,-1,0.0808044003011366,597.6171457643981
10,0.5,straightline,349,stanley,0.4,-364.3429870605469,37.064048767089844,-0.368408203125,-5.2526716300389376e-05,0.35,0.0,8.02168626912421e-06,5.088887490341627e-14,0,-1,0.06508419677107175,597.6171457643981
11,0.55,straightline,349,stanley,0.4,-364.3429870605469,37.064048767089844,-0.3684081733226776,-5.252756779630775e-05,0.35,0.0,8.02168626912421e-06,-2.9802306254062185e-08,0,-1,0.04985408869588718,597.6171457643981
12,0.6000000000000001,straightline,349,stanley,0.4,-364.3429870605469,37.064048767089844,-0.3684081733226776,-5.252756779630775e-05,0.35,0.0,8.02168626912421e-06,-2.9802306254062185e-08,0,-1,0.0369296745392038,597.6171457643981
13,0.65,straightline,349,stanley,0.4,-364.3429870605469,37.064048767089844,-0.3684081733226776,-5.252756779630775e-05,0.35,0.0,8.02168626912421e-06,-2.9802306254062185e-08,0,-1,0.026707224636768577,597.6171457643981
14,0.7000000000000001,straightline,349,stanley,0.4,-364.3429870605469,37.064048767089844,-0.368408203125,-5.2526716300389376e-05,0.35,0.0,8.02168626912421e-06,5.088887490341627e-14,0,-1,0.018968530079284878,597.6171457643981
15,0.75,straightline,349,stanley,0.4,-364.3429870605469,37.064048767089844,-0.368408203125,-5.2526716300389376e-05,0.35,0.0,8.02168626912421e-06,5.088887490341627e-14,0,-1,0.01328331798917746,597.6171457643981
16,0.8,straightline,349,stanley,0.4,-364.3429870605469,37.064048767089844,-0.368408203125,-5.2526716300389376e-05,0.35,0.0,8.02168626912421e-06,5.088887490341627e-14,0,-1,0.009199036403912456,597.6171457643981
17,0.8500000000000001,straightline,349,stanley,0.4,-364.3429870605469,37.064048767089844,-0.368408203125,-5.2526716300389376e-05,0.35,0.0,8.02168626912421e-06,5.088887490341627e-14,0,-1,0.006310062653726964,597.6171457643981
18,0.9,straightline,349,stanley,0.4,-364.3429870605469,37.064048767089844,-0.368408203125,-5.2526716300389376e-05,0.35,0.0,8.02168626912421e-06,5.088887490341627e-14,0,-1,0.004295235421767825,597.6171457643981
19,0.9500000000000001,straightline,349,stanley,0.4,-364.3429870605469,37.064048767089844,-0.368408203125,-5.2526716300389376e-05,0.35,0.0,8.02168626912421e-06,5.088887490341627e-14,0,-1,0.0029027282268433282,597.6171457643981
20,1.0,straightline,349,stanley,0.4,-364.3429870605469,37.064048767089844,-0.368408203125,-5.2526716300389376e-05,0.35,0.0,8.02168626912421e-06,5.088887490341627e-14,0,-1,0.0019527546627152845,597.6171457643981
21,1.05,straightline,349,stanley,0.4,-364.3429870605469,37.064048767089844,-0.368408203125,-5.2526716300389376e-05,0.35,0.0,8.02168626912421e-06,5.088887490341627e-14,0,-1,0.0013055627845723543,597.6171457643981
22,1.1,straightline,349,stanley,0.4,-364.34027099609375,37.06403350830078,-0.3686217963695526,-1.8974645488289896e-05,0.35,0.0,1.0227213270955833e-05,0.00021359324459327634,0,-1,0.26704899617591243,597.6144298221174
23,1.1500000000000001,straightline,349,stanley,0.4,-364.30364990234375,37.06379699707031,-0.3687133491039276,2.9014344980187244e-06,0.35,0.0,9.190543439729101e-06,0.0003051459789715195,0,-1,1.034558520622746,597.5778105421691
24,1.2000000000000002,straightline,349,stanley,0.4,-364.23931884765625,37.06338119506836,-0.3680724799633026,-1.2745799786690178e-05,0.35,0.0,7.038859840819323e-06,-0.0003357231616761828,0,-1,1.4614878762823988,597.5134826762795
25,1.25,straightline,349,stanley,0.4,-364.1580810546875,37.06283950805664,-0.3646545112133026,-0.0001026439594394495,0.35,0.0,-1.2286732897274577e-05,-0.0037536919116615583,0,-1,1.7473493930814765,597.4322490013909
26,1.3,straightline,349,stanley,0.4,-364.0661315917969,37.062255859375,-0.36709585785865784,-3.586766418108204e-05,0.35,0.0,-4.698249217605565e-06,-0.001312345266306322,0,-1,1.8898134821260035,597.3403040420834
27,1.35,straightline,349,stanley,0.4,-363.96490478515625,37.0616340637207,-0.3768310546875,0.0002330255262774946,0.35,0.0,2.4396367154992486e-05,0.00842285156254393,0,-1,2.094424030068552,597.2390820834066
28,1.4000000000000001,straightline,349,stanley,0.4,-363.85797119140625,37.061012268066406,-0.3933715522289276,0.0006860370706448708,0.35,0.0,9.018500733398759e-05,0.024963349103945983,0,-1,2.1709832218459857,597.1321534235879
29,1.4500000000000002,straightline,349,stanley,0.4,-363.74560546875,37.06032943725586,-0.4032287299633026,0.0009578612101609481,0.35,0.0,0.0001298677542500488,0.03482052683834787,0,-1,2.297657355446655,597.0197930476393
30,1.5,straightline,349,stanley,0.4,-363.6290283203125,37.05965805053711,-0.4192504584789276,0.0013948307909624924,0.35,0.0,0.0002080733686118481,0.05084225535398065,0,-1,2.35702993773054,596.9032212485307
31,1.55,straightline,349,stanley,0.4,-363.5077209472656,37.058902740478516,-0.4253844916820526,0.001566237125848173,0.35,0.0,0.00023277221055730338,0.0569762885570685,0,-1,2.472091248806053,596.78191975221
32,1.6,straightline,349,stanley,0.4,-363.3825378417969,37.058162689208984,-0.4374694526195526,0.0018960192997364263,0.35,0.0,0.00029765006636821127,0.06906124949458949,0,-1,2.525995219974599,596.6567425010636
33,1.6500000000000001,straightline,349,stanley,0.4,-363.25299072265625,37.05733871459961,-0.440216064453125,0.0019745376963323127,0.35,0.0,0.0003101685166756957,0.07180786132814126,1,-1,2.633726665469442,596.5272017593209
34,1.7000000000000002,straightline,349,stanley,0.4,-363.1198425292969,37.05653381347656,-0.44873037934303284,0.002206801495992141,0.35,0.0,0.00036141251309304914,0.0803221762180429,1,-1,2.685678344285713,596.3940598967881
35,1.75,straightline,349,stanley,0.4,-362.98248291015625,37.0556526184082,-0.4485167860984802,0.0022034581098204957,0.35,0.0,0.00036344315356467375,0.08010858297350051,1,-1,2.7880724793061415,596.2567070889634
36,1.8,straightline,349,stanley,0.4,-362.8415832519531,37.054779052734375,-0.45391845703125,0.0023518578904696023,0.35,0.0,0.00039586509909648755,0.0855102539062767,1,-1,2.839409426556275,596.1158142573368
37,1.85,straightline,349,stanley,0.4,-362.6966857910156,37.053836822509766,-0.4512328505516052,0.002280512100049597,0.35,0.0,0.00038532935241556007,0.08282464742665387,1,-1,2.9371164293052323,595.9709240599751
38,1.9000000000000001,straightline,349,stanley,0.4,-362.54833984375,37.05290222167969,-0.4540710151195526,0.0023588536762443337,0.35,0.0,0.00040459623661610964,0.08566281199458389,1,-1,2.988353832527767,595.82258539084
39,1.9500000000000002,straightline,349,stanley,0.4,-362.3961181640625,37.051902770996094,-0.44946280121803284,0.0022342647247646313,0.35,0.0,0.00038393514810729196,0.08105459809306884,1,-1,3.081653268972342,595.6703714048322
40,2.0,straightline,349,stanley,0.4,-362.24053955078125,37.0509147644043,-0.4502257704734802,0.0022548160893388447,0.35,0.0,0.0003963026347095646,0.0818175673484932,1,-1,3.1330024551120714,595.5148004783049
41,2.0500000000000003,straightline,349,stanley,0.4,-362.0811767578125,37.04986572265625,-0.4442443251609802,0.0020911505505089444,0.35,0.0,0.0003719680928320826,0.07583612203601879,1,-1,3.221978497633794,595.3554457665966
42,2.1,straightline,349,stanley,0.4,-361.91851806640625,37.04882049560547,-0.44351187348365784,0.002071277894421589,0.35,0.0,0.0003726404397965664,0.07510367035868659,1,-1,3.2734660491191647,595.1927951908337
43,2.15,straightline,349,stanley,0.4,-361.75225830078125,37.047725677490234,-0.43670645356178284,0.0018837409415358082,0.35,0.0,0.0003468772651488445,0.068298250436808,1,-1,3.3581644089603246,595.0265438713423
44,2.2,straightline,349,stanley,0.4,-361.5827941894531,37.04663848876953,-0.4349669814109802,0.0018345891853332587,0.35,0.0,0.00034934692357270133,0.06655877828602941,1,-1,3.4096708193930767,594.8570882189923
45,2.25,straightline,349,stanley,0.4,-361.4098815917969,37.045494079589844,-0.4277953505516052,0.0016373462159670951,0.35,0.0,0.0003167706999365168,0.05938714742663784,1,-1,3.4902622222597235,594.6841844512234
46,2.3000000000000003,straightline,349,stanley,0.4,-361.2338562011719,37.04435729980469,-0.4254149794578552,0.0015719121123699594,0.35,0.0,0.0003075152372780804,0.05700677633290529,2,-1,3.541835610580474,594.5081679026348
47,2.35,straightline,349,stanley,0.4,-361.054443359375,37.043174743652344,-0.4183044135570526,0.0013751868376323268,0.35,0.0,0.00027858869624721935,0.04989621043205517,2,-1,3.6181147580375863,594.3287642114113
48,2.4000000000000004,straightline,349,stanley,0.4,-360.8719787597656,37.0419921875,-0.4155883491039276,0.001299947174970499,0.35,0.0,0.00026928462784009963,0.0471801459789527,2,-1,3.6691842695777925,594.1463088159863
49,2.45,straightline,349,stanley,0.4,-360.686279296875,37.040771484375,-0.4088134169578552,0.0011119696427203069,0.35,0.0,0.0002426341963308997,0.040405213832860006,2,-1,3.741407989897369,593.9606188228082
50,2.5,straightline,349,stanley,0.4,-360.4976501464844,37.039546966552734,-0.4059752821922302,0.0010334632186218458,0.35,0.0,0.00023100672013216762,0.03756707906723625,2,-1,3.7928300168013522,593.7719992154985
51,2.5500000000000003,straightline,349,stanley,0.4,-360.3059387207031,37.03828811645508,-0.3999634087085724,0.0008668346446052637,0.35,0.0,0.00020486637560849255,0.031555205583588444,2,-1,3.8611993550878347,593.580297576115
52,2.6,straightline,349,stanley,0.4,-360.111328125,37.03702926635742,-0.3975830078125,0.000800534416445649,0.35,0.0,0.0001973673800773725,0.029174804687549644,2,-1,3.912573928000216,593.3856968194925
53,2.6500000000000004,straightline,349,stanley,0.4,-359.9136657714844,37.03573989868164,-0.39276114106178284,0.000666331063337977,0.35,0.0,0.0001789739099033968,0.024352937936828817,2,-1,3.9770950775369616,593.1880445278989
54,2.7,straightline,349,stanley,0.4,-359.7132263183594,37.03444290161133,-0.3907470405101776,0.0006104903326687352,0.35,0.0,0.00017080765300037668,0.02233883738522175,2,-1,4.028733950372283,592.9876152301251
55,2.75,straightline,349,stanley,0.4,-359.5099792480469,37.03312301635742,-0.38763427734375,0.0005240368307331235,0.35,0.0,0.0001578063604612519,0.019226074218769516,2,-1,4.087608615238746,592.784378493297
56,2.8000000000000003,straightline,349,stanley,0.4,-359.3039855957031,37.03178787231445,-0.3852843642234802,0.0004583674511909286,0.35,0.0,0.00015051265855172812,0.016876161098516616,3,-1,4.1395593050783885,592.5783953101194
57,2.85,straightline,349,stanley,0.4,-359.0953063964844,37.03043746948242,-0.383087158203125,0.0003972471623559984,0.35,0.0,0.00014192242001626575,0.014678955078153066,3,-1,4.195284190256198,592.3697267152122
58,2.9000000000000004,straightline,349,stanley,0.4,-358.8839416503906,37.029075622558594,-0.3811645805835724,0.00034301069987275376,0.35,0.0,0.00013915610216472295,0.01275637745861799,3,-1,4.246618316638026,592.1583726879302
59,2.95,straightline,349,stanley,0.4,-358.669921875,37.02769088745117,-0.3794860243797302,0.00029662891799543987,0.35,0.0,0.00013057362504588716,0.011077821254747808,3,-1,4.30078730656529,591.9443638088943
60,3.0,straightline,349,stanley,0.4,-358.4532775878906,37.02629470825195,-0.378021240234375,0.000255481767154515,0.35,0.0,0.0001274226191584954,0.009613037109410203,3,-1,4.3510413675287065,591.7277305325066
61,3.0500000000000003,straightline,349,stanley,0.4,-358.234130859375,37.02487564086914,-0.3767394423484802,0.00022056631795417165,0.35,0.0,0.00011747433037262412,0.008331239223502289,3,-1,4.403391646465003,591.508594990829
62,3.1,straightline,349,stanley,0.4,-358.012451171875,37.02341842651367,-0.3756103515625,0.00019317542537229605,0.35,0.0,8.56665097812119e-05,0.007202148437534613,3,-1,4.451913198962044,591.2869267516705
63,3.1500000000000004,straightline,349,stanley,0.4,-357.7883605957031,37.0219612121582,-0.3746032118797302,0.00016691143642324935,0.35,0.0,6.93604425625557e-05,0.00619500875476143,3,-1,4.501801400557995,591.0628476729765
64,3.2,straightline,349,stanley,0.4,-357.56182861328125,37.020503997802734,-0.373687744140625,0.0001409476474414684,0.35,0.0,6.875235344289306e-05,0.005279541015642394,3,-1,4.549102435029172,590.8363272378341
65,3.25,straightline,349,stanley,0.4,-357.3329162597656,37.0190315246582,-0.3729248046875,0.00011940523513275575,0.35,0.0,6.768253982965787e-05,0.004516601562524294,4,-1,4.597170338488521,590.6074265652891
66,3.3000000000000003,straightline,349,stanley,0.4,-357.10162353515625,37.01755905151367,-0.3722228705883026,9.736634825197388e-05,0.35,0.0,8.242703436973399e-05,0.0038146674633351384,4,-1,4.64326021011688,590.3761455710531
67,3.35,straightline,349,stanley,0.4,-356.8680725097656,37.01609420776367,-0.3712768256664276,6.529779036763247e-05,0.35,0.0,0.00011932139546802847,0.0028686225414605512,4,-1,4.689035520502628,590.1426062813695
68,3.4000000000000004,straightline,349,stanley,0.4,-356.6321716308594,37.01460266113281,-0.37033072113990784,3.4922973332224344e-05,0.35,0.0,0.00014462273162833155,0.001922518014922567,4,-1,4.733565884383898,589.9067173358994
69,3.45,straightline,349,stanley,0.4,-356.39404296875,37.013065338134766,-0.369415283203125,9.793546163671471e-06,0.35,0.0,0.00013847305190407025,0.001007080078160675,4,-1,4.7772694503573785,589.668600909794
70,3.5,straightline,349,stanley,0.4,-356.15380859375,37.01152801513672,-0.3685607612133026,-1.5456018418436043e-05,0.35,0.0,0.00014586287829019065,0.0001525580883071883,4,-1,4.820246038731408,589.4283788173589
71,3.5500000000000003,straightline,349,stanley,0.4,-355.91143798828125,37.00998306274414,-0.3678589165210724,-3.71535920074346e-05,0.35,0.0,0.0001593591986962812,-0.0005492866039123162,4,-1,4.862597160644467,589.1860205842122
72,3.6,straightline,349,stanley,0.4,-355.6669921875,37.00843811035156,-0.3672484755516052,-5.799573331149468e-05,0.35,0.0,0.00018619880048651588,-0.0011597275733866257,4,-1,4.9043200941197025,588.9415872022945
73,3.6500000000000004,straightline,349,stanley,0.4,-355.4203796386719,37.006874084472656,-0.3667601943016052,-7.461300190186273e-05,0.35,0.0,0.00020789726579798547,-0.0016480088233699966,4,-1,4.945428345605373,588.6949872270108
74,3.7,straightline,349,stanley,0.4,-355.17181396484375,37.00529479980469,-0.3663634657859802,-8.817875835477932e-05,0.35,0.0,0.00022658308517479412,-0.0020447373389751245,5,-1,4.985891549664579,588.446434257232
75,3.75,straightline,349,stanley,0.4,-354.92132568359375,37.003692626953125,-0.3662719130516052,-9.166278943292793e-05,0.35,0.0,0.00023505590663516806,-0.002136290073353368,5,-1,5.02569883487408,588.1959588531599
76,3.8000000000000003,straightline,349,stanley,0.4,-354.66925048828125,37.00217056274414,-0.3727111518383026,7.940728231852918e-05,0.35,0.0,0.00033383940043470606,0.004302948713318509,5,-1,5.021373263245839,587.9438961266345
77,3.85,straightline,349,stanley,0.4,-354.41796875,37.0006103515625,-0.3653564155101776,-0.00013753700296625384,0.35,0.0,0.00038937486726882463,-0.0030517876147786566,5,-1,5.064572466281486,587.6926270731287
78,3.9000000000000004,straightline,349,stanley,0.4,-354.16748046875,36.99905776977539,-0.3617858290672302,-0.0002475918044667814,0.35,0.0,0.0004474377280374194,-0.006622374057734618,5,-1,5.018509833855475,587.442151436362
79,3.95,straightline,349,stanley,0.4,-353.9158630371094,36.997520446777344,-0.3610839247703552,-0.00027791757043362154,0.35,0.0,0.0005280193773100975,-0.007324278354617519,5,-1,5.036261170703124,587.1905465962185
80,4.0,straightline,349,stanley,0.4,-353.6634826660156,36.99597930908203,-0.3616637885570526,-0.0002724454106157937,0.35,0.0,0.0006096920263303864,-0.006744414567898762,5,-1,5.006175870912099,586.9381788649323
81,4.05,straightline,349,stanley,0.4,-353.4117431640625,36.99441146850586,-0.3629760146141052,-0.000240166681115211,0.35,0.0,0.0006605416272414165,-0.005432188510868345,5,-1,5.090889224912726,586.6864521577791
82,4.1000000000000005,straightline,349,stanley,0.4,-353.1600036621094,36.99286651611328,-0.3640746772289276,0.0007141788402016298,0.35,0.0,0.0011242543980257876,0.030151337385177633,6,-1,4.998180994000491,586.434725336935
83,4.15,straightline,349,stanley,0.4,-352.9059753417969,36.99136734008789,-0.3618468940258026,0.0006557390593783498,0.35,0.0,0.001105588183996978,0.027923554182052616,6,-1,5.095477382035278,586.1807094910746
84,4.2,straightline,349,stanley,0.4,-352.6544494628906,36.98991012573242,-0.359283447265625,0.0005786818652859882,0.35,0.0,0.0011142986268232867,0.025360107421875007,6,-1,5.001298924250479,585.9291958247954
85,4.25,straightline,349,stanley,0.4,-352.40228271484375,36.98845672607422,-0.3564147651195526,0.0004977789867884545,0.35,0.0,0.0011305587058978047,0.022491425275802644,6,-1,5.111397765115495,585.6770412921678
86,4.3,straightline,349,stanley,0.4,-352.1486511230469,36.986995697021484,-0.3535461127758026,0.0004115183964193508,0.35,0.0,0.0011477266714815485,0.019622772932052637,6,-1,5.039430458044097,585.4234219964087
87,4.3500000000000005,straightline,349,stanley,0.4,-351.8974609375,36.985572814941406,-0.35150146484375,0.00034706230704259505,0.35,0.0,0.0011888123760847545,0.017578125,6,-1,5.016728465556897,585.1722438664518
88,4.4,straightline,349,stanley,0.4,-351.64385986328125,36.984153747558594,-0.349029541015625,0.0002720699623517654,0.35,0.0,0.001247763441628697,0.015106201171874998,6,-1,5.121400272905418,584.9186548786622
89,4.45,straightline,349,stanley,0.4,-351.38916015625,36.982730865478516,-0.3489685356616974,0.00026120169942580094,0.35,0.0,0.001309302738294672,0.015045195817947395,6,-1,5.083231451748691,584.6639673112251
90,4.5,straightline,349,stanley,0.4,-351.1369934082031,36.98131561279297,-0.3477783203125,0.006894594472975899,0.35,0.0,0.0003792605679023141,0.24304199218750003,7,-1,5.02084339227231,584.4118126328528
91,4.55,straightline,349,stanley,0.4,-350.8856506347656,36.9802360534668,-0.330322265625,0.006476428476315615,0.35,0.0,-0.00024084418590610186,0.22558593750000003,7,-1,5.0683583547666515,584.1604800249169
92,4.6000000000000005,straightline,349,stanley,0.4,-350.6285400390625,36.97949981689453,-0.3003844916820526,0.0056547394780198474,0.35,0.0,-0.0005070832221161977,0.1956481635570526,7,-1,5.1247511814611135,583.9033777491046
93,4.65,straightline,349,stanley,0.4,-350.3728332519531,36.978904724121094,-0.2684631645679474,0.00475924184924093,0.35,0.0,-0.0006347448472560449,0.1637268364429474,7,-1,5.110354735789424,583.6476784656235
94,4.7,straightline,349,stanley,0.4,-350.1189880371094,36.97834777832031,-0.2397460639476776,0.0039516377637614985,0.35,0.0,-0.0007276625040877763,0.13500973582267764,7,-1,5.057274199849847,583.393840514667
95,4.75,straightline,349,stanley,0.4,-349.86614990234375,36.97784423828125,-0.2156066596508026,0.003267265855657337,0.35,0.0,-0.0007690154235157275,0.1108703315258026,7,-1,5.058745604980588,583.1410093305881
96,4.800000000000001,straightline,349,stanley,0.4,-349.6144714355469,36.97736358642578,-0.1955566257238388,0.0026978790063948662,0.35,0.0,-0.0007896000622351716,0.0908202975988388,7,-1,5.019127138589586,582.8893376719028
97,4.8500000000000005,straightline,349,stanley,0.4,-349.3631896972656,36.97690200805664,-0.17916865646839142,0.007534376730086666,0.35,0.0,-0.0016919052462495581,0.255996659398079,8,-1,5.031529247415032,582.6380626329675
98,4.9,straightline,349,stanley,0.4,-349.1125793457031,36.97669219970703,-0.153472900390625,0.0068730343240181934,0.35,0.0,-0.0022377571301431852,0.23030090332031253,8,-1,5.0008897843521405,582.3874575415698
99,4.95,straightline,349,stanley,0.4,-348.8586120605469,36.97676086425781,-0.11944577842950821,0.00592574098800112,0.35,0.0,-0.0025096376803034424,0.1962737813591957,8,-1,5.169036231524184,582.1334939884841
100,5.0,straightline,349,stanley,0.4,-348.5982360839844,36.97698974609375,-0.0855712816119194,0.00497205593320162,0.35,0.0,-0.0026298945113862457,0.1623992845416069,8,-1,5.185789962038689,581.8731209379072
101,5.050000000000001,straightline,349,stanley,0.4,-348.33941650390625,36.977291107177734,-0.055511474609375,0.004119692631947633,0.35,0.0,-0.0026755851856571176,0.1323394775390625,8,-1,5.174777461840284,581.6143038478012
102,5.1000000000000005,straightline,349,stanley,0.4,-348.0821838378906,36.977622985839844,-0.030181884765625,0.003400765855529056,0.35,0.0,-0.002688630414256694,0.1070098876953125,8,-1,5.1276769230198065,581.3570734741759
103,5.15,straightline,349,stanley,0.4,-347.8256530761719,36.97798156738281,-0.008880614303052425,0.002789880091405632,0.35,0.0,-0.0026740316016841126,0.08570861723273993,8,-1,5.133897495601405,581.1005448432244
104,5.2,straightline,349,stanley,0.4,-347.570068359375,36.978355407714844,0.00837651640176773,0.0022951810753285146,0.35,0.0,-0.0026429054609891675,0.06845148652791977,8,-1,5.098627079169825,580.8449621567593
105,5.25,straightline,349,stanley,0.4,-347.3147277832031,36.97874069213867,0.02256951294839382,0.0018836104442655325,0.35,0.0,-0.0026037499169427863,0.05425848998129368,9,-1,5.114345905274124,580.5896235436051
106,5.300000000000001,straightline,349,stanley,0.4,-347.0599060058594,36.979087829589844,0.03441155329346657,0.0015463970877163313,0.35,0.0,-0.0025983036066675167,0.04241644963622093,9,-1,5.086397068495837,580.334803940735
107,5.3500000000000005,straightline,349,stanley,0.4,-346.8049011230469,36.97943878173828,0.044460322707891464,0.001256757458154819,0.35,0.0,-0.0025892881289001275,0.032367680221796036,9,-1,5.107408209155845,580.0798012157034
108,5.4,straightline,349,stanley,0.4,-346.55035400390625,36.97980499267578,0.05268872156739235,0.001020004110681291,0.35,0.0,-0.002564400059927868,0.024139281362295147,9,-1,5.083679466862732,579.8252561617387
109,5.45,straightline,349,stanley,0.4,-346.29547119140625,36.98018264770508,0.059422943741083145,0.0008214488896089247,0.35,0.0,-0.002528518041077845,0.01740505918860436,9,-1,5.107627519356256,579.5703753565028
110,5.5,straightline,349,stanley,0.4,-346.04071044921875,36.98056411743164,0.06485200673341751,0.0006625579943080132,0.35,0.0,-0.0024886576441622687,0.011975996196269987,9,-1,5.086338807083915,579.3156165997716
111,5.550000000000001,straightline,349,stanley,0.4,-345.7856140136719,36.9809455871582,0.06925825774669647,0.0005300032149772103,0.35,0.0,-0.002449247378877469,0.007569745182991029,9,-1,5.112088938899919,579.0605221571759
112,5.6000000000000005,straightline,349,stanley,0.4,-345.5306091308594,36.98133087158203,0.07278857380151749,0.0004247876172567669,0.35,0.0,-0.00240589965658446,0.004039429128170007,9,-1,5.092210730460529,578.8055192459858
113,5.65,straightline,349,stanley,0.4,-345.2752380371094,36.98171615600586,0.07563841342926025,0.0003357673471917183,0.35,0.0,-0.0023591556459230624,0.0011895895004272483,10,-1,5.118963641420338,578.5501501318569
114,5.7,straightline,349,stanley,0.4,-345.01983642578125,36.98210525512695,0.07789924740791321,0.00026631417137471127,0.35,0.0,-0.0023125252035393366,-0.0010712444782257089,10,-1,5.0998793967133995,578.2947504808045
115,5.75,straightline,349,stanley,0.4,-344.7640075683594,36.98249053955078,0.07970421761274338,0.00020776827605606166,0.35,0.0,-0.0022702823497945976,-0.002876214683055872,10,-1,5.127168234131239,578.0389236145246
116,5.800000000000001,straightline,349,stanley,0.4,-344.50823974609375,36.98287582397461,0.0811224952340126,0.00016287993368847416,0.35,0.0,-0.002227957653935173,-0.004294492304325105,10,-1,5.108508884529706,577.7831577844184
117,5.8500000000000005,straightline,349,stanley,0.4,-344.2519836425781,36.98326110839844,0.08224324882030487,0.00012401284623977758,0.35,0.0,-0.002186287694993241,-0.005415245890617375,10,-1,5.136078976563822,577.5269036831103
118,5.9,straightline,349,stanley,0.4,-343.9957275390625,36.983646392822266,0.08310487866401672,9.506688157960217e-05,0.35,0.0,-0.00214461773605131,-0.00627687573432922,10,-1,5.117649842533757,577.2706495838369
119,5.95,straightline,349,stanley,0.4,-343.739013671875,36.984031677246094,0.08377669751644135,6.916983247317884e-05,0.35,0.0,-0.002103561592969529,-0.006948694586753844,10,-1,5.1453510090493255,577.0139377304636
120,6.0,straightline,349,stanley,0.4,-343.4822692871094,36.98442077636719,0.08428221195936203,4.995804345798394e-05,0.35,0.0,-0.0020587316771089118,-0.007454209029674526,10,-1,5.12702209016864,576.7571953401708
121,6.050000000000001,straightline,349,stanley,0.4,-343.2250671386719,36.98480987548828,0.08465526252985,3.274953757344992e-05,0.35,0.0,-0.002018298544781639,-0.00782725960016251,11,-1,5.154736605548445,576.4999951957899
122,6.1000000000000005,straightline,349,stanley,0.4,-342.9678955078125,36.98519515991211,0.08492056280374527,2.0926222100043613e-05,0.35,0.0,-0.0019778562175600087,-0.008092559874057772,11,-1,5.13645778514098,576.2428255924439
123,6.15,straightline,349,stanley,0.4,-342.7102355957031,36.98558807373047,0.08509698510169983,8.521079117028869e-06,0.35,0.0,-0.0019304392395835123,-0.00826898217201233,11,-1,5.164149909565984,575.9851676741428
124,6.2,straightline,349,stanley,0.4,-342.4526062011719,36.98597717285156,0.08520135283470154,8.553681145194214e-07,0.35,0.0,-0.0018867960343858523,-0.008373349905014038,11,-1,5.145864405044722,575.7275402968916
125,6.25,straightline,349,stanley,0.4,-342.19451904296875,36.98636245727539,0.08524681627750397,-6.542836934176424e-06,0.35,0.0,-0.001847581338884523,-0.008418813347816462,11,-1,5.17025718004309,575.4694551875323
126,6.300000000000001,straightline,349,stanley,0.4,-341.93646240234375,36.98674774169922,0.08524726331233978,-1.0590115125076681e-05,0.35,0.0,-0.0018083257223258501,-0.008419260382652281,11,-1,5.149186164412201,575.2114005973431
127,6.3500000000000005,straightline,349,stanley,0.4,-341.6780090332031,36.987125396728516,0.08520898967981339,-1.4613606104005375e-05,0.35,0.0,-0.0017772314671850012,-0.00838098675012589,11,-1,5.1758167766657195,574.9529493311911
128,6.4,straightline,349,stanley,0.4,-341.41961669921875,36.98750305175781,0.0851515457034111,-1.6583789488457956e-05,0.35,0.0,-0.0017421680288729569,-0.008323542773723599,12,-1,5.156526141232533,574.6945591013246
129,6.45,straightline,349,stanley,0.4,-341.16082763671875,36.98788070678711,0.08507407456636429,-1.9378212236093954e-05,0.35,0.0,-0.001711523905362885,-0.008246071636676785,12,-1,5.183152433955174,574.4357721516569
130,6.5,straightline,349,stanley,0.4,-340.9020690917969,36.98826217651367,0.08497720956802368,-2.017423894539325e-05,0.35,0.0,-0.0016770241669592893,-0.00814920663833618,12,-1,5.163778508354725,574.1770156992475
131,6.550000000000001,straightline,349,stanley,0.4,-340.64288330078125,36.988643646240234,0.08487037569284439,-2.2484639937480553e-05,0.35,0.0,-0.0016430973233585015,-0.008042372763156886,12,-1,5.1901980295502606,573.9178320099734
132,6.6000000000000005,straightline,349,stanley,0.4,-340.3837890625,36.98902130126953,0.08475473523139954,-2.2224125028914243e-05,0.35,0.0,-0.0016128624104218632,-0.00792673230171204,12,-1,5.170606087736329,573.658739896048
133,6.65,straightline,349,stanley,0.4,-340.12432861328125,36.989402770996094,0.08463151752948761,-2.3962684302796318e-05,0.35,0.0,-0.0015793038563371652,-0.007803514599800113,12,-1,5.196828441032167,573.3992815574488
134,6.7,straightline,349,stanley,0.4,-339.8648681640625,36.98978042602539,0.08450499922037125,-2.3350888221945184e-05,0.35,0.0,-0.0015495599960886476,-0.007676996290683749,12,-1,5.1770806704188175,573.139823243011
135,6.75,straightline,349,stanley,0.4,-339.6050720214844,36.99016189575195,0.08437402546405792,-2.4758042680779015e-05,0.35,0.0,-0.0015164515736347266,-0.007546022534370423,12,-1,5.203167372139293,572.8800292209771
136,6.800000000000001,straightline,349,stanley,0.4,-339.3453369140625,36.99053955078125,0.08424171060323715,-2.4024943530361808e-05,0.35,0.0,-0.0014870033556819702,-0.007413707673549654,13,-1,5.184917653681914,572.6202962572731
137,6.8500000000000005,straightline,349,stanley,0.4,-339.08544921875,36.99091720581055,0.08410951495170593,-2.4693746777272777e-05,0.35,0.0,-0.0014578323902362596,-0.007281512022018432,13,-1,5.206460191195744,572.3604107104153
138,6.9,straightline,349,stanley,0.4,-338.8257751464844,36.99129867553711,0.08397333323955536,-2.42864133101888e-05,0.35,0.0,-0.0014245602835529652,-0.007145330309867858,13,-1,5.1861684628867,572.100738763218
139,6.95,straightline,349,stanley,0.4,-338.56573486328125,36.991676330566406,0.08383610844612122,-2.4877167434634678e-05,0.35,0.0,-0.0013955939233939714,-0.00700810551643372,13,-1,5.211430296530171,571.8407006354105
140,7.0,straightline,349,stanley,0.4,-338.3057861328125,36.9920539855957,0.08370040357112885,-2.398065718472695e-05,0.35,0.0,-0.0013665048000629475,-0.006872400641441346,13,-1,5.191045904651982,571.5807540610198
141,7.050000000000001,straightline,349,stanley,0.4,-338.0455322265625,36.992435455322266,0.08356574922800064,-2.5051996797173436e-05,0.35,0.0,-0.001334010193469177,-0.006737746298313138,13,-1,5.216455440275559,571.3205022961083
142,7.1000000000000005,straightline,349,stanley,0.4,-337.7853088378906,36.99281311035156,0.08342675119638443,-2.4039431824774223e-05,0.35,0.0,-0.0013052893596542433,-0.006598748266696927,13,-1,5.195955451488487,571.0602810725278
143,7.15,straightline,349,stanley,0.4,-337.5247497558594,36.99319076538086,0.08328564465045929,-2.4348997829307626e-05,0.35,0.0,-0.0012770186574700868,-0.006457641720771796,13,-1,5.2212102201769985,570.799724163427
144,7.2,straightline,349,stanley,0.4,-337.26434326171875,36.99357223510742,0.08315243571996689,-2.3982896293412253e-05,0.35,0.0,-0.0012446560089427047,-0.006324432790279388,14,-1,5.200592709824926,570.539319819826
145,7.25,straightline,349,stanley,0.4,-337.0035400390625,36.993953704833984,0.08301394432783127,-2.4758434434619805e-05,0.35,0.0,-0.001212897981381115,-0.00618594139814377,14,-1,5.225701007625315,570.2785187565737
146,7.300000000000001,straightline,349,stanley,0.4,-336.7429504394531,36.99433135986328,0.08287954330444336,-2.386574158101209e-05,0.35,0.0,-0.0011846682002543013,-0.0060515403747558585,14,-1,5.205013217582973,570.0179313371053
147,7.3500000000000005,straightline,349,stanley,0.4,-336.48193359375,36.99470901489258,0.08274274319410324,-2.4132535710345508e-05,0.35,0.0,-0.0011570113139302953,-0.005914740264415735,14,-1,5.230022694714884,569.7569166809541
148,7.4,straightline,349,stanley,0.4,-336.2210998535156,36.99509048461914,0.08260759711265564,-2.3681793838930828e-05,0.35,0.0,-0.0011252942074260488,-0.005779594182968138,14,-1,5.20929967266929,569.496085107354
149,7.45,straightline,349,stanley,0.4,-335.9598693847656,36.99546432495117,0.08247353881597519,-2.347252521631599e-05,0.35,0.0,-0.0011017384623396263,-0.005645535886287688,14,-1,5.234245152200055,569.2348568583616
150,7.5,straightline,349,stanley,0.4,-335.6988220214844,36.9958381652832,0.08233963698148727,-2.2087385749944818e-05,0.35,0.0,-0.0010779371909091435,-0.00551163405179978,14,-1,5.213486696125545,568.9738117140442
151,7.550000000000001,straightline,349,stanley,0.4,-335.4373779296875,36.996212005615234,0.08221464604139328,-2.2077312399945846e-05,0.35,0.0,-0.0010545952460037956,-0.005386643111705782,15,-1,5.238377050463939,568.7123698501666
152,7.6000000000000005,straightline,349,stanley,0.4,-335.1761169433594,36.99658203125,0.08208680897951126,-2.037224640205641e-05,0.35,0.0,-0.0010348951158108965,-0.0052588060498237645,15,-1,5.21760013276028,568.4511111131035
153,7.65,straightline,349,stanley,0.4,-334.91448974609375,36.9969482421875,0.08196592330932617,-1.9456819446910502e-05,0.35,0.0,-0.0010195007321422977,-0.005137920379638675,15,-1,5.242448661044546,568.1894861957203
154,7.7,straightline,349,stanley,0.4,-334.6530456542969,36.997318267822266,0.08184970170259476,-1.8068615929905752e-05,0.35,0.0,-0.0010000461282934589,-0.00502169877290726,15,-1,5.221648892401749,567.9280443609086
155,7.75,straightline,349,stanley,0.4,-334.3912048339844,36.997684478759766,0.08174170553684235,-1.7461527977690554e-05,0.35,0.0,-0.0009849381920262635,-0.004913702607154842,15,-1,5.246452714449382,567.6662058287483
156,7.800000000000001,straightline,349,stanley,0.4,-334.1295166015625,36.998050689697266,0.0816420167684555,-1.597794808849748e-05,0.35,0.0,-0.0009696256504723514,-0.004814013838768011,15,-1,5.222867789217988,567.4045198842513
157,7.8500000000000005,straightline,349,stanley,0.4,-333.86761474609375,36.998416900634766,0.08154516667127609,-1.5643907023920306e-05,0.35,0.0,-0.0009545995563198429,-0.004717163741588596,15,-1,5.2469466128614615,567.1426203226633
158,7.9,straightline,349,stanley,0.4,-333.6058654785156,36.99878692626953,0.08145195245742798,-1.4874484200367162e-05,0.35,0.0,-0.0009355541630444377,-0.00462394952774048,15,-1,5.225330705601659,566.8808733265644
159,7.95,straightline,349,stanley,0.4,-333.3436584472656,36.99915313720703,0.08135963976383209,-1.4610398674896606e-05,0.35,0.0,-0.0009208646322450341,-0.004531636834144591,16,-1,5.249559759938635,566.6186685990626
160,8.0,straightline,349,stanley,0.4,-333.081787109375,36.99951934814453,0.08128060400485992,-1.3769039692663183e-05,0.35,0.0,-0.0009057976170351821,-0.004452601075172419,16,-1,5.228154292880493,566.3567995616086
161,8.05,straightline,349,stanley,0.4,-332.8196105957031,36.99988555908203,0.08119938522577286,-1.3796860650124262e-05,0.35,0.0,-0.0008911398123987639,-0.004371382296085362,16,-1,5.252272382423235,566.0946253559073
162,8.1,straightline,349,stanley,0.4,-332.5574951171875,37.00025177001953,0.08111982047557831,-1.2911814376296832e-05,0.35,0.0,-0.0008764001656476589,-0.0042918175458908055,16,-1,5.230758896300232,565.8325121867035
163,8.15,straightline,349,stanley,0.4,-332.2951354980469,37.00061798095703,0.08103848993778229,-1.2885233036153542e-05,0.35,0.0,-0.000861987887355301,-0.00421048700809479,16,-1,5.2547644383388485,565.5701548833933
164,8.200000000000001,straightline,349,stanley,0.4,-332.0329895019531,37.00098419189453,0.08097357302904129,-1.242519943222519e-05,0.35,0.0,-0.0008472891616615395,-0.004145570099353788,16,-1,5.233109478641745,565.3080112018908
165,8.25,straightline,349,stanley,0.4,-331.7705078125,37.0013542175293,0.08090036362409592,-1.3066238880210814e-05,0.35,0.0,-0.000829225873762375,-0.004072360694408413,16,-1,5.257049669928406,565.0455318128824
166,8.3,straightline,349,stanley,0.4,-331.50823974609375,37.0017204284668,0.08082463592290878,-1.2291978107030694e-05,0.35,0.0,-0.0008146908322979869,-0.00399663299322128,16,-1,5.235325947739526,564.7832660679118
167,8.35,straightline,349,stanley,0.4,-331.24566650390625,37.0020866394043,0.08075705170631409,-1.255632527746291e-05,0.35,0.0,-0.0008004923541867035,-0.003929048776626592,17,-1,5.25735104507941,564.5206951547453
168,8.4,straightline,349,stanley,0.4,-330.98345947265625,37.0024528503418,0.08068398386240005,-1.1888816980026121e-05,0.35,0.0,-0.0007858754706076288,-0.0038559809327125562,17,-1,5.235932407348139,564.2584904486882
169,8.450000000000001,straightline,349,stanley,0.4,-330.7210388183594,37.0028190612793,0.08061156421899796,-1.203664191846299e-05,0.35,0.0,-0.0007715450344299576,-0.0037835612893104506,17,-1,5.259084860536754,563.9960721256227
170,8.5,straightline,349,stanley,0.4,-330.4588317871094,37.00318908691406,0.08054258674383163,-1.1966273841082795e-05,0.35,0.0,-0.0007531134570147028,-0.003714583814144134,17,-1,5.237052110090329,563.7338674020983
171,8.55,straightline,349,stanley,0.4,-330.19622802734375,37.00355529785156,0.08047383278608322,-1.2177121584455825e-05,0.35,0.0,-0.0007390285471810918,-0.0036458298563957206,17,-1,5.260630413468345,563.4712659814968
172,8.6,straightline,349,stanley,0.4,-329.9338684082031,37.00392150878906,0.08040842413902283,-1.1721908374566201e-05,0.35,0.0,-0.0007246162688887336,-0.003580421209335328,17,-1,5.238540270338825,563.2089086997723
173,8.65,straightline,349,stanley,0.4,-329.6712341308594,37.00428771972656,0.08033841103315353,-1.1873755653469718e-05,0.35,0.0,-0.000710572280112466,-0.0035104081034660357,17,-1,5.262044977703653,562.9462767669534
174,8.700000000000001,straightline,349,stanley,0.4,-329.40887451171875,37.00465393066406,0.08027274161577225,-1.1434250062846914e-05,0.35,0.0,-0.0006960873545997792,-0.003444738686084746,18,-1,5.239920437182415,562.6839194900695
175,8.75,straightline,349,stanley,0.4,-329.146240234375,37.00502014160156,0.08020442724227905,-1.1616644484015719e-05,0.35,0.0,-0.0006820433658235114,-0.0033764243125915497,18,-1,5.263338519263437,562.4212875621045
176,8.8,straightline,349,stanley,0.4,-328.88372802734375,37.00538635253906,0.08014092594385147,-1.121820740197273e-05,0.35,0.0,-0.0006678356928178704,-0.0033129230141639675,18,-1,5.241153747610749,562.1587777047961
177,8.85,straightline,349,stanley,0.4,-328.6209716796875,37.00575256347656,0.08014092594385147,-1.3314927706983904e-05,0.35,0.0,-0.0006539553882709761,-0.0033129230141639675,18,-1,5.264516005713908,561.896023713479
178,8.9,straightline,349,stanley,0.4,-328.3583984375,37.00611877441406,0.08000591397285461,-1.0876955064094063e-05,0.35,0.0,-0.0006398295573800217,-0.0031779110431671195,18,-1,5.242285477937817,561.6334528269355
179,8.950000000000001,straightline,349,stanley,0.4,-328.0955810546875,37.00648498535156,0.08000591397285461,-1.2947168339372391e-05,0.35,0.0,-0.0006260310949478141,-0.0031779110431671195,18,-1,5.265628909091867,561.3706378063976
180,9.0,straightline,349,stanley,0.4,-327.8330383300781,37.00685119628906,0.07987087965011597,-1.0528471332639896e-05,0.35,0.0,-0.0006118643429995164,-0.0030428767204284677,18,-1,5.243419638113748,561.1080974417997
181,9.05,straightline,349,stanley,0.4,-327.5701599121094,37.00721740722656,0.07980427145957947,-1.0668948001721081e-05,0.35,0.0,-0.0005981477226819957,-0.0029762685298919695,18,-1,5.266729864751,560.8452213920581
182,9.1,straightline,349,stanley,0.4,-327.3075256347656,37.00758361816406,0.07974212616682053,-1.0335354635362892e-05,0.35,0.0,-0.0005840720077427424,-0.0029141232371330214,19,-1,5.244483122707695,560.5825894812046
183,9.15,straightline,349,stanley,0.4,-327.04461669921875,37.00795364379883,0.07967798411846161,-1.0999375961696688e-05,0.35,0.0,-0.000566581614646385,-0.0028499811887741098,19,-1,5.267780177520649,560.3196828969549
184,9.200000000000001,straightline,349,stanley,0.4,-326.78192138671875,37.00831985473633,0.07961796224117279,-1.0728708782309936e-05,0.35,0.0,-0.0005526194679848042,-0.0027899593114852853,19,-1,5.245534860106426,560.0569899569103
185,9.25,straightline,349,stanley,0.4,-326.5189514160156,37.00868606567383,0.07955506443977356,-1.0925957459345585e-05,0.35,0.0,-0.0005390256108393135,-0.0027270615100860626,19,-1,5.268821023216372,559.7940223658609
186,9.3,straightline,349,stanley,0.4,-326.2561950683594,37.00905227661133,0.07949746400117874,-1.0702715727517721e-05,0.35,0.0,-0.0005251453062924192,-0.002669461071491242,19,-1,5.244508287606397,559.5312683966516
187,9.35,straightline,349,stanley,0.4,-325.9931945800781,37.00941848754883,0.07943224906921387,-1.0807205880506796e-05,0.35,0.0,-0.000511592370204272,-0.0026042461395263724,19,-1,5.267235132166907,559.2682702935043
188,9.4,straightline,349,stanley,0.4,-325.7304382324219,37.00978469848633,0.07937432080507278,-1.0601312542134284e-05,0.35,0.0,-0.0004977120656573777,-0.0025463178753852792,19,-1,5.243813480766035,559.005516329251
189,9.450000000000001,straightline,349,stanley,0.4,-325.46746826171875,37.010154724121094,0.07931561768054962,-1.1356516256153543e-05,0.35,0.0,-0.0004803035146757072,-0.00248761475086212,19,-1,5.266519553934119,558.7425487256992
190,9.5,straightline,349,stanley,0.4,-325.2047119140625,37.010520935058594,0.07925008237361908,-1.0966704659016699e-05,0.35,0.0,-0.00046635056290848407,-0.0024220794439315796,20,-1,5.243711504676543,558.4797947664073
191,9.55,straightline,349,stanley,0.4,-324.9417724609375,37.010887145996094,0.07918781787157059,-1.1134176842114918e-05,0.35,0.0,-0.00045271578470565,-0.0023598149418830846,20,-1,5.26642442048661,558.2168577073035
192,9.600000000000001,straightline,349,stanley,0.4,-324.6790771484375,37.011253356933594,0.07912489771842957,-1.0834370967380705e-05,0.35,0.0,-0.0004387536380440691,-0.0022968947887420706,20,-1,5.243539474388588,557.9541647870941
193,9.65,straightline,349,stanley,0.4,-324.4161682128906,37.011619567871094,0.07905931770801544,-1.0896482885023392e-05,0.35,0.0,-0.00042507793878389166,-0.002231314778327947,20,-1,5.266159938913055,557.6912582500337
194,9.700000000000001,straightline,349,stanley,0.4,-324.1534729003906,37.011985778808594,0.07900157570838928,-1.075861811056132e-05,0.35,0.0,-0.0004111157921223107,-0.002173572778701788,20,-1,5.243165855850329,557.4285653348189
195,9.75,straightline,349,stanley,0.4,-323.8905334472656,37.01234436035156,0.07893828302621841,-9.9169526714406e-06,0.35,0.0,-0.00040511040159183675,-0.002110280096530918,20,-1,5.265719289426545,557.1656283306622
196,9.8,straightline,349,stanley,0.4,-323.62786865234375,37.01270294189453,0.07888226211071014,-8.890728482004898e-06,0.35,0.0,-0.00039873672154527244,-0.002054259181022647,20,-1,5.242647035730174,556.9029659824826
197,9.850000000000001,straightline,349,stanley,0.4,-323.36492919921875,37.013065338134766,0.07882661372423172,-8.744163365325897e-06,0.35,0.0,-0.00038884398995828943,-0.001998610794544219,21,-1,5.265172917270239,556.6400289609238
198,9.9,straightline,349,stanley,0.4,-323.1023864746094,37.013423919677734,0.07877427339553833,-7.843270014836656e-06,0.35,0.0,-0.00038230662568235186,-0.0019462704658508303,21,-1,5.2410892317743665,556.3774886860128
199,9.950000000000001,straightline,349,stanley,0.4,-322.8397521972656,37.013790130615234,0.0787229984998703,-8.319413362916846e-06,0.35,0.0,-0.00036826263690608414,-0.001894995570182798,21,-1,5.262422495678911,556.1148568174946
200,10.0,straightline,349,stanley,0.4,-322.5773620605469,37.0141487121582,0.07868123054504395,-7.764717291827833e-06,0.35,0.0,-0.0003615206673434295,-0.001853227615356446,21,-1,5.23910198501138,555.8524691328938
201,10.05,straightline,349,stanley,0.4,-322.3147888183594,37.014503479003906,0.07863327860832214,-6.9193934985286825e-06,0.35,0.0,-0.00035883891796101514,-0.0018052756786346436,21,-1,5.261338676505147,555.5898983710845
202,10.100000000000001,straightline,349,stanley,0.4,-322.05242919921875,37.01485824584961,0.07859073579311371,-5.875854882668544e-06,0.35,0.0,-0.0003558707211771971,-0.001762732863426213,21,-1,5.2379883662197555,555.3275412311685
203,10.15,straightline,349,stanley,0.4,-321.7899169921875,37.01521301269531,0.07855260372161865,-5.318454252279287e-06,0.35,0.0,-0.00035310712968009605,-0.0017246007919311478,21,-1,5.260225264323782,555.0650315085956
204,10.200000000000001,straightline,349,stanley,0.4,-321.52764892578125,37.01556396484375,0.07851695269346237,-4.012757111852304e-06,0.35,0.0,-0.000353830863560428,-0.0016889497637748716,21,-1,5.236802685173061,554.8027659475076
205,10.25,straightline,349,stanley,0.4,-321.2651672363281,37.01591873168945,0.07848856598138809,-3.746457014568443e-06,0.35,0.0,-0.0003509537037856545,-0.0016605630517005927,22,-1,5.25897184071346,554.540286747144
206,10.3,straightline,349,stanley,0.4,-321.0029602050781,37.016273498535156,0.07846766710281372,-3.3503504957788733e-06,0.35,0.0,-0.0003477809017151198,-0.0016396641731262263,22,-1,5.235510487281151,554.2780822027638
207,10.350000000000001,straightline,349,stanley,0.4,-320.74053955078125,37.01662826538086,0.07846766710281372,-3.89281231368843e-06,0.35,0.0,-0.00034489454704598864,-0.0016396641731262263,22,-1,5.2576280437383405,554.0156640416573
208,10.4,straightline,349,stanley,0.4,-320.4783935546875,37.01698303222656,0.07842685282230377,-2.941198799877475e-06,0.35,0.0,-0.00034163990286076713,-0.001598849892616273,22,-1,5.234152206752961,553.7535205365328
209,10.450000000000001,straightline,349,stanley,0.4,-320.216064453125,37.017333984375,0.07842685282230377,-3.0206133015472487e-06,0.35,0.0,-0.0003424454788557858,-0.001598849892616273,22,-1,5.256260691771046,553.491193954324
210,10.5,straightline,349,stanley,0.4,-319.9539794921875,37.0176887512207,0.07838332653045654,-2.0031442519956403e-06,0.35,0.0,-0.00033910899255587757,-0.0015553236007690386,22,-1,5.232786635574107,553.2291114884732
211,10.55,straightline,349,stanley,0.4,-319.69171142578125,37.018043518066406,0.07836604118347168,-2.0729480107470703e-06,0.35,0.0,-0.00033601803260002955,-0.0015380382537841801,22,-1,5.254892172814976,552.966845922961
212,10.600000000000001,straightline,349,stanley,0.4,-319.4297180175781,37.01839828491211,0.07835132628679276,-1.9067371782028344e-06,0.35,0.0,-0.00033248613590776215,-0.0015233233571052519,23,-1,5.231419766913971,552.7048550134277
213,10.65,straightline,349,stanley,0.4,-319.1675109863281,37.01875305175781,0.07834037393331528,-2.164365132234364e-06,0.35,0.0,-0.0003293133338372275,-0.001512371003627771,23,-1,5.253522152815855,552.4426504872011
214,10.700000000000001,straightline,349,stanley,0.4,-318.90557861328125,37.019107818603516,0.07832833379507065,-2.0795778674286336e-06,0.35,0.0,-0.0003257722422506024,-0.0015003308653831421,23,-1,5.23006033188769,552.1807206169522
215,10.75,straightline,349,stanley,0.4,-318.6434631347656,37.01946258544922,0.07831015437841415,-2.142819074454176e-06,0.35,0.0,-0.0003224766770080375,-0.0014821514487266584,23,-1,5.252180950964842,551.9186076470621
216,10.8,straightline,349,stanley,0.4,-318.3815612792969,37.01981735229492,0.07829900085926056,-2.0922606992084774e-06,0.35,0.0,-0.00031889466436406903,-0.0014709979295730534,23,-1,5.228709728533484,551.6567082990668
217,10.850000000000001,straightline,349,stanley,0.4,-318.1195373535156,37.02016830444336,0.07828433811664581,-1.7803692592948677e-06,0.35,0.0,-0.00031929102978565406,-0.0014563351869583097,23,-1,5.2492787028121075,551.3946869081755
218,10.9,straightline,349,stanley,0.4,-317.8577575683594,37.02052307128906,0.07828345894813538,-2.0314664154048345e-06,0.35,0.0,-0.00031554533291231217,-0.0014554560184478747,23,-1,5.223925890368715,551.1329096335727
219,10.950000000000001,straightline,349,stanley,0.4,-317.5958251953125,37.020877838134766,0.07827259600162506,-2.3257717827236064e-06,0.35,0.0,-0.00031200424132568714,-0.0014445930719375602,23,-1,5.245493972289699,550.8709797763885
220,11.0,straightline,349,stanley,0.4,-317.3341979980469,37.02123260498047,0.07825400680303574,-2.119982772119125e-06,0.35,0.0,-0.00030798129194529946,-0.0014260038733482393,24,-1,5.221473520242312,550.6093550922146
221,11.05,straightline,349,stanley,0.4,-317.0723876953125,37.02158737182617,0.07824212312698364,-2.4025018648916257e-06,0.35,0.0,-0.0003042765161293008,-0.001414120197296139,24,-1,5.243107501649622,550.3475473084283
222,11.100000000000001,straightline,349,stanley,0.4,-316.8108825683594,37.02193832397461,0.07822570204734802,-1.7957519908174767e-06,0.35,0.0,-0.0003039772235760487,-0.0013976991176605253,24,-1,5.2190555364266675,550.086044720344
223,11.15,straightline,349,stanley,0.4,-316.5492248535156,37.02229309082031,0.07821686565876007,-2.1886071421826618e-06,0.35,0.0,-0.0003000678424733333,-0.001388862729072567,24,-1,5.240608281865816,549.8243895270069
224,11.200000000000001,straightline,349,stanley,0.4,-316.2878112792969,37.022647857666016,0.07820373773574829,-2.171991770496228e-06,0.35,0.0,-0.000295831092911871,-0.0013757348060607901,24,-1,5.216488797187748,549.5629784725978
225,11.25,straightline,349,stanley,0.4,-316.0262756347656,37.02300262451172,0.07819126546382904,-2.4773198425322257e-06,0.35,0.0,-0.00029175802757978213,-0.001363262534141545,24,-1,5.237999482627456,549.3014453526689
226,11.3,straightline,349,stanley,0.4,-315.7650451660156,37.02335739135742,0.07817628234624863,-2.4427403493798744e-06,0.35,0.0,-0.00028727575167425965,-0.0013482794165611306,24,-1,5.21377989758091,549.0402174057386
227,11.350000000000001,straightline,349,stanley,0.4,-315.5036315917969,37.023712158203125,0.07815858721733093,-2.6152537570398225e-06,0.35,0.0,-0.00028303900211279725,-0.001330584287643435,24,-1,5.235280235792167,548.7788063592225
228,11.4,straightline,349,stanley,0.4,-315.2425231933594,37.02406692504883,0.07814496755599976,-2.662366492856742e-06,0.35,0.0,-0.0002783203947575724,-0.001316964626312256,25,-1,5.212231128725098,548.5177004857013
229,11.450000000000001,straightline,349,stanley,0.4,-314.9814147949219,37.02442169189453,0.07813266664743423,-3.01733141732279e-06,0.35,0.0,-0.0002736744346226764,-0.0013046637177467298,25,-1,5.230906793343512,548.2565946148147
230,11.5,straightline,349,stanley,0.4,-314.72064208984375,37.024776458740234,0.07811108976602554,-2.8805004027155194e-06,0.35,0.0,-0.0002685783428570035,-0.0012830868363380402,25,-1,5.206395944688825,547.9958244339496
231,11.55,straightline,349,stanley,0.4,-314.4597473144531,37.02512741088867,0.07808873802423477,-2.5182726081488993e-06,0.35,0.0,-0.00026746062915688384,-0.0012607350945472722,25,-1,5.227502421216768,547.7349322103506
232,11.600000000000001,straightline,349,stanley,0.4,-314.19915771484375,37.025482177734375,0.07808022946119308,-2.7897701176903063e-06,0.35,0.0,-0.0002621190110471506,-0.001252226531505586,25,-1,5.203018767185709,547.4743451369701
233,11.65,straightline,349,stanley,0.4,-313.93841552734375,37.02583694458008,0.07806895673274994,-3.2457847529620177e-06,0.35,0.0,-0.0002569819982241342,-0.0012409538030624344,25,-1,5.224275140407253,547.2136054810574
234,11.700000000000001,straightline,349,stanley,0.4,-313.6780090332031,37.02619171142578,0.07805518805980682,-3.4039718250898483e-06,0.35,0.0,-0.00025139485377034083,-0.0012271851301193283,25,-1,5.199734523474695,546.953201515154
235,11.75,straightline,349,stanley,0.4,-313.4174499511719,37.026546478271484,0.07803360372781754,-3.600026879363043e-06,0.35,0.0,-0.0002459396673829353,-0.0012056007981300374,26,-1,5.220936204561594,546.6926449667252
236,11.8,straightline,349,stanley,0.4,-313.1571960449219,37.02689743041992,0.07801077514886856,-3.0512175387565038e-06,0.35,0.0,-0.00024396261147860508,-0.0011827722191810575,26,-1,5.196391428201513,546.4323936140798
237,11.850000000000001,straightline,349,stanley,0.4,-312.89678955078125,37.027252197265625,0.07799017429351807,-3.2885942156101657e-06,0.35,0.0,-0.0002383754670248117,-0.0011621713638305705,26,-1,5.217569336106779,546.1719896561125
238,11.9,straightline,349,stanley,0.4,-312.6366882324219,37.02760696411133,0.07797037065029144,-3.337203969126351e-06,0.35,0.0,-0.00023237911199758463,-0.0011423677206039411,26,-1,5.19297550573738,545.9118908711116
239,11.950000000000001,straightline,349,stanley,0.4,-312.3764343261719,37.02796173095703,0.07797037065029144,-4.183648420905968e-06,0.35,0.0,-0.0002265873622570744,-0.0011423677206039411,26,-1,5.214169210903952,545.6516395036003
240,12.0,straightline,349,stanley,0.4,-312.11651611328125,37.028316497802734,0.07793043553829193,-3.695565859317273e-06,0.35,0.0,-0.00022034548088578713,-0.0011024326086044353,26,-1,5.189610245877362,545.3917238260818
241,12.05,straightline,349,stanley,0.4,-311.8564453125,37.02866744995117,0.07791145890951157,-3.5457003914408485e-06,0.35,0.0,-0.00021812289863739666,-0.001083455979824069,26,-1,5.210793671475231,545.1316555889143
242,12.100000000000001,straightline,349,stanley,0.4,-311.5966796875,37.029022216796875,0.07789096236228943,-3.644097639074911e-06,0.35,0.0,-0.0002116764119793926,-0.0010629594326019261,26,-1,5.186212265042834,544.8718925018572
243,12.15,straightline,349,stanley,0.4,-311.3367919921875,37.02937698364258,0.07786516845226288,-4.294944506661008e-06,0.35,0.0,-0.00020150626849425304,-0.0010371655225753815,27,-1,5.207445149249777,544.6120073493339
244,12.200000000000001,straightline,349,stanley,0.4,-311.07720947265625,37.02973175048828,0.07784053683280945,-4.316575351750572e-06,0.35,0.0,-0.00019481425549218868,-0.0010125339031219482,27,-1,5.1828827365287635,544.3524273697618
245,12.25,straightline,349,stanley,0.4,-310.81744384765625,37.030086517333984,0.07782003283500671,-4.64240674727533e-06,0.35,0.0,-0.00018836776883418457,-0.0009920299053192165,27,-1,5.204139350451762,544.0926642906718
246,12.3,straightline,349,stanley,0.4,-310.5580139160156,37.03043746948242,0.07779201865196228,-4.11929631041911e-06,0.35,0.0,-0.00018528584438158346,-0.0009640157222747803,27,-1,5.17959227920336,543.8332369244544
247,12.350000000000001,straightline,349,stanley,0.4,-310.2984619140625,37.03079605102539,0.07776851952075958,-4.871676045657793e-06,0.35,0.0,-0.00017473821648599576,-0.0009405165910720784,27,-1,5.200861934253859,543.57368744699
248,12.4,straightline,349,stanley,0.4,-310.0392150878906,37.031150817871094,0.07773877680301666,-4.810427804300065e-06,0.35,0.0,-0.0001675960718531544,-0.000910773873329165,27,-1,5.173724386821735,543.3144431653637
249,12.450000000000001,straightline,349,stanley,0.4,-309.77984619140625,37.03150177001953,0.07770781964063644,-4.408817906840065e-06,0.35,0.0,-0.00016443230528586652,-0.0008798167109489432,27,-1,5.194305790953678,543.0550768412121
250,12.5,straightline,349,stanley,0.4,-309.5208435058594,37.031856536865234,0.07768399268388748,-4.57272590603954e-06,0.35,0.0,-0.00015696279219427813,-0.0008559897541999816,27,-1,5.168979712433791,542.7960767011363
251,12.55,straightline,349,stanley,0.4,-309.2616882324219,37.03221130371094,0.07766100019216537,-4.440032942351506e-06,0.35,0.0,-0.00015343993100525792,-0.0008329972624778718,28,-1,5.189793938760771,542.5369239785911
252,12.600000000000001,straightline,349,stanley,0.4,-309.00286865234375,37.03256607055664,0.07763830572366714,-4.676058243248616e-06,0.35,0.0,-0.00014572489156960944,-0.0008103027939796414,28,-1,5.164797415572398,542.2781069460016
253,12.65,straightline,349,stanley,0.4,-308.7439880371094,37.032920837402344,0.07761556655168533,-5.064305569794517e-06,0.35,0.0,-0.00013809169424864768,-0.0007875636219978277,28,-1,5.185583273903669,542.0192288820261
254,12.700000000000001,straightline,349,stanley,0.4,-308.4853515625,37.03327178955078,0.07758620381355286,-4.6665307225528605e-06,0.35,0.0,-0.00013394582230511902,-0.0007582008838653585,28,-1,5.16045557379395,541.7605949798866
255,12.75,straightline,349,stanley,0.4,-308.2266540527344,37.033626556396484,0.07756336033344269,-5.077655693453172e-06,0.35,0.0,-0.00012606709864009706,-0.0007353574037551884,28,-1,5.181206336261446,541.5019000234097
256,12.8,straightline,349,stanley,0.4,-307.96832275390625,37.03398513793945,0.07752986997365952,-5.590395042428923e-06,0.35,0.0,-0.00011388262845077476,-0.000701867043972018,28,-1,5.15602725901962,541.2435712509167
257,12.850000000000001,straightline,349,stanley,0.4,-307.7098388671875,37.03433609008789,0.07749620079994202,-5.236637258175058e-06,0.35,0.0,-0.00010953215122052912,-0.0006681978702545151,28,-1,5.176761005810921,540.985089941934
258,12.9,straightline,349,stanley,0.4,-307.4516906738281,37.03468322753906,0.07747329026460648,-5.133594965093964e-06,0.35,0.0,-0.00010465889513917794,-0.0006452873349189703,29,-1,5.151516091304995,540.7269443459004
259,12.950000000000001,straightline,349,stanley,0.4,-307.1934509277344,37.0350341796875,0.07743652164936066,-4.724876108524923e-06,0.35,0.0,-9.998104945018534e-05,-0.0006085187196731533,29,-1,5.170725303859942,540.4687071784948
260,13.0,straightline,349,stanley,0.4,-306.9356689453125,37.03538131713867,0.07741359621286392,-4.195711562979025e-06,0.35,0.0,-9.850408173722248e-05,-0.0005855932831764182,29,-1,5.145484513428341,540.2109277921381
261,13.05,straightline,349,stanley,0.4,-306.6778564453125,37.035728454589844,0.07738437503576279,-3.5913683086413156e-06,0.35,0.0,-9.706803508160289e-05,-0.0005563721060752873,29,-1,5.165471754259103,539.9531178914611
262,13.100000000000001,straightline,349,stanley,0.4,-306.42041015625,37.036075592041016,0.07736112922430038,-3.111786668357049e-06,0.35,0.0,-9.51409357378629e-05,-0.0005331262946128815,29,-1,5.140025689806287,539.6956741977533
263,13.15,straightline,349,stanley,0.4,-306.162841796875,37.03642272949219,0.0773366168141365,-2.6834615550608007e-06,0.35,0.0,-9.337752062349636e-05,-0.0005086138844490075,29,-1,5.160580300258888,539.4381084386602
264,13.200000000000001,straightline,349,stanley,0.4,-305.9056396484375,37.036766052246094,0.07732009142637253,-1.953649863895845e-06,0.35,0.0,-9.493774665718954e-05,-0.0004920884966850249,29,-1,5.135137289995345,539.1809089095767
265,13.25,straightline,349,stanley,0.4,-305.6483154296875,37.037105560302734,0.07730250060558319,-7.958478678811047e-07,0.35,0.0,-0.000100476350756436,-0.0004744976758956858,29,-1,5.1556798896683524,538.9235873381879
266,13.3,straightline,349,stanley,0.4,-305.3913269042969,37.03744888305664,0.07729440927505493,1.390114860625693e-07,0.35,0.0,-0.0001054921760045768,-0.0004664063453674256,30,-1,5.130166609973732,538.6666014336977
267,13.350000000000001,straightline,349,stanley,0.4,-305.1342468261719,37.03778839111328,0.07729735970497131,6.635703561484294e-07,0.35,0.0,-0.0001107034116450764,-0.0004693567752838126,30,-1,5.150688934422476,538.4095240039444
268,13.4,straightline,349,stanley,0.4,-304.8775329589844,37.03813171386719,0.07729266583919525,9.835155574001248e-07,0.35,0.0,-0.0001116089007612757,-0.0004646629095077458,30,-1,5.1251444109678825,538.1528127580841
269,13.450000000000001,straightline,349,stanley,0.4,-304.6207275390625,37.038475036621094,0.07729266583919525,1.0574654435575257e-06,0.35,0.0,-0.00011263715304950502,-0.0004646629095077458,30,-1,5.1456770035420085,537.8960099638882
270,13.5,straightline,349,stanley,0.4,-304.3642883300781,37.038814544677734,0.077296182513237,1.5850031940706078e-06,0.35,0.0,-0.000116989046485794,-0.0004681795835494984,30,-1,5.120151636056136,537.6395733997434
271,13.55,straightline,349,stanley,0.4,-304.1077575683594,37.03915786743164,0.077296182513237,1.609378927709597e-06,0.35,0.0,-0.00011764900925793301,-0.0004681795835494984,30,-1,5.140660331657525,537.3830452641733
272,13.600000000000001,straightline,349,stanley,0.4,-303.8515625,37.03949737548828,0.07730600237846375,1.9187432819541916e-06,0.35,0.0,-0.00012167353423547507,-0.0004779994487762481,30,-1,5.115150047889545,537.1268528416441
273,13.65,straightline,349,stanley,0.4,-303.5952453613281,37.03984069824219,0.07731280475854874,1.7095920284762326e-06,0.35,0.0,-0.00012204704960621054,-0.0004848018288612362,30,-1,5.135731714475767,536.8705383306587
274,13.700000000000001,straightline,349,stanley,0.4,-303.33929443359375,37.040184020996094,0.07732515037059784,9.214036822767934e-07,0.35,0.0,-0.0001180421712323168,-0.0004971474409103456,31,-1,5.110209322785979,536.6145900266058
275,13.75,straightline,349,stanley,0.4,-303.0832214355469,37.040523529052734,0.07733944058418274,9.450377910732618e-07,0.35,0.0,-0.00012190301198048532,-0.000511437654495234,31,-1,5.130834754575622,536.3585196803549
276,13.8,straightline,349,stanley,0.4,-302.8275451660156,37.04086685180664,0.07733508944511414,1.0847363399759352e-06,0.35,0.0,-0.00012141718514701016,-0.0005070865154266297,31,-1,5.105339381808116,536.102846034908
277,13.850000000000001,straightline,349,stanley,0.4,-302.57171630859375,37.04120635986328,0.07734235376119614,1.2658034828588966e-06,0.35,0.0,-0.0001249506574364317,-0.0005143508315086392,31,-1,5.125996352184126,535.8470198302684
278,13.9,straightline,349,stanley,0.4,-302.3162536621094,37.04154968261719,0.0773477628827095,1.0919061296751884e-06,0.35,0.0,-0.00012417838320155292,-0.0005197599530219987,31,-1,5.100498051352075,535.5915598093907
279,13.950000000000001,straightline,349,stanley,0.4,-302.0606689453125,37.041893005371094,0.07735191285610199,8.356347061404463e-07,0.35,0.0,-0.0001235697931960476,-0.0005239099264144915,31,-1,5.11972247941142,535.3359777231799
280,14.0,straightline,349,stanley,0.4,-301.8054504394531,37.042232513427734,0.0773594006896019,1.055715290617754e-06,0.35,0.0,-0.0001262848443386018,-0.0005313977599144043,31,-1,5.092366793284345,535.0807618670619
281,14.05,straightline,349,stanley,0.4,-301.5502014160156,37.04257583618164,0.07736808806657791,6.078696783010653e-07,0.35,0.0,-0.00012522612270231943,-0.0005400851368904105,31,-1,5.112527403504504,534.8255154734786
282,14.100000000000001,straightline,349,stanley,0.4,-301.2952880859375,37.04291534423828,0.07736654579639435,1.5124379987436275e-06,0.35,0.0,-0.00013127400988729152,-0.0005385428667068423,32,-1,5.086542001696358,534.5706047929804
283,14.15,straightline,349,stanley,0.4,-301.0403137207031,37.04325866699219,0.07737211138010025,1.1033909261659801e-06,0.35,0.0,-0.00012984699873491874,-0.0005441084504127552,32,-1,5.106805288837363,534.3156330579867
284,14.200000000000001,straightline,349,stanley,0.4,-300.78570556640625,37.043601989746094,0.07737839221954346,7.61790999909776e-07,0.35,0.0,-0.00012792893489442563,-0.0005503892898559608,32,-1,5.080851199704401,534.0610275298774
285,14.25,straightline,349,stanley,0.4,-300.531005859375,37.0439453125,0.07737987488508224,4.236719136939402e-07,0.35,0.0,-0.00012613363422596266,-0.0005518719553947432,32,-1,5.10105443553538,533.8063304534573
286,14.3,straightline,349,stanley,0.4,-300.2767028808594,37.04428482055664,0.07738392055034637,5.83197359456192e-07,0.35,0.0,-0.000127621053648216,-0.0005559176206588795,32,-1,5.074977000148278,533.5520301241626
287,14.350000000000001,straightline,349,stanley,0.4,-300.0223083496094,37.04462814331055,0.07738764584064484,1.2817221164578103e-07,0.35,0.0,-0.0001254165424063194,-0.0005596429109573326,32,-1,5.095174575940576,533.2976382233286
288,14.4,straightline,349,stanley,0.4,-299.7682800292969,37.04497146606445,0.07738838344812393,-1.5804937560629734e-07,0.35,0.0,-0.00012272097847630236,-0.0005603805184364294,32,-1,5.069052503843746,533.0436125293585
289,14.450000000000001,straightline,349,stanley,0.4,-299.5141906738281,37.045310974121094,0.0773860439658165,4.418641525285127e-10,0.35,0.0,-0.00012392195049715205,-0.0005580410361290035,32,-1,5.089237190001746,532.7895258273577
290,14.5,straightline,349,stanley,0.4,-299.2604675292969,37.045654296875,0.07738232612609863,-7.153829584001957e-07,0.35,0.0,-0.00011692983493719251,-0.000554323196411127,33,-1,5.063123770913924,532.5358053089537
291,14.55,straightline,349,stanley,0.4,-299.00677490234375,37.04599380493164,0.07737895846366882,-5.886073662635958e-07,0.35,0.0,-0.00011759883321257848,-0.0005509555339813264,33,-1,5.081823318035648,532.2821153335667
292,14.600000000000001,straightline,349,stanley,0.4,-298.7535400390625,37.04633712768555,0.07737500965595245,-8.836946602947088e-07,0.35,0.0,-0.00011383932179163389,-0.0005470067262649577,33,-1,5.055452933888751,532.028883092774
293,14.65,straightline,349,stanley,0.4,-298.5002746582031,37.04668045043945,0.07737939059734344,-1.546050636258334e-06,0.35,0.0,-0.00011012073142803273,-0.0005513876676559427,33,-1,5.075213342205122,531.7756203376917
294,14.700000000000001,straightline,349,stanley,0.4,-298.2474060058594,37.047019958496094,0.07736872136592865,-1.2236111458400383e-06,0.35,0.0,-0.00010968486115514779,-0.0005407184362411508,33,-1,5.048869263345599,531.5227543297516
295,14.75,straightline,349,stanley,0.4,-297.9944152832031,37.04736328125,0.07735838741064072,-1.512604379423548e-06,0.35,0.0,-0.00010559798127545632,-0.0005303844809532199,33,-1,5.0689313695332965,531.2697662331968
296,14.8,straightline,349,stanley,0.4,-297.7418518066406,37.04770278930664,0.0773535668849945,-1.4132770701257962e-06,0.35,0.0,-0.00010475290042913767,-0.0005255639553070051,33,-1,5.042561177916186,531.0172054007984
297,14.850000000000001,straightline,349,stanley,0.4,-297.48919677734375,37.04804611206055,0.07734374701976776,-1.77341281166162e-06,0.35,0.0,-0.00010021588891866921,-0.0005157440900802554,33,-1,5.062612672296297,530.764552996778
298,14.9,straightline,349,stanley,0.4,-297.2369384765625,37.04838943481445,0.07733269780874252,-1.5623649069529256e-06,0.35,0.0,-9.888895027858791e-05,-0.0005046948790550193,34,-1,5.036237380521458,530.5122973165685
299,14.950000000000001,straightline,349,stanley,0.4,-296.9845886230469,37.048728942871094,0.0773233100771904,-1.4916146626924739e-06,0.35,0.0,-9.775742203086584e-05,-0.0004953071475028982,34,-1,5.056266919658232,530.2599501114066
300,15.0,straightline,349,stanley,0.4,-296.7326354980469,37.049072265625,0.07731126993894577,-1.7943581542951977e-06,0.35,0.0,-9.227922620149998e-05,-0.00048326700925826934,34,-1,5.029875793758951,530.0079996067013
301,15.05,straightline,349,stanley,0.4,-296.4806213378906,37.04941177368164,0.07731126993894577,-2.0471896823830085e-06,0.35,0.0,-9.069756632300073e-05,-0.00048326700925826934,34,-1,5.049945299752829,529.7559880940686
302,15.100000000000001,straightline,349,stanley,0.4,-296.2289733886719,37.04975509643555,0.07729827612638474,-2.381645954662814e-06,0.35,0.0,-8.481015992020113e-05,-0.0004702731966972294,34,-1,5.023591057402519,529.5043427648574
303,15.15,straightline,349,stanley,0.4,-295.9772644042969,37.05009841918945,0.07729827612638474,-3.17937894107716e-06,0.35,0.0,-7.900459563208817e-05,-0.0004702731966972294,34,-1,5.04366994195997,529.252636404351
304,15.200000000000001,straightline,349,stanley,0.4,-295.7259826660156,37.050437927246094,0.0772615298628807,-2.4101705371352394e-06,0.35,0.0,-7.644083037734826e-05,-0.0004335269331932039,34,-1,5.017298011191851,529.0013573080183
305,15.25,straightline,349,stanley,0.4,-295.4745788574219,37.05078125,0.0772445946931839,-2.7740525433190135e-06,0.35,0.0,-7.022605551580186e-05,-0.00041659176349639665,34,-1,5.037442934499495,528.7499561229962
306,15.3,straightline,349,stanley,0.4,-295.22357177734375,37.05112075805664,0.07723809033632278,-3.431315027986442e-06,0.35,0.0,-6.34066596884625e-05,-0.0004100874066352878,35,-1,5.011092377883726,528.498951685149
307,15.350000000000001,straightline,349,stanley,0.4,-294.97247314453125,37.05146408081055,0.0772189348936081,-3.779361275513334e-06,0.35,0.0,-5.678267425348238e-05,-0.0003909319639205889,35,-1,5.031282822965909,528.2478556756016
308,15.4,straightline,349,stanley,0.4,-294.7217712402344,37.05180740356445,0.0771961659193039,-4.0262395891053176e-06,0.35,0.0,-4.9626715073038314e-05,-0.00036816298961639486,35,-1,5.005005663055695,527.9971563898056
309,15.450000000000001,straightline,349,stanley,0.4,-294.4709777832031,37.052146911621094,0.07717080414295197,-3.747137754609728e-06,0.35,0.0,-4.640821290080444e-05,-0.0003428012132644664,35,-1,5.02523458157794,527.746365579152
310,15.5,straightline,349,stanley,0.4,-294.2205810546875,37.052490234375,0.07715483009815216,-4.2499091049798415e-06,0.35,0.0,-3.884304314692678e-05,-0.00032682716846465907,35,-1,4.998962408544665,527.4959714688089
311,15.55,straightline,349,stanley,0.4,-293.9620666503906,37.05283737182617,0.07710381597280502,-3.0933600294936475e-06,0.35,0.0,-3.8348180810204705e-05,-0.0002758130431175242,35,-1,5.245595189166933,527.2374598153883
312,15.600000000000001,straightline,349,stanley,0.4,-293.70147705078125,37.05318832397461,0.07714017480611801,-4.265224004758627e-06,0.35,0.0,-3.682125653665133e-05,-0.0003121718764305167,35,-1,5.180711100762164,526.9768729853768
313,15.65,straightline,349,stanley,0.4,-293.44287109375,37.05353927612305,0.07709301263093948,-2.9625526789256976e-06,0.35,0.0,-3.637651015163065e-05,-0.000265009701251983,36,-1,5.1679045038870575,526.7182697633624
314,15.700000000000001,straightline,349,stanley,0.4,-293.18603515625,37.05388259887695,0.07707491517066956,-2.261864657569739e-06,0.35,0.0,-3.744568349720327e-05,-0.0002469122409820517,36,-1,5.115989930470033,526.4614365772286
315,15.75,straightline,349,stanley,0.4,-292.93023681640625,37.054222106933594,0.07705514132976532,-1.2504473283778287e-06,0.35,0.0,-4.09382347292815e-05,-0.00022713840007781527,36,-1,5.116546821177217,526.2056409954779
316,15.8,straightline,349,stanley,0.4,-292.6756591796875,37.0545654296875,0.07703930884599686,-1.007806237040464e-06,0.35,0.0,-3.8979249831445103e-05,-0.00021130591630935864,36,-1,5.0748446831317695,525.9510660730903
317,15.850000000000001,straightline,349,stanley,0.4,-292.421630859375,37.05490493774414,0.07703454792499542,-7.359066319673772e-07,0.35,0.0,-4.00983797376081e-05,-0.00020654499530791719,36,-1,5.0832236202582335,525.6970404830396
318,15.9,straightline,349,stanley,0.4,-292.16851806640625,37.05524826049805,0.07702553272247314,-9.508257805118306e-07,0.35,0.0,-3.617518408729006e-05,-0.00019752979278563887,36,-1,5.047608242250934,525.4439303822751
319,15.950000000000001,straightline,349,stanley,0.4,-291.915771484375,37.05559158325195,0.07702235132455826,-1.4431606930989498e-06,0.35,0.0,-3.1760935748851703e-05,-0.0001943483948707598,36,-1,5.0606111706127574,525.1911864883026
320,16.0,straightline,349,stanley,0.4,-291.6636657714844,37.055931091308594,0.07701731473207474,-1.4630762437208902e-06,0.35,0.0,-3.030203904238267e-05,-0.00018931180238724308,36,-1,5.028608193765973,524.9390834776218
321,16.05,straightline,349,stanley,0.4,-291.4117431640625,37.0562744140625,0.07700897753238678,-2.458225850637899e-06,0.35,0.0,-2.089558109916439e-05,-0.00018097460269927575,37,-1,5.044323780359777,524.6871635481941
322,16.1,straightline,349,stanley,0.4,-291.1604309082031,37.05661392211914,0.07699695974588394,-2.428452210895636e-06,0.35,0.0,-1.8372736901767694e-05,-0.00016895681619643845,37,-1,5.015092353869898,524.4358539850457
323,16.150000000000002,straightline,349,stanley,0.4,-290.9093017578125,37.05696105957031,0.07698693126440048,-3.5026177433707787e-06,0.35,0.0,-7.974978687950887e-06,-0.00015892833471298814,37,-1,5.029982891260098,524.1847274795509
324,16.2,straightline,349,stanley,0.4,-290.65875244140625,37.05729675292969,0.07696697115898132,-2.8911119781428515e-06,0.35,0.0,-8.24380189315009e-06,-0.0001389682292938179,37,-1,5.00099186442545,523.9341808704495
325,16.25,straightline,349,stanley,0.4,-290.40478515625,37.05763626098633,0.07695439457893372,-2.4358061299689736e-06,0.35,0.0,-9.281089684626351e-06,-0.00012639164924621636,37,-1,5.170515330728169,523.6802163371216
326,16.3,straightline,349,stanley,0.4,-290.1424255371094,37.05799102783203,0.07694036513566971,-2.420076483762905e-06,0.35,0.0,-6.3128929008083754e-06,-0.00011236220598221291,37,-1,5.230777705200381,523.4178595387981
327,16.35,straightline,349,stanley,0.4,-289.8816833496094,37.058345794677734,0.07694406807422638,-3.1683174790123936e-06,0.35,0.0,-1.1758800777920703e-06,-0.00011606514453887442,37,-1,5.208545722156159,523.1571201442367
328,16.400000000000002,straightline,349,stanley,0.4,-289.62322998046875,37.05868911743164,0.076941579580307,-2.6836395463004283e-06,0.35,0.0,-4.413869462563348e-06,-0.00011357665061950896,37,-1,5.14820421494095,522.8986695980542
329,16.45,straightline,349,stanley,0.4,-289.36614990234375,37.05902862548828,0.07693750411272049,-1.4263701990341498e-06,0.35,0.0,-1.3367151718914148e-05,-0.0001095011830329922,38,-1,5.142022031645385,522.6415923432036
330,16.5,straightline,349,stanley,0.4,-289.1105651855469,37.05937194824219,0.07691224664449692,-7.671761549929108e-07,0.35,0.0,-1.2758561713408726e-05,-8.424371480942023e-05,38,-1,5.094819774850815,522.3860104003762
331,16.55,straightline,349,stanley,0.4,-288.8558349609375,37.059715270996094,0.07691372185945511,-1.0359477284079294e-06,0.35,0.0,-1.100418210228909e-05,-8.571892976761371e-05,38,-1,5.098936617370519,522.1312829362774
332,16.6,straightline,349,stanley,0.4,-288.6021728515625,37.060054779052734,0.07690940797328949,-8.205015650104734e-07,0.35,0.0,-1.1632259320331647e-05,-8.140504360199109e-05,38,-1,5.059868140230966,521.877623593461
333,16.650000000000002,straightline,349,stanley,0.4,-288.3489990234375,37.06039810180664,0.07690376788377762,-1.1585165355906729e-06,0.35,0.0,-7.790905784700342e-06,-7.57649540901146e-05,38,-1,5.070137718709265,521.6244525017679
334,16.7,straightline,349,stanley,0.4,-288.09661865234375,37.06073760986328,0.07689990103244781,-1.1830039392575435e-06,0.35,0.0,-6.700298594321523e-06,-7.189810276031081e-05,38,-1,5.035900344404294,521.3720748783874
335,16.75,straightline,349,stanley,0.4,-287.8445129394531,37.06108093261719,0.07689662277698517,-1.7755673594456643e-06,0.35,0.0,-1.4267080516724246e-06,-6.861984729766416e-05,38,-1,5.049852032518991,521.1199718871347
336,16.8,straightline,349,stanley,0.4,-287.5930480957031,37.061424255371094,0.07688429206609726,-2.222325899731211e-06,0.35,0.0,4.706224695187524e-06,-5.6289136409757394e-05,38,-1,5.018489186303748,520.8685097555366
337,16.85,straightline,349,stanley,0.4,-287.3417053222656,37.061763763427734,0.07687319070100784,-2.7315765130481187e-06,0.35,0.0,1.1075488891749497e-05,-4.518777132033692e-05,39,-1,5.034600641942763,520.6171697184319
338,16.900000000000002,straightline,349,stanley,0.4,-287.0909729003906,37.06209945678711,0.07687319070100784,-2.6728369570953236e-06,0.35,0.0,1.0561139342490098e-05,-4.518777132033692e-05,39,-1,5.004877298501443,520.366440047675
339,16.95,straightline,349,stanley,0.4,-286.8403015136719,37.062435150146484,0.07684103399515152,-1.6929060251525945e-06,0.35,0.0,1.0128631907917467e-05,-1.3031065464021702e-05,39,-1,5.022239350731242,520.115771413765
340,17.0,straightline,349,stanley,0.4,-286.5844421386719,37.06277847290039,0.07683058083057404,-1.3758324491859448e-06,0.35,0.0,1.0368932397332458e-05,-2.577900886531714e-06,39,-1,5.214086390195331,519.8599148472697
341,17.05,straightline,349,stanley,0.4,-286.3220520019531,37.063133239746094,0.07685301452875137,-2.376665036030482e-06,0.35,0.0,1.329620812380705e-05,-2.5011599063877204e-05,39,-1,5.238402230962288,519.5975275771776
342,17.1,straightline,349,stanley,0.4,-286.0623474121094,37.063480377197266,0.07679737359285355,-6.698623301198175e-07,0.35,0.0,1.219514922413793e-05,3.0629336833949704e-05,39,-1,5.168649500008077,519.3378258525885
343,17.150000000000002,straightline,349,stanley,0.4,-285.8043212890625,37.06382369995117,0.07677457481622696,3.1639364019222175e-07,0.35,0.0,9.530054642173922e-06,5.3428113460536685e-05,39,-1,5.156798197302111,519.0798025891265
344,17.2,straightline,349,stanley,0.4,-285.5481262207031,37.06416320800781,0.07677188515663147,8.971038211151693e-07,0.35,0.0,5.5055296646318655e-06,5.611777305602622e-05,39,-1,5.104443317742589,518.8236103716804
345,17.25,straightline,349,stanley,0.4,-285.2928771972656,37.06450653076172,0.0767696276307106,8.165381270590605e-07,0.35,0.0,6.636898521243054e-06,5.837529897689957e-05,40,-1,5.10485093213773,518.5683641600803
346,17.3,straightline,349,stanley,0.4,-285.0389099121094,37.06484603881836,0.0767689049243927,9.642803753748668e-07,0.35,0.0,5.599610729766793e-06,5.9098005294793645e-05,40,-1,5.062831459518073,518.3143996886439
347,17.35,straightline,349,stanley,0.4,-284.7855224609375,37.065189361572266,0.07677215337753296,4.135310831868584e-07,0.35,0.0,9.154516863994517e-06,5.5849552154539884e-05,40,-1,5.070723444245746,518.061015019127
348,17.400000000000002,straightline,349,stanley,0.4,-284.5330810546875,37.06553268432617,0.07678815722465515,-6.796048703635211e-07,0.35,0.0,1.3977975775866593e-05,3.984570503235208e-05,40,-1,5.034451754639303,517.8085763790863
349,17.45,straightline,349,stanley,0.4,-284.2809753417969,37.06587219238281,0.07677880674600601,-5.973415188443464e-07,0.35,0.0,1.5436872482335693e-05,4.919618368149141e-05,40,-1,5.046665139247805,517.5564734525966
350,17.5,straightline,349,stanley,0.4,-284.0296325683594,37.06621551513672,0.07677014172077179,-1.1852815425024397e-06,0.35,0.0,2.173348945856907e-05,5.786120891570603e-05,40,-1,5.013735557005425,517.3051334298339
351,17.55,straightline,349,stanley,0.4,-283.77850341796875,37.06655502319336,0.07676971703767776,-1.5252834880503488e-06,0.35,0.0,2.4501860000025852e-05,5.828589200973331e-05,40,-1,5.028541001124582,517.0540070526729
352,17.6,straightline,349,stanley,0.4,-283.52801513671875,37.066890716552734,0.0767669603228569,-1.441811541744075e-06,0.35,0.0,2.43148789095132e-05,6.104260683059753e-05,40,-1,4.997542037400021,516.8035215588964
353,17.650000000000002,straightline,349,stanley,0.4,-283.2696533203125,37.06723403930664,0.07676064968109131,-7.329932861546674e-07,0.35,0.0,2.127229991710105e-05,6.735324859619607e-05,41,-1,5.241754805666234,516.5451626389016
354,17.7,straightline,349,stanley,0.4,-283.0081787109375,37.067588806152344,0.07667531073093414,1.1568153958665172e-06,0.35,0.0,2.5427207363876787e-05,0.00015269219875335322,41,-1,5.193668969715622,516.2836909183413
355,17.75,straightline,349,stanley,0.4,-282.7492370605469,37.06793212890625,0.07672090083360672,3.348265426937743e-07,0.35,0.0,2.1534481061611743e-05,0.00010710209608078057,41,-1,5.1742248303192,516.0247521819769
356,17.8,straightline,349,stanley,0.4,-282.4924011230469,37.06827163696289,0.07672733813524246,7.454446345923656e-07,0.35,0.0,1.665061387985902e-05,0.00010066479444503398,41,-1,5.117102103686293,515.7679191443203
357,17.85,straightline,349,stanley,0.4,-282.2368469238281,37.0686149597168,0.07674216479063034,2.370525166100713e-07,0.35,0.0,1.7300124942707697e-05,8.583813905716043e-05,41,-1,5.113270640505774,515.5123677990883
358,17.900000000000002,straightline,349,stanley,0.4,-281.9826965332031,37.0689582824707,0.07674801349639893,-2.770909268022487e-07,0.35,0.0,1.983200464335125e-05,7.998943328857097e-05,41,-1,5.067768414360085,515.2582202380004
359,17.95,straightline,349,stanley,0.4,-281.7292785644531,37.069297790527344,0.07675393670797348,-4.0489302311503166e-07,0.35,0.0,1.953129588405547e-05,7.40662217140179e-05,41,-1,5.072950197536992,515.0048051113359
360,18.0,straightline,349,stanley,0.4,-281.4769287109375,37.06964111328125,0.07674986124038696,-9.510813794175706e-07,0.35,0.0,2.4477517967957767e-05,7.814168930053467e-05,41,-1,5.034422660182299,514.752458058065
361,18.05,straightline,349,stanley,0.4,-281.2250061035156,37.06998062133789,0.0767534002661705,-1.276256817891395e-06,0.35,0.0,2.6254588238816025e-05,7.4602663517003e-05,42,-1,5.044877208977387,514.5005382693811
362,18.1,straightline,349,stanley,0.4,-280.97393798828125,37.07032012939453,0.07674490660429001,-1.4294291373879036e-06,0.35,0.0,2.9104800894959575e-05,8.309632539748644e-05,42,-1,5.010525158684567,514.2494729590742
363,18.150000000000002,straightline,349,stanley,0.4,-280.72314453125,37.070655822753906,0.07674490660429001,-1.3414450354347079e-06,0.35,0.0,2.8508609231013408e-05,8.309632539748644e-05,42,-1,5.024104282845676,513.998682328459
364,18.2,straightline,349,stanley,0.4,-280.46734619140625,37.07099914550781,0.07675659656524658,-1.5829537380600909e-06,0.35,0.0,2.883075183511513e-05,7.140636444092126e-05,42,-1,5.210578719425434,513.7428868686675
365,18.25,straightline,349,stanley,0.4,-280.2058410644531,37.071346282958984,0.0769025981426239,-5.307052150522189e-06,0.35,0.0,2.531535055218736e-05,-7.459521293640167e-05,42,-1,5.219763215676703,513.481384713358
366,18.3,straightline,349,stanley,0.4,-279.9471740722656,37.07170104980469,0.07557351887226105,3.161773097717694e-05,0.35,0.0,3.32349952745527e-05,0.001254484057426447,42,-1,5.151305917084726,513.2227205922021
367,18.35,straightline,349,stanley,0.4,-279.6900939941406,37.072044372558594,0.07520529627799988,4.23070158626612e-05,0.35,0.0,3.1838453470233114e-05,0.0016227066516876275,42,-1,5.140025133956707,512.9656434288288
368,18.400000000000002,straightline,349,stanley,0.4,-279.4347839355469,37.072383880615234,0.07523243874311447,4.1846371545103344e-05,0.35,0.0,2.9073286375977522e-05,0.001595564186573025,43,-1,5.088625516229613,512.7103362771574
369,18.45,straightline,349,stanley,0.4,-279.1804504394531,37.07272720336914,0.07537691295146942,3.742477510335861e-05,0.35,0.0,3.135963973256088e-05,0.0014510899782180801,43,-1,5.0891906198050245,512.4560056478218
370,18.5,straightline,349,stanley,0.4,-278.92742919921875,37.07306671142578,0.07556634396314621,3.194883107467965e-05,0.35,0.0,3.159090471872893e-05,0.0012616589665412903,43,-1,5.04713011934729,512.2029872754593
371,18.55,straightline,349,stanley,0.4,-278.6749572753906,37.07340621948242,0.07573673874139786,2.6961315410748817e-05,0.35,0.0,3.255874873707768e-05,0.0010912641882896402,43,-1,5.054876795539023,511.95051821168903
372,18.6,straightline,349,stanley,0.4,-278.4234313964844,37.07374954223633,0.07591104507446289,2.1160949087136366e-05,0.35,0.0,3.860983936925073e-05,0.0009169578552246156,43,-1,5.018427098955075,511.69899515313455
373,18.650000000000002,straightline,349,stanley,0.4,-278.1722717285156,37.0740852355957,0.07604339718818665,1.753301785588782e-05,0.35,0.0,3.752259501718419e-05,0.0007846057415008519,43,-1,5.030441334139135,511.4478383493035
374,18.7,straightline,349,stanley,0.4,-277.919921875,37.07442092895508,0.0761570930480957,1.4720294485031468e-05,0.35,0.0,3.483942942872635e-05,0.0006709098815917962,43,-1,5.128215081722559,511.1954913865754
375,18.75,straightline,349,stanley,0.4,-277.6592102050781,37.074771881103516,0.07642943412065506,6.8536119215050115e-06,0.35,0.0,3.6202669472906084e-05,0.0003985688090324414,43,-1,5.22837962081506,510.9347826803997
376,18.8,straightline,349,stanley,0.4,-277.4002990722656,37.07511520385742,0.07638154178857803,8.641082594837564e-06,0.35,0.0,3.238259039096991e-05,0.00044646114110947046,44,-1,5.153017322860353,510.67587452691726
377,18.85,straightline,349,stanley,0.4,-277.1430969238281,37.07545852661133,0.07640112936496735,8.269401562513918e-06,0.35,0.0,3.082236435727678e-05,0.00042687356472015543,44,-1,5.139503620391115,510.418675327073
378,18.900000000000002,straightline,349,stanley,0.4,-276.88775634765625,37.075801849365234,0.07644689828157425,6.800071452379009e-06,0.35,0.0,3.175832282152906e-05,0.0003811046481132503,44,-1,5.086207011341854,510.1633376656442
379,18.95,straightline,349,stanley,0.4,-276.6335144042969,37.076141357421875,0.07647445052862167,6.19307021916046e-06,0.35,0.0,3.035274551396253e-05,0.00035355240106582316,44,-1,5.085229530910641,509.9090986423711
380,19.0,straightline,349,stanley,0.4,-276.3805847167969,37.07648468017578,0.07652889937162399,4.062256449291719e-06,0.35,0.0,3.4521467508340746e-05,0.0002991035580635132,44,-1,5.041745178092969,509.6561718278482
381,19.05,straightline,349,stanley,0.4,-276.12835693359375,37.07682418823242,0.0765540674328804,3.180949244341879e-06,0.35,0.0,3.581667998543638e-05,0.00027393549680709503,44,-1,5.048255619675839,509.4039469307994
382,19.1,straightline,349,stanley,0.4,-275.87713623046875,37.07716369628906,0.07657335698604584,2.2491573108945214e-06,0.35,0.0,3.846228735486306e-05,0.00025464594364165924,44,-1,5.0105925871802155,509.15272909680624
383,19.150000000000002,straightline,349,stanley,0.4,-275.6262512207031,37.07749938964844,0.07657946646213531,2.1793641152601486e-06,0.35,0.0,3.7743332518886796e-05,0.0002485364675521848,44,-1,5.021594526927053,508.9018469766392
384,19.200000000000003,straightline,349,stanley,0.4,-275.37060546875,37.077842712402344,0.07653585076332092,3.522840942688568e-06,0.35,0.0,3.834272763003437e-05,0.0002921521663665731,45,-1,5.204242594920053,508.6462041643128
385,19.25,straightline,349,stanley,0.4,-275.1097717285156,37.07819366455078,0.07618684321641922,1.3342105743624969e-05,0.35,0.0,3.9542283444840565e-05,0.0006411597132682815,45,-1,5.202727646241687,508.38537342245775
386,19.3,straightline,349,stanley,0.4,-274.8518371582031,37.07853317260742,0.07644491642713547,6.713612253946212e-06,0.35,0.0,3.3185258198726697e-05,0.000383086502552036,45,-1,5.1350328571146076,508.127441868207
387,19.35,straightline,349,stanley,0.4,-274.5956726074219,37.07887649536133,0.07657316327095032,3.0606721316083234e-06,0.35,0.0,3.3016348114708037e-05,0.000254839658737182,45,-1,5.122520740292502,507.8712802771409
388,19.400000000000002,straightline,349,stanley,0.4,-274.34130859375,37.079219818115234,0.07664468139410019,6.839766632490366e-07,0.35,0.0,3.526178041394801e-05,0.00018332153558731534,45,-1,5.070451441437604,507.6169191902805
389,19.450000000000003,straightline,349,stanley,0.4,-274.08795166015625,37.079559326171875,0.07666293531656265,1.906205690924663e-07,0.35,0.0,3.504291376933905e-05,0.0001650676131248431,45,-1,5.070361409433676,507.36356519061815
390,19.5,straightline,349,stanley,0.4,-273.8359069824219,37.07990264892578,0.07667892426252365,-1.0023280334076419e-06,0.35,0.0,4.039834642667497e-05,0.00014907866716384552,45,-1,5.027482374441003,507.1115233994232
391,19.55,straightline,349,stanley,0.4,-273.58447265625,37.080238342285156,0.07668324559926987,-9.292034059564933e-07,0.35,0.0,3.894281255851823e-05,0.000144757330417634,45,-1,5.034444334458028,506.86009199900434
392,19.6,straightline,349,stanley,0.4,-273.33404541015625,37.08057403564453,0.07667440176010132,-7.102065981328381e-07,0.35,0.0,3.891032080302137e-05,0.00015360116958618113,46,-1,4.997012536253856,506.6096676615225
393,19.650000000000002,straightline,349,stanley,0.4,-273.0761413574219,37.08091735839844,0.07665292173624039,4.458712519074654e-07,0.35,0.0,3.6408910450430685e-05,0.00017508119344711556,46,-1,5.232337993335228,506.3517666226687
394,19.700000000000003,straightline,349,stanley,0.4,-272.81646728515625,37.08126449584961,0.07668153941631317,-2.984337562485106e-07,0.35,0.0,3.534877260810487e-05,0.00014646351337433203,46,-1,5.16309305467903,506.0920955790467
395,19.75,straightline,349,stanley,0.4,-272.5590515136719,37.08160400390625,0.07666879892349243,7.701651088922824e-07,0.35,0.0,2.968740533682819e-05,0.0001592040061950634,46,-1,5.144758653148715,505.83468284245646
396,19.8,straightline,349,stanley,0.4,-272.3037109375,37.081947326660156,0.0766691043972969,5.984923825357068e-07,0.35,0.0,3.062336380108043e-05,0.00015889853239059527,46,-1,5.087562097603002,505.57934523835814
397,19.85,straightline,349,stanley,0.4,-272.0496520996094,37.08229064941406,0.07667326182126999,1.3462550228321748e-07,0.35,0.0,3.327800667375408e-05,0.0001547411084175136,46,-1,5.0835147604152855,505.325289349879
398,19.900000000000002,straightline,349,stanley,0.4,-271.7970275878906,37.0826301574707,0.07667618244886398,-8.723500457877435e-08,0.35,0.0,3.404124540538596e-05,0.0001518204808235195,46,-1,5.037445649546945,505.07266778602695
399,19.950000000000003,straightline,349,stanley,0.4,-271.5451354980469,37.082969665527344,0.07666464895009995,1.9577808422333195e-08,0.35,0.0,3.578658951325863e-05,0.00016335397958755618,46,-1,5.041952957655748,504.8207786324059
400,20.0,straightline,349,stanley,0.4,-271.2944030761719,37.083309173583984,0.0766666829586029,-5.165735940784032e-07,0.35,0.0,3.915958102050795e-05,0.00016131997108459847,47,-1,5.00262683097825,504.5700491264261
401,20.05,straightline,349,stanley,0.4,-271.04071044921875,37.08364486694336,0.07667102664709091,8.671175254161886e-08,0.35,0.0,3.4675888908942075e-05,0.00015697628259658293,47,-1,5.1624383207998115,504.3163595027869
402,20.1,straightline,349,stanley,0.4,-270.7804260253906,37.08399963378906,0.07646924257278442,5.137279807232572e-06,0.35,0.0,4.042671759210898e-05,0.0003587603569030711,47,-1,5.177330618496214,504.0560780977509
403,20.150000000000002,straightline,349,stanley,0.4,-270.5223388671875,37.0843391418457,0.07659552991390228,2.3417170462665614e-06,0.35,0.0,3.3865087059278266e-05,0.0002324730157852112,47,-1,5.156571467986296,503.7979940143308
404,20.200000000000003,straightline,349,stanley,0.4,-270.2665100097656,37.08468246459961,0.0766223669052124,1.4881747032473944e-06,0.35,0.0,3.414630860603665e-05,0.0002056360244751017,47,-1,5.0965562163803755,503.5421681648679
405,20.25,straightline,349,stanley,0.4,-270.01202392578125,37.08502197265625,0.0766557976603508,7.508512122062137e-07,0.35,0.0,3.241336283972313e-05,0.00017220526933670464,47,-1,5.09067759755269,503.2876850891565
406,20.3,straightline,349,stanley,0.4,-269.7591247558594,37.085365295410156,0.07666682451963425,-1.5379218843102976e-07,0.35,0.0,3.662300589144462e-05,0.00016117841005324775,47,-1,5.03921554062619,503.0347888741472
407,20.35,straightline,349,stanley,0.4,-269.5071716308594,37.08570861816406,0.07667482644319534,-1.0915042095114776e-06,0.35,0.0,4.2101201720810746e-05,0.00015317648649215384,47,-1,5.0417642149587225,502.78283868799815
408,20.400000000000002,straightline,349,stanley,0.4,-269.25634765625,37.08604049682617,0.07668281346559525,-7.911438652740551e-07,0.35,0.0,3.772204238367016e-05,0.0001451894640922502,48,-1,5.000740587477359,502.5320177054743
409,20.450000000000003,straightline,349,stanley,0.4,-269.0027160644531,37.08638000488281,0.07666178792715073,3.568137060976617e-08,0.35,0.0,3.713488622297085e-05,0.00016621500253677688,48,-1,5.159051585760035,502.27838911751314
410,20.5,straightline,349,stanley,0.4,-268.7425842285156,37.086727142333984,0.07678934931755066,-3.384827781023929e-06,0.35,0.0,3.546093252049454e-05,3.865361213683517e-05,48,-1,5.172424518948322,502.01826037263567
411,20.55,straightline,349,stanley,0.4,-268.48468017578125,37.087066650390625,0.07670540362596512,-2.024034655797935e-07,0.35,0.0,2.9144828331723953e-05,0.00012259930372237617,48,-1,5.150621701457141,501.76035941765775
412,20.6,straightline,349,stanley,0.4,-268.22906494140625,37.08740997314453,0.07668451964855194,2.7687809101101395e-07,0.35,0.0,2.9712497279885933e-05,0.00014348328113556458,48,-1,5.089672688084955,501.50474721325315
413,20.650000000000002,straightline,349,stanley,0.4,-267.974853515625,37.08774948120117,0.07668478041887283,4.3985658155241425e-07,0.35,0.0,2.834784102966276e-05,0.00014322251081466715,48,-1,5.082509670508875,501.2505388164429
414,20.700000000000003,straightline,349,stanley,0.4,-267.7222595214844,37.08809280395508,0.0766790509223938,-3.265746320302076e-08,0.35,0.0,3.2966694654817984e-05,0.00014895200729369749,48,-1,5.033751251751797,500.99794779703274
415,20.75,straightline,349,stanley,0.4,-267.4705810546875,37.08843231201172,0.07667689025402069,-2.3308755324985343e-07,0.35,0.0,3.4998486164094286e-05,0.00015111267566680323,48,-1,5.036117861095726,500.74627231386074
416,20.8,straightline,349,stanley,0.4,-267.2200622558594,37.088768005371094,0.07666870951652527,-1.6588773875111975e-08,0.35,0.0,3.4843231236567226e-05,0.00015929341316222966,49,-1,4.994858054744533,500.4957565025328
417,20.85,straightline,349,stanley,0.4,-266.96240234375,37.089111328125,0.07656487822532654,3.4224666589439854e-06,0.35,0.0,3.266918934272361e-05,0.0002631247043609649,49,-1,5.223462922032008,500.2380996788689
418,20.900000000000002,straightline,349,stanley,0.4,-266.70361328125,37.08945083618164,0.07671588659286499,1.8031870882916846e-09,0.35,0.0,2.516637449099542e-05,0.00011211633682250571,49,-1,5.147293316891689,499.97931375589025
419,20.950000000000003,straightline,349,stanley,0.4,-266.44708251953125,37.08979415893555,0.07670865952968597,2.801027308575196e-07,0.35,0.0,2.4506411718856377e-05,0.00011934340000152108,49,-1,5.127319589126477,499.72278606626776
420,21.0,straightline,349,stanley,0.4,-266.19268798828125,37.09013748168945,0.07670043408870697,1.943400531548771e-07,0.35,0.0,2.6710922960752957e-05,0.00012756884098053063,49,-1,5.069013634686447,499.4683945665381
421,21.05,straightline,349,stanley,0.4,-265.9395751953125,37.090476989746094,0.07669610530138016,3.005207116312742e-07,0.35,0.0,2.6819424774891017e-05,0.00013189762830734348,49,-1,5.063922891433172,499.2152848064982
422,21.1,straightline,349,stanley,0.4,-265.68798828125,37.0908203125,0.07670966535806656,-8.986452621450784e-07,0.35,0.0,3.278867329237732e-05,0.000118337571620938,49,-1,5.016758505921073,498.96370087272294
423,21.150000000000002,straightline,349,stanley,0.4,-265.43719482421875,37.091156005859375,0.07670770585536957,-7.713982658024989e-07,0.35,0.0,3.2265128848760075e-05,0.00012029707431793213,50,-1,5.0202464086560115,498.71291043185994
424,21.200000000000003,straightline,349,stanley,0.4,-265.18206787109375,37.091495513916016,0.0767010822892189,-1.1681386940217918e-07,0.35,0.0,2.9672840878235867e-05,0.00012692064046860012,50,-1,5.190870595720445,498.4577865631272
425,21.25,straightline,349,stanley,0.4,-264.9227600097656,37.09183883666992,0.07671687752008438,-2.4777280011798415e-08,0.35,0.0,2.5289061887850484e-05,0.00011112540960311288,50,-1,5.175185959303803,498.1984818514551
426,21.3,straightline,349,stanley,0.4,-264.6662292480469,37.09218215942383,0.07669726014137268,5.779507042229974e-07,0.35,0.0,2.4629099115711404e-05,0.00013074278831482077,50,-1,5.107540668512469,497.941954185474
427,21.35,straightline,349,stanley,0.4,-264.4114685058594,37.092525482177734,0.07669304311275482,4.701420816749843e-07,0.35,0.0,2.634255766948764e-05,0.00013495981693267584,50,-1,5.094533941908145,497.68719650581556
428,21.400000000000002,straightline,349,stanley,0.4,-264.1585998535156,37.092864990234375,0.07668282836675644,6.694817819979397e-07,0.35,0.0,2.67784279423726e-05,0.00014517456293105995,50,-1,5.041093703422171,497.43433090473343
429,21.450000000000003,straightline,349,stanley,0.4,-263.90673828125,37.09320831298828,0.07670126855373383,-5.860051830979578e-07,0.35,0.0,3.237938694376861e-05,0.0001267343759536787,50,-1,5.039784826905357,497.182472341623
430,21.5,straightline,349,stanley,0.4,-263.6562805175781,37.09354019165039,0.0766930878162384,1.2966576376371432e-07,0.35,0.0,2.84186330744196e-05,0.0001349151134490927,50,-1,4.995574637067098,496.9320176349872
431,21.55,straightline,349,stanley,0.4,-263.3988342285156,37.09388732910156,0.07665816694498062,1.0359816607136459e-06,0.35,0.0,3.0418379638488336e-05,0.00016983598470687346,51,-1,5.219011192322227,496.6745744530498
432,21.6,straightline,349,stanley,0.4,-263.1405334472656,37.0942268371582,0.0766868069767952,1.0311002034924014e-06,0.35,0.0,2.357030170425402e-05,0.00014119595289229834,51,-1,5.139422044206435,496.4162768493358
433,21.650000000000002,straightline,349,stanley,0.4,-262.8843688964844,37.09457015991211,0.07668815553188324,1.0026782544174507e-06,0.35,0.0,2.3401391620235415e-05,0.00013984739780426535,51,-1,5.119824886900359,496.1601154105949
434,21.700000000000003,straightline,349,stanley,0.4,-262.6303405761719,37.09490966796875,0.07670070230960846,7.543798398375764e-07,0.35,0.0,2.2282261714072385e-05,0.00012730062007904427,51,-1,5.061301855354107,495.9060901859205
435,21.75,straightline,349,stanley,0.4,-262.37762451171875,37.095252990722656,0.07669898122549057,2.235135647295042e-07,0.35,0.0,2.6737431109854167e-05,0.00012902170419693253,51,-1,5.055967054444237,495.65337716854896
436,21.8,straightline,349,stanley,0.4,-262.1264343261719,37.0955924987793,0.07671438902616501,-6.006623561877962e-07,0.35,0.0,2.942395953662425e-05,0.00011361390352249076,51,-1,5.008630974518021,495.4021900262494
437,21.85,straightline,349,stanley,0.4,-261.8726806640625,37.09593200683594,0.07671233266592026,-3.330106486849459e-07,0.35,0.0,2.8673119146551567e-05,0.00011567026376724003,51,-1,5.161093266372582,495.14843946419904
438,21.900000000000002,straightline,349,stanley,0.4,-261.6140441894531,37.096275329589844,0.07669060677289963,7.1867762515787e-07,0.35,0.0,2.5189603417720202e-05,0.00013739615678786925,51,-1,5.1433591950896504,494.8898061703796
439,21.950000000000003,straightline,349,stanley,0.4,-261.35772705078125,37.09661865234375,0.07669181376695633,2.1971357066212577e-07,0.35,0.0,2.8703429103493555e-05,0.00013618916273117453,52,-1,5.119364173033103,494.6334921675849
440,22.0,straightline,349,stanley,0.4,-261.10369873046875,37.09695816040039,0.07669064402580261,3.542950209770245e-07,0.35,0.0,2.7584299197330633e-05,0.00013735890388488745,52,-1,5.059161037907173,494.3794669634351
441,22.05,straightline,349,stanley,0.4,-260.8510437011719,37.0973014831543,0.07671135663986206,-8.302106461418407e-07,0.35,0.0,3.212131070779914e-05,0.00011664628982544264,52,-1,5.0524894300005245,494.1268150003041
442,22.1,straightline,349,stanley,0.4,-260.5999450683594,37.09763717651367,0.07669515907764435,-2.762898987795295e-07,0.35,0.0,3.1115908470419324e-05,0.00013284385204315318,52,-1,5.003888038581014,493.8757194538109
443,22.150000000000002,straightline,349,stanley,0.4,-260.3464050292969,37.09797668457031,0.07671699672937393,-7.220117129161653e-07,0.35,0.0,3.065151548175022e-05,0.00011100620031356615,52,-1,5.154817013301603,493.6221825309263
444,22.200000000000003,straightline,349,stanley,0.4,-260.08740234375,37.098323822021484,0.07669275254011154,-1.0092084415271019e-08,0.35,0.0,3.049164090097845e-05,0.00013525038957595373,52,-1,5.15337991798261,493.36318303020755
445,22.25,straightline,349,stanley,0.4,-259.83074951171875,37.09866714477539,0.07670700550079346,-3.3239329847757854e-07,0.35,0.0,2.9667993899466024e-05,0.00012099742889404706,52,-1,5.126549136514306,493.10653336196225
446,22.3,straightline,349,stanley,0.4,-259.57635498046875,37.09900665283203,0.07669966667890549,3.8806620508964644e-08,0.35,0.0,2.805781130518271e-05,0.00012833625078200782,52,-1,5.06416522168632,492.85214197529444
447,22.35,straightline,349,stanley,0.4,-259.3235168457031,37.09934997558594,0.07669447362422943,1.1526880035319047e-07,0.35,0.0,2.856632879839633e-05,0.00013352930545806546,53,-1,5.055736121230912,492.5993069311044
448,22.400000000000002,straightline,349,stanley,0.4,-259.07232666015625,37.09968566894531,0.0766996219754219,7.874876985404418e-08,0.35,0.0,2.743816338898655e-05,0.00012838095426559096,53,-1,5.005672825795991,492.34811985435755
449,22.450000000000003,straightline,349,stanley,0.4,-258.8188171386719,37.10002517700195,0.07669225335121155,4.466761359299735e-07,0.35,0.0,2.701469145766067e-05,0.00013574957847595703,53,-1,5.154447091826435,492.09461346918556
450,22.5,straightline,349,stanley,0.4,-258.5599060058594,37.10036849975586,0.07677451521158218,-1.4151119269500477e-06,0.35,0.0,2.3162886212739063e-05,5.348771810531005e-05,53,-1,5.153092466137372,491.8357055652981
451,22.55,straightline,349,stanley,0.4,-258.3033752441406,37.100711822509766,0.07671515643596649,3.491462494385698e-07,0.35,0.0,2.250292344060001e-05,0.00011284649372101355,53,-1,5.125187268132004,491.579177985901
452,22.6,straightline,349,stanley,0.4,-258.0492858886719,37.10105514526367,0.0767034962773323,3.081960352525596e-07,0.35,0.0,2.5116645255930333e-05,0.00012450665235519827,53,-1,5.061837537687544,491.325091764742
453,22.650000000000002,straightline,349,stanley,0.4,-257.79669189453125,37.10139465332031,0.07668677717447281,6.757803488032654e-07,0.35,0.0,2.5920805044905544e-05,0.00014122575521469124,53,-1,5.052680920705324,491.0725009015849
454,22.700000000000003,straightline,349,stanley,0.4,-257.5458068847656,37.10173416137695,0.0766892060637474,1.6702052533726646e-07,0.35,0.0,2.901654404510929e-05,0.00013879686594009914,53,-1,5.001913982489846,490.821618990099
455,22.75,straightline,349,stanley,0.4,-257.29254150390625,37.102073669433594,0.07667478919029236,2.0693896919360893e-07,0.35,0.0,3.280778162903942e-05,0.00015321373939513564,54,-1,5.1510204797526065,490.56835676133153
456,22.8,straightline,349,stanley,0.4,-257.0340576171875,37.1024169921875,0.07657097280025482,3.5858628689000735e-06,0.35,0.0,2.952887118692481e-05,0.00025703012943268066,54,-1,5.145426666668966,490.30987611596254
457,22.85,straightline,349,stanley,0.4,-256.77789306640625,37.10275650024414,0.076644167304039,1.984024626100542e-06,0.35,0.0,2.5545267266726193e-05,0.00018383562564849645,54,-1,5.11784264638552,490.05371478583925
458,22.900000000000002,straightline,349,stanley,0.4,-256.5241394042969,37.10309982299805,0.0766751691699028,6.607033642354745e-07,0.35,0.0,2.860912071283351e-05,0.0001528337597847039,54,-1,5.054946310452282,489.7999642719528
459,22.950000000000003,straightline,349,stanley,0.4,-256.2718811035156,37.10344314575195,0.07669535279273987,-5.803152093352619e-07,0.35,0.0,3.367810596876581e-05,0.00013265013694763045,54,-1,5.046021400474311,489.5477090911271
460,23.0,straightline,349,stanley,0.4,-256.02130126953125,37.10377502441406,0.07670164108276367,-2.635697859656628e-07,0.35,0.0,2.955366787004332e-05,0.00012636184692382346,54,-1,4.9954732173171585,489.2971324194958
461,23.05,straightline,349,stanley,0.4,-255.7642059326172,37.104122161865234,0.0766812339425087,1.747425045442758e-07,0.35,0.0,3.195135937323192e-05,0.00014676898717880016,54,-1,5.2062253859896135,489.0400402875132
462,23.1,straightline,349,stanley,0.4,-255.50698852539062,37.104461669921875,0.07668066769838333,8.12323383405477e-07,0.35,0.0,2.655597897468706e-05,0.00014733523130416572,54,-1,5.118571724573799,488.7828261412316
463,23.150000000000002,straightline,349,stanley,0.4,-255.25192260742188,37.10480499267578,0.07668217271566391,1.0633565554198868e-06,0.35,0.0,2.415910139652198e-05,0.00014583021402359177,55,-1,5.097798346209416,488.52776341710495
464,23.200000000000003,straightline,349,stanley,0.4,-254.9990997314453,37.10514450073242,0.07667911052703857,1.049299410250456e-06,0.35,0.0,2.4656353255421838e-05,0.00014889240264892413,55,-1,5.037866559156908,488.27494371561164
465,23.25,straightline,349,stanley,0.4,-254.7476348876953,37.10548400878906,0.07669834792613983,1.9378609570951578e-07,0.35,0.0,2.6974592166101666e-05,0.0001296550035476728,55,-1,5.031330553204926,488.02348202087273
466,23.3,straightline,349,stanley,0.4,-254.49588012695312,37.1058235168457,0.07669737935066223,2.852430572856137e-08,0.35,0.0,2.8904081032019466e-05,0.00013062357902527406,55,-1,5.1103689466582365,487.7717304188203
467,23.35,straightline,349,stanley,0.4,-254.23751831054688,37.10616683959961,0.07673750072717667,-6.84170892305077e-07,0.35,0.0,2.578885481927841e-05,9.050220251083431e-05,55,-1,5.1642323759563755,487.5133718809634
468,23.400000000000002,straightline,349,stanley,0.4,-253.9814453125,37.10650634765625,0.07672260701656342,1.936389399045238e-07,0.35,0.0,2.192801407110989e-05,0.00010539591312408255,55,-1,5.095928327802404,487.25730214114986
469,23.450000000000003,straightline,349,stanley,0.4,-253.72740173339844,37.106849670410156,0.07669884711503983,5.170338407324884e-07,0.35,0.0,2.4603117472455152e-05,0.0001291558146476695,55,-1,5.077109625581433,487.00326175549685
470,23.5,straightline,349,stanley,0.4,-253.47544860839844,37.1071891784668,0.07669532299041748,3.636137563530012e-07,0.35,0.0,2.626661946564116e-05,0.00013267993927002333,55,-1,5.01850122567944,486.75131180767926
471,23.55,straightline,349,stanley,0.4,-253.22425842285156,37.10752487182617,0.07669790089130402,-3.22768706941439e-08,0.35,0.0,2.9025795112739986e-05,0.0001301020383834792,56,-1,5.069065450691194,486.50012481146126
472,23.6,straightline,349,stanley,0.4,-252.9663543701172,37.10786819458008,0.0766582265496254,1.4811952152730612e-06,0.35,0.0,2.6524384760149623e-05,0.0001697763800621001,56,-1,5.154504198460156,486.24222404577296
473,23.650000000000002,straightline,349,stanley,0.4,-252.70965576171875,37.108211517333984,0.07666294276714325,1.4405510177220072e-06,0.35,0.0,2.5639356172621984e-05,0.0001650601625442542,56,-1,5.12566525148288,485.98552870224063
474,23.700000000000003,straightline,349,stanley,0.4,-252.45553588867188,37.108551025390625,0.0767022967338562,4.3350670746487274e-07,0.35,0.0,2.439746309442891e-05,0.0001257061958313041,56,-1,5.058637095420517,485.7314120672989
475,23.75,straightline,349,stanley,0.4,-252.203125,37.10889434814453,0.07670923322439194,-4.036478152503296e-07,0.35,0.0,2.9261843063644385e-05,0.0001187697052955666,56,-1,5.046239807245882,485.4790043585312
476,23.8,straightline,349,stanley,0.4,-251.9525604248047,37.10922622680664,0.07670251280069351,2.8592332634268116e-07,0.35,0.0,2.5157865493593504e-05,0.00012549012899398977,56,-1,4.99274128239688,485.22844300213416
477,23.85,straightline,349,stanley,0.4,-251.6956329345703,37.10957336425781,0.07661564648151398,2.5678013802043926e-06,0.35,0.0,2.778062281217058e-05,0.00021235644817352485,56,-1,5.198132779189206,484.971518771264
478,23.900000000000002,straightline,349,stanley,0.4,-251.4388885498047,37.10991287231445,0.07661430537700653,3.634144440026432e-06,0.35,0.0,1.927747218659695e-05,0.00021369755268096894,57,-1,5.10744929083942,484.71477769574193
479,23.950000000000003,straightline,349,stanley,0.4,-251.18431091308594,37.11025619506836,0.07666037976741791,2.0549263115015916e-06,0.35,0.0,2.1236457084433343e-05,0.00016762316226959567,57,-1,5.0856841665665815,484.4602033001294
480,24.0,straightline,349,stanley,0.4,-250.93199157714844,37.110595703125,0.07669490575790405,8.826314022692359e-07,0.35,0.0,2.240890638949885e-05,0.0001330971717834493,57,-1,5.0249394698394045,484.2078871852079
481,24.05,straightline,349,stanley,0.4,-250.6807098388672,37.11093521118164,0.07671069353818893,1.2704179590841973e-07,0.35,0.0,2.4972671644238873e-05,0.00011730939149856337,57,-1,5.071031579981657,483.95660864908723
482,24.1,straightline,349,stanley,0.4,-250.42306518554688,37.11127471923828,0.07674622535705566,-8.084365242197943e-08,0.35,0.0,1.900439644288691e-05,8.17775726318339e-05,57,-1,5.147897528056154,483.6989673392932
483,24.150000000000002,straightline,349,stanley,0.4,-250.1668701171875,37.11161422729492,0.07672157138586044,1.124513737584287e-06,0.35,0.0,1.4979871465344908e-05,0.00010643154382705852,57,-1,5.118460234258195,483.4427755868419
484,24.200000000000003,straightline,349,stanley,0.4,-249.9132537841797,37.11195755004883,0.07672610133886337,5.483058932748395e-07,0.35,0.0,1.822786966949744e-05,0.0001019015908241216,57,-1,5.050750005337804,483.18916249242784
485,24.25,straightline,349,stanley,0.4,-249.66136169433594,37.112300872802734,0.07672722637653351,-2.1254148599973656e-07,0.35,0.0,2.378790761355023e-05,0.0001007765531539918,57,-1,5.037898063264065,482.93727360738745
486,24.3,straightline,349,stanley,0.4,-249.4095001220703,37.11263656616211,0.07673316448926926,-5.770903126164134e-07,0.35,0.0,2.564681999909493e-05,9.48384404182485e-05,58,-1,5.109520018873201,482.68541529314643
487,24.35,straightline,349,stanley,0.4,-249.15158081054688,37.112979888916016,0.07670217007398605,6.562306834233276e-07,0.35,0.0,2.312494911783263e-05,0.00012583285570145212,58,-1,5.152247301580167,482.42749932470934
488,24.400000000000002,straightline,349,stanley,0.4,-248.89620971679688,37.11332321166992,0.07668013870716095,1.1297884407445642e-06,0.35,0.0,2.401998652474158e-05,0.00014786422252654948,58,-1,5.082064915994749,482.1721315224007
489,24.450000000000003,straightline,349,stanley,0.4,-248.64295959472656,37.11366271972656,0.07668115198612213,1.0990248254908238e-06,0.35,0.0,2.3944343580834437e-05,0.00014685094356536507,58,-1,5.063095023103742,481.91888467447944
490,24.5,straightline,349,stanley,0.4,-248.391845703125,37.1140022277832,0.07670311629772186,7.015071652650633e-08,0.35,0.0,2.6733174650962952e-05,0.0001248866319656424,58,-1,5.0042672708266505,481.66777401413333
491,24.55,straightline,349,stanley,0.4,-248.1387176513672,37.114341735839844,0.0766809731721878,7.876052999278674e-07,0.35,0.0,2.682121593642928e-05,0.0001470297574996976,58,-1,5.145476395216473,481.41464924119214
492,24.6,straightline,349,stanley,0.4,-247.88124084472656,37.114681243896484,0.0765666738152504,4.771324595412229e-06,0.35,0.0,2.1078006550465903e-05,0.0002613291144371006,58,-1,5.120939524528007,481.1571758120321
493,24.650000000000002,straightline,349,stanley,0.4,-247.62635803222656,37.11502456665039,0.07664389908313751,2.3506073695842024e-06,0.35,0.0,2.2627780874868563e-05,0.00018410384654998278,58,-1,5.092579346216814,480.90229629894674
494,24.700000000000003,straightline,349,stanley,0.4,-247.3739471435547,37.11536407470703,0.07666230201721191,2.140782675750685e-06,0.35,0.0,1.9914959863381052e-05,0.00016570091247558334,59,-1,5.028088209521458,480.6498886845894
495,24.75,straightline,349,stanley,0.4,-247.1230926513672,37.115699768066406,0.07671013474464417,8.572852976586556e-07,0.35,0.0,1.9236926084748333e-05,0.00011786818504334003,59,-1,5.017776180065841,480.3990374615635
496,24.8,straightline,349,stanley,0.4,-246.8687286376953,37.11604309082031,0.07673320174217224,-1.5757736383629358e-08,0.35,0.0,2.148235838398836e-05,9.480118751525428e-05,59,-1,5.1633498050730555,480.1446767471008
497,24.85,straightline,349,stanley,0.4,-246.6117706298828,37.11638259887695,0.07666784524917603,2.477375059212802e-06,0.35,0.0,1.6434806972862135e-05,0.00016015768051147445,59,-1,5.128118729480696,479.88772212439585
498,24.900000000000002,straightline,349,stanley,0.4,-246.3577880859375,37.11672592163086,0.07670091092586517,1.145903286914099e-06,0.35,0.0,1.919175248889422e-05,0.0001270920038223313,59,-1,5.056510912881232,479.63374287883704
499,24.950000000000003,straightline,349,stanley,0.4,-246.105712890625,37.1170654296875,0.07673286646604538,3.0298391836814805e-08,0.35,0.0,2.0691570252706637e-05,9.51364636421153e-05,59,-1,5.040772974396617,479.3816709690355
500,25.0,straightline,349,stanley,0.4,-245.8538055419922,37.117401123046875,0.07673899084329605,1.586055932338911e-07,0.35,0.0,1.8601759995727626e-05,8.90120863914506e-05,59,-1,5.1080324269091495,479.12976693121715
501,25.05,straightline,349,stanley,0.4,-245.5963592529297,37.11774444580078,0.07673576474189758,5.052924106226848e-07,0.35,0.0,1.6714165503287646e-05,9.22381877899128e-05,59,-1,5.138099015609242,478.87232402796303
502,25.1,straightline,349,stanley,0.4,-245.3418426513672,37.11808776855469,0.07673553377389908,-2.8574795426450284e-07,0.35,0.0,2.2642333572319524e-05,9.246915578841733e-05,60,-1,5.06413944017736,478.6178107515715
503,25.150000000000002,straightline,349,stanley,0.4,-245.08937072753906,37.118431091308594,0.0767354890704155,-9.159704471352895e-07,0.35,0.0,2.7424871426848393e-05,9.251385927200046e-05,60,-1,5.045496519588659,478.36534211162734
504,25.200000000000003,straightline,349,stanley,0.4,-244.83901977539062,37.1187629699707,0.07672560214996338,-1.7406088116913546e-07,0.35,0.0,2.360734125820104e-05,0.00010240077972412489,60,-1,4.986873382136571,478.11499447630285
505,25.25,straightline,349,stanley,0.4,-244.5826873779297,37.119102478027344,0.0767376571893692,1.300936833236061e-07,0.35,0.0,1.9398671522613862e-05,9.034574031829337e-05,60,-1,5.182096367176043,477.858665480745
506,25.3,straightline,349,stanley,0.4,-244.326904296875,37.11944580078125,0.07672145962715149,5.029065970728649e-07,0.35,0.0,1.9741274655387287e-05,0.00010654330253601634,60,-1,5.0868978324740075,477.60288576798575
507,25.35,straightline,349,stanley,0.4,-244.07347106933594,37.11978530883789,0.0767129436135292,7.760242903032279e-07,0.35,0.0,1.9420105367419895e-05,0.00011505931615829134,60,-1,5.063524431841771,477.3494558859955
508,25.400000000000002,straightline,349,stanley,0.4,-243.8223114013672,37.12012481689453,0.0767216756939888,1.3800933271342664e-07,0.35,0.0,2.2147554851533456e-05,0.00010632723569870204,60,-1,5.00098547377141,477.09829951704154
509,25.450000000000003,straightline,349,stanley,0.4,-243.56942749023438,37.12046432495117,0.07672768831253052,-9.07164020000042e-09,0.35,0.0,2.2562964595746653e-05,0.00010031461715698272,60,-1,5.13856842529884,476.8454189468421
510,25.5,straightline,349,stanley,0.4,-243.31246948242188,37.12080383300781,0.07673750817775726,8.194075008397093e-07,0.35,0.0,1.377336656876939e-05,9.049475193023298e-05,61,-1,5.106524476151765,476.58846437409176
511,25.55,straightline,349,stanley,0.4,-243.05824279785156,37.12114715576172,0.07674112170934677,3.927229189091064e-07,0.35,0.0,1.6202943626054565e-05,8.68812203407253e-05,61,-1,5.077452002119379,476.3342410424982
512,25.6,straightline,349,stanley,0.4,-242.8065948486328,37.12148666381836,0.07672443985939026,5.710772014501529e-07,0.35,0.0,1.8275656192674034e-05,0.00010356307029723648,61,-1,5.0116104284862395,476.08259641823025
513,25.650000000000002,straightline,349,stanley,0.4,-242.55343627929688,37.121826171875,0.0767289251089096,4.986486499307236e-07,0.35,0.0,1.832277642079703e-05,9.907782077789511e-05,61,-1,5.144581879723953,475.8294412111871
514,25.700000000000003,straightline,349,stanley,0.4,-242.2965545654297,37.12216567993164,0.07674089074134827,7.73397132605874e-07,0.35,0.0,1.3377527653029252e-05,8.711218833922985e-05,61,-1,5.106155185420857,475.572562946276
515,25.75,straightline,349,stanley,0.4,-242.04248046875,37.12250900268555,0.07672344893217087,9.219858671541619e-07,0.35,0.0,1.601170999703124e-05,0.00010455399751662933,61,-1,5.076626413903917,475.3184922145398
516,25.8,straightline,349,stanley,0.4,-241.79095458984375,37.12284851074219,0.07672782987356186,4.771063134265632e-07,0.35,0.0,1.82481067930243e-05,0.00010017305612564443,61,-1,5.010112396310505,475.0669696730976
517,25.85,straightline,349,stanley,0.4,-241.53782653808594,37.12318801879883,0.07671244442462921,9.673099880738452e-07,0.35,0.0,1.833614807849075e-05,0.00011555850505829465,61,-1,5.143450436496803,474.81384499832274
518,25.900000000000002,straightline,349,stanley,0.4,-241.2810516357422,37.123531341552734,0.07675634324550629,-6.76868631168342e-07,0.35,0.0,2.1236157904113394e-05,7.165968418121736e-05,62,-1,5.104315134044572,474.55707353273783
519,25.950000000000003,straightline,349,stanley,0.4,-241.0270233154297,37.123870849609375,0.0767064243555069,8.779577733086616e-07,0.35,0.0,2.0117027997950472e-05,0.00012157857418060286,62,-1,5.074827251267337,474.30304861728087
520,26.0,straightline,349,stanley,0.4,-240.77557373046875,37.124210357666016,0.07669414579868317,8.884410688161576e-07,0.35,0.0,2.245572743730202e-05,0.0001338571310043376,62,-1,5.008163501521293,474.0516023833948
521,26.05,straightline,349,stanley,0.4,-240.52255249023438,37.124549865722656,0.07667475193738937,1.4891842390892546e-06,0.35,0.0,2.268699242347011e-05,0.00015325099229812985,62,-1,5.141401276795756,473.7985845332149
522,26.1,straightline,349,stanley,0.4,-240.265869140625,37.12489318847656,0.07662618905305862,2.9650557790773375e-06,0.35,0.0,2.182242436461426e-05,0.00020181387662888102,62,-1,5.101477113779413,473.54190463403415
523,26.150000000000002,straightline,349,stanley,0.4,-240.01202392578125,37.1252326965332,0.07666230201721191,2.029758004365536e-06,0.35,0.0,2.094882080251137e-05,0.00016570091247558334,62,-1,5.071991759530847,473.288062835518
524,26.200000000000003,straightline,349,stanley,0.4,-239.7607421875,37.125572204589844,0.0766967311501503,6.746700498083042e-07,0.35,0.0,2.3512586057251503e-05,0.00013127177953720456,62,-1,5.005360845269336,473.03678445994615
525,26.25,straightline,349,stanley,0.4,-239.5078582763672,37.125911712646484,0.07674162834882736,-5.811932549578591e-07,0.35,0.0,2.39279958014647e-05,8.63745808601331e-05,62,-1,5.13875610866701,472.78390395132675
526,26.3,straightline,349,stanley,0.4,-239.2513427734375,37.12625503540039,0.07685160636901855,-3.184734854115427e-06,0.35,0.0,1.9546446942146113e-05,-2.360343933105841e-05,63,-1,5.098565195824615,472.52739191085624
527,26.35,straightline,349,stanley,0.4,-238.9976043701172,37.12659454345703,0.07679226994514465,-1.409598960759774e-06,0.35,0.0,1.8816067080745205e-05,3.57329845428411e-05,63,-1,5.069211522934173,472.2736569371117
528,26.400000000000002,straightline,349,stanley,0.4,-238.74644470214844,37.12693405151367,0.07674840092658997,-5.455494610610088e-07,0.35,0.0,2.1543516564858658e-05,7.96020030975379e-05,63,-1,5.002632915458142,472.02250064458013
529,26.450000000000003,straightline,349,stanley,0.4,-238.49368286132812,37.12727355957031,0.0767311304807663,-5.264438340925005e-08,0.35,0.0,2.2122610538445378e-05,9.687244892120622e-05,63,-1,5.136127987074508,471.76974221914486
530,26.5,straightline,349,stanley,0.4,-238.23727416992188,37.12761306762695,0.07672368735074997,6.916758466529545e-07,0.35,0.0,1.7811638159499754e-05,0.00010431557893753588,63,-1,5.095847589261062,471.5133370292935
531,26.55,straightline,349,stanley,0.4,-237.98370361328125,37.12795639038086,0.0767146646976471,5.085219116489672e-07,0.35,0.0,2.1121017949667282e-05,0.00011333823204040309,63,-1,5.066550676899148,471.2597698885521
532,26.6,straightline,349,stanley,0.4,-237.73269653320312,37.128292083740234,0.076728455722332,1.9233088966174438e-07,0.35,0.0,2.0238378884317697e-05,9.954720735549309e-05,63,-1,4.997320996539434,471.0087662216649
533,26.650000000000002,straightline,349,stanley,0.4,-237.47642517089844,37.12863540649414,0.07671643048524857,6.648312469828589e-07,0.35,0.0,1.9926245099597274e-05,0.00011157244443893171,63,-1,5.171671224145482,470.7524983441755
534,26.700000000000003,straightline,349,stanley,0.4,-237.22142028808594,37.12897491455078,0.07672978937625885,4.48374403577487e-08,0.35,0.0,2.138498241495532e-05,9.821355342865032e-05,64,-1,5.071255975931328,470.49749694722396
535,26.75,straightline,349,stanley,0.4,-236.96884155273438,37.12931823730469,0.07673870027065277,-8.257475559676796e-07,0.35,0.0,2.602429656878226e-05,8.93026590347285e-05,64,-1,5.045800767237162,470.2449216211166
536,26.8,straightline,349,stanley,0.4,-236.71690368652344,37.12965393066406,0.07674459367990494,-6.831774321375618e-07,0.35,0.0,2.3893565254459812e-05,8.340924978256833e-05,64,-1,5.102477003101976,469.9929872049108
537,26.85,straightline,349,stanley,0.4,-236.45989990234375,37.130001068115234,0.07669948786497116,2.9928401345400634e-07,0.35,0.0,2.6414019929678643e-05,0.00012851506471634033,64,-1,5.128465838602246,469.7359869125445
538,26.900000000000002,straightline,349,stanley,0.4,-236.2059783935547,37.130340576171875,0.07672560214996338,-3.7220027738472227e-07,0.35,0.0,2.5438113724217458e-05,0.00010240077972412489,64,-1,5.0507648542318595,469.4820688810594
539,26.950000000000003,straightline,349,stanley,0.4,-235.95433044433594,37.130680084228516,0.07673807442188263,-1.0131101994864812e-06,0.35,0.0,2.751082629083709e-05,8.992850780486742e-05,64,-1,5.028430863218037,469.23042436146727
540,27.0,straightline,349,stanley,0.4,-235.69989013671875,37.131019592285156,0.0767098069190979,9.285080380694678e-08,0.35,0.0,2.583926211053851e-05,0.00011819601058959972,64,-1,5.151906706385658,468.9759875509382
541,27.05,straightline,349,stanley,0.4,-235.44393920898438,37.13136291503906,0.0767088532447815,6.529289414421384e-08,0.35,0.0,2.602944664825235e-05,0.00011914968490601077,65,-1,5.104640958492026,468.72004013299176
542,27.1,straightline,349,stanley,0.4,-235.19119262695312,37.1317024230957,0.07673005759716034,-6.685850739488875e-07,0.35,0.0,2.6629001150510804e-05,9.794533252716398e-05,65,-1,5.029359900009221,468.4672970175541
543,27.150000000000002,straightline,349,stanley,0.4,-234.93995666503906,37.132041931152344,0.07674888521432877,-1.5223508083253302e-06,0.35,0.0,2.925414799126577e-05,7.911771535873728e-05,65,-1,5.063864935150902,468.21606449176113
544,27.200000000000003,straightline,349,stanley,0.4,-234.6834716796875,37.132381439208984,0.07682804763317108,-3.182128765816493e-06,0.35,0.0,2.484087296896186e-05,-4.4703483583126556e-08,65,-1,5.113732848155397,467.9595830663142
545,27.25,straightline,349,stanley,0.4,-234.42919921875,37.13272476196289,0.07676083594560623,-1.5889827261435551e-06,0.35,0.0,2.720906844023192e-05,6.716698408126224e-05,65,-1,5.078831309767642,467.7053140930808
546,27.3,straightline,349,stanley,0.4,-234.17776489257812,37.13306427001953,0.07673577964305878,-1.23193960716546e-06,0.35,0.0,2.956822840825509e-05,9.222328662872256e-05,65,-1,5.00700462224272,467.4538832195453
547,27.35,straightline,349,stanley,0.4,-233.92503356933594,37.13340377807617,0.07675270736217499,-1.6982185379170677e-06,0.35,0.0,3.0188243439185263e-05,7.529556751251661e-05,65,-1,5.135063162496698,467.20115538259313
548,27.400000000000002,straightline,349,stanley,0.4,-233.6689910888672,37.13374328613281,0.07680066674947739,-2.613255471397455e-06,0.35,0.0,2.6368323748360073e-05,2.7336180210112814e-05,65,-1,5.086842140831545,466.94511646830045
549,27.450000000000003,straightline,349,stanley,0.4,-233.4159393310547,37.13408660888672,0.07675579935312271,-1.8801963417665826e-06,0.35,0.0,3.04460087336934e-05,7.220357656479137e-05,66,-1,5.055929669322705,466.6920681864058
550,27.5,straightline,349,stanley,0.4,-233.16554260253906,37.134422302246094,0.07671508938074112,-7.628173933120926e-07,0.35,0.0,3.0381790815211282e-05,0.00011291354894637582,66,-1,4.98738338059262,466.44167492858486
551,27.55,straightline,349,stanley,0.4,-232.909912109375,37.134761810302734,0.07673349231481552,-7.396227385211548e-07,0.35,0.0,2.7114305398521425e-05,9.451061487197639e-05,66,-1,5.161357721793296,466.18604800445814
552,27.6,straightline,349,stanley,0.4,-232.6555633544922,37.13510513305664,0.0767204612493515,-7.293627563728039e-07,0.35,0.0,2.9380198226433118e-05,0.00010754168033599809,66,-1,5.0601014297826055,465.93170276743825
553,27.650000000000002,straightline,349,stanley,0.4,-232.4037322998047,37.13544464111328,0.07671400904655457,-8.027240462080131e-07,0.35,0.0,3.120738444899255e-05,0.00011399388313293491,66,-1,5.033601729361525,465.67987520265103
554,27.700000000000003,straightline,349,stanley,0.4,-232.15255737304688,37.13577651977539,0.07671400904655457,-1.248565306507105e-07,0.35,0.0,2.628498573207437e-05,0.00011399388313293491,66,-1,5.089454586237639,465.42870380648657
555,27.75,straightline,349,stanley,0.4,-231.89637756347656,37.1361198425293,0.0765882208943367,3.5095272823938234e-06,0.35,0.0,2.609561511938399e-05,0.00023978203535080392,66,-1,5.1139350444977785,465.1725275692278
556,27.8,straightline,349,stanley,0.4,-231.6433563232422,37.1364631652832,0.07662522792816162,1.873779335765422e-06,0.35,0.0,3.0141573941732053e-05,0.00020277500152588097,66,-1,5.035208616442866,464.9195098326186
557,27.85,straightline,349,stanley,0.4,-231.39208984375,37.13679885864258,0.0766703188419342,7.584859195212184e-07,0.35,0.0,2.8983753109292597e-05,0.0001576840877532992,67,-1,5.065376536948559,464.6682468721476
558,27.900000000000002,straightline,349,stanley,0.4,-231.13577270507812,37.137142181396484,0.07678671926259995,-2.4877905358236982e-06,0.35,0.0,2.8610237738557124e-05,4.128366708755134e-05,67,-1,5.1084221516208705,464.4119333214111
559,27.950000000000003,straightline,349,stanley,0.4,-230.8817596435547,37.137481689453125,0.07670357078313828,4.205983769263175e-09,0.35,0.0,2.7511568361065922e-05,0.00012443214654922225,67,-1,5.073170704136319,464.15792382468555
560,28.0,straightline,349,stanley,0.4,-230.630615234375,37.1378173828125,0.07666905224323273,1.0784416667668025e-06,0.35,0.0,2.6444784537671027e-05,0.00015895068645476728,67,-1,5.000360356287227,463.90678294399504
561,28.05,straightline,349,stanley,0.4,-230.3782196044922,37.13815689086914,0.07662570476531982,2.266276697744112e-06,0.35,0.0,2.751493119937814e-05,0.00020229816436768166,67,-1,5.127692038473208,463.6543908496925
562,28.1,straightline,349,stanley,0.4,-230.12266540527344,37.13849639892578,0.07648509740829468,6.6569453610952085e-06,0.35,0.0,2.4349748426046784e-05,0.00034290552139282286,67,-1,5.077270220882862,463.3988402634144
563,28.150000000000002,straightline,349,stanley,0.4,-229.87005615234375,37.13883972167969,0.07659952342510223,2.7722131070458945e-06,0.35,0.0,2.8948141522530343e-05,0.00022847950458527178,67,-1,5.047030872448017,463.1462345333022
564,28.200000000000003,straightline,349,stanley,0.4,-229.618408203125,37.13917541503906,0.07665163278579712,1.5422695586258775e-06,0.35,0.0,2.7206160252969853e-05,0.00017637014389037522,67,-1,5.094498324831317,462.8945901406731
565,28.25,straightline,349,stanley,0.4,-229.36219787597656,37.13951873779297,0.07675373554229736,-1.3445802961185007e-06,0.35,0.0,2.704851580326512e-05,7.426738739014198e-05,68,-1,5.1093553287601,462.6383834282955
566,28.3,straightline,349,stanley,0.4,-229.10923767089844,37.13985824584961,0.07671304047107697,-2.759207891386563e-07,0.35,0.0,2.7361622904119938e-05,0.00011496245861053619,68,-1,5.031967453789958,462.38542679262605
567,28.35,straightline,349,stanley,0.4,-228.85806274414062,37.14019775390625,0.07669514417648315,-9.473231785539847e-08,0.35,0.0,3.006861185956178e-05,0.00013285875320434343,68,-1,5.060583350832733,462.1342553978434
568,28.400000000000002,straightline,349,stanley,0.4,-228.60198974609375,37.14053726196289,0.07663971185684204,2.0160474029033798e-06,0.35,0.0,2.6207771111393178e-05,0.00018829107284545736,68,-1,5.101850514240513,461.8781860500703
569,28.450000000000003,straightline,349,stanley,0.4,-228.34823608398438,37.1408805847168,0.07664941996335983,1.3185667761600076e-06,0.35,0.0,2.9271624557500537e-05,0.00017858296632766545,68,-1,5.065622347655586,461.6244359623442
570,28.5,straightline,349,stanley,0.4,-228.09739685058594,37.14121627807617,0.07666155695915222,1.0020887034837402e-06,0.35,0.0,2.861405130753932e-05,0.0001664459705352814,68,-1,4.9917899355907025,461.37360029158674
571,28.55,straightline,349,stanley,0.4,-227.841796875,37.14155960083008,0.07664607465267181,1.488067039412096e-06,0.35,0.0,2.9202180784373023e-05,0.0001819282770156868,68,-1,5.1542984930556175,461.11800394189305
572,28.6,straightline,349,stanley,0.4,-227.5877685546875,37.141902923583984,0.07664062082767487,1.218463114030785e-06,0.35,0.0,3.18977447143899e-05,0.00018738210201262943,68,-1,5.0508719294508175,460.8639792149742
573,28.650000000000002,straightline,349,stanley,0.4,-227.3363494873047,37.14223861694336,0.07666100561618805,7.903324234490242e-07,0.35,0.0,3.053531859523368e-05,0.00016699731349945676,69,-1,5.0225323425584865,460.6125637363106
574,28.700000000000003,straightline,349,stanley,0.4,-227.08251953125,37.142581939697266,0.07659006118774414,2.5276138092413266e-06,0.35,0.0,3.349686939798258e-05,0.0002379417419433565,69,-1,5.135911484271095,460.3587373774146
575,28.75,straightline,349,stanley,0.4,-226.8275909423828,37.14292526245117,0.07671228796243668,-1.1999326510239299e-06,0.35,0.0,3.4985262136370246e-05,0.00011571496725082316,69,-1,5.083950776293263,460.103812415707
576,28.8,straightline,349,stanley,0.4,-226.57606506347656,37.14326477050781,0.07671380788087845,-1.6062910963696465e-06,0.35,0.0,3.722165893236336e-05,0.00011419504880904655,69,-1,5.005758871235513,459.85229011447643
577,28.85,straightline,349,stanley,0.4,-226.3236083984375,37.14360046386719,0.07668425142765045,-2.8564005296003126e-07,0.35,0.0,3.439526964320376e-05,0.00014375150203705091,69,-1,5.1270707911306435,459.59983707930985
578,28.900000000000002,straightline,349,stanley,0.4,-226.06842041015625,37.143943786621094,0.07668425142765045,-4.804201239371382e-07,0.35,0.0,3.553583339417285e-05,0.00014375150203705091,69,-1,5.072183794907742,459.34465273705723
579,28.950000000000003,straightline,349,stanley,0.4,-225.8162841796875,37.144283294677734,0.07662283629179001,1.0583343311036677e-06,0.35,0.0,3.695380904329855e-05,0.00020516663789749127,69,-1,5.03743785209259,459.09252011125056
580,29.0,straightline,349,stanley,0.4,-225.565185546875,37.144615173339844,0.07665892690420151,6.929348142575971e-07,0.35,0.0,3.213371296973875e-05,0.00016907602548599758,69,-1,5.085165286033428,458.8414251152384
581,29.05,straightline,349,stanley,0.4,-225.30958557128906,37.14495849609375,0.07652890682220459,4.3350365740500324e-06,0.35,0.0,3.279448966690126e-05,0.00029909610748291184,70,-1,5.10005577792348,458.58582880824656
582,29.1,straightline,349,stanley,0.4,-225.05723571777344,37.14529800415039,0.07658679783344269,2.467591915467261e-06,0.35,0.0,3.392601791462333e-05,0.00024120509624481293,70,-1,5.021507195877433,458.3334825771575
583,29.150000000000002,straightline,349,stanley,0.4,-224.80679321289062,37.1456298828125,0.07662906497716904,1.7951909862926593e-06,0.35,0.0,2.9985724573945987e-05,0.00019893795251845766,70,-1,5.049158981416283,458.083043706323
584,29.200000000000003,straightline,349,stanley,0.4,-224.55145263671875,37.145973205566406,0.07654737681150436,4.038390599504178e-06,0.35,0.0,3.092168303819824e-05,0.0002806261181831377,70,-1,5.088026435883249,457.8277068055477
585,29.25,straightline,349,stanley,0.4,-224.29847717285156,37.14631652832031,0.07661474496126175,1.5536272987607145e-06,0.35,0.0,3.50290234465614e-05,0.00021325796842575144,70,-1,5.052876152892177,457.57473496545225
586,29.3,straightline,349,stanley,0.4,-224.0467529296875,37.14665222167969,0.07664893567562103,8.507593317008665e-07,0.35,0.0,3.318473953364267e-05,0.00017906725406646607,70,-1,5.0943449434418016,457.3230143732003
587,29.35,straightline,349,stanley,0.4,-223.7908935546875,37.146995544433594,0.07665448635816574,6.689717713660245e-07,0.35,0.0,3.342504002305758e-05,0.00017351657152175583,70,-1,5.103480525439465,457.06715869889604
588,29.400000000000002,straightline,349,stanley,0.4,-223.53839111328125,37.147335052490234,0.07664913684129715,6.325458982363268e-07,0.35,0.0,3.435196298406289e-05,0.00017886608839035443,70,-1,5.023314996452314,456.81465990919634
589,29.450000000000003,straightline,349,stanley,0.4,-223.28787231445312,37.14767074584961,0.07665936648845673,3.8390894117181923e-07,0.35,0.0,3.419670805653594e-05,0.00016863644123078008,71,-1,5.049824065860682,456.5641447455381
590,29.5,straightline,349,stanley,0.4,-223.03257751464844,37.14801025390625,0.07667190581560135,4.202844851776928e-07,0.35,0.0,3.137935427062325e-05,0.00015609711408614792,71,-1,5.086472068222114,456.3088536723927
591,29.55,straightline,349,stanley,0.4,-222.77967834472656,37.148353576660156,0.07666780799627304,-3.6797171085213334e-08,0.35,0.0,3.558899732234485e-05,0.00016019493341445625,71,-1,5.050937707931523,456.0559581502264
592,29.6,straightline,349,stanley,0.4,-222.52806091308594,37.14868927001953,0.07668255269527435,-2.019865243782043e-07,0.35,0.0,3.38879371101278e-05,0.00014545023441314762,71,-1,5.092155239670833,455.80434439277604
593,29.650000000000002,straightline,349,stanley,0.4,-222.27232360839844,37.14903259277344,0.07668499648571014,-3.1605788732689013e-07,0.35,0.0,3.42919218289163e-05,0.00014300644397735284,71,-1,5.10106290210773,455.54861081212294
594,29.700000000000003,straightline,349,stanley,0.4,-222.01998901367188,37.14937210083008,0.07668127864599228,-4.304967450329333e-07,0.35,0.0,3.544391060531014e-05,0.00014672428369521702,71,-1,5.020744244713188,455.2962798910303
595,29.75,straightline,349,stanley,0.4,-221.7670135498047,37.14971160888672,0.07665251940488815,4.567411518311648e-07,0.35,0.0,3.573655717749335e-05,0.0001754835247993513,71,-1,5.135009178229274,455.0433081204306
596,29.8,straightline,349,stanley,0.4,-221.5117950439453,37.15005111694336,0.07662421464920044,1.5578824889559992e-06,0.35,0.0,3.3021506034939044e-05,0.00020378828048706537,71,-1,5.070246794791306,454.78809336582043
597,29.85,straightline,349,stanley,0.4,-221.25973510742188,37.150390625,0.0766516774892807,5.378233514110377e-07,0.35,0.0,3.459397101908033e-05,0.00017632544040680452,72,-1,5.033823771160461,454.53603710943895
598,29.900000000000002,straightline,349,stanley,0.4,-221.0057373046875,37.15073013305664,0.0766531378030777,7.219928287367588e-07,0.35,0.0,3.3515762170260735e-05,0.00017486512660980127,72,-1,5.1346819675109145,454.2820430375918
599,29.950000000000003,straightline,349,stanley,0.4,-220.75106811523438,37.15107345581055,0.076624296605587,1.2634257247639259e-06,0.35,0.0,3.535198389606703e-05,0.00020370632410050046,72,-1,5.080105070347909,454.02737757313474
600,30.0,straightline,349,stanley,0.4,-220.4998321533203,37.15140914916992,0.076630599796772,1.1656313845624219e-06,0.35,0.0,3.416243690064208e-05,0.0001974031329154908,72,-1,4.9994585689768325,453.7761453111387
601,30.05,straightline,349,stanley,0.4,-220.24435424804688,37.15175247192383,0.07659845799207687,2.1172935284343444e-06,0.35,0.0,3.491425060684917e-05,0.00022954493761062823,72,-1,5.147821737813688,453.5206711591194
602,30.1,straightline,349,stanley,0.4,-219.99078369140625,37.152095794677734,0.076571524143219,2.365329469071165e-06,0.35,0.0,3.8223630397016695e-05,0.0002564787864685053,72,-1,5.043524131267864,453.2671043143818
603,30.150000000000002,straightline,349,stanley,0.4,-219.7393341064453,37.15243148803711,0.07661518454551697,1.3290605459691413e-06,0.35,0.0,3.674763600018823e-05,0.0002128183841705339,72,-1,5.064265624456446,453.01565844763667
604,30.200000000000003,straightline,349,stanley,0.4,-219.48355102539062,37.15277099609375,0.0767049491405487,-7.631806056542797e-07,0.35,0.0,3.3275545296781615e-05,0.00012305378913879633,72,-1,5.0921026992506135,452.75987916704565
605,30.25,straightline,349,stanley,0.4,-219.2303924560547,37.153114318847656,0.07667085528373718,-3.303416468639979e-07,0.35,0.0,3.721000658141334e-05,0.00015714764595031413,73,-1,5.054783574590077,452.5067243129908
606,30.3,straightline,349,stanley,0.4,-218.97860717773438,37.15345001220703,0.07664511352777481,6.894523607144021e-07,0.35,0.0,3.528388055380792e-05,0.00018288940191268674,73,-1,5.093564270936236,452.2549427742371
607,30.35,straightline,349,stanley,0.4,-218.72283935546875,37.15379333496094,0.07659761607646942,2.0053535087037796e-06,0.35,0.0,3.5646944215252986e-05,0.00023038685321808146,73,-1,5.099690587749227,451.99917873908964
608,30.400000000000002,straightline,349,stanley,0.4,-218.47059631347656,37.15413284301758,0.07661880552768707,1.15949081737615e-06,0.35,0.0,3.692169616367695e-05,0.00020919740200042492,73,-1,5.01842554919405,451.74693943010755
609,30.450000000000003,straightline,349,stanley,0.4,-218.2177734375,37.15447235107422,0.07662906497716904,9.095343439016177e-07,0.35,0.0,3.7418948022576945e-05,0.00019893795251845766,73,-1,5.1320006267325615,451.49412030559176
610,30.5,straightline,349,stanley,0.4,-217.9627685546875,37.15481185913086,0.07662906497716904,1.1622710496220449e-06,0.35,0.0,3.499034428142622e-05,0.00019893795251845766,73,-1,5.067151488239279,451.2391192315232
611,30.55,straightline,349,stanley,0.4,-217.71096801757812,37.1551513671875,0.0766090676188469,1.457417733770057e-06,0.35,0.0,3.6858451561328984e-05,0.00021893531084060973,73,-1,5.030400558366511,450.9873224300762
612,30.6,straightline,349,stanley,0.4,-217.4571990966797,37.15549087524414,0.07658936083316803,2.2035856019163212e-06,0.35,0.0,3.615979786291334e-05,0.00023864209651947146,74,-1,5.130875216002807,450.73355729700825
613,30.650000000000002,straightline,349,stanley,0.4,-217.20281982421875,37.15583419799805,0.07666302472352982,-2.3811532551739462e-07,0.35,0.0,3.838476963348176e-05,0.00016497820615768926,74,-1,5.075891385870464,450.4791818051377
614,30.700000000000003,straightline,349,stanley,0.4,-216.95184326171875,37.15616989135742,0.07665439695119858,3.8420256174306706e-08,0.35,0.0,3.7543051625475395e-05,0.0001736059784889221,74,-1,4.994874156294429,450.2282089982703
615,30.75,straightline,349,stanley,0.4,-216.6966094970703,37.15651321411133,0.07665657997131348,-1.980070900477316e-08,0.35,0.0,3.862223379042949e-05,0.00017142295837402477,74,-1,5.142790229121429,449.972979044017
616,30.8,straightline,349,stanley,0.4,-216.443359375,37.156856536865234,0.07670426368713379,-1.970138524089298e-06,0.35,0.0,4.236128468270234e-05,0.00012373924255370863,74,-1,5.0382921775454435,449.7197326886447
617,30.85,straightline,349,stanley,0.4,-216.19224548339844,37.15719223022461,0.07668760418891907,-1.3388668169084502e-06,0.35,0.0,4.133542191665085e-05,0.00014039874076842825,74,-1,5.058970124812627,449.4686225694588
618,30.900000000000002,straightline,349,stanley,0.4,-215.93682861328125,37.15753173828125,0.07672189921140671,-1.905770864545927e-06,0.35,0.0,3.835438390136468e-05,0.00010610371828078641,74,-1,5.08674040713702,449.21320955451506
619,30.950000000000003,straightline,349,stanley,0.4,-215.6840057373047,37.157875061035156,0.0767076388001442,-2.094225781400279e-06,0.35,0.0,4.266632959644477e-05,0.00012036412954330682,74,-1,5.0492098823797935,448.9603904483889
620,31.0,straightline,349,stanley,0.4,-215.43255615234375,37.15821075439453,0.07667217403650284,-8.582747101836616e-07,0.35,0.0,4.12629824199449e-05,0.00015582889318466157,75,-1,5.087886630594596,448.70894465756896
621,31.05,straightline,349,stanley,0.4,-215.1771240234375,37.15855407714844,0.07669514417648315,-1.6123085768189e-06,0.35,0.0,4.207617771216719e-05,0.00013285875320434343,75,-1,5.0943908054672775,448.4535163713381
622,31.1,straightline,349,stanley,0.4,-214.92518615722656,37.15889358520508,0.07667147368192673,-1.243999317411377e-06,0.35,0.0,4.3760140234024806e-05,0.00015652924776077653,75,-1,5.01280766286579,448.2015822936135
623,31.150000000000002,straightline,349,stanley,0.4,-214.6726531982422,37.15923309326172,0.07667974382638931,-1.4666261710905085e-06,0.35,0.0,4.464614213768676e-05,0.00014825910329818387,75,-1,5.126554341305896,447.94905314221205
624,31.200000000000003,straightline,349,stanley,0.4,-214.4179229736328,37.15957260131836,0.07665599882602692,-5.953832435344627e-07,0.35,0.0,4.258582791262634e-05,0.00017200410366058057,75,-1,5.061100097802515,447.69432678361386
625,31.25,straightline,349,stanley,0.4,-214.16639709472656,37.159912109375,0.07664007693529129,-4.7209167896327164e-07,0.35,0.0,4.4822224708619414e-05,0.00018792599439621587,75,-1,5.024474078622011,447.4428046967378
626,31.3,straightline,349,stanley,0.4,-213.91290283203125,37.16025161743164,0.07666128128767014,-9.116520195260332e-07,0.35,0.0,4.441921330596531e-05,0.00016672164201736908,75,-1,5.125188211472654,447.1893142789476
627,31.35,straightline,349,stanley,0.4,-213.65882873535156,37.16059112548828,0.07661882787942886,3.920765140173992e-07,0.35,0.0,4.323870181378712e-05,0.00020917505025863336,75,-1,5.070074303621736,446.93524404604864
628,31.400000000000002,straightline,349,stanley,0.4,-213.4081573486328,37.160926818847656,0.07662442326545715,1.9145200502839663e-07,0.35,0.0,4.285838107087169e-05,0.0002035796642303524,76,-1,4.989066984640899,446.68457647078816
629,31.450000000000003,straightline,349,stanley,0.4,-213.1531982421875,37.16127014160156,0.07660240679979324,7.98505291023391e-07,0.35,0.0,4.430585275191608e-05,0.00022559612989425952,76,-1,5.137482106975355,446.4296212323986
630,31.5,straightline,349,stanley,0.4,-212.90020751953125,37.1616096496582,0.07663313299417496,-2.3208352545777064e-07,0.35,0.0,4.457803879542757e-05,0.00019486993551254224,76,-1,5.032952382135084,446.17663436074014
631,31.55,straightline,349,stanley,0.4,-212.6493377685547,37.16194534301758,0.07664214074611664,-3.7519143927511793e-07,0.35,0.0,4.387954448812308e-05,0.00018586218357086526,76,-1,5.0536481951465575,445.92576843984943
632,31.6,straightline,349,stanley,0.4,-212.39418029785156,37.162288665771484,0.07664917409420013,-6.976216391029575e-07,0.35,0.0,4.50610292964355e-05,0.00017882883548736022,76,-1,5.0811567678517084,445.670614856079
633,31.650000000000002,straightline,349,stanley,0.4,-212.14161682128906,37.162628173828125,0.07664849609136581,-8.311224037940583e-07,0.35,0.0,4.590611014275409e-05,0.0001795068383216836,76,-1,5.043672593875593,445.4180552338608
634,31.700000000000003,straightline,349,stanley,0.4,-211.8904266357422,37.1629638671875,0.07662581652402878,7.810760309789578e-09,0.35,0.0,4.477794473334415e-05,0.00020218640565872385,76,-1,5.0825590811609365,445.16686890014444
635,31.75,straightline,349,stanley,0.4,-211.63526916503906,37.16330337524414,0.07665004581212997,-3.383409443112666e-07,0.35,0.0,4.214473570547661e-05,0.0001779571175575265,76,-1,5.088993810809187,444.91171535728705
636,31.8,straightline,349,stanley,0.4,-211.3835906982422,37.16364288330078,0.07664936035871506,-1.1810933522894441e-06,0.35,0.0,4.806386827126163e-05,0.0001786425709724388,77,-1,5.007448503700594,444.6600407368555
637,31.85,straightline,349,stanley,0.4,-211.13131713867188,37.16398239135742,0.07665404677391052,-1.332862038212692e-06,0.35,0.0,4.929769916234229e-05,0.00017395615577697334,77,-1,5.12143081051146,444.4077710430327
638,31.900000000000002,straightline,349,stanley,0.4,-210.8768768310547,37.16432189941406,0.07661250978708267,-1.1227294840925044e-08,0.35,0.0,4.762613498204393e-05,0.00021549314260483322,77,-1,5.055955997566544,444.1533346596279
639,31.950000000000003,straightline,349,stanley,0.4,-210.62559509277344,37.16465759277344,0.07661900669336319,-7.862837872358579e-08,0.35,0.0,4.6375206400603886e-05,0.00020899623632431326,77,-1,5.0193639985854,443.9020567986951
640,32.0,straightline,349,stanley,0.4,-210.37234497070312,37.16499710083008,0.07663296163082123,-3.4858790765951786e-07,0.35,0.0,4.6299563456696745e-05,0.0001950412988662734,77,-1,5.120142000713519,443.648810580687
641,32.050000000000004,straightline,349,stanley,0.4,-210.1184844970703,37.165340423583984,0.07660748809576035,-6.304562780578069e-08,0.35,0.0,4.922019320210226e-05,0.0002205148339271597,77,-1,5.0648189999217115,443.3949540041142
642,32.1,straightline,349,stanley,0.4,-209.8681182861328,37.165672302246094,0.07661737501621246,5.537562053400588e-08,0.35,0.0,4.5382202504783294e-05,0.00021062791347503527,77,-1,4.983873831353659,443.1445916886671
643,32.15,straightline,349,stanley,0.4,-209.61343383789062,37.166015625,0.07657163590192795,1.3028617839874113e-06,0.35,0.0,4.719796370191787e-05,0.0002563670277595475,77,-1,5.132199727151123,442.8899111674709
644,32.2,straightline,349,stanley,0.4,-209.36070251464844,37.16635513305664,0.07653104513883591,2.7440866698658955e-06,0.35,0.0,4.407593211699684e-05,0.0002969577908515977,78,-1,5.0277339922659285,442.63718375424185
645,32.25,straightline,349,stanley,0.4,-209.11009216308594,37.16668701171875,0.0765615701675415,2.4359324198137753e-06,0.35,0.0,3.991057296093086e-05,0.00026643276214599203,78,-1,5.048612181497278,442.38657731834644
646,32.300000000000004,straightline,349,stanley,0.4,-208.85516357421875,37.167030334472656,0.07656201720237732,2.2595274054729547e-06,0.35,0.0,4.139896569931863e-05,0.0002659857273101856,78,-1,5.076419959256649,442.13165267692455
647,32.35,straightline,349,stanley,0.4,-208.6028594970703,37.16737365722656,0.07657532393932343,1.1889006671182265e-06,0.35,0.0,4.6406569369235843e-05,0.0002526789903640762,78,-1,5.038958592966078,441.8793524863146
648,32.4,straightline,349,stanley,0.4,-208.3519287109375,37.16770553588867,0.07659302651882172,1.3219691070906805e-06,0.35,0.0,4.1811539111064516e-05,0.00023497641086577933,78,-1,5.0779642061238714,441.62842563803343
649,32.45,straightline,349,stanley,0.4,-208.09698486328125,37.16804885864258,0.07672024518251419,-2.494983995629251e-06,0.35,0.0,4.327947132078049e-05,0.00010775774717331239,78,-1,5.0844848196624515,441.3734857525773
650,32.5,straightline,349,stanley,0.4,-207.8455352783203,37.16838836669922,0.0766688659787178,-1.4241580191026322e-06,0.35,0.0,4.561817076013204e-05,0.00015913695096970114,78,-1,5.002770822053714,441.12204007394456
651,32.550000000000004,straightline,349,stanley,0.4,-207.59349060058594,37.168724060058594,0.07665351778268814,-5.613795952855136e-07,0.35,0.0,4.334421574510804e-05,0.00017448514699935713,78,-1,5.116976694289942,440.86999934926206
652,32.6,straightline,349,stanley,0.4,-207.33924865722656,37.1690673828125,0.07669752091169357,-2.7068500151791817e-06,0.35,0.0,4.9640673330230214e-05,0.00013048201799392334,79,-1,5.05137863470244,440.6157613648964
653,32.65,straightline,349,stanley,0.4,-207.08819580078125,37.16939926147461,0.0766434520483017,-5.876102003763102e-07,0.35,0.0,4.488195884268546e-05,0.00018455088138580162,79,-1,5.014784399452285,440.36471247318883
654,32.7,straightline,349,stanley,0.4,-206.83517456054688,37.16973876953125,0.07659360766410828,9.225917326241767e-07,0.35,0.0,4.511322382885351e-05,0.00023439526557922352,79,-1,5.115762633677423,440.11169519791224
655,32.75,straightline,349,stanley,0.4,-206.58157348632812,37.170082092285156,0.07668884843587875,-2.2847575095126663e-06,0.35,0.0,4.838168256167768e-05,0.00013915449380875173,79,-1,5.060338593725376,439.8580980810066
656,32.800000000000004,straightline,349,stanley,0.4,-206.33140563964844,37.170413970947266,0.07665721327066422,-1.013006928396129e-06,0.35,0.0,4.480967873709058e-05,0.0001707896590232845,79,-1,4.979333702943109,439.6079341911022
657,32.85,straightline,349,stanley,0.4,-206.07693481445312,37.17075729370117,0.07669439166784286,-2.1731513862811834e-06,0.35,0.0,4.691188733562876e-05,0.0001336112618446304,79,-1,5.127740068591953,439.3534673548384
658,32.9,straightline,349,stanley,0.4,-205.82443237304688,37.17109680175781,0.07669368386268616,-2.398477821487186e-06,0.35,0.0,4.783881029663407e-05,0.00013431906700134668,79,-1,5.023163579505067,439.1009688845885
659,32.95,straightline,349,stanley,0.4,-205.57403564453125,37.17142868041992,0.07663791626691818,-2.755933923935107e-07,0.35,0.0,4.395989854197161e-05,0.00019008666276932164,79,-1,5.044181629019119,438.8505761330316
660,33.0,straightline,349,stanley,0.4,-205.31935119628906,37.17177200317383,0.07650160044431686,3.898908802970571e-06,0.35,0.0,4.203361312325499e-05,0.0003264024853706318,80,-1,5.071791180902796,438.5958956937442
661,33.050000000000004,straightline,349,stanley,0.4,-205.0672607421875,37.17211151123047,0.07656271755695343,1.9199606283344037e-06,0.35,0.0,4.351297035839596e-05,0.00026528537273407064,80,-1,5.034379222760981,438.34380921488264
662,33.1,straightline,349,stanley,0.4,-204.81349182128906,37.17245101928711,0.07664872705936432,-3.376499889959681e-07,0.35,0.0,4.274166943965161e-05,0.00017927587032317904,80,-1,5.126109953896543,438.09004431668893
663,33.15,straightline,349,stanley,0.4,-204.55943298339844,37.17279052734375,0.07653956115245819,2.8693627401777147e-06,0.35,0.0,4.158161847614524e-05,0.0002884417772293102,80,-1,5.068665553626668,437.83598951379906
664,33.2,straightline,349,stanley,0.4,-204.3088836669922,37.173126220703125,0.07657723873853683,1.739318629602534e-06,0.35,0.0,4.131279527094602e-05,0.00025076419115066523,80,-1,4.9861988568459825,437.58544417525826
665,33.25,straightline,349,stanley,0.4,-204.0541534423828,37.17346954345703,0.0766163170337677,5.520971138203081e-07,0.35,0.0,4.306717488206568e-05,0.00021168589591980279,80,-1,5.1310778256423095,437.3307179853581
666,33.300000000000004,straightline,349,stanley,0.4,-203.80148315429688,37.17380905151367,0.07663128525018692,-8.157606964563042e-08,0.35,0.0,4.376903202768241e-05,0.00019671767950057853,80,-1,5.026296732950984,437.07805171168013
667,33.35,straightline,349,stanley,0.4,-203.5509796142578,37.17414474487305,0.07662182301282883,2.388619693664523e-07,0.35,0.0,4.356159040849825e-05,0.00020617991685867567,80,-1,5.046807116844712,436.82755216292145
668,33.4,straightline,349,stanley,0.4,-203.29617309570312,37.17448806762695,0.07673290371894836,-3.619828548270235e-06,0.35,0.0,4.9101008432768335e-05,9.50992107391335e-05,81,-1,5.07370005407397,436.5727496958551
669,33.45,straightline,349,stanley,0.4,-203.04400634765625,37.174827575683594,0.07666346430778503,-1.862145828952836e-06,0.35,0.0,5.047806302455071e-05,0.00016453862190247176,81,-1,5.036146547632036,436.32058696409234
670,33.5,straightline,349,stanley,0.4,-202.79318237304688,37.1751594543457,0.076616071164608,1.1668319872849968e-07,0.35,0.0,4.60262564670812e-05,0.00021193176507949756,81,-1,5.075078145292404,436.06976703089595
671,33.550000000000004,straightline,349,stanley,0.4,-202.53839111328125,37.17550277709961,0.07661602646112442,-9.008905782080689e-08,0.35,0.0,4.769879396351404e-05,0.0002119764685630807,81,-1,5.0814760313063605,435.81497983715167
672,33.6,straightline,349,stanley,0.4,-202.287109375,37.175838470458984,0.07662422955036163,-2.6110392034440075e-07,0.35,0.0,4.644786538207405e-05,0.00020377337932586271,81,-1,4.999749092693336,435.5637021345784
673,33.65,straightline,349,stanley,0.4,-202.03195190429688,37.17618179321289,0.07662989944219589,-4.098982113819109e-07,0.35,0.0,4.762935019038644e-05,0.00019810348749160577,81,-1,5.138078063827198,435.30854874929827
674,33.7,straightline,349,stanley,0.4,-201.77894592285156,37.17652130126953,0.07663404941558838,-6.886805803363021e-07,0.35,0.0,4.788107570522632e-05,0.0001939535140991254,81,-1,5.03240776349786,435.05554683041913
675,33.75,straightline,349,stanley,0.4,-201.5281524658203,37.176856994628906,0.07661739736795425,-1.1195949300456324e-07,0.35,0.0,4.728488404128015e-05,0.0002106055617332437,81,-1,5.051597903990977,434.8047574114191
676,33.800000000000004,straightline,349,stanley,0.4,-201.273193359375,37.17720031738281,0.07658082246780396,1.2589271441595852e-06,0.35,0.0,4.499030910647345e-05,0.00024718046188355045,82,-1,5.076368771934412,434.5498024003874
677,33.85,straightline,349,stanley,0.4,-201.02088928222656,37.17753982543945,0.07660291343927383,4.2914302176496333e-07,0.35,0.0,4.618321894021057e-05,0.00022508949041366732,82,-1,5.038530053949943,434.2975023827246
678,33.9,straightline,349,stanley,0.4,-200.7699737548828,37.17787551879883,0.07660818845033646,4.218606978411838e-07,0.35,0.0,4.542334304689092e-05,0.00021981447935104473,82,-1,5.076954958248431,434.0465909114443
679,33.95,straightline,349,stanley,0.4,-200.51510620117188,37.178218841552734,0.07663987576961517,-6.788060343927642e-07,0.35,0.0,4.699357789996538e-05,0.0001881271600723275,82,-1,5.083000608601311,433.79172746592525
680,34.0,straightline,349,stanley,0.4,-200.2637481689453,37.17855453491211,0.0766226276755333,-1.0780255791280841e-07,0.35,0.0,4.564034667516693e-05,0.00020537525415420424,82,-1,5.00123346704761,433.5403735111752
681,34.050000000000004,straightline,349,stanley,0.4,-200.01177978515625,37.178890228271484,0.07660199701786041,8.929556206758593e-07,0.35,0.0,4.346869430350115e-05,0.00022600591182708415,82,-1,5.115360615749219,433.2884092256343
682,34.1,straightline,349,stanley,0.4,-199.75762939453125,37.17923355102539,0.07656124234199524,1.6562242420318181e-06,0.35,0.0,4.6000574004144814e-05,0.00026676058769226416,82,-1,5.049291954186985,433.03426293986826
683,34.15,straightline,349,stanley,0.4,-199.50621032714844,37.179569244384766,0.07658614963293076,1.1468439714094796e-06,0.35,0.0,4.456550066465957e-05,0.00024185329675674344,82,-1,5.0634426294962775,432.78284796659904
684,34.2,straightline,349,stanley,0.4,-199.25083923339844,37.17991256713867,0.0765441283583641,1.7537429947855501e-06,0.35,0.0,4.934787912807734e-05,0.0002838745713233915,83,-1,5.08315857640118,432.5274810195145
685,34.25,straightline,349,stanley,0.4,-198.9982147216797,37.18025207519531,0.07655465602874756,1.3048419107560059e-06,0.35,0.0,5.0111117859709224e-05,0.00027334690093993794,83,-1,5.044251437282758,432.2748606158318
686,34.300000000000004,straightline,349,stanley,0.4,-198.74703979492188,37.18058776855469,0.076581209897995,7.359289167653471e-07,0.35,0.0,4.9003412978971e-05,0.000246793031692505,83,-1,5.080972959325367,432.02368979201964
687,34.35,straightline,349,stanley,0.4,-198.4920196533203,37.180931091308594,0.07660479098558426,-1.0753965497085527e-07,0.35,0.0,5.036904254532861e-05,0.00022321194410323812,83,-1,5.0858869513491545,431.7686738033673
688,34.4,straightline,349,stanley,0.4,-198.24053955078125,37.181270599365234,0.07659391313791275,-2.0403617972499549e-07,0.35,0.0,5.266682092733673e-05,0.0002340897917747554,83,-1,5.003645191781439,431.51719779434086
689,34.45,straightline,349,stanley,0.4,-197.9884796142578,37.18160629272461,0.07663708925247192,-9.909865596246698e-07,0.35,0.0,5.037240538364085e-05,0.0001909136772155722,83,-1,5.117285767997714,431.2651419990136
690,34.5,straightline,349,stanley,0.4,-197.73423767089844,37.18194580078125,0.07675547897815704,-4.275858749342957e-06,0.35,0.0,4.896682807607419e-05,7.252395153046215e-05,83,-1,5.051048905484942,431.01090423130853
691,34.550000000000004,straightline,349,stanley,0.4,-197.48321533203125,37.182281494140625,0.07666316628456116,-1.5669059963756756e-06,0.35,0.0,4.806372848205299e-05,0.00016483664512633855,83,-1,5.014328862171784,430.7598860168134
692,34.6,straightline,349,stanley,0.4,-197.230224609375,37.182621002197266,0.07664579153060913,-5.026467156806523e-07,0.35,0.0,4.459386790971317e-05,0.00018221139907836334,84,-1,5.11509276485111,430.50689944745466
693,34.65,straightline,349,stanley,0.4,-196.97665405273438,37.18296432495117,0.07654615491628647,1.853339186599478e-06,0.35,0.0,4.790324769988086e-05,0.0002818480134010351,84,-1,5.0597096033415685,430.2533330368392
694,34.7,straightline,349,stanley,0.4,-196.72650146484375,37.18329620361328,0.07657679170370102,1.3441882297507498e-06,0.35,0.0,4.4351704403965315e-05,0.0002512112259864841,84,-1,4.9786593841588225,430.00318459346835
695,34.75,straightline,349,stanley,0.4,-196.47206115722656,37.18363571166992,0.0765952467918396,1.1989293147889395e-06,0.35,0.0,4.268014022366688e-05,0.0002327561378479002,84,-1,5.126779414415224,429.7487484925723
696,34.800000000000004,straightline,349,stanley,0.4,-196.21961975097656,37.18397521972656,0.07658391445875168,1.2777514770645813e-06,0.35,0.0,4.3688905299358975e-05,0.00024408847093582522,84,-1,5.022271008311423,429.4963112458684
697,34.85,straightline,349,stanley,0.4,-195.96676635742188,37.1843147277832,0.07656564563512802,1.86155022487143e-06,0.35,0.0,4.414523610091561e-05,0.00026235729455947524,84,-1,5.130419402557688,429.24346202783687
698,34.9,straightline,349,stanley,0.4,-195.71214294433594,37.18465805053711,0.07652876526117325,2.589856274884091e-06,0.35,0.0,4.6042839412737064e-05,0.00029923766851425014,84,-1,5.058777970912828,428.9888428143235
699,34.95,straightline,349,stanley,0.4,-195.46075439453125,37.184993743896484,0.07656887918710709,1.0736542911640202e-06,0.35,0.0,4.8536028187103975e-05,0.0002591237425804117,85,-1,5.0209194439206515,428.7374584396016
700,35.0,straightline,349,stanley,0.4,-195.20751953125,37.185333251953125,0.07654903829097748,1.7686787831831585e-06,0.35,0.0,4.84808457718685e-05,0.00027896463871002284,85,-1,5.118836398932831,428.48422777749516
701,35.050000000000004,straightline,349,stanley,0.4,-194.95375061035156,37.18567657470703,0.07659744471311569,-7.669735303747585e-08,0.35,0.0,5.1524238689304165e-05,0.00023055821657181263,85,-1,5.062747742737128,428.2304630493893
702,35.1,straightline,349,stanley,0.4,-194.70347595214844,37.18600845336914,0.07660406082868576,1.1373579323357688e-07,0.35,0.0,4.78090111640153e-05,0.00022394210100173354,85,-1,4.981338011090213,427.98019258017297
703,35.15,straightline,349,stanley,0.4,-194.4489288330078,37.18635177612305,0.07663938403129578,-9.703402005206222e-07,0.35,0.0,4.980891711919507e-05,0.0001886188983917295,85,-1,5.128637624931238,427.72564968482914
704,35.2,straightline,349,stanley,0.4,-194.19638061523438,37.18669128417969,0.07663397490978241,-1.0610184979959472e-06,0.35,0.0,5.0674458494185336e-05,0.000194028019905089,85,-1,5.024029310981592,427.47310567106086
705,35.25,straightline,349,stanley,0.4,-193.94595336914062,37.18702697753906,0.07660198956727982,-1.0625578405510645e-07,0.35,0.0,5.056931951835967e-05,0.00022601336240768546,85,-1,5.044842878341606,427.2226826058479
706,35.300000000000004,straightline,349,stanley,0.4,-193.6912384033203,37.1873664855957,0.07659546285867691,3.789704124963911e-07,0.35,0.0,4.8529465821970904e-05,0.00023254007101058589,85,-1,5.072205297810441,426.9679719118606
707,35.35,straightline,349,stanley,0.4,-193.4391326904297,37.187705993652344,0.07658123970031738,1.0356672986581555e-06,0.35,0.0,4.6246315912588844e-05,0.0002467632293701121,86,-1,5.034739200141956,426.7158704070083
708,35.4,straightline,349,stanley,0.4,-193.18536376953125,37.188045501708984,0.07657208293676376,1.503247154452204e-06,0.35,0.0,4.54750149938445e-05,0.00025591999292374107,86,-1,5.126306243398995,426.4621057435234
709,35.45,straightline,349,stanley,0.4,-192.93128967285156,37.18838882446289,0.0766197219491005,-2.6407687091432113e-07,0.35,0.0,4.810919733784643e-05,0.00020828098058700808,86,-1,5.068788973008623,426.20803588990054
710,35.5,straightline,349,stanley,0.4,-192.6807403564453,37.188720703125,0.07660549134016037,5.760175874661425e-07,0.35,0.0,4.402568029646719e-05,0.0002225115895271356,86,-1,4.986357360642951,425.95749081163154
711,35.550000000000004,straightline,349,stanley,0.4,-192.42601013183594,37.189064025878906,0.07659316807985306,8.676526962404792e-07,0.35,0.0,4.578005990758679e-05,0.00023483484983444103,86,-1,5.131398511111889,425.7027648581747
712,35.6,straightline,349,stanley,0.4,-192.17330932617188,37.18940734863281,0.07660284638404846,-1.1380299464809868e-07,0.35,0.0,5.025568983204026e-05,0.00022515654563904202,86,-1,5.0265223294223595,425.45006827499884
713,35.65,straightline,349,stanley,0.4,-191.9228057861328,37.18973922729492,0.07659774273633957,5.803736447972677e-07,0.35,0.0,4.623355437667609e-05,0.0002302601933479334,86,-1,5.046961522321159,425.1995689877287
714,35.7,straightline,349,stanley,0.4,-191.66799926757812,37.19008255004883,0.07660098373889923,3.0614921375788906e-07,0.35,0.0,4.788563134443713e-05,0.00022701919078826856,86,-1,5.073683292674122,424.94476675844425
715,35.75,straightline,349,stanley,0.4,-191.41583251953125,37.19042205810547,0.07659672200679779,-3.025588382606929e-07,0.35,0.0,5.315002699272844e-05,0.0002312809228897067,87,-1,5.036203177187294,424.69260426245677
716,35.800000000000004,straightline,349,stanley,0.4,-191.16500854492188,37.190757751464844,0.07659073173999786,3.818735119310987e-09,0.35,0.0,5.251291427143894e-05,0.00023727118968963447,87,-1,5.075144887304556,424.44178453722213
717,35.85,straightline,349,stanley,0.4,-190.9102325439453,37.191097259521484,0.07654324173927307,1.6425268815344197e-06,0.35,0.0,5.0391218460363514e-05,0.00028476119041442784,87,-1,5.081478792096014,424.1870128687793
718,35.9,straightline,349,stanley,0.4,-190.658935546875,37.19143295288086,0.07657793909311295,7.11531220293137e-07,0.35,0.0,4.911982935025186e-05,0.0002500638365745503,87,-1,4.999743940327325,423.9357201444368
719,35.95,straightline,349,stanley,0.4,-190.4037628173828,37.191776275634766,0.07663365453481674,-8.550193171840698e-07,0.35,0.0,5.02808536298926e-05,0.0001943483948707598,87,-1,5.138143149236811,423.68055174107116
720,36.0,straightline,349,stanley,0.4,-190.1507568359375,37.19211959838867,0.07661522924900055,-9.92302622045597e-07,0.35,0.0,5.43472729809124e-05,0.0002127736806869508,87,-1,5.0324292811612965,423.4275500330801
721,36.050000000000004,straightline,349,stanley,0.4,-189.89996337890625,37.19245147705078,0.07659696787595749,1.2812232037163902e-07,0.35,0.0,4.993638748078627e-05,0.00023103505373001194,87,-1,5.051660985264238,423.1767608793341
722,36.1,straightline,349,stanley,0.4,-189.6449737548828,37.19279479980469,0.07656002789735794,1.0341655062497769e-06,0.35,0.0,5.134293810448733e-05,0.0002679750323295602,87,-1,5.0767854206648995,422.9217755928876
723,36.15,straightline,349,stanley,0.4,-189.39266967773438,37.19313430786133,0.07657428830862045,9.081183855123027e-07,0.35,0.0,4.879380132237336e-05,0.0002537146210670522,88,-1,5.038837229959369,422.6694758145175
724,36.2,straightline,349,stanley,0.4,-189.14175415039062,37.1934700012207,0.07658636569976807,7.08977422830177e-07,0.35,0.0,4.803392542905365e-05,0.00024163722991942912,88,-1,5.077212187137439,422.4185645819455
725,36.25,straightline,349,stanley,0.4,-188.88687133789062,37.193809509277344,0.07665517181158066,-9.57800928353127e-07,0.35,0.0,4.576900591727641e-05,0.00017283111810684356,88,-1,5.083243276557616,422.1636861485895
726,36.300000000000004,straightline,349,stanley,0.4,-188.63548278808594,37.194149017333984,0.07661383599042892,-1.9025006100715413e-07,0.35,0.0,4.818954747131464e-05,0.00021416693925857934,88,-1,5.0013341641735,421.9123018891403
727,36.35,straightline,349,stanley,0.4,-188.38351440429688,37.19448471069336,0.07660582661628723,4.5736982975048187e-07,0.35,0.0,4.601789509964892e-05,0.00022217631340027457,88,-1,5.115491148272128,421.66033784481436
728,36.4,straightline,349,stanley,0.4,-188.12936401367188,37.19482421875,0.07659760117530823,7.818270270032059e-07,0.35,0.0,4.473508096411238e-05,0.00023040175437927167,88,-1,5.049564620847659,421.4061918300827
729,36.45,straightline,349,stanley,0.4,-187.87841796875,37.195159912109375,0.0765986293554306,8.146575451846904e-07,0.35,0.0,4.393428401344951e-05,0.00022937357425689705,88,-1,5.012928466774856,421.15525010790475
730,36.5,straightline,349,stanley,0.4,-187.62545776367188,37.195499420166016,0.07662320882081985,1.8556626041745018e-07,0.35,0.0,4.424739111430422e-05,0.00020479410886764846,88,-1,5.113863531153337,420.90229425750454
731,36.550000000000004,straightline,349,stanley,0.4,-187.37196350097656,37.19584274291992,0.07655195891857147,1.216865665796532e-06,0.35,0.0,5.152595407566739e-05,0.00027604401111602875,89,-1,5.0583384060671275,420.6488043413882
732,36.6,straightline,349,stanley,0.4,-187.12022399902344,37.1961784362793,0.07657473534345627,8.475836043778484e-07,0.35,0.0,4.9661209634076914e-05,0.00025326758623123337,89,-1,5.090071968070275,420.39706920010576
733,36.65,straightline,349,stanley,0.4,-186.86488342285156,37.1965217590332,0.07658194750547409,5.228301983258082e-07,0.35,0.0,5.059716809832914e-05,0.00024605542421340823,89,-1,5.091412761902259,420.14173303174607
734,36.7,straightline,349,stanley,0.4,-186.61309814453125,37.196861267089844,0.07657608389854431,3.350719197103465e-07,0.35,0.0,5.248573590690362e-05,0.00025191903114318793,89,-1,5.008022311180511,419.8899520982648
735,36.75,straightline,349,stanley,0.4,-186.36085510253906,37.19719696044922,0.07658810168504715,4.670679641524448e-07,0.35,0.0,4.99457940191476e-05,0.00023990124464035064,89,-1,5.120346615801819,419.6377134472277
736,36.800000000000004,straightline,349,stanley,0.4,-186.10653686523438,37.19753646850586,0.07662855088710785,-5.787012354571508e-07,0.35,0.0,4.843791406822261e-05,0.0001994520425796512,89,-1,5.052717075633595,419.3833996348457
737,36.85,straightline,349,stanley,0.4,-185.8554229736328,37.197872161865234,0.07659786194562912,3.857505788599776e-07,0.35,0.0,4.74120513021711e-05,0.00023014098405837425,89,-1,5.015720137423534,419.1322901145314
738,36.9,straightline,349,stanley,0.4,-185.60235595703125,37.198211669921875,0.07659677416086197,5.162917991093117e-07,0.35,0.0,4.758193470232432e-05,0.0002312287688255347,89,-1,5.115898873569655,418.87922749989264
739,36.95,straightline,349,stanley,0.4,-185.34877014160156,37.19855499267578,0.0764714777469635,3.594462550428179e-06,0.35,0.0,5.0943501184148995e-05,0.00035652518272400173,90,-1,5.060437491851614,418.6256460779992
740,37.0,straightline,349,stanley,0.4,-185.0985870361328,37.19888687133789,0.07653459161520004,2.156212324545922e-06,0.35,0.0,4.7351036830890064e-05,0.00029341131448745223,90,-1,4.979290131061426,418.37546736320013
741,37.050000000000004,straightline,349,stanley,0.4,-184.8441162109375,37.19922637939453,0.07654368132352829,2.2951011186997833e-06,0.35,0.0,4.563855159324821e-05,0.00028432160615921037,90,-1,5.127422079127141,418.12100099520984
742,37.1,straightline,349,stanley,0.4,-184.59161376953125,37.19956588745117,0.07653051614761353,2.4290575505832204e-06,0.35,0.0,4.6565474554253585e-05,0.000297486782073969,90,-1,5.022841961096495,417.86850296271814
743,37.15,straightline,349,stanley,0.4,-184.33876037597656,37.19990539550781,0.07655619829893112,1.7648406517382775e-06,0.35,0.0,4.702180535581021e-05,0.0002718046307563822,90,-1,5.130855951846019,417.615653993322
744,37.2,straightline,349,stanley,0.4,-184.08412170410156,37.20024871826172,0.07654350996017456,1.7993573334588314e-06,0.35,0.0,4.889894813895994e-05,0.0002844929695129415,90,-1,5.059156259402785,417.36101977202867
745,37.25,straightline,349,stanley,0.4,-183.83273315429688,37.200584411621094,0.0765812024474144,8.564320711811985e-07,0.35,0.0,4.7504795856818135e-05,0.0002468004822731063,90,-1,5.021228719653039,417.10963564569585
746,37.300000000000004,straightline,349,stanley,0.4,-183.5794677734375,37.200923919677734,0.07658834755420685,7.829437372458759e-07,0.35,0.0,4.740869238423944e-05,0.00023965537548065587,90,-1,5.119035061726137,416.85637471729103
747,37.35,straightline,349,stanley,0.4,-183.32569885253906,37.20126724243164,0.07653336971998215,1.8834346114122233e-06,0.35,0.0,5.05247325220037e-05,0.00029463320970534964,91,-1,5.0628586148841626,416.6026102400936
748,37.4,straightline,349,stanley,0.4,-183.07542419433594,37.20159912109375,0.07657557725906372,1.0590982077289442e-06,0.35,0.0,4.680950499671489e-05,0.0002524256706237801,91,-1,4.981466441846792,416.3523400198848
749,37.45,straightline,349,stanley,0.4,-182.8208770751953,37.20193862915039,0.07658804208040237,1.1114952029547715e-06,0.35,0.0,4.49947171157146e-05,0.000239960849285124,91,-1,5.12886979818922,416.09779740565097
750,37.5,straightline,349,stanley,0.4,-182.5683135986328,37.20227813720703,0.07660005241632462,5.385434296494139e-07,0.35,0.0,4.5839797962033234e-05,0.00022795051336288802,91,-1,5.0242146341079845,415.84523838493925
751,37.550000000000004,straightline,349,stanley,0.4,-182.31790161132812,37.202613830566406,0.0766024962067604,5.04385595568109e-07,0.35,0.0,4.575511951487919e-05,0.00022550672292709326,91,-1,5.045050829585381,415.5948308280122
752,37.6,straightline,349,stanley,0.4,-182.0631561279297,37.20295715332031,0.07659222930669785,6.059178245186975e-07,0.35,0.0,4.748903859732711e-05,0.00023577362298964942,91,-1,5.072406914894017,415.3400898438731
753,37.65,straightline,349,stanley,0.4,-181.81105041503906,37.20329666137695,0.07658322155475616,6.279451736621589e-07,0.35,0.0,4.894793530379614e-05,0.0002447813749313388,91,-1,5.034952689022768,415.0879885912496
754,37.7,straightline,349,stanley,0.4,-181.55728149414062,37.203636169433594,0.07657238095998764,1.149928431886627e-06,0.35,0.0,4.8176634385051686e-05,0.00025562196969986184,91,-1,5.126545894965665,414.83422418248887
755,37.75,straightline,349,stanley,0.4,-181.30319213867188,37.203975677490234,0.07665766030550003,-1.210606303089547e-06,0.35,0.0,4.7048309584531026e-05,0.00017034262418746566,92,-1,5.069100368142855,414.580139353864
756,37.800000000000004,straightline,349,stanley,0.4,-181.05262756347656,37.20431137084961,0.07662773877382278,-4.1811640398461774e-07,0.35,0.0,4.6759025850659996e-05,0.00020026415586471154,92,-1,4.986722943825723,414.3295792417492
757,37.85,straightline,349,stanley,0.4,-180.79788208007812,37.20465087890625,0.07660169154405594,7.652530435761928e-07,0.35,0.0,4.4678251096927953e-05,0.0002263113856315647,92,-1,5.131873752627513,414.07483831505107
758,37.9,straightline,349,stanley,0.4,-180.54519653320312,37.204994201660156,0.07664047926664352,-1.047662621139909e-06,0.35,0.0,4.91743415500531e-05,0.00018752366304398014,92,-1,5.02691274641453,413.8221572448689
759,37.95,straightline,349,stanley,0.4,-180.294677734375,37.20532989501953,0.0766381099820137,-9.244978320308163e-07,0.35,0.0,4.894643940219726e-05,0.00018989294767379888,92,-1,5.047324559732074,413.5716429250275
760,38.0,straightline,349,stanley,0.4,-180.0398406982422,37.20566940307617,0.07660782337188721,2.5871353982963896e-07,0.35,0.0,4.6742901476435066e-05,0.00022017955780029866,92,-1,5.0741053973563455,413.3168104656729
761,38.050000000000004,straightline,349,stanley,0.4,-179.78762817382812,37.20600891113281,0.07662323862314224,-3.9775977934602845e-07,0.35,0.0,4.805857448220239e-05,0.00020476430654525556,92,-1,5.036545112528885,413.0646024505919
762,38.1,straightline,349,stanley,0.4,-179.5368194580078,37.20634460449219,0.07662034779787064,-1.8771290348570015e-07,0.35,0.0,4.744192228958461e-05,0.00020765513181686916,92,-1,5.0754503170845195,412.813798239148
763,38.15,straightline,349,stanley,0.4,-179.28201293945312,37.206687927246094,0.07650144398212433,2.994827582835995e-06,0.35,0.0,4.916664647767457e-05,0.00032655894756317274,93,-1,5.081702106183183,412.5589962856011
764,38.2,straightline,349,stanley,0.4,-179.0306854248047,37.20702362060547,0.0765467956662178,1.767363224888452e-06,0.35,0.0,4.7854336310219534e-05,0.00028120726346969355,93,-1,4.999967393558657,412.3076733014697
765,38.25,straightline,349,stanley,0.4,-178.77549743652344,37.20736312866211,0.07654577493667603,2.3061168937356786e-06,0.35,0.0,4.518020622500856e-05,0.00028222799301147927,93,-1,5.138375292186095,412.0524899292826
766,38.300000000000004,straightline,349,stanley,0.4,-178.52249145507812,37.207706451416016,0.07655791938304901,1.3091431128024665e-06,0.35,0.0,4.92466255760284e-05,0.0002700835466384939,93,-1,5.032692928706481,411.7994884800279
767,38.35,straightline,349,stanley,0.4,-178.27169799804688,37.20804214477539,0.07658647745847702,5.948295704562257e-07,0.35,0.0,4.865043391208228e-05,0.00024152547121048372,93,-1,5.051895326768797,411.54869955603846
768,38.400000000000006,straightline,349,stanley,0.4,-178.01669311523438,37.20838165283203,0.0765383392572403,2.3145370246386447e-06,0.35,0.0,4.62218301709315e-05,0.0002896636724472076,93,-1,5.076930543870825,411.2936993020125
769,38.45,straightline,349,stanley,0.4,-177.7643585205078,37.20872497558594,0.07658489048480988,2.9430648942523575e-07,0.35,0.0,5.11885127835053e-05,0.0002431124448776226,93,-1,5.039068944473098,411.0413692382016
770,38.5,straightline,349,stanley,0.4,-177.513427734375,37.20906066894531,0.07660652697086334,-1.729717954377117e-07,0.35,0.0,5.0408176361513984e-05,0.00022147595882415964,93,-1,5.077442303222639,410.79044300654243
771,38.550000000000004,straightline,349,stanley,0.4,-177.25852966308594,37.20940017700195,0.07671394944190979,-2.9468266196950193e-06,0.35,0.0,4.817498301272244e-05,0.00011405348777770827,94,-1,5.083461405335401,410.5355495789339
772,38.6,straightline,349,stanley,0.4,-177.00714111328125,37.209739685058594,0.07665213942527771,-1.5992365535114984e-06,0.35,0.0,5.059552456676054e-05,0.00017586350440979543,94,-1,5.001639468268674,410.2841655796533
773,38.650000000000006,straightline,349,stanley,0.4,-176.7551727294922,37.21007537841797,0.07661642134189606,-1.530335119317405e-07,0.35,0.0,4.8423872195094814e-05,0.0002115815877914463,94,-1,5.1157225839857885,410.0322017973534
774,38.7,straightline,349,stanley,0.4,-176.50103759765625,37.21041488647461,0.07659187912940979,6.308245752142075e-07,0.35,0.0,4.716151858823004e-05,0.0002361238002777131,94,-1,5.049698383316235,409.7780713056023
775,38.75,straightline,349,stanley,0.4,-176.25006103515625,37.210750579833984,0.07659322023391724,6.577561691392912e-07,0.35,0.0,4.631980058022371e-05,0.000234782695770269,94,-1,5.013059440573363,409.5270993283955
776,38.800000000000004,straightline,349,stanley,0.4,-175.99710083007812,37.211090087890625,0.07662301510572433,-1.1403554457564122e-07,0.35,0.0,4.663290768107853e-05,0.0002049878239631712,94,-1,5.114136687104018,409.27414374206955
777,38.85,straightline,349,stanley,0.4,-175.74354553222656,37.21143341064453,0.07658054679632187,6.030536021287669e-07,0.35,0.0,4.996274799991783e-05,0.0002474561333656257,94,-1,5.058827455438557,409.020593057117
778,38.900000000000006,straightline,349,stanley,0.4,-175.49180603027344,37.211769104003906,0.07658269256353378,8.21844081474953e-07,0.35,0.0,4.809800355832735e-05,0.00024531036615372257,94,-1,5.090493208062788,408.768858179972
779,38.95,straightline,349,stanley,0.4,-175.23646545410156,37.21211242675781,0.07654290646314621,1.83046148909833e-06,0.35,0.0,4.910660924290844e-05,0.0002850964665412889,95,-1,5.091792884880375,408.51352227953487
780,39.0,straightline,349,stanley,0.4,-174.98468017578125,37.21245193481445,0.07656607031822205,8.165901689460819e-07,0.35,0.0,5.099517705148282e-05,0.000261932611465448,95,-1,5.008414716114792,408.26174161056514
781,39.050000000000004,straightline,349,stanley,0.4,-174.732421875,37.21278762817383,0.07656499743461609,1.3208213436824322e-06,0.35,0.0,4.8434774635055025e-05,0.00026300549507140577,95,-1,5.12067496777536,408.00948796741386
782,39.1,straightline,349,stanley,0.4,-174.47808837890625,37.213130950927734,0.07651227712631226,2.447718503268689e-06,0.35,0.0,5.0721127991638424e-05,0.0003157258033752386,95,-1,5.052875672953348,407.7551591365924
783,39.150000000000006,straightline,349,stanley,0.4,-174.2269744873047,37.213462829589844,0.0765468031167984,2.0447080907263125e-06,0.35,0.0,4.5880571389406914e-05,0.00028119981288910465,95,-1,5.015885190257154,407.50404991087106
784,39.2,straightline,349,stanley,0.4,-173.97390747070312,37.213802337646484,0.07657421380281448,1.3569604458415718e-06,0.35,0.0,4.6050454789560023e-05,0.0002537891268730158,95,-1,5.1159556266903605,407.25098756434636
785,39.25,straightline,349,stanley,0.4,-173.72030639648438,37.21414566040039,0.07660342752933502,3.443756381594754e-08,0.35,0.0,4.9318913522384275e-05,0.0002245754003524738,95,-1,5.060239981838811,406.99739115271996
786,39.300000000000004,straightline,349,stanley,0.4,-173.4701385498047,37.2144775390625,0.07660343497991562,4.0008074594522055e-07,0.35,0.0,4.5746909697797064e-05,0.00022456794977188487,95,-1,4.979181368369518,406.747227962957
787,39.35,straightline,349,stanley,0.4,-173.21566772460938,37.21481704711914,0.07657289505004883,1.655818141450845e-06,0.35,0.0,4.4107071680483966e-05,0.00025510787963866835,96,-1,5.127252640111169,406.4927618663835
788,39.400000000000006,straightline,349,stanley,0.4,-172.9631805419922,37.21515655517578,0.0765690729022026,1.5242928223458194e-06,0.35,0.0,4.5054455170160995e-05,0.000258930027484889,96,-1,5.022731604809425,406.2402793616011
789,39.45,straightline,349,stanley,0.4,-172.7103271484375,37.21549606323242,0.07655306160449982,2.047270440311135e-06,0.35,0.0,4.5510785971717685e-05,0.0002749413251876781,96,-1,5.130830318014311,405.98743066251626
790,39.5,straightline,349,stanley,0.4,-172.45567321777344,37.21583938598633,0.07650484889745712,3.102183142527026e-06,0.35,0.0,4.73674682261957e-05,0.000323154032230378,96,-1,5.059159454210786,405.7327814553501
791,39.550000000000004,straightline,349,stanley,0.4,-172.2042999267578,37.2161750793457,0.07655589282512665,1.7766440215062561e-06,0.35,0.0,4.599377647272556e-05,0.0002721101045608503,96,-1,5.021254432604263,405.4814128574286
792,39.6,straightline,349,stanley,0.4,-171.95103454589844,37.216514587402344,0.07660238444805145,5.753164245777206e-07,0.35,0.0,4.589767300014675e-05,0.00022561848163605108,96,-1,5.1191593355971925,405.2281522013747
793,39.650000000000006,straightline,349,stanley,0.4,-171.697265625,37.21685791015625,0.07653345167636871,2.08619256916818e-06,0.35,0.0,4.894106591758242e-05,0.0002945512533187847,96,-1,5.063078396093668,404.9743879970267
794,39.7,straightline,349,stanley,0.4,-171.44699096679688,37.21718978881836,0.0765632912516594,1.608950421187594e-06,0.35,0.0,4.529848561262242e-05,0.00026471167802810376,97,-1,4.981634942406844,404.7241180475808
795,39.75,straightline,349,stanley,0.4,-171.19244384765625,37.217529296875,0.07660678029060364,7.691490070834673e-07,0.35,0.0,4.348369773162213e-05,0.00022122263908386352,97,-1,5.1289784418512685,404.46957570889697
796,39.800000000000004,straightline,349,stanley,0.4,-170.93988037109375,37.21786880493164,0.07658761739730835,1.0908902035966097e-06,0.35,0.0,4.432877857794067e-05,0.00024038553237915129,97,-1,5.024326343669101,404.2170169616319
797,39.85,straightline,349,stanley,0.4,-170.68946838378906,37.218204498291016,0.07658213376998901,1.2824040620192487e-06,0.35,0.0,4.424410013078667e-05,0.0002458691596984868,97,-1,5.045152593002787,403.96660967648324
798,39.900000000000006,straightline,349,stanley,0.4,-170.43472290039062,37.21854782104492,0.07652068138122559,2.845504109193804e-06,0.35,0.0,4.597801921323457e-05,0.00030732154846190897,97,-1,5.0726622871131175,403.7118689690177
799,39.95,straightline,349,stanley,0.4,-170.18258666992188,37.21888732910156,0.07655472308397293,1.6442583426665899e-06,0.35,0.0,4.739599486236034e-05,0.00027327984571456324,97,-1,5.035146440993628,403.4597374740635
800,40.0,straightline,349,stanley,0.4,-169.9287872314453,37.2192268371582,0.07660213112831116,5.035860422770858e-07,0.35,0.0,4.6583772886272666e-05,0.0002258718013763472,97,-1,5.1267248631267455,403.20594282569107
801,40.050000000000004,straightline,349,stanley,0.4,-169.67469787597656,37.219566345214844,0.07654839009046555,2.1267697254522837e-06,0.35,0.0,4.538280086542287e-05,0.0002796128392219533,97,-1,5.069295110924288,402.95185827508874
802,40.1,straightline,349,stanley,0.4,-169.42413330078125,37.21990203857422,0.07657044380903244,1.4282172619335385e-06,0.35,0.0,4.516616435188076e-05,0.0002575591206550644,98,-1,4.986870333537079,402.70129843749
803,40.150000000000006,straightline,349,stanley,0.4,-169.16937255859375,37.22024154663086,0.0765346810221672,2.8855125738660797e-06,0.35,0.0,4.306492906947694e-05,0.0002933219075202984,98,-1,5.131704731968885,402.4465425323792
804,40.2,straightline,349,stanley,0.4,-168.9166717529297,37.2205810546875,0.07654973864555359,2.2545844373438083e-06,0.35,0.0,4.3725865157750446e-05,0.0002782642841339079,98,-1,5.02685610570905,402.19384651003503
805,40.25,straightline,349,stanley,0.4,-168.66616821289062,37.220916748046875,0.07658825069665909,1.2042177945148436e-06,0.35,0.0,4.351842353856629e-05,0.00023975223302841102,98,-1,5.047295196264475,401.94334772454033
806,40.300000000000004,straightline,349,stanley,0.4,-168.41134643554688,37.22126007080078,0.07656054943799973,1.8150559590340291e-06,0.35,0.0,4.51500399776558e-05,0.00026745349168777775,98,-1,5.074193526378069,401.68853077597464
807,40.35,straightline,349,stanley,0.4,-168.1591339111328,37.22159957885742,0.07657653093338013,1.1439253474584192e-06,0.35,0.0,4.64657129834231e-05,0.0002514719963073691,98,-1,5.036619608782857,401.43632303951057
808,40.400000000000006,straightline,349,stanley,0.4,-167.90830993652344,37.22193145751953,0.0765967145562172,1.187908583113977e-06,0.35,0.0,4.2013906425953534e-05,0.00023128837347030805,98,-1,5.075535414548156,401.18550387686474
809,40.45,straightline,349,stanley,0.4,-167.6535186767578,37.22227478027344,0.07664404064416885,-3.730671277476291e-07,0.35,0.0,4.368644392238629e-05,0.0001839622855186445,98,-1,5.081826202362532,400.93071746414796
810,40.5,straightline,349,stanley,0.4,-167.40219116210938,37.22261047363281,0.07662323862314224,2.9159741348159194e-07,0.35,0.0,4.2446780975260176e-05,0.00020476430654525556,99,-1,5.0000851988346575,400.6793947596936
811,40.550000000000004,straightline,349,stanley,0.4,-167.1502685546875,37.22294998168945,0.07659996300935745,8.626492605823599e-07,0.35,0.0,4.415120402578951e-05,0.00022803992033004186,99,-1,5.11440687470342,400.42747695703207
812,40.6,straightline,349,stanley,0.4,-166.8961944580078,37.223289489746094,0.07653612643480301,2.7659506436837877e-06,0.35,0.0,4.297069253361154e-05,0.0002918764948844854,99,-1,5.048570792700747,400.1734077348195
813,40.650000000000006,straightline,349,stanley,0.4,-166.644775390625,37.223628997802734,0.07656998187303543,1.50644740586228e-06,0.35,0.0,4.535031303030639e-05,0.0002580210566520735,99,-1,5.062717564128022,399.9219934701032
814,40.7,straightline,349,stanley,0.4,-166.38943481445312,37.223968505859375,0.07654717564582825,2.5517373364615148e-06,0.35,0.0,4.2471577658378644e-05,0.0002808272838592494,99,-1,5.082470576194478,399.6666578186727
815,40.75,straightline,349,stanley,0.4,-166.13682556152344,37.22431182861328,0.07657144218683243,1.2192843861263708e-06,0.35,0.0,4.706997075486219e-05,0.00025656074285507023,99,-1,5.043646283110523,399.4140533870446
816,40.800000000000004,straightline,349,stanley,0.4,-165.8856964111328,37.22464370727539,0.07659117877483368,1.3261195239975455e-06,0.35,0.0,4.2208953623959055e-05,0.00023682415485381562,99,-1,5.080395487860905,399.16292910859386
817,40.85,straightline,349,stanley,0.4,-165.63072204589844,37.2249870300293,0.07656488567590714,1.898650457894416e-06,0.35,0.0,4.363596477633151e-05,0.0002631172537803636,99,-1,5.085120644215334,398.9079596474949
818,40.900000000000006,straightline,349,stanley,0.4,-165.37924194335938,37.22532653808594,0.07658837735652924,8.248868380690749e-07,0.35,0.0,4.6006390378668756e-05,0.00023962557315826297,100,-1,5.0029234512132765,398.65648438146286
819,40.95,straightline,349,stanley,0.4,-165.12718200683594,37.22566223144531,0.07663143426179886,2.2179728012553498e-08,0.35,0.0,4.3711974834972824e-05,0.00019656866788863892,100,-1,5.116668392037966,398.4044293344305
820,41.0,straightline,349,stanley,0.4,-164.8730010986328,37.22600555419922,0.07666406035423279,-1.3063825502390498e-06,0.35,0.0,4.620293347827305e-05,0.0001639425754547133,100,-1,5.050382102864553,398.1502533263861
821,41.050000000000004,straightline,349,stanley,0.4,-164.62200927734375,37.226341247558594,0.07664326578378677,-6.434677459908865e-07,0.35,0.0,4.5340754941594966e-05,0.00018473714590072304,100,-1,5.013707394130558,397.8992663758256
822,41.1,straightline,349,stanley,0.4,-164.36903381347656,37.226680755615234,0.07661532610654831,2.3398762358883438e-07,0.35,0.0,4.563340151377812e-05,0.00021267682313919563,100,-1,5.114453308610545,397.64629581872754
823,41.150000000000006,straightline,349,stanley,0.4,-164.11550903320312,37.227020263671875,0.07658711820840836,1.0333465763194958e-06,0.35,0.0,4.518946905378063e-05,0.00024088472127914215,100,-1,5.059000237731857,397.3927759681272
824,41.2,straightline,349,stanley,0.4,-163.8637237548828,37.22735595703125,0.07660054415464401,9.338605239401778e-07,0.35,0.0,4.3263343026175155e-05,0.00022745877504348606,100,-1,5.090641116347678,397.14099560364383
825,41.25,straightline,349,stanley,0.4,-163.60836791992188,37.227699279785156,0.07652116566896439,3.085481447500869e-06,0.35,0.0,4.4178840961755714e-05,0.0003068372607231083,100,-1,5.091917646189526,396.8856447366908
826,41.300000000000004,straightline,349,stanley,0.4,-163.35658264160156,37.2280387878418,0.07658670842647552,8.618108014238187e-07,0.35,0.0,4.614005599065901e-05,0.0002412945032119792,101,-1,5.008509233718786,396.63386435584425
827,41.35,straightline,349,stanley,0.4,-163.10430908203125,37.22837448120117,0.0765935629606247,1.1282982535107555e-06,0.35,0.0,4.355919304555955e-05,0.00023443996906280664,101,-1,5.120828797207232,396.3815957443792
828,41.400000000000006,straightline,349,stanley,0.4,-162.8499755859375,37.22871780395508,0.0765642300248146,1.5956299617289322e-06,0.35,0.0,4.5845546402142965e-05,0.00026377290487289537,101,-1,5.053255744431084,396.12726720562773
829,41.45,straightline,349,stanley,0.4,-162.59884643554688,37.22905349731445,0.07658009976148605,1.234962965875606e-06,0.35,0.0,4.479922310741976e-05,0.00024790316820144453,101,-1,5.016246094030483,395.87614298224855
830,41.5,straightline,349,stanley,0.4,-162.34576416015625,37.229393005371094,0.07659310847520828,9.584947074792588e-07,0.35,0.0,4.4948645978901125e-05,0.00023489445447921439,101,-1,5.116273741007184,395.62306566947717
831,41.550000000000004,straightline,349,stanley,0.4,-162.09213256835938,37.229732513427734,0.07658761739730835,1.12813768023886e-06,0.35,0.0,4.436148981820187e-05,0.00024038553237915129,101,-1,5.060661247655547,395.36943906344993
832,41.6,straightline,349,stanley,0.4,-161.84193420410156,37.230064392089844,0.07661066949367523,8.51122950341881e-07,0.35,0.0,4.074856493627144e-05,0.00021733343601226817,101,-1,4.97956562610946,395.11924564756004
833,41.650000000000006,straightline,349,stanley,0.4,-161.58746337890625,37.23040771484375,0.07664754241704941,-3.160577815813278e-07,0.35,0.0,4.285077353480965e-05,0.00018046051263809464,101,-1,5.127685830788345,394.8647798171213
834,41.7,straightline,349,stanley,0.4,-161.33494567871094,37.23074722290039,0.07667095959186554,-1.7239848262939955e-06,0.35,0.0,4.764457702365228e-05,0.00015704333782195763,102,-1,5.023089398905289,394.6122670891686
835,41.75,straightline,349,stanley,0.4,-161.08209228515625,37.23108673095703,0.07660049945116043,3.616945235061909e-07,0.35,0.0,4.810090782520881e-05,0.00022750347852706917,102,-1,5.131121792130453,394.3594186846459
836,41.800000000000004,straightline,349,stanley,0.4,-160.8274383544922,37.23142623901367,0.07657404989004135,1.2836005921193367e-06,0.35,0.0,4.614289624350676e-05,0.00025395303964614565,102,-1,5.059237265854543,394.1047698040971
837,41.85,straightline,349,stanley,0.4,-160.5760498046875,37.23176574707031,0.07657010108232498,1.0356785276532877e-06,0.35,0.0,4.856343779754499e-05,0.00025790184736251435,102,-1,5.021323930605718,393.8533862124878
838,41.900000000000006,straightline,349,stanley,0.4,-160.32278442382812,37.23210525512695,0.0765790268778801,9.140162243220365e-07,0.35,0.0,4.846733432496616e-05,0.0002489760518074023,102,-1,5.11918797594454,393.60012585326393
839,41.95,straightline,349,stanley,0.4,-160.0690155029297,37.232444763183594,0.076545849442482,1.8929147975730958e-06,0.35,0.0,4.769603340622176e-05,0.00028215348720550326,102,-1,5.063015870451976,393.34636197601964
840,42.0,straightline,349,stanley,0.4,-159.81871032714844,37.2327766418457,0.07657395303249359,1.4829326307999858e-06,0.35,0.0,4.39398848235894e-05,0.00025404989719391325,102,-1,4.981655479276349,393.0960618050485
841,42.050000000000004,straightline,349,stanley,0.4,-159.56414794921875,37.23311996459961,0.0765753835439682,1.3552468758865062e-06,0.35,0.0,4.591933025009762e-05,0.0002526193857193029,102,-1,5.1289797360443625,392.8415044786828
842,42.1,straightline,349,stanley,0.4,-159.31158447265625,37.23345947265625,0.0765724703669548,1.6939836144717665e-06,0.35,0.0,4.302236448056507e-05,0.0002555325627326956,103,-1,5.024379362871981,392.5889460295125
843,42.150000000000006,straightline,349,stanley,0.4,-159.06117248535156,37.23379135131836,0.07659589499235153,1.5539409066994379e-06,0.35,0.0,3.912299219723089e-05,0.0002321079373359697,103,-1,5.045199784302971,392.3385390704119
844,42.2,straightline,349,stanley,0.4,-158.80642700195312,37.234134674072266,0.07662463188171387,5.363714801661405e-07,0.35,0.0,4.085691127967886e-05,0.000203371047973627,103,-1,5.072488314702712,392.0837986646125
845,42.25,straightline,349,stanley,0.4,-158.55429077148438,37.234474182128906,0.07661288231611252,6.484303815317546e-07,0.35,0.0,4.227488692880462e-05,0.00021512061357497798,103,-1,5.035033232577895,391.83166746886127
846,42.300000000000004,straightline,349,stanley,0.4,-158.3004913330078,37.23481369018555,0.0766160786151886,7.590524581432868e-07,0.35,0.0,4.146266495271686e-05,0.00021192431449889624,103,-1,5.126603423471367,391.57787312265884
847,42.35,straightline,349,stanley,0.4,-158.0464324951172,37.23515701293945,0.07655838876962662,2.0043261724431758e-06,0.35,0.0,4.4117307825390596e-05,0.0002696141600608835,103,-1,5.069088072993948,391.32381936204587
848,42.400000000000006,straightline,349,stanley,0.4,-157.7958526611328,37.23548889160156,0.07658373564481735,1.7275482182237774e-06,0.35,0.0,3.999286972666794e-05,0.00024426728487014527,103,-1,4.9866899534354365,391.0732445953144
849,42.45,straightline,349,stanley,0.4,-157.54112243652344,37.23583221435547,0.07662619650363922,4.3889438144534837e-07,0.35,0.0,4.174724933778736e-05,0.0002018064260482797,103,-1,5.131678766851856,390.8185194822902
850,42.5,straightline,349,stanley,0.4,-157.28842163085938,37.23617172241211,0.07664148509502411,-7.014796182867139e-07,0.35,0.0,4.62955264825698e-05,0.00018651783466339708,104,-1,5.026849930169942,390.5658237628271
851,42.550000000000004,straightline,349,stanley,0.4,-157.03787231445312,37.236507415771484,0.07663217186927795,-3.7606076383627956e-07,0.35,0.0,4.6026703277370594e-05,0.00019583106040954219,104,-1,5.047314467467177,390.31527950335214
852,42.6,straightline,349,stanley,0.4,-156.78305053710938,37.23685073852539,0.07661072164773941,5.775270848214301e-08,0.35,0.0,4.765831971646013e-05,0.00021728128194808374,104,-1,5.074089706729441,390.06046286119823
853,42.650000000000006,straightline,349,stanley,0.4,-156.53085327148438,37.23719024658203,0.07662785798311234,-6.513970850387032e-07,0.35,0.0,4.8994453250899146e-05,0.0002001449465751648,104,-1,5.0365604781964155,389.80827068696755
854,42.7,straightline,349,stanley,0.4,-156.280029296875,37.23752212524414,0.07662434130907059,7.227422820585867e-08,0.35,0.0,4.4542646693429663e-05,0.00020366162061691734,104,-1,5.075483516742357,389.5574518282252
855,42.75,straightline,349,stanley,0.4,-156.0252227783203,37.23786544799805,0.0766528844833374,-9.490173515088451e-07,0.35,0.0,4.619472366119081e-05,0.00017511844635009736,104,-1,5.081766816590256,389.30265046532367
856,42.800000000000004,straightline,349,stanley,0.4,-155.77389526367188,37.23820114135742,0.07662645727396011,-1.1932189861052842e-07,0.35,0.0,4.4882413493735774e-05,0.00020154565572738227,104,-1,5.000094963737697,389.05132806595947
857,42.85,straightline,349,stanley,0.4,-155.52198791503906,37.23854064941406,0.07661798596382141,3.327054604729593e-08,0.35,0.0,4.660729707293672e-05,0.00021001696586608656,104,-1,5.114425651170913,388.7994258274419
858,42.900000000000006,straightline,349,stanley,0.4,-155.26791381835938,37.2388801574707,0.07663455605506897,1.230636936714653e-07,0.35,0.0,4.1664278436235724e-05,0.0001934468746185332,105,-1,5.0485181074627015,388.5453569148103
859,42.95,straightline,349,stanley,0.4,-155.0164794921875,37.239219665527344,0.07661077380180359,5.125954166899567e-07,0.35,0.0,4.402343840425899e-05,0.0002172291278839117,105,-1,5.0627304629441365,388.29392769803974
860,43.0,straightline,349,stanley,0.4,-154.7611541748047,37.239559173583984,0.07653190940618515,3.1562501852409176e-06,0.35,0.0,4.1165163561002974e-05,0.0002960935235023529,105,-1,5.082490171718376,388.03860761757215
861,43.050000000000004,straightline,349,stanley,0.4,-154.50856018066406,37.23990249633789,0.07655265927314758,1.922950060292903e-06,0.35,0.0,4.5784017186158205e-05,0.00027534365653991385,105,-1,5.043695163160807,387.7860187527439
862,43.1,straightline,349,stanley,0.4,-154.25743103027344,37.240234375,0.07659024000167847,1.5187325626191382e-06,0.35,0.0,4.092300005525501e-05,0.00023776292800903643,105,-1,5.080439043426561,387.5348947833555
863,43.150000000000006,straightline,349,stanley,0.4,-154.00245666503906,37.240577697753906,0.07661231607198715,7.090388755713193e-07,0.35,0.0,4.2350011207627626e-05,0.00021568685770034354,105,-1,5.08507483755587,387.27992563544444
864,43.2,straightline,349,stanley,0.4,-153.75100708007812,37.24091339111328,0.07662281394004822,5.127017935733816e-07,0.35,0.0,4.087401681079905e-05,0.00020518898963928285,105,-1,5.002891021574759,387.02848122546254
865,43.25,straightline,349,stanley,0.4,-153.49896240234375,37.24125289916992,0.07664806395769119,-2.869543527195314e-07,0.35,0.0,4.241475563195518e-05,0.0001799389719963122,105,-1,5.116656732403127,386.7764417181563
866,43.300000000000004,straightline,349,stanley,0.4,-153.24478149414062,37.24159240722656,0.0767335593700409,-3.133305609446585e-06,0.35,0.0,4.4978361495584106e-05,9.444355964660169e-05,106,-1,5.050374165074145,386.5222660540639
867,43.35,straightline,349,stanley,0.4,-152.99378967285156,37.2419319152832,0.07667633146047592,-1.9264672289970186e-06,0.35,0.0,4.7930876795086036e-05,0.0001516714692115799,106,-1,5.013718385329939,386.271279384491
868,43.400000000000006,straightline,349,stanley,0.4,-152.74081420898438,37.242271423339844,0.07665670663118362,-1.2799092228553773e-06,0.35,0.0,4.822352336726919e-05,0.0001712962985038767,106,-1,5.114469809147321,386.0183091413532
869,43.45,straightline,349,stanley,0.4,-152.48727416992188,37.242610931396484,0.0766359493136406,-6.944189587899103e-07,0.35,0.0,4.775913037860006e-05,0.00019205361604690465,106,-1,5.059009729412267,385.76477434783595
870,43.5,straightline,349,stanley,0.4,-152.23550415039062,37.24294662475586,0.07662034779787064,3.4838205272295695e-08,0.35,0.0,4.585346487966617e-05,0.00020765513181686916,106,-1,5.0906094426577475,385.51300955578773
871,43.550000000000004,straightline,349,stanley,0.4,-151.9801483154297,37.243289947509766,0.07661289721727371,1.312576713078828e-07,0.35,0.0,4.6768962815246784e-05,0.00021510571241378773,106,-1,5.091715584312421,385.25765900748013
872,43.6,straightline,349,stanley,0.4,-151.72837829589844,37.243629455566406,0.0766008198261261,1.2656907603264755e-07,0.35,0.0,4.867799115249277e-05,0.00022718310356139839,106,-1,5.008311664638228,385.005894199555
873,43.650000000000006,straightline,349,stanley,0.4,-151.4761199951172,37.24396514892578,0.07656224071979523,1.695868021397987e-06,0.35,0.0,4.611758873606514e-05,0.00026576220989226997,106,-1,5.120650720427813,384.7536411630952
874,43.7,straightline,349,stanley,0.4,-151.22181701660156,37.24430847167969,0.07649458944797516,3.7329257099444717e-06,0.35,0.0,4.470281653414074e-05,0.00033341348171234527,107,-1,5.052809338347315,384.49934345991926
875,43.75,straightline,349,stanley,0.4,-150.97073364257812,37.24464416503906,0.07654023915529251,2.5146132012199664e-06,0.35,0.0,4.3717874825432664e-05,0.00028776377439498685,107,-1,5.015911329928958,384.24826532765564
876,43.800000000000004,straightline,349,stanley,0.4,-150.71766662597656,37.2449836730957,0.07655416429042816,2.2066456222156638e-06,0.35,0.0,4.3887758225585665e-05,0.0002738386392593399,107,-1,5.115983795543081,383.99520359222544
877,43.85,straightline,349,stanley,0.4,-150.4640350341797,37.245323181152344,0.07657011598348618,1.7650931992363e-06,0.35,0.0,4.330060206488643e-05,0.00025788694620132414,107,-1,5.060340409604073,383.7415773066907
878,43.900000000000006,straightline,349,stanley,0.4,-150.21385192871094,37.24565505981445,0.07659302651882172,1.4917074537332598e-06,0.35,0.0,3.9708137711627644e-05,0.00023497641086577933,107,-1,4.979264441030348,383.4913994664662
879,43.95,straightline,349,stanley,0.4,-149.9593963623047,37.24599838256836,0.07658793032169342,1.5168896030891768e-06,0.35,0.0,4.1830806838837574e-05,0.0002400726079940818,107,-1,5.127200382603946,383.23694921661473
880,44.0,straightline,349,stanley,0.4,-149.70692443847656,37.246337890625,0.07659178972244263,1.1692995658218165e-06,0.35,0.0,4.279865085718621e-05,0.00023621320724486692,107,-1,5.022706050967006,382.98448258424185
881,44.050000000000004,straightline,349,stanley,0.4,-149.4540557861328,37.24667739868164,0.07658787816762924,8.468646322825566e-07,0.35,0.0,4.7121862186579955e-05,0.00024012476205825383,108,-1,5.130798376117692,382.7316192432162
882,44.1,straightline,349,stanley,0.4,-149.1994171142578,37.24701690673828,0.07655221223831177,2.0313927170194325e-06,0.35,0.0,4.5184311133549785e-05,0.0002757906913757327,108,-1,5.0590565485275345,382.47698594617464
883,44.150000000000006,straightline,349,stanley,0.4,-148.94802856445312,37.24735641479492,0.0765886977314949,6.291174218146105e-07,0.35,0.0,4.760485268758788e-05,0.00023930519819259218,108,-1,5.021135339215168,382.22560267537375
884,44.2,straightline,349,stanley,0.4,-148.69476318359375,37.24769592285156,0.07658866047859192,7.612172691111177e-07,0.35,0.0,4.750874921500908e-05,0.0002393424510955864,108,-1,5.119046134697939,381.97234264048126
885,44.25,straightline,349,stanley,0.4,-148.44100952148438,37.2480354309082,0.07659347355365753,6.534785628933196e-07,0.35,0.0,4.675790882493639e-05,0.0002345293760299729,108,-1,5.062951675275068,381.71859434728697
886,44.300000000000004,straightline,349,stanley,0.4,-148.19070434570312,37.24836730957031,0.07661325484514236,4.832394175712658e-07,0.35,0.0,4.300176024230409e-05,0.00021474808454513515,108,-1,4.981571609243614,381.4682944988325
887,44.35,straightline,349,stanley,0.4,-147.93614196777344,37.24871063232422,0.0766267403960228,7.482677946828608e-09,0.35,0.0,4.498120566881231e-05,0.0002012625336647057,108,-1,5.128806043673591,381.2137374999701
888,44.400000000000006,straightline,349,stanley,0.4,-147.68357849121094,37.24905014038086,0.07660327851772308,4.480376930256549e-07,0.35,0.0,4.582628651513096e-05,0.0002247244119644134,108,-1,5.024136935677232,380.9611793765912
889,44.45,straightline,349,stanley,0.4,-147.43316650390625,37.249385833740234,0.07660156488418579,1.0183406313083017e-06,0.35,0.0,4.1999561452125706e-05,0.00022643804550171275,109,-1,5.0449612280194955,380.71077271155883
890,44.5,straightline,349,stanley,0.4,-147.17845153808594,37.249725341796875,0.07657773047685623,1.9921488458691774e-06,0.35,0.0,3.995970775573694e-05,0.00025027245283126327,109,-1,5.072406676646787,380.4560631825945
891,44.550000000000004,straightline,349,stanley,0.4,-146.92633056640625,37.250064849853516,0.07659432291984558,1.2926501052757417e-06,0.35,0.0,4.139814393353425e-05,0.00023368000984191835,109,-1,5.034968085246332,380.20394757218764
892,44.6,straightline,349,stanley,0.4,-146.6725311279297,37.250404357910156,0.07665186375379562,-1.5144617106615362e-07,0.35,0.0,4.058592195744655e-05,0.00017613917589187066,109,-1,5.126553578389571,379.9501535562781
893,44.650000000000006,straightline,349,stanley,0.4,-146.41845703125,37.25074768066406,0.07660754770040512,7.156016675885104e-07,0.35,0.0,4.3220104301448523e-05,0.0002204552292823739,109,-1,5.069014018043754,379.69608486796284
894,44.7,straightline,349,stanley,0.4,-146.1678924560547,37.25107955932617,0.07659962773323059,1.3885239889220569e-06,0.35,0.0,3.911612673139763e-05,0.0002283751964569153,109,-1,4.986601750496382,379.4455256875795
895,44.75,straightline,349,stanley,0.4,-145.9131622314453,37.25142288208008,0.07653571665287018,3.135919015652806e-06,0.35,0.0,4.087050634251721e-05,0.00029228627681732243,109,-1,5.131691057266653,379.19080090751277
896,44.800000000000004,straightline,349,stanley,0.4,-145.66046142578125,37.25176239013672,0.07654640823602676,2.6355500508851834e-06,0.35,0.0,4.1531442430790605e-05,0.000281594693660739,109,-1,5.026819783979759,378.93810551922314
897,44.85,straightline,349,stanley,0.4,-145.409912109375,37.252098083496094,0.07658299803733826,1.1425630790760715e-06,0.35,0.0,4.5149960282100336e-05,0.000245004892349242,110,-1,5.047240134171089,378.68756158893126
898,44.900000000000006,straightline,349,stanley,0.4,-145.15509033203125,37.252437591552734,0.07653959840536118,2.6952116698202654e-06,0.35,0.0,4.296688288500975e-05,0.0002884045243263284,110,-1,5.074033509530077,378.4327453125206
899,44.95,straightline,349,stanley,0.4,-144.9029083251953,37.252777099609375,0.07656818628311157,1.6607049532708474e-06,0.35,0.0,4.432347694812051e-05,0.00025981664657592535,110,-1,5.036488308436253,378.180568728941
900,45.0,straightline,349,stanley,0.4,-144.65208435058594,37.25311279296875,0.0765862762928009,1.2702352564489168e-06,0.35,0.0,4.368636422683096e-05,0.00024172663688659538,110,-1,5.075408439514934,377.92975017185114
901,45.050000000000004,straightline,349,stanley,0.4,-144.39727783203125,37.25345230102539,0.07658755779266357,1.519264821955084e-06,0.35,0.0,4.152374735841214e-05,0.00024044513702392464,110,-1,5.081699028489901,377.67494917671064
902,45.1,straightline,349,stanley,0.4,-144.14596557617188,37.25379180908203,0.07657944411039352,1.3332686916739532e-06,0.35,0.0,4.404659155580879e-05,0.00024855881929397637,110,-1,5.000007151275815,377.4236423386136
903,45.150000000000006,straightline,349,stanley,0.4,-143.89404296875,37.254127502441406,0.07656873017549515,2.0385381468432617e-06,0.35,0.0,4.193632077015806e-05,0.0002592727541923513,110,-1,5.114355214681713,377.17172520706345
904,45.2,straightline,349,stanley,0.4,-143.6399688720703,37.25447082519531,0.0764627531170845,4.654787892124382e-06,0.35,0.0,4.4570503114159995e-05,0.00036524981260300214,110,-1,5.048531593208695,376.91765660232386
905,45.25,straightline,349,stanley,0.4,-143.38853454589844,37.25480651855469,0.07655005156993866,2.84901780290169e-06,0.35,0.0,3.937292263015194e-05,0.00027795135974883843,111,-1,5.062738452412357,376.6662277514188
906,45.300000000000004,straightline,349,stanley,0.4,-143.13320922851562,37.255149841308594,0.0765368863940239,3.121645425453583e-06,0.35,0.0,4.032934162307594e-05,0.0002911165356636095,111,-1,5.082402860562966,376.41090798216686
907,45.35,straightline,349,stanley,0.4,-142.880615234375,37.255489349365234,0.07656992226839066,2.0333169289616743e-06,0.35,0.0,4.113350141205126e-05,0.00025808066129684687,111,-1,5.043536291130593,376.1583194856736
908,45.400000000000006,straightline,349,stanley,0.4,-142.62950134277344,37.25582504272461,0.07660925388336182,1.0804552133279292e-06,0.35,0.0,4.0107638645999746e-05,0.0002187490463256883,111,-1,5.080326915574073,375.9072110818885
909,45.45,straightline,349,stanley,0.4,-142.37451171875,37.25616455078125,0.07657710462808609,2.3139653474054314e-06,0.35,0.0,3.7699495433520685e-05,0.00025089830160141463,111,-1,5.085111296322633,375.6522270492485
910,45.5,straightline,349,stanley,0.4,-142.12306213378906,37.25650405883789,0.07659181952476501,1.5075863159047237e-06,0.35,0.0,4.003819487287218e-05,0.00023618340492248646,111,-1,5.002826414044238,375.40078294763845
911,45.550000000000004,straightline,349,stanley,0.4,-141.8710174560547,37.25684356689453,0.07661983370780945,6.264992081850261e-07,0.35,0.0,4.157893369402803e-05,0.00020816922187805027,111,-1,5.116570097817607,375.14874378042344
912,45.6,straightline,349,stanley,0.4,-141.61688232421875,37.25718307495117,0.07658322900533676,1.7657770560095049e-06,0.35,0.0,4.031658008716329e-05,0.0002447739243507375,111,-1,5.049894683366077,374.894614235439
913,45.650000000000006,straightline,349,stanley,0.4,-141.36590576171875,37.25751876831055,0.07662268728017807,2.0510214660210647e-07,0.35,0.0,4.334174260699425e-05,0.00020531564950943088,112,-1,5.013294833194458,374.6436431948111
914,45.7,straightline,349,stanley,0.4,-141.1129608154297,37.25785827636719,0.07658889889717102,1.2394715777553375e-06,0.35,0.0,4.367531023652068e-05,0.00023910403251648052,112,-1,5.114201170507349,374.39070381191004
915,45.75,straightline,349,stanley,0.4,-140.8594207763672,37.258201599121094,0.07667373865842819,-1.6795404381289634e-06,0.35,0.0,4.702561108403154e-05,0.00015426427125930184,112,-1,5.058703549095455,374.1371693327054
916,45.800000000000004,straightline,349,stanley,0.4,-140.607666015625,37.25853729248047,0.07665210962295532,-7.811546392146857e-07,0.35,0.0,4.5140406113769314e-05,0.00017589330673217592,112,-1,5.090404815123002,373.8854201427678
917,45.85,straightline,349,stanley,0.4,-140.352294921875,37.25887680053711,0.07655408978462219,2.396310419524488e-06,0.35,0.0,4.2220749684498195e-05,0.0002739131450653035,112,-1,5.091647521655363,373.6300547160072
918,45.900000000000006,straightline,349,stanley,0.4,-140.1005401611328,37.25921630859375,0.07660434395074844,6.177816085508616e-07,0.35,0.0,4.4150238550416036e-05,0.00022365897893905697,112,-1,5.008245139663328,373.3783055108078
919,45.95,straightline,349,stanley,0.4,-139.84828186035156,37.25955581665039,0.07661645114421844,2.380956267789619e-07,0.35,0.0,4.540452997016831e-05,0.00021155178546905341,112,-1,5.120574603072818,373.12605279003395
920,46.0,straightline,349,stanley,0.4,-139.59397888183594,37.25989532470703,0.07659903913736343,8.505820531990629e-07,0.35,0.0,4.3917110547915094e-05,0.00022896379232406,112,-1,5.052908026696035,372.8717554671064
921,46.050000000000004,straightline,349,stanley,0.4,-139.34288024902344,37.260231018066406,0.07663454115390778,4.1408220926242603e-07,0.35,0.0,3.9169661694683994e-05,0.00019346177577972344,113,-1,5.015969410150636,372.6206624227239
922,46.1,straightline,349,stanley,0.4,-139.08982849121094,37.26057052612305,0.0766514241695404,7.2676222941551125e-09,0.35,0.0,3.936000562350882e-05,0.0001765787601471006,113,-1,5.115939231708548,372.3676162949343
923,46.150000000000006,straightline,349,stanley,0.4,-138.83619689941406,37.26091384887695,0.07656343281269073,2.04814530421258e-06,0.35,0.0,4.258754329898958e-05,0.00026457011699676546,113,-1,5.0601883905328195,372.1139903292973
924,46.2,straightline,349,stanley,0.4,-138.5860137939453,37.26124572753906,0.0765976682305336,1.452690420174345e-06,0.35,0.0,3.8995078945730746e-05,0.000230334699153897,113,-1,4.979100323560193,371.86381283659676
925,46.25,straightline,349,stanley,0.4,-138.33155822753906,37.2615852355957,0.0766466036438942,4.1867630263598576e-07,0.35,0.0,3.730305423676065e-05,0.000181399285793303,113,-1,5.127109503013978,371.609362970854
926,46.300000000000004,straightline,349,stanley,0.4,-138.07908630371094,37.261924743652344,0.07665804028511047,-1.3340162301910713e-07,0.35,0.0,3.827089825510937e-05,0.00016996264457702152,113,-1,5.022595395506839,371.35689668966245
927,46.35,straightline,349,stanley,0.4,-137.8262176513672,37.262264251708984,0.07664576917886734,2.667140580889338e-07,0.35,0.0,3.870676852799429e-05,0.00018223375082015492,113,-1,5.130712310014222,371.1040337011883
928,46.400000000000006,straightline,349,stanley,0.4,-137.5715789794922,37.26260757446289,0.0766182467341423,7.39918143572927e-07,0.35,0.0,4.058391131114402e-05,0.00020975619554520157,113,-1,5.0588463308262925,370.84940072918914
929,46.45,straightline,349,stanley,0.4,-137.32020568847656,37.262943267822266,0.07662726938724518,1.1472864509166975e-07,0.35,0.0,4.309756061418265e-05,0.00020073354244232194,114,-1,5.021010441539426,370.5980330993479
930,46.5,straightline,349,stanley,0.4,-137.0669403076172,37.263282775878906,0.07663702964782715,-4.431016140716871e-08,0.35,0.0,4.3001457141603845e-05,0.00019097328186034555,114,-1,5.11894672322739,370.3447734198123
931,46.550000000000004,straightline,349,stanley,0.4,-136.81321716308594,37.26362609863281,0.0765826478600502,1.0469520915120217e-06,0.35,0.0,4.610623164505456e-05,0.00024535506963729327,114,-1,5.062853485983581,370.09105596882983
932,46.6,straightline,349,stanley,0.4,-136.5629119873047,37.26395797729492,0.07662485539913177,2.373664041246581e-07,0.35,0.0,4.2350083062422296e-05,0.0002031475305557238,114,-1,4.9814918451436,369.84075647374476
933,46.650000000000006,straightline,349,stanley,0.4,-136.308349609375,37.26429748535156,0.07663195580244064,4.2865855031784293e-07,0.35,0.0,4.051483465275038e-05,0.00019604712724685647,114,-1,5.128759933143332,369.58619986505255
934,46.7,straightline,349,stanley,0.4,-136.0557861328125,37.26464080810547,0.07664370536804199,-6.220793058421591e-07,0.35,0.0,4.517460933524907e-05,0.0001842975616455055,114,-1,5.0241378537756605,369.3336420674264
935,46.75,straightline,349,stanley,0.4,-135.80538940429688,37.264976501464844,0.07663487643003464,-3.37185052074828e-07,0.35,0.0,4.511039141676663e-05,0.0001931264996528624,114,-1,5.044962790938638,369.0832510155646
936,46.800000000000004,straightline,349,stanley,0.4,-135.5506591796875,37.265316009521484,0.07669032365083694,-1.6238775705272445e-06,0.35,0.0,4.305007719170614e-05,0.00013767927885055824,114,-1,5.072282979034,368.8285265904601
937,46.85,straightline,349,stanley,0.4,-135.29855346679688,37.265655517578125,0.07665025442838669,-7.195646732364832e-07,0.35,0.0,4.4581621118503986e-05,0.00017774850130081353,115,-1,5.034834945648961,368.5764265967753
938,46.900000000000006,straightline,349,stanley,0.4,-135.04476928710938,37.265995025634766,0.07663938403129578,-2.0427040339359826e-07,0.35,0.0,4.378985967108814e-05,0.0001886188983917295,115,-1,5.126413915791077,368.32264820118127
939,46.95,straightline,349,stanley,0.4,-134.7906951904297,37.26633834838867,0.07655172795057297,1.8964467751792331e-06,0.35,0.0,4.6424042015090125e-05,0.00027627497911453334,115,-1,5.068909030887589,368.06857987531146
940,47.0,straightline,349,stanley,0.4,-134.54013061523438,37.26667022705078,0.07658322900533676,1.436288867919774e-06,0.35,0.0,4.2320064445039184e-05,0.0002447739243507375,115,-1,4.986557398289124,367.8180210545066
941,47.050000000000004,straightline,349,stanley,0.4,-134.285400390625,37.26701354980469,0.07659149914979935,1.1331448524121589e-06,0.35,0.0,4.407444405615877e-05,0.00023650377988815725,115,-1,5.131542436594196,367.56329663948634
942,47.1,straightline,349,stanley,0.4,-134.0326690673828,37.267356872558594,0.07661104947328568,-1.116228268549702e-07,0.35,0.0,4.850915292326885e-05,0.00021695345640182403,115,-1,5.0337164121151305,367.3105710663208
943,47.150000000000006,straightline,349,stanley,0.4,-133.78196716308594,37.2676887512207,0.07661212235689163,4.4053916510580965e-07,0.35,0.0,4.422103059517277e-05,0.00021588057279586627,115,-1,5.055685736111374,367.0598749457072
944,47.2,straightline,349,stanley,0.4,-133.5269317626953,37.26803207397461,0.07668697088956833,-1.8387029785924441e-06,0.35,0.0,4.556619963285878e-05,0.00014103204011916849,115,-1,5.0845583176288525,366.80484539029993
945,47.25,straightline,349,stanley,0.4,-133.2744140625,37.26837158203125,0.07665421813726425,-1.0716371974587992e-06,0.35,0.0,4.654530928552129e-05,0.00017378479242324217,116,-1,5.048650374888046,366.55233348922906
946,47.300000000000004,straightline,349,stanley,0.4,-133.023193359375,37.268707275390625,0.07662380486726761,-4.879945594861829e-09,0.35,0.0,4.537622281876796e-05,0.00020419806241989,116,-1,5.088575727611384,366.3011185807961
947,47.35,straightline,349,stanley,0.4,-132.7679901123047,37.26905059814453,0.0765395313501358,2.266721721448728e-06,0.35,0.0,4.6496326041065386e-05,0.0002884715795516907,116,-1,5.095323956947709,366.04592120966413
948,47.400000000000006,straightline,349,stanley,0.4,-132.51617431640625,37.26939010620117,0.07657347619533539,9.609015843092869e-07,0.35,0.0,4.834397279229647e-05,0.0002545267343521125,116,-1,5.015782815464609,365.7941112139216
949,47.45,straightline,349,stanley,0.4,-132.26365661621094,37.26972961425781,0.07657577842473984,9.219323273310265e-07,0.35,0.0,4.925043522463013e-05,0.0002522245049476685,116,-1,5.131627910058088,365.54159934622174
950,47.5,straightline,349,stanley,0.4,-132.00892639160156,37.27006912231445,0.07651187479496002,2.934808323510335e-06,0.35,0.0,4.7190120999569644e-05,0.0003161281347274743,116,-1,5.067797670135165,365.28687503833186
951,47.550000000000004,straightline,349,stanley,0.4,-131.75721740722656,37.270408630371094,0.07658114284276962,6.552409854566431e-07,0.35,0.0,4.918099145150251e-05,0.00024686008691787964,116,-1,5.033546854536476,365.03517187556133
952,47.6,straightline,349,stanley,0.4,-131.5034637451172,37.270748138427734,0.07662257552146912,-3.05459737705032e-07,0.35,0.0,4.843015106142999e-05,0.0002054274082183887,116,-1,5.135781100347307,364.7814241136603
953,47.650000000000006,straightline,349,stanley,0.4,-131.2489776611328,37.271087646484375,0.07654189318418503,2.150047828781064e-06,0.35,0.0,4.676985251544528e-05,0.0002861097455024733,117,-1,5.083448100556203,364.52694396360994
954,47.7,straightline,349,stanley,0.4,-130.9974822998047,37.27142333984375,0.07658106088638306,1.142183577077958e-06,0.35,0.0,4.523247653260166e-05,0.0002469420433044446,117,-1,5.008812624897033,364.2754544734823
955,47.75,straightline,349,stanley,0.4,-130.74473571777344,37.27176284790039,0.07658834755420685,9.984685722142402e-07,0.35,0.0,4.583203103486011e-05,0.00023965537548065587,117,-1,5.13115155598013,364.0227137825376
956,47.800000000000004,straightline,349,stanley,0.4,-130.48939514160156,37.2722053527832,0.07699830830097198,-2.3709197083325262e-05,0.35,0.0,0.00014595002923979258,-0.00017030537128448386,117,-1,5.071788412998516,363.767378339713
957,47.85,straightline,349,stanley,0.4,-130.2370147705078,37.27262496948242,0.07594617456197739,-4.325550954649783e-06,0.35,0.0,0.0002271492069899516,0.0008818283677101094,117,-1,5.038484537563447,363.5150031976998
958,47.900000000000006,straightline,349,stanley,0.4,-129.98561096191406,37.27296829223633,0.07619563490152359,-1.1970434021407732e-05,0.35,0.0,0.0002333639818514982,0.0006323680281639064,117,-1,5.087167801196235,363.26360522677
959,47.95,straightline,349,stanley,0.4,-129.72967529296875,37.2733039855957,0.07258790731430054,9.216696091431947e-05,0.35,0.0,0.00022587259202519472,0.004240095615386967,117,-1,5.103878105782181,363.00767562436886
960,48.0,straightline,349,stanley,0.4,-129.47686767578125,37.273563385009766,0.0773356705904007,-3.3558256992093926e-05,0.35,0.0,0.00014628173385298625,-0.0005076676607131979,117,-1,5.027252210020362,362.75487460950217
961,48.050000000000004,straightline,349,stanley,0.4,-129.2258758544922,37.27374267578125,0.07807210087776184,-3.41322812791944e-05,0.35,0.0,-1.0910244746743314e-05,-0.001244097948074344,118,-1,5.054658947564032,362.5038900044525
962,48.1,straightline,349,stanley,0.4,-128.97006225585938,37.27394485473633,0.07501974701881409,7.118264399439503e-05,0.35,0.0,-0.0001517522346099736,0.001808255910873411,118,-1,5.091082636298947,362.2480836089322
963,48.150000000000006,straightline,349,stanley,0.4,-128.716552734375,37.2741584777832,0.07410979270935059,0.0001136593982007693,0.35,0.0,-0.0002780606031352397,0.0027182102203369145,118,-1,5.058209254627802,361.994581125153
964,48.2,straightline,349,stanley,0.4,-128.46592712402344,37.274391174316406,0.07345800846815109,0.00014638690456483285,0.35,0.0,-0.0003814284625606576,0.0033699944615364044,118,-1,4.985150352631748,361.7439623027281
965,48.25,straightline,349,stanley,0.4,-128.21047973632812,37.27466583251953,0.07133669406175613,0.00021403836192931806,0.35,0.0,-0.00044930021684834725,0.005491308867931369,118,-1,5.148514221006236,361.4885215302303
966,48.300000000000004,straightline,349,stanley,0.4,-127.95652770996094,37.27488327026367,0.06937564164400101,0.00028715349147307877,0.35,0.0,-0.0005723872468689122,0.0074523612856864895,118,-1,5.049304954013516,361.2345765547105
967,48.35,straightline,349,stanley,0.4,-127.70506286621094,37.27508544921875,0.06843475252389908,0.00033205395555633893,0.35,0.0,-0.0007073979860607127,0.008393250405788423,118,-1,5.02142618761445,360.98311881248037
968,48.400000000000006,straightline,349,stanley,0.4,-127.45121765136719,37.27544021606445,0.06569746136665344,0.00040636414069453457,0.35,0.0,-0.0006929708578507739,0.01113054156303406,119,-1,5.13605359066608,360.72927951540197
969,48.45,straightline,349,stanley,0.4,-127.19613647460938,37.275733947753906,0.07152203470468521,0.00024696408233491554,0.35,0.0,-0.0007412780902694433,0.005305968225002285,119,-1,5.089870987474203,360.474204819591
970,48.5,straightline,349,stanley,0.4,-126.9443130493164,37.2761344909668,0.06723492592573166,0.0003626967660064662,0.35,0.0,-0.000678405572403668,0.009593077003955846,119,-1,5.013336749567708,360.2223868752234
971,48.550000000000004,straightline,349,stanley,0.4,-126.69149017333984,37.27649688720703,0.06800990551710129,0.00033547683742247926,0.35,0.0,-0.0006550201575276879,0.008818097412586209,119,-1,5.1347646059212275,359.96956984325647
972,48.6,straightline,349,stanley,0.4,-126.43588256835938,37.27680206298828,0.07145088911056519,0.0002428747579868911,0.35,0.0,-0.0006925891966769902,0.005377113819122309,119,-1,5.081786897033281,359.7139686689153
973,48.650000000000006,straightline,349,stanley,0.4,-126.18331909179688,37.27701187133789,0.07024775445461273,0.0002945911112432947,0.35,0.0,-0.000821443706260792,0.006580248475074773,119,-1,5.046616713368929,359.4614123257209
974,48.7,straightline,349,stanley,0.4,-125.93184661865234,37.277183532714844,0.07162228226661682,0.00027558252667411444,0.35,0.0,-0.0009869822264063684,0.005205720663070678,119,-1,5.09496825774109,359.20994727804845
975,48.75,straightline,349,stanley,0.4,-125.67586517333984,37.27741241455078,0.07465531677007675,0.000203203781620461,0.35,0.0,-0.001101346425231727,0.0021726861596107513,119,-1,5.1100871857456305,358.9539729470119
976,48.800000000000004,straightline,349,stanley,0.4,-125.42306518554688,37.277591705322266,0.07658712565898895,0.00017085302891442044,0.35,0.0,-0.001260962976479051,0.00024087727069855325,120,-1,5.035589758357835,358.7011803883681
977,48.85,straightline,349,stanley,0.4,-125.17202758789062,37.2777099609375,0.07944373786449432,0.00011652348479735495,0.35,0.0,-0.0014793240852640048,-0.002615734934806826,120,-1,5.064732939312595,358.45015068171205
978,48.900000000000006,straightline,349,stanley,0.4,-124.916015625,37.27788162231445,0.0836721658706665,1.6138570695284816e-05,0.35,0.0,-0.001650949612689407,-0.0068441629409790065,120,-1,5.10688511680693,358.19414634755486
979,48.95,straightline,349,stanley,0.4,-124.66204833984375,37.27827072143555,0.08133217692375183,7.793564614078433e-05,0.35,0.0,-0.0016023958806105432,-0.00450417399406433,120,-1,5.078070562402938,357.94018479708814
980,49.0,straightline,349,stanley,0.4,-124.41085815429688,37.27867126464844,0.0793086364865303,0.00013035637921259282,0.35,0.0,-0.001538674250804893,-0.002480633556842799,120,-1,5.006855202364877,357.68900015957877
981,49.050000000000004,straightline,349,stanley,0.4,-124.15837860107422,37.279022216796875,0.0796264186501503,0.00011470030681919209,0.35,0.0,-0.00152627255554234,-0.0027984157204627995,120,-1,5.134297335021072,357.4365266269155
982,49.1,straightline,349,stanley,0.4,-123.90276336669922,37.2794189453125,0.08401673287153244,-1.5744735823171915e-05,0.35,0.0,-0.001472299172887658,-0.0071887299418449445,120,-1,5.083506849397739,357.18091714725415
983,49.150000000000006,straightline,349,stanley,0.4,-123.64994812011719,37.27976608276367,0.09225418418645859,-0.0002510765239048634,0.35,0.0,-0.001464162303092062,-0.015426181256771086,120,-1,5.054773410428049,356.92810798306374
984,49.2,straightline,349,stanley,0.4,-123.39969635009766,37.28010559082031,0.09529314935207367,-0.0003358896788339493,0.35,0.0,-0.0014601448049316546,-0.018465146422386166,121,-1,4.987928982528681,356.67786227731904
985,49.25,straightline,349,stanley,0.4,-123.14419555664062,37.28045654296875,0.09609346836805344,-0.00036627006959095054,0.35,0.0,-0.0014517942943460952,-0.01926546543836594,121,-1,5.161744811972177,356.42236764789567
986,49.300000000000004,straightline,349,stanley,0.4,-122.88993072509766,37.280799865722656,0.09562622010707855,-0.0003496311054706374,0.35,0.0,-0.0014494158686104892,-0.01879821717739105,121,-1,5.062873671558101,356.16810900988446
987,49.35,straightline,349,stanley,0.4,-122.63800811767578,37.28113555908203,0.09552174806594849,-0.00034547534411468107,0.35,0.0,-0.0014515261393961397,-0.018693745136260986,121,-1,5.038773683205554,355.91619258581494
988,49.400000000000006,straightline,349,stanley,0.4,-122.3866195678711,37.281410217285156,0.09481534361839294,-0.0003194246700352317,0.35,0.0,-0.0015139553930571617,-0.01798734068870544,121,-1,5.096939788947893,355.66481072636566
989,49.45,straightline,349,stanley,0.4,-122.13006591796875,37.28171157836914,0.0914512425661087,-0.00021889726053340192,0.35,0.0,-0.0015566076788202884,-0.014623239636421209,121,-1,5.124341113071151,355.4082637357255
990,49.5,straightline,349,stanley,0.4,-121.87644958496094,37.28199005126953,0.09915662556886673,-0.0004280512109211145,0.35,0.0,-0.001618209475831196,-0.022328622639179226,121,-1,5.047976859814928,355.15465416032913
991,49.550000000000004,straightline,349,stanley,0.4,-121.62483215332031,37.28241729736328,0.10091932117938995,-0.0004893786747914985,0.35,0.0,-0.001528357883975093,-0.024091318249702457,121,-1,5.0304548663114526,354.90304216142863
992,49.6,straightline,349,stanley,0.4,-121.37026977539062,37.28284454345703,0.09950175136327744,-0.00046419202006750613,0.35,0.0,-0.001442151915448693,-0.02265848964453571,122,-1,5.15484688061703,354.64848533065884
993,49.650000000000006,straightline,349,stanley,0.4,-121.11410522460938,37.28324890136719,0.09713432192802429,-0.0004027327474968961,0.35,0.0,-0.0013813539449833764,-0.02029106020927849,122,-1,5.109957149198027,354.3923265878527
994,49.7,straightline,349,stanley,0.4,-120.86102294921875,37.283634185791016,0.09478604048490524,-0.00033906219378532394,0.35,0.0,-0.0013354955960416164,-0.01794277876614539,122,-1,5.0377402028966225,354.13925018005983
995,49.75,straightline,349,stanley,0.4,-120.60986328125,37.28400802612305,0.09269186854362488,-0.0002834890553365829,0.35,0.0,-0.0012985027899708095,-0.015848606824865625,122,-1,5.021436343662932,353.88809641628393
996,49.800000000000004,straightline,349,stanley,0.4,-120.35557556152344,37.284385681152344,0.09090607613325119,-0.00024148110280379837,0.35,0.0,-0.0012618905314927046,-0.014062814414490723,122,-1,5.15425507414541,353.6338146903913
997,49.85,straightline,349,stanley,0.4,-120.09937286376953,37.28475570678711,0.08934974670410156,-0.00019914911866003072,0.35,0.0,-0.0012354759670215698,-0.012506484985364162,122,-1,5.114462384906029,353.37761812994864
998,49.900000000000006,straightline,349,stanley,0.4,-119.84610748291016,37.28512191772461,0.08814520388841629,-0.00016599488089431185,0.35,0.0,-0.0012089366623618503,-0.011301942169686718,122,-1,5.044824319935809,353.1243588215274
999,49.95,straightline,349,stanley,0.4,-119.59468841552734,37.285484313964844,0.08709850907325745,-0.0001389086660439379,0.35,0.0,-0.0011837358358650959,-0.010255247354500893,122,-1,5.030037705990265,352.8729458010759
1000,50.0,straightline,349,stanley,0.4,-119.3400650024414,37.285850524902344,0.08620984852313995,-0.00012119646754208257,0.35,0.0,-0.0011545979061703515,-0.00936658680438616,123,-1,5.163498515748899,352.61832852801854
1001,50.050000000000004,straightline,349,stanley,0.4,-119.08348083496094,37.28622055053711,0.08544373512268066,-0.00010144712806397867,0.35,0.0,-0.001128694956507451,-0.008600473403947225,123,-1,5.122511849978023,352.36175054871785
1002,50.1,straightline,349,stanley,0.4,-118.82984924316406,37.28658676147461,0.08482802659273148,-8.522574806816168e-05,0.35,0.0,-0.001102646802063636,-0.007984764874005455,123,-1,5.052277453877695,352.1081250793507
1003,50.150000000000006,straightline,349,stanley,0.4,-118.57804107666016,37.286949157714844,0.08430243283510208,-7.300512158824994e-05,0.35,0.0,-0.0010779678226712803,-0.007459171116338226,123,-1,5.037773984372886,351.85632301047235
1004,50.2,straightline,349,stanley,0.4,-118.32634735107422,37.28730773925781,0.08385679125785828,-6.486747371888846e-05,0.35,0.0,-0.0010569500526712715,-0.007013529539118681,123,-1,5.107032056200945,351.6046354200609
1005,50.25,straightline,349,stanley,0.4,-118.0688247680664,37.28767395019531,0.08346748352050781,-5.741163531988471e-05,0.35,0.0,-0.0010361203692714443,-0.006624221801791036,123,-1,5.1456302960473765,351.3471191295612
1006,50.300000000000004,straightline,349,stanley,0.4,-117.81393432617188,37.28804016113281,0.0831042230129242,-4.8356879810542457e-05,0.35,0.0,-0.0010117605436948023,-0.00626096129417477,123,-1,5.0756251045945415,351.0922348932709
1007,50.35,straightline,349,stanley,0.4,-117.56103515625,37.28839874267578,0.08279009163379669,-4.1447162472456256e-05,0.35,0.0,-0.0009923594764888132,-0.005946829915058653,123,-1,5.058340137796653,350.8393419306224
1008,50.400000000000006,straightline,349,stanley,0.4,-117.31012725830078,37.288753509521484,0.0825459435582161,-3.4997589557306597e-05,0.35,0.0,-0.000977311887735957,-0.005702681839477681,124,-1,5.0021232693262085,350.5884402087833
1009,50.45,straightline,349,stanley,0.4,-117.05707550048828,37.28922653198242,0.08012669533491135,1.363016697413863e-05,0.35,0.0,-0.000843674651408733,-0.0032834336161941618,124,-1,5.141777127572813,350.33539370068144
1010,50.5,straightline,349,stanley,0.4,-116.7989501953125,37.289424896240234,0.09837231785058975,-0.0004897256298283246,0.35,0.0,-0.0009914998481378916,-0.021529056131868004,124,-1,5.1777780353907,350.07727619803984
1011,50.550000000000004,straightline,349,stanley,0.4,-116.54244232177734,37.289939880371094,0.04928796365857124,0.0008922226377417496,0.35,0.0,-0.0008205362097902743,0.027555298060185456,124,-1,5.120581093496822,349.82077335930586
1012,50.6,straightline,349,stanley,0.4,-116.28813934326172,37.29005432128906,0.08425609767436981,-7.681521945789446e-05,0.35,0.0,-0.0010471582905069153,-0.00741283595561423,124,-1,5.079923697103754,349.56647878483545
1013,50.650000000000006,straightline,349,stanley,0.4,-116.03565979003906,37.29069137573242,0.04874525964260101,0.0008998017256214884,0.35,0.0,-0.0007487217970701817,0.0280980020761226,124,-1,5.054240004149336,349.31400308582613
1014,50.7,straightline,349,stanley,0.4,-115.78453826904297,37.2910041809082,0.08858558535575867,-0.00023499832121630127,0.35,0.0,-0.0007727129308756338,-0.011742323637028089,124,-1,5.0347883390219845,349.06288816549204
1015,50.75,straightline,349,stanley,0.4,-115.53446197509766,37.29133605957031,0.049082208424806595,0.0008945041218252041,0.35,0.0,-0.0007762287709324361,0.02776105329395925,124,-1,5.016043048823322,348.8128182790232
1016,50.800000000000004,straightline,349,stanley,0.4,-115.28517150878906,37.29133987426758,0.08409558236598969,-6.291285934496384e-05,0.35,0.0,-0.0011023343805262541,-0.007252320647262541,125,-1,5.002334507931891,348.5635370270643
1017,50.85,straightline,349,stanley,0.4,-115.0309829711914,37.29172897338867,0.03731009364128113,0.0012625114453829263,0.35,0.0,-0.0010541450206935556,0.0395331680774638,125,-1,5.190249743087091,348.3093545771746
1018,50.900000000000006,straightline,349,stanley,0.4,-114.7725830078125,37.29154586791992,0.03894780948758125,0.0012811999026932155,0.35,0.0,-0.001583807963566406,0.037895452231156826,125,-1,5.2253613701167545,348.0509658042491
1019,50.95,straightline,349,stanley,0.4,-114.51486206054688,37.292564392089844,-0.0293884240090847,0.0031513133975518515,0.35,0.0,-0.0009109316741130455,0.10623168572781928,125,-1,5.136703115308963,347.79324566452505
1020,51.0,straightline,349,stanley,0.4,-114.25562286376953,37.29345703125,-0.058410633355379105,0.0039101927459786814,0.35,0.0,-0.00036597650814543855,0.1352538950741153,125,-1,5.232902834388881,347.5340084231602
1021,51.050000000000004,straightline,349,stanley,0.4,-113.99625396728516,37.29417419433594,-0.1017761155962944,0.005102988758302864,0.35,0.0,3.3287923857576278e-06,0.17861937731505295,125,-1,5.164949344795992,347.27464300822385
1022,51.1,straightline,349,stanley,0.4,-113.73431396484375,37.2945442199707,-0.1328735500574112,0.005989194281009613,0.35,0.0,2.204867014105158e-05,0.20971681177616092,125,-1,5.3184714763012595,347.0127095910962
1023,51.150000000000006,straightline,349,stanley,0.4,-113.4722900390625,37.29493713378906,-0.17071528732776642,0.00706513332925913,0.35,0.0,6.354415564743983e-05,0.24755854904653188,125,-1,5.222000861361151,346.7506920661085
1024,51.2,straightline,349,stanley,0.4,-113.20968627929688,37.29521560668945,-0.1693725436925888,0.007036388695734584,0.35,0.0,-1.3388242316513671e-05,0.24621580541130753,126,-1,5.3086772024449616,346.48809572964643
1025,51.25,straightline,349,stanley,0.4,-112.94779205322266,37.29587173461914,-0.209381103515625,0.008141167026681946,0.35,0.0,0.00029149506682709086,0.28622436523435346,126,-1,5.204888487135801,346.22620564053835
1026,51.300000000000004,straightline,349,stanley,0.4,-112.68325805664062,37.29610824584961,-0.2066039890050888,0.008077213697475914,0.35,0.0,0.00017322167966777593,0.28344725072383725,126,-1,5.330426133368141,345.9616795242315
1027,51.35,straightline,349,stanley,0.4,-112.41917419433594,37.296688079833984,-0.23736567795276642,0.008927637701146782,0.35,0.0,0.00039887444311576404,0.31420893967150115,126,-1,5.248864945360739,345.69760055995465
1028,51.400000000000006,straightline,349,stanley,0.4,-112.15354919433594,37.29700469970703,-0.2276611030101776,0.00865608246251114,0.35,0.0,0.00035924640813607,0.30450436472894216,126,-1,5.34118443774461,345.4319828085271
1029,51.45,straightline,349,stanley,0.4,-111.88792419433594,37.297237396240234,-0.2601012885570526,0.009597678546433225,0.35,0.0,0.000235695108790388,0.3369445502758128,126,-1,5.265868526494238,345.1663657973236
1030,51.5,straightline,349,stanley,0.4,-111.62194061279297,37.29737091064453,-0.240692138671875,0.009070916150829349,0.35,0.0,1.2480851819707478e-05,0.3175354003905931,126,-1,5.363072190173837,344.90039109248454
1031,51.550000000000004,straightline,349,stanley,0.4,-111.35729217529297,37.29813766479492,-0.27017202973365784,0.009861556549395571,0.35,0.0,0.0004287061647137467,0.3470152914524,127,-1,5.280071480565635,344.63574598852426
1032,51.6,straightline,349,stanley,0.4,-111.09038543701172,37.29879379272461,-0.2603760063648224,0.009546359868280984,0.35,0.0,0.0007268668552771554,0.33721926808356006,127,-1,5.37950337717757,344.3688436384466
1033,51.650000000000006,straightline,349,stanley,0.4,-110.82261657714844,37.29935073852539,-0.2876891493797302,0.010300902488477672,0.35,0.0,0.0009246892566686964,0.36453241109848306,127,-1,5.296987986347711,344.10108007084364
1034,51.7,straightline,349,stanley,0.4,-110.55254364013672,37.29971694946289,-0.286590576171875,0.010271962472840613,0.35,0.0,0.0009286868128776222,0.36343383789060757,127,-1,5.436299151430094,343.83101418397507
1035,51.75,straightline,349,stanley,0.4,-110.28217315673828,37.300262451171875,-0.317108154296875,0.011120436188270268,0.35,0.0,0.001111575919772554,0.3939514160156369,127,-1,5.378935750148606,343.56064921079695
1036,51.800000000000004,straightline,349,stanley,0.4,-110.01009368896484,37.30052185058594,-0.2998047471046448,0.010640790984421817,0.35,0.0,0.0010060709547152747,0.3766480088233721,127,-1,5.463430244404443,343.28857782301804
1037,51.85,straightline,349,stanley,0.4,-109.73868560791016,37.30080795288086,-0.320068359375,0.011227220179417642,0.35,0.0,0.0009281692885642107,0.39691162109373107,127,-1,5.3732080957305515,343.0171775763357
1038,51.900000000000006,straightline,349,stanley,0.4,-109.4671859741211,37.301090240478516,-0.28991690278053284,0.010377512970684276,0.35,0.0,0.0008463301410243532,0.36676016449929594,127,-1,5.46808764204595,342.74568582637494
1039,51.95,straightline,349,stanley,0.4,-109.19684600830078,37.30168533325195,-0.3087158203125,0.010885152533292827,0.35,0.0,0.0010756417830392758,0.385559082031236,128,-1,5.3839867735497045,342.47535097900646
1040,52.0,straightline,349,stanley,0.4,-108.92536926269531,37.302024841308594,-0.287811279296875,0.010292839769981956,0.35,0.0,0.0010510537399101765,0.36465454101561684,128,-1,5.4682320451798985,342.20388163946984
1041,52.050000000000004,straightline,349,stanley,0.4,-108.65409851074219,37.30258560180664,-0.3113097846508026,0.010938149412382496,0.35,0.0,0.0012479942111969463,0.3881530463695618,128,-1,5.378507896096191,341.932616361664
1042,52.1,straightline,349,stanley,0.4,-108.38047790527344,37.30298614501953,-0.3085326850414276,0.010858894848396226,0.35,0.0,0.0012815659942026537,0.3853759467601733,128,-1,5.526507994530085,341.6590027329029
1043,52.150000000000006,straightline,349,stanley,0.4,-108.10674285888672,37.30353546142578,-0.3339538276195526,0.01156163114571681,0.35,0.0,0.0014637573523237787,0.4107970893383167,128,-1,5.463656586547222,341.3852733757318
1044,52.2,straightline,349,stanley,0.4,-107.8316650390625,37.303802490234375,-0.3123473823070526,0.010958756958248194,0.35,0.0,0.0013618604825434144,0.38919064402581466,128,-1,5.53970703211793,341.1102037817205
1045,52.25,straightline,349,stanley,0.4,-107.55707550048828,37.30430603027344,-0.3320618271827698,0.011502870438887697,0.35,0.0,0.0014971294974762835,0.4089050889014863,128,-1,5.442304410014298,340.83562038851977
1046,52.300000000000004,straightline,349,stanley,0.4,-107.28070831298828,37.30465316772461,-0.3233948051929474,0.011261817203395747,0.35,0.0,0.0014780216816314322,0.40023806691169533,129,-1,5.576419122144297,340.5592607986814
1047,52.35,straightline,349,stanley,0.4,-107.00464630126953,37.30517578125,-0.344757080078125,0.011851850275190336,0.35,0.0,0.0016303893325786056,0.4216003417968486,129,-1,5.506641877386783,340.2832048438934
1048,52.400000000000006,straightline,349,stanley,0.4,-106.72747802734375,37.30542755126953,-0.3200378715991974,0.011162187838751808,0.35,0.0,0.0015104300383098482,0.39688113331794517,129,-1,5.579205009852581,340.0060450613444
1049,52.45,straightline,349,stanley,0.4,-106.45097351074219,37.30592346191406,-0.3370971381664276,0.011631450435184635,0.35,0.0,0.0016355013592357468,0.4139403998851674,129,-1,5.480253234066448,339.7295468765875
1050,52.5,straightline,349,stanley,0.4,-106.17279815673828,37.3062629699707,-0.3260802924633026,0.011325153371803579,0.35,0.0,0.0016019293600740571,0.4029235541820423,129,-1,5.6109539690216295,339.45137930707654
1051,52.550000000000004,straightline,349,stanley,0.4,-105.8949966430664,37.30677795410156,-0.345916748046875,0.011872697365305086,0.35,0.0,0.001744334659826048,0.42276000976562267,129,-1,5.540383952210453,339.17358403063645
1052,52.6,straightline,349,stanley,0.4,-105.61615753173828,37.30702590942383,-0.3201293647289276,0.011153254736452782,0.35,0.0,0.0016183197988624077,0.39697262644766,129,-1,5.612162406295412,338.8947535618266
1053,52.650000000000006,straightline,349,stanley,0.4,-105.33800506591797,37.307518005371094,-0.3363036811351776,0.011598244323392713,0.35,0.0,0.0017341568360646202,0.41314694285390624,130,-1,5.513566609769913,338.6166075724234
1054,52.7,straightline,349,stanley,0.4,-105.05825805664062,37.307857513427734,-0.324310302734375,0.011264413896223055,0.35,0.0,0.0016984769838930061,0.4011535644531206,130,-1,5.642235736627655,338.33686846004593
1055,52.75,straightline,349,stanley,0.4,-104.77888488769531,37.30836868286133,-0.3436279594898224,0.01179779670202769,0.35,0.0,0.0018349597368002549,0.42047122120857466,130,-1,5.571317387359534,338.0575016703824
1056,52.800000000000004,straightline,349,stanley,0.4,-104.49850463867188,37.308616638183594,-0.3175964653491974,0.011071628672626363,0.35,0.0,0.001706877952011349,0.3944397270679265,130,-1,5.6426252655301345,337.7771301780882
1057,52.85,straightline,349,stanley,0.4,-104.21882629394531,37.30910873413086,-0.3334655463695526,0.011507704462844489,0.35,0.0,0.0018238779438979223,0.41030880808828246,130,-1,5.544417169019589,337.49745841756885
1058,52.900000000000006,straightline,349,stanley,0.4,-103.93757629394531,37.309444427490234,-0.321044921875,0.011162444672002234,0.35,0.0,0.0017823676355470481,0.39788818359374867,130,-1,5.671388548893683,337.21621645951046
1059,52.95,straightline,349,stanley,0.4,-103.65674591064453,37.30995559692383,-0.3401794135570526,0.011690805498822737,0.35,0.0,0.0019168960198868428,0.41702267527578285,130,-1,5.6003718068375665,336.9353925609691
1060,53.0,straightline,349,stanley,0.4,-103.37491607666016,37.31020736694336,-0.3141784369945526,0.01096478134596319,0.35,0.0,0.0017951047664138031,0.39102169871327774,131,-1,5.6711850737973455,336.653571562089
1061,53.050000000000004,straightline,349,stanley,0.4,-103.09381866455078,37.31069564819336,-0.329986572265625,0.011399735705454479,0.35,0.0,0.001906386857378928,0.40682983398436817,131,-1,5.573504061262747,336.3724808730824
1062,53.1,straightline,349,stanley,0.4,-102.81117248535156,37.311031341552734,-0.3173218071460724,0.011047785366683965,0.35,0.0,0.0018630040388299173,0.3941650688647918,131,-1,5.6985579518073015,336.0898428445206
1063,53.150000000000006,straightline,349,stanley,0.4,-102.52899169921875,37.31154251098633,-0.33642578125,0.011575456545770716,0.35,0.0,0.001995721306748563,0.4132690429687338,131,-1,5.627239601873999,335.80766864584837
1064,53.2,straightline,349,stanley,0.4,-102.2458267211914,37.31179428100586,-0.3105773627758026,0.010854515769611855,0.35,0.0,0.0018677194276943661,0.3874206244945359,131,-1,5.697778707909446,335.5245126120213
1065,53.25,straightline,349,stanley,0.4,-101.96338653564453,37.31228256225586,-0.3264159858226776,0.011290518338495691,0.35,0.0,0.0019772006345345067,0.4032592475414122,131,-1,5.600483055832149,335.2420792531612
1066,53.300000000000004,straightline,349,stanley,0.4,-101.67945098876953,37.312618255615234,-0.3135680854320526,0.010933586136538833,0.35,0.0,0.001932088557933665,0.3904113471507731,131,-1,5.724039199420498,334.9581519628617
1067,53.35,straightline,349,stanley,0.4,-101.39598083496094,37.31312942504883,-0.3327330946922302,0.011463560622920822,0.35,0.0,0.0020598671538831826,0.40957635641095025,132,-1,5.652559568451543,334.67468849819176
1068,53.400000000000006,straightline,349,stanley,0.4,-101.11155700683594,37.31338119506836,-0.30706787109375,0.010748038379371562,0.35,0.0,0.0019301769459618128,0.3839111328124785,132,-1,5.722846219959459,334.3902737218093
1069,53.45,straightline,349,stanley,0.4,-100.8278579711914,37.31387710571289,-0.32293701171875,0.011184207003650394,0.35,0.0,0.0020455992116044167,0.3997802734374979,132,-1,5.626007555353057,334.10658154643727
1070,53.5,straightline,349,stanley,0.4,-100.54269409179688,37.314205169677734,-0.3099364936351776,0.01082401082450754,0.35,0.0,0.0019912103476514256,0.3867797553539391,132,-1,5.74795506261528,333.82142609662804
1071,53.550000000000004,straightline,349,stanley,0.4,-100.25801849365234,37.314720153808594,-0.3291321098804474,0.011354226517046718,0.35,0.0,0.002124396348559038,0.40597537159917807,132,-1,5.676234129204102,333.53675725325394
1072,53.6,straightline,349,stanley,0.4,-99.972412109375,37.314971923828125,-0.30364990234375,0.01064411089824215,0.35,0.0,0.001993120134732143,0.38049316406249317,132,-1,5.7462981982766745,333.25116002664026
1073,53.650000000000006,straightline,349,stanley,0.4,-99.68753051757812,37.315467834472656,-0.3196105659008026,0.011083061129503292,0.35,0.0,0.0021069563944692213,0.39645382761953357,132,-1,5.649894176462669,332.96628539487625
1074,53.7,straightline,349,stanley,0.4,-99.40122985839844,37.315799713134766,-0.3064880073070526,0.01071864052943643,0.35,0.0,0.002059277585974848,0.38333126902581066,133,-1,5.770391024276014,332.6799932339897
1075,53.75,straightline,349,stanley,0.4,-99.11541748046875,37.31631088256836,-0.3257445991039276,0.011251193891763593,0.35,0.0,0.0021871242809191056,0.40258786082267234,133,-1,5.698586932258107,332.39418774317886
1076,53.800000000000004,straightline,349,stanley,0.4,-98.82869720458984,37.316566467285156,-0.300445556640625,0.010546041688205636,0.35,0.0,0.0020581688456869844,0.3772888183593564,133,-1,5.768335897089732,332.1074766953454
1077,53.85,straightline,349,stanley,0.4,-98.54273223876953,37.31706237792969,-0.3164978325366974,0.010987750582809392,0.35,0.0,0.0021705521193686773,0.3933410942554385,133,-1,5.672336261621923,331.82151878665593
1078,53.900000000000006,straightline,349,stanley,0.4,-98.2553482055664,37.31739044189453,-0.3032225966453552,0.010620093735492643,0.35,0.0,0.002113185657231764,0.3800658583640816,133,-1,5.791354010802129,331.5341433879775
1079,53.95,straightline,349,stanley,0.4,-97.968505859375,37.317901611328125,-0.322509765625,0.011153667258773222,0.35,0.0,0.00223965099219379,0.3993530273437497,133,-1,5.719318989622333,331.2473080242167
1080,54.0,straightline,349,stanley,0.4,-97.68074035644531,37.31815719604492,-0.297393798828125,0.010453897587580726,0.35,0.0,0.002109293732387107,0.374237060546884,133,-1,5.788948184498096,330.95955185244816
1081,54.050000000000004,straightline,349,stanley,0.4,-97.39373779296875,37.31865310668945,-0.313507080078125,0.010897872736097781,0.35,0.0,0.002217075999873107,0.39035034179684414,134,-1,5.69331091262539,330.6725564426866
1082,54.1,straightline,349,stanley,0.4,-97.1053466796875,37.3189811706543,-0.3001403510570526,0.010527750406509967,0.35,0.0,0.0021583588746424552,0.3769836127757724,134,-1,5.811080342189053,330.38417406430915
1083,54.150000000000006,straightline,349,stanley,0.4,-96.8175048828125,37.319496154785156,-0.3194579482078552,0.011061906429257844,0.35,0.0,0.002287298472641725,0.3963012099266139,134,-1,5.738804070785557,330.09633931084915
1084,54.2,straightline,349,stanley,0.4,-96.52877807617188,37.31975173950195,-0.2945556640625,0.010368374215884643,0.35,0.0,0.0021556519435182923,0.37139892578126027,134,-1,5.80824132742753,329.8076219364273
1085,54.25,straightline,349,stanley,0.4,-96.2408218383789,37.320247650146484,-0.31072998046875,0.010813870181267747,0.35,0.0,0.0022653645879010037,0.3875732421875065,134,-1,5.712979205147525,329.51967294679724
1086,54.300000000000004,straightline,349,stanley,0.4,-95.95149230957031,37.32057571411133,-0.2972412109375,0.010440395283125008,0.35,0.0,0.0022053888902420966,0.3740844726562197,134,-1,5.8293047556880495,329.2303522517903
1087,54.35,straightline,349,stanley,0.4,-95.66271209716797,37.32109451293945,-0.316558837890625,0.01097424761754675,0.35,0.0,0.002336884609647928,0.39340209960936745,134,-1,5.7567405164866035,328.94157914235416
1088,54.400000000000006,straightline,349,stanley,0.4,-95.37308502197266,37.321353912353516,-0.2918395400047302,0.010285153215748223,0.35,0.0,0.002212255104868054,0.3686828017234944,135,-1,5.826085180525765,328.6519615647481
1089,54.45,straightline,349,stanley,0.4,-95.084228515625,37.32184982299805,-0.30810546875,0.010733386428968502,0.35,0.0,0.002320760338303333,0.38494873046873135,135,-1,5.731328778462914,328.36311240004864
1090,54.5,straightline,349,stanley,0.4,-94.79402923583984,37.32217788696289,-0.2944946587085724,0.010356575135428075,0.35,0.0,0.0022596181588816523,0.3713379204273313,135,-1,5.846450310392537,328.0729220514144
1091,54.550000000000004,straightline,349,stanley,0.4,-94.50440216064453,37.322696685791016,-0.3139037787914276,0.010893148290730473,0.35,0.0,0.002389978093413204,0.39074704051019393,135,-1,5.773703676133062,327.7833021705737
1092,54.6,straightline,349,stanley,0.4,-94.21392059326172,37.322959899902344,-0.2893371284008026,0.010208620843523235,0.35,0.0,0.00226360752384153,0.3661803901195468,135,-1,5.843005491484391,327.4928301653581
1093,54.650000000000006,straightline,349,stanley,0.4,-93.92422485351562,37.32345962524414,-0.3057250678539276,0.01066001445928349,0.35,0.0,0.0023748018985335117,0.38256832957269254,135,-1,5.748570397798502,327.20314182482196
1094,54.7,straightline,349,stanley,0.4,-93.6332015991211,37.323787689208984,-0.2919616997241974,0.010278980008075514,0.35,0.0,0.002312554631126045,0.36880496144293445,135,-1,5.862386248443313,326.91212759827965
1095,54.75,straightline,349,stanley,0.4,-93.3427734375,37.324302673339844,-0.3113707900047302,0.010816008424324822,0.35,0.0,0.0024386307606430084,0.38821405172349077,136,-1,5.789383383247207,326.6217067563817
1096,54.800000000000004,straightline,349,stanley,0.4,-93.05149841308594,37.32456970214844,-0.2870177924633026,0.010137286033678788,0.35,0.0,0.0023150107261050252,0.36386105418204945,136,-1,5.858644574923814,326.33044135726203
1097,54.85,straightline,349,stanley,0.4,-92.76102447509766,37.325069427490234,-0.303466796875,0.010590524946384428,0.35,0.0,0.0024251614065882087,0.3803100585937367,136,-1,5.764615008535479,326.0399749092612
1098,54.900000000000006,straightline,349,stanley,0.4,-92.46925354003906,37.32539367675781,-0.2895812690258026,0.010206545131855723,0.35,0.0,0.0023580966803217864,0.3664245307445385,136,-1,5.877209694323421,325.7482131316412
1099,54.95,straightline,349,stanley,0.4,-92.17809295654297,37.3259162902832,-0.3089904487133026,0.010742870176848052,0.35,0.0,0.0024902146171590545,0.3858337104320645,136,-1,5.803929512132322,325.45705988744163
1100,55.0,straightline,349,stanley,0.4,-91.88607025146484,37.3261833190918,-0.2847900688648224,0.01006863910251177,0.35,0.0,0.0023655918175969322,0.36163333058354286,136,-1,5.87320914506762,325.1650469047234
1101,55.050000000000004,straightline,349,stanley,0.4,-91.59486389160156,37.326683044433594,-0.3013000786304474,0.010523710853950268,0.35,0.0,0.002474760197648307,0.37814334034920993,136,-1,5.779543874859899,324.8738481249028
1102,55.1,straightline,349,stanley,0.4,-91.30238342285156,37.32700729370117,-0.2873229682445526,0.010137166456364791,0.35,0.0,0.002407349147756089,0.36416622996327636,137,-1,5.891083604816245,324.5813769081428
1103,55.150000000000006,straightline,349,stanley,0.4,-91.01052856445312,37.3275260925293,-0.30682373046875,0.010676613367762343,0.35,0.0,0.0025347212518075537,0.38366699218748684,137,-1,5.817574477103833,324.28952951244435
1104,55.2,straightline,349,stanley,0.4,-90.71781158447266,37.327796936035156,-0.2827758491039276,0.010006429636297023,0.35,0.0,0.0024129820071292635,0.3596191108226599,137,-1,5.886846980342983,323.9968223160225
1105,55.25,straightline,349,stanley,0.4,-90.4259262084961,37.32829666137695,-0.2993163764476776,0.010462456775659244,0.35,0.0,0.0025212397128219818,0.3761596381664191,137,-1,5.793521067086989,323.70494460910277
1106,55.300000000000004,straightline,349,stanley,0.4,-90.1327896118164,37.32862854003906,-0.2852172255516052,0.010071752076342713,0.35,0.0,0.002459972793211716,0.36206048727032136,137,-1,5.904016252383852,323.4118172879935
1107,55.35,straightline,349,stanley,0.4,-89.84027862548828,37.32914352416992,-0.3046875,0.010610817361081205,0.35,0.0,0.0025826502259582,0.381530761718746,137,-1,5.830288042442465,323.1193138875068
1108,55.400000000000006,straightline,349,stanley,0.4,-89.54692840576172,37.32941436767578,-0.2808227241039276,0.009945981542823102,0.35,0.0,0.002460061700698241,0.3576659858226755,137,-1,5.89961626993563,322.8259735459872
1109,55.45,straightline,349,stanley,0.4,-89.25440979003906,37.329917907714844,-0.2974548041820526,0.010404203642172974,0.35,0.0,0.0025718798672654643,0.37429806590081294,138,-1,5.806669456600838,322.5334626524943
1110,55.5,straightline,349,stanley,0.4,-88.96066284179688,37.33024597167969,-0.2832030653953552,0.01000966137973019,0.35,0.0,0.002505979670127206,0.36004632711410184,138,-1,5.915921405220743,322.2397251074822
1111,55.550000000000004,straightline,349,stanley,0.4,-88.66754913330078,37.33076477050781,-0.3027037978172302,0.01054922135659679,0.35,0.0,0.0026316634453114984,0.3795470595359552,138,-1,5.841869408015022,321.94661903688205
1112,55.6,straightline,349,stanley,0.4,-88.37361145019531,37.33103561401367,-0.2789916396141052,0.009888863730904408,0.35,0.0,0.002508287033246859,0.3558349013328553,138,-1,5.9113264853588,321.6526913258925
1113,55.650000000000006,straightline,349,stanley,0.4,-88.08050537109375,37.331539154052734,-0.29571533203125,0.01034983582906065,0.35,0.0,0.0026187222653880453,0.3725585937499835,138,-1,5.818762452621375,321.35959305634594
1114,55.7,straightline,349,stanley,0.4,-87.78617858886719,37.33186340332031,-0.2813109755516052,0.009951447819140558,0.35,0.0,0.002548229719906454,0.3581542372703526,138,-1,5.926903713682904,321.0652758051361
1115,55.75,straightline,349,stanley,0.4,-87.49250793457031,37.3323860168457,-0.3008422553539276,0.010491496879293724,0.35,0.0,0.0026769812313055417,0.3776855170726553,138,-1,5.852442118013014,320.77161283977404
1116,55.800000000000004,straightline,349,stanley,0.4,-87.19802856445312,37.33266067504883,-0.2772826850414276,0.009835120935567506,0.35,0.0,0.0025572982999655484,0.35412594676016884,139,-1,5.922062529449484,320.47714349968743
1117,55.85,straightline,349,stanley,0.4,-86.90438079833984,37.33316421508789,-0.2940674126148224,0.010297889847795321,0.35,0.0,0.0026670070390790424,0.37091067433358316,139,-1,5.829856007271637,320.1835036296232
1118,55.900000000000006,straightline,349,stanley,0.4,-86.60955047607422,37.33348846435547,-0.279541015625,0.009896103121895488,0.35,0.0,0.002595839162050582,0.3563842773437373,139,-1,5.9369545269875506,319.8886829289747
1119,55.95,straightline,349,stanley,0.4,-86.31537628173828,37.33401107788086,-0.2990417182445526,0.010435314924609735,0.35,0.0,0.0027239153419028016,0.37588497996328435,139,-1,5.8623146744959955,319.59451650852276
1120,56.0,straightline,349,stanley,0.4,-86.02040100097656,37.334285736083984,-0.2756347358226776,0.009783473252278305,0.35,0.0,0.0026029620313945826,0.35247799754141135,139,-1,5.932072596556691,319.29955135005554
1121,56.050000000000004,straightline,349,stanley,0.4,-85.72625732421875,37.33478546142578,-0.292510986328125,0.010249336384585474,0.35,0.0,0.002708190977422555,0.36935424804684674,139,-1,5.840255277258607,319.00541569039933
1122,56.1,straightline,349,stanley,0.4,-85.43095397949219,37.33510971069336,-0.27783203125,0.00984319016130418,0.35,0.0,0.002636993977949405,0.35467529296874456,140,-1,5.946242241831454,318.7101220577719
1123,56.150000000000006,straightline,349,stanley,0.4,-85.13631439208984,37.335636138916016,-0.2973021864891052,0.010381140303067563,0.35,0.0,0.002768260681570396,0.3741454482078424,140,-1,5.871421029845164,318.4154902932474
1124,56.2,straightline,349,stanley,0.4,-84.84088897705078,37.33592224121094,-0.2740783393383026,0.009733374024639613,0.35,0.0,0.002658147747092914,0.35092160105703213,140,-1,5.941405146671162,318.1200749855317
1125,56.25,straightline,349,stanley,0.4,-84.54627990722656,37.336429595947266,-0.2910461127758026,0.010201036848081815,0.35,0.0,0.0027703819107244756,0.3678893744945395,140,-1,5.850177787412918,317.8254739472842
1126,56.300000000000004,straightline,349,stanley,0.4,-84.25051879882812,37.336769104003906,-0.276153564453125,0.009787300288450186,0.35,0.0,0.002713224468903195,0.352996826171844,140,-1,5.955429682850521,317.529722499652
1127,56.35,straightline,349,stanley,0.4,-83.9554214477539,37.33730697631836,-0.295745849609375,0.010327462385876151,0.35,0.0,0.002855321316258758,0.37258911132812655,140,-1,5.880622560765552,317.2346329496091
1128,56.400000000000006,straightline,349,stanley,0.4,-83.65953063964844,37.33757400512695,-0.272705078125,0.009687189592508638,0.35,0.0,0.0027255107425411427,0.34954833984371564,140,-1,5.95083025080732,316.9387525193914
1129,56.45,straightline,349,stanley,0.4,-83.3644790649414,37.33805847167969,-0.2899779677391052,0.010166081438535134,0.35,0.0,0.0028148685499037674,0.36682122945783735,141,-1,5.860266410179025,316.6437092752492
1130,56.5,straightline,349,stanley,0.4,-83.06828308105469,37.33835983276367,-0.2751159369945526,0.009757470742592393,0.35,0.0,0.0027189809288529236,0.35195919871328496,141,-1,5.964405228209817,316.34752339925535
1131,56.550000000000004,straightline,349,stanley,0.4,-82.77274322509766,37.33884048461914,-0.2952575981616974,0.010319797345932894,0.35,0.0,0.0028032638955086705,0.3721008598804494,141,-1,5.889838046754919,316.051991964895
1132,56.6,straightline,349,stanley,0.4,-82.4764175415039,37.339073181152344,-0.2728271782398224,0.00970071292230147,0.35,0.0,0.0026385378363963092,0.3496704399585432,141,-1,5.960367222524006,315.7556770746613
1133,56.650000000000006,straightline,349,stanley,0.4,-82.180908203125,37.339542388916016,-0.2904357612133026,0.010191234907312803,0.35,0.0,0.0027114176507322626,0.36727902293203485,141,-1,5.870232532517655,315.4601762986323
1134,56.7,straightline,349,stanley,0.4,-81.88424682617188,37.339847564697266,-0.275604248046875,0.009782878373453914,0.35,0.0,0.0026187205534501904,0.35244750976562544,141,-1,5.973728203627664,315.1635250892439
1135,56.75,straightline,349,stanley,0.4,-81.58824920654297,37.34034729003906,-0.2953796088695526,0.010332825457646308,0.35,0.0,0.0027214630515101446,0.3722228705883073,141,-1,5.898568051496549,314.8675358019552
1136,56.800000000000004,straightline,349,stanley,0.4,-81.29144287109375,37.340606689453125,-0.272613525390625,0.009701098958229612,0.35,0.0,0.0025834004945006527,0.34945678710938827,142,-1,5.969474279944731,314.57074010771464
1137,56.85,straightline,349,stanley,0.4,-80.99543762207031,37.341102600097656,-0.2895507216453552,0.010169672707371126,0.35,0.0,0.0026823180664296248,0.3663939833640892,142,-1,5.8796386685321,314.27474326201246
1138,56.900000000000006,straightline,349,stanley,0.4,-80.69827270507812,37.34139633178711,-0.2743225395679474,0.009751216101212717,0.35,0.0,0.002577501556096231,0.35116580128668723,142,-1,5.983040749812256,313.9775887178802
1139,56.95,straightline,349,stanley,0.4,-80.40176391601562,37.341880798339844,-0.293609619140625,0.010289069945847206,0.35,0.0,0.0026642997149738806,0.37045288085938566,142,-1,5.907952999848664,313.68108849703157
1140,57.0,straightline,349,stanley,0.4,-80.10443878173828,37.342124938964844,-0.27075186371803284,0.009656444285952916,0.35,0.0,0.0025096773065683992,0.3475951254367616,142,-1,5.9792209053371534,313.38377424827996
1141,57.050000000000004,straightline,349,stanley,0.4,-79.80792999267578,37.34257888793945,-0.2877807021141052,0.010132544691880772,0.35,0.0,0.0025659579147675085,0.36462396383286133,142,-1,5.8896358731636935,313.0872743509792
1142,57.1,straightline,349,stanley,0.4,-79.51026916503906,37.34284210205078,-0.2723693549633026,0.009711967195863244,0.35,0.0,0.002429958754504869,0.34921261668203946,142,-1,5.9922488850186095,312.7896242838288
1143,57.150000000000006,straightline,349,stanley,0.4,-79.21327209472656,37.34331512451172,-0.291595458984375,0.010249579517059376,0.35,0.0,0.002505253012544883,0.36843872070311523,143,-1,5.917095721607826,312.49263598351064
1144,57.2,straightline,349,stanley,0.4,-78.91547393798828,37.34354782104492,-0.2687072157859802,0.00961715837152946,0.35,0.0,0.002338552120272738,0.34555047750470524,143,-1,5.988386420286285,312.19484892160557
1145,57.25,straightline,349,stanley,0.4,-78.61848449707031,37.344017028808594,-0.2856445014476776,0.010089331538838292,0.35,0.0,0.002409446869152743,0.3624877631664267,143,-1,5.898890545771448,311.8978683231386
1146,57.300000000000004,straightline,349,stanley,0.4,-78.32036590576172,37.344303131103516,-0.2702025771141052,0.009665100595746871,0.15,0.0,0.0022957219341291283,0.3470458388328493,143,-1,6.001159169041779,311.59976037611204
1147,57.35,straightline,349,stanley,0.4,-78.02313995361328,37.344783782958984,-0.2890014052391052,0.010189422443449656,0.35,0.0,0.002377743563332481,0.3658446669578706,143,-1,5.913680851920358,311.3025432052227
1148,57.400000000000006,straightline,349,stanley,0.4,-77.72630310058594,37.34500503540039,-0.2648009657859802,0.009519428335685034,0.35,0.0,0.002200887858872633,0.3416442275047365,143,-1,5.959266174353888,311.0057175935768
1149,57.45,straightline,349,stanley,0.4,-77.43152618408203,37.3454475402832,-0.280914306640625,0.009969862759300096,0.35,0.0,0.002248652396714193,0.35775756835936,144,-1,5.848064247302347,310.7109497471189
1150,57.5,straightline,349,stanley,0.4,-77.13653564453125,37.345703125,-0.26434326171875,0.009515498177836245,0.35,0.0,0.0021086051524395566,0.34118652343750866,144,-1,5.933835034785345,310.4159700807926
1151,57.550000000000004,straightline,349,stanley,0.4,-76.84281921386719,37.346187591552734,-0.2843932807445526,0.010074739058114308,0.35,0.0,0.00219914833171348,0.36123654246327436,144,-1,5.846498595770792,310.12226231049334
1152,57.6,straightline,349,stanley,0.4,-76.54863739013672,37.34642791748047,-0.2633056640625,0.009492175723760285,0.35,0.0,0.00204492693549303,0.34014892578125583,144,-1,5.915385728865283,309.8280915084386
1153,57.650000000000006,straightline,349,stanley,0.4,-76.25548553466797,37.34690475463867,-0.2819214463233948,0.010010990444007144,0.35,0.0,0.0021285979170135054,0.35876470804213323,144,-1,5.821434725571367,309.5349483966479
1154,57.7,straightline,349,stanley,0.4,-75.96129608154297,37.34722137451172,-0.2681273818016052,0.009629642432120035,0.35,0.0,0.0020506601651932425,0.3449706435203436,144,-1,5.924206529771305,309.24076927865707
1155,57.75,straightline,349,stanley,0.4,-75.66780853271484,37.34773254394531,-0.2890624701976776,0.010211685472662638,0.35,0.0,0.00216821317019583,0.36590573191641207,144,-1,5.848335120031542,308.94729019724616
1156,57.800000000000004,straightline,349,stanley,0.4,-75.37348175048828,37.34799575805664,-0.267242431640625,0.009605688492113558,0.35,0.0,0.0020372908032746774,0.3440856933593676,145,-1,5.92033175921886,308.65297430471077
1157,57.85,straightline,349,stanley,0.4,-75.0799560546875,37.34847640991211,-0.2852477729320526,0.010106857948781287,0.35,0.0,0.0021242750961179002,0.3620910346507707,145,-1,5.829812130787931,308.35945740549033
1158,57.900000000000006,straightline,349,stanley,0.4,-74.78520965576172,37.34878158569336,-0.2712707221508026,0.009721740572673663,0.35,0.0,0.0020341463051731633,0.3481139838695514,145,-1,5.936434494942486,308.06472155440343
1159,57.95,straightline,349,stanley,0.4,-74.4910659790039,37.34927749633789,-0.2915954887866974,0.010288294954811083,0.35,0.0,0.002135560557366318,0.36843875050542146,145,-1,5.862594459539258,307.7705865929879
1160,58.0,straightline,349,stanley,0.4,-74.19603729248047,37.349517822265625,-0.2691040337085724,0.009665709619887377,0.35,0.0,0.001980203376271588,0.3459472954273309,145,-1,5.934378953897739,307.47556912786723
1161,58.050000000000004,straightline,349,stanley,0.4,-73.90176391601562,37.349998474121094,-0.2866210341453552,0.010153200300068766,0.35,0.0,0.0020661849040906725,0.3634642958640872,145,-1,5.84445837806785,307.1813046559695
1162,58.1,straightline,349,stanley,0.4,-73.60623931884766,37.35029602050781,-0.272308349609375,0.009759282373963292,0.35,0.0,0.001967383031267502,0.3491516113281105,145,-1,5.950998381286196,306.88579079549464
1163,58.150000000000006,straightline,349,stanley,0.4,-73.31130981445312,37.35079574584961,-0.2922362983226776,0.010314262588633058,0.35,0.0,0.0020721633307080327,0.36907956004140574,146,-1,5.877266549102587,306.59087007997374
1164,58.2,straightline,349,stanley,0.4,-73.01549530029297,37.351070404052734,-0.2694091796875,0.009678275789857962,0.35,0.0,0.0019500844676216995,0.34625244140625155,146,-1,5.948875316452312,306.29506657616594
1165,58.25,straightline,349,stanley,0.4,-72.720458984375,37.3515625,-0.28656005859375,0.01015424482457455,0.35,0.0,0.0020464868473287685,0.3634033203125154,146,-1,5.85927291385611,306.0000391647551
1166,58.300000000000004,straightline,349,stanley,0.4,-72.42422485351562,37.351871490478516,-0.2716064155101776,0.009740717818170855,0.35,0.0,0.001958177452466736,0.34844967722892134,146,-1,5.96422373942585,305.70381577443703
1167,58.35,straightline,349,stanley,0.4,-72.12861633300781,37.352378845214844,-0.2911987006664276,0.01028545035834154,0.35,0.0,0.0020690711853007244,0.3680419623851529,146,-1,5.889757947057687,305.40821607549606
1168,58.400000000000006,straightline,349,stanley,0.4,-71.8321533203125,37.352638244628906,-0.26837158203125,0.009651200239734828,0.35,0.0,0.0019308638017011227,0.3452148437499987,146,-1,5.961621977500304,305.1117643328085
1169,58.45,straightline,349,stanley,0.4,-71.5364761352539,37.35313034057617,-0.28549185395240784,0.01012646983359426,0.35,0.0,0.0020264066685303584,0.36233511567114984,146,-1,5.872265601869135,304.8160961576584
1170,58.5,straightline,349,stanley,0.4,-71.2396240234375,37.35343551635742,-0.2704162299633026,0.009709800923056126,0.35,0.0,0.0019340488114655253,0.34725949168205505,147,-1,5.976589531255561,304.51925493416024
1171,58.550000000000004,straightline,349,stanley,0.4,-70.94338989257812,37.35394287109375,-0.2899474501609802,0.010252953876206415,0.35,0.0,0.0020441034960140096,0.3667907118797452,147,-1,5.902163994498538,304.2230297299103
1172,58.6,straightline,349,stanley,0.4,-70.64630889892578,37.35420227050781,-0.2671813666820526,0.009620462906198357,0.35,0.0,0.0019050672964250684,0.3440246284007753,147,-1,5.974052687592756,303.9259601195823
1173,58.650000000000006,straightline,349,stanley,0.4,-70.35001373291016,37.35469436645508,-0.2843017280101776,0.010095915860702803,0.35,0.0,0.001999781347264965,0.3611449897288961,147,-1,5.884950825262143,303.62967406932245
1174,58.7,straightline,349,stanley,0.4,-70.05253601074219,37.355003356933594,-0.269134521484375,0.009676259505964376,0.35,0.0,0.0019098040881280897,0.3459777832031168,147,-1,5.988682307474513,303.3322073114964
1175,58.75,straightline,349,stanley,0.4,-69.75569152832031,37.355506896972656,-0.2886047065258026,0.010218250583059987,0.35,0.0,0.002015225495148582,0.36544796824452086,147,-1,5.91425226139873,303.035371898467
1176,58.800000000000004,straightline,349,stanley,0.4,-69.45800018310547,37.355770111083984,-0.26593017578125,0.009587901604840254,0.35,0.0,0.0018797906856188045,0.34277343749998007,148,-1,5.986152453564045,302.7376920140777
1177,58.85,straightline,349,stanley,0.4,-69.16109466552734,37.35626220703125,-0.283050537109375,0.010063528438509975,0.35,0.0,0.0019736861527655265,0.3598937988281009,148,-1,5.897231380869059,302.4407957192134
1178,58.900000000000006,straightline,349,stanley,0.4,-68.863037109375,37.35657501220703,-0.2678222358226776,0.00964167867631032,0.15,0.0,0.0018867459329549529,0.344665497541423,148,-1,6.00007883411949,302.14274920255775
1179,58.95,straightline,349,stanley,0.4,-68.56583404541016,37.35707473754883,-0.286773681640625,0.010168926696456656,0.35,0.0,0.0019878717282208877,0.363616943359364,148,-1,5.9132468947533585,301.845555340569
1180,59.0,straightline,349,stanley,0.4,-68.26898956298828,37.35731506347656,-0.2626952826976776,0.00950001533836033,0.35,0.0,0.0018300792606389634,0.33953854441639403,148,-1,5.959403492105029,301.5487225887356
1181,59.050000000000004,straightline,349,stanley,0.4,-67.97418212890625,37.357791900634766,-0.2788085639476776,0.009947463572329915,0.35,0.0,0.0019115298338917026,0.3556518256664051,148,-1,5.848534536025678,301.2539245059439
1182,59.1,straightline,349,stanley,0.4,-67.67913818359375,37.35808181762695,-0.26220703125,0.009487912598950442,0.35,0.0,0.0018057432080572724,0.3390502929687169,148,-1,5.934676127885783,300.9588917660472
1183,59.150000000000006,straightline,349,stanley,0.4,-67.3853530883789,37.35858917236328,-0.2824401557445526,0.010049877140534631,0.35,0.0,0.0019194428943030005,0.3592681586742401,149,-1,5.847873936016751,300.6651157150803
1184,59.2,straightline,349,stanley,0.4,-67.09105682373047,37.35886001586914,-0.261199951171875,0.009459209788537698,0.35,0.0,0.0017956639401810253,0.3380279541015625,149,-1,5.916602136287282,300.37083084918197
1185,59.25,straightline,349,stanley,0.4,-66.79778289794922,37.35935592651367,-0.2800292372703552,0.009982445361206621,0.35,0.0,0.0018983227778146732,0.3568572402000427,149,-1,5.822855485542531,300.07756609419056
1186,59.300000000000004,straightline,349,stanley,0.4,-66.50346374511719,37.35966873168945,-0.2664794921875,0.009608062443336366,0.35,0.0,0.0018164747650976703,0.3433074951171875,149,-1,5.925793625060799,299.78325797360975
1187,59.35,straightline,349,stanley,0.4,-66.20983123779297,37.36018371582031,-0.2876891493797302,0.010197882767274933,0.35,0.0,0.0019377262494884335,0.3645171523094178,149,-1,5.850075048001576,299.489634506517
1188,59.400000000000006,straightline,349,stanley,0.4,-65.91533660888672,37.360450744628906,-0.266143798828125,0.009599079456964997,0.35,0.0,0.001809866614657546,0.3429718017578125,149,-1,5.922182213817247,299.1951514095142
1189,59.45,straightline,349,stanley,0.4,-65.62165069580078,37.36094284057617,-0.2844543159008026,0.010108107438049794,0.35,0.0,0.0019081583241808788,0.3612823188304901,149,-1,5.832023208854404,298.9014748032221
1190,59.5,straightline,349,stanley,0.4,-65.32673645019531,37.36125564575195,-0.2705688178539276,0.009724324254896258,0.35,0.0,0.001825584998066009,0.3473968207836151,150,-1,5.938470384922127,298.60657170402027
1191,59.550000000000004,straightline,349,stanley,0.4,-65.03242492675781,37.36176300048828,-0.2910155951976776,0.010293401470212812,0.35,0.0,0.0019382966012585225,0.3678435981273651,150,-1,5.864705513836783,298.31226940742096
1192,59.6,straightline,349,stanley,0.4,-64.73722839355469,37.36202621459961,-0.2686156928539276,0.009670657900404177,0.35,0.0,0.001805681088272558,0.3454436957836151,150,-1,5.936755912222358,298.017084565343
1193,59.650000000000006,straightline,349,stanley,0.4,-64.44277954101562,37.362518310546875,-0.2861938178539276,0.010158941006238804,0.35,0.0,0.0019029497713623062,0.3630218207836151,150,-1,5.847039156432428,297.72264513683905
1194,59.7,straightline,349,stanley,0.4,-64.14710998535156,37.362831115722656,-0.2717590034008026,0.009759529764234009,0.35,0.0,0.0018192910018578591,0.3485870063304901,150,-1,5.95349312435381,297.42698685124714
1195,59.75,straightline,349,stanley,0.4,-63.85203552246094,37.363338470458984,-0.2916259467601776,0.010312205970917693,0.35,0.0,0.0019309795786167888,0.3684539496898651,150,-1,5.879675351664964,297.1319217328588
1196,59.800000000000004,straightline,349,stanley,0.4,-63.55609893798828,37.36360168457031,-0.268768310546875,0.009676421857768588,0.35,0.0,0.0017973717299902472,0.3455963134765625,150,-1,5.951374292511006,296.8359969649753
1197,59.85,straightline,349,stanley,0.4,-63.26093673706055,37.36408996582031,-0.28594970703125,0.010153956772230716,0.35,0.0,0.0018899367216165754,0.3627777099609375,151,-1,5.861801603710862,296.5408443423251
1198,59.900000000000006,straightline,349,stanley,0.4,-62.96457290649414,37.364402770996094,-0.270965576171875,0.00973883610029056,0.35,0.0,0.001805346998057567,0.3477935791015625,151,-1,5.966775620576883,296.24449190434154
1199,59.95,straightline,349,stanley,0.4,-62.66884231567383,37.36491012573242,-0.290496826171875,0.010282059225213424,0.35,0.0,0.0019161557720836137,0.3673248291015625,151,-1,5.892458295071019,295.9487707722131
1200,60.0,straightline,349,stanley,0.4,-62.37226104736328,37.36517333984375,-0.2676391005516052,0.009646309214592474,0.35,0.0,0.0017816834661206937,0.3444671034812928,151,-1,5.964285894203898,295.65220144311337
1201,60.050000000000004,straightline,349,stanley,0.4,-62.07645797729492,37.36566925048828,-0.2847289741039276,0.01012055169835622,0.35,0.0,0.0018809509711270101,0.3615569770336151,151,-1,5.874921434568607,295.3564079905056
1202,60.1,straightline,349,stanley,0.4,-61.779476165771484,37.36598205566406,-0.26959228515625,0.00970108272032567,0.35,0.0,0.0017955325961567985,0.3464202880859375,151,-1,5.979108784895918,295.05943769200917
1203,60.150000000000006,straightline,349,stanley,0.4,-61.48312759399414,37.36648941040039,-0.2891235053539276,0.010244439276370974,0.35,0.0,0.001905512718771642,0.3659515082836151,151,-1,5.904589707831051,294.76309869283006
1204,60.2,straightline,349,stanley,0.4,-61.1859245300293,37.366756439208984,-0.2663879692554474,0.00961179263194777,0.35,0.0,0.001774088872189692,0.3432159721851349,152,-1,5.976443740951567,294.46590765331734
1205,60.25,straightline,349,stanley,0.4,-60.88951873779297,37.367252349853516,-0.2835387885570526,0.010087922922277982,0.35,0.0,0.001872548186313477,0.3603667914867401,152,-1,5.887331986366327,294.1695115928038
1206,60.300000000000004,straightline,349,stanley,0.4,-60.59193801879883,37.36756896972656,-0.2683410346508026,0.009666304263495903,0.35,0.0,0.001790141429429082,0.3451690375804901,152,-1,5.9907553594000404,293.8719424700293
1207,60.35,straightline,349,stanley,0.4,-60.29499816894531,37.368080139160156,-0.2878417372703552,0.010208494587253814,0.35,0.0,0.0019031434003940779,0.3646697402000427,152,-1,5.916208863696262,293.57501226891986
1208,60.400000000000006,straightline,349,stanley,0.4,-59.997215270996094,37.36834716796875,-0.2651977241039276,0.009578516372155527,0.35,0.0,0.0017708745216344429,0.3420257270336151,152,-1,5.98812719217039,293.2772415180242
1209,60.45,straightline,349,stanley,0.4,-59.700218200683594,37.36884307861328,-0.2823486030101776,0.01005478222347498,0.35,0.0,0.0018685409902722003,0.3591766059398651,152,-1,5.899222907621663,292.98025429472193
1210,60.5,straightline,349,stanley,0.4,-59.402069091796875,37.36915588378906,-0.26708984375,0.009631851522214912,0.15,0.0,0.0017816300320789335,0.3439178466796875,153,-1,6.002012627446959,292.6821169413812
1211,60.550000000000004,straightline,349,stanley,0.4,-59.10477828979492,37.36965560913086,-0.2860717475414276,0.010160144752221722,0.35,0.0,0.001882717329375941,0.3628997504711151,153,-1,5.915088537715662,292.3848360062837
1212,60.6,straightline,349,stanley,0.4,-58.80783462524414,37.36989974975586,-0.2619933784008026,0.009490727997220554,0.35,0.0,0.0017286856166761682,0.3388213813304901,153,-1,5.961351703619032,292.08790477130066
1213,60.650000000000006,straightline,349,stanley,0.4,-58.512943267822266,37.370357513427734,-0.278228759765625,0.00994400711085244,0.35,0.0,0.0017910286999088176,0.3550567626953125,153,-1,5.850106630004207,291.7930236248994
1214,60.7,straightline,349,stanley,0.4,-58.217796325683594,37.37064743041992,-0.2616882026195526,0.009486007351215095,0.35,0.0,0.001685182540494296,0.3385162055492401,153,-1,5.9363427469544305,291.4978886116319
1215,60.75,straightline,349,stanley,0.4,-57.92390823364258,37.371158599853516,-0.2817992866039276,0.010044749180732292,0.35,0.0,0.0018022766171936285,0.3586272895336151,153,-1,5.849700929995699,291.20401018817125
1216,60.800000000000004,straightline,349,stanley,0.4,-57.6295166015625,37.371456146240234,-0.260650634765625,0.00945360161990558,0.35,0.0,0.001705072641620715,0.3374786376953125,153,-1,5.918501611179556,290.9096304170281
1217,60.85,straightline,349,stanley,0.4,-57.33614730834961,37.37196350097656,-0.2795104682445526,0.009976166654467303,0.35,0.0,0.001822935023515214,0.3563384711742401,154,-1,5.824717696753189,290.61627084728843
1218,60.900000000000006,straightline,349,stanley,0.4,-57.04172134399414,37.37228775024414,-0.2660522758960724,0.009602998016897924,0.35,0.0,0.0017523878686060493,0.3428802788257599,154,-1,5.927632056712348,290.321856523542
1219,60.95,straightline,349,stanley,0.4,-56.747982025146484,37.372825622558594,-0.2871093153953552,0.010186008159471155,0.35,0.0,0.001896384292313191,0.3639373183250427,154,-1,5.851856019899896,290.0281266822718
1220,61.0,straightline,349,stanley,0.4,-56.453407287597656,37.37311553955078,-0.26513671875,0.009572406402759406,0.35,0.0,0.0017913054027238575,0.3419647216796875,154,-1,5.923628868706385,289.7335639851387
1221,61.050000000000004,straightline,349,stanley,0.4,-56.15962219238281,37.373619079589844,-0.2830505073070526,0.010068861756879445,0.35,0.0,0.0019009082003193637,0.3598785102367401,154,-1,5.833365323878339,289.4397887589517
1222,61.1,straightline,349,stanley,0.4,-55.8646240234375,37.37392807006836,-0.269134521484375,0.009684636056028588,0.35,0.0,0.0018143350002402911,0.3459625244140625,154,-1,5.939990868423124,289.1448025069744
1223,61.150000000000006,straightline,349,stanley,0.4,-55.57023239135742,37.37441635131836,-0.2898864150047302,0.010264585127579664,0.35,0.0,0.0019078657164763781,0.3667144179344177,154,-1,5.866034621445582,288.8504209728735
1224,61.2,straightline,349,stanley,0.4,-55.274993896484375,37.37466049194336,-0.267913818359375,0.00965651865244656,0.35,0.0,0.0017523733061076473,0.3447418212890625,155,-1,5.93781879145815,288.55519511120434
1225,61.25,straightline,349,stanley,0.4,-54.98051452636719,37.375144958496094,-0.2859497368335724,0.01015883433687421,0.35,0.0,0.0018419716804676921,0.3627777397632599,155,-1,5.8481206645839325,288.26072592731134
1226,61.300000000000004,straightline,349,stanley,0.4,-54.68479919433594,37.3754768371582,-0.27166748046875,0.009761556339702795,0.35,0.0,0.0017773249985581303,0.3484954833984375,155,-1,5.9542785814631385,287.96502241343455
1227,61.35,straightline,349,stanley,0.4,-54.38968276977539,37.37599182128906,-0.29150390625,0.010312581416211811,0.35,0.0,0.0018965866965355723,0.3683319091796875,155,-1,5.880567473682402,287.6699159430572
1228,61.400000000000006,straightline,349,stanley,0.4,-54.09370422363281,37.376258850097656,-0.26861572265625,0.009675458917253212,0.35,0.0,0.001766737275291364,0.3454437255859375,155,-1,5.952173831542294,287.37394993488857
1229,61.45,straightline,349,stanley,0.4,-53.79851531982422,37.376766204833984,-0.2857360541820526,0.010149177648463775,0.35,0.0,0.0018782723980852558,0.3625640571117401,155,-1,5.862423213000786,287.07877111157217
1230,61.5,straightline,349,stanley,0.4,-53.502132415771484,37.377098083496094,-0.2709045112133026,0.009736305516880876,0.35,0.0,0.0018127305680463077,0.3477325141429901,155,-1,5.967508193854217,286.7824001565782
1231,61.550000000000004,straightline,349,stanley,0.4,-53.206390380859375,37.37761688232422,-0.29058828949928284,0.010282171361623075,0.35,0.0,0.0019388554192408996,0.36741629242897034,156,-1,5.89304452008224,286.48666815930665
1232,61.6,straightline,349,stanley,0.4,-52.9097900390625,37.37788391113281,-0.2679443061351776,0.009652141705953618,0.35,0.0,0.0018081722314533203,0.3447723090648651,156,-1,5.964901528410295,286.19008048726255
1233,61.650000000000006,straightline,349,stanley,0.4,-52.61396026611328,37.37836837768555,-0.2851257026195526,0.010130240649799263,0.35,0.0,0.001895959849025921,0.3619537055492401,156,-1,5.875664242625491,285.8942611524367
1234,61.7,straightline,349,stanley,0.4,-52.31694030761719,37.37866973876953,-0.2699889540672302,0.009712049194908999,0.35,0.0,0.00179904624122549,0.3468169569969177,156,-1,5.979651376978015,285.5972535860089
1235,61.75,straightline,349,stanley,0.4,-52.020565032958984,37.379173278808594,-0.2894591987133026,0.010254088401920552,0.35,0.0,0.0019051758640789788,0.3662872016429901,156,-1,5.905163511205703,285.30088862974236
1236,61.800000000000004,straightline,349,stanley,0.4,-51.72333908081055,37.37943649291992,-0.26666259765625,0.009620124306870878,0.35,0.0,0.0017698391007796798,0.3434906005859375,156,-1,5.977045509787975,285.0036755209485
1237,61.85,straightline,349,stanley,0.4,-51.42688751220703,37.37993240356445,-0.2837218940258026,0.01072797925949949,0.35,0.0,0.002201494689630651,0.3840484321117401,157,-1,5.887922849136261,284.707234399821
1238,61.900000000000006,straightline,349,stanley,0.4,-51.129276275634766,37.380279541015625,-0.26666259765625,0.010263813237389055,0.35,0.0,0.0020275061425521525,0.3669891357421875,157,-1,5.991358979667357,284.4096352187015
1239,61.95,straightline,349,stanley,0.4,-50.83230209350586,37.380859375,-0.2830505073070526,0.01072262676683687,0.35,0.0,0.0020873292718046744,0.3833770453929901,157,-1,5.9168114387275095,284.11267069762107
1240,62.0,straightline,349,stanley,0.4,-50.53449630737305,37.38121795654297,-0.2571716010570526,0.010003810965973628,0.35,0.0,0.0019244441373437917,0.3574981391429901,157,-1,5.988659303506971,283.8148769088759
1241,62.050000000000004,straightline,349,stanley,0.4,-50.23746871948242,37.38181686401367,-0.2713622748851776,0.010397340509620084,0.35,0.0,0.0020032472087252342,0.3716888129711151,157,-1,5.899725333896855,283.517858833765
1242,62.1,straightline,349,stanley,0.4,-49.93928909301758,37.38223648071289,-0.253570556640625,0.009903993745748484,0.15,0.0,0.001900742532234222,0.3538970947265625,157,-1,6.002470339712236,283.21969064583635
1243,62.150000000000006,straightline,349,stanley,0.4,-49.641971588134766,37.38285446166992,-0.2704772353172302,0.01037321578090457,0.35,0.0,0.001998111408070791,0.3708037734031677,157,-1,5.915518956261125,282.92238251694994
1244,62.2,straightline,349,stanley,0.4,-49.34499740600586,37.38321304321289,-0.24478153884410858,0.013581406422535528,0.35,0.0,0.0005418614090781839,0.4774322956800461,158,-1,5.961654389611001,282.62542038574
1245,62.25,straightline,349,stanley,0.4,-49.050086975097656,37.384010314941406,-0.24905389547348022,0.013747138009331882,0.35,0.0,0.00014163964722682752,0.4817046523094178,158,-1,5.850780429846215,282.3305173989046
1246,62.300000000000004,straightline,349,stanley,0.4,-48.75493240356445,37.38484573364258,-0.2127685248851776,0.01275068825211932,0.35,0.0,-0.00022142679203329728,0.4454192817211151,158,-1,5.936694072033847,282.03536990868866
1247,62.35,straightline,349,stanley,0.4,-48.46104049682617,37.38602066040039,-0.2123717963695526,0.01274177936316425,0.35,0.0,-0.00023986090979735017,0.4450225532054901,158,-1,5.849807139611266,281.74148152807345
1248,62.400000000000006,straightline,349,stanley,0.4,-48.16664505004883,37.387027740478516,-0.1725768893957138,0.011625306634749867,0.35,0.0,-0.0004281849531803973,0.4052276462316513,158,-1,5.918436290842178,281.4470913805269
1249,62.45,straightline,349,stanley,0.4,-47.8732795715332,37.388301849365234,-0.17562861740589142,0.011703943721501242,0.35,0.0,-0.0003453001923314509,0.4082793742418289,158,-1,5.824651280653446,281.1537284004414
1250,62.5,straightline,349,stanley,0.4,-47.57887268066406,37.38941955566406,-0.1492309719324112,0.010957641409599051,0.35,0.0,-0.0004230453958591878,0.3818817287683487,158,-1,5.927348765659682,280.85932569250986
1251,62.550000000000004,straightline,349,stanley,0.4,-47.28515625,37.39075469970703,-0.1601257473230362,0.0112536314692415,0.35,0.0,-0.0002810153993095068,0.3927765041589737,159,-1,5.851730465371974,280.5656111704274
1252,62.6,straightline,349,stanley,0.4,-46.99059295654297,37.39185333251953,-0.1303710639476776,0.010413887449629126,0.35,0.0,-0.0003784690062844146,0.3630218207836151,159,-1,5.923804136465651,280.27105229080024
1253,62.650000000000006,straightline,349,stanley,0.4,-46.696815490722656,37.39318084716797,-0.1422424167394638,0.010738605263501587,0.35,0.0,-0.0002438518027884089,0.3748931735754013,159,-1,5.833621647789887,279.97727683815316
1254,62.7,straightline,349,stanley,0.4,-46.401824951171875,37.39432907104492,-0.1234435886144638,0.010206473082691419,0.35,0.0,-0.00029344959140793054,0.35609434545040136,159,-1,5.9400241279522294,279.6822902467236
1255,62.75,straightline,349,stanley,0.4,-46.10743713378906,37.39567947387695,-0.139984130859375,0.010662162549122774,0.35,0.0,-0.000138422731968542,0.3726348876953125,159,-1,5.866136080236864,279.38790426015396
1256,62.800000000000004,straightline,349,stanley,0.4,-45.81217575073242,37.39677810668945,-0.1146240159869194,0.009948459304934733,0.35,0.0,-0.00023871093913159242,0.3472747728228569,159,-1,5.938168686556569,279.0926473794527
1257,62.85,straightline,349,stanley,0.4,-45.51767349243164,37.398109436035156,-0.1298827975988388,0.010369658624286217,0.35,0.0,-0.00010322209733571591,0.3625335544347763,159,-1,5.848433445439606,278.7981471787243
1258,62.900000000000006,straightline,349,stanley,0.4,-45.221946716308594,37.399261474609375,-0.1136779636144638,0.009911452519324073,0.35,0.0,-0.00014864442317108007,0.34632872045040136,160,-1,5.954507409513055,278.5024244009568
1259,62.95,straightline,349,stanley,0.4,-44.92683029174805,37.40061569213867,-0.132171630859375,0.010422690755110821,0.35,0.0,7.238584949665651e-06,0.3648223876953125,160,-1,5.880492720678295,278.20730985176533
1260,63.0,straightline,349,stanley,0.4,-44.6308479309082,37.4017219543457,-0.1083679124712944,0.009753109802367673,0.35,0.0,-8.834782847738306e-05,0.34101866930723196,160,-1,5.952202154756737,277.9113320047755
1261,63.050000000000004,straightline,349,stanley,0.4,-44.33564376831055,37.40305709838867,-0.1248168870806694,0.010207988195548566,0.35,0.0,4.810558932945243e-05,0.3574676439166069,160,-1,5.862576087733256,277.6161299437585
1262,63.1,straightline,349,stanley,0.4,-44.03925323486328,37.40420913696289,-0.1093139499425888,0.00977078913121611,0.35,0.0,-3.362223467254276e-06,0.3419647067785263,160,-1,5.9674433131056706,277.3197434956347
1263,63.150000000000006,straightline,349,stanley,0.4,-43.743492126464844,37.40555953979492,-0.1285095065832138,0.010302632069130882,0.35,0.0,0.00014608837330693522,0.3611602634191513,160,-1,5.893077410342086,277.02398438303936
1264,63.2,straightline,349,stanley,0.4,-43.44687271118164,37.40666580200195,-0.105438232421875,0.00965489515281206,0.35,0.0,4.363615529257188e-05,0.3380889892578125,161,-1,5.964890363476721,276.72736956894477
1265,63.25,straightline,349,stanley,0.4,-43.151039123535156,37.40800094604492,-0.1224365234375,0.01012556523450669,0.35,0.0,0.0001775337860445243,0.3550872802734375,161,-1,5.87551177592451,276.4315381637297
1266,63.300000000000004,straightline,349,stanley,0.4,-42.85403823852539,37.409156799316406,-0.10723876953125,0.009697177974692179,0.35,0.0,0.00012740230010312267,0.3398895263671875,161,-1,5.97964789006992,276.1345414094655
1267,63.35,straightline,349,stanley,0.4,-42.55765914916992,37.41050338745117,-0.126708984375,0.01023742295599035,0.35,0.0,0.0002705289128603568,0.35935974121093756,161,-1,5.905174824926015,275.8381644362209
1268,63.400000000000006,straightline,349,stanley,0.4,-42.260433197021484,37.41161346435547,-0.103973388671875,0.009598802108119678,0.35,0.0,0.00017370754961521548,0.3366241455078125,161,-1,5.9769596030378835,275.5409431322272
1269,63.45,straightline,349,stanley,0.4,-41.96400451660156,37.41294479370117,-0.12115478515625,0.010075212653197047,0.35,0.0,0.0003013741340612995,0.35380554199218756,161,-1,5.887811349558316,275.2445167542555
1270,63.5,straightline,349,stanley,0.4,-41.666404724121094,37.41409683227539,-0.106048583984375,0.009650347161639063,0.35,0.0,0.0002449961121955145,0.33869934082031256,161,-1,5.991203825934057,274.94692121822885
1271,63.550000000000004,straightline,349,stanley,0.4,-41.36944580078125,37.41544723510742,-0.1256103366613388,0.010192547662861796,0.35,0.0,0.00039290228285896855,0.3582610934972763,162,-1,5.9166222169450196,274.6499644506196
1272,63.6,straightline,349,stanley,0.4,-41.0716438293457,37.41655731201172,-0.1030578538775444,0.009559555430342431,0.35,0.0,0.0002937419872181468,0.3357086107134819,162,-1,5.98847732194958,274.3521672136466
1273,63.650000000000006,straightline,349,stanley,0.4,-40.77463150024414,37.41788864135742,-0.12033078074455261,0.010038676429510956,0.35,0.0,0.0004190386600315208,0.3529815375804901,162,-1,5.899551335329127,274.0551572677005
1274,63.7,straightline,349,stanley,0.4,-40.47647476196289,37.41904067993164,-0.1051635667681694,0.009612520053724613,0.15,0.0,0.0003603991538626275,0.3378143236041069,162,-1,6.002187189150851,273.75700487060584
1275,63.75,straightline,349,stanley,0.4,-40.179176330566406,37.42038345336914,-0.1242370679974556,0.0101418903741882,0.35,0.0,0.0004959781027402655,0.3568878248333931,162,-1,5.915182982099394,273.4597087424632
1276,63.800000000000004,straightline,349,stanley,0.4,-39.88222885131836,37.42146301269531,-0.1003112718462944,0.009472584391647694,0.35,0.0,0.0003697701551057535,0.3329620286822319,162,-1,5.961351220220721,273.1627663270917
1277,63.85,straightline,349,stanley,0.4,-39.58734130859375,37.42277145385742,-0.11660763621330261,0.009924998016688088,0.35,0.0,0.0004808065505259775,0.3492583930492401,162,-1,5.850541034309921,272.8678813403917
1278,63.900000000000006,straightline,349,stanley,0.4,-39.29220199584961,37.42388916015625,-0.100128173828125,0.009463890012790976,0.35,0.0,0.00039962296776568105,0.3327789306640625,163,-1,5.9364799213414505,272.57274661821685
1279,63.95,straightline,349,stanley,0.4,-38.99831771850586,37.42522430419922,-0.1204223483800888,0.0100271949437822,0.35,0.0,0.0005414357935785133,0.3530731052160263,163,-1,5.849666974871289,272.27886458470965
1280,64.0,straightline,349,stanley,0.4,-38.70393753051758,37.42632293701172,-0.099365234375,0.009436966243039533,0.35,0.0,0.0004447256882922992,0.33201599121093756,163,-1,5.918315835606163,271.9844891736608
1281,64.05,straightline,349,stanley,0.4,-38.41058349609375,37.427642822265625,-0.11828610301017761,0.009962300485952872,0.35,0.0,0.0005734329078081765,0.3509368598461151,163,-1,5.824520083461877,271.69113753898046
1282,64.10000000000001,straightline,349,stanley,0.4,-38.116180419921875,37.42878723144531,-0.104827880859375,0.009584535995117771,0.35,0.0,0.0005224058546222637,0.3374786376953125,163,-1,5.927417919942072,271.39673878555595
1283,64.15,straightline,349,stanley,0.4,-37.82246398925781,37.43012237548828,-0.126190185546875,0.010178195493861585,0.35,0.0,0.0006649002236497311,0.3588409423828125,163,-1,5.851691587505028,271.1030246381125
1284,64.2,straightline,349,stanley,0.4,-37.52790832519531,37.431217193603516,-0.104736328125,0.009577323752906108,0.35,0.0,0.0005636629300942372,0.3373870849609375,163,-1,5.923733302136457,270.80847385672865
1285,64.25,straightline,349,stanley,0.4,-37.23413848876953,37.43253707885742,-0.12310788035392761,0.01008705631270956,0.35,0.0,0.0006902174087142533,0.3557586371898651,164,-1,5.833541573743399,270.514706492693
1286,64.3,straightline,349,stanley,0.4,-36.93915557861328,37.433677673339844,-0.1093749925494194,0.00970238029475115,0.35,0.0,0.0006330212676965293,0.3420257493853569,164,-1,5.939873369765897,270.21972803292965
1287,64.35000000000001,straightline,349,stanley,0.4,-36.644771575927734,37.43501281738281,-0.1299133151769638,0.01027270726576984,0.35,0.0,0.0007728049534839697,0.3625640720129013,164,-1,5.866022249962536,269.92534640040486
1288,64.4,straightline,349,stanley,0.4,-36.349510192871094,37.43610382080078,-0.1076354831457138,0.009649143974285897,0.35,0.0,0.000664887414685688,0.3402862399816513,164,-1,5.93799853469968,269.6300900368
1289,64.45,straightline,349,stanley,0.4,-36.055015563964844,37.43742370605469,-0.1253051459789276,0.010138973364164068,0.35,0.0,0.0007889632382657471,0.3579559028148651,164,-1,5.84821152346259,269.33559797144335
1290,64.5,straightline,349,stanley,0.4,-35.75929641723633,37.43856430053711,-0.1109008714556694,0.00973561539591187,0.35,0.0,0.0007287776008747357,0.34355162829160696,164,-1,5.954302944358372,269.039883372608
1291,64.55,straightline,349,stanley,0.4,-35.46418762207031,37.43989562988281,-0.130828857421875,0.01028921497919038,0.35,0.0,0.0008613392208490296,0.3634796142578125,165,-1,5.880223911884955,268.7447770795848
1292,64.60000000000001,straightline,349,stanley,0.4,-35.1682243347168,37.44098663330078,-0.108123779296875,0.009653840448548012,0.35,0.0,0.0007505715922440906,0.34077453613281256,165,-1,5.95194358284661,268.44881890935505
1293,64.65,straightline,349,stanley,0.4,-34.8730354309082,37.44230270385742,-0.125396728515625,0.010132972759389007,0.35,0.0,0.0008680136394369054,0.3580474853515625,165,-1,5.8623150578524506,268.15363270045526
1294,64.7,straightline,349,stanley,0.4,-34.576656341552734,37.443443298339844,-0.1105346530675888,0.009716944822493863,0.35,0.0,0.0008051482980428954,0.3431854099035263,165,-1,5.967207055252909,267.8572582536336
1295,64.75,straightline,349,stanley,0.4,-34.28090286254883,37.44477844238281,-0.13018798828125,0.010262439916827362,0.35,0.0,0.0009393712107836512,0.3628387451171875,165,-1,5.8928966290828795,267.5615073245445
1296,64.8,straightline,349,stanley,0.4,-33.98429489135742,37.44586944580078,-0.107452392578125,0.009626556000713356,0.35,0.0,0.0008259858366497716,0.34010314941406256,165,-1,5.964730195944892,267.2649045663034
1297,64.85000000000001,straightline,349,stanley,0.4,-33.68846893310547,37.44718551635742,-0.1246642991900444,0.010104145216244793,0.35,0.0,0.0009408411175506749,0.35731505602598196,165,-1,5.875380384062399,266.9690813919153
1298,64.9,straightline,349,stanley,0.4,-33.39146423339844,37.44832992553711,-0.10968017578125,0.009684649489701132,0.35,0.0,0.0008787857720601246,0.3423309326171875,166,-1,5.979539057883071,266.6720813880504
1299,64.95,straightline,349,stanley,0.4,-33.0950927734375,37.44966506958008,-0.1292724460363388,0.010228608996097647,0.35,0.0,0.0010104993666015406,0.3619232028722763,166,-1,5.905048658779668,266.3757125660136
1300,65.0,straightline,349,stanley,0.4,-32.797874450683594,37.45075607299805,-0.1065979078412056,0.009594805598444977,0.35,0.0,0.00089463565350535,0.3392486646771431,166,-1,5.976891334391085,266.07849955143126
1301,65.05,straightline,349,stanley,0.4,-32.501441955566406,37.45207595825195,-0.1238708347082138,0.010073909449389167,0.35,0.0,0.0010108427508800726,0.3565215915441513,166,-1,5.887730004545693,265.78206988786303
1302,65.10000000000001,straightline,349,stanley,0.4,-32.20384979248047,37.45321273803711,-0.1087951585650444,0.009652941422632347,0.35,0.0,0.0009392370449808542,0.3414459154009819,166,-1,5.991075276273442,265.4844825953103
1303,65.15,straightline,349,stanley,0.4,-31.90689468383789,37.454551696777344,-0.1283569186925888,0.010195816845035465,0.35,0.0,0.001072395393707176,0.3610076755285263,166,-1,5.91646206908471,265.1875301710955
1304,65.2,straightline,349,stanley,0.4,-31.609106063842773,37.455650329589844,-0.105804443359375,0.009564972541266752,0.35,0.0,0.000961845314278308,0.3384552001953125,166,-1,5.988292630445183,264.88974687180496
1305,65.25,straightline,349,stanley,0.4,-31.312103271484375,37.45697021484375,-0.1230468675494194,0.010043012296692343,0.35,0.0,0.001079094751834207,0.3556976243853569,167,-1,5.899304740944221,264.59274699852705
1306,65.3,straightline,349,stanley,0.4,-31.013952255249023,37.45811080932617,-0.1078796312212944,0.009619355425481722,0.15,0.0,0.0010090344826402383,0.3405303880572319,167,-1,6.001992725560479,264.29460090482377
1307,65.35000000000001,straightline,349,stanley,0.4,-30.716665267944336,37.45943832397461,-0.1269225776195526,0.01014849593935457,0.35,0.0,0.001129401237102957,0.35957333445549017,167,-1,5.915015584056987,263.997316798757
1308,65.4,straightline,349,stanley,0.4,-30.419729232788086,37.460506439208984,-0.102935791015625,0.009479242821376544,0.35,0.0,0.0009917957608711414,0.3355865478515625,167,-1,5.961183253849602,263.70038642554374
1309,65.45,straightline,349,stanley,0.4,-30.124845504760742,37.46179962158203,-0.1192016452550888,0.00993119713425386,0.35,0.0,0.001087588982639418,0.3518524020910263,167,-1,5.850414124893435,263.4055058372145
1310,65.5,straightline,349,stanley,0.4,-29.829713821411133,37.46290969848633,-0.1026611253619194,0.009470115305170957,0.35,0.0,0.0009992714199587058,0.3353118821978569,167,-1,5.93637249327971,263.11037929193577
1311,65.55,straightline,349,stanley,0.4,-29.535839080810547,37.464229583740234,-0.1229553148150444,0.010034140142083002,0.35,0.0,0.001125864306547362,0.3556060716509819,167,-1,5.849452324051189,262.8165073730987
1312,65.60000000000001,straightline,349,stanley,0.4,-29.24146842956543,37.46531295776367,-0.101837158203125,0.009444666541656583,0.35,0.0,0.001013438910322155,0.33448791503906256,168,-1,5.918155042630526,262.52214213426623
1313,65.65,straightline,349,stanley,0.4,-28.948129653930664,37.46662521362305,-0.1207275390625,0.009968966898507781,0.35,0.0,0.001134578756676859,0.3533782958984375,168,-1,5.824368900575351,262.2288062591598
1314,65.7,straightline,349,stanley,0.4,-28.65373420715332,37.46775436401367,-0.10723876953125,0.0095931052643916,0.35,0.0,0.001068324019457512,0.3398895263671875,168,-1,5.927165036063049,261.93441576359373
1315,65.75,straightline,349,stanley,0.4,-28.360029220581055,37.46908187866211,-0.1285400241613388,0.010185087877527517,0.35,0.0,0.001203235525705292,0.3611907809972763,168,-1,5.851443116074988,261.64071356168245
1316,65.8,straightline,349,stanley,0.4,-28.06548500061035,37.47016143798828,-0.107025146484375,0.009584887830282511,0.35,0.0,0.0010867860377348788,0.3396759033203125,168,-1,5.92349883694227,261.34617486803
1317,65.85000000000001,straightline,349,stanley,0.4,-27.7717227935791,37.47146987915039,-0.1253967136144638,0.010094955553717642,0.35,0.0,0.0012023918706168635,0.3580474704504013,168,-1,5.833327617257468,261.0524156831435
1318,65.9,straightline,349,stanley,0.4,-27.476749420166016,37.47260284423828,-0.1115417331457138,0.009708709182335342,0.35,0.0,0.0011371407495324075,0.34419248998165136,169,-1,5.939679722799422,260.75744731520405
1319,65.95,straightline,349,stanley,0.4,-27.18238067626953,37.47392654418945,-0.1320495456457138,0.010278733027604023,0.35,0.0,0.0012655423963410589,0.3647003024816513,169,-1,5.865757052420205,260.4630814919229
1320,66.0,straightline,349,stanley,0.4,-26.887130737304688,37.47500991821289,-0.1097411960363388,0.00965580198275292,0.35,0.0,0.0011500419947630895,0.34239195287227636,169,-1,5.9377591494159585,260.1678371431491
1321,66.05,straightline,349,stanley,0.4,-26.59087371826172,37.476505279541016,-0.0856017991900444,0.008933549062336475,0.35,0.0,0.001442436242199795,0.3182525560259819,169,-1,5.926173432040659,259.8715813226786
1322,66.10000000000001,straightline,349,stanley,0.4,-26.296648025512695,37.47714614868164,-0.0397643968462944,0.007684044213244852,0.35,0.0,0.0008885935683495402,0.2724151536822319,169,-1,5.862801699627373,259.5773659936851
1323,66.15,straightline,349,stanley,0.4,-26.00372314453125,37.477928161621094,0.009215625934302807,0.006330061080972725,0.35,0.0,0.00048117548966448856,0.2234351309016347,169,-1,5.856489910137617,259.2844498914494
1324,66.2,straightline,349,stanley,0.4,-25.712249755859375,37.4788703918457,0.05341637507081032,0.005093958543470809,0.35,0.0,0.0002398671751640386,0.17923438176512718,169,-1,5.8121805875978545,258.99298347600796
1325,66.25,straightline,349,stanley,0.4,-25.42154884338379,37.47990417480469,0.09105754643678665,0.0040350737528124766,0.35,0.0,9.278311555775123e-05,0.14159321039915085,170,-1,5.815818979457647,258.7022885140469
1326,66.3,straightline,349,stanley,0.4,-25.13187599182129,37.48099136352539,0.12169328331947327,0.0031697894145232336,0.35,0.0,3.7432020655119545e-06,0.11095747351646425,170,-1,5.779292978975753,258.41262098807744
1327,66.35000000000001,straightline,349,stanley,0.4,-24.842660903930664,37.48211669921875,0.1462796926498413,0.0024728681841598935,0.35,0.0,-4.529129902883797e-05,0.0863710641860962,170,-1,5.7884621580021,258.12341079948106
1328,66.4,straightline,349,stanley,0.4,-24.55423927307129,37.48325729370117,0.16561567783355713,0.0019239161237024451,0.35,0.0,-7.584529620172111e-05,0.06703507900238037,170,-1,5.756061605317684,257.8349938702679
1329,66.45,straightline,349,stanley,0.4,-24.266098022460938,37.48440933227539,0.18079893290996552,0.0014921304851756932,0.35,0.0,-9.381680896094601e-05,0.051851823925972,170,-1,5.768378110454908,257.5468571953203
1330,66.5,straightline,349,stanley,0.4,-23.978622436523438,37.48556137084961,0.19256964325904846,0.0011576226410390516,0.35,0.0,-0.00010908538328940074,0.040081113576889045,170,-1,5.738292719937024,257.25938616076917
1331,66.55,straightline,349,stanley,0.4,-23.691320419311523,37.48672103881836,0.20173019170761108,0.000896651402719366,0.35,0.0,-0.00011601984834021684,0.030920565128326437,170,-1,5.75245276307054,256.9720886165628
1332,66.60000000000001,straightline,349,stanley,0.4,-23.404598236083984,37.48788070678711,0.20881570875644684,0.0006948515183690483,0.35,0.0,-0.00012106426385462537,0.023835048079490665,171,-1,5.7236917296243615,256.6853708869275
1333,66.65,straightline,349,stanley,0.4,-23.117998123168945,37.48904037475586,0.21432439982891083,0.0005378894473572611,0.35,0.0,-0.00012514863909878372,0.018326357007026683,171,-1,5.738989100473018,256.39877523550194
1334,66.7,straightline,349,stanley,0.4,-22.831926345825195,37.49020004272461,0.21856088936328888,0.00041713925555265295,0.35,0.0,-0.0001270877021786927,0.01408986747264862,171,-1,5.7109776967912,256.112707903208
1335,66.75,straightline,349,stanley,0.4,-22.54593849182129,37.49135971069336,0.22185592353343964,0.0003231376094535899,0.35,0.0,-0.00012868599365128353,0.01079483330249786,171,-1,5.726918296079009,255.82672450441308
1336,66.8,straightline,349,stanley,0.4,-22.26046371459961,37.49251937866211,0.22440041601657867,0.00025045308373407326,0.35,0.0,-0.000128200931433682,0.008250340819358826,171,-1,5.699420747911915,255.54125416678752
1337,66.85000000000001,straightline,349,stanley,0.4,-21.97504425048828,37.49367904663086,0.22637556493282318,0.00019389671061582003,0.35,0.0,-0.00012749126974762092,0.006275191903114339,171,-1,5.71581546077174,255.25583915414092
1338,66.9,straightline,349,stanley,0.4,-21.690114974975586,37.49483871459961,0.22789600491523743,0.0001502145382149898,0.35,0.0,-0.00012479119208245407,0.004754751920700087,171,-1,5.688640682823335,254.9709143157789
1339,66.95,straightline,349,stanley,0.4,-21.40522575378418,37.49599838256836,0.22907471656799316,0.00011578198573133588,0.35,0.0,-0.00011857818008305723,0.003576040267944356,172,-1,5.7053221135414285,254.68602954452822
1340,67.0,straightline,349,stanley,0.4,-21.120813369750977,37.497154235839844,0.2299806773662567,8.984859996520185e-05,0.35,0.0,-0.00011759392492679925,0.0026700794696808165,172,-1,5.678322774180299,254.40162163880572
1341,67.05,straightline,349,stanley,0.4,-20.83643341064453,37.49830627441406,0.23068831861019135,6.990035425109583e-05,0.35,0.0,-0.00012029267383078363,0.001962438225746148,172,-1,5.69521193280666,254.11724621330595
1342,67.10000000000001,straightline,349,stanley,0.4,-20.552520751953125,37.49946594238281,0.23123306035995483,5.36130237648145e-05,0.35,0.0,-0.00011346461283151795,0.0014176964759826773,172,-1,5.668369141426694,253.83333799126004
1343,67.15,straightline,349,stanley,0.4,-20.26863670349121,37.50061798095703,0.23166310787200928,4.1365630718800885e-05,0.35,0.0,-0.00011414971132862515,0.0009876489639282068,172,-1,5.685383929227686,253.54945847701964
1344,67.2,straightline,349,stanley,0.4,-19.985214233398438,37.50177001953125,0.23198607563972473,3.206254188997196e-05,0.35,0.0,-0.00011296056598548466,0.0006646811962127751,172,-1,5.6586262420344875,253.2660405284874
1345,67.25,straightline,349,stanley,0.4,-19.70180892944336,37.502925872802734,0.23223744332790375,2.4255720643412383e-05,0.35,0.0,-0.00010788705154141359,0.00041331350803375,172,-1,5.675805102526463,252.98263971832878
1346,67.3,straightline,349,stanley,0.4,-19.418861389160156,37.50407791137695,0.23243674635887146,1.8312512692284487e-05,0.35,0.0,-0.00010523382117101285,0.00021401047706605083,173,-1,5.649159896013032,252.69969670142171
1347,67.35000000000001,straightline,349,stanley,0.4,-19.135927200317383,37.50522994995117,0.23257438838481903,1.3976198093468922e-05,0.35,0.0,-0.00010206200465802352,7.636845111847437e-05,173,-1,5.666418233855415,252.41676705053865
1348,67.4,straightline,349,stanley,0.4,-18.853450775146484,37.50637435913086,0.23267515003681183,1.145467263862276e-05,0.35,0.0,-0.00010466076555853314,-2.439320087431476e-05,173,-1,5.639807261474728,252.1342952351551
1349,67.45,straightline,349,stanley,0.4,-18.570981979370117,37.50752258300781,0.23275651037693024,8.948440894095412e-06,0.35,0.0,-0.00010341388140439772,-0.00010575354099272272,173,-1,5.657184372694489,251.85183102202407
1350,67.5,straightline,349,stanley,0.4,-18.288965225219727,37.5086669921875,0.2328297644853592,6.997021658212636e-06,0.35,0.0,-0.00010414614327391666,-0.00017900764942170515,173,-1,5.630654868115352,251.56981888057567
1351,67.55,straightline,349,stanley,0.4,-18.0069522857666,37.50981521606445,0.23287776112556458,5.229138752133785e-06,0.35,0.0,-0.00010104824970730568,-0.0002270042896270659,173,-1,5.6480949158493345,251.2878105268801
1352,67.60000000000001,straightline,349,stanley,0.4,-17.725385665893555,37.510963439941406,0.23291608691215515,3.617364373507259e-06,0.35,0.0,-9.61380707745047e-05,-0.00026533007621764134,173,-1,5.621611688563985,251.0062484808741
1353,67.65,straightline,349,stanley,0.4,-17.443824768066406,37.512107849121094,0.23295751214027405,2.3266149721741923e-06,0.35,0.0,-9.551467494636366e-05,-0.000306755304336531,174,-1,5.639127714858564,250.72469221442844
1354,67.7,straightline,349,stanley,0.4,-17.162704467773438,37.51325607299805,0.23297354578971863,1.1364113630209519e-06,0.35,0.0,-8.87922106473731e-05,-0.00032278895378109925,174,-1,5.612722745197713,250.44357649162168
1355,67.75,straightline,349,stanley,0.4,-16.881582260131836,37.514400482177734,0.23299038410186768,2.856018791610378e-07,0.35,0.0,-8.589215697525545e-05,-0.0003396272659301638,174,-1,5.630354317551912,250.16245891953784
1356,67.8,straightline,349,stanley,0.4,-16.600902557373047,37.51553726196289,0.23298944532871246,7.021193947578524e-07,0.35,0.0,-8.882463919069347e-05,-0.0003386884927749678,174,-1,5.603963567227214,249.8817839254919
1357,67.85000000000001,straightline,349,stanley,0.4,-16.320215225219727,37.51668167114258,0.23300300538539886,-2.615676991784469e-07,0.35,0.0,-8.415876900792925e-05,-0.000352248549461336,174,-1,5.621720893549981,249.60110123337878
1358,67.9,straightline,349,stanley,0.4,-16.03996467590332,37.517822265625,0.23300638794898987,-6.192576590717967e-07,0.35,0.0,-8.153400332287699e-05,-0.00035563111305237646,174,-1,5.595394554938639,249.32085535519818
1359,67.95,straightline,349,stanley,0.4,-15.759702682495117,37.51896286010742,0.23299966752529144,-7.582586976427659e-07,0.35,0.0,-7.895570649336806e-05,-0.00034891068935392845,174,-1,5.613184610845771,249.04059804937344
1360,68.0,straightline,349,stanley,0.4,-15.47987174987793,37.52009582519531,0.2329895794391632,1.3113496876087497e-08,0.35,0.0,-8.27207868847454e-05,-0.0003388226032257172,175,-1,5.587750478735781,248.7607718784133
1361,68.05,straightline,349,stanley,0.4,-15.200021743774414,37.52123260498047,0.23299580812454224,-2.483321302549847e-07,0.35,0.0,-8.228427707329244e-05,-0.00034505128860475086,175,-1,5.606548347471603,248.48092660846777
1362,68.10000000000001,straightline,349,stanley,0.4,-14.920574188232422,37.52236557006836,0.23300550878047943,-2.7733235776666777e-07,0.35,0.0,-8.402827832618143e-05,-0.00035475194454194145,175,-1,5.581256188754749,248.20148382247348
1363,68.15,straightline,349,stanley,0.4,-14.641088485717773,37.523502349853516,0.2329898476600647,-8.623273238215158e-08,0.35,0.0,-8.211250994659923e-05,-0.0003390908241271663,175,-1,5.599622422385155,247.9220028651802
1364,68.2,straightline,349,stanley,0.4,-14.362010955810547,37.52463912963867,0.23298411071300507,-2.976876528005642e-07,0.35,0.0,-7.853935238597161e-05,-0.00033335387706754705,175,-1,5.573847462569729,247.64293007088807
1365,68.25,straightline,349,stanley,0.4,-14.082891464233398,37.52577209472656,0.2329784333705902,-1.1760983076816219e-07,0.35,0.0,-7.89512464466186e-05,-0.00032767653465268876,175,-1,5.592249405701376,247.36381537616447
1366,68.3,straightline,349,stanley,0.4,-13.804178237915039,37.52690505981445,0.23298269510269165,-3.4224099477192794e-07,0.35,0.0,-7.771349613547741e-05,-0.0003319382667541642,175,-1,5.566517912907878,247.0851069372431
1367,68.35000000000001,straightline,349,stanley,0.4,-13.525419235229492,37.52804183959961,0.23298045992851257,-8.792954872797009e-07,0.35,0.0,-7.284695542889366e-05,-0.0003297030925750576,175,-1,5.585059385287631,246.80635269808266
1368,68.4,straightline,349,stanley,0.4,-13.247058868408203,37.5291748046875,0.23297502100467682,-9.445076744824188e-07,0.35,0.0,-7.064078788295361e-05,-0.0003242641687392927,176,-1,5.559519303555092,246.52799712851072
1369,68.45,straightline,349,stanley,0.4,-12.968642234802246,37.530311584472656,0.23296909034252167,-1.5374507317920133e-06,0.35,0.0,-6.438405391469889e-05,-0.0003183335065841632,176,-1,5.57824961761344,246.24958526893477
1370,68.5,straightline,349,stanley,0.4,-12.690618515014648,37.53144073486328,0.23296917974948883,-1.5315124586189898e-06,0.35,0.0,-6.416122087468787e-05,-0.00031842291355132943,176,-1,5.552703688308057,245.9715664001523
1371,68.55,straightline,349,stanley,0.4,-12.412524223327637,37.532569885253906,0.23296372592449188,-1.3951834433479558e-06,0.35,0.0,-6.422494577719402e-05,-0.00031296908855438677,176,-1,5.5725763914071385,245.69347698009798
1372,68.60000000000001,straightline,349,stanley,0.4,-12.134726524353027,37.53369903564453,0.2329506278038025,-1.1207159956895388e-06,0.35,0.0,-6.30843528402023e-05,-0.000299870967864978,176,-1,5.546938677914054,245.4156841502221
1373,68.65,straightline,349,stanley,0.4,-11.856817245483398,37.534828186035156,0.232934832572937,-7.763394673280488e-07,0.35,0.0,-6.239683124475807e-05,-0.00028407573699950315,176,-1,5.566401603965682,245.13777976375928
1374,68.7,straightline,349,stanley,0.4,-11.5792818069458,37.53595733642578,0.23294106125831604,-1.1815019131636486e-06,0.35,0.0,-6.01913270348981e-05,-0.0002903044223785368,176,-1,5.541166177021298,244.860249210214
1375,68.75,straightline,349,stanley,0.4,-11.301671981811523,37.537086486816406,0.2329312562942505,-1.544570242152611e-06,0.35,0.0,-5.493757704624165e-05,-0.0002804994583130021,177,-1,5.5603219467711105,244.5826442910991
1376,68.8,straightline,349,stanley,0.4,-11.024439811706543,37.53821563720703,0.2329118400812149,-1.367020165718602e-06,0.35,0.0,-5.150064816448379e-05,-0.0002610832452773934,177,-1,5.53517882307845,244.30541701934325
1377,68.85000000000001,straightline,349,stanley,0.4,-10.747132301330566,37.539337158203125,0.23291167616844177,-8.531113507158536e-07,0.35,0.0,-5.5998970883617454e-05,-0.0002609193325042884,177,-1,5.554399108625814,244.02811451461645
1378,68.9,straightline,349,stanley,0.4,-10.470193862915039,37.540462493896484,0.23290549218654633,-7.430437125511828e-07,0.35,0.0,-5.5184007193863214e-05,-0.00025473535060883794,177,-1,5.52936127516546,243.7511810317359
1379,68.95,straightline,349,stanley,0.4,-10.193175315856934,37.54158401489258,0.23290970921516418,-4.939053712255453e-07,0.35,0.0,-5.850899131052789e-05,-0.00025895237922668056,177,-1,5.548687111565135,243.47416750494307
1380,69.0,straightline,349,stanley,0.4,-9.916523933410645,37.54270553588867,0.23290970921516418,-2.45228635204374e-07,0.35,0.0,-6.0343099645177554e-05,-0.00025895237922668056,177,-1,5.523686600793219,243.1975211358633
1381,69.05,straightline,349,stanley,0.4,-9.639787673950195,37.54383087158203,0.23288342356681824,2.8753165280400367e-07,0.35,0.0,-5.8707186174157544e-05,-0.00023266673088074636,177,-1,5.543063158009071,242.9207898686108
1382,69.10000000000001,straightline,349,stanley,0.4,-9.36341667175293,37.544952392578125,0.23288342356681824,4.5651304422964025e-07,0.35,0.0,-5.9867180025782816e-05,-0.00023266673088074636,178,-1,5.518133980301794,242.64442389500294
1383,69.15,straightline,349,stanley,0.4,-9.086956977844238,37.546077728271484,0.23287643492221832,3.0499587070171803e-07,0.35,0.0,-5.710826921246628e-05,-0.0002256780862807996,178,-1,5.537587604116979,242.36796920878416
1384,69.2,straightline,349,stanley,0.4,-8.810860633850098,37.54719924926758,0.2328890860080719,-7.575556316650277e-08,0.35,0.0,-5.668863805326414e-05,-0.00023832917213437713,178,-1,5.512646005689346,242.09187790904062
1385,69.25,straightline,349,stanley,0.4,-8.534697532653809,37.54832077026367,0.23288729786872864,-6.417687714927871e-08,0.35,0.0,-5.6540075218065254e-05,-0.00023654103279115146,178,-1,5.530651301443657,241.81571987312046
1386,69.3,straightline,349,stanley,0.4,-8.258833885192871,37.54944610595703,0.2328978329896927,-9.571463728031772e-07,0.35,0.0,-5.136091151186693e-05,-0.00024707615375519395,178,-1,5.511411466574539,241.53986124502867
1387,69.35000000000001,straightline,349,stanley,0.4,-7.98284912109375,37.550567626953125,0.23288439214229584,-6.990357328778452e-07,0.35,0.0,-5.048820901111745e-05,-0.00023363530635834765,178,-1,5.531910600661807,241.26388156824765
1388,69.4,straightline,349,stanley,0.4,-7.707173824310303,37.55168914794922,0.2328735738992691,-6.171500810147916e-07,0.35,0.0,-4.8358911208384436e-05,-0.00022281706333157888,178,-1,5.508011994119481,240.98821135560692
1389,69.45,straightline,349,stanley,0.4,-7.431364059448242,37.55281066894531,0.23287582397460938,-8.354238192754348e-07,0.35,0.0,-4.72380587337581e-05,-0.00022506713867186332,179,-1,5.528424951491372,240.7124067004815
1390,69.5,straightline,349,stanley,0.4,-7.155863285064697,37.55393600463867,0.23286768794059753,-1.3699587152026178e-06,0.35,0.0,-4.0585445066372745e-05,-0.00021693110466003247,179,-1,5.504413839361246,240.43691098923043
1391,69.55,straightline,349,stanley,0.4,-6.880221366882324,37.5550537109375,0.23286668956279755,-1.1757080871942994e-06,0.35,0.0,-4.2135278919254015e-05,-0.00021593272686002587,179,-1,5.524963930853995,240.16127424728415
1392,69.60000000000001,straightline,349,stanley,0.4,-6.604882717132568,37.55617904663086,0.23286056518554688,-1.8493676970167323e-06,0.35,0.0,-3.482435646500544e-05,-0.00020980834960938603,179,-1,5.501191191976421,239.885940684017
1393,69.65,straightline,349,stanley,0.4,-6.329392433166504,37.55730056762695,0.23285146057605743,-1.9463681266875133e-06,0.35,0.0,-3.194381216432157e-05,-0.00020070374011990419,179,-1,5.521900153994789,239.61045555698342
1394,69.7,straightline,349,stanley,0.4,-6.054199695587158,37.55842208862305,0.2328348159790039,-1.9414904250300246e-06,0.35,0.0,-2.785507761951132e-05,-0.00018405914306639966,179,-1,5.498303066637878,239.3352679740178
1395,69.75,straightline,349,stanley,0.4,-5.778850078582764,37.55953598022461,0.23281912505626678,-1.0100327785365517e-06,0.35,0.0,-3.2032685271338786e-05,-0.0001683682203292689,179,-1,5.519104066903393,239.05992362631267
1396,69.8,straightline,349,stanley,0.4,-5.503785133361816,37.56065368652344,0.23281800746917725,-9.964339230767294e-07,0.35,0.0,-3.173506603872632e-05,-0.00016725063323974043,180,-1,5.494328147587178,238.78486390540237
1397,69.85000000000001,straightline,349,stanley,0.4,-5.2283430099487305,37.561771392822266,0.23282718658447266,-1.1880126705748617e-06,0.35,0.0,-3.2473631121912854e-05,-0.000176429748535161,180,-1,5.519055534915635,238.50942704834824
1398,69.9,straightline,349,stanley,0.4,-4.953104496002197,37.562889099121094,0.23280903697013855,-6.636381235620686e-07,0.35,0.0,-3.238543781689191e-05,-0.00015828013420105767,180,-1,5.4957732273192015,238.23419380479586
1399,69.95,straightline,349,stanley,0.4,-4.677669048309326,37.56400680541992,0.2327897697687149,-4.3707944069399764e-08,0.35,0.0,-3.3096896067678536e-05,-0.00013901293277737616,180,-1,5.517221257581291,237.95876365790585
1400,70.0,straightline,349,stanley,0.4,-4.402505874633789,37.565120697021484,0.23278887569904327,4.060832489598044e-07,0.35,0.0,-3.651744861461249e-05,-0.00013811886310576333,180,-1,5.494049181030381,237.6836058284278
1401,70.05,straightline,349,stanley,0.4,-4.127167701721191,37.56623840332031,0.23278097808361053,6.524874121118383e-07,0.35,0.0,-3.683392159328108e-05,-0.0001302212476730259,180,-1,5.515357618241848,237.40827298504368
1402,70.10000000000001,straightline,349,stanley,0.4,-3.8521010875701904,37.56735610961914,0.2327916920185089,2.7100953080351195e-07,0.35,0.0,-3.6047727353952664e-05,-0.00014093518257140091,180,-1,5.4922897255902585,237.13321170010477
1403,70.15,straightline,349,stanley,0.4,-3.5768520832061768,37.56847381591797,0.23278161883354187,5.366800270088103e-07,0.35,0.0,-3.6002130499845995e-05,-0.00013086199760436752,180,-1,5.513740181435037,236.8579680546862
1404,70.2,straightline,349,stanley,0.4,-3.3018693923950195,37.56958770751953,0.23279103636741638,6.616667917295442e-07,0.35,0.0,-3.9156139150916744e-05,-0.00014027953147888154,181,-1,5.490726296164174,236.5829907668427
1405,70.25,straightline,349,stanley,0.4,-3.0266988277435303,37.57070541381836,0.2327890843153,6.559272295335972e-07,0.35,0.0,-3.8792037016106926e-05,-0.00013832747936250116,181,-1,5.5122818150742585,236.30782559149353
1406,70.3,straightline,349,stanley,0.4,-2.75178861618042,37.57182312011719,0.23280403017997742,7.859902015169318e-08,0.35,0.0,-3.7370768417686146e-05,-0.00015327334403989658,181,-1,5.489368447738845,236.03292076976751
1407,70.35000000000001,straightline,349,stanley,0.4,-2.4766845703125,37.572940826416016,0.23280616104602814,-7.51458250740068e-08,0.35,0.0,-3.673656606003077e-05,-0.00015540421009060945,181,-1,5.511012935931535,235.75782214452246
1408,70.4,straightline,349,stanley,0.4,-2.201838731765747,37.574058532714844,0.23280616104602814,-2.5768066440280153e-07,0.35,0.0,-3.5053910149179064e-05,-0.00015540421009060945,181,-1,5.488091811288496,235.4829817273359
1409,70.45,straightline,349,stanley,0.4,-1.9267995357513428,37.57517623901367,0.23280301690101624,-2.909540386744115e-07,0.35,0.0,-3.415638427677796e-05,-0.00015226006507871218,181,-1,5.509747972475307,235.20794798358727
1410,70.5,straightline,349,stanley,0.4,-1.6520153284072876,37.576290130615234,0.23280301690101624,-4.949701690319268e-08,0.35,0.0,-3.6038140034418045e-05,-0.00015226006507871218,181,-1,5.486920331669117,234.93316927366166
1411,70.55,straightline,349,stanley,0.4,-1.377036213874817,37.57740783691406,0.2327985316514969,-4.740928838532342e-07,0.35,0.0,-3.154611730529647e-05,-0.0001477748155593708,182,-1,5.511321310394757,234.65819564360496
1412,70.60000000000001,straightline,349,stanley,0.4,-1.102251410484314,37.57852554321289,0.2328031361103058,-8.218454024174009e-07,0.35,0.0,-2.9615627498213743e-05,-0.00015237927436828375,182,-1,5.4907730724148704,234.38341632984142
1413,70.65,straightline,349,stanley,0.4,-0.8272272348403931,37.57964324951172,0.23279903829097748,-8.330399845731581e-07,0.35,0.0,-2.8657111252912123e-05,-0.000148281455039963,182,-1,5.513303712081095,234.10839767814525
1414,70.7,straightline,349,stanley,0.4,-0.5524123907089233,37.58075714111328,0.23279523849487305,-4.7160494769021386e-07,0.35,0.0,-3.066326800924612e-05,-0.00014448165893554633,182,-1,5.491288686998884,233.83358840647261
1415,70.75,straightline,349,stanley,0.4,-0.27735838294029236,37.58187484741211,0.23278990387916565,-4.3355820465295003e-07,0.35,0.0,-2.982588542123322e-05,-0.00013914704322812556,182,-1,5.513794660164483,233.5585399614141
1416,70.8,straightline,349,stanley,0.4,-0.0025120163336396217,37.58298873901367,0.23277996480464935,1.1899288615150143e-07,0.35,0.0,-3.196003952079434e-05,-0.0001292079687118415,182,-1,5.491903835674248,233.28369920630348
1417,70.85000000000001,straightline,349,stanley,0.4,0.27258026599884033,37.5841064453125,0.23277395963668823,1.9398023741380088e-07,0.35,0.0,-3.1278071203310644e-05,-0.00012320280075072353,182,-1,5.514493100273585,233.00861252629377
1418,70.9,straightline,349,stanley,0.4,0.5474666357040405,37.58522033691406,0.23277544975280762,4.953768662759404e-07,0.35,0.0,-3.403927280986674e-05,-0.00012469291687009483,183,-1,5.4926183658913255,232.73373180797856
1419,70.95,straightline,349,stanley,0.4,0.8226038813591003,37.58633804321289,0.2327873259782791,8.00368270647948e-08,0.35,0.0,-3.3539878538345336e-05,-0.0001365691423415814,183,-1,5.515354922428391,232.45860020500004
1420,71.0,straightline,349,stanley,0.4,1.0975401401519775,37.58745574951172,0.23277446627616882,3.063991258330123e-07,0.35,0.0,-3.22243749913435e-05,-0.00012370944023131573,183,-1,5.49363640914557,232.18366959397477
1421,71.05,straightline,349,stanley,0.4,1.3727357387542725,37.58856964111328,0.23277747631072998,6.258087124248837e-07,0.35,0.0,-3.577658929565015e-05,-0.00012671947479246364,183,-1,5.516913560006761,231.90847972408716
1422,71.10000000000001,straightline,349,stanley,0.4,1.6478832960128784,37.58968734741211,0.23277811706066132,5.689777038452883e-07,0.35,0.0,-3.5319065399175027e-05,-0.0001273602247238052,183,-1,5.496224120976011,231.63333786668875
1423,71.15,straightline,349,stanley,0.4,1.9234328269958496,37.59080505371094,0.23277828097343445,6.851026425510042e-07,0.35,0.0,-3.6493760053659405e-05,-0.0001275241374969599,183,-1,5.52053003882574,231.35779408197513
1424,71.2,straightline,349,stanley,0.4,2.198826551437378,37.59192657470703,0.2327822595834732,1.9850594643782223e-07,0.35,0.0,-3.322113478432861e-05,-0.0001315027475357091,183,-1,5.499240301335609,231.08240606763937
1425,71.25,straightline,349,stanley,0.4,2.4744958877563477,37.59305191040039,0.23278577625751495,-6.262541402274286e-07,0.35,0.0,-2.725296863505082e-05,-0.0001350194215774492,183,-1,5.522450258969582,230.80674243473194
1426,71.3,straightline,349,stanley,0.4,2.749983549118042,37.594173431396484,0.23277771472930908,-6.722990785539432e-07,0.35,0.0,-2.4826147699425535e-05,-0.00012695789337155707,184,-1,5.501184917587531,230.53126052813593
1427,71.35000000000001,straightline,349,stanley,0.4,3.025742530822754,37.595298767089844,0.2327856421470642,-1.5754693034240149e-06,0.35,0.0,-1.9221987585236935e-05,-0.0001348853111266998,184,-1,5.524379733874376,230.25550729435426
1428,71.4,straightline,349,stanley,0.4,3.301323890686035,37.59642028808594,0.23277731239795685,-1.6274468442310163e-06,0.35,0.0,-1.6711257926585563e-05,-0.00012655556201935863,184,-1,5.503186241454031,229.97993173423507
1429,71.45,straightline,349,stanley,0.4,3.577181816101074,37.59754180908203,0.232763409614563,-1.403034849166465e-06,0.35,0.0,-1.532352561023115e-05,-0.00011265277862550323,184,-1,5.526488671359961,229.7040796470211
1430,71.5,straightline,349,stanley,0.4,3.852867364883423,37.59866714477539,0.23276200890541077,-2.058068183336497e-06,0.35,0.0,-9.421190339639575e-06,-0.0001112520694732485,184,-1,5.505342240256803,229.4283998992338
1431,71.55,straightline,349,stanley,0.4,4.128832817077637,37.599788665771484,0.23275627195835114,-2.0115394705933567e-06,0.35,0.0,-8.470071645161163e-06,-0.00010551512241362928,184,-1,5.5287064132065815,229.15244033173605
1432,71.60000000000001,straightline,349,stanley,0.4,4.404630184173584,37.600914001464844,0.23273305594921112,-1.9921429630617983e-06,0.35,0.0,-3.0217758172743255e-06,-8.229911327360392e-05,184,-1,5.507666369524595,228.8766488124843
1433,71.65,straightline,349,stanley,0.4,4.680710315704346,37.6020393371582,0.23271654546260834,-1.974435625318345e-06,0.35,0.0,8.00426144242309e-07,-6.578862667084876e-05,185,-1,5.531057148544585,228.60057456806325
1434,71.7,straightline,349,stanley,0.4,4.9566216468811035,37.6031608581543,0.23271654546260834,-2.11394735786403e-06,0.35,0.0,1.9713038013945486e-06,-6.578862667084876e-05,185,-1,5.509943920632939,228.3246691770186
1435,71.75,straightline,349,stanley,0.4,5.232814788818359,37.60428237915039,0.2326955944299698,-1.5175024563616533e-06,0.35,0.0,1.997885890792474e-06,-4.483759403228566e-05,185,-1,5.5333192015650035,228.048482014714
1436,71.8,straightline,349,stanley,0.4,5.50883674621582,37.60540771484375,0.23268380761146545,-1.7200478347127273e-06,0.35,0.0,6.534230428641407e-06,-3.305077552796532e-05,185,-1,5.515601236530923,227.77246600000197
1437,71.85000000000001,straightline,349,stanley,0.4,5.785180568695068,37.606529235839844,0.23267528414726257,-1.403928836623884e-06,0.35,0.0,5.948972586718821e-06,-2.4527311325064138e-05,185,-1,5.539996423542824,227.4961282077402
1438,71.9,straightline,349,stanley,0.4,6.061407566070557,37.60765075683594,0.23266339302062988,-1.053556417102566e-06,0.35,0.0,5.838084311800794e-06,-1.2636184692399741e-05,185,-1,5.520151674104334,227.21990725261668
1439,71.95,straightline,349,stanley,0.4,6.337954998016357,37.60877227783203,0.23265975713729858,-7.79891957516924e-07,0.35,0.0,4.426068081669725e-06,-9.000301361088072e-06,185,-1,5.544297535025744,226.94336590561585
1440,72.0,straightline,349,stanley,0.4,6.614376068115234,37.609893798828125,0.23266024887561798,-6.342595303757091e-07,0.35,0.0,3.06277298704272e-06,-9.492039680452768e-06,186,-1,5.523990233579808,226.66695093199482
1441,72.05,straightline,349,stanley,0.4,6.891122817993164,37.61101531982422,0.232659712433815,-3.5518194491848414e-07,0.35,0.0,8.414241895321473e-07,-8.955597877504945e-06,186,-1,5.548129150163612,226.3902103219207
1442,72.10000000000001,straightline,349,stanley,0.4,7.167745113372803,37.61214065551758,0.23264631628990173,-2.2139384639179033e-07,0.35,0.0,2.9400900136708832e-06,4.440546035758251e-06,186,-1,5.527940914163748,226.1135941329225
1443,72.15,straightline,349,stanley,0.4,7.444697856903076,37.61326217651367,0.23264624178409576,1.4288253404156483e-07,0.35,0.0,-1.1769818361983121e-07,4.515051841746694e-06,186,-1,5.552159480553332,225.83664758492503
1444,72.2,straightline,349,stanley,0.4,7.721527099609375,37.614383697509766,0.23263588547706604,7.41406263630097e-07,0.35,0.0,-2.6740099815052414e-06,1.4871358871456676e-05,186,-1,5.53209668286529,225.55982454982268
1445,72.25,straightline,349,stanley,0.4,7.998691082000732,37.61550521850586,0.23264941573143005,8.148843685724037e-07,0.35,0.0,-6.589535804033073e-06,1.3411045074441005e-06,186,-1,5.556360507505165,225.28266681954594
1446,72.3,straightline,349,stanley,0.4,8.275734901428223,37.61663055419922,0.23265069723129272,7.352945854643576e-07,0.35,0.0,-6.202472825740223e-06,5.960464476093669e-08,186,-1,5.536369945724901,225.00562921931183
1447,72.35000000000001,straightline,349,stanley,0.4,8.553266525268555,37.617759704589844,0.2326466143131256,1.928789457866216e-07,0.35,0.0,-6.331218598515202e-07,4.142522811903871e-06,187,-1,5.5631700219204445,224.72810382480245
1448,72.4,straightline,349,stanley,0.4,8.83082389831543,37.6188850402832,0.23265691101551056,9.955002591608785e-08,0.35,0.0,-2.3313487740659992e-06,-6.154179573045174e-06,187,-1,5.54349364671576,224.45055274947816
1449,72.45,straightline,349,stanley,0.4,9.108765602111816,37.620018005371094,0.23265616595745087,-3.9433980717719184e-07,0.35,0.0,2.0391768816214496e-06,-5.409121513359529e-06,187,-1,5.568421620273714,224.172617300977
1450,72.5,straightline,349,stanley,0.4,9.386609077453613,37.62114334106445,0.23265103995800018,8.876991050038597e-08,0.35,0.0,-8.207714211759163e-07,-2.831220626765695e-07,187,-1,5.548764859562632,223.8947801862925
1451,72.55,straightline,349,stanley,0.4,9.664796829223633,37.622276306152344,0.23265083134174347,-3.0180600980102503e-07,0.35,0.0,2.5506738403297067e-06,-7.450580593874682e-08,187,-1,5.573342082367892,223.6165987500579
1452,72.60000000000001,straightline,349,stanley,0.4,9.94288158416748,37.6234016418457,0.23264367878437042,3.5420878892276123e-07,0.35,0.0,-1.2889928335058434e-06,7.078051567063325e-06,187,-1,5.553697626469824,223.338520416014
1453,72.65,straightline,349,stanley,0.4,10.221311569213867,37.624534606933594,0.23264583945274353,1.1507955043355314e-08,0.35,0.0,1.0988616523325417e-06,4.917383193994833e-06,187,-1,5.578351877088584,223.0600968069624
1454,72.7,straightline,349,stanley,0.4,10.49964427947998,37.62565994262695,0.23265604674816132,7.962050377111758e-07,0.35,0.0,-8.04215813885855e-06,-5.289912223787959e-06,188,-1,5.558771771246719,222.78177057881112
1455,72.75,straightline,349,stanley,0.4,10.778329849243164,37.626792907714844,0.23265397548675537,6.928605631396194e-07,0.35,0.0,-6.692108093487702e-06,-3.21865081788572e-06,188,-1,5.583497804016936,222.50309144695856
1456,72.8,straightline,349,stanley,0.4,11.05691909790039,37.627925872802734,0.2326543778181076,4.79204812497797e-07,0.35,0.0,-4.950945180627435e-06,-3.620982170084163e-06,188,-1,5.563990947944101,222.2245086511996
1457,72.85000000000001,straightline,349,stanley,0.4,11.335860252380371,37.62906265258789,0.23266355693340302,-2.6916773479799493e-07,0.35,0.0,-8.2403375810836e-07,-1.280009746550474e-05,188,-1,5.588693513957982,221.94557395116658
1458,72.9,straightline,349,stanley,0.4,11.614706993103027,37.63019561767578,0.23266355693340302,-3.50617837602066e-07,0.35,0.0,-1.2842009497265276e-07,-1.280009746550474e-05,188,-1,5.569198325027075,221.66673372599698
1459,72.95,straightline,349,stanley,0.4,11.893904685974121,37.63133239746094,0.23265525698661804,-4.746959817430527e-07,0.35,0.0,2.9568144824499397e-06,-4.5001506805191875e-06,188,-1,5.59386073381454,221.38754255039518
1460,73.0,straightline,349,stanley,0.4,12.17300796508789,37.632469177246094,0.23265525698661804,-8.83365662652984e-07,0.35,0.0,6.425417118105254e-06,-4.5001506805191875e-06,188,-1,5.574293203914038,221.10844580401033
1461,73.05,straightline,349,stanley,0.4,12.452471733093262,37.633602142333984,0.23265336453914642,-6.141851880265856e-07,0.35,0.0,4.615584986529617e-06,-2.607703208899758e-06,188,-1,5.600225371984243,220.82898866324086
1462,73.10000000000001,straightline,349,stanley,0.4,12.731860160827637,37.63473892211914,0.2326449304819107,-1.0390612010076867e-06,0.35,0.0,1.0276631978058896e-05,5.826354026785478e-06,189,-1,5.581975374459421,220.54960683387117
1463,73.15,straightline,349,stanley,0.4,13.011615753173828,37.63587188720703,0.23264087736606598,-5.681405787446568e-07,0.35,0.0,7.281844030128815e-06,9.879469871523097e-06,189,-1,5.606954192045658,220.26985793528874
1464,73.2,straightline,349,stanley,0.4,13.291295051574707,37.63700485229492,0.23264242708683014,-3.00695008739657e-07,0.35,0.0,4.59684845248757e-06,8.329749107390869e-06,189,-1,5.587758054105786,219.99018534794328
1465,73.25,straightline,349,stanley,0.4,13.57133960723877,37.63814163208008,0.23263727128505707,-1.0975537386967593e-07,0.35,0.0,4.243387719704019e-06,1.3485550880429449e-05,189,-1,5.612705303976494,219.71014750683867
1466,73.3,straightline,349,stanley,0.4,13.85130786895752,37.63927459716797,0.2326267659664154,6.403767930070397e-07,0.35,0.0,3.850535395936473e-07,2.3990869522116316e-05,189,-1,5.593508949288228,219.43018602328317
1467,73.35000000000001,straightline,349,stanley,0.4,14.13164234161377,37.640411376953125,0.23263007402420044,7.244549062344307e-07,0.35,0.0,-1.145618200287541e-06,2.0682811737064345e-05,189,-1,5.618450074982071,219.14985833262438
1468,73.4,straightline,349,stanley,0.4,14.41189956665039,37.64154815673828,0.23263919353485107,6.066770885746057e-07,0.35,0.0,-2.362625165250841e-06,1.1563301086454399e-05,189,-1,5.59929237027599,218.86960790718692
1469,73.45,straightline,349,stanley,0.4,14.692524909973145,37.6426887512207,0.2326355129480362,6.362681605203139e-07,0.35,0.0,-1.7240869770300017e-06,1.5243887901299498e-05,190,-1,5.624251051110643,218.58898936762273
1470,73.5,straightline,349,stanley,0.4,14.973074913024902,37.64382553100586,0.2326422929763794,7.242975503810358e-07,0.35,0.0,-4.1299221629769074e-06,8.463859558090552e-06,190,-1,5.605100952477972,218.3084462325463
1471,73.55,straightline,349,stanley,0.4,15.253995895385742,37.64496994018555,0.23264367878437042,2.502381618029769e-07,0.35,0.0,-4.1279111422250735e-07,7.078051567063325e-06,190,-1,5.6302832886843275,218.02753207643954
1472,73.60000000000001,straightline,349,stanley,0.4,15.534914016723633,37.64611053466797,0.23264409601688385,2.485022168166635e-07,0.35,0.0,-4.987086691976594e-07,6.660819053637376e-06,190,-1,5.611642511638527,217.7466208511717
1473,73.65,straightline,349,stanley,0.4,15.816272735595703,37.64725112915039,0.23264925181865692,3.1871827266787237e-07,0.35,0.0,-2.373677162590933e-06,1.5050172805987966e-06,190,-1,5.637304052308015,217.46526908481852
1474,73.7,straightline,349,stanley,0.4,16.09757423400879,37.64839172363281,0.23264989256858826,4.927861928977491e-07,0.35,0.0,-4.016301378267743e-06,8.642673492572148e-07,190,-1,5.618351099432465,217.18397455868032
1475,73.75,straightline,349,stanley,0.4,16.379249572753906,37.6495361328125,0.23265056312084198,3.9565942658118606e-07,0.35,0.0,-3.3622423907440045e-06,1.9371509551031637e-07,190,-1,5.643390989471396,216.90230619757165
1476,73.8,straightline,349,stanley,0.4,16.660852432250977,37.65068435668945,0.23265640437602997,-2.6857402719869077e-07,0.35,0.0,9.209230698681119e-07,-5.647540092452972e-06,191,-1,5.624441307818841,216.6207102879436
1477,73.85000000000001,straightline,349,stanley,0.4,16.942829132080078,37.65182876586914,0.2326514720916748,-6.115433522392488e-08,0.35,0.0,3.513021947509909e-07,-7.152557372803287e-07,191,-1,5.649423471185424,216.338740636667
1478,73.9,straightline,349,stanley,0.4,17.2247314453125,37.652976989746094,0.23264725506305695,-3.533218618835623e-07,0.35,0.0,3.8983946982807955e-06,3.5017728805622892e-06,191,-1,5.630477124728345,216.05684534424498
1479,73.95,straightline,349,stanley,0.4,17.50700569152832,37.65412521362305,0.23265120387077332,-6.999758893517291e-07,0.35,0.0,5.9352493966526655e-06,-4.470348358312656e-07,191,-1,5.6554635936617865,215.77457817114467
1480,74.0,straightline,349,stanley,0.4,17.789209365844727,37.6552734375,0.23265120387077332,-9.722023233994892e-07,0.35,0.0,8.258662037541678e-06,-4.470348358312656e-07,191,-1,5.636519644645798,215.49238158929825
1481,74.05,straightline,349,stanley,0.4,18.071786880493164,37.65642166137695,0.2326398342847824,-7.362819319404464e-07,0.35,0.0,9.0640920640153e-06,1.0922551155112817e-05,191,-1,5.661487988551758,215.20981121993776
1482,74.10000000000001,straightline,349,stanley,0.4,18.354290008544922,37.65756607055664,0.2326398342847824,-4.256392238183669e-07,0.35,0.0,6.356903833904751e-06,1.0922551155112817e-05,191,-1,5.642522582357188,214.92731530330212
1483,74.15,straightline,349,stanley,0.4,18.637163162231445,37.658714294433594,0.23263110220432281,-5.143567314179745e-07,0.35,0.0,9.312181765337626e-06,1.9654631614702128e-05,192,-1,5.667440873667302,214.64444936717214
1484,74.2,straightline,349,stanley,0.4,18.919963836669922,37.65986251831055,0.23262788355350494,-4.1433981596549247e-07,0.35,0.0,9.21146910871657e-06,2.287328243258785e-05,192,-1,5.648436846598302,214.36165593001394
1485,74.25,straightline,349,stanley,0.4,19.203128814697266,37.6610107421875,0.23262153565883636,-4.593086408687446e-08,0.35,0.0,7.631497883966174e-06,2.922117710114334e-05,192,-1,5.673308401406957,214.0784982421149
1486,74.3,straightline,349,stanley,0.4,19.48621940612793,37.66215896606445,0.23262269794940948,6.5889450134065e-08,0.35,0.0,6.353574220247362e-06,2.8058886528031745e-05,192,-1,5.654276238974584,213.79541496065087
1487,74.35000000000001,straightline,349,stanley,0.4,19.769678115844727,37.66330337524414,0.2326229214668274,8.222495809758307e-07,0.35,0.0,-2.33763447730689e-07,2.7835369110116112e-05,192,-1,5.679092008219516,213.51196366142892
1488,74.4,straightline,349,stanley,0.4,20.053056716918945,37.664451599121094,0.23262012004852295,1.1855197519603237e-06,0.35,0.0,-2.68115330928978e-06,3.063678741457588e-05,192,-1,5.660024081924018,213.22859244354444
1489,74.45,straightline,349,stanley,0.4,20.33679962158203,37.66560745239258,0.23262585699558258,5.937582850738997e-07,0.35,0.0,1.0215298962530997e-06,2.4899840354906962e-05,192,-1,5.6848064822139905,212.94485688148504
1490,74.5,straightline,349,stanley,0.4,20.620464324951172,37.6667594909668,0.23263487219810486,8.065730301790996e-07,0.35,0.0,-3.051953831676845e-06,1.588463783264108e-05,193,-1,5.665715673826106,212.66119958776332
1491,74.55,straightline,349,stanley,0.4,20.904491424560547,37.66791534423828,0.23263247311115265,5.803018702659303e-07,0.35,0.0,-5.032472054598836e-07,1.828372478485271e-05,193,-1,5.690420818569709,212.37717990438236
1492,74.60000000000001,straightline,349,stanley,0.4,21.188432693481445,37.6690673828125,0.23263834416866302,5.186807660395227e-07,0.35,0.0,-1.420689980283869e-06,1.2412667274484108e-05,193,-1,5.671296144524397,212.09324611849837
1493,74.65,straightline,349,stanley,0.4,21.472734451293945,37.67021942138672,0.23263895511627197,7.742595250172136e-07,0.35,0.0,-3.8019017047224312e-06,1.1801719665547842e-05,193,-1,5.695959798903288,211.8089518977245
1494,74.7,straightline,349,stanley,0.4,21.7569522857666,37.6713752746582,0.23264408111572266,4.246241674392511e-07,0.35,0.0,-2.0276760042277873e-06,6.675720214864883e-06,193,-1,5.676789352772263,211.52474157306204
1495,74.75,straightline,349,stanley,0.4,22.04153060913086,37.67252731323242,0.23264914751052856,6.813197341687485e-07,0.35,0.0,-5.531885070963593e-06,1.60932540894286e-06,193,-1,5.7014091370773246,211.24017086116595
1496,74.8,straightline,349,stanley,0.4,22.32602310180664,37.673683166503906,0.23265285789966583,5.015045394401539e-07,0.35,0.0,-4.872911903508383e-06,-2.1010637283075558e-06,193,-1,5.682328820216587,210.95568595276546
1497,74.85000000000001,straightline,349,stanley,0.4,22.610868453979492,37.674842834472656,0.23266160488128662,-4.823635846857315e-07,0.35,0.0,1.5027410902902771e-06,-1.0848045349124373e-05,194,-1,5.707061221838188,210.67084819153982
1498,74.9,straightline,349,stanley,0.4,22.895633697509766,37.676002502441406,0.23265258967876434,-6.128775200930128e-07,0.35,0.0,4.868872351577579e-06,-1.8328428268584926e-06,194,-1,5.687994290531265,210.38609055969812
1499,74.95,straightline,349,stanley,0.4,23.180753707885742,37.677162170410156,0.23265235126018524,-8.243799352777912e-07,0.35,0.0,6.794469091022607e-06,-1.5944242477153537e-06,194,-1,5.712553061053063,210.1009782155769
1500,75.0,straightline,349,stanley,0.4,23.465787887573242,37.678321838378906,0.2326439470052719,-8.484304122516053e-07,0.35,0.0,9.068582247042344e-06,6.8098306656142625e-06,194,-1,5.6933897503750055,209.81595172271562
1501,75.05,straightline,349,stanley,0.4,23.751178741455078,37.679481506347656,0.23263733088970184,-7.494966204221427e-07,0.35,0.0,9.894416071961698e-06,1.3425946235668512e-05,194,-1,5.717924188615575,209.53056861077346
1502,75.10000000000001,straightline,349,stanley,0.4,24.03647804260254,37.680641174316406,0.23264266550540924,-1.0433418889893035e-06,0.35,0.0,1.1092000741227265e-05,8.09133052824773e-06,194,-1,5.698714155495167,209.24527707196665
1503,75.15,straightline,349,stanley,0.4,24.322134017944336,37.681800842285156,0.23263601958751678,-8.193260331797747e-07,0.35,0.0,1.0841306079393317e-05,1.4737248420707297e-05,194,-1,5.723185640090027,208.9596289144818
1504,75.2,straightline,349,stanley,0.4,24.607696533203125,37.682960510253906,0.23262625932693481,-5.061191335700163e-07,0.35,0.0,1.0505734593375341e-05,2.449750900270852e-05,195,-1,5.703959394568834,208.6740742376081
1505,75.25,straightline,349,stanley,0.4,24.893611907958984,37.684120178222656,0.2326192408800125,-1.5138883549896235e-07,0.35,0.0,9.201745872558943e-06,3.151595592501091e-05,195,-1,5.728397988688196,208.38816675686144
1506,75.3,straightline,349,stanley,0.4,25.1794376373291,37.685279846191406,0.232622429728508,-1.3824055908676713e-07,0.35,0.0,8.26176318683195e-06,2.8327107429530503e-05,195,-1,5.709110691673212,208.10234894260654
1507,75.35000000000001,straightline,349,stanley,0.4,25.465620040893555,37.686439514160156,0.23261401057243347,3.7913071363328786e-07,0.35,0.0,5.873501170004398e-06,3.674626350403793e-05,195,-1,5.733804026426896,207.8161745104929
1508,75.4,straightline,349,stanley,0.4,25.751726150512695,37.687599182128906,0.23261840641498566,4.89434614171404e-07,0.35,0.0,3.795031523465709e-06,3.2350420951862804e-05,195,-1,5.714488753764512,207.53007639476937
1509,75.45,straightline,349,stanley,0.4,26.038183212280273,37.688758850097656,0.2326274812221527,6.317554935166696e-07,0.35,0.0,2.9151697359839843e-07,2.3275613784786292e-05,195,-1,5.738911174413991,207.24362738320278
1510,75.5,straightline,349,stanley,0.4,26.324546813964844,37.689918518066406,0.2326274812221527,9.892939530184064e-07,0.35,0.0,-2.832501922665244e-06,2.3275613784786292e-05,195,-1,5.719649655792369,206.95727185309968
1511,75.55,straightline,349,stanley,0.4,26.61126136779785,37.69108200073242,0.23263809084892273,8.214454166610702e-07,0.35,0.0,-4.031272382428938e-06,1.2665987014755361e-05,196,-1,5.7440000173794425,206.67056537951598
1512,75.60000000000001,straightline,349,stanley,0.4,26.897878646850586,37.6922492980957,0.23263809084892273,4.2548519677602996e-07,0.35,0.0,-5.560192746713495e-07,1.2665987014755361e-05,196,-1,5.724641716207434,206.38395615388683
1513,75.65,straightline,349,stanley,0.4,27.184837341308594,37.69341278076172,0.23263224959373474,7.886712748918782e-07,0.35,0.0,-2.2817528415720965e-06,1.8507242202768344e-05,196,-1,5.748952500435445,206.09700561720467
1514,75.7,straightline,349,stanley,0.4,27.471698760986328,37.694580078125,0.23263922333717346,3.0642421845052334e-07,0.35,0.0,2.021646812609061e-07,1.1533498764049082e-05,196,-1,5.729631847901912,205.8101523286731
1515,75.75,straightline,349,stanley,0.4,27.758907318115234,37.69574737548828,0.2326420396566391,1.0378984656017563e-07,0.35,0.0,1.2765269192796178e-06,8.717179298411502e-06,196,-1,5.753887792980171,205.52295195977354
1516,75.8,straightline,349,stanley,0.4,28.0460205078125,37.6969108581543,0.2326422929763794,3.6475115636747115e-07,0.35,0.0,-1.0765361974562557e-06,8.463859558090552e-06,196,-1,5.734523745219926,205.23584702850604
1517,75.85000000000001,straightline,349,stanley,0.4,28.333471298217773,37.69807815551758,0.23265144228935242,9.250434032267002e-08,0.35,0.0,-9.857647351044566e-07,-6.854534149247086e-07,196,-1,5.7587196078432346,204.94840450503963
1518,75.9,straightline,349,stanley,0.4,28.62082290649414,37.699241638183594,0.232644721865654,2.833387699181082e-07,0.35,0.0,-9.721252876787947e-07,6.034970283523301e-06,197,-1,5.739340786434124,204.66106123398228
1519,75.95,straightline,349,stanley,0.4,28.908510208129883,37.700408935546875,0.2326466292142868,3.271738532455894e-07,0.35,0.0,-1.8417101732221344e-06,4.127621650726061e-06,197,-1,5.76351471672586,204.37338227825683
1520,76.0,straightline,349,stanley,0.4,29.196102142333984,37.70158004760742,0.23264941573143005,-1.3160729547642806e-07,0.35,0.0,1.490611221710656e-06,1.3411045074441005e-06,197,-1,5.744110601379531,204.08579866400163
1521,76.05,straightline,349,stanley,0.4,29.48402976989746,37.70275115966797,0.23264890909194946,-3.3996932111119067e-07,0.35,0.0,3.4598461873726456e-06,1.8477439880363028e-06,197,-1,5.768221133654943,203.79787941374778
1522,76.10000000000001,straightline,349,stanley,0.4,29.771854400634766,37.70392608642578,0.23265130817890167,-1.116288392875569e-06,0.35,0.0,9.661966670540274e-06,-5.513429641753288e-07,197,-1,5.748783651752286,203.51006313385557
1523,76.15,straightline,349,stanley,0.4,30.060014724731445,37.70509719848633,0.23264408111572266,-1.0214064245345708e-06,0.35,0.0,1.0686334906821228e-05,6.675720214864883e-06,197,-1,5.772847908816203,203.2219112669143
1524,76.2,straightline,349,stanley,0.4,30.34807014465332,37.706268310546875,0.2326454371213913,-1.2293096033661317e-06,0.35,0.0,1.213666765224929e-05,5.319714546193276e-06,197,-1,5.753413286442202,202.9338643263902
1525,76.25,straightline,349,stanley,0.4,30.636459350585938,37.70743942260742,0.23263834416866302,-5.466939369160551e-07,0.35,0.0,7.952620482261363e-06,1.2412667274484108e-05,198,-1,5.777439866911519,202.64548365793422
1526,76.3,straightline,349,stanley,0.4,30.924745559692383,37.70861053466797,0.23262155055999756,-1.2829081005444674e-07,0.35,0.0,8.465831307566223e-06,2.920627593996553e-05,198,-1,5.757951857981941,202.35720600900507
1527,76.35000000000001,straightline,349,stanley,0.4,31.213361740112305,37.70978546142578,0.23261691629886627,-3.30281747873808e-07,0.35,0.0,1.1453855948986846e-05,3.38405370712341e-05,198,-1,5.781954611586464,202.06859839817557
1528,76.4,straightline,349,stanley,0.4,31.501869201660156,37.71095657348633,0.23260179162025452,1.412363696081275e-07,0.35,0.0,1.1068668900453496e-05,4.896521568301172e-05,198,-1,5.762471833396928,201.78009957750655
1529,76.45,straightline,349,stanley,0.4,31.790706634521484,37.712127685546875,0.2326086461544037,1.4580562465016416e-07,0.35,0.0,9.34362985042115e-06,4.211068153381433e-05,198,-1,5.786403053544213,201.49127084417987
1530,76.5,straightline,349,stanley,0.4,32.079437255859375,37.71329879760742,0.2326100766658783,2.479711491859309e-07,0.35,0.0,8.05230011879281e-06,4.068017005920398e-05,198,-1,5.766822529911856,201.2025489453792
1531,76.55,straightline,349,stanley,0.4,32.368492126464844,37.71446990966797,0.23260827362537384,5.981641604296884e-07,0.35,0.0,5.444352813437168e-06,4.2483210563657154e-05,198,-1,5.790721815934393,200.91350285594618
1532,76.60000000000001,straightline,349,stanley,0.4,32.657440185546875,37.71564483642578,0.23262126743793488,-3.4055148612409976e-07,0.35,0.0,1.0427329174673115e-05,2.94893980026421e-05,199,-1,5.771173237094915,200.62456355231268
1533,76.65,straightline,349,stanley,0.4,32.946712493896484,37.71681594848633,0.2326129972934723,2.950526899330234e-07,0.35,0.0,6.936473613994298e-06,3.7759542465222334e-05,199,-1,5.794991920735785,200.335300107489
1534,76.7,straightline,349,stanley,0.4,33.23587417602539,37.717987060546875,0.2326224148273468,3.6818333397814886e-07,0.35,0.0,3.8948169902340915e-06,2.8342008590708315e-05,199,-1,5.775426187203726,200.04614731219837
1535,76.75,straightline,349,stanley,0.4,33.52535629272461,37.71915817260742,0.23260392248630524,1.3887053961464529e-06,0.35,0.0,-4.479675887391298e-07,4.683434963224916e-05,199,-1,5.7992619079446195,199.756674141566
1536,76.80000000000001,straightline,349,stanley,0.4,33.814727783203125,37.72034454345703,0.23252636194229126,2.317238573935836e-06,0.35,0.0,1.0917110039669045e-05,0.00012439489364624045,199,-1,5.779459712798362,199.46731142385354
1537,76.85000000000001,straightline,349,stanley,0.4,34.10441970825195,37.721519470214844,0.23230457305908203,8.814844021393273e-06,0.35,0.0,9.53706226001702e-06,0.0003461837768554571,199,-1,5.803207211260011,199.17762847871109
1538,76.9,straightline,349,stanley,0.4,34.39399337768555,37.72269058227539,0.23214027285575867,1.4039253140284756e-05,0.35,0.0,4.822526836697344e-06,0.0005104839801788602,199,-1,5.7835415045729786,198.88806386172607
1539,76.95,straightline,349,stanley,0.4,34.68389129638672,37.72386169433594,0.23193931579589844,2.0517276673238868e-05,0.35,0.0,-1.6884882566518128e-06,0.0007114410400390854,200,-1,5.807228463595068,198.5981750559449
1540,77.0,straightline,349,stanley,0.4,34.97365951538086,37.72502899169922,0.2318502515554428,2.4117005976559003e-05,0.35,0.0,-1.1007660041823658e-05,0.0008005052804947205,200,-1,5.787506258806551,198.30841602197071
1541,77.05000000000001,straightline,349,stanley,0.4,35.263755798339844,37.726200103759766,0.231708824634552,2.8923052496835262e-05,0.35,0.0,-1.7844273201622065e-05,0.0009419322013854861,200,-1,5.81119335594931,198.01832893591242
1542,77.10000000000001,straightline,349,stanley,0.4,35.5537223815918,37.72737121582031,0.2316940575838089,3.0065268993904693e-05,0.35,0.0,-2.4154239331929518e-05,0.0009566992521285987,200,-1,5.791425918342125,197.7283715725505
1543,77.15,straightline,349,stanley,0.4,35.84400939941406,37.728538513183594,0.23159651458263397,3.4127728112815524e-05,0.35,0.0,-3.557999923506556e-05,0.001054242253303552,200,-1,5.815045321094754,197.438093885291
1544,77.2,straightline,349,stanley,0.4,36.13417053222656,37.729705810546875,0.2316245287656784,3.4574223399600744e-05,0.35,0.0,-4.649460172722513e-05,0.0010262280702591031,200,-1,5.795285994672074,197.14794210677505
1545,77.25,straightline,349,stanley,0.4,36.424652099609375,37.73087692260742,0.2315506786108017,3.7608337498902235e-05,0.35,0.0,-5.48956663569823e-05,0.0011000782251357943,200,-1,5.818857241490999,196.85746990568092
1546,77.30000000000001,straightline,349,stanley,0.4,36.715003967285156,37.732051849365234,0.23172767460346222,3.308326467846878e-05,0.35,0.0,-5.941979061741985e-05,0.0009230822324752802,201,-1,5.799044029013996,196.56712737819961
1547,77.35000000000001,straightline,349,stanley,0.4,37.00566101074219,37.73322296142578,0.23194262385368347,2.7939773640100182e-05,0.35,0.0,-6.853337769884135e-05,0.0007081329822540334,201,-1,5.822488833178855,196.27647978537334
1548,77.4,straightline,349,stanley,0.4,37.29619216918945,37.73439025878906,0.2322758585214615,1.9846280605631785e-05,0.35,0.0,-8.095047318690176e-05,0.00037489831447600825,201,-1,5.802700619941889,195.9859581516772
1549,77.45,straightline,349,stanley,0.4,37.587032318115234,37.73556137084961,0.23252665996551514,1.3751559712621106e-05,0.35,0.0,-9.080756195701644e-05,0.00012409687042238608,201,-1,5.826178734259395,195.69512753928217
1550,77.5,straightline,349,stanley,0.4,37.87773895263672,37.73672103881836,0.2327241152524948,1.0486315884125476e-05,0.35,0.0,-0.0001115665115319726,-7.335841655732649e-05,201,-1,5.806165495716963,195.40443061506613
1551,77.55000000000001,straightline,349,stanley,0.4,38.168758392333984,37.737876892089844,0.23271574079990387,1.357790535895596e-05,0.35,0.0,-0.00013741027564272883,-6.498396396635248e-05,201,-1,5.829599126584344,195.11342099834755
1552,77.60000000000001,straightline,349,stanley,0.4,38.45964813232422,37.73903274536133,0.23266960680484772,1.7802384411863788e-05,0.35,0.0,-0.00016272739272399318,-1.884996891020585e-05,201,-1,5.809694572725688,194.8225411063801
1553,77.65,straightline,349,stanley,0.4,38.75083541870117,37.74018859863281,0.2325645387172699,2.3332491994611243e-05,0.35,0.0,-0.0001859024067095566,8.621811866759216e-05,202,-1,5.833047513968614,194.53136372999978
1554,77.7,straightline,349,stanley,0.4,39.04189682006836,37.74134826660156,0.23248589038848877,2.815174227910241e-05,0.35,0.0,-0.00020810189080635558,0.0001648664474487563,202,-1,5.813121829146903,194.24031221419807
1555,77.75,straightline,349,stanley,0.4,39.33325958251953,37.74250793457031,0.23242692649364471,3.2370580710687175e-05,0.35,0.0,-0.00023152505476579574,0.000223830342292813,202,-1,5.8364646776786895,193.94895940000873
1556,77.80000000000001,straightline,349,stanley,0.4,39.62448501586914,37.74367141723633,0.2323916256427765,3.5612958202800075e-05,0.35,0.0,-0.00025057592664110045,0.0002591311931610131,202,-1,5.816517019333242,193.65774388963496
1557,77.85000000000001,straightline,349,stanley,0.4,39.916019439697266,37.744834899902344,0.23238849639892578,3.786663515135842e-05,0.35,0.0,-0.00027088145761607497,0.0002622604370117325,202,-1,5.839817918600074,193.36621945253756
1558,77.9,straightline,349,stanley,0.4,40.20741271972656,37.74599838256836,0.23238204419612885,4.037523514506636e-05,0.35,0.0,-0.000290613872706015,0.0002687126398086818,202,-1,5.81987025168215,193.07483618411115
1559,77.95,straightline,349,stanley,0.4,40.49911117553711,37.74716567993164,0.23242516815662384,4.1415376302431695e-05,0.35,0.0,-0.0003120498297548976,0.00022558867931368303,203,-1,5.8430967511377325,192.78314775342716
1560,78.0,straightline,349,stanley,0.4,40.790672302246094,37.74832534790039,0.23249508440494537,4.226196121387699e-05,0.35,0.0,-0.0003362784538770889,0.0001556724309921579,203,-1,5.823163218026064,192.4915967782142
1561,78.05000000000001,straightline,349,stanley,0.4,41.08251953125,37.749481201171875,0.23266112804412842,4.0639877573455536e-05,0.35,0.0,-0.0003654834652054785,-1.0371208190887792e-05,203,-1,5.846215373552053,192.19975981410346
1562,78.10000000000001,straightline,349,stanley,0.4,41.374229431152344,37.75063705444336,0.2329443395137787,3.5908758774732474e-05,0.35,0.0,-0.0003941308502673488,-0.00029358267784118343,203,-1,5.826158691391846,191.90806020520924
1563,78.15,straightline,349,stanley,0.4,41.66622543334961,37.75179672241211,0.23323139548301697,3.0441614539894997e-05,0.35,0.0,-0.0004201252909001864,-0.0005806386470794788,203,-1,5.849335244387933,191.6160745068955
1564,78.2,straightline,349,stanley,0.4,41.95808410644531,37.752952575683594,0.23348699510097504,2.6586425925797242e-05,0.35,0.0,-0.00044937677108411976,-0.0008362382650375243,203,-1,5.829279846400948,191.32422621472168
1565,78.25,straightline,349,stanley,0.4,42.250244140625,37.754112243652344,0.23371738195419312,2.2787368253186185e-05,0.35,0.0,-0.00047603726531307827,-0.0010666251182556306,203,-1,5.852413862723385,191.03207657609613
1566,78.30000000000001,straightline,349,stanley,0.4,42.542259216308594,37.75527572631836,0.23393157124519348,1.8975504602596687e-05,0.35,0.0,-0.0004949596844995578,-0.0012808144092559643,204,-1,5.832334578984031,190.7400718712296
1567,78.35000000000001,straightline,349,stanley,0.4,42.83456802368164,37.75644302368164,0.23413580656051636,1.5116861936454697e-05,0.35,0.0,-0.0005145949422153493,-0.001485049724578836,204,-1,5.855426119603387,190.4477734488317
1568,78.4,straightline,349,stanley,0.4,43.126731872558594,37.75760269165039,0.234303817152977,1.350787240214522e-05,0.35,0.0,-0.0005412709260628221,-0.0016530603170394895,204,-1,5.835359227015893,190.1556201129112
1569,78.45,straightline,349,stanley,0.4,43.419193267822266,37.75876998901367,0.23445381224155426,1.1247149043934606e-05,0.35,0.0,-0.0005615257685191905,-0.0018030554056167394,204,-1,5.858419313675966,189.8631691946817
1570,78.5,straightline,349,stanley,0.4,43.711509704589844,37.75993728637695,0.23458299040794373,9.978016896279445e-06,0.35,0.0,-0.0005811920054720099,-0.0019322335720062254,204,-1,5.838329528422698,189.57086326150412
1571,78.55000000000001,straightline,349,stanley,0.4,44.00411605834961,37.76110076904297,0.23470623791217804,8.955246270434584e-06,0.35,0.0,-0.0006058501192495425,-0.002055481076240532,204,-1,5.861360038610454,189.2782675280092
1572,78.60000000000001,straightline,349,stanley,0.4,44.29657745361328,37.76226806640625,0.2348245531320572,8.078891681711642e-06,0.35,0.0,-0.0006261049617059108,-0.002173796296119666,204,-1,5.841210188363251,188.98581672892823
1573,78.65,straightline,349,stanley,0.4,44.589324951171875,37.76343536376953,0.23493170738220215,7.185009470149581e-06,0.35,0.0,-0.0006479858980286495,-0.0022809505462646437,205,-1,5.864235939697074,188.6930798933624
1574,78.7,straightline,349,stanley,0.4,44.881927490234375,37.764610290527344,0.23502668738365173,6.1999476866301875e-06,0.35,0.0,-0.0006611845247348207,-0.0023759305477142304,205,-1,5.84406080678435,188.40048794113164
1575,78.75,straightline,349,stanley,0.4,45.17481994628906,37.76578140258789,0.23513340950012207,4.890380213000478e-06,0.35,0.0,-0.0006793750282657054,-0.0024826526641845543,205,-1,5.867071750920422,188.10760618966623
1576,78.80000000000001,straightline,349,stanley,0.4,45.46756362915039,37.76695251464844,0.23522555828094482,4.488687464998527e-06,0.35,0.0,-0.000696961436674527,-0.002574801445007326,205,-1,5.846900441136534,187.81487323860878
1577,78.85000000000001,straightline,349,stanley,0.4,45.760589599609375,37.768123626708984,0.23530830442905426,3.908950189103884e-06,0.35,0.0,-0.0007156940768534172,-0.002657547593116761,205,-1,5.8698575021308335,187.52185806639676
1578,78.9,straightline,349,stanley,0.4,46.05348205566406,37.76929473876953,0.23538543283939362,4.016997899383659e-06,0.35,0.0,-0.000733884580384302,-0.002734676003456099,205,-1,5.849673313590675,187.22897643756815
1579,78.95,straightline,349,stanley,0.4,46.346649169921875,37.77046585083008,0.2354571521282196,3.7997300434390757e-06,0.35,0.0,-0.0007531903364482264,-0.002806395292282077,205,-1,5.872604646532122,186.9358202168411
1580,79.0,straightline,349,stanley,0.4,46.639671325683594,37.771636962890625,0.23554278910160065,3.790580929944201e-06,0.35,0.0,-0.0007723873491049037,-0.0028920322656631383,206,-1,5.8524147449167465,186.64280898293467
1581,79.05000000000001,straightline,349,stanley,0.4,46.93297576904297,37.77280807495117,0.23562149703502655,3.4186967826824497e-06,0.35,0.0,-0.000792250731435348,-0.0029707401990890633,206,-1,5.875317460355472,186.34951552898747
1582,79.10000000000001,straightline,349,stanley,0.4,47.22613525390625,37.77397918701172,0.2356882244348526,3.972953612543501e-06,0.35,0.0,-0.0008115255082622437,-0.003037467598915108,206,-1,5.855083206282059,186.05636706225138
1583,79.15,straightline,349,stanley,0.4,47.51957321166992,37.775150299072266,0.23576971888542175,3.5642759084062164e-06,0.35,0.0,-0.0008319310272406936,-0.0031189620494842655,206,-1,5.877974489987914,185.76294019038784
1584,79.2,straightline,349,stanley,0.4,47.81285858154297,37.77632522583008,0.23585109412670135,3.3443689992986223e-06,0.35,0.0,-0.0008479022956609501,-0.003200337290763851,206,-1,5.857764075204724,185.46966588302485
1585,79.25,straightline,349,stanley,0.4,48.10643005371094,37.777503967285156,0.23591971397399902,2.4987403636352106e-06,0.35,0.0,-0.0008612206196521744,-0.003268957138061515,206,-1,5.880600025395669,185.17610549044258
1586,79.30000000000001,straightline,349,stanley,0.4,48.39984893798828,37.77867889404297,0.23599015176296234,2.6626837726834776e-06,0.35,0.0,-0.0008777340247204364,-0.0033393949270248105,206,-1,5.860352888867533,184.88269776623426
1587,79.35000000000001,straightline,349,stanley,0.4,48.69355392456055,37.77986145019531,0.23606133460998535,9.93492667237816e-07,0.35,0.0,-0.0008844295262022219,-0.003410577774047841,207,-1,5.883185024584269,184.58900390529996
1588,79.4,straightline,349,stanley,0.4,48.98710250854492,37.78103256225586,0.2361307293176651,1.6797952020698382e-06,0.35,0.0,-0.0009052842441175904,-0.003479972481727596,207,-1,5.862945042374202,184.29546663154053
1589,79.45,straightline,349,stanley,0.4,49.28093338012695,37.7822151184082,0.2361917495727539,7.194328371023009e-07,0.35,0.0,-0.0009158411963501813,-0.003540992736816377,207,-1,5.885730934877036,184.00164698377807
1590,79.5,straightline,349,stanley,0.4,49.57460403442383,37.783390045166016,0.23624750971794128,1.4365314401354006e-06,0.35,0.0,-0.0009333769162403964,-0.0035967528820037755,207,-1,5.8654341955904625,183.70798768613864
1591,79.55000000000001,straightline,349,stanley,0.4,49.868553161621094,37.784568786621094,0.23630711436271667,9.818862357456353e-07,0.35,0.0,-0.0009482287124645503,-0.003656357526779174,207,-1,5.888222458206749,183.41404993336474
1592,79.60000000000001,straightline,349,stanley,0.4,50.16234588623047,37.78574752807617,0.23637208342552185,1.0763844860932342e-06,0.35,0.0,-0.0009624454343296119,-0.003721326589584349,207,-1,5.867950054378586,183.12026861260244
1593,79.65,straightline,349,stanley,0.4,50.4564208984375,37.78693389892578,0.23643524944782257,-2.8348314271229193e-07,0.35,0.0,-0.0009701790563295112,-0.00378449261188507,207,-1,5.890700650160211,182.82620497040045
1594,79.7,straightline,349,stanley,0.4,50.750335693359375,37.788116455078125,0.23648782074451447,2.8036202483381943e-07,0.35,0.0,-0.0009853558184648222,-0.0038370639085769384,208,-1,5.8703967716051615,182.53230162710665
1595,79.75,straightline,349,stanley,0.4,51.04452896118164,37.78929901123047,0.23654082417488098,-3.212964170503794e-07,0.35,0.0,-0.0009973842844562852,-0.00389006733894346,208,-1,5.893120178238947,182.2381198818406
1596,79.80000000000001,straightline,349,stanley,0.4,51.33856964111328,37.79048156738281,0.23659482598304749,-2.0846792808009526e-07,0.35,0.0,-0.00100879316570717,-0.003944069147109989,208,-1,5.872789118197279,181.94409075496006
1597,79.85000000000001,straightline,349,stanley,0.4,51.63288497924805,37.79166793823242,0.23664116859436035,-9.980395758318532e-07,0.35,0.0,-0.0010175026336734791,-0.003990411758422824,208,-1,5.895476752133938,181.64978698848847
1598,79.9,straightline,349,stanley,0.4,51.92704391479492,37.792850494384766,0.23669147491455078,-7.19211483238546e-07,0.35,0.0,-0.001029391693098312,-0.0040407180786132795,208,-1,5.87514665576052,181.35563970766452
1599,79.95,straightline,349,stanley,0.4,52.22148132324219,37.79403305053711,0.23674114048480988,-1.1339562825625375e-06,0.35,0.0,-0.0010424114946746986,-0.004090383648872344,208,-1,5.897830019021797,181.06121402609168
1600,80.0,straightline,349,stanley,0.4,52.51576614379883,37.79521942138672,0.23678991198539734,-1.5437169492652455e-06,0.35,0.0,-0.0010476467523530637,-0.004139155149459845,209,-1,5.877493237283397,180.766940911015
1601,80.05000000000001,straightline,349,stanley,0.4,52.81031036376953,37.79640197753906,0.23683397471904755,-1.7576513763517517e-06,0.35,0.0,-0.001061100263247855,-0.00418321788311004,209,-1,5.900144636105211,180.4724085201579
1602,80.10000000000001,straightline,349,stanley,0.4,53.104705810546875,37.79758834838867,0.23687562346458435,-1.5337650992526205e-06,0.35,0.0,-0.0010701350132029676,-0.004224866628646845,209,-1,5.8797892550690865,180.17802488177443
1603,80.15,straightline,349,stanley,0.4,53.39937210083008,37.798770904541016,0.23691622912883759,-1.6030027419094674e-06,0.35,0.0,-0.0010840841918902209,-0.004265472292900061,209,-1,5.902402505123532,179.8833705253604
1604,80.2,straightline,349,stanley,0.4,53.69387435913086,37.79995346069336,0.23695851862430573,-9.166917418021142e-07,0.35,0.0,-0.0010973673169813534,-0.004307761788368208,209,-1,5.882063329954977,179.58888023204977
1605,80.25,straightline,349,stanley,0.4,53.98865509033203,37.8011360168457,0.23700739443302155,-1.1822622198082248e-06,0.35,0.0,-0.0011117811842240402,-0.004356637597084053,209,-1,5.904663247179751,179.2941115398759
1606,80.30000000000001,straightline,349,stanley,0.4,54.28327560424805,37.80232238769531,0.23704840242862701,-8.193144573831759e-07,0.35,0.0,-0.0011217298216715048,-0.004397645592689517,209,-1,5.884260179526309,178.99950304380533
1607,80.35000000000001,straightline,349,stanley,0.4,54.578163146972656,37.803504943847656,0.23709730803966522,-9.949992817344807e-07,0.35,0.0,-0.0011370572603288972,-0.004446551203727718,210,-1,5.906856280112603,178.70462764555077
1608,80.4,straightline,349,stanley,0.4,54.87289047241211,37.8046875,0.23714318871498108,-2.9002186530660585e-07,0.35,0.0,-0.0011512542729123815,-0.004492431879043593,210,-1,5.886467999274362,178.40991249696077
1609,80.45,straightline,349,stanley,0.4,55.16788864135742,37.805877685546875,0.23719221353530884,-1.3295220261557749e-06,0.35,0.0,-0.0011589217167751603,-0.004541456699371316,210,-1,5.909005933287618,178.11492647285016
1610,80.5,straightline,349,stanley,0.4,55.46272277832031,37.80706787109375,0.23723933100700378,-1.4519565311424108e-06,0.35,0.0,-0.001165923107041818,-0.004588574171066292,210,-1,5.888591423409077,177.82010451293175
1611,80.55000000000001,straightline,349,stanley,0.4,55.75783157348633,37.808258056640625,0.2372763603925705,-2.1055723946602302e-06,0.35,0.0,-0.0011740397498415157,-0.004625603556633006,210,-1,5.911148887791714,177.52500797017643
1612,80.60000000000001,straightline,349,stanley,0.4,56.052772521972656,37.8094482421875,0.23732273280620575,-2.153162624644756e-06,0.35,0.0,-0.0011814748494265778,-0.004671975970268246,210,-1,5.890727696597346,177.2300793063934
1613,80.65,straightline,349,stanley,0.4,56.34798049926758,37.810638427734375,0.23736503720283508,-2.918448254028219e-06,0.35,0.0,-0.0011899942223076508,-0.004714280366897571,210,-1,5.913239850609314,176.93488368907933
1614,80.7,straightline,349,stanley,0.4,56.64303207397461,37.811824798583984,0.2374042421579361,-2.229759438637856e-06,0.35,0.0,-0.0012021575591250346,-0.0047534853219985814,211,-1,5.892792907008753,176.63984456185284
1615,80.75,straightline,349,stanley,0.4,56.9383430480957,37.81301498413086,0.23743361234664917,-2.587192419060425e-06,0.35,0.0,-0.0012110951517059973,-0.004782855510711652,211,-1,5.915272662493309,176.34454605684985
1616,80.80000000000001,straightline,349,stanley,0.4,57.23349380493164,37.814205169677734,0.2374761998653412,-2.41863412963844e-06,0.35,0.0,-0.0012193821803093536,-0.004825443029403703,211,-1,5.8948352559170205,176.04940780310622
1617,80.85000000000001,straightline,349,stanley,0.4,57.52891159057617,37.81539535522461,0.2375088483095169,-2.8296646441873076e-06,0.35,0.0,-0.001228753482208721,-0.00485809147357942,211,-1,5.91734408578952,175.75400259717608
1618,80.9,straightline,349,stanley,0.4,57.82415771484375,37.816585540771484,0.2375454604625702,-2.4403139885307314e-06,0.35,0.0,-0.0012374277512749385,-0.004894703626632659,211,-1,5.896866153491789,175.4587690859346
1619,80.95,straightline,349,stanley,0.4,58.11967468261719,37.81777572631836,0.23758134245872498,-2.905357571595439e-06,0.35,0.0,-0.0012472017832556813,-0.0049305856227874895,211,-1,5.919312987564598,175.1632648088719
1620,81.0,straightline,349,stanley,0.4,58.41502380371094,37.8189697265625,0.23761780560016632,-2.88180018075451e-06,0.35,0.0,-0.0012524796062041731,-0.004967048764228801,211,-1,5.898812643773324,174.86792835865356
1621,81.05000000000001,straightline,349,stanley,0.4,58.71063995361328,37.82016372680664,0.2376532107591629,-4.08775500252339e-06,0.35,0.0,-0.0012554914091088471,-0.005002453923225395,212,-1,5.921275702167461,174.57232495749315
1622,81.10000000000001,straightline,349,stanley,0.4,59.00608444213867,37.82136154174805,0.2376926839351654,-4.528183384510641e-06,0.35,0.0,-0.0012573418067025844,-0.005041927099227904,212,-1,5.900788682753591,174.27689319771423
1623,81.15,straightline,349,stanley,0.4,59.301795959472656,37.82255935668945,0.23771381378173828,-5.335515418197872e-06,0.35,0.0,-0.0012602764775923327,-0.00506305694580075,212,-1,5.923205470430199,173.9811944875599
1624,81.2,straightline,349,stanley,0.4,59.59733581542969,37.823753356933594,0.23773477971553802,-4.779228073718869e-06,0.35,0.0,-0.0012663287814665464,-0.0050840228796005405,212,-1,5.902703696183455,173.6856675275495
1625,81.25,straightline,349,stanley,0.4,59.89314270019531,37.824951171875,0.2377617061138153,-5.712542421376494e-06,0.35,0.0,-0.0012696506928191555,-0.005110949277877816,212,-1,5.925104744986515,173.38987356366718
1626,81.30000000000001,straightline,349,stanley,0.4,60.188777923583984,37.82612609863281,0.23760585486888885,2.038399923506413e-06,0.35,0.0,-0.0012951635662443088,-0.0049550980329513255,212,-1,5.905362519857318,173.09425162256537
1627,81.35000000000001,straightline,349,stanley,0.4,60.48468780517578,37.82727813720703,0.237775981426239,2.102748815846762e-06,0.35,0.0,-0.0013446796871081955,-0.0051252245903015145,212,-1,5.927841996306878,172.79835543151404
1628,81.4,straightline,349,stanley,0.4,60.780433654785156,37.82845687866211,0.23772528767585754,6.9900244247378e-06,0.35,0.0,-0.0013711216215665685,-0.005074530839920038,213,-1,5.907636655180342,172.50262292858116
1629,81.45,straightline,349,stanley,0.4,61.07645034790039,37.829673767089844,0.23824577033519745,-1.0113728157094562e-05,0.35,0.0,-0.001356222132849394,-0.0055950134992599435,213,-1,5.930571616224084,172.20661911775915
1630,81.5,straightline,349,stanley,0.4,61.3723030090332,37.8309211730957,0.2385416179895401,-2.3170851943795695e-05,0.35,0.0,-0.0013101392639951735,-0.005890861153602589,213,-1,5.910803441725756,171.9107789376868
1631,81.55000000000001,straightline,349,stanley,0.4,61.66844940185547,37.832157135009766,0.23903337121009827,-4.146768394027984e-05,0.35,0.0,-0.001276693093219412,-0.006382614374160765,213,-1,5.933521398599945,171.61464527247452
1632,81.60000000000001,straightline,349,stanley,0.4,61.96443557739258,37.833377838134766,0.23939654231071472,-5.34487356600995e-05,0.35,0.0,-0.001257855021736506,-0.006745785474777214,213,-1,5.9133214512650625,171.31867208014754
1633,81.65,straightline,349,stanley,0.4,62.26070022583008,37.8345947265625,0.23981115221977234,-6.73598189300639e-05,0.35,0.0,-0.0012439623582227702,-0.007160395383834825,213,-1,5.936017930245521,171.02242055225486
1634,81.7,straightline,349,stanley,0.4,62.55682373046875,37.83580780029297,0.24004647135734558,-7.516583274986181e-05,0.35,0.0,-0.001229960951301787,-0.007395714521408054,214,-1,5.915878013601894,170.72631026267146
1635,81.75,straightline,349,stanley,0.4,62.85322570800781,37.8370246887207,0.24033352732658386,-8.535827864759116e-05,0.35,0.0,-0.001216625914054571,-0.00768277049064635,214,-1,5.938581838090129,170.42992152868933
1636,81.80000000000001,straightline,349,stanley,0.4,63.14948272705078,37.83823013305664,0.2404070347547531,-8.727529428400547e-05,0.35,0.0,-0.001214146268756653,-0.007756277918815603,214,-1,5.918395964498704,170.133677958173
1637,81.85000000000001,straightline,349,stanley,0.4,63.44607162475586,37.83940887451172,0.24009549617767334,-7.608503485242834e-05,0.35,0.0,-0.0012397168809928011,-0.007444739341735827,214,-1,5.941787001683247,169.83710298517468
1638,81.9,straightline,349,stanley,0.4,63.74251937866211,37.840606689453125,0.23986569046974182,-6.840121086167918e-05,0.35,0.0,-0.0012456410482558366,-0.007214933633804301,214,-1,5.921724505270075,169.5406689220179
1639,81.95,straightline,349,stanley,0.4,64.03926849365234,37.84183120727539,0.23953530192375183,-6.165669892468482e-05,0.35,0.0,-0.0012260862346582036,-0.006884545087814319,214,-1,5.9450896304923715,169.24393319886443
1640,82.0,straightline,349,stanley,0.4,64.33590698242188,37.84309387207031,0.23912420868873596,-5.587876384489677e-05,0.35,0.0,-0.0011679355639474956,-0.006473451852798448,214,-1,5.924948600339032,168.94730759265582
1641,82.05000000000001,straightline,349,stanley,0.4,64.63284301757812,37.844337463378906,0.23869383335113525,-4.8200154137045466e-05,0.35,0.0,-0.001130515295428265,-0.006043076515197768,215,-1,5.947906100509886,168.65038480335343
1642,82.10000000000001,straightline,349,stanley,0.4,64.92964172363281,37.84557342529297,0.23832982778549194,-4.0783174339735274e-05,0.35,0.0,-0.0010997178494184731,-0.005679070949554417,215,-1,5.927961649693454,168.3535994955176
1643,82.15,straightline,349,stanley,0.4,65.22673034667969,37.84680938720703,0.238010436296463,-3.538293539329029e-05,0.35,0.0,-0.0010700976144157781,-0.005359679460525487,215,-1,5.950784769542249,168.0565243578579
1644,82.2,straightline,349,stanley,0.4,65.52367401123047,37.84804153442383,0.2377433478832245,-3.0269802912626052e-05,0.35,0.0,-0.0010437034397271505,-0.005092591047286975,215,-1,5.930831486596205,167.75959427577916
1645,82.25,straightline,349,stanley,0.4,65.8208999633789,37.84926986694336,0.23752395808696747,-2.6801016220024923e-05,0.35,0.0,-0.0010222701626262075,-0.00487320125102997,215,-1,5.953677223469336,167.46238204913877
1646,82.30000000000001,straightline,349,stanley,0.4,66.11798095703125,37.85049819946289,0.2373301237821579,-2.3315246244180424e-05,0.35,0.0,-0.0010002482800217153,-0.004679366946220391,215,-1,5.93373648740932,167.16531482333275
1647,82.35000000000001,straightline,349,stanley,0.4,66.41535949707031,37.85172653198242,0.23715776205062866,-2.110182795904928e-05,0.35,0.0,-0.0009794345876613497,-0.004507005214691146,215,-1,5.956570856222181,166.86795014109097
1648,82.4,straightline,349,stanley,0.4,66.71259307861328,37.85295486450195,0.2370087206363678,-1.8399711745477447e-05,0.35,0.0,-0.0009583205484911816,-0.004342705011336534,216,-1,5.938032131136548,166.57073046030803
1649,82.45,straightline,349,stanley,0.4,67.01011657714844,37.854183197021484,0.2368813008069992,-1.7403840879750476e-05,0.35,0.0,-0.0009381746976100387,-0.00421528518196742,216,-1,5.962418573933109,166.27322095253413
1650,82.5,straightline,349,stanley,0.4,67.30754089355469,37.85540771484375,0.23676560819149017,-1.562528484151162e-05,0.35,0.0,-0.0009214407560474296,-0.0040995925664958355,216,-1,5.944161165319999,165.97581073148817
1651,82.55000000000001,straightline,349,stanley,0.4,67.60529327392578,37.85663604736328,0.23665685951709747,-1.5026415250470771e-05,0.35,0.0,-0.0009022243432315706,-0.003990843892096334,216,-1,5.967659461261668,165.67807248552128
1652,82.60000000000001,straightline,349,stanley,0.4,67.90292358398438,37.85786437988281,0.23656129837036133,-1.4145398973170844e-05,0.35,0.0,-0.0008825122301142267,-0.0038952827453641423,216,-1,5.948393456032417,165.38045635663266
1653,82.65,straightline,349,stanley,0.4,68.20088195800781,37.859092712402344,0.23646143078804016,-1.3689110711322002e-05,0.35,0.0,-0.0008641323115571235,-0.003795415163011906,216,-1,5.971858969929428,165.08251225975894
1654,82.7,straightline,349,stanley,0.4,68.49874114990234,37.86031723022461,0.2363692820072174,-1.282082902458697e-05,0.35,0.0,-0.0008453123577050591,-0.003703266382203248,217,-1,5.952653168531868,164.78466745133076
1655,82.75,straightline,349,stanley,0.4,68.79691314697266,37.86154556274414,0.23628579080104828,-1.2720939221681152e-05,0.35,0.0,-0.0008277999146755542,-0.0036197751760177277,217,-1,5.976224200254075,164.48650987673008
1656,82.80000000000001,straightline,349,stanley,0.4,69.09498596191406,37.862770080566406,0.23620258271694183,-1.160187507165473e-05,0.35,0.0,-0.000813699380964583,-0.003536567091919732,217,-1,5.957069920623141,164.18845159145147
1657,82.85000000000001,straightline,349,stanley,0.4,69.39339447021484,37.86399841308594,0.23612792789936066,-1.1634073499836236e-05,0.35,0.0,-0.0007971473572692051,-0.003461912274347539,217,-1,5.9806703902224605,163.89005765515796
1658,82.9,straightline,349,stanley,0.4,69.69169616699219,37.8652229309082,0.23604926466941833,-1.0550161980078162e-05,0.35,0.0,-0.0007839762616235182,-0.003383249044421398,217,-1,5.961331084381755,163.59177063764298
1659,82.95,straightline,349,stanley,0.4,69.99052429199219,37.866451263427734,0.2359645813703537,-1.0134033133776677e-05,0.35,0.0,-0.0007691282077144945,-0.00329856574532416,217,-1,5.9877279259997,163.2929572561987
1660,83.0,straightline,349,stanley,0.4,70.28934478759766,37.8676872253418,0.23589932918548584,-1.0473211203825206e-05,0.35,0.0,-0.000746619840909647,-0.003233313560489456,217,-1,5.968870437219403,162.99415145301833
1661,83.05000000000001,straightline,349,stanley,0.4,70.58851623535156,37.868919372558594,0.23585239052772522,-1.0937875250716532e-05,0.35,0.0,-0.0007330976840297021,-0.0031863749026948703,218,-1,5.992889612869716,162.6949948569343
1662,83.10000000000001,straightline,349,stanley,0.4,70.88760375976562,37.87015151977539,0.23578356206417084,-1.0649296998125984e-05,0.35,0.0,-0.000715488327447843,-0.003117546439175902,218,-1,5.974081480944541,162.39592223890457
1663,83.15,straightline,349,stanley,0.4,71.18702697753906,37.87138748168945,0.23571008443832397,-1.1051261210339e-05,0.35,0.0,-0.0006954274808815767,-0.003044068813285967,218,-1,5.997883473522048,162.09651397237397
1664,83.2,straightline,349,stanley,0.4,71.48635864257812,37.87261962890625,0.23564410209655762,-1.074811183021766e-05,0.35,0.0,-0.0006788095249026874,-0.002978086471566372,218,-1,5.979151022582188,161.79719737020145
1665,83.25,straightline,349,stanley,0.4,71.78604125976562,37.87385177612305,0.2355751395225525,-1.0730677296993484e-05,0.15,0.0,-0.0006636167072905669,-0.002909123897542038,218,-1,6.003028735753759,161.49752992054695
1666,83.30000000000001,straightline,349,stanley,0.4,72.08547973632812,37.87508773803711,0.23550750315189362,-1.0672819810875083e-05,0.35,0.0,-0.0006436178232619863,-0.0028414875268838982,218,-1,5.976904187233162,161.1981065925682
1667,83.35000000000001,straightline,349,stanley,0.4,72.38436126708984,37.876312255859375,0.2354416698217392,-9.991127738186415e-06,0.35,0.0,-0.0006328013040483526,-0.0027756541967464627,218,-1,5.978132094576004,160.89924038536145
1668,83.4,straightline,349,stanley,0.4,72.68209075927734,37.877532958984375,0.23537182807922363,-9.269154553300725e-06,0.35,0.0,-0.0006172383531706082,-0.002705812454204189,219,-1,5.940248712355598,160.60152621002695
1669,83.45,straightline,349,stanley,0.4,72.97938537597656,37.878753662109375,0.23537182807922363,-1.0864179066828381e-05,0.35,0.0,-0.0006037923958511614,-0.002705812454204189,219,-1,5.95033693915184,160.3042469269816
1670,83.5,straightline,349,stanley,0.4,73.2760009765625,37.87997055053711,0.23524725437164307,-8.34477306859889e-06,0.35,0.0,-0.0005914037714181963,-0.00258123874663445,219,-1,5.920908463392427,160.00764670658492
1671,83.55000000000001,straightline,349,stanley,0.4,73.57251739501953,37.881187438964844,0.23519237339496613,-8.36874116014044e-06,0.35,0.0,-0.0005786123904902745,-0.002526357769973936,219,-1,5.937365202390303,159.71114572339073
1672,83.60000000000001,straightline,349,stanley,0.4,73.8686294555664,37.88240051269531,0.23513799905776978,-7.726347044575129e-06,0.35,0.0,-0.0005679936681271744,-0.0024719834327741855,219,-1,5.912829256511733,159.41504917624164
1673,83.65,straightline,349,stanley,0.4,74.16486358642578,37.88362121582031,0.23508356511592865,-8.343003363510431e-06,0.35,0.0,-0.0005502413144385788,-0.0024175494909110377,219,-1,5.932881084822723,159.11883052417642
1674,83.7,straightline,349,stanley,0.4,74.46104431152344,37.884639739990234,0.23576755821704865,-7.290338099101785e-06,0.35,0.0,-0.0007344493799830722,-0.0031015425920154728,219,-1,5.913593896818558,158.82266840662834
1675,83.75,straightline,349,stanley,0.4,74.75743865966797,37.88599395751953,0.2350078821182251,-2.5099662790804883e-06,0.35,0.0,-0.0005837660693991651,-0.0023418664931878583,220,-1,5.9355935628505625,158.52628766587355
1676,83.80000000000001,straightline,349,stanley,0.4,75.05353546142578,37.887393951416016,0.23737990856170654,-9.191500949879413e-05,0.35,0.0,-0.000386166759637352,-0.004713892936691045,220,-1,5.912540413823159,158.23020380320352
1677,83.85000000000001,straightline,349,stanley,0.4,75.34990692138672,37.8885498046875,0.2384430170059204,-0.00011719510056556283,0.35,0.0,-0.00043382138761726243,-0.005777001380888238,220,-1,5.93518081463419,157.93384909438709
1678,83.9,straightline,349,stanley,0.4,75.64612579345703,37.889732360839844,0.23849952220916748,-0.00011639942127635692,0.35,0.0,-0.00045415372952588447,-0.0058335065841301536,220,-1,5.915474856137943,157.63764661978198
1679,83.95,straightline,349,stanley,0.4,75.94264221191406,37.89092254638672,0.23820258677005768,-0.0001065775096349282,0.35,0.0,-0.0004680650092923951,-0.005536571145035293,220,-1,5.9386112811234835,157.3411465875866
1680,84.0,straightline,349,stanley,0.4,76.23902893066406,37.89214324951172,0.2380095273256302,-0.00010277433078915105,0.35,0.0,-0.0004509322809806552,-0.0053435117005957294,220,-1,5.917628671180331,157.04477584394792
1681,84.05000000000001,straightline,349,stanley,0.4,76.53571319580078,37.893287658691406,0.23805741965770721,-9.775803302751794e-05,0.35,0.0,-0.0005112328783547448,-0.0053914040326993335,221,-1,5.94789371688643,156.74810882755295
1682,84.10000000000001,straightline,349,stanley,0.4,76.83238220214844,37.89455795288086,0.23732376098632812,-8.391028133320324e-05,0.35,0.0,-0.0004456558014148135,-0.004657745361327734,221,-1,5.935129632112085,156.45145521070975
1683,84.15,straightline,349,stanley,0.4,77.12948608398438,37.89582061767578,0.2371535748243332,-8.543229022433613e-05,0.35,0.0,-0.0003894739884259034,-0.0044875591993296035,221,-1,5.960941091359446,156.15436695570287
1684,84.2,straightline,349,stanley,0.4,77.42665100097656,37.896915435791016,0.23853367567062378,-0.0001124581326423347,0.35,0.0,-0.0005013853213813112,-0.005867660045620859,221,-1,5.948826882767295,155.85722032466035
1685,84.25,straightline,349,stanley,0.4,77.7243423461914,37.898170471191406,0.23754721879959106,-8.956552785686685e-05,0.35,0.0,-0.00045521839772027725,-0.004881203174583548,221,-1,5.9738772509286,155.55954493712383
1686,84.30000000000001,straightline,349,stanley,0.4,78.02217102050781,37.899600982666016,0.23533810675144196,-5.062133270108768e-05,0.35,0.0,-0.00023413450947785725,-0.002672091126434056,221,-1,5.959905125244085,155.26172960119112
1687,84.35000000000001,straightline,349,stanley,0.4,78.32046508789062,37.90082550048828,0.23554041981697083,-5.79568592712235e-05,0.35,0.0,-0.00022093243256332724,-0.0028744041919780607,221,-1,5.985712109947609,154.96345217417587
1688,84.4,straightline,349,stanley,0.4,78.6187515258789,37.90205001831055,0.23555172979831696,-6.0085921692035545e-05,0.35,0.0,-0.0002038164484976174,-0.002885714173282698,222,-1,5.967915746616584,154.6651824495219
1689,84.45,straightline,349,stanley,0.4,78.91744995117188,37.90327453613281,0.2355121672153473,-6.0310949287791193e-05,0.35,0.0,-0.00019225637883175592,-0.0028461515903316584,222,-1,5.992630506845487,154.36650086130484
1690,84.5,straightline,349,stanley,0.4,79.21607208251953,37.90451431274414,0.23540258407592773,-6.009254603231733e-05,0.35,0.0,-0.00016512783322350532,-0.0027365684508990433,222,-1,5.975486894024762,154.06789539614934
1691,84.55000000000001,straightline,349,stanley,0.4,79.51544189453125,37.90571594238281,0.23514306545257568,-5.12437426257015e-05,0.15,0.0,-0.00017918211009675296,-0.002477049827585375,222,-1,6.007956554411195,153.76854300793315
1692,84.60000000000001,straightline,349,stanley,0.4,79.81513214111328,37.906982421875,0.23466229438781738,-4.284580159034154e-05,0.35,0.0,-0.0001296882814320621,-0.001996278762798249,222,-1,5.984259806881847,153.46886929236723
1693,84.65,straightline,349,stanley,0.4,80.11451721191406,37.90825271606445,0.23424313962459564,-3.6845702265519625e-05,0.35,0.0,-7.514053620016848e-05,-0.0015771239995999425,222,-1,5.989384261678086,153.16950073126665
1694,84.7,straightline,349,stanley,0.4,80.4151611328125,37.911048889160156,0.22277545928955078,0.00011901113582591118,0.15,0.0,0.001500161625068806,0.009890556335471987,222,-1,6.0052701135109166,152.86884974869483
1695,84.75,straightline,349,stanley,0.4,80.71550750732422,37.912052154541016,0.23260368406772614,-0.00013799845833224037,0.35,0.0,0.0012800327177375386,6.233155729513956e-05,223,-1,5.996427692731177,152.56852428825326
1696,84.80000000000001,straightline,349,stanley,0.4,81.01397705078125,37.91297149658203,0.23825252056121826,-0.00026840758200364555,0.35,0.0,0.000987348960389455,-0.005586504936211411,223,-1,5.942698259037128,152.27007683103375
1697,84.85000000000001,straightline,349,stanley,0.4,81.31114196777344,37.91399002075195,0.23705464601516724,-0.00021351193304658124,0.35,0.0,0.0007991443111642399,-0.004388630390158703,223,-1,5.938175306187099,151.97293237876985
1698,84.9,straightline,349,stanley,0.4,81.60702514648438,37.914981842041016,0.23570998013019562,-0.00015235965228478955,0.35,0.0,0.000589441854410183,-0.0030439645051886332,223,-1,5.902680470385892,151.67707001299883
1699,84.95,straightline,349,stanley,0.4,81.90139770507812,37.91574478149414,0.25268715620040894,-0.000589649891039781,0.35,0.0,0.00015699374007757932,-0.020021140575382602,223,-1,5.83522339431315,151.38272176529657
1700,85.0,straightline,349,stanley,0.4,82.1949462890625,37.9185676574707,0.2625758647918701,-0.0010548603570206673,0.35,0.0,0.0017878111420647934,-0.02990984916684906,223,-1,5.844803693676796,151.08916507935587
1701,85.05000000000001,straightline,349,stanley,0.4,82.4878921508789,37.92085266113281,0.2519374489784241,-0.0008730026609320623,0.35,0.0,0.002883208184588447,-0.019271433353416634,223,-1,5.856102063738943,150.7962195283332
1702,85.10000000000001,straightline,349,stanley,0.4,82.7801742553711,37.92250061035156,0.23965032398700714,-0.000575742651606067,0.35,0.0,0.0033481033512620297,-0.006984308361984689,224,-1,5.827805438390443,150.50394772764105
1703,85.15,straightline,349,stanley,0.4,83.07247924804688,37.923702239990234,0.22727440297603607,-0.0002225221248875452,0.35,0.0,0.0033627377293372167,0.005391612648995779,224,-1,5.8474151048123,150.21166014386148
1704,85.2,straightline,349,stanley,0.4,83.36505889892578,37.92613983154297,0.19973303377628326,0.00042583532085284874,0.35,0.0,0.004612208505304941,0.032932981848719664,224,-1,5.863082844546356,149.9190784821501
1705,85.25,straightline,349,stanley,0.4,83.6596450805664,37.92707824707031,0.19425611197948456,0.00061397143723431,0.35,0.0,0.004354367542865294,0.038409903645549345,224,-1,5.8977200059374075,149.62451428701286
1706,85.30000000000001,straightline,349,stanley,0.4,83.95361328125,37.927764892578125,0.1968674510717392,0.0005933381742285274,0.35,0.0,0.0038472681195115526,0.03579856455326297,224,-1,5.865785069278683,149.33057207819604
1707,85.35000000000001,straightline,349,stanley,0.4,84.24752807617188,37.928497314453125,0.2004677951335907,0.000542998176339904,0.35,0.0,0.0033861615548015944,0.03219822049140599,224,-1,5.882167251521382,149.03668264733705
1708,85.4,straightline,349,stanley,0.4,84.54098510742188,37.92948913574219,0.20344890654087067,0.0004785512313152353,0.35,0.0,0.0031863794016083954,0.029217109084151836,225,-1,5.857195484179638,148.74324690117493
1709,85.45,straightline,349,stanley,0.4,84.83352661132812,37.92998504638672,0.1514030247926712,0.0020417570617993143,0.35,0.0,0.002494340184853739,0.08126299083234556,225,-1,5.832383050535013,148.4507345555379
1710,85.5,straightline,349,stanley,0.4,85.124755859375,37.93193817138672,0.0824950709939003,0.003924813679717721,0.35,0.0,0.0032648320870933625,0.1501709446311028,225,-1,5.844533345985523,148.15951116999315
1711,85.55000000000001,straightline,349,stanley,0.4,85.42066192626953,37.93370819091797,0.05202840641140938,0.004741485327151994,0.35,0.0,0.003833228512484811,0.18063760921360997,225,-1,5.982117732563133,147.8636145341233
1712,85.60000000000001,straightline,349,stanley,0.4,85.71764373779297,37.93507766723633,-0.0032958984375,0.006297527108905323,0.35,0.0,0.003996716668552936,0.23596191406252998,225,-1,5.891127843218434,147.566648754255
1713,85.65,straightline,349,stanley,0.4,86.01799011230469,37.93617630004883,-0.0327758751809597,0.0071649455818288636,0.15,0.0,0.00387570081230357,0.2654418908059864,225,-1,6.05533822397588,147.26632325750046
1714,85.7,straightline,349,stanley,0.4,86.3172836303711,37.93741989135742,-0.08038330078125,0.008514492579799927,0.35,0.0,0.0039039176720671444,0.31304931640626277,225,-1,5.948061939130914,146.96704825019458
1715,85.75,straightline,349,stanley,0.4,86.61664581298828,37.93796157836914,-0.0816039964556694,0.008628167723469766,0.15,0.0,0.0032300254507977547,0.3142700120806828,226,-1,6.026202785414403,146.6677159499615
1716,85.80000000000001,straightline,349,stanley,0.4,86.91400146484375,37.938873291015625,-0.1070861741900444,0.009381479831808596,0.35,0.0,0.0029342356270737396,0.33975218981506144,226,-1,5.898718595658028,146.37038408884368
1717,85.85000000000001,straightline,349,stanley,0.4,87.21136474609375,37.93980407714844,-0.1044616550207138,0.009341794775895583,0.35,0.0,0.002657488151148333,0.3371276706457479,226,-1,5.9917382470139176,146.07304439438388
1718,85.9,straightline,349,stanley,0.4,87.50679779052734,37.940940856933594,-0.1247863918542862,0.009923771948180247,0.35,0.0,0.0025945708901686355,0.35745240747931173,226,-1,5.875582679844864,145.77763146115018
1719,85.95,straightline,349,stanley,0.4,87.80260467529297,37.942047119140625,-0.1065673679113388,0.009417951807607506,0.35,0.0,0.0024996182205077174,0.33923338353634575,226,-1,5.964248841928853,145.48184532052707
1720,86.0,straightline,349,stanley,0.4,88.0970687866211,37.943511962890625,-0.12185666710138321,0.009819090974395712,0.35,0.0,0.0027686968406312267,0.3545226827264142,226,-1,5.845857918920495,145.18739606291723
1721,86.05000000000001,straightline,349,stanley,0.4,88.393310546875,37.94473648071289,-0.1156616136431694,0.009647361006228613,0.35,0.0,0.00279023287886447,0.3483276292681679,226,-1,5.993201691316016,144.89117336284562
1722,86.10000000000001,straightline,349,stanley,0.4,88.68922424316406,37.94597244262695,-0.1348876804113388,0.010187188909144015,0.35,0.0,0.0028284280349807627,0.36755369603634813,227,-1,5.89186499150217,144.59527858603653
1723,86.15,straightline,349,stanley,0.4,88.98612213134766,37.94707489013672,-0.1174316257238388,0.009705148413604162,0.35,0.0,0.002725230378061834,0.3500976413488574,227,-1,5.995488109555615,144.29840200782292
1724,86.2,straightline,349,stanley,0.4,89.28240203857422,37.948299407958984,-0.1312560886144638,0.010091967251527988,0.35,0.0,0.002746611509950863,0.36392210423946325,227,-1,5.881175876165984,144.00214143577847
1725,86.25,straightline,349,stanley,0.4,89.58199310302734,37.94913864135742,-0.12261959165334702,0.009894823284863258,0.15,0.0,0.00236926552399959,0.3552856072783537,227,-1,6.05562878219161,143.70257652569202
1726,86.30000000000001,straightline,349,stanley,0.4,89.88128662109375,37.95027160644531,-0.1383972316980362,0.01035064944181378,0.35,0.0,0.002286857075171944,0.3710632473230689,227,-1,5.962209495611975,143.40330443413393
1727,86.35000000000001,straightline,349,stanley,0.4,90.18106842041016,37.95148468017578,-0.1244201734662056,0.009954899758940603,0.15,0.0,0.0022825738072216567,0.3570861890912094,227,-1,6.037456894805674,143.10354291366585
1728,86.4,straightline,349,stanley,0.4,90.47869873046875,37.95281219482422,-0.14337158203125,0.010477100003335637,0.35,0.0,0.0024014672314897493,0.37603759765625494,227,-1,5.8932433333182495,142.80593081182423
1729,86.45,straightline,349,stanley,0.4,90.7764663696289,37.95423126220703,-0.138580322265625,0.01032233319115537,0.35,0.0,0.002607608566697798,0.3712463378906468,228,-1,5.997383597249787,142.50817998421874
1730,86.5,straightline,349,stanley,0.4,91.07225036621094,37.9559440612793,-0.159088134765625,0.010845428717764427,0.35,0.0,0.003119280705188376,0.39175415039066086,228,-1,5.876997121879229,142.21240778466031
1731,86.55000000000001,straightline,349,stanley,0.4,91.36870574951172,37.957366943359375,-0.14556884765625,0.010440687255806144,0.35,0.0,0.0033383118901955194,0.3782348632812819,228,-1,5.9721809581568195,141.9159691337569
1732,86.60000000000001,straightline,349,stanley,0.4,91.66404724121094,37.958866119384766,-0.165069580078125,0.01095665840260224,0.35,0.0,0.0036381596567235195,0.39773559570313527,228,-1,5.85021390974325,141.62064304892002
1733,86.65,straightline,349,stanley,0.4,91.96136474609375,37.9601936340332,-0.1634216010570526,0.010906820701429117,0.15,0.0,0.0037583233130141676,0.3960876166820715,228,-1,6.0028623087496245,141.32334413625426
1734,86.7,straightline,349,stanley,0.4,92.2582015991211,37.96161651611328,-0.18298335373401642,0.011434725563466329,0.35,0.0,0.003975805434579172,0.4156493693590324,228,-1,5.903777125567095,141.02652432283176
1735,86.75,straightline,349,stanley,0.4,92.55546569824219,37.96286392211914,-0.1658630222082138,0.010946562833285545,0.35,0.0,0.004019960903550759,0.3985290378332178,229,-1,5.982770896786677,140.72928031563376
1736,86.80000000000001,straightline,349,stanley,0.4,92.8508071899414,37.964271545410156,-0.181243896484375,0.011352470053381358,0.35,0.0,0.0042282566905549905,0.4139099121093815,229,-1,5.846968654381532,140.43395608846964
1737,86.85000000000001,straightline,349,stanley,0.4,93.14746856689453,37.96554946899414,-0.1750487983226776,0.011178487365164302,0.35,0.0,0.004301494080390745,0.40771481394770126,229,-1,5.986424552849258,140.13731440081114
1738,86.9,straightline,349,stanley,0.4,93.4435043334961,37.96694564819336,-0.19317626953125,0.011667622647399583,0.35,0.0,0.0044955265744898104,0.425842285156289,229,-1,5.895677994990848,139.84129636358062
1739,86.95,straightline,349,stanley,0.4,93.74115753173828,37.968170166015625,-0.1755981296300888,0.011172566651460695,0.15,0.0,0.004511331077987135,0.4082641452550984,229,-1,6.002683094817806,139.54366407051214
1740,87.0,straightline,349,stanley,0.4,94.03811645507812,37.969573974609375,-0.1903991550207138,0.011563019768613835,0.35,0.0,0.004709244170183202,0.4230651706457219,229,-1,5.878594053177221,139.24672306184908
1741,87.05000000000001,straightline,349,stanley,0.4,94.33597564697266,37.97105026245117,-0.18603515625,0.011419697671276995,0.35,0.0,0.004975980123112135,0.4187011718749896,229,-1,5.998450407572894,138.94888078921258
1742,87.10000000000001,straightline,349,stanley,0.4,94.63223266601562,37.97247314453125,-0.2088623046875,0.015256574031097475,0.35,0.0,0.005855233850810068,0.5567779541015626,230,-1,5.886168713538181,138.65264144756324
1743,87.15,straightline,349,stanley,0.4,94.9295425415039,37.973636627197266,-0.1874084323644638,0.014725039202587739,0.35,0.0,0.005213359252831267,0.5353240817785263,230,-1,5.989729645692314,138.3553538393057
1744,87.2,straightline,349,stanley,0.4,95.22586822509766,37.97509002685547,-0.1881103515625,0.014772027030927207,0.35,0.0,0.004867372547806551,0.5360260009765625,230,-1,5.869594076586871,138.0590455184302
1745,87.25,straightline,349,stanley,0.4,95.52422332763672,37.97663116455078,-0.16607666015625,0.014185744600268361,0.15,0.0,0.00459679915097851,0.5139923095703125,230,-1,6.023061910559352,137.76070667962034
1746,87.30000000000001,straightline,349,stanley,0.4,95.82206726074219,37.978389739990234,-0.1658935397863388,0.014177610343883738,0.35,0.0,0.004546763431148472,0.5138091892004014,230,-1,5.923103647337495,137.46287536151686
1747,87.35000000000001,straightline,349,stanley,0.4,96.12034606933594,37.98006820678711,-0.132598876953125,0.013247515355336395,0.15,0.0,0.0044139798789196456,0.48051452636718744,230,-1,6.003087600622586,137.1646106589396
1748,87.4,straightline,349,stanley,0.4,96.41651916503906,37.9819450378418,-0.1344299167394638,0.01327915595439248,0.35,0.0,0.00449234331364088,0.48234556615352636,230,-1,5.85811040448851,136.86844809866935
1749,87.45,straightline,349,stanley,0.4,96.71269989013672,37.98371124267578,-0.1142272800207138,0.01938772795153468,0.35,0.0,0.0033194744132892494,0.6913299411535264,231,-1,5.962378610377871,136.57227985344443
1750,87.5,straightline,349,stanley,0.4,97.00666809082031,37.9859733581543,-0.10446164011955261,0.019179512630160676,0.35,0.0,0.0026205770853873446,0.6815643012523652,231,-1,5.841562478135616,136.27831549003935
1751,87.55000000000001,straightline,349,stanley,0.4,97.301025390625,37.988502502441406,-0.040954578667879105,0.017417669163294434,0.35,0.0,0.0021847759479009968,0.6180572398006917,231,-1,5.933457694716018,135.98395760890796
1752,87.60000000000001,straightline,349,stanley,0.4,97.5941390991211,37.99124526977539,-0.009216309525072575,0.01652934016357516,0.35,0.0,0.0019751126857564666,0.5863189706578851,231,-1,5.809275011722267,135.69083955797325
1753,87.65,straightline,349,stanley,0.4,97.88934326171875,37.993831634521484,0.034791797399520874,0.015320268231917667,0.35,0.0,0.0015879993576364245,0.5423108637332916,231,-1,5.964829916024929,135.39563404921162
1754,87.7,straightline,349,stanley,0.4,98.18447875976562,37.99639129638672,0.044152963906526566,0.015096228125536069,0.35,0.0,0.0011748761042910012,0.532949697226286,231,-1,5.876880070293164,135.10049769294824
1755,87.75,straightline,349,stanley,0.4,98.48138427734375,37.9987678527832,0.08042274415493011,0.020728868676478218,0.35,0.0,8.90696351169111e-05,0.7258516699075699,232,-1,5.981622221997625,134.80359473708717
1756,87.80000000000001,straightline,349,stanley,0.4,98.77770233154297,38.001976013183594,0.09805957227945328,0.020332059924088486,0.35,0.0,-0.0008727800784527765,0.7082148417830467,232,-1,5.870603363694151,134.5072650352459
1757,87.85000000000001,straightline,349,stanley,0.4,99.076171875,38.005680084228516,0.150847390294075,0.018875273818047163,0.15,0.0,-0.00136904331378843,0.655427023768425,232,-1,6.025117766853554,134.2087757236493
1758,87.9,straightline,349,stanley,0.4,99.37421417236328,38.009681701660156,0.1822228580713272,0.01800253684247887,0.35,0.0,-0.001561777552977929,0.6240515559911728,232,-1,5.928759393396569,133.91070853278296
1759,87.95,straightline,349,stanley,0.4,99.67271423339844,38.013633728027344,0.2448367029428482,0.01623846282860963,0.15,0.0,-0.0018105394499017798,0.5614377111196518,232,-1,6.0063082049312415,133.61218450034428
1760,88.0,straightline,349,stanley,0.4,99.96910858154297,38.01780319213867,0.26735958456993103,0.015599927169750196,0.35,0.0,-0.001812254216040073,0.538914829492569,232,-1,5.864185638453614,133.31576216970674
1761,88.05000000000001,straightline,349,stanley,0.4,100.26545715332031,38.02187728881836,0.3088396191596985,0.014421949290111735,0.35,0.0,-0.0019086828210626936,0.4974347949028015,232,-1,5.964983137995859,133.0193872441553
1762,88.10000000000001,straightline,349,stanley,0.4,100.55958557128906,38.02609634399414,0.3167138397693634,0.019264081134250696,0.35,0.0,-0.0033121885722262254,0.6612524688243689,233,-1,5.843541334518878,132.72522967768438
1763,88.15,straightline,349,stanley,0.4,100.85432434082031,38.03045654296875,0.3685636520385742,0.017850782453131597,0.35,0.0,-0.0039831975427882405,0.6094026565551749,233,-1,5.937545908534874,132.43045944056124
1764,88.2,straightline,349,stanley,0.4,101.1478042602539,38.034996032714844,0.3936717212200165,0.017195841134262802,0.35,0.0,-0.004453455926970882,0.5842945873737412,233,-1,5.812445711835268,132.13694480676338
1765,88.25,straightline,349,stanley,0.4,101.44313049316406,38.039493560791016,0.4387524425983429,0.0159542325256656,0.35,0.0,-0.004997182568448839,0.5392138659954081,233,-1,5.969837248258704,131.84158484908787
1766,88.30000000000001,straightline,349,stanley,0.4,101.7383804321289,38.04444885253906,0.4574495851993561,0.01543724121362148,0.35,0.0,-0.005081910041558053,0.5205167233943874,233,-1,5.886210532613012,131.54629334532234
1767,88.35000000000001,straightline,349,stanley,0.4,102.03551483154297,38.049461364746094,0.5038768649101257,0.014107051281273129,0.35,0.0,-0.005141589179485483,0.47408944368359374,233,-1,5.994527869066652,131.24911667808502
1768,88.4,straightline,349,stanley,0.4,102.33222198486328,38.054649353027344,0.5116922855377197,0.013880635901542829,0.35,0.0,-0.005016606293074582,0.4662740230560149,234,-1,5.881459456658402,130.95236419274175
1769,88.45,straightline,349,stanley,0.4,102.63121795654297,38.05973815917969,0.5356108546257019,0.013184433629197091,0.15,0.0,-0.0050317757345713,0.44235545396804743,234,-1,6.03777345996913,130.65332492052167
1770,88.5,straightline,349,stanley,0.4,102.92980194091797,38.064945220947266,0.5347141027450562,0.01320689304735105,0.35,0.0,-0.004921675027343389,0.44325220584866115,234,-1,5.940079885382449,130.3546955525257
1771,88.55000000000001,straightline,349,stanley,0.4,103.22880554199219,38.07000732421875,0.5665755271911621,0.01229412324636851,0.15,0.0,-0.004963673677731546,0.41139078140256713,234,-1,6.017870924443363,130.05564910877123
1772,88.60000000000001,straightline,349,stanley,0.4,103.52568817138672,38.07521057128906,0.5627411603927612,0.012401759571496054,0.35,0.0,-0.004828348549866176,0.415225148200972,234,-1,5.874656377437824,129.7587209121443
1773,88.65,straightline,349,stanley,0.4,103.82252502441406,38.080284118652344,0.5820318460464478,0.011840771726948385,0.35,0.0,-0.004821922929422765,0.39593446254728304,234,-1,5.975938523020708,129.46184070367863
1774,88.7,straightline,349,stanley,0.4,104.11711883544922,38.085472106933594,0.5722132325172424,0.012114520742063884,0.35,0.0,-0.0046627890375641225,0.4057530760764768,234,-1,5.853868636472104,129.1672012517107
1775,88.75,straightline,349,stanley,0.4,104.41233825683594,38.09049987792969,0.5950849056243896,0.011453783823458472,0.35,0.0,-0.004672607633167618,0.3828814029693514,235,-1,5.949007922893283,128.87193902122365
1776,88.80000000000001,straightline,349,stanley,0.4,104.70645904541016,38.09567642211914,0.5828713178634644,0.011796061518733587,0.35,0.0,-0.004516842664470645,0.3950949907302809,235,-1,5.826389310961424,128.57777271840075
1777,88.85000000000001,straightline,349,stanley,0.4,105.00257873535156,38.10076141357422,0.5900652408599854,0.011574176535689536,0.35,0.0,-0.004486734149083762,0.38790106773375066,235,-1,5.980093355416847,128.2816093724052
1778,88.9,straightline,349,stanley,0.4,105.29843139648438,38.10594940185547,0.574747622013092,0.01200361797061425,0.35,0.0,-0.004349086188917409,0.4032186865806673,235,-1,5.8950822133257725,127.98571125476396
1779,88.95,straightline,349,stanley,0.4,105.59603881835938,38.11099624633789,0.5949113368988037,0.011422474047044094,0.15,0.0,-0.004382511554148646,0.383054971694916,235,-1,6.002990967003547,127.68806104677927
1780,89.0,straightline,349,stanley,0.4,105.89302825927734,38.11620330810547,0.5817150473594666,0.011794016309853609,0.35,0.0,-0.004245195333443836,0.3962512612342592,235,-1,5.88251323145538,127.39102598949583
1781,89.05000000000001,straightline,349,stanley,0.4,106.19087982177734,38.12129211425781,0.5928818583488464,0.011465157784499969,0.15,0.0,-0.004240832109765743,0.3850844502448959,235,-1,6.00100498075673,127.09313095898484
1782,89.10000000000001,straightline,349,stanley,0.4,106.48677825927734,38.126487731933594,0.5791420936584473,0.011851325562918654,0.35,0.0,-0.004094417856786468,0.3988242149352768,236,-1,5.8750367227033395,126.79718694141788
1783,89.15,straightline,349,stanley,0.4,106.78227996826172,38.13151550292969,0.6010220646858215,0.011222697611036421,0.35,0.0,-0.004110973826041489,0.37694424390793924,236,-1,5.944198884506339,126.50164246452421
1784,89.2,straightline,349,stanley,0.4,107.07535552978516,38.13667297363281,0.5893044471740723,0.011551325037135546,0.35,0.0,-0.003956439731096962,0.38866186141964804,236,-1,5.799662979039667,126.20852156262944
1785,89.25,straightline,349,stanley,0.4,107.36943817138672,38.14171600341797,0.5977804660797119,0.011296469779734603,0.35,0.0,-0.003933518629178871,0.3801858425140455,236,-1,5.9345651684823135,125.91439568473592
1786,89.30000000000001,straightline,349,stanley,0.4,107.66275024414062,38.14687728881836,0.5801929235458374,0.011788651208065444,0.35,0.0,-0.003779207143448049,0.39777338504792276,236,-1,5.840627638530367,125.62103824114459
1787,89.35000000000001,straightline,349,stanley,0.4,107.95761108398438,38.15188980102539,0.5979233980178833,0.011276757789831381,0.35,0.0,-0.0038000813865615244,0.38004291057584905,236,-1,5.947402034435238,125.32613480054412
1788,89.4,straightline,349,stanley,0.4,108.25193786621094,38.157047271728516,0.5826433300971985,0.011706640112964796,0.35,0.0,-0.0036669030055414536,0.39532297849653003,236,-1,5.832239801522141,125.03176286113653
1789,89.45,straightline,349,stanley,0.4,108.54855346679688,38.16211700439453,0.5881649255752563,0.011537087902275497,0.35,0.0,-0.0036587261129460927,0.3898013830185042,237,-1,5.9908308938946515,124.7351039379674
1790,89.5,straightline,349,stanley,0.4,108.84500885009766,38.16729736328125,0.5725437998771667,0.011975758029036922,0.35,0.0,-0.003538993639616647,0.4054225087165815,237,-1,5.907759226152686,124.43860331739499
1791,89.55000000000001,straightline,349,stanley,0.4,109.14324951171875,38.172332763671875,0.5926576852798462,0.011400080317403418,0.15,0.0,-0.003594669504345205,0.3853086233139089,237,-1,6.015965035723394,124.14032015762396
1792,89.60000000000001,straightline,349,stanley,0.4,109.44090270996094,38.17753219604492,0.5795755386352539,0.01176867473801933,0.35,0.0,-0.0034763105126199585,0.3983907699584691,237,-1,5.895957634411753,123.84262157112869
1793,89.65,straightline,349,stanley,0.4,109.73941040039062,38.18260955810547,0.5909022688865662,0.011439466645936437,0.15,0.0,-0.003494588441742683,0.38706403970718456,237,-1,6.013989982379047,123.544070704189
1794,89.7,straightline,349,stanley,0.4,110.03597259521484,38.187801361083984,0.5772930979728699,0.011822034375518209,0.35,0.0,-0.003365236592395628,0.4006732106208755,237,-1,5.888348160857971,123.24746309218762
1795,89.75,straightline,349,stanley,0.4,110.3321533203125,38.19282531738281,0.599229097366333,0.011194260262822706,0.35,0.0,-0.0033952767683350475,0.3787372112273996,238,-1,5.957327982819321,122.95123976348769
1796,89.80000000000001,straightline,349,stanley,0.4,110.62588500976562,38.19797897338867,0.5876228213310242,0.011519422289640051,0.35,0.0,-0.003255755543013163,0.39034348726269086,238,-1,5.812925910643058,122.65746289545075
1797,89.85000000000001,straightline,349,stanley,0.4,110.92060089111328,38.20301818847656,0.5963253378868103,0.011261601779249949,0.35,0.0,-0.0032474566574142213,0.3816409707069153,238,-1,5.946917980382893,122.3627039356094
1798,89.9,straightline,349,stanley,0.4,111.21453094482422,38.20817184448242,0.5788545608520508,0.011751272666803042,0.35,0.0,-0.00311132109405597,0.39911174774168506,238,-1,5.853026534082142,122.06872873243651
1799,89.95,straightline,349,stanley,0.4,111.51002502441406,38.21317672729492,0.5966371893882751,0.011241296045585516,0.35,0.0,-0.00315063169507768,0.38132911920547435,238,-1,5.95953400159638,121.7731922748798
1800,90.0,straightline,349,stanley,0.4,111.80494689941406,38.21833419799805,0.5814154148101807,0.011669240311026535,0.35,0.0,-0.0030276102999485114,0.3965508937835713,238,-1,5.844398057094156,121.47822533018844
1801,90.05000000000001,straightline,349,stanley,0.4,112.10213470458984,38.22340393066406,0.5870662927627563,0.011499224497701825,0.15,0.0,-0.003030988838414463,0.3909000158309922,238,-1,6.002427822125425,121.18099428601147
1802,90.10000000000001,straightline,349,stanley,0.4,112.39892578125,38.228572845458984,0.5720563530921936,0.01192240763827269,0.35,0.0,-0.002930323196984233,0.40590995550153175,239,-1,5.904362461025791,120.88415821719474
1803,90.15,straightline,349,stanley,0.4,112.69613647460938,38.23358917236328,0.5929482579231262,0.011327497337473276,0.35,0.0,-0.002987490371000899,0.3850180506706343,239,-1,5.982707465936171,120.58690520096533
1804,90.2,straightline,349,stanley,0.4,112.99141693115234,38.23875045776367,0.5807391405105591,0.011670439333784912,0.35,0.0,-0.002866775069370749,0.39722716808318304,239,-1,5.846273762608267,120.29157966203968
1805,90.25,straightline,349,stanley,0.4,113.28800201416016,38.243812561035156,0.5894235968589783,0.011414923494445084,0.35,0.0,-0.0028674946873561416,0.38854271173476806,239,-1,5.985470624518852,119.99495138237822
1806,90.30000000000001,straightline,349,stanley,0.4,113.58394622802734,38.248985290527344,0.5733842849731445,0.011864633710162888,0.35,0.0,-0.002746665906760121,0.40458202362060697,239,-1,5.8940097467865735,119.69896198758784
1807,90.35000000000001,straightline,349,stanley,0.4,113.88145446777344,38.25400924682617,0.5927045941352844,0.011313187721669867,0.15,0.0,-0.0028012832905440627,0.38526171445847146,239,-1,6.000144708614479,119.4014113379556
1808,90.4,straightline,349,stanley,0.4,114.17825317382812,38.25918197631836,0.5786792635917664,0.01170840461193503,0.35,0.0,-0.002695038899945233,0.3992870450019792,239,-1,5.8784673834225005,119.10456757581797
1809,90.45,straightline,349,stanley,0.4,114.47587585449219,38.26424026489258,0.5891981720924377,0.011404187993729624,0.35,0.0,-0.002715362959703132,0.3887681365013053,240,-1,5.996230130077764,118.8069019152183
1810,90.5,straightline,349,stanley,0.4,114.77173614501953,38.2694091796875,0.5742782950401306,0.011822984385713298,0.35,0.0,-0.0025969159252500467,0.4036880135535935,240,-1,5.883189007583157,118.51099649682087
1811,90.55000000000001,straightline,349,stanley,0.4,115.0684814453125,38.27442169189453,0.5940489172935486,0.01125919425539574,0.35,0.0,-0.0026499539570180412,0.3839173913002014,240,-1,5.980897417337167,118.21420887073609
1812,90.60000000000001,straightline,349,stanley,0.4,115.36426544189453,38.27958297729492,0.5802438259124756,0.011647048188248275,0.35,0.0,-0.002537833028064809,0.39772248268125904,240,-1,5.860706673066013,117.91837986556932
1813,90.65,straightline,349,stanley,0.4,115.66209411621094,38.28465270996094,0.5869169235229492,0.011450727890901164,0.15,0.0,-0.002552149859028654,0.3910493850708,240,-1,6.0138204562452335,117.62050804579958
1814,90.7,straightline,349,stanley,0.4,115.95940399169922,38.289825439453125,0.5719305276870728,0.011872785189971277,0.35,0.0,-0.002454630058874573,0.4060357809066766,240,-1,5.914397231685775,117.32315318904118
1815,90.75,straightline,349,stanley,0.4,116.25712585449219,38.29484939575195,0.5927744507789612,0.011280082471963283,0.35,0.0,-0.0025128935401578113,0.38519185781480153,240,-1,5.992207381825139,117.0253889474322
1816,90.80000000000001,straightline,349,stanley,0.4,116.5528564453125,38.300010681152344,0.5805498957633972,0.011622913515698455,0.35,0.0,-0.002397941770588014,0.39741641283033563,241,-1,5.855460453566824,116.72961334033103
1817,90.85000000000001,straightline,349,stanley,0.4,116.84986114501953,38.30506134033203,0.5893218517303467,0.01136822053668026,0.35,0.0,-0.0024172657905714304,0.3886444568633812,241,-1,5.993517342767954,116.4325657007691
1818,90.9,straightline,349,stanley,0.4,117.14620208740234,38.31023025512695,0.5731812119483948,0.011821247304968953,0.35,0.0,-0.0023070224754917637,0.4047850966453421,241,-1,5.901960330395382,116.13617970092459
1819,90.95,straightline,349,stanley,0.4,117.44410705566406,38.315250396728516,0.5923516154289246,0.011276112306263414,0.15,0.0,-0.002372225324792059,0.3856146931648323,241,-1,6.007953585817484,115.83823244569773
1820,91.0,straightline,349,stanley,0.4,117.74129486083984,38.3204231262207,0.5782563090324402,0.011673098198946045,0.35,0.0,-0.002272622040352666,0.3997099995612859,241,-1,5.886311645424301,115.54099964154267
1821,91.05000000000001,straightline,349,stanley,0.4,118.03931427001953,38.325477600097656,0.5887407064437866,0.0113721747420016,0.15,0.0,-0.0023054508818686602,0.38922560214993046,241,-1,6.003858732199054,115.2429373754464
1822,91.10000000000001,straightline,349,stanley,0.4,118.33535766601562,38.33063888549805,0.5743950009346008,0.011775235480378007,0.35,0.0,-0.002195838040779975,0.40357130765914956,242,-1,5.8777490707293865,114.94684900899078
1823,91.15,straightline,349,stanley,0.4,118.6310043334961,38.33563232421875,0.5957818031311035,0.011167226252648875,0.35,0.0,-0.002249195421925589,0.38218450546261634,242,-1,5.946620141082109,114.65116018106905
1824,91.2,straightline,349,stanley,0.4,118.9241943359375,38.340763092041016,0.5837856531143188,0.011501950578539184,0.35,0.0,-0.0021233135846221484,0.3941806554794102,242,-1,5.801740278084026,114.3579253131056
1825,91.25,straightline,349,stanley,0.4,119.2183837890625,38.34571075439453,0.5919250249862671,0.011272148272854537,0.35,0.0,-0.002197569071180878,0.3860412836074867,242,-1,5.9364841101000865,114.0636942689307
1826,91.30000000000001,straightline,349,stanley,0.4,119.5117416381836,38.35074234008789,0.5740862488746643,0.011783041993808306,0.35,0.0,-0.0021737197060860023,0.4038800597190607,242,-1,5.842785563704607,113.77029327343897
1827,91.35000000000001,straightline,349,stanley,0.4,119.80654907226562,38.35560989379883,0.5920336842536926,0.011284132066274969,0.35,0.0,-0.0023386198052099535,0.3859326243400568,242,-1,5.947317960925028,113.47544570742006
1828,91.4,straightline,349,stanley,0.4,120.10074615478516,38.360782623291016,0.5782460570335388,0.011666057984502723,0.35,0.0,-0.0021879711557803907,0.3997202515601842,242,-1,5.836347888867425,113.18120318929881
1829,91.45,straightline,349,stanley,0.4,120.39722442626953,38.36593246459961,0.5860657095909119,0.011426252155826587,0.35,0.0,-0.0020972231522253942,0.3919005990028273,243,-1,5.994444545460244,112.8846802064332
1830,91.5,straightline,349,stanley,0.4,120.6936264038086,38.3712043762207,0.571995735168457,0.011807858596090114,0.35,0.0,-0.001885039756383041,0.4059705734252758,243,-1,5.914444809421297,112.58823142093514
1831,91.55000000000001,straightline,349,stanley,0.4,120.99191284179688,38.37629699707031,0.5936673283576965,0.011184797806710393,0.15,0.0,-0.0018842848038822888,0.38429898023603637,243,-1,6.0238484874189115,112.28990151318425
1832,91.60000000000001,straightline,349,stanley,0.4,121.2896957397461,38.38152313232422,0.5817712545394897,0.011512918732353931,0.35,0.0,-0.00174144052308658,0.3961950540542325,243,-1,5.906508323385536,111.99207279111819
1833,91.65,straightline,349,stanley,0.4,121.5884017944336,38.38663101196289,0.5944651365280151,0.011145466061168103,0.15,0.0,-0.0017325909814602438,0.38350117206572126,243,-1,6.025374228173186,111.69332306723258
1834,91.7,straightline,349,stanley,0.4,121.88526916503906,38.39185333251953,0.5817389488220215,0.011495855432261313,0.35,0.0,-0.0015779347101137747,0.3962273597717177,243,-1,5.901774835636915,111.39640980427443
1835,91.75,straightline,349,stanley,0.4,122.1818618774414,38.3968620300293,0.6039648056030273,0.010864672507957257,0.35,0.0,-0.001632182528114215,0.3740015029907244,243,-1,5.973596318313844,111.09977480852824
1836,91.80000000000001,straightline,349,stanley,0.4,122.47623443603516,38.40198516845703,0.5919960737228394,0.01120020225687968,0.35,0.0,-0.0015361377711180964,0.385970234870905,244,-1,5.831802773910491,110.80535768785158
1837,91.85000000000001,straightline,349,stanley,0.4,122.77174377441406,38.40699768066406,0.5990922451019287,0.01099701302820652,0.35,0.0,-0.0015680805244972975,0.37887406349181246,244,-1,5.968346738930779,110.50980584288735
1838,91.9,straightline,349,stanley,0.4,123.06674194335938,38.4122314453125,0.5802795886993408,0.01151511448276799,0.35,0.0,-0.001370078475264712,0.3976867198944164,244,-1,5.8776111407496625,110.2147613136718
1839,91.95,straightline,349,stanley,0.4,123.36346435546875,38.4173583984375,0.5964033603668213,0.01104489448989208,0.35,0.0,-0.0013083016060566042,0.38156294822690434,244,-1,5.9868041706971855,109.91799461728172
1840,92.0,straightline,349,stanley,0.4,123.65975952148438,38.42265701293945,0.5801670551300049,0.011484696298661333,0.35,0.0,-0.0010675961703409927,0.3977992534637457,244,-1,5.87438526531443,109.62165217313138
1841,92.05000000000001,straightline,349,stanley,0.4,123.95836639404297,38.42782211303711,0.5852506756782532,0.011328992196006558,0.15,0.0,-0.0009998416738965354,0.3927156329154699,244,-1,6.031617943076343,109.32300063981619
1842,92.10000000000001,straightline,349,stanley,0.4,124.25666046142578,38.433101654052734,0.5694344639778137,0.011761948161574776,0.35,0.0,-0.0008123240012983604,0.4085318446159316,244,-1,5.935928043995555,109.02465991201917
1843,92.15,straightline,349,stanley,0.4,124.55549621582031,38.4382209777832,0.5896615982055664,0.011180654402686565,0.15,0.0,-0.000792326420716168,0.3883047103881725,245,-1,6.016440863110009,108.72578031197834
1844,92.2,straightline,349,stanley,0.4,124.85234069824219,38.44347381591797,0.5768305659294128,0.011528615282040187,0.35,0.0,-0.0006067663633535078,0.4011357426643118,245,-1,5.877972147620332,108.42888941410047
1845,92.25,straightline,349,stanley,0.4,125.14926147460938,38.44858932495117,0.5895876884460449,0.011157819579768536,0.35,0.0,-0.0005598175808762939,0.38837862014768126,245,-1,5.981204767214725,108.13192457814534
1846,92.30000000000001,straightline,349,stanley,0.4,125.4440689086914,38.45384979248047,0.5748299956321716,0.011555248217005399,0.35,0.0,-0.0003318610963242985,0.40313631296155156,245,-1,5.862374585637607,107.83707030194304
1847,92.35000000000001,straightline,349,stanley,0.4,125.7396240234375,38.458946228027344,0.5934565663337708,0.0110168219978334,0.35,0.0,-0.0002806740413505808,0.384509742259958,245,-1,5.961455306384838,107.54147125432951
1848,92.4,straightline,349,stanley,0.4,126.03425598144531,38.464149475097656,0.5779306888580322,0.011441574964835574,0.35,0.0,-0.00010693467197474965,0.40003561973569685,245,-1,5.842046700565214,107.24679340585857
1849,92.45,straightline,349,stanley,0.4,126.33112335205078,38.46923065185547,0.5825029611587524,0.011308936919561526,0.35,0.0,-9.148232318275523e-05,0.39546334743496375,246,-1,5.999862379405715,106.94988255407715
1850,92.5,straightline,349,stanley,0.4,126.62789916992188,38.47439193725586,0.5648971199989319,0.011801566310267547,0.35,0.0,3.7102959523100526e-06,0.4130691885948043,246,-1,5.9183801009471235,106.65306187444287
1851,92.55000000000001,straightline,349,stanley,0.4,126.92655944824219,38.479393005371094,0.5829779505729675,0.011295531253310148,0.15,0.0,-9.345482030879374e-05,0.3949883580207959,246,-1,6.029309095073137,106.35435974337004
1852,92.60000000000001,straightline,349,stanley,0.4,127.2247314453125,38.48460006713867,0.5682598352432251,0.011703277095190617,0.35,0.0,2.3677646382046138e-05,0.4097064733505366,246,-1,5.912847409983232,106.05614230662542
1853,92.65,straightline,349,stanley,0.4,127.52393341064453,38.489707946777344,0.5786336660385132,0.01140689242650996,0.15,0.0,2.406303309929799e-05,0.39933264255522904,246,-1,6.0332393625476906,105.75689674443194
1854,92.7,straightline,349,stanley,0.4,127.82142639160156,38.494930267333984,0.564400315284729,0.011797557587530729,0.35,0.0,0.0001680414474835388,0.41356599330900723,246,-1,5.91152394148546,105.45935796464569
1855,92.75,straightline,349,stanley,0.4,128.11874389648438,38.4999885559082,0.5857821702957153,0.011188737367051409,0.35,0.0,0.0001510067821971807,0.3921841382980093,246,-1,5.984157520568959,105.161997434774
1856,92.80000000000001,straightline,349,stanley,0.4,128.413818359375,38.505210876464844,0.5744264721870422,0.01149100087587921,0.35,0.0,0.00033772181660490265,0.40350931882858276,247,-1,5.844659836066176,104.86687682108771
1857,92.85000000000001,straightline,349,stanley,0.4,128.7100372314453,38.51034927368164,0.5848885178565979,0.011183959166545436,0.35,0.0,0.00041969328270203415,0.3930472731590271,247,-1,5.979143147866784,104.5706133971064
1858,92.9,straightline,349,stanley,0.4,129.005615234375,38.51557922363281,0.5687021017074585,0.011625205492970523,0.35,0.0,0.0006041420989695975,0.4092336893081665,247,-1,5.888128571694188,104.27498918698664
1859,92.95,straightline,349,stanley,0.4,129.30284118652344,38.520626068115234,0.5873504281044006,0.011096540696315556,0.35,0.0,0.0005773859570676883,0.39058536291122437,247,-1,5.997317010434365,103.97772039171085
1860,93.0,straightline,349,stanley,0.4,129.59971618652344,38.52581024169922,0.5725768804550171,0.01150450282473132,0.35,0.0,0.0006939287440404169,0.4053589105606079,247,-1,5.887389946193954,103.68080015451706
1861,93.05000000000001,straightline,349,stanley,0.4,129.89906311035156,38.530887603759766,0.5789990425109863,0.01132656496601142,0.15,0.0,0.0006614863252046126,0.3989367485046387,247,-1,6.047189020734773,103.3814101755834
1862,93.10000000000001,straightline,349,stanley,0.4,130.1981964111328,38.53609085083008,0.5642926692962646,0.011734943838657141,0.35,0.0,0.000758556563686421,0.41364312171936035,247,-1,5.953532772236074,103.0822316409654
1863,93.15,straightline,349,stanley,0.4,130.49794006347656,38.54115676879883,0.5853230357170105,0.011140642951074167,0.15,0.0,0.0007084942309899204,0.39261275529861456,248,-1,6.035676813769716,102.7824451864719
1864,93.2,straightline,349,stanley,0.4,130.79579162597656,38.54637145996094,0.5731838941574097,0.011471190128274175,0.35,0.0,0.0008388827967431524,0.40475189685821533,248,-1,5.897039333059835,102.48454800844284
1865,93.25,straightline,349,stanley,0.4,131.09378051757812,38.551456451416016,0.5863152742385864,0.011097806398703815,0.15,0.0,0.0008372467006026326,0.39162051677703863,248,-1,6.001414943271335,102.18651573392334
1866,93.30000000000001,straightline,349,stanley,0.4,131.38951110839844,38.55665588378906,0.5723128914833069,0.011478961736558503,0.35,0.0,0.0009885781097848205,0.4056228995323181,248,-1,5.870728084223276,101.890739479444
1867,93.35000000000001,straightline,349,stanley,0.4,131.68479919433594,38.56169891357422,0.5932129621505737,0.010882844144046666,0.35,0.0,0.0009910821072688612,0.3847228288650513,248,-1,5.940947566104493,101.5954083334123
1868,93.4,straightline,349,stanley,0.4,131.97767639160156,38.56687545776367,0.5801326036453247,0.011233875189535907,0.35,0.0,0.0011682285922896898,0.3978031873703003,248,-1,5.7982683063310985,101.30248544805102
1869,93.45,straightline,349,stanley,0.4,132.2716522216797,38.57192611694336,0.587344765663147,0.011027258419275751,0.35,0.0,0.00120075763024044,0.3905910253524781,248,-1,5.934753587366467,101.00846623689402
1870,93.5,straightline,349,stanley,0.4,132.56500244140625,38.57709884643555,0.5680370926856995,0.011558233148159023,0.35,0.0,0.0013668707750100016,0.40989869832992554,249,-1,5.843885386898603,100.71507046330056
1871,93.55000000000001,straightline,349,stanley,0.4,132.86007690429688,38.582115173339844,0.5841851234436035,0.01110197250263811,0.35,0.0,0.0013463217648610375,0.39375066757202154,249,-1,5.954771381610097,100.41995336465412
1872,93.60000000000001,straightline,349,stanley,0.4,133.15481567382812,38.587284088134766,0.5676116943359375,0.011557257208898643,0.35,0.0,0.001484067822672247,0.4103240966796875,249,-1,5.843948024067053,100.12516930845602
1873,93.65,straightline,349,stanley,0.4,133.45201110839844,38.59236145019531,0.5723509788513184,0.01142585733431043,0.15,0.0,0.0014883456685795115,0.4055848121643067,249,-1,6.00555251659436,99.8279305057096
1874,93.7,straightline,349,stanley,0.4,133.7490234375,38.59754180908203,0.556546688079834,0.011862597975447834,0.35,0.0,0.0015987304672427458,0.42138910293579107,249,-1,5.911451406337274,99.53087302554873
1875,93.75,straightline,349,stanley,0.4,134.04664611816406,38.602577209472656,0.5769404172897339,0.011287271569414177,0.35,0.0,0.0015537607878218836,0.4009953737258911,249,-1,5.994001096277441,99.23320775433247
1876,93.80000000000001,straightline,349,stanley,0.4,134.342529296875,38.607757568359375,0.564492404460907,0.011624527360790534,0.35,0.0,0.001684271265857776,0.413443386554718,250,-1,5.86196970281739,98.9372792605094
1877,93.85000000000001,straightline,349,stanley,0.4,134.639892578125,38.61283493041992,0.5733665227890015,0.011375270516445574,0.15,0.0,0.0016856844102602613,0.4045692682266236,250,-1,6.003766993596727,98.63987263550192
1878,93.9,straightline,349,stanley,0.4,134.9365692138672,38.618019104003906,0.5578673481941223,0.01180164058591261,0.35,0.0,0.0018056127535568192,0.4200684428215027,250,-1,5.902362597396758,98.34315073512595
1879,93.95,straightline,349,stanley,0.4,135.23362731933594,38.62303924560547,0.578285813331604,0.011226501004789525,0.35,0.0,0.0017550223217933304,0.39964997768402105,250,-1,5.9832640462725974,98.04605021710395
1880,94.0,straightline,349,stanley,0.4,135.52880859375,38.62820816040039,0.5657791495323181,0.011564913845695437,0.35,0.0,0.0018852159847283067,0.4121566414833069,250,-1,5.8507752219034295,97.75082372097378
1881,94.05000000000001,straightline,349,stanley,0.4,135.82542419433594,38.633270263671875,0.5744653344154358,0.011321826393154951,0.35,0.0,0.0018841335057024709,0.4034704566001892,250,-1,5.991946460077355,97.45416492811862
1882,94.10000000000001,straightline,349,stanley,0.4,136.12158203125,38.638450622558594,0.5578638315200806,0.011779238960683098,0.35,0.0,0.0020091022392991244,0.42007195949554443,250,-1,5.904297650807866,97.15796181649904
1883,94.15,straightline,349,stanley,0.4,136.41952514648438,38.64348602294922,0.5766123533248901,0.01125307055871184,0.15,0.0,0.001959517635346013,0.4013234376907349,251,-1,6.015138972408553,96.8599761570922
1884,94.2,straightline,349,stanley,0.4,136.71697998046875,38.648677825927734,0.5621980428695679,0.011648000722918987,0.35,0.0,0.002073792464004311,0.4157377481460572,251,-1,5.898418562768499,96.56247604188505
1885,94.25,straightline,349,stanley,0.4,137.01548767089844,38.653751373291016,0.5727033019065857,0.011354881021322833,0.15,0.0,0.002051859411068633,0.4052324891090393,251,-1,6.019872015353238,96.26392523902419
1886,94.30000000000001,straightline,349,stanley,0.4,137.312255859375,38.658935546875,0.5584281086921692,0.011745004927829128,0.35,0.0,0.002170225189908038,0.4195076823234558,251,-1,5.898350327345517,95.96711179974788
1887,94.35000000000001,straightline,349,stanley,0.4,137.60885620117188,38.66395568847656,0.5798740386962891,0.011139929882579386,0.35,0.0,0.002127447580430309,0.398061752319336,251,-1,5.972106057248176,95.67046897870654
1888,94.4,straightline,349,stanley,0.4,137.90325927734375,38.669105529785156,0.5680370926856995,0.011458593877029702,0.35,0.0,0.002251852333132248,0.40989869832992554,251,-1,5.83286201337183,95.3760208934579
1889,94.45,straightline,349,stanley,0.4,138.19895935058594,38.674156188964844,0.5768746137619019,0.011211611618973306,0.35,0.0,0.0022549530738066384,0.4010611772537232,251,-1,5.971240568798127,95.08027769003594
1890,94.5,straightline,349,stanley,0.4,138.49417114257812,38.67932891845703,0.559687614440918,0.011683962634064321,0.35,0.0,0.00238929407461411,0.4182481765747071,252,-1,5.882021373570213,94.7850206165481
1891,94.55000000000001,straightline,349,stanley,0.4,138.79116821289062,38.684349060058594,0.5775840878486633,0.011182973583111504,0.35,0.0,0.0023397453524887247,0.40035170316696167,252,-1,5.9929865822781645,94.4879811245163
1892,94.60000000000001,straightline,349,stanley,0.4,139.0878143310547,38.68952560424805,0.5626325011253357,0.01159284576943827,0.35,0.0,0.002452566267356801,0.4153032898902893,252,-1,5.883453400716317,94.19128986827401
1893,94.65,straightline,349,stanley,0.4,139.38693237304688,38.69460678100586,0.5690051317214966,0.011420693436210392,0.15,0.0,0.0024278444012876418,0.4089306592941285,252,-1,6.043856539482428,93.89212867239956
1894,94.7,straightline,349,stanley,0.4,139.6858673095703,38.699806213378906,0.5542107820510864,0.011828645784038524,0.35,0.0,0.0025244860544695142,0.42372500896453863,252,-1,5.950888584115484,93.59314854023445
1895,94.75,straightline,349,stanley,0.4,139.98548889160156,38.704856872558594,0.5753187537193298,0.01123631822400219,0.15,0.0,0.002460656950895897,0.40261703729629517,252,-1,6.034101159590614,93.29348439745691
1896,94.80000000000001,straightline,349,stanley,0.4,140.28326416015625,38.710044860839844,0.5633217692375183,0.01156120285512111,0.35,0.0,0.002566502713398181,0.4146140217781067,253,-1,5.898552930136642,92.99566395995211
1897,94.85000000000001,straightline,349,stanley,0.4,140.58119201660156,38.71510314941406,0.5769281387329102,0.011180397178409147,0.15,0.0,0.002539209335529405,0.40100765228271484,253,-1,6.003289181315256,92.69769316680804
1898,94.9,straightline,349,stanley,0.4,140.87693786621094,38.72026824951172,0.5633310079574585,0.011549785321290262,0.35,0.0,0.0026559530426881776,0.4146047830581665,253,-1,5.874176392275569,92.40190224374174
1899,94.95,straightline,349,stanley,0.4,141.1723175048828,38.72526931762695,0.5845849514007568,0.010950643705039878,0.35,0.0,0.002614938917853647,0.39335083961486816,253,-1,5.946432012786454,92.106480273389
1900,95.0,straightline,349,stanley,0.4,141.46539306640625,38.73040008544922,0.5720712542533875,0.011286760717663248,0.35,0.0,0.0027429301470654616,0.4058645367622375,253,-1,5.805674232365794,91.8133598358834
1901,95.05000000000001,straightline,349,stanley,0.4,141.7596435546875,38.73542022705078,0.5799484252929688,0.011069154850849909,0.35,0.0,0.002740258358654631,0.39798736572265625,253,-1,5.943258829732184,91.5190665270279
1902,95.10000000000001,straightline,349,stanley,0.4,142.05332946777344,38.740562438964844,0.5611410737037659,0.011587465207668596,0.35,0.0,0.00286927491635673,0.4167947173118592,253,-1,5.853858244696649,91.22533563178818
1903,95.15,straightline,349,stanley,0.4,142.3488311767578,38.745548248291016,0.5776715874671936,0.01112751973884884,0.35,0.0,0.002811774856818718,0.40026420354843145,254,-1,5.96621205700638,90.92979186870245
1904,95.2,straightline,349,stanley,0.4,142.64404296875,38.750694274902344,0.5614665150642395,0.011572829350954826,0.35,0.0,0.0029185628151920523,0.41646927595138555,254,-1,5.857011846296173,90.6345352511195
1905,95.25,straightline,349,stanley,0.4,142.9418182373047,38.75575256347656,0.5666900277137756,0.011435087126929921,0.15,0.0,0.0028938737114185278,0.4112457633018494,254,-1,6.019642556770305,90.33671702363971
1906,95.30000000000001,straightline,349,stanley,0.4,143.239501953125,38.76091384887695,0.5511904954910278,0.011864299586476137,0.35,0.0,0.002973728995943821,0.4267452955245972,254,-1,5.929010349122181,90.03898858108973
1907,95.35000000000001,straightline,349,stanley,0.4,143.5380096435547,38.76593780517578,0.5718876123428345,0.011285343914083295,0.15,0.0,0.0029022121018991934,0.4060481786727905,254,-1,6.013285334817478,89.74043862283168
1908,95.4,straightline,349,stanley,0.4,143.834716796875,38.77111053466797,0.5597056746482849,0.011613992607819078,0.35,0.0,0.003010177165505404,0.4182301163673401,254,-1,5.876147682852387,89.4436864061915
1909,95.45,straightline,349,stanley,0.4,144.13165283203125,38.77614974975586,0.5730239748954773,0.01124265105239423,0.35,0.0,0.002980740861136944,0.4049118161201477,254,-1,5.9824303667666,89.14670761522126
1910,95.5,straightline,349,stanley,0.4,144.42665100097656,38.78129577636719,0.5586809515953064,0.011633538233706798,0.35,0.0,0.003092028854311417,0.4192548394203186,255,-1,5.865745639166544,88.85166458999205
1911,95.55000000000001,straightline,349,stanley,0.4,144.7225341796875,38.78628921508789,0.5780923366546631,0.011091048047871314,0.35,0.0,0.0030347923417150197,0.39984345436096197,255,-1,5.966687184236881,88.55573928240709
1912,95.60000000000001,straightline,349,stanley,0.4,145.01759338378906,38.79143524169922,0.5633919835090637,0.01149219147442968,0.35,0.0,0.0031441845741836056,0.4145438075065613,255,-1,5.850351690602013,88.26063523097493
1913,95.65,straightline,349,stanley,0.4,145.31491088867188,38.79648971557617,0.569144606590271,0.011339316429493485,0.15,0.0,0.003123494151072075,0.408791184425354,255,-1,6.0079357631175165,87.96327476568943
1914,95.7,straightline,349,stanley,0.4,145.6119842529297,38.80164337158203,0.55301833152771,0.011785582448837076,0.35,0.0,0.003206138248730851,0.42491745948791504,255,-1,5.915218041152281,87.66615671642955
1915,95.75,straightline,349,stanley,0.4,145.90972900390625,38.8066520690918,0.5730153918266296,0.01122728960181648,0.35,0.0,0.0031323861586674273,0.40492039918899536,255,-1,5.999784616739869,87.36836984662617
1916,95.80000000000001,straightline,349,stanley,0.4,146.20584106445312,38.811805725097656,0.5603592395782471,0.011570299915658925,0.35,0.0,0.003231437183126299,0.417576551437378,255,-1,5.870225465081112,87.07221296169809
1917,95.85000000000001,straightline,349,stanley,0.4,146.5034942626953,38.816856384277344,0.569288432598114,0.01132695983480576,0.15,0.0,0.0032020572664492285,0.408647358417511,256,-1,6.013369690073052,86.7745169166876
1918,95.9,straightline,349,stanley,0.4,146.80056762695312,38.822021484375,0.5536871552467346,0.011756394222192714,0.35,0.0,0.0032961437889793017,0.42424863576889044,256,-1,5.913346995504886,86.47739867267528
1919,95.95,straightline,349,stanley,0.4,147.09817504882812,38.82703399658203,0.5740100145339966,0.011188172427548763,0.35,0.0,0.00322854968722537,0.4039257764816285,256,-1,5.9963093361418025,86.17974904699891
1920,96.0,straightline,349,stanley,0.4,147.39404296875,38.83218765258789,0.5614032745361328,0.011528964058305785,0.35,0.0,0.003331767550236646,0.41653251647949224,256,-1,5.865259178103621,85.88383626747476
1921,96.05000000000001,straightline,349,stanley,0.4,147.69143676757812,38.83723449707031,0.5702510476112366,0.011288209118065492,0.15,0.0,0.003302146706829958,0.4076847434043884,256,-1,6.007547654158323,85.58639964919344
1922,96.10000000000001,straightline,349,stanley,0.4,147.9882049560547,38.842403411865234,0.5543391108512878,0.011725285486557055,0.35,0.0,0.003405255919174302,0.42359668016433716,256,-1,5.907096409826307,85.2895864719444
1923,96.15,straightline,349,stanley,0.4,148.28550720214844,38.847408294677734,0.5743377804756165,0.011166686689016117,0.35,0.0,0.003336096133431131,0.4035980105400086,257,-1,5.990115273714164,84.99224210761446
1924,96.2,straightline,349,stanley,0.4,148.58128356933594,38.85255432128906,0.5614343285560608,0.01151654298009984,0.35,0.0,0.003433248277652028,0.4165014624595642,257,-1,5.8621343555474565,84.69642099766168
1925,96.25,straightline,349,stanley,0.4,148.8786163330078,38.85760498046875,0.5698779225349426,0.011287135991756939,0.15,0.0,0.0034084832855072063,0.40805786848068243,257,-1,6.005229719714402,84.39904534070538
1926,96.30000000000001,straightline,349,stanley,0.4,149.17532348632812,38.862770080566406,0.5539470314979553,0.011724816785890104,0.35,0.0,0.003508820065865886,0.42398875951766973,257,-1,5.904200824719676,84.10229325492098
1927,96.35000000000001,straightline,349,stanley,0.4,149.47256469726562,38.867774963378906,0.5739910006523132,0.011165061560249448,0.35,0.0,0.0034398479386930324,0.4039447903633118,257,-1,5.9870661448230065,83.80500991679646
1928,96.4,straightline,349,stanley,0.4,149.76805114746094,38.87291717529297,0.5611410737037659,0.011512773083424232,0.35,0.0,0.003538134062071145,0.4167947173118592,257,-1,5.855723033683565,83.50947874695962
1929,96.45,straightline,349,stanley,0.4,150.06504821777344,38.87795639038086,0.5697243809700012,0.01128027848778252,0.35,0.0,0.003507656048064585,0.4082114100456238,257,-1,5.99847598835648,83.21243892952158
1930,96.5,straightline,349,stanley,0.4,150.36167907714844,38.88311767578125,0.5530559420585632,0.011740450845125521,0.35,0.0,0.0036025207332911428,0.42487984895706177,258,-1,5.912581037995064,82.91576319176788
1931,96.55000000000001,straightline,349,stanley,0.4,150.66015625,38.88813018798828,0.5715347528457642,0.011228927142681656,0.15,0.0,0.00352008226919427,0.40640103816986084,258,-1,6.025604828273295,82.6172439408674
1932,96.60000000000001,straightline,349,stanley,0.4,150.958251953125,38.89329528808594,0.5571844577789307,0.011623129976854316,0.35,0.0,0.0035967201552861454,0.4207513332366944,258,-1,5.91249671429807,82.31910350674649
1933,96.65,straightline,349,stanley,0.4,151.25746154785156,38.89834976196289,0.5680015087127686,0.011327927460628854,0.15,0.0,0.003543736733393477,0.40993428230285645,258,-1,6.035337828061031,82.0198512257367
1934,96.7,straightline,349,stanley,0.4,151.55506896972656,38.90351867675781,0.553996741771698,0.011710504210824276,0.35,0.0,0.0036325224382139287,0.42393904924392706,258,-1,5.916345862548567,81.72219893723242
1935,96.75,straightline,349,stanley,0.4,151.85263061523438,38.90852355957031,0.5756532549858093,0.011104988890451759,0.35,0.0,0.003558081335441044,0.4022825360298157,258,-1,5.992479878872772,81.42459521081597
1936,96.80000000000001,straightline,349,stanley,0.4,152.14808654785156,38.913665771484375,0.5641138553619385,0.011414598607322468,0.35,0.0,0.003656888313638208,0.4138219356536865,258,-1,5.856320050297957,81.12909455443757
1937,96.85000000000001,straightline,349,stanley,0.4,152.44483947753906,38.918701171875,0.5737001299858093,0.011153334714627997,0.35,0.0,0.003627356620218543,0.4042356610298157,259,-1,5.994174922909092,80.83229890713794
1938,96.9,straightline,349,stanley,0.4,152.74110412597656,38.923858642578125,0.5566446185112,0.011623638049052054,0.35,0.0,0.003727617512205926,0.42129117250442505,259,-1,5.90650159077129,80.5359893925086
1939,96.95,straightline,349,stanley,0.4,153.03921508789062,38.92886734008789,0.5746408700942993,0.01112591529818351,0.15,0.0,0.003647615164313895,0.40329492092132574,259,-1,6.019431837548913,80.23783636422621
1940,97.0,straightline,349,stanley,0.4,153.33694458007812,38.934043884277344,0.5595278739929199,0.011539579322109868,0.35,0.0,0.003741945733105675,0.4184079170227051,259,-1,5.905198559687,79.94006189346909
1941,97.05000000000001,straightline,349,stanley,0.4,153.63587951660156,38.93909454345703,0.5691985487937927,0.011277527239574724,0.15,0.0,0.0036898358629606966,0.4087372422218323,259,-1,6.030097009686268,79.64108429568056
1942,97.10000000000001,straightline,349,stanley,0.4,153.93331909179688,38.94426345825195,0.5546848177909851,0.011674059546475348,0.35,0.0,0.0037814862692859275,0.42325097322463995,259,-1,5.9121314675582735,79.343599829867
1943,97.15,straightline,349,stanley,0.4,154.23074340820312,38.94927215576172,0.5759311318397522,0.011079813678344298,0.35,0.0,0.003713203154822535,0.4020046591758728,259,-1,5.988267220275433,79.0461333475377
1944,97.2,straightline,349,stanley,0.4,154.5260772705078,38.95440673828125,0.5641638040542603,0.011396039601004668,0.35,0.0,0.003807319320116154,0.4137719869613648,260,-1,5.852033045654225,78.75075487400692
1945,97.25,straightline,349,stanley,0.4,154.8226776123047,38.95943832397461,0.5736221671104431,0.011139028778651012,0.35,0.0,0.0037759841355097202,0.40431362390518194,260,-1,5.989858537719667,78.45411185736747
1946,97.30000000000001,straightline,349,stanley,0.4,155.1188201904297,38.96459197998047,0.5564146637916565,0.011613615807705245,0.35,0.0,0.0038745143051495392,0.4215211272239685,260,-1,5.902282455343044,78.15792446066534
1947,97.35000000000001,straightline,349,stanley,0.4,155.4168243408203,38.969600677490234,0.574341893196106,0.011118019096090373,0.15,0.0,0.0037963349491241852,0.40359389781951904,260,-1,6.01564031709782,77.85987822822202
1948,97.4,straightline,349,stanley,0.4,155.71444702148438,38.97476577758789,0.559126079082489,0.011535457547316877,0.35,0.0,0.003881046084911347,0.418809711933136,260,-1,5.90276768236774,77.56221074862752
1949,97.45,straightline,349,stanley,0.4,156.01324462890625,38.97980499267578,0.5691512823104858,0.0112645489779678,0.15,0.0,0.003819837636580798,0.40878450870513916,260,-1,6.027019160822752,77.26337065468411
1950,97.5,straightline,349,stanley,0.4,156.31045532226562,38.98496627807617,0.5545204281806946,0.011664449664934053,0.35,0.0,0.0039086202218691635,0.4234153628349305,261,-1,5.909049694135065,76.96611516772388
1951,97.55000000000001,straightline,349,stanley,0.4,156.60763549804688,38.989959716796875,0.5757017135620117,0.011073520293647054,0.35,0.0,0.0038292473794631137,0.4022340774536133,261,-1,5.985995402128663,76.6688930501619
1952,97.60000000000001,straightline,349,stanley,0.4,156.9027862548828,38.995094299316406,0.5638169050216675,0.011392595286416512,0.35,0.0,0.003925634622603251,0.4141188859939576,261,-1,5.850475871943132,76.37369765591164
1953,97.65,straightline,349,stanley,0.4,157.19924926757812,39.0001220703125,0.5731132626533508,0.011140760007642964,0.35,0.0,0.0038928291430587805,0.40482252836227417,261,-1,5.989359610721091,76.07719201335136
1954,97.7,straightline,349,stanley,0.4,157.49525451660156,39.005271911621094,0.5558106303215027,0.011618085511103465,0.35,0.0,0.003989889017760563,0.4221251606941223,261,-1,5.902435314210817,75.78114199112441
1955,97.75,straightline,349,stanley,0.4,157.79318237304688,39.01027297973633,0.5736400485038757,0.01112623840387118,0.15,0.0,0.003905383515535304,0.40429574251174927,261,-1,6.016159065776374,75.48317217120504
1956,97.80000000000001,straightline,349,stanley,0.4,158.0907440185547,39.01543426513672,0.5583959221839905,0.011544530796722706,0.35,0.0,0.003987322219336802,0.41953986883163447,261,-1,5.902782396090633,75.18556578313554
1957,97.85000000000001,straightline,349,stanley,0.4,158.38949584960938,39.02048110961914,0.5683815479278564,0.01127440320761981,0.15,0.0,0.003931563245926379,0.40955424308776855,262,-1,6.027023534818645,74.88677132898415
1958,97.9,straightline,349,stanley,0.4,158.68667602539062,39.025634765625,0.5537639856338501,0.011674545970391498,0.35,0.0,0.004012384351718479,0.4241718053817749,262,-1,5.908813673630333,74.58954648530887
1959,97.95,straightline,349,stanley,0.4,158.98394775390625,39.03063201904297,0.5746919512748718,0.011090847504613054,0.35,0.0,0.003935263086479042,0.40324383974075323,262,-1,5.987023645475774,74.29223276316627
1960,98.0,straightline,349,stanley,0.4,159.2792510986328,39.035770416259766,0.5629692673683167,0.011404941638751494,0.35,0.0,0.004032860197147693,0.41496652364730835,262,-1,5.852151656009517,73.99688473855757
1961,98.05000000000001,straightline,349,stanley,0.4,159.57586669921875,39.040794372558594,0.5724666714668274,0.011148325215407501,0.35,0.0,0.003993636301884204,0.40546911954879766,262,-1,5.990900339293706,73.7002265950359
1962,98.10000000000001,straightline,349,stanley,0.4,159.87203979492188,39.04594421386719,0.5553528070449829,0.011620429987411156,0.35,0.0,0.004087831475081209,0.42258298397064215,262,-1,5.904120317732109,73.40400875076703
1963,98.15,straightline,349,stanley,0.4,160.17013549804688,39.05094528198242,0.5733425617218018,0.011124531687960553,0.15,0.0,0.004000461271351173,0.40459322929382324,262,-1,6.018122888906074,73.10587110824825
1964,98.2,straightline,349,stanley,0.4,160.46788024902344,39.05610656738281,0.5582379698753357,0.011538926163525065,0.35,0.0,0.004080128897306148,0.41969782114028936,263,-1,5.905100717736994,72.80808164150494
1965,98.25,straightline,349,stanley,0.4,160.766845703125,39.061153411865234,0.5683498978614807,0.011265481098701971,0.15,0.0,0.004023684030718353,0.40958589315414434,263,-1,6.029535322251249,72.50907359510859
1966,98.30000000000001,straightline,349,stanley,0.4,161.06427001953125,39.06631088256836,0.5538851022720337,0.01166125426465682,0.35,0.0,0.004104152439581812,0.4240506887435913,263,-1,5.913213537190841,72.21160458153581
1967,98.35000000000001,straightline,349,stanley,0.4,161.36166381835938,39.07130432128906,0.5750612616539001,0.011071173654444516,0.35,0.0,0.004021133613442409,0.4028745293617248,263,-1,5.990696691928044,71.91416887145267
1968,98.4,straightline,349,stanley,0.4,161.65704345703125,39.076438903808594,0.5632994174957275,0.011386799454423661,0.35,0.0,0.0041136144454396685,0.41463637351989746,263,-1,5.856304929348791,71.61874462916208
1969,98.45,straightline,349,stanley,0.4,161.9537811279297,39.08146286010742,0.5728041529655457,0.011130416499643492,0.35,0.0,0.004072307130899977,0.40513163805007935,263,-1,5.995377349568845,71.32196443292281
1970,98.5,straightline,349,stanley,0.4,162.25010681152344,39.086612701416016,0.555656373500824,0.01160371884359171,0.35,0.0,0.004163898030001726,0.422279417514801,263,-1,5.9092195390118745,71.02559402316191
1971,98.55000000000001,straightline,349,stanley,0.4,162.54835510253906,39.09161376953125,0.5735870599746704,0.011109868599201728,0.15,0.0,0.00407477760324422,0.40434873104095465,264,-1,6.02367497524726,70.72730381462196
1972,98.60000000000001,straightline,349,stanley,0.4,162.84628295898438,39.09678268432617,0.5584437847137451,0.011524870442537558,0.35,0.0,0.00415809433246464,0.4194920063018799,264,-1,5.911128533995291,70.42933113941241
1973,98.65,straightline,349,stanley,0.4,163.14544677734375,39.101829528808594,0.5685876607894897,0.011251059623985397,0.15,0.0,0.004098263909553017,0.40934813022613525,264,-1,6.035924808904572,70.13012475733571
1974,98.7,straightline,349,stanley,0.4,163.44308471679688,39.106990814208984,0.5540215373039246,0.01164949607298002,0.35,0.0,0.0041789004763068864,0.42391425371170044,264,-1,5.918550597145921,69.83244208702592
1975,98.75,straightline,349,stanley,0.4,163.74078369140625,39.11198806762695,0.5752707123756409,0.011057596276301082,0.35,0.0,0.004094487243600743,0.40266507863998413,264,-1,5.996388263530916,69.5347011802273
1976,98.80000000000001,straightline,349,stanley,0.4,164.03648376464844,39.117122650146484,0.5635300874710083,0.011373143236985182,0.35,0.0,0.004181499099997972,0.41440570354461675,264,-1,5.862884718886218,69.23895655003794
1977,98.85000000000001,straightline,349,stanley,0.4,164.33360290527344,39.122154235839844,0.5732683539390564,0.011109995757175157,0.15,0.0,0.0041421634345354605,0.40466743707656866,265,-1,6.001635981450116,68.94179480942046
1978,98.9,straightline,349,stanley,0.4,164.6300811767578,39.1273078918457,0.5568402409553528,0.01156141445306307,0.35,0.0,0.004234964201165724,0.4210955500602722,265,-1,5.901615378284488,68.64527176929094
1979,98.95,straightline,349,stanley,0.4,164.92718505859375,39.132301330566406,0.5761032700538635,0.011026289780854253,0.35,0.0,0.004156893495807301,0.4018325209617615,265,-1,5.987098537104759,68.34812593395627
1980,99.0,straightline,349,stanley,0.4,165.22268676757812,39.1374397277832,0.5624566674232483,0.011395670705153975,0.35,0.0,0.004251105050152122,0.4154791235923767,265,-1,5.858349174206414,68.05257957467946
1981,99.05000000000001,straightline,349,stanley,0.4,165.51980590820312,39.14247131347656,0.570427656173706,0.011183779990439048,0.15,0.0,0.004210915333621829,0.40750813484191895,265,-1,6.003238214938931,67.75541783401665
1982,99.10000000000001,straightline,349,stanley,0.4,165.81642150878906,39.14761734008789,0.553757905960083,0.011643266581562409,0.35,0.0,0.004293743970318833,0.42417788505554205,265,-1,5.905424269650123,67.45875761459716
1983,99.15,straightline,349,stanley,0.4,166.1137237548828,39.15260696411133,0.5731580853462219,0.011105075495786938,0.35,0.0,0.004208473567012818,0.40477770566940313,265,-1,5.9907284211277645,67.16141350843549
1984,99.2,straightline,349,stanley,0.4,166.40940856933594,39.157737731933594,0.5598680973052979,0.011465468783117862,0.35,0.0,0.004292785760263585,0.41806769371032715,266,-1,5.864432568021802,66.86568420009142
1985,99.25,straightline,349,stanley,0.4,166.70669555664062,39.16276550292969,0.5684233903884888,0.0112376693805022,0.15,0.0,0.004245917200604749,0.40951240062713623,266,-1,6.008979751932674,66.56835470183962
1986,99.30000000000001,straightline,349,stanley,0.4,167.00350952148438,39.167911529541016,0.5522228479385376,0.011684132424967512,0.35,0.0,0.004325360280977924,0.4257129430770874,266,-1,5.911744438246972,66.2714961470015
1987,99.35000000000001,straightline,349,stanley,0.4,167.30105590820312,39.17290496826172,0.5720292925834656,0.011134476076020897,0.35,0.0,0.004239737180743268,0.4059064984321595,266,-1,5.9980617990353835,65.97390787054069
1988,99.4,straightline,349,stanley,0.4,167.59701538085938,39.17803955078125,0.5591190457344055,0.011484064342941443,0.35,0.0,0.004322321771178564,0.4188167452812195,266,-1,5.870417177969082,65.67790387900088
1989,99.45,straightline,349,stanley,0.4,167.89463806152344,39.18307113647461,0.5679037570953369,0.011250011008050254,0.15,0.0,0.004273537950133936,0.41003203392028814,266,-1,6.015500935486285,65.38023867100992
1990,99.5,straightline,349,stanley,0.4,168.19178771972656,39.18822479248047,0.5519294738769531,0.011689763313028788,0.35,0.0,0.004354879910745086,0.42600631713867193,266,-1,5.918105723665728,65.083044341782
1991,99.55000000000001,straightline,349,stanley,0.4,168.48963928222656,39.19321823120117,0.5719279646873474,0.011135113921935278,0.15,0.0,0.004264902313387707,0.4060078263282776,267,-1,6.004381396207534,64.78515093353906
1992,99.60000000000001,straightline,349,stanley,0.4,168.78575134277344,39.1983642578125,0.5589200854301453,0.011485875907648511,0.35,0.0,0.004356325054599047,0.4190157055854798,267,-1,5.869448939419854,64.48899418177363
1993,99.65,straightline,349,stanley,0.4,169.08226013183594,39.203372955322266,0.5715484619140625,0.011139717071168214,0.35,0.0,0.004303667584707173,0.40638732910156244,267,-1,5.9787481448024495,64.19244309346456
1994,99.7,straightline,349,stanley,0.4,169.37704467773438,39.20849609375,0.5567378401756287,0.01154365820419935,0.35,0.0,0.004394862660804622,0.4211979508399964,267,-1,5.866239725326957,63.89761405374291
1995,99.75,straightline,349,stanley,0.4,169.67298889160156,39.21347427368164,0.5756238102912903,0.011020753352163144,0.35,0.0,0.00432132787207506,0.4023119807243347,267,-1,5.971291771867189,63.60162797778084
1996,99.80000000000001,straightline,349,stanley,0.4,169.96823120117188,39.21860122680664,0.5606558322906494,0.011429587430337944,0.35,0.0,0.004408524267510518,0.4172799587249756,267,-1,5.85905792870128,63.30634117578078
1997,99.85000000000001,straightline,349,stanley,0.4,170.26596069335938,39.223636627197266,0.5664153695106506,0.011283258700879753,0.15,0.0,0.004361731596222974,0.4115204215049744,267,-1,6.019590081879062,63.00856910674661
1998,99.9,straightline,349,stanley,0.4,170.56361389160156,39.22878646850586,0.550115704536438,0.01173403259496016,0.35,0.0,0.004431519361763808,0.427820086479187,268,-1,5.92931646350377,62.71087137544741
1999,99.95,straightline,349,stanley,0.4,170.86212158203125,39.233787536621094,0.5701144933700562,0.011180079966959812,0.15,0.0,0.004337117617976589,0.40782129764556885,268,-1,6.017460323870589,62.41232180412182
2000,100.0,straightline,349,stanley,0.4,171.1590576171875,39.23893737792969,0.5573309659957886,0.0115256243409203,0.35,0.0,0.004418291420697327,0.4206048250198364,268,-1,5.884468604506601,62.11534113234195
2001,100.05000000000001,straightline,349,stanley,0.4,171.45640563964844,39.24394989013672,0.570416271686554,0.011167729229419507,0.35,0.0,0.0043551245849053274,0.40751951932907104,268,-1,5.995082140891445,61.8179508669125
2002,100.10000000000001,straightline,349,stanley,0.4,171.75196838378906,39.249080657958984,0.5559446215629578,0.011562656302182343,0.35,0.0,0.004440666146364515,0.42199116945266724,268,-1,5.883419944527237,61.522343612063366
2003,100.15,straightline,349,stanley,0.4,172.0486297607422,39.25405502319336,0.5752813816070557,0.011028646990077502,0.35,0.0,0.0043510771277634995,0.40265440940856934,268,-1,5.98851478850249,61.22564054125936
2004,100.2,straightline,349,stanley,0.4,172.34466552734375,39.25919723510742,0.5607538819313049,0.01142468881954142,0.35,0.0,0.004440841915466485,0.4171819090843201,269,-1,5.876993281139122,60.929560137842806
2005,100.25,straightline,349,stanley,0.4,172.6431427001953,39.26424026489258,0.5670286417007446,0.011264175743522313,0.15,0.0,0.004388916584359735,0.41090714931488037,269,-1,6.037246638641339,60.63104036638323
2006,100.30000000000001,straightline,349,stanley,0.4,172.9416046142578,39.26940155029297,0.5510093569755554,0.011707363561265621,0.35,0.0,0.004455490070999239,0.4269264340400696,269,-1,5.947582039054453,60.33253384185374
2007,100.35000000000001,straightline,349,stanley,0.4,173.24095153808594,39.2744140625,0.5712015628814697,0.011148186122154782,0.15,0.0,0.004358207244559422,0.40673422813415533,269,-1,6.036045257861478,60.03314496361204
2008,100.4,straightline,349,stanley,0.4,173.53872680664062,39.27957534790039,0.5586195588111877,0.011488405145195961,0.35,0.0,0.0044364999646275645,0.4193162322044373,269,-1,5.903889137449989,59.7353249854642
2009,100.45,straightline,349,stanley,0.4,173.83692932128906,39.28460693359375,0.5719236731529236,0.011123653291102617,0.15,0.0,0.004377819902020975,0.40601211786270147,269,-1,6.013589021070483,59.43708002698035
2010,100.5,straightline,349,stanley,0.4,174.13319396972656,39.28975296020508,0.5581809282302856,0.011496329212390716,0.35,0.0,0.00446663836913706,0.4197548627853394,269,-1,5.88884562191362,59.14077071024257
2011,100.55000000000001,straightline,349,stanley,0.4,174.42935180664062,39.29472732543945,0.5792180895805359,0.010910575821479692,0.35,0.0,0.00438623707870864,0.39871770143508917,270,-1,5.966752432696362,58.844571106547875
2012,100.60000000000001,straightline,349,stanley,0.4,174.72352600097656,39.29984664916992,0.5670149922370911,0.01123715604042862,0.35,0.0,0.004484035109563335,0.410920798778534,270,-1,5.832266966664808,58.550352395949446
2013,100.65,straightline,349,stanley,0.4,175.0191192626953,39.30485153198242,0.5757255554199219,0.011004571288518549,0.35,0.0,0.004443189142619215,0.4022102355957031,270,-1,5.972372717493304,58.25471676735446
2014,100.7,straightline,349,stanley,0.4,175.31434631347656,39.30998229980469,0.5574306845664978,0.011510097583787448,0.35,0.0,0.0045344601070879615,0.4205051064491272,270,-1,5.887377431274483,57.95944515804865
2015,100.75,straightline,349,stanley,0.4,175.61163330078125,39.314971923828125,0.5743460655212402,0.01104587044658328,0.15,0.0,0.00444945013119147,0.4035897254943848,270,-1,6.004022742135487,57.662116307540984
2016,100.80000000000001,straightline,349,stanley,0.4,175.90866088867188,39.32011795043945,0.5582872033119202,0.011487147663026168,0.35,0.0,0.00452524722783129,0.4196485877037049,270,-1,5.89320101812669,57.36504416184449
2017,100.85000000000001,straightline,349,stanley,0.4,176.20704650878906,39.32514953613281,0.567693293094635,0.011235750847065249,0.15,0.0,0.004463442036310397,0.41024249792099005,270,-1,6.020436655347474,57.066616124152546
2018,100.9,straightline,349,stanley,0.4,176.50401306152344,39.330291748046875,0.5525939464569092,0.011649564708374254,0.35,0.0,0.004537320752032337,0.4253418445587159,271,-1,5.906017912474287,56.76960506971204
2019,100.95,straightline,349,stanley,0.4,176.80108642578125,39.33527374267578,0.5736013650894165,0.011065823249896033,0.35,0.0,0.004448328476621668,0.40433442592620855,271,-1,5.986172132879361,56.472489940930636
2020,101.0,straightline,349,stanley,0.4,177.0962677001953,39.34039306640625,0.5617212057113647,0.011385298369324743,0.35,0.0,0.004528938298447694,0.41621458530426025,271,-1,5.854519894157926,56.17726429607141
2021,101.05000000000001,straightline,349,stanley,0.4,177.39288330078125,39.34540939331055,0.5712267160415649,0.011130769218608803,0.35,0.0,0.004482086119936675,0.40670907497406,271,-1,5.995851673394111,55.88060628164971
2022,101.10000000000001,straightline,349,stanley,0.4,177.68919372558594,39.35055160522461,0.5540679693222046,0.011604749326520383,0.35,0.0,0.0045663091632004195,0.4238678216934204,271,-1,5.912014838420108,55.584251260681896
2023,101.15,straightline,349,stanley,0.4,177.987548828125,39.35555648803711,0.5720691084861755,0.011109790178583044,0.15,0.0,0.004478325835132217,0.4058666825294495,271,-1,6.028871381677425,55.285854189615335
2024,101.2,straightline,349,stanley,0.4,178.28575134277344,39.3607177734375,0.5570259690284729,0.011522610284562335,0.35,0.0,0.004550180638801436,0.42090982198715216,272,-1,5.918930676283398,54.98760702786386
2025,101.25,straightline,349,stanley,0.4,178.58526611328125,39.365760803222656,0.5674192309379578,0.011243751608193969,0.15,0.0,0.0044805462438469645,0.41051656007766724,272,-1,6.045629587313203,54.68804980814615
2026,101.30000000000001,straightline,349,stanley,0.4,178.8833770751953,39.37092208862305,0.55308598279953,0.011635852145777323,0.35,0.0,0.004553109560905549,0.424849808216095,272,-1,5.930644016227536,54.389894186012846
2027,101.35000000000001,straightline,349,stanley,0.4,179.18165588378906,39.37592315673828,0.57451993227005,0.011040023153939784,0.15,0.0,0.00446261422826121,0.40341585874557495,272,-1,6.0108898425203074,54.09157346257986
2028,101.4,straightline,349,stanley,0.4,179.47789001464844,39.38105773925781,0.563033401966095,0.011348008398570255,0.35,0.0,0.00454051112532505,0.41490238904953003,272,-1,5.87181401646337,53.79529485437477
2029,101.45,straightline,349,stanley,0.4,179.77447509765625,39.38606643676758,0.5761813521385193,0.010987448228900699,0.35,0.0,0.00448655151838555,0.40175443887710577,272,-1,5.980322987458748,53.4986674826171
2030,101.5,straightline,349,stanley,0.4,180.06927490234375,39.391197204589844,0.5611545443534851,0.0113962489205518,0.35,0.0,0.004585114450321004,0.4167812466621399,272,-1,5.866455109798098,53.20382305868722
2031,101.55000000000001,straightline,349,stanley,0.4,180.3651580810547,39.39616775512695,0.579592764377594,0.010887153412893947,0.35,0.0,0.004505847139049798,0.39834302663803106,273,-1,5.971691072616671,52.90789813776362
2032,101.60000000000001,straightline,349,stanley,0.4,180.660400390625,39.40129852294922,0.5639961957931519,0.01131318962903971,0.35,0.0,0.0045968576761090205,0.41393959522247314,273,-1,5.860076705052677,52.612611272906726
2033,101.65,straightline,349,stanley,0.4,180.95814514160156,39.406333923339844,0.5691952109336853,0.01118353125413227,0.15,0.0,0.0045498045774119535,0.4087405800819397,273,-1,6.02147715861455,52.314823946869076
2034,101.7,straightline,349,stanley,0.4,181.25587463378906,39.4114875793457,0.5522685050964355,0.011651865146180688,0.35,0.0,0.004621250296461142,0.4256672859191895,273,-1,5.932736800928071,52.017049869509876
2035,101.75,straightline,349,stanley,0.4,181.5545654296875,39.41648864746094,0.5717552900314331,0.011113303910010378,0.15,0.0,0.004523723423759617,0.40618050098419195,273,-1,6.02247569429719,51.71831721783475
2036,101.80000000000001,straightline,349,stanley,0.4,181.8517303466797,39.421630859375,0.5584897398948669,0.01147378258860855,0.35,0.0,0.004593362532089945,0.4194460511207581,273,-1,5.893087322119205,51.42110782864257
2037,101.85000000000001,straightline,349,stanley,0.4,182.1493682861328,39.42665100097656,0.571395993232727,0.01112107191573092,0.15,0.0,0.004532875858764496,0.4065397977828979,273,-1,6.0041714011529725,51.12342755776112
2038,101.9,straightline,349,stanley,0.4,182.4451446533203,39.431785583496094,0.5574028491973877,0.011500893487116786,0.35,0.0,0.00461943962918188,0.42053294181823736,274,-1,5.881107456201175,50.82760664790565
2039,101.95,straightline,349,stanley,0.4,182.7408905029297,39.43675231933594,0.5785259008407593,0.010913146706609719,0.35,0.0,0.004537847971904851,0.3994098901748657,274,-1,5.959958113222406,50.5318191008022
2040,102.0,straightline,349,stanley,0.4,183.0346221923828,39.441856384277344,0.566148042678833,0.011245220747527465,0.35,0.0,0.0046279418311407205,0.411787748336792,274,-1,5.826118162526298,50.23804309223572
2041,102.05000000000001,straightline,349,stanley,0.4,183.32980346679688,39.44684982299805,0.5746967196464539,0.011018323872335188,0.35,0.0,0.0045826849793824875,0.4032390713691712,274,-1,5.968233693828096,49.94281958560244
2042,102.10000000000001,straightline,349,stanley,0.4,183.62472534179688,39.45197677612305,0.5562998056411743,0.0115265038349985,0.35,0.0,0.004675350350417974,0.4216359853744507,274,-1,5.884724687182711,49.64785317468792
2043,102.15,straightline,349,stanley,0.4,183.92173767089844,39.45695877075195,0.5731398463249207,0.011065197805787644,0.15,0.0,0.004587399784645407,0.40479594469070435,274,-1,6.002930591149747,49.35079907137219
2044,102.2,straightline,349,stanley,0.4,184.2186279296875,39.462100982666016,0.5570130348205566,0.011508411285165094,0.35,0.0,0.004661726586347191,0.42092275619506836,274,-1,5.893467072316648,49.05386430135807
2045,102.25,straightline,349,stanley,0.4,184.51690673828125,39.46712875366211,0.5664917230606079,0.011255483773931459,0.15,0.0,0.0045987842961369915,0.41144406795501715,275,-1,6.021914693386075,48.75554312397159
2046,102.30000000000001,straightline,349,stanley,0.4,184.8139190673828,39.472267150878906,0.5513861179351807,0.011670168372926757,0.35,0.0,0.004667213536938808,0.42654967308044434,275,-1,5.9116807753733385,48.45848636610394
2047,102.35000000000001,straightline,349,stanley,0.4,185.11129760742188,39.47725296020508,0.5723920464515686,0.011086883521309711,0.35,0.0,0.004576826854961399,0.40554374456405645,275,-1,5.992927641245553,48.161066039728276
2048,102.4,straightline,349,stanley,0.4,185.40684509277344,39.48237609863281,0.5606362223625183,0.01140283578081538,0.35,0.0,0.004655000560582582,0.41729956865310674,275,-1,5.861697610640515,47.86547417368331
2049,102.45,straightline,349,stanley,0.4,185.7039031982422,39.48740005493164,0.5705556869506836,0.011136783058610107,0.15,0.0,0.004608224270442859,0.40738010406494146,275,-1,6.003213566278422,47.56837358828892
2050,102.5,straightline,349,stanley,0.4,186.00042724609375,39.4925422668457,0.5543273687362671,0.011583213715022791,0.35,0.0,0.0046888013299732495,0.4236084222793579,275,-1,5.905679725897823,47.271804976897094
2051,102.55000000000001,straightline,349,stanley,0.4,186.2977752685547,39.49753189086914,0.5738697648048401,0.011041850725064153,0.35,0.0,0.00460360369550644,0.40406602621078486,276,-1,5.994279758876047,46.974415098796285
2052,102.60000000000001,straightline,349,stanley,0.4,186.5935821533203,39.50266647338867,0.5605878233909607,0.01140108844813312,0.35,0.0,0.0046887925600369905,0.41734796762466436,276,-1,5.86892178028635,46.67856367682762
2053,102.65,straightline,349,stanley,0.4,186.89120483398438,39.507694244384766,0.5689520835876465,0.011180607754238429,0.15,0.0,0.004636194597368596,0.4089837074279785,276,-1,6.015803812579013,46.38089853273012
2054,102.7,straightline,349,stanley,0.4,187.18844604492188,39.51283645629883,0.5526215434074402,0.011631707114634774,0.35,0.0,0.004704531568651298,0.42531424760818487,276,-1,5.9227073567191875,46.08361286180609
2055,102.75,straightline,349,stanley,0.4,187.4865264892578,39.517826080322266,0.5723298788070679,0.011087069608730415,0.15,0.0,0.0046059793674594895,0.40560591220855713,276,-1,6.011983533796852,45.78549066709398
2056,102.80000000000001,straightline,349,stanley,0.4,187.782958984375,39.52296829223633,0.5592632293701172,0.011440048616274274,0.35,0.0,0.004688118991447034,0.4186725616455078,276,-1,5.880608178142203,45.489013595677484
2057,102.85000000000001,straightline,349,stanley,0.4,188.0800018310547,39.527976989746094,0.5721208453178406,0.01108917784437027,0.35,0.0,0.004626346562221774,0.40581494569778437,276,-1,5.992411025003084,45.191928525637834
2058,102.9,straightline,349,stanley,0.4,188.3753662109375,39.533103942871094,0.5572187900543213,0.011496312533271979,0.35,0.0,0.004708499447825046,0.4207170009613037,277,-1,5.881962736548124,44.89651967481228
2059,102.95,straightline,349,stanley,0.4,188.6719512939453,39.538082122802734,0.5761515498161316,0.010974026606976363,0.35,0.0,0.004624026707895421,0.4017842411994934,277,-1,5.989545358456986,44.59989282019683
2060,103.0,straightline,349,stanley,0.4,188.968017578125,39.543216705322266,0.5612531900405884,0.011381321632338572,0.35,0.0,0.0047047883064640405,0.4166826009750367,277,-1,5.880441740521122,44.30378203680149
2061,103.05000000000001,straightline,349,stanley,0.4,189.26661682128906,39.54826354980469,0.5673488974571228,0.011226652674243198,0.15,0.0,0.004654593697704854,0.4105868935585022,277,-1,6.042546982508568,44.00514014704691
2062,103.10000000000001,straightline,349,stanley,0.4,189.56532287597656,39.553428649902344,0.551179826259613,0.011673940791678106,0.35,0.0,0.0047208144874157166,0.42675596475601196,277,-1,5.955133980051242,43.7063894554704
2063,103.15,straightline,349,stanley,0.4,189.8650360107422,39.55844497680664,0.570992112159729,0.0111265216499378,0.15,0.0,0.00462109554477106,0.40694367885589605,277,-1,6.046540624071581,43.406634351876974
2064,103.2,straightline,349,stanley,0.4,190.16343688964844,39.56361389160156,0.558496356010437,0.01146439358436341,0.35,0.0,0.004696339024296194,0.419439435005188,277,-1,5.918518279581109,43.108188727575566
2065,103.25,straightline,349,stanley,0.4,190.46240234375,39.56865310668945,0.5720248222351074,0.011094348189549673,0.15,0.0,0.0046331199255286535,0.4059109687805176,278,-1,6.030132172635781,42.809180808883674
2066,103.30000000000001,straightline,349,stanley,0.4,190.75955200195312,39.57380676269531,0.5586026906967163,0.011458403285454551,0.35,0.0,0.004714461886139803,0.41933310031890875,278,-1,5.9077910498047,42.5119864843229
2067,103.35000000000001,straightline,349,stanley,0.4,191.05670166015625,39.578792572021484,0.5800426006317139,0.010862225531558436,0.35,0.0,0.0046279816153052735,0.3978931903839112,278,-1,5.987228079186735,42.21479500600057
2068,103.4,straightline,349,stanley,0.4,191.3518524169922,39.583919525146484,0.5680697560310364,0.011182925529438816,0.35,0.0,0.004716740575197879,0.4098660349845886,278,-1,5.854734979166706,41.91959974838476
2069,103.45,straightline,349,stanley,0.4,191.64846801757812,39.58893585205078,0.5773206353187561,0.010936135354318668,0.35,0.0,0.00466988839668686,0.4006151556968689,278,-1,5.995711312482852,41.622941733381566
2070,103.5,straightline,349,stanley,0.4,191.94485473632812,39.59408187866211,0.5592949986457825,0.011434396232328017,0.35,0.0,0.004756623444526747,0.4186407923698426,278,-1,5.912796194730033,41.32651036843719
2071,103.55000000000001,straightline,349,stanley,0.4,192.24337768554688,39.599082946777344,0.5762583613395691,0.01097045585073163,0.15,0.0,0.00466196127333,0.40167742967605596,278,-1,6.032489066178035,41.027945537556434
2072,103.60000000000001,straightline,349,stanley,0.4,192.541748046875,39.604248046875,0.5604681372642517,0.011404444451954808,0.35,0.0,0.004734765517118204,0.41746765375137335,279,-1,5.925745326858376,40.729530491899006
2073,103.65,straightline,349,stanley,0.4,192.84158325195312,39.60929489135742,0.5703237056732178,0.011141663133783635,0.15,0.0,0.004663476288187467,0.4076120853424073,279,-1,6.054138045677084,40.42965281765266
2074,103.7,straightline,349,stanley,0.4,193.1400909423828,39.614463806152344,0.5555564165115356,0.011545944632599035,0.35,0.0,0.004736896775845924,0.4223793745040894,279,-1,5.941646197080728,40.13110039814879
2075,103.75,straightline,349,stanley,0.4,193.43885803222656,39.619468688964844,0.5766255259513855,0.01096144699134536,0.15,0.0,0.004641881907720539,0.4013102650642395,279,-1,6.0241438572093085,39.83229139688301
2076,103.80000000000001,straightline,349,stanley,0.4,193.7357635498047,39.6246223449707,0.5647246837615967,0.011280281534012357,0.35,0.0,0.004727390706884093,0.4132111072540283,279,-1,5.887849441671711,39.53534117885533
2077,103.85000000000001,straightline,349,stanley,0.4,194.032958984375,39.62963104248047,0.5784453749656677,0.010904719735258223,0.35,0.0,0.00466301400356358,0.3994904160499573,279,-1,5.995346681116493,39.238103542365046
2078,103.9,straightline,349,stanley,0.4,194.32839965820312,39.634769439697266,0.5634177327156067,0.01131366991116386,0.35,0.0,0.004759121318614286,0.4145180583000183,280,-1,5.88313422996874,38.942618216611955
2079,103.95,straightline,349,stanley,0.4,194.625,39.63975143432617,0.5817354917526245,0.01080864691331204,0.35,0.0,0.004678202292898904,0.3962002992630005,280,-1,5.990532367989052,38.645976039874384
2080,104.0,straightline,349,stanley,0.4,194.92111206054688,39.64488983154297,0.5661356449127197,0.01123556201308537,0.35,0.0,0.004761996750862712,0.41180014610290533,280,-1,5.881655885560131,38.34981942406636
2081,104.05000000000001,straightline,349,stanley,0.4,195.21981811523438,39.649940490722656,0.5713144540786743,0.011107127518212462,0.15,0.0,0.004713793291860615,0.4066213369369507,280,-1,6.044815566429996,38.051070673203384
2082,104.10000000000001,straightline,349,stanley,0.4,195.5187225341797,39.655113220214844,0.5545101165771484,0.011572128440599497,0.35,0.0,0.00478425680849518,0.4234256744384766,280,-1,5.958698919201154,37.75212151843882
2083,104.15,straightline,349,stanley,0.4,195.81871032714844,39.66014099121094,0.573991596698761,0.01103356842047318,0.15,0.0,0.004691292597350362,0.403944194316864,280,-1,6.050688855894006,37.45209160097098
2084,104.2,straightline,349,stanley,0.4,196.1172637939453,39.66530990600586,0.5610421895980835,0.01138451414565122,0.35,0.0,0.004763931802780242,0.41689360141754156,280,-1,5.922304306864542,37.15349341277195
2085,104.25,straightline,349,stanley,0.4,196.41639709472656,39.670352935791016,0.5742853879928589,0.011023119481626356,0.15,0.0,0.004697587575098399,0.4036504030227661,281,-1,6.034383649977888,36.8543176063123
2086,104.30000000000001,straightline,349,stanley,0.4,196.7137451171875,39.67551040649414,0.5605027675628662,0.011397408019786344,0.35,0.0,0.004779358121009485,0.41743302345275884,281,-1,5.913211884208942,36.55692488363015
2087,104.35000000000001,straightline,349,stanley,0.4,197.01112365722656,39.680503845214844,0.5815998911857605,0.010810766261276784,0.35,0.0,0.004696599722279606,0.39633589982986456,281,-1,5.993521340061961,36.2595044260732
2088,104.4,straightline,349,stanley,0.4,197.3065948486328,39.68562698364258,0.5693682432174683,0.01113999717394062,0.35,0.0,0.0047760755649484165,0.4085675477981568,281,-1,5.863598493625768,35.96398884696314
2089,104.45,straightline,349,stanley,0.4,197.60353088378906,39.690643310546875,0.5786591172218323,0.010892759195554392,0.15,0.0,0.004723754410837365,0.3992766737937927,281,-1,6.004429326537151,35.66701044312708
2090,104.5,straightline,349,stanley,0.4,197.90003967285156,39.69579315185547,0.5611171126365662,0.011375832999707519,0.35,0.0,0.004812220181024812,0.41681867837905884,281,-1,5.908961958612762,35.370456963333105
2091,104.55000000000001,straightline,349,stanley,0.4,198.19737243652344,39.700782775878906,0.5793779492378235,0.010871549350041849,0.15,0.0,0.004726428922899744,0.39855784177780157,281,-1,6.000004488705685,35.07308233994228
2092,104.60000000000001,straightline,349,stanley,0.4,198.4932403564453,39.7059211730957,0.5647859573364258,0.011267122302042756,0.35,0.0,0.004815244270483743,0.4131498336791993,282,-1,5.869894625778801,34.77716983148991
2093,104.65,straightline,349,stanley,0.4,198.78968811035156,39.7109260559082,0.5762643218040466,0.01095543668472537,0.35,0.0,0.004759814368606204,0.40167146921157837,282,-1,5.983533417057769,34.480679832599385
2094,104.7,straightline,349,stanley,0.4,199.08460998535156,39.71604919433594,0.5602128505706787,0.01139449280743454,0.35,0.0,0.004848665598017926,0.4177229404449463,282,-1,5.874658188142849,34.185713492240936
2095,104.75,straightline,349,stanley,0.4,199.38082885742188,39.72102355957031,0.5782588720321655,0.010897750229140827,0.35,0.0,0.004766628974293145,0.3996769189834595,282,-1,5.984066291227281,33.889452858892476
2096,104.80000000000001,straightline,349,stanley,0.4,199.67662048339844,39.72615051269531,0.5626218318939209,0.011326327848781794,0.35,0.0,0.004844449982985689,0.41531395912170416,282,-1,5.876760767727229,33.59361682789753
2097,104.85000000000001,straightline,349,stanley,0.4,199.97503662109375,39.73119354248047,0.5681747198104858,0.011187832374494491,0.15,0.0,0.004793566361517039,0.4097610712051392,282,-1,6.040623454681137,33.29515808145878
2098,104.9,straightline,349,stanley,0.4,200.27365112304688,39.73634719848633,0.5517570376396179,0.011643126396795453,0.35,0.0,0.004850761341881544,0.4261787533760071,283,-1,5.95475360066001,32.99649912718065
2099,104.95,straightline,349,stanley,0.4,200.5734100341797,39.74136734008789,0.5713678598403931,0.011101529972872047,0.15,0.0,0.004754075258632075,0.40656793117523193,283,-1,6.048243829756491,32.69669818682024
2100,105.0,straightline,349,stanley,0.4,200.87185668945312,39.74653625488281,0.5588478446006775,0.011439942829414488,0.35,0.0,0.004828537455928634,0.41908794641494757,283,-1,5.92093282934283,32.39820679718959
2101,105.05000000000001,straightline,349,stanley,0.4,201.1708984375,39.7515754699707,0.5725229382514954,0.011066303531183227,0.15,0.0,0.0047631621690456824,0.40541285276412964,283,-1,6.033730343492557,32.09912259444621
2102,105.10000000000001,straightline,349,stanley,0.4,201.4682159423828,39.75672912597656,0.5590785145759583,0.011431215837859547,0.35,0.0,0.004841639428152052,0.41885727643966675,283,-1,5.913340864738246,31.801760452124714
2103,105.15,straightline,349,stanley,0.4,201.765625,39.76171875,0.5804858207702637,0.010836358299860162,0.35,0.0,0.004754546032979359,0.39744997024536133,283,-1,5.994585940774,31.50430954500931
2104,105.2,straightline,349,stanley,0.4,202.06114196777344,39.766845703125,0.5684859156608582,0.011158443521457334,0.35,0.0,0.00483705473504336,0.40944987535476685,283,-1,5.864106000857011,31.208748134205646
2105,105.25,straightline,349,stanley,0.4,202.35821533203125,39.77186584472656,0.5779357552528381,0.010906660749174783,0.15,0.0,0.0047870579269381295,0.40000003576278687,284,-1,6.0060122502835585,30.911632356181723
2106,105.30000000000001,straightline,349,stanley,0.4,202.65484619140625,39.77701187133789,0.5606603622436523,0.011382762416841462,0.35,0.0,0.004869626136225607,0.41727542877197266,284,-1,5.9116011662155,30.61495689102451
2107,105.35000000000001,straightline,349,stanley,0.4,202.9523162841797,39.78200149536133,0.5790165066719055,0.01087614174202384,0.15,0.0,0.004781491031414812,0.39891928434371954,284,-1,6.0031640946445695,30.31744495720084
2108,105.4,straightline,349,stanley,0.4,203.2483367919922,39.787139892578125,0.5646096467971802,0.011266795518502957,0.35,0.0,0.0048668480538357735,0.4133261442184449,284,-1,5.874139908927801,30.021379885739485
2109,105.45,straightline,349,stanley,0.4,203.54498291015625,39.792144775390625,0.5763010382652283,0.010949529000281595,0.35,0.0,0.004808032595634406,0.4016347527503968,284,-1,5.988292089999571,29.72469155068129
2110,105.5,straightline,349,stanley,0.4,203.8401336669922,39.79726791381836,0.5603920817375183,0.011384948506918485,0.35,0.0,0.004892977413903248,0.4175437092781067,284,-1,5.880218665097803,29.42949636440483
2111,105.55000000000001,straightline,349,stanley,0.4,204.1366424560547,39.802242279052734,0.578516960144043,0.010886624148452118,0.35,0.0,0.004805992669397486,0.3994188308715821,284,-1,5.99039106747205,29.13294585458693
2112,105.60000000000001,straightline,349,stanley,0.4,204.43270874023438,39.807376861572266,0.5630095601081848,0.01131109261872566,0.35,0.0,0.0048876083190338895,0.4149262309074402,285,-1,5.883800323241103,28.83683507874277
2113,105.65,straightline,349,stanley,0.4,204.73147583007812,39.81242370605469,0.5687447786331177,0.011167734638498806,0.15,0.0,0.004834549008769924,0.4091910123825074,285,-1,6.047919391748441,28.538025365702115
2114,105.7,straightline,349,stanley,0.4,205.03038024902344,39.817588806152344,0.5522571206092834,0.011624443345423226,0.35,0.0,0.004897384242156959,0.4256786704063416,285,-1,5.962857187973979,28.23907634514641
2115,105.75,straightline,349,stanley,0.4,205.3304901123047,39.82260513305664,0.572128176689148,0.011076500045748443,0.15,0.0,0.004790894186864642,0.40580761432647705,285,-1,6.056178734215573,27.93892456589398
2116,105.80000000000001,straightline,349,stanley,0.4,205.62925720214844,39.827781677246094,0.5595181584358215,0.011417322506200953,0.35,0.0,0.004867515691808702,0.41841763257980347,285,-1,5.930210686541079,27.640112661786265
2117,105.85000000000001,straightline,349,stanley,0.4,205.92877197265625,39.832828521728516,0.5732391476631165,0.011042511303824535,0.15,0.0,0.004801695438477993,0.40469664335250854,285,-1,6.043619871521356,27.340555374742195
2118,105.9,straightline,349,stanley,0.4,206.22657775878906,39.83799362182617,0.5598771572113037,0.011404774126749296,0.35,0.0,0.004883281445350853,0.4180586338043213,285,-1,5.9241632225373255,27.042704831072538
2119,105.95,straightline,349,stanley,0.4,206.52447509765625,39.84299087524414,0.5813236832618713,0.010808848638284222,0.15,0.0,0.004796336707388663,0.39661210775375366,286,-1,6.005983036580239,26.74476558242761
2120,106.0,straightline,349,stanley,0.4,206.82040405273438,39.8481330871582,0.5692684054374695,0.011130966436119239,0.35,0.0,0.004887070435890541,0.4086673855781556,286,-1,5.869103986852256,26.44879198924607
2121,106.05000000000001,straightline,349,stanley,0.4,207.1166534423828,39.85313415527344,0.5825907588005066,0.010766311524497954,0.35,0.0,0.004831211948713067,0.3953450322151184,286,-1,5.977242915471077,26.152500390397428
2122,106.10000000000001,straightline,349,stanley,0.4,207.4112091064453,39.85825729370117,0.5667458772659302,0.01119836629629134,0.35,0.0,0.004926313435953396,0.4111899137496949,286,-1,5.865965364354051,25.857900215342056
2123,106.15,straightline,349,stanley,0.4,207.70706176757812,39.86322784423828,0.5841737985610962,0.01071925823658149,0.35,0.0,0.004846712928433457,0.3937619924545288,286,-1,5.97583107783004,25.56200580354963
2124,106.2,straightline,349,stanley,0.4,208.00245666503906,39.86835479736328,0.5677307844161987,0.011170011000796386,0.35,0.0,0.004931305049773658,0.4102050065994263,286,-1,5.869613280268891,25.266566450942282
2125,106.25,straightline,349,stanley,0.4,208.30052185058594,39.87339401245117,0.5723601579666138,0.011057974585831583,0.15,0.0,0.004883451168168112,0.40557563304901123,287,-1,6.034578847743421,24.96845867105157
2126,106.30000000000001,straightline,349,stanley,0.4,208.59884643554688,39.8785514831543,0.5548619627952576,0.01154323049147719,0.35,0.0,0.004948554359869576,0.4230738282203675,287,-1,5.950051391428413,24.670089533822047
2127,106.35000000000001,straightline,349,stanley,0.4,208.8983154296875,39.88356399536133,0.573883056640625,0.011019019174741143,0.15,0.0,0.004849188114153558,0.40405273437500006,287,-1,6.044206180261272,24.370578595501428
2128,106.4,straightline,349,stanley,0.4,209.19647216796875,39.88872528076172,0.5605589151382446,0.011380557582890354,0.35,0.0,0.004920970148983567,0.4173768758773804,287,-1,5.917940432535569,24.07237721719354
2129,106.45,straightline,349,stanley,0.4,209.49534606933594,39.89375686645508,0.5736003518104553,0.01102589189022691,0.15,0.0,0.0048508312803578636,0.40433543920516973,287,-1,6.032422510649056,23.77346096522352
2130,106.5,straightline,349,stanley,0.4,209.79254150390625,39.8989143371582,0.5597023963928223,0.01140302151430677,0.35,0.0,0.004935206100364202,0.41823339462280273,287,-1,5.913253199958951,23.476220819024697
2131,106.55000000000001,straightline,349,stanley,0.4,210.08987426757812,39.903900146484375,0.5807942152023315,0.01081769037140768,0.35,0.0,0.004845600700615368,0.3971415758132935,287,-1,5.995600302549513,23.178846257388454
2132,106.60000000000001,straightline,349,stanley,0.4,210.3854217529297,39.90903091430664,0.5686269402503967,0.011143979277384563,0.35,0.0,0.0049322567405518675,0.4093088507652283,288,-1,5.866189961236626,22.883254277141255
2133,106.65,straightline,349,stanley,0.4,210.68251037597656,39.91404724121094,0.5778313875198364,0.010900128798736784,0.15,0.0,0.004877331312345563,0.4001044034957886,288,-1,6.009721701218241,22.58612330703887
2134,106.7,straightline,349,stanley,0.4,210.9793243408203,39.91919708251953,0.5606101155281067,0.011374546409273854,0.35,0.0,0.0049605885343425036,0.4173256754875183,288,-1,5.916166201767001,22.289264706748913
2135,106.75,straightline,349,stanley,0.4,211.27713012695312,39.9241943359375,0.5790631175041199,0.010865134287843605,0.15,0.0,0.004874352309769682,0.3988726735115052,288,-1,6.008287084430105,21.99141699667641
2136,106.80000000000001,straightline,349,stanley,0.4,211.57345581054688,39.92933654785156,0.5647305250167847,0.011253655444270694,0.35,0.0,0.0049583149256239014,0.4132052659988404,288,-1,5.879561736647459,21.69504673774831
2137,106.85000000000001,straightline,349,stanley,0.4,211.8704376220703,39.934349060058594,0.5765446424484253,0.010932868142693153,0.35,0.0,0.004901398347660509,0.40139114856719976,288,-1,5.993980510460107,21.39802262840566
2138,106.9,straightline,349,stanley,0.4,212.1659393310547,39.93947982788086,0.5607641339302063,0.011364327723114721,0.35,0.0,0.004987981618757799,0.41717165708541876,288,-1,5.8864579911581245,21.10247642113468
2139,106.95,straightline,349,stanley,0.4,212.4628143310547,39.94446563720703,0.5789903998374939,0.010862646480578827,0.35,0.0,0.0049070430923625116,0.3989453911781311,289,-1,5.997043287621738,20.80555955771216
2140,107.0,straightline,349,stanley,0.4,212.75930786132812,39.94960403442383,0.5635905861854553,0.011284437982808145,0.35,0.0,0.004984326865088187,0.41434520483016973,289,-1,5.891340213799483,20.509021542252185
2141,107.05000000000001,straightline,349,stanley,0.4,213.05848693847656,39.954654693603516,0.5695091485977173,0.011136452021615542,0.15,0.0,0.004928050156390803,0.4084266424179077,289,-1,6.055635946632096,20.209799836680926
2142,107.10000000000001,straightline,349,stanley,0.4,213.35787963867188,39.9598274230957,0.553078830242157,0.01159154109440211,0.35,0.0,0.004990179995920558,0.424856960773468,289,-1,5.971198385712881,19.910362485130808
2143,107.15,straightline,349,stanley,0.4,213.658447265625,39.96485137939453,0.5729790329933167,0.011042957175379448,0.15,0.0,0.004883505401590013,0.4049567580223084,289,-1,6.065145915960551,19.60975287530993
2144,107.2,straightline,349,stanley,0.4,213.95770263671875,39.97003173828125,0.5604272484779358,0.011382460328035911,0.35,0.0,0.004955607371053026,0.4175085425376892,289,-1,5.939315475212196,19.31045270593084
2145,107.25,straightline,349,stanley,0.4,214.2576446533203,39.97507858276367,0.5741735100746155,0.011007875067800784,0.15,0.0,0.004882495150255611,0.4037622809410095,289,-1,6.052936619737091,19.01046823308856
2146,107.30000000000001,straightline,349,stanley,0.4,214.55593872070312,39.980247497558594,0.5608012676239014,0.011370772618124667,0.35,0.0,0.004960155245305684,0.41713452339172363,290,-1,5.933889522524923,18.712129425192202
2147,107.35000000000001,straightline,349,stanley,0.4,214.85430908203125,39.985252380371094,0.5821505188941956,0.010777868631562427,0.15,0.0,0.004871911489827957,0.39578527212142944,290,-1,6.015989476501758,18.4137170908505
2148,107.4,straightline,349,stanley,0.4,215.15074157714844,39.99039077758789,0.5700742602348328,0.011101896295881066,0.35,0.0,0.004950236972191734,0.4078615307807923,290,-1,5.879768172485475,18.117240106433066
2149,107.45,straightline,349,stanley,0.4,215.447509765625,39.995399475097656,0.583451509475708,0.010735879252595462,0.35,0.0,0.0048931522363379314,0.39448428153991705,290,-1,5.987812081491697,17.820429654876797
2150,107.5,straightline,349,stanley,0.4,215.74261474609375,40.00053024291992,0.5676601529121399,0.011166578422606113,0.35,0.0,0.004986506620082879,0.41027563810348516,290,-1,5.8770891035671236,17.52528012781183
2151,107.55000000000001,straightline,349,stanley,0.4,216.0389862060547,40.00550842285156,0.5851671099662781,0.010685406855923008,0.35,0.0,0.004905679863886611,0.3927686810493469,290,-1,5.986860639786978,17.228866861337824
2152,107.60000000000001,straightline,349,stanley,0.4,216.3349609375,40.010643005371094,0.5687705874443054,0.011134865701567801,0.35,0.0,0.004989118505389691,0.4091652035713196,291,-1,5.88031543139525,16.932847643508094
2153,107.65,straightline,349,stanley,0.4,216.63360595703125,40.01569366455078,0.5734968781471252,0.011020087651847178,0.15,0.0,0.0049419567560256925,0.40443891286849976,291,-1,6.04516644432233,16.634159921720386
2154,107.7,straightline,349,stanley,0.4,216.93251037597656,40.02085876464844,0.5560210943222046,0.011504933567487935,0.35,0.0,0.005004791989412728,0.4219146966934204,291,-1,5.960983727531859,16.335210918561806
2155,107.75,straightline,349,stanley,0.4,217.23255920410156,40.02587890625,0.5750663876533508,0.010980306480397347,0.15,0.0,0.0049031577853822774,0.40286940336227417,291,-1,6.054962741165584,16.03512009733232
2156,107.80000000000001,straightline,349,stanley,0.4,217.5313262939453,40.03105545043945,0.5618032813072205,0.011339517182451311,0.35,0.0,0.004979779290326336,0.41613250970840454,291,-1,5.928916270579931,15.736308213684813
2157,107.85000000000001,straightline,349,stanley,0.4,217.83078002929688,40.036094665527344,0.5749521851539612,0.010982053148621737,0.15,0.0,0.004907372463386201,0.4029836058616639,291,-1,6.0428876667251155,15.436812082170196
2158,107.9,straightline,349,stanley,0.4,218.12855529785156,40.04125213623047,0.5610911250114441,0.011359158739850845,0.35,0.0,0.004981851041830576,0.41684466600418096,291,-1,5.923781206448434,15.13899220225625
2159,107.95,straightline,349,stanley,0.4,218.42642211914062,40.04624938964844,0.5821323990821838,0.010774978275209034,0.15,0.0,0.004895166731277914,0.39580339193344116,292,-1,6.006105186295437,14.841083465144761
2160,108.0,straightline,349,stanley,0.4,218.7223358154297,40.051387786865234,0.5697813630104065,0.011105744673415519,0.35,0.0,0.0049823467455655515,0.4081544280052185,292,-1,5.8697801208888345,14.545125218231883
2161,108.05000000000001,straightline,349,stanley,0.4,219.01864624023438,40.05638885498047,0.582868218421936,0.010748174857939882,0.35,0.0,0.004925446548749977,0.395067572593689,292,-1,5.9785080255130705,14.24877259635309
2162,108.10000000000001,straightline,349,stanley,0.4,219.3132781982422,40.0615119934082,0.5668888092041016,0.011184080936788384,0.35,0.0,0.005019245898942679,0.41104698181152344,292,-1,5.8677700271345,13.954096166829055
2163,108.15,straightline,349,stanley,0.4,219.6092071533203,40.06647872924805,0.5842680335044861,0.010707115772626513,0.35,0.0,0.004934529112751347,0.39366775751113897,292,-1,5.977738428882292,13.658125535797035
2164,108.2,straightline,349,stanley,0.4,219.9047088623047,40.07160949707031,0.5677571296691895,0.011159388167636461,0.35,0.0,0.005021112383848636,0.4101786613464356,292,-1,5.871172019500854,13.362579352337887
2165,108.25,straightline,349,stanley,0.4,220.20291137695312,40.0766487121582,0.5723404288291931,0.011049311194472259,0.15,0.0,0.004970060604489578,0.40559536218643194,292,-1,6.036491338294775,13.064334269197682
2166,108.30000000000001,straightline,349,stanley,0.4,220.50135803222656,40.08180618286133,0.5548021197319031,0.01153572682415592,0.35,0.0,0.005034194855392152,0.423133671283722,293,-1,5.952322108820945,12.765843107481889
2167,108.35000000000001,straightline,349,stanley,0.4,220.80099487304688,40.08681869506836,0.5738529562950134,0.01101111276907571,0.15,0.0,0.004931963908171353,0.40408283472061163,293,-1,6.046483419616876,12.466164343812894
2168,108.4,straightline,349,stanley,0.4,221.09933471679688,40.09198760986328,0.5605536103248596,0.011371281162908765,0.35,0.0,0.005008249097334591,0.4173821806907654,293,-1,5.920389805703661,12.167779791017487
2169,108.45,straightline,349,stanley,0.4,221.3983612060547,40.09701919555664,0.5736446380615234,0.011015633166056655,0.15,0.0,0.004935505954613633,0.40429115295410156,293,-1,6.034651502813186,11.868710976978932
2170,108.5,straightline,349,stanley,0.4,221.6956787109375,40.102169036865234,0.559822142124176,0.011391515420068577,0.35,0.0,0.005010169072096238,0.41811364889144903,293,-1,5.915559448961755,11.571348943048028
2171,108.55000000000001,straightline,349,stanley,0.4,221.9931640625,40.10715866088867,0.5809360146522522,0.010805538218194554,0.35,0.0,0.004921773539875917,0.3969997763633728,293,-1,5.99803807781288,11.27382175258913
2172,108.60000000000001,straightline,349,stanley,0.4,222.288818359375,40.11228942871094,0.5687993764877319,0.011131037796281608,0.35,0.0,0.005006346160536213,0.4091364145278931,294,-1,5.868872630687542,10.97812301839355
2173,108.65,straightline,349,stanley,0.4,222.5861053466797,40.117305755615234,0.5782505869865417,0.010880620419590212,0.15,0.0,0.004948035176006081,0.39968520402908325,294,-1,6.011645397368368,10.68079372246745
2174,108.7,straightline,349,stanley,0.4,222.88299560546875,40.12245559692383,0.5609201788902283,0.011358140679395206,0.35,0.0,0.005029990260955394,0.4170156121253968,294,-1,5.917597914657577,10.383858886082361
2175,108.75,straightline,349,stanley,0.4,223.18087768554688,40.1274528503418,0.579296886920929,0.010851180872894807,0.15,0.0,0.004942451899334946,0.39863890409469604,294,-1,6.009932756855849,10.085934897701156
2176,108.80000000000001,straightline,349,stanley,0.4,223.47727966308594,40.13259506225586,0.5648841857910156,0.01124199863084085,0.35,0.0,0.005025112378141539,0.4130516052246094,294,-1,5.881377174888074,9.789488408261459
2177,108.85000000000001,straightline,349,stanley,0.4,223.7743682861328,40.13760757446289,0.5766255855560303,0.010923637048707389,0.35,0.0,0.00496637280831147,0.4013102054595947,294,-1,5.995966048577349,9.492357517660519
2178,108.9,straightline,349,stanley,0.4,224.06997680664062,40.14274215698242,0.5608118772506714,0.011355715422202782,0.35,0.0,0.005054947229165848,0.41712391376495367,294,-1,5.888563293399879,9.196704511164821
2179,108.95,straightline,349,stanley,0.4,224.366943359375,40.147727966308594,0.5789996385574341,0.01085543605732454,0.35,0.0,0.004972446138313406,0.3989361524581909,295,-1,5.999195833756285,8.89969611879361
2180,109.0,straightline,349,stanley,0.4,224.66357421875,40.15286636352539,0.5635855793952942,0.011277781999617717,0.35,0.0,0.005047386064353355,0.41435021162033087,295,-1,5.893544754328292,8.603020858732433
2181,109.05000000000001,straightline,349,stanley,0.4,224.96286010742188,40.15791702270508,0.5695029497146606,0.011130191321321077,0.15,0.0,0.004989286363789295,0.40843284130096436,295,-1,6.057699604577288,8.303692380281458
2182,109.10000000000001,straightline,349,stanley,0.4,225.26235961914062,40.1630859375,0.5530681610107422,0.011585952245244249,0.35,0.0,0.0050457790698286075,0.42486763000488287,295,-1,5.973393931172186,8.004148364827673
2183,109.15,straightline,349,stanley,0.4,225.56301879882812,40.168113708496094,0.5729982256889343,0.011036348741686183,0.15,0.0,0.0049413560526646765,0.40493756532669073,295,-1,6.0672571322441575,7.703447162164915
2184,109.2,straightline,349,stanley,0.4,225.8623809814453,40.17329406738281,0.5604772567749023,0.01137505580351101,0.35,0.0,0.005011635030261013,0.41745853424072266,295,-1,5.941480379643519,7.4040402803025165
2185,109.25,straightline,349,stanley,0.4,226.16241455078125,40.1783447265625,0.5742100477218628,0.011000701685173897,0.15,0.0,0.004940774386630212,0.40372574329376226,295,-1,6.054921551369707,7.1039642338392985
2186,109.30000000000001,straightline,349,stanley,0.4,226.46080017089844,40.18351364135742,0.5608563423156738,0.011363516974223017,0.35,0.0,0.005013318203008892,0.41707944869995117,296,-1,5.935869007669151,6.805533986803559
2187,109.35000000000001,straightline,349,stanley,0.4,226.75927734375,40.188514709472656,0.5822194218635559,0.01077090291480974,0.15,0.0,0.004919437314040723,0.3957163691520691,296,-1,6.017966139986834,6.50701494761943
2188,109.4,straightline,349,stanley,0.4,227.05581665039062,40.19365692138672,0.5701245069503784,0.011095136967681855,0.35,0.0,0.0049997539461615875,0.40781128406524664,296,-1,5.8817839044499785,6.210431223389743
2189,109.45,straightline,349,stanley,0.4,227.35269165039062,40.198665618896484,0.5835499167442322,0.010728015695563682,0.35,0.0,0.004940846218441106,0.3943858742713929,296,-1,5.9896272899685865,5.913514031980636
2190,109.5,straightline,349,stanley,0.4,227.6478729248047,40.20379638671875,0.5677545070648193,0.011158885912209562,0.35,0.0,0.005032898465138429,0.41018128395080566,296,-1,5.878894149226703,5.618288374740562
2191,109.55000000000001,straightline,349,stanley,0.4,227.9443359375,40.20877456665039,0.5852538347244263,0.01067819281254861,0.35,0.0,0.004950509144485006,0.39268195629119873,296,-1,5.988707483148838,5.3217836282710325
2192,109.60000000000001,straightline,349,stanley,0.4,228.2404022216797,40.21390914916992,0.5688410997390747,0.011128351715673,0.35,0.0,0.0050312707430536265,0.40909469127655035,296,-1,5.882358159743218,5.025673050794832
2193,109.65,straightline,349,stanley,0.4,228.5391387939453,40.21895980834961,0.5736048817634583,0.01101266026419358,0.15,0.0,0.004983400480300261,0.4043309092521668,297,-1,6.046819740154245,4.726893898193408
