step,time,route_name,spawn_index,controller_type,tuning_value,x,y,yaw_deg,steer,throttle,brake,cross_track_error,heading_error_deg,closest_waypoint,target_waypoint,speed,distance_to_goal
0,0.0,ccurve,247,stanley,1.2,250.85569763183594,-310.97308349609375,-179.4102020263672,1.937169582729294e-07,0.35,0.0,-3.141317279597818e-07,-1.5258789046077574e-05,0,-1,0.9800000786781311,79.21691570285796
1,0.05,ccurve,247,stanley,1.2,250.85569763183594,-310.97308349609375,-179.4102020263672,-1.617717010085823e-08,0.35,0.0,-3.141317279597818e-07,-1.5258789046077574e-05,0,-1,1.470000147819519,79.21691570285796
2,0.1,ccurve,247,stanley,1.2,250.85569763183594,-310.97308349609375,-179.4102020263672,-1.2112424067074826e-07,0.35,0.0,-3.141317279597818e-07,-1.5258789046077574e-05,0,-1,1.9600002765655518,79.21691570285796
3,0.15000000000000002,ccurve,247,stanley,1.2,250.85569763183594,-310.97308349609375,-179.4102020263672,-1.840924666722266e-07,0.35,0.0,-3.141317279597818e-07,-1.5258789046077574e-05,0,-1,2.450000286102295,79.21691570285796
4,0.2,ccurve,247,stanley,1.2,250.85574340820312,-310.97308349609375,-179.41123962402344,2.9065348075158205e-05,0.35,0.0,1.570658639798909e-07,0.0010223388672067526,0,-1,2.1377133055362654,79.21687843827782
5,0.25,ccurve,247,stanley,1.2,250.85585021972656,-310.97308349609375,-179.4153594970703,0.00014395255685847527,0.35,0.0,1.2565269118391272e-06,0.00514221191407503,0,-1,0.8317166705176308,79.2167914876255
6,0.30000000000000004,ccurve,247,stanley,1.2,250.85585021972656,-310.97308349609375,-179.41671752929688,0.00017343693164135454,0.35,0.0,1.2565269118391272e-06,0.006500244140651711,0,-1,0.2009352682757232,79.2167914876255
7,0.35000000000000003,ccurve,247,stanley,1.2,250.85585021972656,-310.97308349609375,-179.41671752929688,0.00016103771068575194,0.35,0.0,1.2565269118391272e-06,0.006500244140651711,0,-1,0.07588265741005915,79.2167914876255
8,0.4,ccurve,247,stanley,1.2,250.85585021972656,-310.97308349609375,-179.416259765625,0.00015850709002959568,0.35,0.0,1.2565269118391272e-06,0.006042480468760495,0,-1,0.1746245870226796,79.2167914876255
9,0.45,ccurve,247,stanley,1.2,250.85585021972656,-310.97308349609375,-179.41567993164062,0.00014304213555117577,0.35,0.0,1.2565269118391272e-06,0.005462646484398881,0,-1,0.18938574899304145,79.2167914876255
10,0.5,ccurve,247,stanley,1.2,250.85585021972656,-310.97308349609375,-179.41506958007812,0.0001240276039843094,0.35,0.0,1.2565269118391272e-06,0.0048522949218942225,0,-1,0.1689567058135575,79.2167914876255
11,0.55,ccurve,247,stanley,1.2,250.85585021972656,-310.97308349609375,-179.4146270751953,0.00010803846041182699,0.35,0.0,1.2565269118391272e-06,0.004409790039099973,0,-1,0.1374703824391076,79.2167914876255
12,0.6000000000000001,ccurve,247,stanley,1.2,250.85585021972656,-310.97308349609375,-179.41424560546875,9.180504269959259e-05,0.35,0.0,1.2565269118391272e-06,0.004028320312540923,0,-1,0.10598427510850536,79.2167914876255
13,0.65,ccurve,247,stanley,1.2,250.85585021972656,-310.97308349609375,-179.41397094726562,8.256393836445142e-05,0.35,0.0,1.2565269118391272e-06,0.003753662109406193,0,-1,0.07886429385593924,79.2167914876255
14,0.7000000000000001,ccurve,247,stanley,1.2,250.85585021972656,-310.97308349609375,-179.41372680664062,7.558849193466359e-05,0.35,0.0,1.2565269118391272e-06,0.003509521484363619,0,-1,0.057226588405964,79.2167914876255
15,0.75,ccurve,247,stanley,1.2,250.85585021972656,-310.97308349609375,-179.41358947753906,7.166480331990713e-05,0.35,0.0,1.2565269118391272e-06,0.003372192382847143,0,-1,0.04074896601708738,79.2167914876255
16,0.8,ccurve,247,stanley,1.2,250.85585021972656,-310.97308349609375,-179.41348266601562,6.86130455063297e-05,0.35,0.0,1.2565269118391272e-06,0.003265380859371933,0,-1,0.02860063134535187,79.2167914876255
17,0.8500000000000001,ccurve,247,stanley,1.2,250.85585021972656,-310.97308349609375,-179.41348266601562,6.86130455063297e-05,0.35,0.0,1.2565269118391272e-06,0.003265380859371933,0,-1,0.019836857084019676,79.2167914876255
18,0.9,ccurve,247,stanley,1.2,250.85585021972656,-310.97308349609375,-179.41336059570312,6.512532229143579e-05,0.35,0.0,1.2565269118391272e-06,0.003143310546850646,0,-1,0.013628769876774886,79.2167914876255
19,0.9500000000000001,ccurve,247,stanley,1.2,250.85585021972656,-310.97308349609375,-179.41336059570312,6.512532229143579e-05,0.35,0.0,1.2565269118391272e-06,0.003143310546850646,0,-1,0.00928924677656926,79.2167914876255
20,1.0,ccurve,247,stanley,1.2,250.85585021972656,-310.97308349609375,-179.41336059570312,6.512532229143579e-05,0.35,0.0,1.2565269118391272e-06,0.003143310546850646,0,-1,0.006289166096359235,79.2167914876255
21,1.05,ccurve,247,stanley,1.2,250.85585021972656,-310.97308349609375,-179.41336059570312,6.512532229143579e-05,0.35,0.0,1.2565269118391272e-06,0.003143310546850646,0,-1,0.00423302357753307,79.2167914876255
22,1.1,ccurve,247,stanley,1.2,250.85311889648438,-310.97308349609375,-179.4134979248047,0.0002915197482212982,0.35,0.0,-2.6858262740561346e-05,0.0032806396484689,0,-1,0.2667568599009002,79.21901495528186
23,1.1500000000000001,ccurve,247,stanley,1.2,250.81661987304688,-310.9734802246094,-179.41348266601562,0.00010468040222521991,0.35,0.0,-5.8523120949521335e-06,0.003265380859371933,0,-1,1.0098940585788294,79.2489608084392
24,1.2000000000000002,ccurve,247,stanley,1.2,250.7522735595703,-310.97412109375,-179.4159393310547,0.0002012805202230696,0.35,0.0,-2.7363872575408062e-05,0.005722045898436644,0,-1,1.4223168099173975,79.30173355540015
25,1.25,ccurve,247,stanley,1.2,250.6702880859375,-310.97503662109375,-179.42466735839844,0.00036324171239623406,0.35,0.0,4.4200080150272585e-05,0.014450073242207458,0,-1,1.7499426271679799,79.36905494461384
26,1.3,ccurve,247,stanley,1.2,250.57827758789062,-310.9759826660156,-179.42259216308594,0.00030910913588611807,0.35,0.0,4.308772157081897e-05,0.012374877929701798,0,-1,1.9038449610544923,79.44459393386671
27,1.35,ccurve,247,stanley,1.2,250.4789581298828,-310.97698974609375,-179.42120361328125,0.0002871364476821894,0.35,0.0,2.7772736804307363e-05,0.010986328124982072,0,-1,2.038874291214607,79.52616424328102
28,1.4000000000000001,ccurve,247,stanley,1.2,250.3736114501953,-310.9780578613281,-179.42172241210938,0.00031826824993856683,0.35,0.0,1.1448658425046963e-05,0.011505126953159375,0,-1,2.1522273559952914,79.61272870498453
29,1.4500000000000002,ccurve,247,stanley,1.2,250.2630157470703,-310.97918701171875,-179.4199981689453,0.0002775999743416916,0.35,0.0,2.12584549601387e-06,0.009780883789069722,0,-1,2.2526481407419174,79.70365953109176
30,1.5,ccurve,247,stanley,1.2,250.1476287841797,-310.9803771972656,-179.4202423095703,0.0002826457699991996,0.35,0.0,4.516273936603851e-06,0.010025024414061407,0,-1,2.344890083155083,79.79858963032196
31,1.55,ccurve,247,stanley,1.2,250.02780151367188,-310.98162841796875,-179.41854858398438,0.0002200774551580623,0.35,0.0,2.2232458618353865e-05,0.008331298828114798,0,-1,2.4317860115575693,79.89723860935223
32,1.6,ccurve,247,stanley,1.2,249.90374755859375,-310.9828796386719,-179.41880798339844,0.0002482280434018996,0.35,0.0,-3.5586010223263853e-06,0.008590698242203449,0,-1,2.5150405223759633,79.99940281481291
33,1.6500000000000001,ccurve,247,stanley,1.2,249.77557373046875,-310.9842224121094,-179.41725158691406,0.00019541452226307579,0.35,0.0,7.3540050590150535e-06,0.007034301757824204,1,-1,2.595693379821347,80.10505360243678
34,1.7000000000000002,ccurve,247,stanley,1.2,249.6434783935547,-310.9855651855469,-179.41749572753906,0.00021505322458743615,0.35,0.0,-9.662880910102367e-06,0.00727844238281589,1,-1,2.674379982406895,80.21398195343113
35,1.75,ccurve,247,stanley,1.2,249.50746154785156,-310.9869384765625,-179.41604614257812,0.00019261926471077006,0.35,0.0,-3.652973259239949e-05,0.005828857421911853,1,-1,2.7514823201248833,80.32621136516529
36,1.8,ccurve,247,stanley,1.2,249.36764526367188,-310.9884033203125,-179.41619873046875,0.00017851236156372888,0.35,0.0,-1.0958100416724563e-05,0.005981445312474407,1,-1,2.8272392979218566,80.4416827177144
37,1.85,ccurve,247,stanley,1.2,249.22406005859375,-310.9898681640625,-179.41488647460938,0.00014977576484830328,0.35,0.0,-2.4181736644082394e-05,0.004669189453137736,1,-1,2.9017854981296267,80.5603245061635
38,1.9000000000000001,ccurve,247,stanley,1.2,249.07676696777344,-310.99139404296875,-179.4150848388672,0.00014867348625113207,0.35,0.0,-1.4540455159245316e-05,0.0048675537109403,1,-1,2.9752190045121423,80.68212755505554
39,1.9500000000000002,ccurve,247,stanley,1.2,248.9258575439453,-310.9929504394531,-179.4138641357422,0.00011167794964491431,0.35,0.0,-1.1607822107988198e-05,0.0036468505859818725,1,-1,3.0475875069905176,80.80700521660391
40,2.0,ccurve,247,stanley,1.2,248.7713165283203,-310.9945068359375,-179.41416931152344,0.00014192348533138152,0.35,0.0,-4.605686468394472e-05,0.003952026367208757,1,-1,3.11893077837424,80.93495868437952
41,2.0500000000000003,ccurve,247,stanley,1.2,248.61328125,-310.99615478515625,-179.4130096435547,9.51348805266994e-05,0.35,0.0,-2.492610612233291e-05,0.0027923583984346394,1,-1,3.189268085691807,81.065933106231
42,2.1,ccurve,247,stanley,1.2,248.45176696777344,-310.9978332519531,-179.41331481933594,9.398103929493854e-05,0.35,0.0,-9.090403218481834e-06,0.0030975341797124132,1,-1,3.25861799547116,81.19988710043238
43,2.15,ccurve,247,stanley,1.2,248.28683471679688,-310.99951171875,-179.41229248046875,7.60822274188025e-05,0.35,0.0,-2.8437453846125692e-05,0.0020751953125056604,1,-1,3.3269917224586667,81.33675908195166
44,2.2,ccurve,247,stanley,1.2,248.11846923828125,-311.0012512207031,-179.41265869140625,8.253990719640654e-05,0.35,0.0,-2.2092401209937267e-05,0.002441406250018633,1,-1,3.394399684546206,81.47660217784049
45,2.25,ccurve,247,stanley,1.2,247.94674682617188,-311.0030212402344,-179.41175842285156,5.526323951751623e-05,0.35,0.0,-1.978587731966963e-05,0.001541137695282279,1,-1,3.4608518393564367,81.61934215426112
46,2.3000000000000003,ccurve,247,stanley,1.2,247.77175903320312,-311.00482177734375,-179.41207885742188,5.457820267847546e-05,0.35,0.0,-2.4959606541620494e-06,0.001861572265657019,2,-1,3.5263581587292703,81.76490933250344
47,2.35,ccurve,247,stanley,1.2,247.593505859375,-311.0066833496094,-179.4113006591797,1.7750834374773603e-05,0.35,0.0,2.4134257441675924e-05,0.001083374023441952,2,-1,3.5909281789951524,81.91332672229942
48,2.4000000000000004,ccurve,247,stanley,1.2,247.41204833984375,-311.0085144042969,-179.41175842285156,5.087806834981375e-05,0.35,0.0,-1.2735317227918243e-05,0.001541137695282279,2,-1,3.6545713432073184,82.06449825173976
49,2.45,ccurve,247,stanley,1.2,247.22743225097656,-311.0104064941406,-179.4110107421875,3.381299652884195e-05,0.35,0.0,-2.1085603082040584e-05,0.0007934570312611447,2,-1,3.7173007192557064,82.218443291666
50,2.5,ccurve,247,stanley,1.2,247.03970336914062,-311.01239013671875,-179.4114227294922,1.8810304907365985e-05,0.35,0.0,3.0070558800902782e-05,0.0012054443359632392,2,-1,3.7791282457866737,82.37514663593899
51,2.5500000000000003,ccurve,247,stanley,1.2,246.84893798828125,-311.0143127441406,-179.4107666015625,2.135327701606408e-05,0.35,0.0,-1.1061308907460966e-05,0.0005493164062694592,2,-1,3.8400714404466973,82.53446537093745
52,2.6,ccurve,247,stanley,1.2,246.65513610839844,-311.01629638671875,-179.41123962402344,4.05009708877902e-05,0.35,0.0,-2.2417360888513788e-05,0.0010223388672067526,2,-1,3.9001094547406825,82.69647336751862
53,2.6500000000000004,ccurve,247,stanley,1.2,246.45835876464844,-311.0183410644531,-179.4105987548828,1.2570920822887155e-05,0.35,0.0,-3.3693336863368367e-06,0.00038146972655905034,2,-1,3.9591251633683124,82.86112542211487
54,2.7,ccurve,247,stanley,1.2,246.25865173339844,-311.0203857421875,-179.41098022460938,2.887810127549542e-05,0.35,0.0,-1.4477952368299393e-05,0.0007629394531181007,2,-1,4.017168746456612,83.02835502039636
55,2.75,ccurve,247,stanley,1.2,246.05609130859375,-311.0224304199219,-179.41046142578125,3.347364625679e-05,0.35,0.0,-5.495788761450057e-05,0.00024414062504257445,2,-1,4.07426707998234,83.19810417973062
56,2.8000000000000003,ccurve,247,stanley,1.2,245.85069274902344,-311.02459716796875,-179.41070556640625,2.1096707568150643e-05,0.35,0.0,-1.5024663234716046e-05,0.0004882812499833711,3,-1,4.130368782478519,83.37043302931785
57,2.85,ccurve,247,stanley,1.2,245.6425323486328,-311.0267333984375,-179.4102020263672,9.701674914203781e-06,0.35,0.0,-2.1599886572574653e-05,-1.5258789046077574e-05,3,-1,4.1855296838405405,83.54519877001209
58,2.9000000000000004,ccurve,247,stanley,1.2,245.431640625,-311.02886962890625,-179.41050720214844,3.436417212754733e-05,0.35,0.0,-5.628989956283324e-05,0.00028991699218080717,3,-1,4.2397954839258185,83.72239804668574
59,2.95,ccurve,247,stanley,1.2,245.21804809570312,-311.0310974121094,-179.41006469726562,8.101140955540904e-06,0.35,0.0,-2.7232686488569413e-05,-0.00015258789061344235,3,-1,4.293194557646666,83.90206079665315
60,3.0,ccurve,247,stanley,1.2,245.00181579589844,-311.0333251953125,-179.4103240966797,1.4509851521789649e-05,0.35,0.0,-2.5347867882826152e-05,0.00010681152342432076,3,-1,4.345751604165001,84.08409059857713
61,3.0500000000000003,ccurve,247,stanley,1.2,244.78298950195312,-311.03558349609375,-179.40994262695312,9.298326958162186e-07,0.35,0.0,-1.964828482401012e-05,-0.0002746582031347296,3,-1,4.3974812208835345,84.26847078874742
62,3.1,ccurve,247,stanley,1.2,244.56161499023438,-311.0378112792969,-179.4102020263672,3.078301943295507e-05,0.35,0.0,-7.069466237949028e-05,-1.5258789046077574e-05,3,-1,4.448398463169722,84.455134477846
63,3.1500000000000004,ccurve,247,stanley,1.2,244.3376922607422,-311.0401611328125,-179.4098358154297,4.1409649059205735e-07,0.35,0.0,-2.5907193900993712e-05,-0.00038146972655905034,3,-1,4.4985187424232205,84.64416960901502
64,3.2,ccurve,247,stanley,1.2,244.111328125,-311.0425109863281,-179.4100799560547,-1.223914785939787e-06,0.35,0.0,-6.250263659281219e-06,-0.0001373291015673648,3,-1,4.54785687607555,84.83542453320814
65,3.25,ccurve,247,stanley,1.2,243.88250732421875,-311.04486083984375,-179.40975952148438,-8.001233172604284e-06,0.35,0.0,-1.1880937518329165e-05,-0.000457763671891216,3,-1,4.5963917605279105,85.02891659392559
66,3.3000000000000003,ccurve,247,stanley,1.2,243.65126037597656,-311.0472106933594,-179.41009521484375,6.835730878642648e-06,0.35,0.0,-2.4405557412898737e-05,-0.00012207031247039834,4,-1,4.644078311437734,85.22462466993842
67,3.35,ccurve,247,stanley,1.2,243.41766357421875,-311.0496520996094,-179.40985107421875,-1.5634999632940717e-05,0.35,0.0,1.2350037291308444e-05,-0.00036621093751297275,4,-1,4.6909398360598,85.42253838631046
68,3.4000000000000004,ccurve,247,stanley,1.2,243.18174743652344,-311.0520935058594,-179.41004943847656,-1.525909424203022e-05,0.35,0.0,2.5231620670573655e-05,-0.0001678466797104088,4,-1,4.737018135319008,85.62258669023046
69,3.45,ccurve,247,stanley,1.2,242.94354248046875,-311.0545349121094,-179.41004943847656,-1.0773650457242857e-05,0.35,0.0,1.4553324452855256e-05,-0.0001678466797104088,4,-1,4.782333737127691,85.82474803772746
70,3.5,ccurve,247,stanley,1.2,242.70309448242188,-311.0569763183594,-179.4101104736328,4.76768848694198e-06,0.35,0.0,-1.9213653769907047e-05,-0.00010681152342432076,4,-1,4.826916578104578,86.02898789293025
71,3.5500000000000003,ccurve,247,stanley,1.2,242.46044921875,-311.0594787597656,-179.4101104736328,2.822886847058274e-06,0.35,0.0,-1.4566193746464763e-05,-0.00010681152342432076,4,-1,4.870800185195198,86.23530418646222
72,3.6,ccurve,247,stanley,1.2,242.2156219482422,-311.06201171875,-179.4101104736328,-2.3069278346156602e-06,0.35,0.0,-1.8631909424922377e-06,-0.00010681152342432076,4,-1,4.914010168633037,86.44367137705831
73,3.6500000000000004,ccurve,247,stanley,1.2,241.96864318847656,-311.0645751953125,-179.4101104736328,-1.0665015096522995e-05,0.35,0.0,1.920948636996954e-05,-0.00010681152342432076,4,-1,4.956568129922692,86.65406732675424
74,3.7,ccurve,247,stanley,1.2,241.7195587158203,-311.0671081542969,-179.4102020263672,9.131845527117095e-06,0.35,0.0,-2.434532186882006e-05,-1.5258789046077574e-05,5,-1,4.998489340281251,86.86642445795056
75,3.75,ccurve,247,stanley,1.2,241.4684295654297,-311.0696716308594,-179.41017150878906,1.6620507442800914e-05,0.35,0.0,-4.599455955888853e-05,-4.5776367189121594e-05,5,-1,5.0396534920165745,87.08072702568973
76,3.8000000000000003,ccurve,247,stanley,1.2,241.21534729003906,-311.0723571777344,-179.41680908203125,0.00017503785696911493,0.35,0.0,3.4315617480235386e-05,0.006591796875029954,5,-1,5.068766040003205,87.29694896488542
77,3.85,ccurve,247,stanley,1.2,240.9644317626953,-311.074951171875,-179.4111328125,8.415069754945172e-06,0.35,0.0,4.5381263215539796e-05,0.000915527343782432,5,-1,5.024454608592747,87.51147883267893
78,3.9000000000000004,ccurve,247,stanley,1.2,240.7132568359375,-311.0776672363281,-179.4274139404297,0.0004213592057550043,0.35,0.0,0.00017584063458180445,0.017196655273452977,5,-1,4.936505259804818,87.72648666528396
79,3.95,ccurve,247,stanley,1.2,240.462158203125,-311.0802917480469,-179.43157958984375,0.0005258112110236931,0.35,0.0,0.00021553745127900464,0.021362304687510374,5,-1,5.0083483450180255,87.94157333362493
80,4.0,ccurve,247,stanley,1.2,240.2104034423828,-311.08270263671875,-179.39968872070312,-0.00031438605523593464,0.35,0.0,3.486870651748901e-05,-0.010528564453090855,5,-1,5.047706882752095,88.15729795016571
81,4.05,ccurve,247,stanley,1.2,239.95982360839844,-311.085205078125,-179.3931884765625,-0.0004700835751423474,0.35,0.0,-4.215808272861263e-05,-0.01702880859374257,5,-1,5.033268773217939,88.37225877156814
82,4.1000000000000005,ccurve,247,stanley,1.2,239.70654296875,-311.0877990722656,-179.38629150390625,-0.0006571726186776918,0.35,0.0,-6.787408090256318e-05,-0.023925781249999407,6,-1,5.046478021728879,88.58976039944474
83,4.15,ccurve,247,stanley,1.2,239.45571899414062,-311.0904846191406,-179.3955841064453,-0.000432120511310897,0.35,0.0,3.568184400558425e-05,-0.014633178710963944,6,-1,4.996144819826053,88.80540001577405
84,4.2,ccurve,247,stanley,1.2,239.2013397216797,-311.0930480957031,-179.38507080078125,-0.0007110192552403964,0.35,0.0,-1.942242271220059e-05,-0.025146484375008722,6,-1,5.120145539490987,89.02420161316157
85,4.25,ccurve,247,stanley,1.2,238.94786071777344,-311.09588623046875,-179.43667602539062,0.0006745884675989858,0.35,0.0,0.0002093838485117183,0.02645874023439628,6,-1,5.054580679445289,89.24256323135717
86,4.3,ccurve,247,stanley,1.2,238.69650268554688,-311.0982971191406,-179.4063262939453,-0.00012402663829034667,0.35,0.0,3.2798816213679225e-05,-0.003890991210922669,6,-1,5.0119456610874815,89.45907263254546
87,4.3500000000000005,ccurve,247,stanley,1.2,238.44378662109375,-311.1009216308594,-179.41229248046875,3.787701649353752e-05,0.35,0.0,5.584665132901158e-05,0.0020751953125056604,6,-1,5.123061056055551,89.67703834277808
88,4.4,ccurve,247,stanley,1.2,238.187255859375,-311.1033020019531,-179.36795043945312,-0.001129259700657701,0.35,0.0,-0.00020449967018786475,-0.04226684570312953,6,-1,5.126362200009499,89.89833473028818
89,4.45,ccurve,247,stanley,1.2,237.9325408935547,-311.10601806640625,-179.39236450195312,-0.0004673519616295965,0.35,0.0,-0.00011047957926493476,-0.017852783203146757,6,-1,5.079369053009996,90.1184301268205
90,4.5,ccurve,247,stanley,1.2,237.6795654296875,-311.1083984375,-179.35418701171875,-0.001477834120277239,0.35,0.0,-0.00031615002813721593,-0.05603027343750017,7,-1,5.047950484747974,90.33704063181297
91,4.55,ccurve,247,stanley,1.2,237.4279022216797,-311.1111755371094,-179.39463806152344,-0.00039441965473914584,0.35,0.0,-0.00012968484175899814,-0.015579223632838531,7,-1,5.024679318327113,90.55490323924715
92,4.6000000000000005,ccurve,247,stanley,1.2,237.17718505859375,-311.11358642578125,-179.36151123046875,-0.0012740597534375345,0.35,0.0,-0.0002996731077698814,-0.04870605468749516,7,-1,5.008310368029177,90.77193992550708
93,4.65,ccurve,247,stanley,1.2,236.92645263671875,-311.11614990234375,-179.36611938476562,-0.0011368945556353219,0.35,0.0,-0.0003172386329964727,-0.044097900390592616,7,-1,5.064730309622066,90.98924036421846
94,4.7,ccurve,247,stanley,1.2,236.66835021972656,-311.1187438964844,-179.35699462890625,-0.0013757475887546705,0.35,0.0,-0.0003801510091956965,-0.05322265625001945,7,-1,5.153762444609124,91.21308467686255
95,4.75,ccurve,247,stanley,1.2,236.41015625,-311.1214294433594,-179.3769989013672,-0.0008146376578545755,0.35,0.0,-0.0003524578965898358,-0.03321838378903487,7,-1,5.149358525124393,91.43723487785522
96,4.800000000000001,ccurve,247,stanley,1.2,236.15353393554688,-311.1238708496094,-179.33998107910156,-0.001794786632439532,0.35,0.0,-0.0005527146906312832,-0.07023620605471594,7,-1,5.12246030200409,91.66008353243662
97,4.8500000000000005,ccurve,247,stanley,1.2,235.89805603027344,-311.1267395019531,-179.38174438476562,-0.0006926558985048904,0.35,0.0,-0.0003139680862590741,-0.028472900390615855,7,-1,5.103343151892177,91.88233363840246
98,4.9,ccurve,247,stanley,1.2,235.6433563232422,-311.1291809082031,-179.35052490234375,-0.0015098832012216054,0.35,0.0,-0.0005068710164314282,-0.05969238281247723,8,-1,5.090196833540589,92.10386864471907
99,4.95,ccurve,247,stanley,1.2,235.38912963867188,-311.1320495605469,-179.39341735839844,-0.0003813255620875076,0.35,0.0,-0.00025524501121286947,-0.01679992675779696,8,-1,5.0815668739379305,92.32537879001205
100,5.0,ccurve,247,stanley,1.2,235.13525390625,-311.1344909667969,-179.3617401123047,-0.0012197439522041345,0.35,0.0,-0.0004272299497379362,-0.048477172851549545,8,-1,5.076647868820327,92.54653989906645
101,5.050000000000001,ccurve,247,stanley,1.2,234.88150024414062,-311.1373596191406,-179.40333557128906,-0.00013052520180278793,0.35,0.0,-0.00017073490273600088,-0.006881713867210762,8,-1,5.074441627253165,92.76797536491092
102,5.1000000000000005,ccurve,247,stanley,1.2,234.62779235839844,-311.1398010253906,-179.370361328125,-0.001006736804108274,0.35,0.0,-0.00034099211675728876,-0.03985595703125394,8,-1,5.074466212199705,92.98932418213467
103,5.15,ccurve,247,stanley,1.2,234.37403869628906,-311.14263916015625,-179.41062927246094,5.6280848653018326e-05,0.35,0.0,-0.00011501303108500758,0.0004119873047020944,8,-1,5.076067727799381,93.21107429018265
104,5.2,ccurve,247,stanley,1.2,234.1201629638672,-311.14508056640625,-179.37657165527344,-0.0008502999901795555,0.35,0.0,-0.0002869979696100743,-0.03364562988283393,8,-1,5.078987237001647,93.43289738908994
105,5.25,ccurve,247,stanley,1.2,233.8661346435547,-311.14794921875,-179.41580200195312,0.0001724449360200567,0.35,0.0,-3.333010815977609e-05,0.005584716796869279,8,-1,5.082797207328705,93.65522678299884
106,5.300000000000001,ccurve,247,stanley,1.2,233.61183166503906,-311.1503601074219,-179.38099670410156,-0.0007490934723526851,0.35,0.0,-0.00022214932586865285,-0.029220581054687878,9,-1,5.08737104721848,93.87773102440423
107,5.3500000000000005,ccurve,247,stanley,1.2,233.35731506347656,-311.1532287597656,-179.41954040527344,0.00025615529074147196,0.35,0.0,2.6492427934288187e-05,0.009323120117229395,9,-1,5.092429010558502,94.10080725819007
108,5.4,ccurve,247,stanley,1.2,233.10255432128906,-311.1556396484375,-179.38421630859375,-0.000671551894791187,0.35,0.0,-0.00018511829203126653,-0.026000976562505065,9,-1,5.097928815608273,94.32403146744993
109,5.45,ccurve,247,stanley,1.2,232.8474884033203,-311.1584777832031,-179.4222412109375,0.0003330123864225296,0.35,0.0,2.7353129338743702e-05,0.012023925781234903,9,-1,5.103669366659745,94.54789018445624
110,5.5,ccurve,247,stanley,1.2,232.59214782714844,-311.1609191894531,-179.3865203857422,-0.0006156531720544482,0.35,0.0,-0.0001597101321283924,-0.0236968994140538,9,-1,5.1096620026386725,94.77195312656485
111,5.550000000000001,ccurve,247,stanley,1.2,232.3364715576172,-311.16375732421875,-179.4241485595703,0.00038018883894266073,0.35,0.0,4.647865468242196e-05,0.013931274414081042,9,-1,5.115760670788839,94.99666023482176
112,5.6000000000000005,ccurve,247,stanley,1.2,232.0805206298828,-311.16619873046875,-179.38815307617188,-0.0005740783752246453,0.35,0.0,-0.00014686724134390858,-0.022064208984342387,9,-1,5.121999796099752,95.22157133480594
113,5.65,ccurve,247,stanley,1.2,231.82423400878906,-311.1690673828125,-179.4254608154297,0.0004082868947084944,0.35,0.0,7.111843724499217e-05,0.015243530273417714,10,-1,5.128264480658885,95.4471394370805
114,5.7,ccurve,247,stanley,1.2,231.56765747070312,-311.1715087890625,-179.3892822265625,-0.0005489183277274768,0.35,0.0,-0.00012866715920451573,-0.020935058593711312,10,-1,5.134606940278069,95.67290985700635
115,5.75,ccurve,247,stanley,1.2,231.31076049804688,-311.1743469238281,-179.42640686035156,0.00043773848136633293,0.35,0.0,6.495635848790746e-05,0.0161895751952923,10,-1,5.1409283987751015,95.89930723197973
116,5.800000000000001,ccurve,247,stanley,1.2,231.05352783203125,-311.1767883300781,-179.39012145996094,-0.0005201322752367609,0.35,0.0,-0.00014158307011273444,-0.020095825195311938,10,-1,5.147291498292911,96.12596166653194
117,5.8500000000000005,ccurve,247,stanley,1.2,230.7959747314453,-311.17962646484375,-179.4270477294922,0.00046360769439488555,0.35,0.0,4.5286615428553455e-05,0.016830444335940005,10,-1,5.153603100660827,96.35324118413159
118,5.9,ccurve,247,stanley,1.2,230.53811645507812,-311.18206787109375,-179.39064025878906,-0.0004955017793920776,0.35,0.0,-0.0001676925135952645,-0.019577026367185522,10,-1,5.159934319653911,96.58075087525486
119,5.95,ccurve,247,stanley,1.2,230.2799530029297,-311.1849365234375,-179.4274139404297,0.000474826370386031,0.35,0.0,4.3410498716482844e-05,0.017196655273452977,10,-1,5.166209305160907,96.80888491617269
120,6.0,ccurve,247,stanley,1.2,230.02145385742188,-311.1874084472656,-179.39089965820312,-0.0004966168831190791,0.35,0.0,-0.00014564943526483576,-0.01931762695309687,10,-1,5.172485059127452,97.03727571888054
121,6.050000000000001,ccurve,247,stanley,1.2,229.76266479492188,-311.19024658203125,-179.42758178710938,0.0004899764734298477,0.35,0.0,1.6218546165687464e-05,0.017364501953163386,11,-1,5.178697829314063,97.26624642371344
122,6.1000000000000005,ccurve,247,stanley,1.2,229.50355529785156,-311.1927185058594,-179.39105224609375,-0.0004797071068715724,0.35,0.0,-0.00017912402237482694,-0.019165039062483426,11,-1,5.184907490579161,97.4954748735858
123,6.15,ccurve,247,stanley,1.2,229.244140625,-311.195556640625,-179.4276580810547,0.0005026287065800233,0.35,0.0,-1.1416372239086113e-05,0.01744079589844466,11,-1,5.191045564883632,97.7252948135124
124,6.2,ccurve,247,stanley,1.2,228.98440551757812,-311.1980285644531,-179.3910675048828,-0.0004665517828487846,0.35,0.0,-0.00021319864120277572,-0.01914978027343735,11,-1,5.1971727567973875,97.95537229884783
125,6.25,ccurve,247,stanley,1.2,228.72439575195312,-311.2008972167969,-179.4275360107422,0.0005027870475322123,0.35,0.0,-2.1100598432595603e-05,0.017318725585923376,11,-1,5.203230309561172,98.1860269166667
126,6.300000000000001,ccurve,247,stanley,1.2,228.46405029296875,-311.2033996582031,-179.3909454345703,-0.0004757133061235405,0.35,0.0,-0.00019864954062582662,-0.019271850585958636,11,-1,5.2092814884117,98.41695225333685
127,6.3500000000000005,ccurve,247,stanley,1.2,228.20343017578125,-311.2062683105469,-179.42742919921875,0.0004966031959020363,0.35,0.0,-1.2834132414842742e-05,0.017211914062499053,11,-1,5.2152567953684414,98.6484384414626
128,6.4,ccurve,247,stanley,1.2,227.94248962402344,-311.2087707519531,-179.39089965820312,-0.0004779979870182978,0.35,0.0,-0.00019650864330328886,-0.01931762695309687,11,-1,5.2212206229468885,98.88018167083219
129,6.45,ccurve,247,stanley,1.2,227.68125915527344,-311.2117004394531,-179.4273223876953,0.0004653657628596575,0.35,0.0,6.213557934509062e-05,0.017105102539074733,12,-1,5.227117776968777,99.1125258797358
130,6.5,ccurve,247,stanley,1.2,227.41973876953125,-311.2142028808594,-179.39093017578125,-0.0005031950044921561,0.35,0.0,-0.0001275074343745925,-0.019287109375004715,12,-1,5.233001851213882,99.34507137337422
131,6.550000000000001,ccurve,247,stanley,1.2,227.15792846679688,-311.21710205078125,-179.42747497558594,0.0004643639303742835,0.35,0.0,7.657279777561511e-05,0.017257690429688177,12,-1,5.238810634965785,99.57820170979682
132,6.6000000000000005,ccurve,247,stanley,1.2,226.8958282470703,-311.2196350097656,-179.39117431640625,-0.000510927619381519,0.35,0.0,-8.852275744564934e-05,-0.01904296874996214,12,-1,5.2446062950361325,99.81156154442803
133,6.65,ccurve,247,stanley,1.2,226.63345336914062,-311.2225341796875,-179.4277801513672,0.00046073439955533795,0.35,0.0,0.00010974603773730197,0.01756286621096595,12,-1,5.250334023458044,100.04547663555181
134,6.7,ccurve,247,stanley,1.2,226.3707733154297,-311.2250671386719,-179.3915252685547,-0.0005111402635397345,0.35,0.0,-6.131802031519862e-05,-0.018692016601546135,12,-1,5.256050054841504,100.2796344862113
135,6.75,ccurve,247,stanley,1.2,226.10780334472656,-311.22796630859375,-179.42808532714844,0.00046167253235324015,0.35,0.0,0.00013082520617253846,0.017868041992192833,12,-1,5.2616910910117936,100.51435932136324
136,6.800000000000001,ccurve,247,stanley,1.2,225.8445587158203,-311.2304992675781,-179.39186096191406,-0.0005026539930369495,0.35,0.0,-5.848672383959065e-05,-0.018356323242176203,13,-1,5.267323210715559,100.74929958550261
137,6.8500000000000005,ccurve,247,stanley,1.2,225.5810546875,-311.2334289550781,-179.42840576171875,0.0004605559439629102,0.35,0.0,0.00015867515873850286,0.018188476562516685,13,-1,5.272886714558851,100.98479188688576
138,6.9,ccurve,247,stanley,1.2,225.3172607421875,-311.2359619140625,-179.39218139648438,-0.0005064333265923883,0.35,0.0,-2.3854707384528794e-05,-0.01803588867190324,13,-1,5.278440511350758,101.22049886025935
139,6.95,ccurve,247,stanley,1.2,225.0531768798828,-311.2388916015625,-179.42869567871094,0.0004583063415568279,0.35,0.0,0.00018733867236232944,0.018478393554697492,13,-1,5.283918600955619,101.45678312921373
140,7.0,ccurve,247,stanley,1.2,224.78884887695312,-311.24139404296875,-179.39251708984375,-0.0004941308308128024,0.35,0.0,-3.120446032965347e-05,-0.017700195312482424,13,-1,5.289385568402998,101.69322724211226
141,7.050000000000001,ccurve,247,stanley,1.2,224.5242156982422,-311.24432373046875,-179.42897033691406,0.0004711212990838711,0.35,0.0,0.0001743345483139285,0.018753051757781334,13,-1,5.294781915562241,101.93027429682076
142,7.1000000000000005,ccurve,247,stanley,1.2,224.25933837890625,-311.2468566894531,-179.3927764892578,-0.0004911377925256575,0.35,0.0,-1.934699415167586e-05,-0.01744079589839377,13,-1,5.300173665583714,102.16749482932333
143,7.15,ccurve,247,stanley,1.2,223.99417114257812,-311.2497863769531,-179.42916870117188,0.0004745645070338341,0.35,0.0,0.0001806947092526101,0.018951416015634784,13,-1,5.305493640888669,102.405288953698
144,7.2,ccurve,247,stanley,1.2,223.728759765625,-311.2522888183594,-179.39297485351562,-0.0004812036237309251,0.35,0.0,-3.09205734446618e-05,-0.017242431640591208,14,-1,5.31080810675894,102.64324253123492
145,7.25,ccurve,247,stanley,1.2,223.4630584716797,-311.2552490234375,-179.42929077148438,0.00047321678012473173,0.35,0.0,0.00019413978604998147,0.019073486328156072,14,-1,5.316051468604579,102.88179538902659
146,7.300000000000001,ccurve,247,stanley,1.2,223.19712829589844,-311.25775146484375,-179.39309692382812,-0.00047405613318129134,0.35,0.0,-4.089526235989032e-05,-0.01712036132812081,14,-1,5.321288530150062,103.12048010945021
147,7.3500000000000005,ccurve,247,stanley,1.2,222.93093872070312,-311.2607116699219,-179.4293670654297,0.00048106910983262654,0.35,0.0,0.00017913898948739774,0.01914978027343735,14,-1,5.326455237451943,103.35973486590794
148,7.4,ccurve,247,stanley,1.2,222.66444396972656,-311.26324462890625,-179.3931427001953,-0.00047635279561577024,0.35,0.0,-3.119153456007488e-05,-0.01707458496093169,14,-1,5.331611299634283,103.59920318768177
149,7.45,ccurve,247,stanley,1.2,222.39773559570312,-311.26617431640625,-179.4293975830078,0.0004916945546240316,0.35,0.0,0.00015298651658224131,0.019180297851580392,14,-1,5.336702058144453,103.83917136872503
150,7.5,ccurve,247,stanley,1.2,222.13075256347656,-311.26873779296875,-179.39317321777344,-0.0004752590688142664,0.35,0.0,-3.1854153782933e-05,-0.017044067382788644,14,-1,5.341781520416444,104.07935286482048
151,7.550000000000001,ccurve,247,stanley,1.2,221.86355590820312,-311.27166748046875,-179.4293670654297,0.0004930190172124879,0.35,0.0,0.00014729778971202777,0.01914978027343735,14,-1,5.3467987814529,104.32001870394448
152,7.6000000000000005,ccurve,247,stanley,1.2,221.59608459472656,-311.2742004394531,-179.3931427001953,-0.00045645391835520335,0.35,0.0,-8.55213846225316e-05,-0.01707458496093169,15,-1,5.351805725520205,104.56088403129326
153,7.65,ccurve,247,stanley,1.2,221.328369140625,-311.27716064453125,-179.4292449951172,0.0005000802182503626,0.35,0.0,0.00011880628082676804,0.019027709960916062,15,-1,5.356748458327525,104.80228628031212
154,7.7,ccurve,247,stanley,1.2,221.0603790283203,-311.2796936035156,-179.3930206298828,-0.00045216059478363647,0.35,0.0,-0.00010691669789073465,-0.017196655273452977,15,-1,5.361681921724342,105.04387428875603
155,7.75,ccurve,247,stanley,1.2,220.79214477539062,-311.28265380859375,-179.4290771484375,0.0005051507441630955,0.35,0.0,9.207072818324794e-05,0.018859863281256543,15,-1,5.366552619636693,105.2859973447555
156,7.800000000000001,ccurve,247,stanley,1.2,220.52366638183594,-311.28521728515625,-179.39280700683594,-0.00045787950225215416,0.35,0.0,-0.00010816239685195643,-0.017410278320301616,15,-1,5.3714131331213855,105.52829198894551
157,7.8500000000000005,ccurve,247,stanley,1.2,220.25498962402344,-311.28814697265625,-179.42884826660156,0.0005119416115929513,0.35,0.0,5.575415783695432e-05,0.018630981445310935,15,-1,5.376211645269568,105.77105185087397
158,7.9,ccurve,247,stanley,1.2,219.98606872558594,-311.29071044921875,-179.39259338378906,-0.0004491326150969698,0.35,0.0,-0.00014903387725366708,-0.01762390136715026,15,-1,5.3809960137826724,106.01399639471236
159,7.95,ccurve,247,stanley,1.2,219.71690368652344,-311.2936706542969,-179.42857360839844,0.0005142767646234694,0.35,0.0,2.7936096125171297e-05,0.018356323242176203,16,-1,5.385720728618036,106.25745882238388
160,8.0,ccurve,247,stanley,1.2,219.44749450683594,-311.2962646484375,-179.39231872558594,-0.0004562268319215464,0.35,0.0,-0.0001513620852831533,-0.017898559570284987,16,-1,5.390438279959346,106.50110556284433
161,8.05,ccurve,247,stanley,1.2,219.17784118652344,-311.2992248535156,-179.42825317382812,0.0005032887272870721,0.35,0.0,3.301821544069968e-05,0.01803588867190324,16,-1,5.395094621619683,106.74525509062714
162,8.1,ccurve,247,stanley,1.2,218.90794372558594,-311.30181884765625,-179.39207458496094,-0.0004633177004918628,0.35,0.0,-0.0001513060736149798,-0.018142700195327564,16,-1,5.399742369301083,106.9895886294424
163,8.15,ccurve,247,stanley,1.2,218.63784790039062,-311.3047790527344,-179.4280548095703,0.0004992770322128341,0.35,0.0,2.8519317053455825e-05,0.017837524414100678,16,-1,5.404330021180171,107.23438195928281
164,8.200000000000001,ccurve,247,stanley,1.2,218.3675079345703,-311.307373046875,-179.39187622070312,-0.00046579036484795984,0.35,0.0,-0.000160359882057641,-0.018341064453130128,16,-1,5.40891102033503,107.47935896375928
165,8.25,ccurve,247,stanley,1.2,218.096923828125,-311.3103332519531,-179.42787170410156,0.0004991721981496737,0.35,0.0,1.4439400963439306e-05,0.017654418945344193,16,-1,5.413431479962161,107.72483530077491
166,8.3,ccurve,247,stanley,1.2,217.82614135742188,-311.3129577636719,-179.39173889160156,-0.0004806742170811919,0.35,0.0,-0.00013039922053613776,-0.018478393554646602,17,-1,5.417942887072117,107.97046678191897
167,8.35,ccurve,247,stanley,1.2,217.5551300048828,-311.31591796875,-179.4277801513672,0.0004873041601821221,0.35,0.0,4.000221829350385e-05,0.01756286621096595,17,-1,5.4223939451292305,108.2165689554594
168,8.4,ccurve,247,stanley,1.2,217.28390502929688,-311.3185729980469,-179.39173889160156,-0.0004928580067825259,0.35,0.0,-9.695487826911695e-05,-0.018478393554646602,17,-1,5.426836098857193,108.4628526775379
169,8.450000000000001,ccurve,247,stanley,1.2,217.01243591308594,-311.3215637207031,-179.42779541015625,0.00046633405487850045,0.35,0.0,9.925054597078285e-05,0.017578125000012025,17,-1,5.43122032499716,108.70961917551014
170,8.5,ccurve,247,stanley,1.2,216.74075317382812,-311.3241882324219,-179.39186096191406,-0.0004981078297000164,0.35,0.0,-7.29344878408894e-05,-0.018356323242176203,17,-1,5.435597349280023,108.95654075472015
171,8.55,ccurve,247,stanley,1.2,216.46885681152344,-311.3271789550781,-179.42796325683594,0.0004641010955762936,0.35,0.0,0.00011887309220757342,0.017745971679722434,17,-1,5.439916425948454,109.20392887574398
172,8.6,ccurve,247,stanley,1.2,216.19674682617188,-311.3298034667969,-179.39210510253906,-0.0004966676761101242,0.35,0.0,-5.770978579553582e-05,-0.01811218261718452,17,-1,5.4442324778245865,109.45147173423905
173,8.65,ccurve,247,stanley,1.2,215.92442321777344,-311.33282470703125,-179.42819213867188,0.0004558021474170171,0.35,0.0,0.00016021591139114486,0.017974853515617156,17,-1,5.44848776468749,109.69949232262682
174,8.700000000000001,ccurve,247,stanley,1.2,215.65188598632812,-311.33544921875,-179.39239501953125,-0.0004972463660396168,0.35,0.0,-3.320124579577269e-05,-0.017822265625003712,18,-1,5.452737837884402,109.94765438576484
175,8.75,ccurve,247,stanley,1.2,215.37913513183594,-311.33843994140625,-179.42845153808594,0.0004670486706756507,0.35,0.0,0.00014981064586981532,0.018234252929705805,18,-1,5.45692789377186,110.19627958613069
176,8.8,ccurve,247,stanley,1.2,215.10617065429688,-311.341064453125,-179.3926544189453,-0.0004890019824314748,0.35,0.0,-3.5567920516167435e-05,-0.01756286621096595,18,-1,5.4611152573263295,110.44505886202784
177,8.85,ccurve,247,stanley,1.2,214.8330078125,-311.3440856933594,-179.4287109375,0.00046594848223199223,0.35,0.0,0.0001737191541516188,0.018493652343794457,18,-1,5.465244845281837,110.6942985300517
178,8.9,ccurve,247,stanley,1.2,214.5596466064453,-311.3467102050781,-179.39285278320312,-0.0004904741856113715,0.35,0.0,-1.5743124697841383e-05,-0.017364501953112496,18,-1,5.469366736050167,110.94366526652715
179,8.950000000000001,ccurve,247,stanley,1.2,214.28607177734375,-311.3497314453125,-179.4288787841797,0.0004652443387444807,0.35,0.0,0.00018930317164248846,0.01866149902345398,18,-1,5.473429986688749,111.19350450923251
180,9.0,ccurve,247,stanley,1.2,214.01229858398438,-311.35235595703125,-179.39309692382812,-0.00048757522389837284,0.35,0.0,-4.399885534429188e-06,-0.01712036132812081,18,-1,5.477496063465224,111.44347054077538
181,9.05,ccurve,247,stanley,1.2,213.73831176757812,-311.3553771972656,-179.4290771484375,0.00047362734113202726,0.35,0.0,0.00018443824099018125,0.018890380859374143,19,-1,5.481502647351655,111.69390736828908
182,9.1,ccurve,247,stanley,1.2,213.46414184570312,-311.3580017089844,-179.39328002929688,-0.00047821709322782197,0.35,0.0,-1.3494567036293967e-05,-0.016906738281246725,19,-1,5.485503043657025,111.94445682639274
183,9.15,ccurve,247,stanley,1.2,213.18975830078125,-311.36102294921875,-179.42919921875,0.00047769639598167394,0.35,0.0,0.00018308108417535883,0.019012451171869983,19,-1,5.489447757784479,112.19547537502524
184,9.200000000000001,ccurve,247,stanley,1.2,212.91519165039062,-311.3636474609375,-179.39337158203125,-0.000473662520911835,0.35,0.0,-1.8935647613786905e-05,-0.01681518554686848,19,-1,5.493392315369548,112.44660626580425
185,9.25,ccurve,247,stanley,1.2,212.64041137695312,-311.36663818359375,-179.43115234375,0.0005478725909920005,0.35,0.0,0.000143040118672862,0.0209655761718798,19,-1,5.4941447745325345,112.69819199409223
186,9.3,ccurve,247,stanley,1.2,212.36553955078125,-311.369140625,-179.3940887451172,-0.00039411410193584815,0.35,0.0,-0.0001841819375830566,-0.016098022460939502,19,-1,5.496205908655514,112.949768756246
187,9.35,ccurve,247,stanley,1.2,212.09054565429688,-311.3721618652344,-179.42852783203125,0.0005218452993442209,0.35,0.0,6.110753993718299e-06,0.018341064453130128,19,-1,5.493594680535986,113.20177793053445
188,9.4,ccurve,247,stanley,1.2,211.8153839111328,-311.37481689453125,-179.39141845703125,-0.000481825989137612,0.35,0.0,-0.0001523711120580539,-0.0187683105468783,20,-1,5.5010821597711494,113.45389730876316
189,9.450000000000001,ccurve,247,stanley,1.2,211.5400390625,-311.3779296875,-179.4237518310547,0.00034268498563381,0.35,0.0,0.0001258567612156666,0.01356506347656807,20,-1,5.507818844373947,113.70647760876017
190,9.5,ccurve,247,stanley,1.2,211.26451110839844,-311.38067626953125,-179.3865509033203,-0.0006881441718017068,0.35,0.0,3.600821265092261e-05,-0.0236358642578186,20,-1,5.5116716258191225,113.95918152328717
191,9.55,ccurve,247,stanley,1.2,210.98883056640625,-311.38372802734375,-179.4216766357422,0.00023932403471586223,0.35,0.0,0.000249748535800793,0.01148986816406241,20,-1,5.515110263529851,114.21225451315551
192,9.600000000000001,ccurve,247,stanley,1.2,210.71295166015625,-311.38641357421875,-179.38568115234375,-0.0007340721454622646,0.35,0.0,9.525536312132666e-05,-0.024505615234386467,20,-1,5.517922276057273,114.46546481864088
193,9.65,ccurve,247,stanley,1.2,210.4369354248047,-311.38946533203125,-179.42172241210938,0.00022086431579571974,0.35,0.0,0.00030554005847201453,0.011535644531251532,20,-1,5.520424385939824,114.71905351507641
194,9.700000000000001,ccurve,247,stanley,1.2,210.16073608398438,-311.3921203613281,-179.38619995117188,-0.0007270335499091925,0.35,0.0,0.00011723237082190367,-0.02398681640626005,20,-1,5.523185512638834,114.97275291126522
195,9.75,ccurve,247,stanley,1.2,209.88438415527344,-311.3951721191406,-179.42225646972656,0.00022965274509567153,0.35,0.0,0.0003240614383734075,0.012069702148449468,20,-1,5.5261950927596635,115.22685535183358
196,9.8,ccurve,247,stanley,1.2,209.60801696777344,-311.3977355957031,-179.3858184814453,-0.000707295841777218,0.35,0.0,3.110688239341911e-05,-0.0243682861328191,21,-1,5.525514560483579,115.48087771631984
197,9.850000000000001,ccurve,247,stanley,1.2,209.33189392089844,-311.4007873535156,-179.4249267578125,0.00033576686794471386,0.35,0.0,0.00024029205980800362,0.01473999023436282,21,-1,5.528927875958188,115.7349748203783
198,9.9,ccurve,247,stanley,1.2,209.0554962158203,-311.4034423828125,-179.3920440673828,-0.0005361059788476015,0.35,0.0,4.994241027655739e-05,-0.01814270019530212,21,-1,5.52936726688781,115.98926553793878
199,9.950000000000001,ccurve,247,stanley,1.2,208.77894592285156,-311.4065246582031,-179.42935180664062,0.0004463465190895649,0.35,0.0,0.00028524547710906043,0.01916503906250887,21,-1,5.535570866995231,116.24396781420565
200,10.0,ccurve,247,stanley,1.2,208.5020294189453,-311.4092712402344,-179.3941650390625,-0.000521991793222131,0.35,0.0,0.00018110319537496897,-0.016021728515632782,21,-1,5.539068394729714,116.4989718227841
201,10.05,ccurve,247,stanley,1.2,208.2248992919922,-311.4123840332031,-179.42982482910156,0.00040478799947754585,0.35,0.0,0.0004409534117166712,0.019638061523446163,21,-1,5.542057499052781,116.75441740443603
202,10.100000000000001,ccurve,247,stanley,1.2,207.94764709472656,-311.4151306152344,-179.39466857910156,0.6480896561469324,0.35,0.0,-0.05938667999033484,21.946731567382823,22,-1,5.544360455692375,117.00992842956904
203,10.15,ccurve,247,stanley,1.2,207.67059326171875,-311.4214782714844,-179.25918579101562,0.6798526109865903,0.35,0.0,-0.1597808752598121,21.81124877929688,22,-1,5.536083550585933,117.26678271079949
204,10.200000000000001,ccurve,247,stanley,1.2,207.39540100097656,-311.4373779296875,-178.58059692382812,0.6932116282215424,0.35,0.0,-0.25063954125725696,21.132659912109386,22,-1,5.500624126433644,117.52579593249888
205,10.25,ccurve,247,stanley,1.2,207.1245880126953,-311.467529296875,-177.39976501464844,0.6878822008879985,0.35,0.0,-0.3266567555149955,19.95182800292968,22,-1,5.43651746746792,117.78648683194123
206,10.3,ccurve,247,stanley,1.2,206.86073303222656,-311.5135498046875,-175.5865936279297,0.6593877951147126,0.35,0.0,-0.38534976535485943,18.138656616210938,22,-1,5.3500940104583,118.04709304842626
207,10.350000000000001,ccurve,247,stanley,1.2,206.60704040527344,-311.5779113769531,-173.28768920898438,1.0,0.35,0.0,-0.4721361161901517,39.68161010742189,23,-1,5.23769554098812,118.30561585616543
208,10.4,ccurve,247,stanley,1.2,206.3663787841797,-311.66119384765625,-170.4545135498047,1.0,0.35,0.0,-0.5889592622724451,36.8484344482422,23,-1,5.156311315423923,118.55962510262727
209,10.450000000000001,ccurve,247,stanley,1.2,206.1389923095703,-311.77008056640625,-167.087646484375,1.0,0.35,0.0,-0.6785107351401289,33.48156738281252,23,-1,5.149395945597114,118.8115186357719
210,10.5,ccurve,247,stanley,1.2,205.9307403564453,-311.9032897949219,-163.2329864501953,1.0,0.35,0.0,-0.7374317792862377,29.626907348632834,23,-1,5.068261279904194,119.05541396358359
211,10.55,ccurve,247,stanley,1.2,205.7450714111328,-312.0569152832031,-159.00872802734375,1.0,0.35,0.0,-0.7659194767470846,25.40264892578126,23,-1,5.000212890743301,119.28663090091206
212,10.600000000000001,ccurve,247,stanley,1.2,205.580078125,-312.2277526855469,-154.56808471679688,0.8987687561903557,0.35,0.0,-0.7675649617810285,20.962005615234393,23,-1,4.972161448277446,119.50570103757748
213,10.65,ccurve,247,stanley,1.2,205.42913818359375,-312.41302490234375,-150.1335906982422,0.7611064238072656,0.35,0.0,-0.7490787991312365,16.527511596679688,23,-1,5.040651171899341,119.71765848863855
214,10.700000000000001,ccurve,247,stanley,1.2,205.2826690673828,-312.6099548339844,-145.98931884765625,1.0,0.35,0.0,-0.801164046524318,32.59851074218749,24,-1,5.156330967653701,119.93024526589254
215,10.75,ccurve,247,stanley,1.2,205.1438751220703,-312.8166809082031,-141.9759063720703,1.0,0.35,0.0,-0.8464812872347853,28.58509826660156,24,-1,5.157281050073295,120.13981833527853
216,10.8,ccurve,247,stanley,1.2,205.0263671875,-313.0315246582031,-137.7212371826172,1.0,0.35,0.0,-0.8690391145877969,24.33042907714843,24,-1,5.062666808695979,120.3332690110474
217,10.850000000000001,ccurve,247,stanley,1.2,204.93418884277344,-313.25238037109375,-133.2421417236328,0.9027034630247391,0.35,0.0,-0.8659622269627382,19.85133361816405,24,-1,4.998866032657459,120.50610755845473
218,10.9,ccurve,247,stanley,1.2,204.86090087890625,-313.4803161621094,-128.7715301513672,0.7636163337818898,0.35,0.0,-0.8427366059386413,15.380722045898446,24,-1,5.0399885299861165,120.66472276698467
219,10.950000000000001,ccurve,247,stanley,1.2,204.7965850830078,-313.717041015625,-124.61053466796875,0.6249136330632263,0.35,0.0,-0.80778690117615,11.2197265625,24,-1,5.153647975072469,120.81894083640911
220,11.0,ccurve,247,stanley,1.2,204.73333740234375,-313.96258544921875,-120.98029327392578,0.5006693579097802,0.35,0.0,-0.7683554816407174,7.589485168457021,24,-1,5.264558204369611,120.97605493450295
221,11.05,ccurve,247,stanley,1.2,204.66748046875,-314.2146301269531,-117.9725112915039,0.9885257320930674,0.35,0.0,-0.8131019160980821,24.15921783447266,25,-1,5.295892383535805,121.13852249940425
222,11.100000000000001,ccurve,247,stanley,1.2,204.6058349609375,-314.4666442871094,-115.16050720214844,0.9276264594279309,0.35,0.0,-0.8578506414462017,21.347213745117177,25,-1,5.237462862910681,121.29747469073413
223,11.15,ccurve,247,stanley,1.2,204.56353759765625,-314.7191467285156,-112.03007507324219,0.8494847181354414,0.35,0.0,-0.8832615844575412,18.216781616210938,25,-1,5.202585869011471,121.4393230744765
224,11.200000000000001,ccurve,247,stanley,1.2,204.54600524902344,-314.9700012207031,-108.50421905517578,0.7536968336389285,0.35,0.0,-0.8840719384821434,14.690925598144537,25,-1,5.128025761098017,121.55829428139349
225,11.25,ccurve,247,stanley,1.2,204.5500030517578,-315.2199401855469,-104.813232421875,0.6384470881569686,0.35,0.0,-0.8634606950119249,10.999938964843755,25,-1,5.163994658124065,121.65768304499045
226,11.3,ccurve,247,stanley,1.2,204.5662384033203,-315.4739990234375,-101.34850311279297,0.5217290185580409,0.35,0.0,-0.8303650020344051,7.535209655761715,25,-1,5.260762048496166,121.74807799898483
227,11.350000000000001,ccurve,247,stanley,1.2,204.58737182617188,-315.7341613769531,-98.31012725830078,0.41545959801084464,0.35,0.0,-0.7919761650125843,4.4968338012695295,25,-1,5.365587727833525,121.83702832071842
228,11.4,ccurve,247,stanley,1.2,204.60826110839844,-315.9944763183594,-95.78561401367188,0.5139866520387284,0.35,0.0,-0.8401427047983219,7.100067138671868,26,-1,5.240547895600525,121.9267581303873
229,11.450000000000001,ccurve,247,stanley,1.2,204.63429260253906,-316.2534484863281,-93.4024429321289,0.43880833056927926,0.35,0.0,-0.8200587586114826,4.7168960571288965,26,-1,5.237403866731437,122.01175061484025
230,11.5,ccurve,247,stanley,1.2,204.66880798339844,-316.50897216796875,-91.07699584960938,0.3640542171184174,0.35,0.0,-0.7914140515724022,2.3914489746093732,26,-1,5.19981471334133,122.08809214967476
231,11.55,ccurve,247,stanley,1.2,204.707763671875,-316.76300048828125,-88.905517578125,0.29127328516554457,0.35,0.0,-0.7582959024880787,0.21997070312498934,26,-1,5.174026449065383,122.16027474775774
232,11.600000000000001,ccurve,247,stanley,1.2,204.75,-317.0166931152344,-87.11775207519531,0.22674015790689264,0.35,0.0,-0.7218902763953962,-1.567794799804693,26,-1,5.174562450686256,122.2298438030909
233,11.65,ccurve,247,stanley,1.2,204.79318237304688,-317.270263671875,-85.5933609008789,0.17010705367749815,0.35,0.0,-0.6845360540935891,-3.0921859741211026,26,-1,5.159614187754531,122.29900675387402
234,11.700000000000001,ccurve,247,stanley,1.2,204.83705139160156,-317.5237121582031,-84.46099090576172,0.12358427855640963,0.35,0.0,-0.6464925667369396,-4.22455596923829,26,-1,5.1601281018326794,122.36799878480421
235,11.75,ccurve,247,stanley,1.2,204.8798370361328,-317.7770080566406,-83.53741455078125,0.08425734243938426,0.35,0.0,-0.609527728294937,-5.14813232421875,27,-1,5.141158173203393,122.4384038967135
236,11.8,ccurve,247,stanley,1.2,204.92245483398438,-318.0302734375,-82.91728973388672,0.0528666879927285,0.35,0.0,-0.5727309320363252,-5.768257141113287,27,-1,5.138184119321942,122.50944526161051
237,11.850000000000001,ccurve,247,stanley,1.2,204.96334838867188,-318.28411865234375,-82.43513488769531,0.02563816809661958,0.35,0.0,-0.5376712263297514,-6.250411987304695,27,-1,5.145057795455382,122.58278834392257
238,11.9,ccurve,247,stanley,1.2,205.00315856933594,-318.53826904296875,-82.18998718261719,0.005855793092882685,0.35,0.0,-0.5037016101483611,-6.495559692382823,27,-1,5.144971810987061,122.65773441893758
239,11.950000000000001,ccurve,247,stanley,1.2,205.0409393310547,-318.79278564453125,-82.01300048828125,-0.011181910352358984,0.35,0.0,-0.4717692795839359,-6.672546386718754,27,-1,5.143368379906648,122.73515836809462
240,12.0,ccurve,247,stanley,1.2,205.0775604248047,-319.04742431640625,-82.0207290649414,-0.022621829009927014,0.35,0.0,-0.44099911206157305,-6.6648178100585955,27,-1,5.144614252987808,122.81416751799838
241,12.05,ccurve,247,stanley,1.2,205.1121063232422,-319.3023681640625,-82.04271697998047,-0.032850958162349994,0.35,0.0,-0.4123105943601767,-6.642829895019535,27,-1,5.144955905905966,122.89566066965864
242,12.100000000000001,ccurve,247,stanley,1.2,205.1454620361328,-319.5574951171875,-82.20528411865234,-0.03867015208999386,0.35,0.0,-0.38481614936574776,-6.480262756347668,27,-1,5.146937762117438,122.9787858158333
243,12.15,ccurve,247,stanley,1.2,205.1768341064453,-319.81298828125,-82.34486389160156,-0.044437955029954214,0.35,0.0,-0.35931836645202603,-6.3407135009765545,28,-1,5.1505655621528055,123.06433172247984
244,12.200000000000001,ccurve,247,stanley,1.2,205.2071075439453,-320.0688171386719,-82.5945053100586,-0.04662787435290517,0.35,0.0,-0.33492135051413197,-6.091072082519509,28,-1,5.153731389877581,123.15148897899479
245,12.25,ccurve,247,stanley,1.2,205.23553466796875,-320.3250732421875,-82.79680633544922,-0.04951540555216765,0.35,0.0,-0.31237996282022357,-5.88877105712891,28,-1,5.1591364900897565,123.24096457381697
246,12.3,ccurve,247,stanley,1.2,205.26292419433594,-320.5816650390625,-83.08959197998047,-0.049377622075748424,0.35,0.0,-0.29088360022274934,-5.59598541259767,28,-1,5.163001328667232,123.33199174294565
247,12.350000000000001,ccurve,247,stanley,1.2,205.28858947753906,-320.83868408203125,-83.31957244873047,-0.05042113030820911,0.35,0.0,-0.27112082767751905,-5.366004943847665,28,-1,5.169388774970697,123.42522216052825
248,12.4,ccurve,247,stanley,1.2,205.31336975097656,-321.0960693359375,-83.62750244140625,-0.048846627267276004,0.35,0.0,-0.2522512325314667,-5.058074951171857,28,-1,5.173678557632798,123.51987711832633
249,12.450000000000001,ccurve,247,stanley,1.2,205.33657836914062,-321.3538513183594,-83.86284637451172,-0.048784675728707004,0.35,0.0,-0.23496197965556023,-4.822731018066405,28,-1,5.18057403550043,123.61658006463821
250,12.5,ccurve,247,stanley,1.2,205.35902404785156,-321.6120300292969,-84.16838836669922,-0.04637348024190623,0.35,0.0,-0.21844456602951076,-4.5171890258789045,28,-1,5.185127346771367,123.714608833756
251,12.55,ccurve,247,stanley,1.2,205.37997436523438,-321.8706359863281,-84.39550018310547,-0.04566767123326315,0.35,0.0,-0.20342169202092864,-4.290077209472667,29,-1,5.192223914017477,123.81462685094726
252,12.600000000000001,ccurve,247,stanley,1.2,205.4003448486328,-322.1295471191406,-84.68819427490234,-0.04281647539969868,0.35,0.0,-0.18899572867258918,-3.9973831176757537,29,-1,5.196940844476551,123.91576261404461
253,12.65,ccurve,247,stanley,1.2,205.41932678222656,-322.3888854980469,-84.89904022216797,-0.04179901978520184,0.35,0.0,-0.17596775034920398,-3.7865371704101403,29,-1,5.204065430214629,124.01878833692514
254,12.700000000000001,ccurve,247,stanley,1.2,205.43785095214844,-322.6485595703125,-85.17296600341797,-0.03876440860949014,0.35,0.0,-0.1634051157114797,-3.5126113891601562,29,-1,5.208882212519439,124.12283463923436
255,12.75,ccurve,247,stanley,1.2,205.45510864257812,-322.90863037109375,-85.36339569091797,-0.03765210345227705,0.35,0.0,-0.15211772786454703,-3.322181701660128,29,-1,5.215923165359434,124.22864468264348
256,12.8,ccurve,247,stanley,1.2,205.47198486328125,-323.16900634765625,-85.61580657958984,-0.0345902114348242,0.35,0.0,-0.14121870979101586,-3.069770812988268,29,-1,5.220808704909415,124.33539101627812
257,12.850000000000001,ccurve,247,stanley,1.2,205.4877471923828,-323.42974853515625,-85.78414916992188,-0.03352087532607052,0.35,0.0,-0.13144169072617828,-2.9014282226562527,29,-1,5.227714810552996,124.44374822471575
258,12.9,ccurve,247,stanley,1.2,205.50320434570312,-323.6908264160156,-86.01421356201172,-0.030544106660800756,0.35,0.0,-0.1219774676073245,-2.6713638305663925,29,-1,5.232641391588304,124.55298640886402
259,12.950000000000001,ccurve,247,stanley,1.2,205.51763916015625,-323.9522399902344,-86.16045379638672,-0.02958287043817646,0.35,0.0,-0.11354804075964395,-2.525123596191437,30,-1,5.239382215231406,124.6637370479687
260,13.0,ccurve,247,stanley,1.2,205.53184509277344,-324.2139587402344,-86.36870574951172,-0.026742143534817964,0.35,0.0,-0.10534940999698093,-2.3168716430664045,30,-1,5.244338540913028,124.77528508061725
261,13.05,ccurve,247,stanley,1.2,205.5450897216797,-324.4759826660156,-86.4936752319336,-0.025924457466910317,0.35,0.0,-0.09811883041849262,-2.19190216064453,30,-1,5.250900114565221,124.88827413168464
262,13.100000000000001,ccurve,247,stanley,1.2,205.55821228027344,-324.73834228515625,-86.681396484375,-0.023248435745410977,0.35,0.0,-0.0910179894983755,-2.0041809082031317,30,-1,5.255867944094959,125.00197943171922
263,13.15,ccurve,247,stanley,1.2,205.5704803466797,-325.00103759765625,-86.78652954101562,-0.022613974117556036,0.35,0.0,-0.08477911638707994,-1.8990478515624805,30,-1,5.262255005227691,125.11704369633058
264,13.200000000000001,ccurve,247,stanley,1.2,205.58270263671875,-325.2640075683594,-86.95523071289062,-0.020130418815851647,0.35,0.0,-0.07859230797947524,-1.7303466796875262,30,-1,5.2672318300339525,125.23272685430643
265,13.25,ccurve,247,stanley,1.2,205.5941162109375,-325.5273132324219,-87.04241180419922,-0.019674093261810043,0.35,0.0,-0.07322170305878896,-1.643165588378923,30,-1,5.27344815418638,125.34972637978717
266,13.3,ccurve,247,stanley,1.2,205.6055450439453,-325.7908630371094,-87.19402313232422,-0.017367713841107017,0.35,0.0,-0.06784716969462949,-1.4915542602538954,31,-1,5.278421275737348,125.46727542666221
267,13.350000000000001,ccurve,247,stanley,1.2,205.6162109375,-326.05474853515625,-87.26512908935547,-0.01707828164057688,0.35,0.0,-0.06323734950435762,-1.4204483032226372,31,-1,5.284473599047919,125.58609845159282
268,13.4,ccurve,247,stanley,1.2,205.626953125,-326.31890869140625,-87.40155792236328,-0.014940042924614667,0.35,0.0,-0.058557555826034904,-1.284019470214843,31,-1,5.289435163758619,125.70543148759812
269,13.450000000000001,ccurve,247,stanley,1.2,205.63694763183594,-326.5833435058594,-87.45840454101562,-0.014796275857064223,0.35,0.0,-0.05463154645391802,-1.2271728515625127,31,-1,5.295332909408735,125.82599324384962
270,13.5,ccurve,247,stanley,1.2,205.64706420898438,-326.8480529785156,-87.58141326904297,-0.01279840980634477,0.35,0.0,-0.05058979927184712,-1.1041641235351454,31,-1,5.300276515954138,125.94702421842412
271,13.55,ccurve,247,stanley,1.2,205.65652465820312,-327.1130676269531,-87.62569427490234,-0.01280433896162302,0.35,0.0,-0.04721100779459661,-1.0598831176757963,31,-1,5.3060333767910555,126.06921693295472
272,13.600000000000001,ccurve,247,stanley,1.2,205.66615295410156,-327.3783264160156,-87.7368392944336,-0.010954577271071788,0.35,0.0,-0.043670014143068085,-0.9487380981445276,31,-1,5.310955993148433,126.19182346180946
273,13.65,ccurve,247,stanley,1.2,205.6751251220703,-327.6438903808594,-87.7701416015625,-0.011083466422951768,0.35,0.0,-0.04079197619635995,-0.9154357910156374,31,-1,5.316575414338905,126.3155898399718
274,13.700000000000001,ccurve,247,stanley,1.2,205.684326171875,-327.90972900390625,-87.87102508544922,-0.009357566196617456,0.35,0.0,-0.03769644297063061,-0.8145523071288987,32,-1,5.321467295383374,126.4397317016054
275,13.75,ccurve,247,stanley,1.2,205.6929473876953,-328.1758117675781,-87.89480590820312,-0.009619967221955468,0.35,0.0,-0.03518116554633455,-0.7907714843749897,32,-1,5.3269630360411995,126.56493511324753
276,13.8,ccurve,247,stanley,1.2,205.70172119140625,-328.442138671875,-87.98681640625,-0.007983716392879902,0.35,0.0,-0.03251894072172819,-0.6987609863281122,32,-1,5.331821914828694,126.69056449138174
277,13.850000000000001,ccurve,247,stanley,1.2,205.70993041992188,-328.7087707519531,-88.00241088867188,-0.00831972772833086,0.35,0.0,-0.030428142958135916,-0.6831665039062276,32,-1,5.3371945905883935,126.81727080211287
278,13.9,ccurve,247,stanley,1.2,205.71841430664062,-328.97564697265625,-88.08666229248047,-0.006790373056333201,0.35,0.0,-0.028068359602491617,-0.5989151000976772,32,-1,5.342011805163296,126.94429712631096
279,13.950000000000001,ccurve,247,stanley,1.2,205.726318359375,-329.2427673339844,-88.09505462646484,-0.007212629223830668,0.35,0.0,-0.026293857996987413,-0.5905227661132763,32,-1,5.347277427048306,127.07238120763685
280,14.0,ccurve,247,stanley,1.2,205.73452758789062,-329.5101623535156,-88.17259216308594,-0.005766850943170584,0.35,0.0,-0.0242205612939166,-0.5129852294921754,32,-1,5.352052476756499,127.20077415679543
281,14.05,ccurve,247,stanley,1.2,205.74215698242188,-329.7778015136719,-88.17479705810547,-0.0062617855477479925,0.35,0.0,-0.022722317515724972,-0.5107803344726762,33,-1,5.357209906832975,127.33022307431467
282,14.100000000000001,ccurve,247,stanley,1.2,205.75010681152344,-330.0456848144531,-88.2466049194336,-0.004877940044063406,0.35,0.0,-0.02091955264883907,-0.43897247314453497,33,-1,5.361942550879701,127.4599521063664
283,14.15,ccurve,247,stanley,1.2,205.75753784179688,-330.3138122558594,-88.24346923828125,-0.0054427012387071715,0.35,0.0,-0.0196410504362224,-0.4421081542968626,33,-1,5.367000887432114,127.59068279742598
284,14.200000000000001,ccurve,247,stanley,1.2,205.76528930664062,-330.58221435546875,-88.31021881103516,-0.004124225837195361,0.35,0.0,-0.01804849835207141,-0.37535858154299206,33,-1,5.3716851062024125,127.72170918477876
285,14.25,ccurve,247,stanley,1.2,205.77255249023438,-330.8508605957031,-88.30248260498047,-0.004752803113135166,0.35,0.0,-0.01694969937425421,-0.38309478759764826,33,-1,5.376644911070254,127.85370948731527
286,14.3,ccurve,247,stanley,1.2,205.7801055908203,-331.11968994140625,-88.36498260498047,-0.003477797698574797,0.35,0.0,-0.015565259945575546,-0.32059478759763943,33,-1,5.381274659452004,127.98598441860355
287,14.350000000000001,ccurve,247,stanley,1.2,205.78717041015625,-331.3888244628906,-88.35338592529297,-0.004138606242551639,0.35,0.0,-0.014675973708072393,-0.33219146728512616,33,-1,5.386146517119273,128.11926306168303
288,14.4,ccurve,247,stanley,1.2,205.79458618164062,-331.65814208984375,-88.41217041015625,-0.0029139800875800405,0.35,0.0,-0.013440027923836912,-0.27340698242185746,33,-1,5.390724563997627,128.25276381090725
289,14.450000000000001,ccurve,247,stanley,1.2,205.801513671875,-331.9277648925781,-88.39712524414062,-0.003616064481283239,0.35,0.0,-0.012704261279483743,-0.2884521484374726,34,-1,5.395508828246655,128.38726689629448
290,14.5,ccurve,247,stanley,1.2,205.80882263183594,-332.19757080078125,-88.45269012451172,-0.0024390630823827213,0.35,0.0,-0.011586299591756012,-0.23288726806638668,34,-1,5.4000352145936565,128.52196590171135
291,14.55,ccurve,247,stanley,1.2,205.81565856933594,-332.4676208496094,-88.4347152709961,-0.003188715468127761,0.35,0.0,-0.010946836236394357,-0.2508621215820038,34,-1,5.404734433101713,128.6576208866057
292,14.600000000000001,ccurve,247,stanley,1.2,205.82284545898438,-332.7378845214844,-88.48764038085938,-0.0020377262887219354,0.35,0.0,-0.009961413376721231,-0.19793701171873912,34,-1,5.409205932083869,128.79351356194775
293,14.65,ccurve,247,stanley,1.2,205.82955932617188,-333.0083923339844,-88.46723175048828,-0.002807855737846293,0.35,0.0,-0.009454488849414182,-0.21834564208985185,34,-1,5.4138259036476475,128.93036056604188
294,14.700000000000001,ccurve,247,stanley,1.2,205.83663940429688,-333.2791442871094,-88.51776123046875,-0.0016814424199132591,0.35,0.0,-0.008587050086248806,-0.16781616210936579,34,-1,5.418232385709214,129.06744828347175
295,14.75,ccurve,247,stanley,1.2,205.84323120117188,-333.55010986328125,-88.49520874023438,-0.0024640303033506487,0.35,0.0,-0.008212664386996362,-0.19036865234374242,34,-1,5.422775831997284,129.20548551118543
296,14.8,ccurve,247,stanley,1.2,205.85025024414062,-333.8212890625,-88.54364013671875,-0.0013689368584834359,0.35,0.0,-0.00742177130472153,-0.141937255859382,35,-1,5.427129463084474,129.34369546025886
297,14.850000000000001,ccurve,247,stanley,1.2,205.8568115234375,-334.0926818847656,-88.51921844482422,-0.002189730983280847,0.35,0.0,-0.007087695747296535,-0.16635894775388782,35,-1,5.431593342987884,129.48282732064297
298,14.9,ccurve,247,stanley,1.2,205.8637237548828,-334.36431884765625,-88.56591033935547,-0.0011032024730881506,0.35,0.0,-0.006408360727980928,-0.11966705322266312,35,-1,5.435893100373981,129.6222126917921
299,14.950000000000001,ccurve,247,stanley,1.2,205.87022399902344,-334.63616943359375,-88.53984832763672,-0.0019445067035884925,0.35,0.0,-0.006145804902739675,-0.1457290649414034,35,-1,5.440284833587044,129.76247960492034
300,15.0,ccurve,247,stanley,1.2,205.87710571289062,-334.9082336425781,-88.58502197265625,-0.0008861242511132099,0.35,0.0,-0.005506780025251519,-0.10055541992189185,35,-1,5.444525269741864,129.90295785831327
301,15.05,ccurve,247,stanley,1.2,205.88357543945312,-335.1805114746094,-88.55758666992188,-0.0017516894219039884,0.35,0.0,-0.005284534341837715,-0.12799072265625488,35,-1,5.448844839897367,130.0443160261368
302,15.100000000000001,ccurve,247,stanley,1.2,205.89036560058594,-335.4529724121094,-88.60149383544922,-0.000692614911146595,0.35,0.0,-0.004746138659627015,-0.08408355712889089,35,-1,5.453028745737291,130.18592022112037
303,15.15,ccurve,247,stanley,1.2,205.89675903320312,-335.7257080078125,-88.57292938232422,-0.001562521415663003,0.35,0.0,-0.004600438657103755,-0.11264801025393588,36,-1,5.457281931628818,130.32842279996112
304,15.200000000000001,ccurve,247,stanley,1.2,205.90350341796875,-335.99859619140625,-88.61569213867188,-0.0005156497852041647,0.35,0.0,-0.004117607890688223,-0.06988525390624904,36,-1,5.46140776377534,130.47112886776353
305,15.25,ccurve,247,stanley,1.2,205.90989685058594,-336.2717590332031,-88.5860824584961,-0.0014079425920412376,0.35,0.0,-0.003991937307317894,-0.09949493408201901,36,-1,5.465591951685249,130.61469348646543
306,15.3,ccurve,247,stanley,1.2,205.91664123535156,-336.5450439453125,-88.62783813476562,-0.00038612889952738017,0.35,0.0,-0.0035182070923735183,-0.05773925781249285,36,-1,5.469653835365957,130.7584445741926
307,15.350000000000001,ccurve,247,stanley,1.2,205.92298889160156,-336.8185729980469,-88.59737396240234,-0.0012831463220278005,0.35,0.0,-0.0034467013399566374,-0.08820343017575917,36,-1,5.473771557782103,130.9030743146247
308,15.4,ccurve,247,stanley,1.2,205.92970275878906,-337.09228515625,-88.6383285522461,-0.0002693521798627889,0.35,0.0,-0.0030132812668397114,-0.04724884033201719,36,-1,5.477779884669498,131.04791069105204
309,15.450000000000001,ccurve,247,stanley,1.2,205.93600463867188,-337.3662414550781,-88.60717010498047,-0.0011661046837714048,0.35,0.0,-0.002997340430217996,-0.07840728759764337,36,-1,5.481831705236635,131.1936368697397
310,15.5,ccurve,247,stanley,1.2,205.94268798828125,-337.640380859375,-88.64743041992188,-0.00015735408489010125,0.35,0.0,-0.0026042304989285225,-0.038146972656261255,36,-1,5.4857838893733435,131.33955666856545
311,15.55,ccurve,247,stanley,1.2,205.94895935058594,-337.91473388671875,-88.61557006835938,-0.0010580599143981287,0.35,0.0,-0.0026329257104201996,-0.07000732421871944,37,-1,5.489776188893875,131.48634771646473
312,15.600000000000001,ccurve,247,stanley,1.2,205.9556427001953,-338.1892395019531,-88.65514373779297,-6.561574209087081e-05,0.35,0.0,-0.0022482162881810232,-0.030433654785174156,37,-1,5.493669650621121,131.63328970041695
313,15.65,ccurve,247,stanley,1.2,205.9619140625,-338.4639892578125,-88.62277221679688,-0.00097938140460081,0.35,0.0,-0.0022809861024370584,-0.06280517578123572,37,-1,5.497598498643044,131.78111810824743
314,15.700000000000001,ccurve,247,stanley,1.2,205.96856689453125,-338.7388916015625,-88.66180419921875,1.202276594636016e-05,0.35,0.0,-0.0019358867796044732,-0.023773193359385963,37,-1,5.501439062810866,131.92912242473963
315,15.75,ccurve,247,stanley,1.2,205.97482299804688,-339.0140075683594,-88.6289291381836,-0.0009076163317865054,0.35,0.0,-0.001992311876878524,-0.056648254394527864,37,-1,5.5053055298492595,132.07798167927407
316,15.8,ccurve,247,stanley,1.2,205.98147583007812,-339.2893371582031,-88.66751098632812,7.467385746863219e-05,0.35,0.0,-0.0016570131479379541,-0.018066406249995396,37,-1,5.509084872528463,132.2270380144007
317,15.850000000000001,ccurve,247,stanley,1.2,205.98773193359375,-339.5648498535156,-88.63427734375,-0.0008519178638178472,0.35,0.0,-0.001722538796683163,-0.051300048828127234,37,-1,5.512892025426697,132.37693042421245
318,15.9,ccurve,247,stanley,1.2,205.994384765625,-339.84051513671875,-88.67244720458984,0.0001233696511985692,0.35,0.0,-0.0013999664830788433,-0.013130187988296859,38,-1,5.516615558890019,132.52698523125383
319,15.950000000000001,ccurve,247,stanley,1.2,206.00062561035156,-340.1163635253906,-88.63890838623047,-0.000803734684474253,0.35,0.0,-0.001488447372421207,-0.04666900634765558,38,-1,5.520362783720501,132.67788665724817
320,16.0,ccurve,247,stanley,1.2,206.0072784423828,-340.3924255371094,-88.67678833007812,0.0001649347644554791,0.35,0.0,-0.0011699496615812386,-0.008789062500006013,38,-1,5.524037294881985,132.8289719897568
321,16.05,ccurve,247,stanley,1.2,206.01353454589844,-340.6686706542969,-88.6429672241211,-0.0007724031822374062,0.35,0.0,-0.0012522763284270474,-0.0426101684570225,38,-1,5.527726017402628,132.98088950004072
322,16.1,ccurve,247,stanley,1.2,206.02015686035156,-340.945068359375,-88.68063354492188,0.0002039434484770138,0.35,0.0,-0.0009719886321519532,-0.0049438476562215766,38,-1,5.531347692738078,133.13299351543444
323,16.150000000000002,ccurve,247,stanley,1.2,206.02639770507812,-341.2216796875,-88.6466064453125,-0.0007308718207932242,0.35,0.0,-0.0010779705820157769,-0.03897094726561456,38,-1,5.5349810883741535,133.28593254187854
324,16.2,ccurve,247,stanley,1.2,206.03302001953125,-341.4984436035156,-88.6839828491211,0.00024034530248472812,0.35,0.0,-0.0008060833947909837,-0.0015945434570453281,38,-1,5.538549589603704,133.43904499616067
325,16.25,ccurve,247,stanley,1.2,206.03927612304688,-341.775390625,-88.64976501464844,-0.0007059811678732581,0.35,0.0,-0.0008949822544764806,-0.03581237792971783,39,-1,5.542127440838319,133.59296057257683
326,16.3,ccurve,247,stanley,1.2,206.0458984375,-342.0525207519531,-88.68695068359375,0.0002629309689121799,0.35,0.0,-0.0006314955763019828,0.001373291015622759,39,-1,5.545639672543049,133.74707905530346
327,16.35,ccurve,247,stanley,1.2,206.05213928222656,-342.329833984375,-88.652587890625,-0.0006757871775495688,0.35,0.0,-0.0007535785018455508,-0.03298950195314015,39,-1,5.549160771569044,133.90201119033148
328,16.400000000000002,ccurve,247,stanley,1.2,206.05874633789062,-342.6073303222656,-88.68960571289062,0.0002968503456572381,0.35,0.0,-0.0005137471066890722,0.004028320312490034,39,-1,5.552616873065597,134.05714572593638
329,16.45,ccurve,247,stanley,1.2,206.06497192382812,-342.8849792480469,-88.65509033203125,-0.0006381367641779382,0.35,0.0,-0.0006587852728297972,-0.030487060546886317,39,-1,5.556086521150399,134.21307420199682
330,16.5,ccurve,247,stanley,1.2,206.07159423828125,-343.162841796875,-88.69185638427734,0.0003250136496402667,0.35,0.0,-0.0004120996127559024,0.006278991699229142,39,-1,5.559493732127662,134.36919742315737
331,16.55,ccurve,247,stanley,1.2,206.07785034179688,-343.44085693359375,-88.65716552734375,-0.000622833138436889,0.35,0.0,-0.000535028740011493,-0.028411865234380655,39,-1,5.562907182042944,134.5261001635667
332,16.6,ccurve,247,stanley,1.2,206.08447265625,-343.7190246582031,-88.69377899169922,0.000340336718128685,0.35,0.0,-0.000300369452852986,0.008201599121070472,40,-1,5.566266011492556,134.6831864333417
333,16.650000000000002,ccurve,247,stanley,1.2,206.09071350097656,-343.9973449707031,-88.65899658203125,-0.0006023034500516184,0.35,0.0,-0.00044555377828487536,-0.02658081054686668,40,-1,5.569629830521527,134.84106238092875
334,16.7,ccurve,247,stanley,1.2,206.09732055664062,-344.2758483886719,-88.69550323486328,0.00036425451179383035,0.35,0.0,-0.00022882378301672217,0.009925842285160125,40,-1,5.572936121715571,134.99913900834
335,16.75,ccurve,247,stanley,1.2,206.10357666015625,-344.5545349121094,-88.66061401367188,-0.0005838968762702157,0.35,0.0,-0.00036715384353119785,-0.024963378906252238,40,-1,5.576254548643826,135.15799643167202
336,16.8,ccurve,247,stanley,1.2,206.1101837158203,-344.8333435058594,-88.69696044921875,0.0003806559353310442,0.35,0.0,-0.00015742427247162748,0.011383056640638088,40,-1,5.5795090301870784,135.3170303568025
337,16.85,ccurve,247,stanley,1.2,206.11642456054688,-345.1123352050781,-88.66195678710938,-0.0005629755072275907,0.35,0.0,-0.00031800953116240156,-0.02362060546877252,40,-1,5.582773622316827,135.47685527765753
338,16.900000000000002,ccurve,247,stanley,1.2,206.12306213378906,-345.3914794921875,-88.69820404052734,0.00039081898562436215,0.35,0.0,-8.547087879683807e-05,0.012626647949216523,40,-1,5.585981289119111,135.63683703448882
339,16.95,ccurve,247,stanley,1.2,206.1293182373047,-345.6707763671875,-88.66313171386719,-0.0005577252458341363,0.35,0.0,-0.00023780178772847896,-0.022445678710952325,40,-1,5.589195601166294,135.79760192734952
340,17.0,ccurve,247,stanley,1.2,206.13595581054688,-345.95025634765625,-88.69930267333984,0.00039847007226874627,0.35,0.0,-1.798955069916633e-05,0.013725280761704551,41,-1,5.59235208601043,135.95855342248592
341,17.05,ccurve,247,stanley,1.2,206.14218139648438,-346.22991943359375,-88.6642074584961,-0.0005371146583655884,0.35,0.0,-0.00020923051661653896,-0.021369934082033415,41,-1,5.595516325765291,136.12032858056426
342,17.1,ccurve,247,stanley,1.2,206.14881896972656,-346.50970458984375,-88.70025634765625,0.00041637863475365883,0.35,0.0,8.607244910998485e-06,0.014678955078102178,41,-1,5.598623900142609,136.28222882135512
343,17.150000000000002,ccurve,247,stanley,1.2,206.15505981445312,-346.7896728515625,-88.66509246826172,-0.0005241319360653731,0.35,0.0,-0.00017437937124724226,-0.020484924316394027,41,-1,5.601740731652173,136.44493827318357
344,17.2,ccurve,247,stanley,1.2,206.1616973876953,-347.06976318359375,-88.70104217529297,0.00042907278674323833,0.35,0.0,3.645796607171063e-05,0.015464782714840282,41,-1,5.604803068426001,136.60778427663368
345,17.25,ccurve,247,stanley,1.2,206.16793823242188,-347.35003662109375,-88.665771484375,-0.0005121021471536792,0.35,0.0,-0.00015352907429511294,-0.01980590820313113,41,-1,5.607871342619164,136.7714372758607
346,17.3,ccurve,247,stanley,1.2,206.17459106445312,-347.6304626464844,-88.70162963867188,0.00043592658880144114,0.35,0.0,6.486257036211751e-05,0.016052246093775827,41,-1,5.610889465480757,136.93523229529484
347,17.35,ccurve,247,stanley,1.2,206.1808319091797,-347.9110107421875,-88.66635131835938,-0.0005069073265601221,0.35,0.0,-0.00012119602653152053,-0.019226074218718626,42,-1,5.6139089863780445,137.09980742521282
348,17.400000000000002,ccurve,247,stanley,1.2,206.18746948242188,-348.19171142578125,-88.7021484375,0.0004470042273965043,0.35,0.0,7.564046237026716e-05,0.016571044921851352,42,-1,5.616883209040539,137.2645359484781
349,17.45,ccurve,247,stanley,1.2,206.1937255859375,-348.4725646972656,-88.66680908203125,-0.0004969504876359476,0.35,0.0,-0.00011239261002514867,-0.0187683105468783,42,-1,5.6198562129338185,137.4300363623377
350,17.5,ccurve,247,stanley,1.2,206.20037841796875,-348.75360107421875,-88.70256805419922,0.0004533061521718365,0.35,0.0,9.199818621491332e-05,0.016990661621076486,42,-1,5.622783397322283,137.59570807113377
351,17.55,ccurve,247,stanley,1.2,206.2066192626953,-349.0347595214844,-88.66717529296875,-0.0004844689030936285,0.35,0.0,-0.00011829008435680199,-0.018402099609365327,42,-1,5.625713917816901,137.76215505764202
352,17.6,ccurve,247,stanley,1.2,206.21327209472656,-349.3160400390625,-88.70287322998047,0.0004660714852778481,0.35,0.0,8.050037251639344e-05,0.01729583740235426,42,-1,5.628596116372029,137.9287232741421
353,17.650000000000002,ccurve,247,stanley,1.2,206.2195281982422,-349.5975036621094,-88.66741180419922,-0.0004766223240360227,0.35,0.0,-0.00012153354829618976,-0.018165588378896678,42,-1,5.63148108219695,138.0960895379303
354,17.7,ccurve,247,stanley,1.2,206.22618103027344,-349.87908935546875,-88.7030029296875,0.0004753736811236224,0.35,0.0,6.453049324076088e-05,0.017425537109347695,43,-1,5.634317479089428,138.26358833961703
355,17.75,ccurve,247,stanley,1.2,206.23243713378906,-350.16082763671875,-88.66756439208984,-0.00046454468142818976,0.35,0.0,-0.00014380380935954604,-0.018013000488283238,43,-1,5.637160092374256,138.43186417449576
356,17.8,ccurve,247,stanley,1.2,206.2390899658203,-350.4426574707031,-88.70306396484375,0.0004848531043299903,0.35,0.0,4.238588393820023e-05,0.017486572265633785,43,-1,5.639949544961702,138.60025285125198
357,17.85,ccurve,247,stanley,1.2,206.245361328125,-350.72467041015625,-88.66753387451172,-0.0004608742914175596,0.35,0.0,-0.00015699402648211536,-0.018043518066375393,43,-1,5.642748355785743,138.76942295519223
358,17.900000000000002,ccurve,247,stanley,1.2,206.2520294189453,-351.0068359375,-88.7030029296875,0.0004850848470690586,0.35,0.0,3.6749974153905095e-05,0.017425537109347695,43,-1,5.645499984582213,138.93874277639293
359,17.95,ccurve,247,stanley,1.2,206.25830078125,-351.2890930175781,-88.66747283935547,-0.0004587635347938792,0.35,0.0,-0.00016823027563327674,-0.018104553222661482,43,-1,5.6482542631926425,139.10879707998677
360,18.0,ccurve,247,stanley,1.2,206.26495361328125,-351.5715026855469,-88.70291137695312,0.0004936372385372783,0.35,0.0,4.6586116681617e-06,0.01733398437496945,43,-1,5.650965870666892,139.27901217621545
361,18.05,ccurve,247,stanley,1.2,206.271240234375,-351.8540954589844,-88.66735076904297,-0.00045203543923532096,0.35,0.0,-0.00019779327948755282,-0.018226623535131877,44,-1,5.653678949893005,139.44999227468819
362,18.1,ccurve,247,stanley,1.2,206.27793884277344,-352.13677978515625,-88.70269012451172,0.00048387872464294496,0.35,0.0,1.4559547929310357e-05,0.01711273193359777,44,-1,5.656346325201894,139.62107057741463
363,18.150000000000002,ccurve,247,stanley,1.2,206.28424072265625,-352.41961669921875,-88.66720581054688,-0.0004647748918022246,0.35,0.0,-0.00017321195991874642,-0.018371582031222283,44,-1,5.65901584358568,139.79291643589605
364,18.2,ccurve,247,stanley,1.2,206.2909393310547,-352.70257568359375,-88.70260620117188,0.00047514269088353133,0.35,0.0,3.284048571039099e-05,0.01702880859374257,44,-1,5.661644618211355,139.9648905516213
365,18.25,ccurve,247,stanley,1.2,206.2972412109375,-352.98565673828125,-88.6671371459961,-0.0004711903614488981,0.35,0.0,-0.00016053136150453225,-0.01844024658203141,44,-1,5.664279177703292,140.13761066217398
366,18.3,ccurve,247,stanley,1.2,206.30393981933594,-353.26885986328125,-88.70256805419922,0.00047160888800046324,0.35,0.0,3.99207447577387e-05,0.016990661621076486,44,-1,5.666863139021407,140.3104580812782
367,18.35,ccurve,247,stanley,1.2,206.31027221679688,-353.5522155761719,-88.66717529296875,-0.0004809928448115798,0.35,0.0,-0.00012924193630948003,-0.018402099609365327,44,-1,5.6694552904715305,140.48404451006687
368,18.400000000000002,ccurve,247,stanley,1.2,206.31698608398438,-353.835693359375,-88.70266723632812,0.0004569746356669482,0.35,0.0,9.039338739369462e-05,0.017089843750028654,45,-1,5.6720022212942185,140.65776926502411
369,18.45,ccurve,247,stanley,1.2,206.3233184814453,-354.1192932128906,-88.66732788085938,-0.0004922073873512542,0.35,0.0,-8.436963304038654e-05,-0.018249511718751884,45,-1,5.674551949390944,140.8322232233817
370,18.5,ccurve,247,stanley,1.2,206.3300323486328,-354.4030456542969,-88.70281219482422,0.0004513372057494432,0.35,0.0,0.00011873648361414996,0.01723480224611906,45,-1,5.677134218237578,141.0068338889877
371,18.55,ccurve,247,stanley,1.2,206.3363800048828,-354.6869201660156,-88.66759490966797,-0.0004975082711878356,0.35,0.0,-4.707214463994062e-05,-0.017982482910140193,45,-1,5.681024493205069,141.18215954247873
372,18.6,ccurve,247,stanley,1.2,206.3430938720703,-354.97088623046875,-88.7030029296875,0.0004456719090975854,0.35,0.0,0.00015113367506858818,0.017425537109347695,45,-1,5.6875044664414105,141.35761401302491
373,18.650000000000002,ccurve,247,stanley,1.2,206.3494110107422,-355.25506591796875,-88.66815185546875,-0.00047986245481292664,0.35,0.0,-5.218492532951813e-05,-0.017425537109347695,45,-1,5.692019341572849,141.53386282736244
374,18.7,ccurve,247,stanley,1.2,206.35610961914062,-355.5393981933594,-88.70308685302734,0.000458083880135265,0.35,0.0,0.00012236561136099236,0.017509460449202898,45,-1,5.698001544290432,141.7102667447734
375,18.75,ccurve,247,stanley,1.2,206.36245727539062,-355.823974609375,-88.66793060302734,-0.00048195392282628004,0.35,0.0,-6.456994127964147e-05,-0.017646789550770266,46,-1,5.703352131433628,141.8874473398197
376,18.8,ccurve,247,stanley,1.2,206.36920166015625,-356.10870361328125,-88.70287322998047,0.0004436962303993911,0.35,0.0,0.0001466443658428608,0.01729583740235426,46,-1,5.707726525657796,142.06477086585238
377,18.85,ccurve,247,stanley,1.2,206.37554931640625,-356.3937072753906,-88.66781616210938,-0.0004919614015848454,0.35,0.0,-4.506583198298896e-05,-0.017761230468768513,46,-1,5.710660725573873,142.242924062093
378,18.900000000000002,ccurve,247,stanley,1.2,206.38229370117188,-356.6789245605469,-88.70256042480469,0.00043196046760933434,0.35,0.0,0.00015494779640578171,0.016983032226553445,46,-1,5.714082334414682,142.42125906528594
379,18.95,ccurve,247,stanley,1.2,206.38864135742188,-356.96441650390625,-88.6668701171875,-0.0005180133480292344,0.35,0.0,-4.796308015380009e-05,-0.0187072753906431,46,-1,5.717148998926708,142.60042215035185
380,19.0,ccurve,247,stanley,1.2,206.3954315185547,-357.2500305175781,-88.70330047607422,0.00044152018834200046,0.35,0.0,0.00018871431866696042,0.01772308349610243,46,-1,5.716186971000383,142.779672796437
381,19.05,ccurve,247,stanley,1.2,206.40174865722656,-357.5358581542969,-88.66796875,-0.0004851015970206638,0.35,0.0,-5.240657245749597e-05,-0.01760864257810418,46,-1,5.7185949255622175,142.9597684194703
382,19.1,ccurve,247,stanley,1.2,206.40850830078125,-357.8218994140625,-88.70325469970703,0.00045761470959196734,0.35,0.0,0.0001382346934081513,0.017677307128913307,47,-1,5.722761030245036,143.14001029924475
383,19.150000000000002,ccurve,247,stanley,1.2,206.4148712158203,-358.10845947265625,-88.66851043701172,-0.00046228581682749095,0.35,0.0,-7.392289391375262e-05,-0.01706695556640865,47,-1,5.73037089449681,143.32123539621514
384,19.200000000000003,ccurve,247,stanley,1.2,206.42160034179688,-358.3954162597656,-88.7040023803711,0.0005021309335359268,0.35,0.0,7.093354251837616e-05,0.01842498779298533,47,-1,5.73495034781486,143.50278447889977
385,19.25,ccurve,247,stanley,1.2,206.42800903320312,-358.68267822265625,-88.66910552978516,-0.00043243781465185973,0.35,0.0,-0.00011156069858012292,-0.01647186279295007,47,-1,5.738962362288877,143.68511951642623
386,19.3,ccurve,247,stanley,1.2,206.43479919433594,-358.97015380859375,-88.70439910888672,0.000509571316126681,0.35,0.0,8.241411256828136e-05,0.01882171630859046,47,-1,5.742637814487481,143.86764814090253
387,19.35,ccurve,247,stanley,1.2,206.4412384033203,-359.2576904296875,-88.6690673828125,-0.0004457720222066051,0.35,0.0,-7.58709623825092e-05,-0.016510009765616153,47,-1,5.7451171598216675,144.05082477393395
388,19.400000000000002,ccurve,247,stanley,1.2,206.4480438232422,-359.5452575683594,-88.70404052734375,0.30151108174972074,0.35,0.0,0.04470467438423578,11.087707519531255,48,-1,5.746942323467988,144.2340858040311
389,19.450000000000003,ccurve,247,stanley,1.2,206.45901489257812,-359.83233642578125,-88.42868041992188,0.31103082774318497,0.35,0.0,-0.006145558039851867,10.812347412109375,48,-1,5.730751108126334,144.41422566700862
390,19.5,ccurve,247,stanley,1.2,206.48252868652344,-360.11627197265625,-87.64849090576172,0.3018841845492353,0.35,0.0,-0.04407078711024871,10.032157897949228,48,-1,5.67639825149742,144.58319942576884
391,19.55,ccurve,247,stanley,1.2,206.51919555664062,-360.3956298828125,-86.29815673828125,0.2718118622507629,0.35,0.0,-0.06816726088873944,8.681823730468759,48,-1,5.635587668356324,144.7396292145383
392,19.6,ccurve,247,stanley,1.2,206.56573486328125,-360.6724853515625,-84.85668182373047,0.23549107709901024,0.35,0.0,-0.0820843298253939,7.240348815917969,48,-1,5.632769616087953,144.88737297443276
393,19.650000000000002,ccurve,247,stanley,1.2,206.6181182861328,-360.9483947753906,-83.39796447753906,0.196603491445607,0.35,0.0,-0.09009036909611112,5.781631469726562,48,-1,5.632968966382861,145.03050236412633
394,19.700000000000003,ccurve,247,stanley,1.2,206.6751708984375,-361.22393798828125,-82.15498352050781,0.5909697677387581,0.35,0.0,-0.11524010582747363,19.281417846679688,49,-1,5.648205141899059,145.17029593233846
395,19.75,ccurve,247,stanley,1.2,206.7388458251953,-361.49755859375,-80.78788757324219,0.5758557446117014,0.35,0.0,-0.18332809933794253,17.914321899414062,49,-1,5.622655322312974,145.30427292290315
396,19.8,ccurve,247,stanley,1.2,206.81591796875,-361.76483154296875,-79.0938491821289,0.546899642107732,0.35,0.0,-0.23659828667074562,16.22028350830079,49,-1,5.563871068409541,145.4244458296554
397,19.85,ccurve,247,stanley,1.2,206.90834045410156,-362.0220947265625,-76.85362243652344,0.4967984565194584,0.35,0.0,-0.27164262244364457,13.980056762695309,49,-1,5.473986998631755,145.52693746110097
398,19.900000000000002,ccurve,247,stanley,1.2,207.01531982421875,-362.27008056640625,-74.40531921386719,0.43374244600985884,0.35,0.0,-0.2895012372628561,11.53175354003907,49,-1,5.447095835927495,145.61284105026908
399,19.950000000000003,ccurve,247,stanley,1.2,207.1322021484375,-362.51312255859375,-71.93963623046875,0.3657185759063959,0.35,0.0,-0.2962920229192264,9.066070556640634,49,-1,5.447845511888118,145.688528913844
400,20.0,ccurve,247,stanley,1.2,207.25685119628906,-362.75396728515625,-69.75555419921875,0.7358879688964141,0.35,0.0,-0.30935301961003864,21.879119873046875,50,-1,5.477766168108891,145.75744285783404
401,20.05,ccurve,247,stanley,1.2,207.38978576660156,-362.9898681640625,-67.52436828613281,0.6942578094115932,0.35,0.0,-0.36898165046421294,19.64793395996094,50,-1,5.4425012848091905,145.81737105263008
402,20.1,ccurve,247,stanley,1.2,207.5355682373047,-363.2137451171875,-65.02970886230469,0.6401440406654698,0.35,0.0,-0.4110161645673954,17.15327453613281,50,-1,5.365851925493197,145.8601821036465
403,20.150000000000002,ccurve,247,stanley,1.2,207.6940155029297,-363.42218017578125,-62.11869430541992,0.5674580270980951,0.35,0.0,-0.433299831138918,14.242259979248042,50,-1,5.285130795949426,145.8837025411684
404,20.200000000000003,ccurve,247,stanley,1.2,207.8638458251953,-363.61932373046875,-59.19932174682617,0.4863398817969336,0.35,0.0,-0.43956711421232364,11.322887420654302,50,-1,5.285599032062889,145.8916675771884
405,20.25,ccurve,247,stanley,1.2,208.04168701171875,-363.8105773925781,-56.40437316894531,0.4046651061611524,0.35,0.0,-0.43594220113079285,8.527938842773436,50,-1,5.3016260129000266,145.8902137195098
406,20.3,ccurve,247,stanley,1.2,208.22628784179688,-363.998779296875,-53.98487091064453,0.9648642258654406,0.35,0.0,-0.4633600719581848,27.829811096191403,51,-1,5.343724128653261,145.88219224175134
407,20.35,ccurve,247,stanley,1.2,208.41726684570312,-364.1806945800781,-51.57567596435547,0.9259238095875881,0.35,0.0,-0.5424641118013914,25.420616149902347,51,-1,5.3117988700791825,145.86569521736584
408,20.400000000000002,ccurve,247,stanley,1.2,208.61692810058594,-364.3474426269531,-48.93197250366211,0.8760135480837066,0.35,0.0,-0.6041268205736772,22.77691268920898,51,-1,5.235481824831081,145.83298304577474
409,20.450000000000003,ccurve,247,stanley,1.2,208.8252716064453,-364.49444580078125,-45.82533645629883,0.8035705151050578,0.35,0.0,-0.6442392914576796,19.670276641845703,51,-1,5.2009779958329085,145.78090310071838
410,20.5,ccurve,247,stanley,1.2,209.04843139648438,-364.6173400878906,-42.29790115356445,0.7054318798948837,0.35,0.0,-0.6561804728316437,16.142841339111328,51,-1,5.239153055976474,145.701952366201
411,20.55,ccurve,247,stanley,1.2,209.28456115722656,-364.72283935546875,-38.664710998535156,0.5929865519258769,0.35,0.0,-0.6467906199393766,12.509651184082033,51,-1,5.356376486579338,145.60203897597228
412,20.6,ccurve,247,stanley,1.2,209.5316925048828,-364.821044921875,-35.305912017822266,1.0,0.35,0.0,-0.6538560563767218,30.872226715087894,52,-1,5.474481453383703,145.4895094714031
413,20.650000000000002,ccurve,247,stanley,1.2,209.78285217285156,-364.9097595214844,-32.047386169433594,1.0,0.35,0.0,-0.722889226606992,27.613700866699215,52,-1,5.390201359575331,145.36792874471516
414,20.700000000000003,ccurve,247,stanley,1.2,210.03211975097656,-364.9798889160156,-28.489709854125977,0.9727095163189592,0.35,0.0,-0.7735390768309639,24.0560245513916,52,-1,5.270369347070937,145.2353074402585
415,20.75,ccurve,247,stanley,1.2,210.2820587158203,-365.021240234375,-24.57181167602539,0.8732201953867424,0.35,0.0,-0.7954450683010517,20.138126373291016,52,-1,5.188310060561794,145.08269264499464
416,20.8,ccurve,247,stanley,1.2,210.53192138671875,-365.0348815917969,-20.43096351623535,0.7522141902257645,0.35,0.0,-0.7897299194948321,15.997278213500977,52,-1,5.199135139030513,144.91127840295576
417,20.85,ccurve,247,stanley,1.2,210.78599548339844,-365.0311279296875,-16.414047241210938,0.6236267629225561,0.35,0.0,-0.766346241064105,11.98036193847656,52,-1,5.298323897656793,144.72502361145882
418,20.900000000000002,ccurve,247,stanley,1.2,211.0471649169922,-365.0193786621094,-12.819721221923828,0.5036336986092478,0.35,0.0,-0.7344423777613569,8.386035919189453,52,-1,5.416851871976491,144.52832012211005
419,20.950000000000003,ccurve,247,stanley,1.2,211.3118133544922,-365.0062561035156,-9.698347091674805,0.5669799545028472,0.35,0.0,-0.7758265587899711,10.128278732299805,53,-1,5.437372535096406,144.3283625512036
420,21.0,ccurve,247,stanley,1.2,211.57489013671875,-364.98760986328125,-6.909429550170898,0.48669423647785226,0.35,0.0,-0.7591548801936062,7.339361190795898,53,-1,5.332323830603392,144.12591278148295
421,21.05,ccurve,247,stanley,1.2,211.83790588378906,-364.9609680175781,-4.181947231292725,0.3963604240203764,0.35,0.0,-0.734487363240544,4.611878871917725,53,-1,5.405521403527296,143.91814987640956
422,21.1,ccurve,247,stanley,1.2,212.10179138183594,-364.92913818359375,-1.83721923828125,0.32081244007365184,0.35,0.0,-0.7046385303714924,2.26715087890625,53,-1,5.362142877836954,143.70633920187043
423,21.150000000000002,ccurve,247,stanley,1.2,212.36502075195312,-364.8952331542969,0.23383602499961853,0.25134131919383,0.35,0.0,-0.6727096372566596,0.19609561562538147,53,-1,5.337166357645108,143.49373389314698
424,21.200000000000003,ccurve,247,stanley,1.2,212.62811279296875,-364.8594055175781,1.8833448886871338,0.1920896245659084,0.35,0.0,-0.6388571603768997,-1.453413248062134,53,-1,5.33550148427926,143.28006273594994
425,21.25,ccurve,247,stanley,1.2,212.8910369873047,-364.8234558105469,3.2635891437530518,0.14113547886237135,0.35,0.0,-0.6048813571581412,-2.8336575031280518,53,-1,5.317248430781676,143.06660023771892
426,21.3,ccurve,247,stanley,1.2,213.15386962890625,-364.78729248046875,4.263420581817627,0.10024389062568952,0.35,0.0,-0.5706912499267103,-3.833488941192627,53,-1,5.314996284142708,142.85322794824194
427,21.35,ccurve,247,stanley,1.2,213.41656494140625,-364.7521057128906,5.072884559631348,0.0654854628477337,0.35,0.0,-0.5374516777462296,-4.642952919006348,54,-1,5.3023969411438,142.6408112526637
428,21.400000000000002,ccurve,247,stanley,1.2,213.67921447753906,-364.7174072265625,5.587378978729248,0.03889870006863895,0.35,0.0,-0.5047249990655867,-5.157447338104248,54,-1,5.3003504361344,142.4289456183643
429,21.450000000000003,ccurve,247,stanley,1.2,213.9418487548828,-364.6842041015625,5.990683078765869,0.016172316220311338,0.35,0.0,-0.47349352511782067,-5.56075143814087,54,-1,5.293290215432488,142.21831726972292
430,21.5,ccurve,247,stanley,1.2,214.2045135498047,-364.6520080566406,6.1704277992248535,-3.394686523242099e-05,0.35,0.0,-0.443269331889355,-5.7404961585998535,54,-1,5.292441310350793,142.00855521369542
431,21.55,ccurve,247,stanley,1.2,214.46730041503906,-364.6217041015625,6.30159854888916,-0.014128325777199571,0.35,0.0,-0.4149380912101995,-5.87166690826416,54,-1,5.289995439075778,141.80021962787757
432,21.6,ccurve,247,stanley,1.2,214.73016357421875,-364.5924072265625,6.264206886291504,-0.023137553999685413,0.35,0.0,-0.38761447474028593,-5.834275245666504,54,-1,5.290529443622301,141.59272609037842
433,21.650000000000002,ccurve,247,stanley,1.2,214.99331665039062,-364.5650329589844,6.225517749786377,-0.0314201056098918,0.35,0.0,-0.3622155870017714,-5.795586109161377,54,-1,5.291512871298001,141.3865714303751
434,21.700000000000003,ccurve,247,stanley,1.2,215.25662231445312,-364.5387268066406,6.058407783508301,-0.03564829306674165,0.35,0.0,-0.3379237490879043,-5.628485828638077,55,-1,5.293246885664411,141.18125670529201
435,21.75,ccurve,247,stanley,1.2,215.52020263671875,-364.5142517089844,5.922900199890137,-0.04015201530953674,0.35,0.0,-0.3154271109700499,-5.492978245019913,55,-1,5.29652064311416,140.97723814467653
436,21.8,ccurve,247,stanley,1.2,215.7840576171875,-364.49072265625,5.685660362243652,-0.041380999542614746,0.35,0.0,-0.29387855203468205,-5.255738407373428,55,-1,5.2991102729273125,140.77389627807884
437,21.85,ccurve,247,stanley,1.2,216.0482177734375,-364.46893310546875,5.501082897186279,-0.04350883546259838,0.35,0.0,-0.2740717359641597,-5.071160942316055,55,-1,5.3037829738901126,140.57177520502125
438,21.900000000000002,ccurve,247,stanley,1.2,216.31265258789062,-364.4479675292969,5.231552600860596,-0.04286908797455799,0.35,0.0,-0.2550909322000895,-4.801630645990372,55,-1,5.306943427799523,140.3702537899621
439,21.950000000000003,ccurve,247,stanley,1.2,216.5774383544922,-364.4286193847656,5.027837753295898,-0.04354518447490244,0.35,0.0,-0.23773014790703378,-4.597915798425674,55,-1,5.312399701194797,140.1698450763646
440,22.0,ccurve,247,stanley,1.2,216.8424530029297,-364.4100341796875,4.749541282653809,-0.04176829208175877,0.35,0.0,-0.2211339990002097,-4.319619327783585,55,-1,5.315914663563119,139.970033973326
441,22.05,ccurve,247,stanley,1.2,217.1078643798828,-364.3928527832031,4.545120716094971,-0.04161114728877243,0.35,0.0,-0.20594459601354334,-4.115198761224747,55,-1,5.321760269003892,139.77116196228687
442,22.1,ccurve,247,stanley,1.2,217.37353515625,-364.37640380859375,4.272359848022461,-0.03918979642278156,0.35,0.0,-0.1914972579571318,-3.842437893152237,56,-1,5.325500063774213,139.57285299776228
443,22.150000000000002,ccurve,247,stanley,1.2,217.63954162597656,-364.3612060546875,4.078187942504883,-0.03857691337828198,0.35,0.0,-0.17829590697466768,-3.6482659876346584,56,-1,5.33148589108195,139.37542720715456
444,22.200000000000003,ccurve,247,stanley,1.2,217.90579223632812,-364.3465881347656,3.819262742996216,-0.03586628488780957,0.35,0.0,-0.16567620555845142,-3.389340788125992,56,-1,5.335369202150094,139.17847454865816
445,22.25,ccurve,247,stanley,1.2,218.17242431640625,-364.33319091796875,3.6414148807525635,-0.03503897804573113,0.35,0.0,-0.15428003525427358,-3.2114929258823395,56,-1,5.341350951877323,138.9823604398402
446,22.3,ccurve,247,stanley,1.2,218.43923950195312,-364.3201904296875,3.4006314277648926,-0.03223892500849856,0.35,0.0,-0.14328195622602088,-2.9707094728946686,56,-1,5.345326174012244,138.78663891065054
447,22.35,ccurve,247,stanley,1.2,218.7064208984375,-364.3083190917969,3.2420246601104736,-0.03138368321914678,0.35,0.0,-0.13341574365871303,-2.81210270524025,56,-1,5.351225794465773,138.59170989756407
448,22.400000000000002,ccurve,247,stanley,1.2,218.97384643554688,-364.2967224121094,3.0211257934570312,-0.028623975319601633,0.35,0.0,-0.12382601346756719,-2.5912038385868073,56,-1,5.355262839765587,138.39705028428193
449,22.450000000000003,ccurve,247,stanley,1.2,219.24156188964844,-364.2861633300781,2.8825578689575195,-0.027852839513611904,0.35,0.0,-0.11525322766588902,-2.4526359140872955,57,-1,5.361038830413032,138.20317901876
450,22.5,ccurve,247,stanley,1.2,219.50949096679688,-364.27587890625,2.6815707683563232,-0.02516996719809537,0.35,0.0,-0.10697949469634965,-2.2516488134860992,57,-1,5.365116503452541,138.0096048433235
451,22.55,ccurve,247,stanley,1.2,219.7777099609375,-364.26654052734375,2.562575101852417,-0.024489092929749913,0.35,0.0,-0.09965395540336462,-2.1326531469821925,57,-1,5.370742374752281,137.81676104521063
452,22.6,ccurve,247,stanley,1.2,220.0462188720703,-364.25732421875,2.380805492401123,-0.02195427649320949,0.35,0.0,-0.09245265837370199,-1.950883537530899,57,-1,5.374850552659369,137.62405771959692
453,22.650000000000002,ccurve,247,stanley,1.2,220.31503295898438,-364.24896240234375,2.280409812927246,-0.021435727641979877,0.35,0.0,-0.08610811935763571,-1.8504878580570225,57,-1,5.38032111505126,137.43201569772194
454,22.700000000000003,ccurve,247,stanley,1.2,220.5840606689453,-364.24078369140625,2.116523504257202,-0.019023890001948422,0.35,0.0,-0.07994828357257007,-1.6866015493869781,57,-1,5.384447297906053,137.24021694310238
455,22.75,ccurve,247,stanley,1.2,220.8533477783203,-364.2333068847656,2.0332460403442383,-0.01866130389690027,0.35,0.0,-0.07449227872385446,-1.603324085474014,57,-1,5.3897689257147015,137.0490079205164
456,22.8,ccurve,247,stanley,1.2,221.12286376953125,-364.2258605957031,1.8857449293136597,-0.016442560011137496,0.35,0.0,-0.0690685080051643,-1.4558229744434357,57,-1,5.393896506680874,136.85792658147855
457,22.85,ccurve,247,stanley,1.2,221.39266967773438,-364.21917724609375,1.8178927898406982,-0.016219905360782133,0.35,0.0,-0.06441754792387312,-1.387970834970474,58,-1,5.399075130982177,136.66746476951408
458,22.900000000000002,ccurve,247,stanley,1.2,221.6626739501953,-364.21240234375,1.6849759817123413,-0.014166338414598221,0.35,0.0,-0.059668808833541295,-1.2550540268421173,58,-1,5.403202165605521,136.4770681334956
459,22.950000000000003,ccurve,247,stanley,1.2,221.9329071044922,-364.20635986328125,1.630794882774353,-0.014096512606381398,0.35,0.0,-0.0556541884104325,-1.200872927904129,58,-1,5.4082441807986035,136.28731722057714
460,23.0,ccurve,247,stanley,1.2,222.203369140625,-364.2002258300781,1.5107200145721436,-0.012170706757424246,0.35,0.0,-0.05154973524131481,-1.0807980597019196,58,-1,5.412367388190644,136.09761519801452
461,23.05,ccurve,247,stanley,1.2,222.4740753173828,-364.1947937011719,1.468546986579895,-0.012215754884028592,0.35,0.0,-0.04814899851447936,-1.038625031709671,58,-1,5.417278220279232,135.9085325413011
462,23.1,ccurve,247,stanley,1.2,222.74497985839844,-364.1891784667969,1.3598179817199707,-0.010420341818171683,0.35,0.0,-0.04456664989647366,-0.9298960268497467,58,-1,5.421380303634265,135.7194574184227
463,23.150000000000002,ccurve,247,stanley,1.2,223.01614379882812,-364.1842041015625,1.328244924545288,-0.01059661902467774,0.35,0.0,-0.04162709877680081,-0.8983229696750641,58,-1,5.426172770697647,135.5309527061397
464,23.200000000000003,ccurve,247,stanley,1.2,223.28753662109375,-364.1790466308594,1.22942316532135,-0.011513608476089308,0.35,0.0,-0.03920056320121562,-0.899299830198288,59,-1,5.430257872682573,135.34243901046602
465,23.25,ccurve,247,stanley,1.2,223.5591583251953,-364.1745910644531,1.200423240661621,-0.011741864465965321,0.35,0.0,-0.03631007549538071,-0.8702999055385591,59,-1,5.434912031345003,135.15456732882956
466,23.3,ccurve,247,stanley,1.2,223.8309783935547,-364.17010498046875,1.0983190536499023,-0.009888868582252264,0.35,0.0,-0.033390213634758775,-0.7681957185268402,59,-1,5.438948841821262,134.96682399169842
467,23.35,ccurve,247,stanley,1.2,224.10302734375,-364.1662292480469,1.0708612203598022,-0.009947511760281634,0.35,0.0,-0.031082011955684743,-0.7407378852367401,59,-1,5.443567282949354,134.779661774112
468,23.400000000000002,ccurve,247,stanley,1.2,224.3752899169922,-364.1622314453125,0.975734531879425,-0.00811369489164717,0.35,0.0,-0.028652972823787405,-0.6456111967563629,59,-1,5.447548374282939,134.5925549395895
469,23.450000000000003,ccurve,247,stanley,1.2,224.6477813720703,-364.1587829589844,0.9573134183883667,-0.008272748533711346,0.35,0.0,-0.026774559730296674,-0.6271900832653046,59,-1,5.452081021827523,134.40599022493458
470,23.5,ccurve,247,stanley,1.2,224.9204864501953,-364.1550598144531,0.8717552423477173,-0.006609958509807514,0.35,0.0,-0.024622723826129397,-0.5416319072246552,59,-1,5.456036185941745,134.21937259251789
471,23.55,ccurve,247,stanley,1.2,225.19342041015625,-364.15185546875,0.8625046014785767,-0.0069398423977508235,0.35,0.0,-0.022990996888798076,-0.5323812663555146,59,-1,5.460460204700063,134.03328005479645
472,23.6,ccurve,247,stanley,1.2,225.46653747558594,-364.14849853515625,0.7854032516479492,-0.012283684891535508,0.35,0.0,-0.020229569776358577,-0.6844630241394043,60,-1,5.464391100204422,133.84724939161197
473,23.650000000000002,ccurve,247,stanley,1.2,225.73983764648438,-364.14593505859375,0.7662214636802673,-0.012489153590346384,0.35,0.0,-0.018147580599571566,-0.6652812361717224,60,-1,5.468637933442143,133.66198398474185
474,23.700000000000003,ccurve,247,stanley,1.2,226.01339721679688,-364.1434326171875,0.6647253036499023,-0.010319102121708173,0.35,0.0,-0.016127083478226754,-0.5637850761413575,60,-1,5.472466213518233,133.47689282250062
475,23.75,ccurve,247,stanley,1.2,226.28713989257812,-364.14166259765625,0.6351975798606873,-0.00994193152034279,0.35,0.0,-0.014839329679200756,-0.5342573523521424,60,-1,5.476809986371261,133.29252874402002
476,23.8,ccurve,247,stanley,1.2,226.56109619140625,-364.1396789550781,0.5387349128723145,-0.007727488284729941,0.35,0.0,-0.01333832951273949,-0.43779468536376953,60,-1,5.4805423573595045,133.1081706474092
477,23.85,ccurve,247,stanley,1.2,226.8352508544922,-364.1382751464844,0.5205308794975281,-0.007540911521616924,0.35,0.0,-0.012417511896762162,-0.4195906519889832,60,-1,5.484838693326989,132.92442203481173
478,23.900000000000002,ccurve,247,stanley,1.2,227.10955810546875,-364.1366271972656,0.4373072683811188,-0.005582957164442635,0.35,0.0,-0.011252822854604737,-0.33636704087257385,60,-1,5.4885507765706025,132.7407014771909
479,23.950000000000003,ccurve,247,stanley,1.2,227.3841094970703,-364.1354064941406,0.43213337659835815,-0.012398276928973648,0.35,0.0,-0.010100836452475736,-0.5603762567043306,61,-1,5.492724632944565,132.55745158158786
480,24.0,ccurve,247,stanley,1.2,227.6588592529297,-364.1342468261719,0.34373798966407776,-0.010509318270211492,0.35,0.0,-0.008326210376106655,-0.47198086977005,61,-1,5.496317107869127,132.37443178238388
481,24.05,ccurve,247,stanley,1.2,227.93380737304688,-364.1339111328125,0.31831252574920654,-0.010124760741574389,0.35,0.0,-0.007375112854623115,-0.44655540585517883,61,-1,5.500397889720606,132.1922166163125
482,24.1,ccurve,247,stanley,1.2,228.20892333984375,-364.1334533691406,0.22258026897907257,-0.007774423538720479,0.35,0.0,-0.0063015696421344575,-0.35082314908504486,61,-1,5.503975597676729,132.01012010446252
483,24.150000000000002,ccurve,247,stanley,1.2,228.4842529296875,-364.133544921875,0.2041035145521164,-0.00743532601414061,0.35,0.0,-0.00577686331628245,-0.3323463946580887,61,-1,5.508081288813233,131.8286186813316
484,24.200000000000003,ccurve,247,stanley,1.2,228.759765625,-364.13336181640625,0.12096147984266281,-0.005346212666165125,0.35,0.0,-0.004977089637902018,-0.2492043599486351,61,-1,5.5116176036701745,131.64711552911595
485,24.25,ccurve,247,stanley,1.2,229.0354461669922,-364.1336975097656,0.11637631803750992,-0.005316700312585339,0.35,0.0,-0.004695737803825802,-0.2446191981434822,61,-1,5.515619071964565,131.46622033580923
486,24.3,ccurve,247,stanley,1.2,229.31134033203125,-364.1336975097656,0.046566471457481384,-0.0035429982593827686,0.35,0.0,-0.004078215307625727,-0.17480935156345367,61,-1,5.519153610576935,131.28526122206748
487,24.35,ccurve,247,stanley,1.2,229.58741760253906,-364.1341247558594,0.05390391871333122,-0.009131164685862593,0.35,0.0,-0.0023794929041385665,-0.34921247884631157,62,-1,5.52303832669811,131.10483632747776
488,24.400000000000002,ccurve,247,stanley,1.2,229.8636932373047,-364.1344909667969,-0.01922607235610485,-0.00741824670329792,0.35,0.0,-0.0013217511863173686,-0.2760824877768755,62,-1,5.5264975953928674,130.92456920978023
489,24.450000000000003,ccurve,247,stanley,1.2,230.14010620117188,-364.1355895996094,-0.027618408203125,-0.007294600717940819,0.35,0.0,-0.0009957138094852176,-0.2676901519298554,62,-1,5.5302961746679085,130.74510339155742
490,24.5,ccurve,247,stanley,1.2,230.41671752929688,-364.1364440917969,-0.106353759765625,-0.005248008590812408,0.35,0.0,-0.0004245166644008524,-0.18895480036735537,62,-1,5.533722150486676,130.5656616168305
491,24.55,ccurve,247,stanley,1.2,230.69351196289062,-364.1378173828125,-0.1090698093175888,-0.005189436072756125,0.35,0.0,-0.00037116771561721365,-0.18623875081539157,62,-1,5.537523537314237,130.38683544241385
492,24.6,ccurve,247,stanley,1.2,230.97048950195312,-364.13885498046875,-0.1777648627758026,-0.0033650614657212315,0.35,0.0,1.8813874677082836e-05,-0.11754369735717775,62,-1,5.540907646921543,130.20797775820859
493,24.650000000000002,ccurve,247,stanley,1.2,231.2476348876953,-364.140380859375,-0.1695251315832138,-0.00356595969629062,0.35,0.0,-7.861420362886232e-05,-0.12578342854976657,62,-1,5.544621724153265,130.029727919159
494,24.700000000000003,ccurve,247,stanley,1.2,231.5249786376953,-364.1416015625,-0.2278442084789276,-0.001965237008602064,0.35,0.0,0.00010642862049675857,-0.06746435165405278,63,-1,5.547995127676602,129.85146380303084
495,24.75,ccurve,247,stanley,1.2,231.80247497558594,-364.1431884765625,-0.2103271633386612,-0.002410267869159967,0.35,0.0,-5.02249665618351e-05,-0.08498139679431918,63,-1,5.551600761602524,129.6737296004329
496,24.8,ccurve,247,stanley,1.2,232.0801544189453,-364.1444396972656,-0.2605895698070526,-0.001037856727963774,0.35,0.0,0.0001297540878902291,-0.03471899032592777,63,-1,5.55495694672632,129.49597128534913
497,24.85,ccurve,247,stanley,1.2,232.35800170898438,-364.14605712890625,-0.2364501953125,-0.0016620151327246698,0.35,0.0,-5.5607835142035474e-05,-0.05885836482048035,63,-1,5.558472802679808,129.3187380441951
498,24.900000000000002,ccurve,247,stanley,1.2,232.6360321044922,-364.1473083496094,-0.2812194526195526,-0.0004471125806708767,0.35,0.0,0.00012618005611533508,-0.014089107513427733,63,-1,5.561815055372059,129.14146085404974
499,24.950000000000003,ccurve,247,stanley,1.2,232.91421508789062,-364.1488952636719,-0.2526855170726776,-0.0012082938764907958,0.35,0.0,-2.693450241113629e-05,-0.04262304306030274,63,-1,5.565255851936414,128.9647000304783
500,25.0,ccurve,247,stanley,1.2,233.19256591796875,-364.150146484375,-0.2939758002758026,-9.328923663218418e-05,0.35,0.0,0.0001565049354945577,-0.0013327598571777682,63,-1,5.568562615685178,128.78793190367153
501,25.05,ccurve,247,stanley,1.2,233.47108459472656,-364.1517028808594,-0.2627258002758026,-0.0009458678858182175,0.35,0.0,4.235305779576055e-05,-0.03258275985717776,64,-1,5.571932235637244,128.61165176752664
502,25.1,ccurve,247,stanley,1.2,233.749755859375,-364.1529541015625,-0.3019103705883026,0.00010848310149013487,0.35,0.0,0.00022744404234977802,0.00660181045532226,64,-1,5.575204042712627,128.4354010663749
503,25.150000000000002,ccurve,247,stanley,1.2,234.0286102294922,-364.1545104980469,-0.269073486328125,-0.0007877129665635814,0.35,0.0,0.00010830704005591516,-0.026235073804855354,64,-1,5.578511479702336,128.25963357344693
504,25.200000000000003,ccurve,247,stanley,1.2,234.3076171875,-364.15576171875,-0.3070068359375,0.0002303696548441173,0.35,0.0,0.0002951282163367482,0.01169827580451964,64,-1,5.581742899392331,128.0838991240367
505,25.25,ccurve,247,stanley,1.2,234.58677673339844,-364.1573791503906,-0.2732238471508026,-0.000671979132744911,0.35,0.0,0.00011652977005476147,-0.02208471298217777,64,-1,5.584998497513861,127.90871949861268
506,25.3,ccurve,247,stanley,1.2,234.86610412597656,-364.1586608886719,-0.3103637397289276,0.00033365753848001563,0.35,0.0,0.00027448532020494035,0.015055179595947262,64,-1,5.588183063315995,127.73354330483389
507,25.35,ccurve,247,stanley,1.2,235.14559936523438,-364.1602783203125,-0.2759093940258026,-0.0005885577982204304,0.35,0.0,9.761706564976897e-05,-0.019399166107177738,64,-1,5.591383222465247,127.5588937472186
508,25.400000000000002,ccurve,247,stanley,1.2,235.4252471923828,-364.1615295410156,-0.31243896484375,0.00038601873256853867,0.35,0.0,0.0002945352966276203,0.01713040471076961,65,-1,5.594519087883106,127.3842370960732
509,25.450000000000003,ccurve,247,stanley,1.2,235.705078125,-364.16314697265625,-0.2775574028491974,-0.0005490767891729951,0.35,0.0,0.00011939723379926449,-0.017751157283782994,65,-1,5.5976674251145395,127.21012635187795
510,25.5,ccurve,247,stanley,1.2,235.98504638671875,-364.1643981933594,-0.3137206435203552,0.00041691775413622406,0.35,0.0,0.0003111730500250684,0.018412083387374833,65,-1,5.600758061804323,127.03602164808298
511,25.55,ccurve,247,stanley,1.2,236.2651824951172,-364.1660461425781,-0.2785949110984802,-0.0005150733692617736,0.35,0.0,0.00010709071598756606,-0.01671364903450016,65,-1,5.603858288352885,126.86250146960514
512,25.6,ccurve,247,stanley,1.2,236.5454559326172,-364.16729736328125,-0.3145446479320526,0.00044434104004061135,0.35,0.0,0.00030043943378320207,0.019236087799072255,65,-1,5.606906885204496,126.68896702084272
513,25.650000000000002,ccurve,247,stanley,1.2,236.82589721679688,-364.16888427734375,-0.2792662978172302,-0.0005140145261665265,0.35,0.0,0.00015896434687348755,-0.016042262315750167,65,-1,5.609960362827867,126.51597451060172
514,25.700000000000003,ccurve,247,stanley,1.2,237.10647583007812,-364.1701965332031,-0.315093994140625,0.00046280580171600413,0.35,0.0,0.0002928516206809999,0.01978543400764464,65,-1,5.612962904870688,126.34306694183904
515,25.75,ccurve,247,stanley,1.2,237.38720703125,-364.17181396484375,-0.27972412109375,-0.0004904446033416726,0.35,0.0,0.00012914757888402018,-0.01558443903923039,66,-1,5.6159695497828395,126.17069206047155
516,25.8,ccurve,247,stanley,1.2,237.66810607910156,-364.1731262207031,-0.3153991401195526,0.00048147982083623854,0.35,0.0,0.00026468639933985554,0.020090579986572227,66,-1,5.618924753556091,125.9983631014677
517,25.85,ccurve,247,stanley,1.2,237.94911193847656,-364.17474365234375,-0.2799377143383026,-0.000472573442038283,0.35,0.0,9.560400755535218e-05,-0.015370845794677764,66,-1,5.621885592427661,125.82660014894864
518,25.900000000000002,ccurve,247,stanley,1.2,238.2303009033203,-364.1760559082031,-0.3154906928539276,0.0004953852437331131,0.35,0.0,0.0002326370845025284,0.02018213272094724,66,-1,5.624796392523063,125.65487752783918
519,25.950000000000003,ccurve,247,stanley,1.2,238.51161193847656,-364.17767333984375,-0.2799377143383026,-0.00046190066634486704,0.35,0.0,6.512759428785742e-05,-0.015370845794677764,66,-1,5.627711459223215,125.48371656416504
520,26.0,ccurve,247,stanley,1.2,238.79310607910156,-364.1789855957031,-0.3154296576976776,0.0005038088038072721,0.35,0.0,0.00020373357280486538,0.020121097564697234,66,-1,5.6305764685566055,125.31259987408362
521,26.05,ccurve,247,stanley,1.2,239.07470703125,-364.18060302734375,-0.2798156440258026,-0.00045580742436243334,0.35,0.0,3.771833908153537e-05,-0.015492916107177733,66,-1,5.633446729300067,125.14205926303663
522,26.1,ccurve,247,stanley,1.2,239.35646057128906,-364.1819152832031,-0.315216064453125,0.0005068649739846607,0.35,0.0,0.0001776612839329006,0.019907504320144657,66,-1,5.636267861126044,124.97158542234357
523,26.150000000000002,ccurve,247,stanley,1.2,239.6383514404297,-364.1835021972656,-0.279571533203125,-0.0004565736159896209,0.35,0.0,1.9934268101282158e-05,-0.01573702692985536,67,-1,5.639092382438656,124.80164987794176
524,26.200000000000003,ccurve,247,stanley,1.2,239.92037963867188,-364.1847839355469,-0.3149719536304474,0.0004950254314224844,0.35,0.0,0.00019180999714447445,0.019663393497467027,67,-1,5.641867289487469,124.63179416634422
525,26.25,ccurve,247,stanley,1.2,240.2025604248047,-364.1864318847656,-0.2793578803539276,-0.00045513028514533295,0.35,0.0,-1.733896375153538e-06,-0.015950679779052748,67,-1,5.644652843646112,124.4625455540866
526,26.3,ccurve,247,stanley,1.2,240.48486328125,-364.1877136230469,-0.3147582709789276,0.0004960303106929935,0.35,0.0,0.00017155744408088748,0.019449710845947238,67,-1,5.647390009098008,124.29334126611572
527,26.35,ccurve,247,stanley,1.2,240.76731872558594,-364.1893615722656,-0.2791747748851776,-0.00045381326167226433,0.35,0.0,-2.057083802589144e-05,-0.016133785247802773,67,-1,5.650129775372293,124.12474946075505
528,26.400000000000002,ccurve,247,stanley,1.2,241.04989624023438,-364.1906433105469,-0.3145751655101776,0.000496910202555533,0.35,0.0,0.00015413611384299843,0.019266605377197262,67,-1,5.652822097743355,123.95620568923498
529,26.450000000000003,ccurve,247,stanley,1.2,241.33261108398438,-364.1922912597656,-0.2789916396141052,-0.0004534656685595551,0.35,0.0,-3.6655201929422856e-05,-0.016316920518875153,67,-1,5.655522767288472,123.78828894903734
530,26.5,ccurve,247,stanley,1.2,241.61546325683594,-364.1935729980469,-0.314361572265625,0.0004936195428520298,0.35,0.0,0.00014618267767419531,0.019053012132644636,68,-1,5.658177885854134,123.62041484610607
531,26.55,ccurve,247,stanley,1.2,241.8984375,-364.1952209472656,-0.2788085639476776,-0.00045641229236099886,0.35,0.0,-4.327167176386903e-05,-0.016499996185302776,68,-1,5.660832826534181,123.45318227530898
532,26.6,ccurve,247,stanley,1.2,242.1815643310547,-364.1965026855469,-0.3141784369945526,0.0004925675488519128,0.35,0.0,0.00013426650293071863,0.018869876861572255,68,-1,5.663443608895737,123.28598707445077
533,26.650000000000002,ccurve,247,stanley,1.2,242.4647979736328,-364.19818115234375,-0.2786254286766052,-0.00044741045863413054,0.35,0.0,-8.436805295196663e-05,-0.016683131456375157,68,-1,5.66606373643406,123.1194724542553
534,26.700000000000003,ccurve,247,stanley,1.2,242.74818420410156,-364.1994323730469,-0.31396484375,0.0004897104102445078,0.35,0.0,0.00012502426085595581,0.01865628361701963,68,-1,5.668640074684091,122.95294988271758
535,26.75,ccurve,247,stanley,1.2,243.0316925048828,-364.20111083984375,-0.2784423232078552,-0.0004499575912660881,0.35,0.0,-9.219468361388022e-05,-0.016866236925125132,68,-1,5.6712168848521305,122.78712893888839
536,26.8,ccurve,247,stanley,1.2,243.31532287597656,-364.2023620605469,-0.31378173828125,0.00048679198887863066,0.35,0.0,0.00011845595144990752,0.018473178148269653,68,-1,5.673748894150671,122.62132179321414
537,26.85,ccurve,247,stanley,1.2,243.5990753173828,-364.20404052734375,-0.278289794921875,-0.00045485761914522687,0.35,0.0,-9.071071036369097e-05,-0.017018765211105343,69,-1,5.676284244254594,122.45622181909795
538,26.900000000000002,ccurve,247,stanley,1.2,243.88294982910156,-364.2052917480469,-0.3136291205883026,0.0004815192040342344,0.35,0.0,0.00012119824595596294,0.018320560455322227,69,-1,5.678781472612984,122.29113932018167
539,26.950000000000003,ccurve,247,stanley,1.2,244.16696166992188,-364.20697021484375,-0.278167724609375,-0.0004574342701040624,0.35,0.0,-9.342541092365075e-05,-0.01714083552360536,69,-1,5.681278232717397,122.12676068336806
540,27.0,ccurve,247,stanley,1.2,244.45111083984375,-364.2082214355469,-0.3135070502758026,0.00047851699639685235,0.35,0.0,0.00011989915680885201,0.01819849014282226,69,-1,5.683732536645884,121.96239441418217
541,27.05,ccurve,247,stanley,1.2,244.73536682128906,-364.20989990234375,-0.278076171875,-0.0004600638783155004,0.35,0.0,-9.346617881489578e-05,-0.017232388257980374,69,-1,5.686189245101885,121.79875546335312
542,27.1,ccurve,247,stanley,1.2,245.01976013183594,-364.2111511230469,-0.313446044921875,0.00047638905820285884,0.35,0.0,0.00012111671017347222,0.018137484788894657,69,-1,5.688609216043102,121.63513268049441
543,27.150000000000002,ccurve,247,stanley,1.2,245.3042755126953,-364.21282958984375,-0.27801513671875,-0.00046271697961156917,0.35,0.0,-9.091165911591804e-05,-0.01729342341423038,69,-1,5.691031123483626,121.47223403382692
544,27.200000000000003,ccurve,247,stanley,1.2,245.58888244628906,-364.2140808105469,-0.3133849799633026,0.00047107415635946496,0.35,0.0,0.000131566222371704,0.01807641983032224,70,-1,5.693409139696799,121.3093817633086
545,27.25,ccurve,247,stanley,1.2,245.8736114501953,-364.21575927734375,-0.27801513671875,-0.00046672691171512315,0.35,0.0,-7.936111581880378e-05,-0.01729342341423038,70,-1,5.69579722385319,121.14725923526126
546,27.3,ccurve,247,stanley,1.2,246.158447265625,-364.2170104980469,-0.3133849799633026,0.0004690653234879336,0.35,0.0,0.00013750248044582078,0.01807641983032224,70,-1,5.698139488431546,120.9851779927916
547,27.35,ccurve,247,stanley,1.2,246.4434356689453,-364.21868896484375,-0.2780456840991974,-0.0004683830669200821,0.35,0.0,-7.208789141033018e-05,-0.017262876033782973,70,-1,5.700490846638024,120.82381478197998
548,27.400000000000002,ccurve,247,stanley,1.2,246.72853088378906,-364.2200012207031,-0.31341552734375,0.0004880352262985868,0.35,0.0,8.507832563069595e-05,0.018106967210769653,70,-1,5.702797340985378,120.66254692830137
549,27.450000000000003,ccurve,247,stanley,1.2,247.0137481689453,-364.2216796875,-0.2780456840991974,-0.0004507583061697633,0.35,0.0,-0.00012333237004808102,-0.017262876033782973,70,-1,5.705111783076364,120.50197019806467
550,27.5,ccurve,247,stanley,1.2,247.29905700683594,-364.22296142578125,-0.3133239448070526,0.0004921973031676893,0.35,0.0,6.545205087080553e-05,0.018015384674072234,70,-1,5.707382402624366,120.34147622186875
551,27.55,ccurve,247,stanley,1.2,247.58448791503906,-364.2246398925781,-0.27789306640625,-0.0004511164759915533,0.35,0.0,-0.0001350636523087174,-0.01741549372673035,71,-1,5.70966259348263,120.18170408963636
552,27.6,ccurve,247,stanley,1.2,247.8700408935547,-364.22589111328125,-0.3131408393383026,0.00048008995747806423,0.35,0.0,8.549626264501252e-05,0.01783227920532226,71,-1,5.711898452181552,120.02197612589815
553,27.650000000000002,ccurve,247,stanley,1.2,248.15570068359375,-364.2275695800781,-0.277740478515625,-0.0004604733403000759,0.35,0.0,-0.00012063372575750811,-0.01756808161735537,71,-1,5.714143978342622,119.8630095511621
554,27.700000000000003,ccurve,247,stanley,1.2,248.4414825439453,-364.2288513183594,-0.3130187392234802,0.00048174725208230895,0.35,0.0,7.0588692594618e-05,0.017710179090499836,71,-1,5.716344595581755,119.70411637790295
555,27.75,ccurve,247,stanley,1.2,248.72735595703125,-364.23052978515625,-0.27764892578125,-0.0004583782905600252,0.35,0.0,-0.0001344402647090201,-0.017659634351730385,71,-1,5.718550473071011,119.54597361607885
556,27.8,ccurve,247,stanley,1.2,249.0133514404297,-364.2318420410156,-0.3129272162914276,0.0004939930074979532,0.35,0.0,2.7366011963010466e-05,0.017618656158447227,71,-1,5.720715291008007,119.38793361008548
557,27.85,ccurve,247,stanley,1.2,249.29945373535156,-364.2335205078125,-0.2775574028491974,-0.00044659665639162915,0.35,0.0,-0.00017648326916325403,-0.017751157283782994,71,-1,5.722889585591975,119.23061588222711
558,27.900000000000002,ccurve,247,stanley,1.2,249.58566284179688,-364.23480224609375,-0.312744140625,0.0005004865512106054,0.35,0.0,-6.781999991969413e-06,0.017435580492019657,72,-1,5.725019514397777,119.07338802884021
559,27.950000000000003,ccurve,247,stanley,1.2,249.87196350097656,-364.2364807128906,-0.277313232421875,-0.00044225600199536067,0.35,0.0,-0.00020960889509784222,-0.01799532771110538,72,-1,5.727162358708994,118.91692193962537
560,28.0,ccurve,247,stanley,1.2,250.1583709716797,-364.2377624511719,-0.3124694526195526,0.0004955099110058761,0.35,0.0,-1.5162028527560727e-05,0.017160892486572262,72,-1,5.729261287495802,118.76054967306753
561,28.05,ccurve,247,stanley,1.2,250.4449005126953,-364.23944091796875,-0.27703857421875,-0.000447688233475077,0.35,0.0,-0.00021680924745605992,-0.01826998591423037,72,-1,5.73136942370201,118.60492814798971
562,28.1,ccurve,247,stanley,1.2,250.7315216064453,-364.24072265625,-0.3121947944164276,0.0004897485365453145,0.35,0.0,-2.1261349786895912e-05,0.016886234283447224,72,-1,5.733436444852995,118.44941285438934
563,28.150000000000002,ccurve,247,stanley,1.2,251.01824951171875,-364.2424011230469,-0.276824951171875,-0.0004521065680803374,0.35,0.0,-0.00022188618269500466,-0.018483608961105354,72,-1,5.7355126683649384,118.29466246445661
564,28.200000000000003,ccurve,247,stanley,1.2,251.3050994873047,-364.2437438964844,-0.3120116889476776,0.020912619908505594,0.35,0.0,0.0003009100974103408,0.7355476021766663,73,-1,5.737547747847895,118.14005701854175
565,28.25,ccurve,247,stanley,1.2,251.59201049804688,-364.2443542480469,-0.2232970893383026,0.019312825668640683,0.35,0.0,-0.0024302792626014107,0.6468330025672913,73,-1,5.738915962101505,117.98529711512522
566,28.3,ccurve,247,stanley,1.2,251.87899780273438,-364.2434997558594,-0.1621398776769638,0.01799872022097918,0.35,0.0,-0.003697228861268443,0.5856757909059525,73,-1,5.740876894367558,117.82975725322073
567,28.35,ccurve,247,stanley,1.2,252.1660919189453,-364.24237060546875,-0.021270751953125,0.014313253196138553,0.35,0.0,-0.004690317314726613,0.4448066651821136,73,-1,5.742493924878263,117.67442265648016
568,28.400000000000002,ccurve,247,stanley,1.2,252.45326232910156,-364.2404479980469,0.04272909834980965,0.012552463777877453,0.35,0.0,-0.004890534382352475,0.380806814879179,73,-1,5.744944574705299,117.51887299960609
569,28.450000000000003,ccurve,247,stanley,1.2,252.74053955078125,-364.23870849609375,0.16449232399463654,0.00920436108609847,0.35,0.0,-0.005274641469891575,0.2590435892343521,73,-1,5.7465212035147335,117.36391778346542
570,28.5,ccurve,247,stanley,1.2,253.02793884277344,-364.23638916015625,0.20150330662727356,0.008079592217339716,0.35,0.0,-0.005079832762216282,0.2220326066017151,73,-1,5.748897123551873,117.20890585050401
571,28.55,ccurve,247,stanley,1.2,253.3154296875,-364.234375,0.2953668534755707,0.02890684683112253,0.35,0.0,-0.008793776333073126,0.906599074602127,74,-1,5.750538321034532,117.05460462031479
572,28.6,ccurve,247,stanley,1.2,253.6029510498047,-364.2306823730469,0.3680386245250702,0.027628704790999967,0.35,0.0,-0.011133218226640028,0.8339273035526276,74,-1,5.752009957986062,116.89936537904424
573,28.650000000000002,ccurve,247,stanley,1.2,253.8905487060547,-364.22613525390625,0.5499124526977539,0.022939069013452343,0.35,0.0,-0.012619956348537338,0.6520534753799438,74,-1,5.753329428691529,116.74386125374681
574,28.700000000000003,ccurve,247,stanley,1.2,254.17822265625,-364.2203674316406,0.6633683443069458,0.019787044929275594,0.35,0.0,-0.012887860340740735,0.538597583770752,74,-1,5.755814832756328,116.58778008078525
575,28.75,ccurve,247,stanley,1.2,254.46597290039062,-364.2145690917969,0.8328869938850403,0.015024195707075102,0.35,0.0,-0.013126853866829248,0.36907893419265747,74,-1,5.757132984774795,116.43213482649914
576,28.8,ccurve,247,stanley,1.2,254.75384521484375,-364.2080383300781,0.9117699861526489,0.01260105999407866,0.35,0.0,-0.012636147312155222,0.29019594192504883,74,-1,5.759671282200248,116.2763048769848
577,28.85,ccurve,247,stanley,1.2,255.04177856445312,-364.2017517089844,1.0401564836502075,0.032031954763783205,0.35,0.0,-0.015156136269552548,0.9402394294738771,75,-1,5.76106558509145,116.12115678047014
578,28.900000000000002,ccurve,247,stanley,1.2,255.32977294921875,-364.19378662109375,1.1394423246383667,0.02987288412653119,0.35,0.0,-0.01714818540469061,0.8409535884857179,75,-1,5.762622704475802,115.96504855263144
579,28.950000000000003,ccurve,247,stanley,1.2,255.61778259277344,-364.1849670410156,1.3409333229064941,0.024502893482631835,0.35,0.0,-0.018286780038644368,0.6394625902175903,75,-1,5.763765949023671,115.80870666511208
580,29.0,ccurve,247,stanley,1.2,255.90586853027344,-364.1749572753906,1.4686554670333862,0.020834521867253934,0.35,0.0,-0.018238536543759357,0.5117404460906984,75,-1,5.766293995637878,115.65181114338725
581,29.05,ccurve,247,stanley,1.2,256.1940612792969,-364.1649169921875,1.6482172012329102,0.01567734385075778,0.35,0.0,-0.0181634848428727,0.3321787118911745,75,-1,5.76748235730027,115.49534102823739
582,29.1,ccurve,247,stanley,1.2,256.4822692871094,-364.1541442871094,1.7339701652526855,0.012949980221995176,0.35,0.0,-0.01735697604187432,0.24642574787139904,75,-1,5.770003107922676,115.33874195692219
583,29.150000000000002,ccurve,247,stanley,1.2,256.7706298828125,-364.1435852050781,1.8666847944259644,0.031881901719020875,0.35,0.0,-0.01877960003269276,0.8921412229537964,76,-1,5.7712892120103305,115.18275848290239
584,29.200000000000003,ccurve,247,stanley,1.2,257.0589904785156,-364.1314697265625,1.9677916765213013,0.029596430604986065,0.35,0.0,-0.020557533902931614,0.7910343408584593,76,-1,5.772827545712436,115.02594553911307
585,29.25,ccurve,247,stanley,1.2,257.34735107421875,-364.1184387207031,2.1692023277282715,0.024134324097046043,0.35,0.0,-0.021421001540318778,0.589623689651489,76,-1,5.773888169359946,114.86885341052728
586,29.3,ccurve,247,stanley,1.2,257.6357421875,-364.1043395996094,2.295811176300049,0.020445145673444798,0.35,0.0,-0.02121906077792115,0.46301484107971164,76,-1,5.776351499441205,114.71133403585563
587,29.35,ccurve,247,stanley,1.2,257.9242248535156,-364.0901184082031,2.473614454269409,0.015255038626706314,0.35,0.0,-0.020899597800103146,0.2852115631103514,76,-1,5.777466945534759,114.55417430649304
588,29.400000000000002,ccurve,247,stanley,1.2,258.2127990722656,-364.0751953125,2.5572943687438965,0.01251583689311964,0.35,0.0,-0.01988345065939203,0.2015316486358641,76,-1,5.779901599121852,114.3968740914096
589,29.450000000000003,ccurve,247,stanley,1.2,258.5014343261719,-364.06048583984375,2.687652349472046,0.031183024722372377,0.35,0.0,-0.020331570469699335,0.8496036529541013,77,-1,5.781119626705374,114.2402431181841
590,29.5,ccurve,247,stanley,1.2,258.7900695800781,-364.04425048828125,2.7857015132904053,0.028924636079220835,0.35,0.0,-0.02193523808499983,0.751554489135742,77,-1,5.782593978475208,114.08280404614392
591,29.55,ccurve,247,stanley,1.2,259.0787048339844,-364.0272216796875,2.9835336208343506,0.02354668896244301,0.35,0.0,-0.022746960291010084,0.5537223815917969,77,-1,5.783603253668529,113.92519104429229
592,29.6,ccurve,247,stanley,1.2,259.36737060546875,-364.0090026855469,3.1066551208496094,0.01989868794104661,0.35,0.0,-0.022372647242999002,0.43060088157653775,77,-1,5.785970972296587,113.7670433448124
593,29.650000000000002,ccurve,247,stanley,1.2,259.6560974121094,-363.9908142089844,3.2811264991760254,0.01479697105162401,0.35,0.0,-0.022032559353634844,0.25612950325012196,77,-1,5.787021352986686,113.60940856474689
594,29.700000000000003,ccurve,247,stanley,1.2,259.94488525390625,-363.9719543457031,3.361847400665283,0.012146140324223016,0.35,0.0,-0.021026129530083933,0.17540860176086398,77,-1,5.789365224394292,113.45167675612683
595,29.75,ccurve,247,stanley,1.2,260.2337951660156,-363.9533386230469,3.489638328552246,0.030681965233000697,0.35,0.0,-0.020871572952156456,0.8260474205017092,78,-1,5.7905205833217845,113.29461854393335
596,29.8,ccurve,247,stanley,1.2,260.52264404296875,-363.9330749511719,3.585127353668213,0.028470960844220128,0.35,0.0,-0.022401732516286264,0.7305583953857426,78,-1,5.791923499210011,113.1366711331043
597,29.85,ccurve,247,stanley,1.2,260.8114929199219,-363.9119873046875,3.7803425788879395,0.023132397877983654,0.35,0.0,-0.02311025379387626,0.5353431701660157,78,-1,5.792874299657025,112.97852339108978
598,29.900000000000002,ccurve,247,stanley,1.2,261.100341796875,-363.8898010253906,3.9010415077209473,0.019549589306060888,0.35,0.0,-0.02272325735607986,0.414644241333008,78,-1,5.795157607802229,112.81993410694484
599,29.950000000000003,ccurve,247,stanley,1.2,261.3892822265625,-363.8675231933594,4.073293209075928,0.014467036496699014,0.35,0.0,-0.022251857276191483,0.24239253997802776,78,-1,5.796145194351923,112.66174230499148
600,30.0,ccurve,247,stanley,1.2,261.67822265625,-363.8446350097656,4.152036666870117,0.011848391363885298,0.35,0.0,-0.021171836243310652,0.16364908218383847,78,-1,5.79840724728793,112.5035381191952
601,30.05,ccurve,247,stanley,1.2,261.96728515625,-363.8219299316406,4.277955532073975,0.00794849208738965,0.35,0.0,-0.020283587497470078,0.03773021697998067,78,-1,5.799500658452987,112.34596206194729
602,30.1,ccurve,247,stanley,1.2,262.2563781738281,-363.79888916015625,4.31292724609375,0.03009329709990659,0.35,0.0,-0.022957798492485866,0.7811889648437496,79,-1,5.801495068597524,112.1886038921859
603,30.150000000000002,ccurve,247,stanley,1.2,262.5454406738281,-363.77496337890625,4.462148666381836,0.0264507332643317,0.35,0.0,-0.024792960371375246,0.6319675445556642,79,-1,5.801825522608333,112.03100924559536
604,30.200000000000003,ccurve,247,stanley,1.2,262.83447265625,-363.74945068359375,4.57655668258667,0.023264634682874923,0.35,0.0,-0.02504476648148141,0.5175595283508302,79,-1,5.803573724442887,111.87255766666942
605,30.25,ccurve,247,stanley,1.2,263.1235046386719,-363.7235412597656,4.760244846343994,0.017966529434620883,0.35,0.0,-0.024901411078678378,0.33387136459350536,79,-1,5.804503112924933,111.71428424881238
606,30.3,ccurve,247,stanley,1.2,263.4125671386719,-363.69683837890625,4.857061862945557,0.014882170274497739,0.35,0.0,-0.02397044236720342,0.2370543479919434,79,-1,5.806720379719997,111.55582469858476
607,30.35,ccurve,247,stanley,1.2,263.70172119140625,-363.6702575683594,5.002016067504883,0.010468240578803018,0.35,0.0,-0.023169190964986056,0.09210014343261705,79,-1,5.807700123498716,111.39796194558596
608,30.400000000000002,ccurve,247,stanley,1.2,263.99090576171875,-363.6431884765625,5.0545244216918945,0.031862685420845784,0.35,0.0,-0.025111033952346096,0.8180212974548341,80,-1,5.809726400605865,111.24018590634047
609,30.450000000000003,ccurve,247,stanley,1.2,264.2799987792969,-363.6152648925781,5.218055248260498,0.027799301095201092,0.35,0.0,-0.026912805135034662,0.6544904708862307,80,-1,5.8099085644420105,111.08222843375279
610,30.5,ccurve,247,stanley,1.2,264.5690612792969,-363.585693359375,5.343619346618652,0.02426285262538606,0.35,0.0,-0.027072153172718643,0.5289263725280766,80,-1,5.811673255394054,110.92335529096728
611,30.55,ccurve,247,stanley,1.2,264.8581237792969,-363.5557861328125,5.535824298858643,0.0187109796646535,0.35,0.0,-0.026897569583952202,0.33672142028808644,80,-1,5.812499939886452,110.76471773464353
612,30.6,ccurve,247,stanley,1.2,265.14715576171875,-363.5249938964844,5.639120101928711,0.015398776821417867,0.35,0.0,-0.025839498364841226,0.23342561721801813,80,-1,5.814705801561089,110.60584140910916
613,30.650000000000002,ccurve,247,stanley,1.2,265.4363098144531,-363.4943542480469,5.788825988769531,0.010818227828962057,0.35,0.0,-0.02494570398201778,0.08371973037719738,80,-1,5.81559518891338,110.44758246603584
614,30.700000000000003,ccurve,247,stanley,1.2,265.7254638671875,-363.46319580078125,5.844765663146973,0.031897185053805725,0.35,0.0,-0.026246563189574357,0.8062105178833004,81,-1,5.817587759898405,110.28939970564582
615,30.75,ccurve,247,stanley,1.2,266.0145568847656,-363.43115234375,6.010168552398682,0.02773008511189201,0.35,0.0,-0.027901771623106544,0.6408076286315916,81,-1,5.817711528611723,110.13099381203305
616,30.8,ccurve,247,stanley,1.2,266.3034973144531,-363.39752197265625,6.136456489562988,0.02413975928598961,0.35,0.0,-0.027963072878594643,0.5145196914672849,81,-1,5.819435788030599,109.97177668505957
617,30.85,ccurve,247,stanley,1.2,266.5924987792969,-363.3634948730469,6.328623294830322,0.018538111933734107,0.35,0.0,-0.027637384704078703,0.3223528861999505,81,-1,5.820203476162336,109.81271668458494
618,30.900000000000002,ccurve,247,stanley,1.2,266.8814697265625,-363.3287048339844,6.431436538696289,0.015230405201367985,0.35,0.0,-0.026550356999343407,0.21953964233398363,81,-1,5.822350819113292,109.65352730190688
619,30.950000000000003,ccurve,247,stanley,1.2,267.1705322265625,-363.2940673828125,6.58036994934082,0.010661899037541226,0.35,0.0,-0.02562549400699645,0.07060623168945306,81,-1,5.823180335122758,109.49497691646535
620,31.0,ccurve,247,stanley,1.2,267.4596252441406,-363.2588195800781,6.635499000549316,0.03152395966700117,0.35,0.0,-0.026216143393357663,0.7939071655273435,82,-1,5.82510885720995,109.336409734038
621,31.05,ccurve,247,stanley,1.2,267.7486267089844,-363.22283935546875,6.799516201019287,0.02740786479057769,0.35,0.0,-0.027907176595453262,0.6298899650573725,82,-1,5.825199155199302,109.17776986861067
622,31.1,ccurve,247,stanley,1.2,268.0374755859375,-363.1852722167969,6.924131870269775,0.023877673728181063,0.35,0.0,-0.02800488768365832,0.5052742958068847,82,-1,5.826860940623152,109.01831362801406
623,31.150000000000002,ccurve,247,stanley,1.2,268.32635498046875,-363.1473388671875,7.114692211151123,0.018343795309773356,0.35,0.0,-0.027743408262403662,0.314713954925537,82,-1,5.827575503418447,108.8590597444175
624,31.200000000000003,ccurve,247,stanley,1.2,268.6152038574219,-363.1085205078125,7.216204643249512,0.015054953057764171,0.35,0.0,-0.026600402733566262,0.21320152282714766,82,-1,5.8296570246997605,108.6995675546692
625,31.25,ccurve,247,stanley,1.2,268.9041442871094,-363.0699157714844,7.364011764526367,0.010520959523259963,0.35,0.0,-0.025681065055199112,0.06539440155029248,82,-1,5.830432892500097,108.54077748684088
626,31.3,ccurve,247,stanley,1.2,269.19305419921875,-363.03076171875,7.418221950531006,0.031268952836677404,0.35,0.0,-0.025855557550080788,0.7896142005920407,83,-1,5.832301132216715,108.3820547897107
627,31.35,ccurve,247,stanley,1.2,269.4819030761719,-362.99078369140625,7.58112096786499,0.027176689824042477,0.35,0.0,-0.027524344480582996,0.6267151832580563,83,-1,5.8323430797616,108.22316426550944
628,31.400000000000002,ccurve,247,stanley,1.2,269.77056884765625,-362.9491271972656,7.704552173614502,0.023641261298157294,0.35,0.0,-0.02750571670415022,0.5032839775085448,83,-1,5.833948105152506,108.06338228586597
629,31.450000000000003,ccurve,247,stanley,1.2,270.0592346191406,-362.9072265625,7.893856525421143,0.01814388074620298,0.35,0.0,-0.027245449104775245,0.31397962570190335,83,-1,5.834615512504762,107.90393042660979
630,31.5,ccurve,247,stanley,1.2,270.3478698730469,-362.86444091796875,7.994203090667725,0.014889793616252776,0.35,0.0,-0.0261048803265336,0.2136330604553214,83,-1,5.8366355050720715,107.74424087122912
631,31.55,ccurve,247,stanley,1.2,270.6365966796875,-362.82183837890625,8.140951156616211,0.0103774675197954,0.35,0.0,-0.02515861187760232,0.06688499450683578,83,-1,5.837358718989592,107.5852341744665
632,31.6,ccurve,247,stanley,1.2,270.9253234863281,-362.7787780761719,8.194270133972168,0.030999411160741598,0.35,0.0,-0.02488248263351063,0.7919960021972653,84,-1,5.839165777435381,107.42636821950654
633,31.650000000000002,ccurve,247,stanley,1.2,271.21392822265625,-362.7348327636719,8.356023788452148,0.026940849209120096,0.35,0.0,-0.0265559623211028,0.6302423477172846,84,-1,5.839171951926035,107.26730498412591
634,31.700000000000003,ccurve,247,stanley,1.2,271.5023498535156,-362.6892395019531,8.478217124938965,0.02345301809193363,0.35,0.0,-0.026573119377191153,0.5080490112304689,84,-1,5.840716998332358,107.10737257246637
635,31.75,ccurve,247,stanley,1.2,271.790771484375,-362.6434020996094,8.66635513305664,0.01800137720783537,0.35,0.0,-0.026349132436760896,0.3199110031127917,84,-1,5.841334771864356,106.94777527947002
636,31.8,ccurve,247,stanley,1.2,272.07916259765625,-362.5967102050781,8.76578140258789,0.014797018967908424,0.35,0.0,-0.02527637473268165,0.22048473358154205,84,-1,5.843295341774354,106.7879692675877
637,31.85,ccurve,247,stanley,1.2,272.3675842285156,-362.5502014160156,8.91181755065918,0.01032537511646146,0.35,0.0,-0.024389241801825237,0.07444858551025399,84,-1,5.843972235678454,106.62887946606202
638,31.900000000000002,ccurve,247,stanley,1.2,272.656005859375,-362.5031433105469,8.964695930480957,0.030803100596303406,0.35,0.0,-0.02364567794056599,0.800000190734863,85,-1,5.845723107320914,106.4698503498223
639,31.950000000000003,ccurve,247,stanley,1.2,272.9443359375,-362.4552917480469,9.12576961517334,0.026786800957248183,0.35,0.0,-0.025388801969366284,0.6389265060424796,85,-1,5.845687370355201,106.31069554880344
640,32.0,ccurve,247,stanley,1.2,273.2324523925781,-362.40582275390625,9.2471923828125,0.023353320574447917,0.35,0.0,-0.02550169579636067,0.5175037384033193,85,-1,5.847185112938498,106.15070688461793
641,32.050000000000004,ccurve,247,stanley,1.2,273.5205383300781,-362.35601806640625,9.434674263000488,0.017920922896172684,0.35,0.0,-0.025278583740463968,0.3300218582153311,85,-1,5.8477480973563365,105.99098658962585
642,32.1,ccurve,247,stanley,1.2,273.8085632324219,-362.305419921875,9.53363037109375,0.014749844161701428,0.35,0.0,-0.024263158089046482,0.23106575012206945,85,-1,5.8496568384507786,105.83112704294568
643,32.15,ccurve,247,stanley,1.2,274.0966796875,-362.2550048828125,9.679316520690918,0.010311360163451296,0.35,0.0,-0.023443712735566613,0.0853796005249011,85,-1,5.850283831024818,105.671967793445
644,32.2,ccurve,247,stanley,1.2,274.3847961425781,-362.2041015625,9.732039451599121,0.030696243986093264,0.35,0.0,-0.022409051454390233,0.8110866546630855,86,-1,5.8519865200887065,105.51292929707924
645,32.25,ccurve,247,stanley,1.2,274.67279052734375,-362.15234375,9.89281940460205,0.026710866425006405,0.35,0.0,-0.024220976737392222,0.6503067016601556,86,-1,5.8519056644355105,105.35372210723881
646,32.300000000000004,ccurve,247,stanley,1.2,274.96051025390625,-362.09893798828125,10.013923645019531,0.02329623672664348,0.35,0.0,-0.02436251862820859,0.5292024612426757,86,-1,5.85335258451141,105.1936716289667
647,32.35,ccurve,247,stanley,1.2,275.24822998046875,-362.0452575683594,10.201119422912598,0.017903948636033066,0.35,0.0,-0.02423403924352664,0.3420066833496084,86,-1,5.85387065641213,105.03393871297375
648,32.4,ccurve,247,stanley,1.2,275.5358581542969,-361.9908142089844,10.299958229064941,0.01477706887512741,0.35,0.0,-0.02333874884717302,0.2431678771972641,86,-1,5.855726258383203,104.8741082422734
649,32.45,ccurve,247,stanley,1.2,275.8235778808594,-361.93646240234375,10.445693969726562,0.010347917008885536,0.35,0.0,-0.022550217455717475,0.0974321365356435,86,-1,5.856306830796574,104.71490240426701
650,32.5,ccurve,247,stanley,1.2,276.1112365722656,-361.8816223144531,10.498648643493652,0.00840365074258378,0.35,0.0,-0.021270480299110328,0.044477462768554306,86,-1,5.857958779576095,104.55584445033348
651,32.550000000000004,ccurve,247,stanley,1.2,276.3990478515625,-361.8271484375,10.601053237915039,0.028687594243692594,0.35,0.0,-0.024162876469278588,0.7205028533935557,87,-1,5.858676091737298,104.3976484450034
652,32.6,ccurve,247,stanley,1.2,276.6865539550781,-361.77099609375,10.678289413452148,0.026943213127769036,0.35,0.0,-0.025544987017116327,0.6432666778564455,87,-1,5.859391581304586,104.2385898721369
653,32.65,ccurve,247,stanley,1.2,276.9739685058594,-361.7140197753906,10.861104011535645,0.02190569637963708,0.35,0.0,-0.026101183604435998,0.46045207977295,87,-1,5.859866000347272,104.07938052028845
654,32.7,ccurve,247,stanley,1.2,277.2611999511719,-361.6559143066406,10.973350524902344,0.01849945686594355,0.35,0.0,-0.025514255724669737,0.3482055664062502,87,-1,5.861540609966993,103.91976989477809
655,32.75,ccurve,247,stanley,1.2,277.5484313964844,-361.5978088378906,11.138859748840332,0.013573215922803807,0.35,0.0,-0.02492732784490348,0.18269634246826277,87,-1,5.86203827167516,103.76074140433656
656,32.800000000000004,ccurve,247,stanley,1.2,277.83563232421875,-361.5390625,11.212400436401367,0.011060481253735049,0.35,0.0,-0.023706010520607557,0.10915565490722683,87,-1,5.863741054785976,103.60171138158023
657,32.85,ccurve,247,stanley,1.2,278.1229553222656,-361.48052978515625,11.333563804626465,0.030663724484760867,0.35,0.0,-0.02616894184211163,0.7664222717285164,88,-1,5.864339290950824,103.44342301718349
658,32.9,ccurve,247,stanley,1.2,278.4099426269531,-361.4203796386719,11.426375389099121,0.02846098976287675,0.35,0.0,-0.02751293204495546,0.6736106872558595,88,-1,5.865083382525865,103.28433407308428
659,32.95,ccurve,247,stanley,1.2,278.6968078613281,-361.359375,11.621499061584473,0.023047175221717515,0.35,0.0,-0.02799582589291886,0.47848701477050926,88,-1,5.8654497780745105,103.1250781022168
660,33.0,ccurve,247,stanley,1.2,278.98345947265625,-361.2972106933594,11.743326187133789,0.01933072046394554,0.35,0.0,-0.027300036476429868,0.35665988922119213,88,-1,5.867154775403752,102.96540164165476
661,33.050000000000004,ccurve,247,stanley,1.2,279.2701416015625,-361.2350769042969,11.916083335876465,0.014173334164791818,0.35,0.0,-0.026640483681430988,0.18390274047851596,88,-1,5.867578816413654,102.80633189697197
662,33.1,ccurve,247,stanley,1.2,279.5567626953125,-361.1722717285156,11.995033264160156,0.01147030113420391,0.35,0.0,-0.02531166608601859,0.10495281219482509,88,-1,5.869278504020615,102.64724593988757
663,33.15,ccurve,247,stanley,1.2,279.843505859375,-361.1097106933594,12.12008285522461,0.030810641988974992,0.35,0.0,-0.027322910419947194,0.7583341598510731,89,-1,5.869814164359834,102.48893984702212
664,33.2,ccurve,247,stanley,1.2,280.12994384765625,-361.0455627441406,12.215332984924316,0.02852568523257844,0.35,0.0,-0.028630721939940665,0.663084030151366,89,-1,5.870543340045427,102.32984560105643
665,33.25,ccurve,247,stanley,1.2,280.4161376953125,-360.9804992675781,12.411791801452637,0.02303281350744365,0.35,0.0,-0.028991621229464568,0.4666252136230463,89,-1,5.870860566079953,102.17057001696665
666,33.300000000000004,ccurve,247,stanley,1.2,280.7021789550781,-360.91436767578125,12.53426456451416,0.019291872817107522,0.35,0.0,-0.028277264252563324,0.3441524505615237,89,-1,5.872535634243251,102.01093733224133
667,33.35,ccurve,247,stanley,1.2,280.9882507324219,-360.84820556640625,12.707199096679688,0.014103671516581096,0.35,0.0,-0.027539959207159223,0.17121791839599604,89,-1,5.872909330060736,101.85186169194895
668,33.4,ccurve,247,stanley,1.2,281.27423095703125,-360.7813720703125,12.786066055297852,0.011375508818404392,0.35,0.0,-0.026127750486676538,0.0923509597778323,89,-1,5.874567119256275,101.69278308692775
669,33.45,ccurve,247,stanley,1.2,281.5603332519531,-360.7147521972656,12.910774230957031,0.03057593884698923,0.35,0.0,-0.027693205694792583,0.7460718154907229,90,-1,5.875057864974008,101.53446556488628
670,33.5,ccurve,247,stanley,1.2,281.8460998535156,-360.6466064453125,13.00525188446045,0.02829410993933795,0.35,0.0,-0.02894542643645269,0.6515941619873051,90,-1,5.875759046398851,101.37542275454706
671,33.550000000000004,ccurve,247,stanley,1.2,282.1316223144531,-360.57757568359375,13.200592041015625,0.022824350013528616,0.35,0.0,-0.029280015947007722,0.4562540054321299,90,-1,5.876041812231813,101.21622682260481
672,33.6,ccurve,247,stanley,1.2,282.4169921875,-360.5074462890625,13.321916580200195,0.019098215924730714,0.35,0.0,-0.028511007075765756,0.3349294662475587,90,-1,5.877669427064326,101.05664499402117
673,33.65,ccurve,247,stanley,1.2,282.702392578125,-360.437255859375,13.493704795837402,0.013915024606612111,0.35,0.0,-0.027689894074803295,0.16314125061035167,90,-1,5.878008826741039,100.8975990019197
674,33.7,ccurve,247,stanley,1.2,282.9877014160156,-360.3664245605469,13.571478843688965,0.011200756142668081,0.35,0.0,-0.026224414901680898,0.08536720275879002,90,-1,5.87962262347128,100.73858186358626
675,33.75,ccurve,247,stanley,1.2,283.2730712890625,-360.29583740234375,13.695110321044922,0.03030359996502225,0.35,0.0,-0.027406775137702122,0.7401657104492192,91,-1,5.88007773192686,100.58038445546683
676,33.800000000000004,ccurve,247,stanley,1.2,283.5581359863281,-360.2237548828125,13.788333892822266,0.02805851574390437,0.35,0.0,-0.0286626000475194,0.646942138671876,91,-1,5.880745972007243,100.42147649225967
677,33.85,ccurve,247,stanley,1.2,283.8429870605469,-360.15081787109375,13.982320785522461,0.022640897000356035,0.35,0.0,-0.029037655931544698,0.45295524597167997,91,-1,5.8809987134104595,100.26243487283128
678,33.9,ccurve,247,stanley,1.2,284.12762451171875,-360.0767517089844,14.102447509765625,0.018948391862106628,0.35,0.0,-0.028265955583630285,0.3328285217285155,91,-1,5.882588274760896,100.10299804113464
679,33.95,ccurve,247,stanley,1.2,284.4122619628906,-360.0026550292969,14.273226737976074,0.013800948323454038,0.35,0.0,-0.02746470110169945,0.16204929351806652,91,-1,5.882893217591703,99.94414337486819
680,34.0,ccurve,247,stanley,1.2,284.6968078613281,-359.9278869628906,14.35019588470459,0.011107236066518639,0.35,0.0,-0.02599043283997929,0.08508014678955059,91,-1,5.884464930433566,99.78529194299772
681,34.050000000000004,ccurve,247,stanley,1.2,284.9814453125,-359.8534240722656,14.473166465759277,0.030173920716532705,0.35,0.0,-0.027008692414741242,0.7405395507812488,92,-1,5.884886117847276,99.62731879569884
682,34.1,ccurve,247,stanley,1.2,285.2657470703125,-359.7773742675781,14.56575870513916,0.027935298494403252,0.35,0.0,-0.02823062071276672,0.6479473114013662,92,-1,5.885515145279526,99.46855388509987
683,34.15,ccurve,247,stanley,1.2,285.5498046875,-359.7005310058594,14.759079933166504,0.022542391992977227,0.35,0.0,-0.028622832288081566,0.45462608337402405,92,-1,5.885729625280769,99.30972361962387
684,34.2,ccurve,247,stanley,1.2,285.8336181640625,-359.62255859375,14.878645896911621,0.018869650464769076,0.35,0.0,-0.027861398575630882,0.3350601196289057,92,-1,5.887276174602325,99.15050695043905
685,34.25,ccurve,247,stanley,1.2,286.11749267578125,-359.5445556640625,15.048922538757324,0.013745643962962458,0.35,0.0,-0.027086533658593162,0.16478347778320415,92,-1,5.887547163044402,98.99186214536444
686,34.300000000000004,ccurve,247,stanley,1.2,286.4012145996094,-359.4659423828125,15.125535011291504,0.011086092120895362,0.35,0.0,-0.025682665597228954,0.08817100524902353,92,-1,5.889076930123647,98.83330069516391
687,34.35,ccurve,247,stanley,1.2,286.68505859375,-359.3875427246094,15.248274803161621,0.030057340617293073,0.35,0.0,-0.02639564595206037,0.7438611984252917,93,-1,5.889464945961927,98.67553183531463
688,34.4,ccurve,247,stanley,1.2,286.968505859375,-359.3076171875,15.340517044067383,0.027840800884616854,0.35,0.0,-0.02765452283830895,0.651618957519532,93,-1,5.890060006403502,98.51704354245236
689,34.45,ccurve,247,stanley,1.2,287.2517395019531,-359.2268371582031,15.533373832702637,0.02245658521167871,0.35,0.0,-0.02803312248914134,0.45876216888427607,93,-1,5.890240526609683,98.35842375624837
690,34.5,ccurve,247,stanley,1.2,287.5346984863281,-359.14508056640625,15.652507781982422,0.01883836974378065,0.35,0.0,-0.02739728325568165,0.3396282196044923,93,-1,5.891748998310661,98.19957231007524
691,34.550000000000004,ccurve,247,stanley,1.2,287.81768798828125,-359.0631408691406,15.822482109069824,0.013713724418878994,0.35,0.0,-0.02659383258131677,0.1696538925170906,93,-1,5.891986617565999,98.04116400800592
692,34.6,ccurve,247,stanley,1.2,288.10052490234375,-358.9806823730469,15.898930549621582,0.011079201317181927,0.35,0.0,-0.02524962205258685,0.09320545196533342,93,-1,5.8934749312561445,97.88293025658088
693,34.65,ccurve,247,stanley,1.2,288.38348388671875,-358.89837646484375,16.021554946899414,0.029948269351594083,0.35,0.0,-0.025646397115526437,0.749011993408202,94,-1,5.89382804866311,97.72544145555796
694,34.7,ccurve,247,stanley,1.2,288.66607666015625,-358.81463623046875,16.113536834716797,0.02777287040413321,0.35,0.0,-0.02700712836470523,0.6570301055908209,94,-1,5.894395727746439,97.56730894433537
695,34.75,ccurve,247,stanley,1.2,288.9483642578125,-358.72998046875,16.306041717529297,0.022404500735518692,0.35,0.0,-0.027403216204461144,0.46452522277831854,94,-1,5.894544442468789,97.4090129513998
696,34.800000000000004,ccurve,247,stanley,1.2,289.2304382324219,-358.644287109375,16.424901962280273,0.018786651265022603,0.35,0.0,-0.02674419885954764,0.3456649780273414,94,-1,5.896015586799543,97.25041024168677
697,34.85,ccurve,247,stanley,1.2,289.512451171875,-358.55859375,16.594614028930664,0.013712005430238055,0.35,0.0,-0.026067570431860393,0.17595291137695224,94,-1,5.896217890408256,97.09245980744473
698,34.9,ccurve,247,stanley,1.2,289.7944030761719,-358.4722900390625,16.670948028564453,0.011103004689451967,0.35,0.0,-0.02478893892436332,0.0996189117431647,94,-1,5.897676543225608,96.93457553356434
699,34.95,ccurve,247,stanley,1.2,290.0764465332031,-358.38623046875,16.793621063232422,0.029957692574360425,0.35,0.0,-0.025146818343452337,0.7553768157959012,95,-1,5.897995791807494,96.77754386219561
700,35.0,ccurve,247,stanley,1.2,290.3580322265625,-358.2986755371094,16.885744094848633,0.027799086200018867,0.35,0.0,-0.026570821442451903,0.663253784179688,95,-1,5.898525559865413,96.61983080434803
701,35.050000000000004,ccurve,247,stanley,1.2,290.6393737792969,-358.2102355957031,17.078428268432617,0.022462344985382226,0.35,0.0,-0.027077390025816786,0.47056961059570346,95,-1,5.89864338486111,96.46196836971713
702,35.1,ccurve,247,stanley,1.2,290.92041015625,-358.1206970214844,17.197620391845703,0.018843926134763822,0.35,0.0,-0.026444439782922706,0.3513774871826179,95,-1,5.900079975333699,96.30376496087918
703,35.15,ccurve,247,stanley,1.2,291.2014465332031,-358.0311279296875,17.367717742919922,0.013763334919055039,0.35,0.0,-0.025782392266891246,0.18128013610839863,95,-1,5.900248340786551,96.14617655644835
704,35.2,ccurve,247,stanley,1.2,291.48236083984375,-357.94091796875,17.4444580078125,0.011132680223293223,0.35,0.0,-0.024472495217649493,0.10453987121582034,95,-1,5.9016755810584645,95.98864542006166
705,35.25,ccurve,247,stanley,1.2,291.7633972167969,-357.85101318359375,17.56744956970215,0.02991219398089775,0.35,0.0,-0.024632097422449067,0.7599773406982426,96,-1,5.901959790910874,95.83202945964487
706,35.300000000000004,ccurve,247,stanley,1.2,292.0439453125,-357.759521484375,17.659666061401367,0.027731574718987486,0.35,0.0,-0.02599878789804627,0.6677608489990235,96,-1,5.902467161354527,95.6746468836436
707,35.35,ccurve,247,stanley,1.2,292.3242492675781,-357.6672058105469,17.852210998535156,0.022399147048527985,0.35,0.0,-0.02650653056093201,0.4752159118652339,96,-1,5.9025495052723365,95.51717577825052
708,35.4,ccurve,247,stanley,1.2,292.6042785644531,-357.5738220214844,17.971168518066406,0.018801106384153072,0.35,0.0,-0.025913972645871877,0.3562583923339831,96,-1,5.903953491550512,95.35938612361485
709,35.45,ccurve,247,stanley,1.2,292.88427734375,-357.4803466796875,18.141036987304688,0.013718259145461483,0.35,0.0,-0.025224909845194057,0.18638992309570301,96,-1,5.904091532871457,95.20216846099986
710,35.5,ccurve,247,stanley,1.2,293.1641540527344,-357.38629150390625,18.217567443847656,0.011104624880337286,0.35,0.0,-0.02394704047058216,0.10985946655273413,96,-1,5.905487903265849,95.04507219144321
711,35.550000000000004,ccurve,247,stanley,1.2,293.44415283203125,-357.2924499511719,18.34037971496582,0.029804340171194772,0.35,0.0,-0.02385131366169413,0.7654762268066418,97,-1,5.905748376502977,94.88881425570769
712,35.6,ccurve,247,stanley,1.2,293.7236328125,-357.1971130371094,18.432262420654297,0.027641620289928646,0.35,0.0,-0.025243832715467818,0.6735935211181652,97,-1,5.906227570765976,94.73188161394597
713,35.65,ccurve,247,stanley,1.2,294.0028381347656,-357.1009826660156,18.62435531616211,0.02233704812891694,0.35,0.0,-0.025796702344687242,0.4815006256103521,97,-1,5.9062858485413985,94.57489954393901
714,35.7,ccurve,247,stanley,1.2,294.28173828125,-357.0038146972656,18.742942810058594,0.018771447514374855,0.35,0.0,-0.025269241452357392,0.36291313171386624,97,-1,5.907662249188278,94.41763660411962
715,35.75,ccurve,247,stanley,1.2,294.5606384277344,-356.9065856933594,18.912540435791016,0.013731081184582826,0.35,0.0,-0.024684107497053617,0.1933155059814467,97,-1,5.907773863777003,94.26097713557489
716,35.800000000000004,ccurve,247,stanley,1.2,294.83941650390625,-356.8088073730469,18.989036560058594,0.01116323102283033,0.35,0.0,-0.023539960594587517,0.11681938171386647,97,-1,5.909139632626745,94.10447438694844
717,35.85,ccurve,247,stanley,1.2,295.1182556152344,-356.7112121582031,19.11202049255371,0.029812371545716938,0.35,0.0,-0.023306480053087164,0.772266387939452,98,-1,5.909368893596736,93.94880560142563
718,35.9,ccurve,247,stanley,1.2,295.3966369628906,-356.6120910644531,19.20411491394043,0.02766975110639125,0.35,0.0,-0.024778371407440464,0.680171966552732,98,-1,5.90982397294207,93.79241533693258
719,35.95,ccurve,247,stanley,1.2,295.6747131347656,-356.5121765136719,19.396427154541016,0.022381809491971997,0.35,0.0,-0.025400313601160365,0.48785972595214633,98,-1,5.909848135354798,93.63598477231994
720,36.0,ccurve,247,stanley,1.2,295.9524230957031,-356.4111633300781,19.515317916870117,0.01880497081446246,0.35,0.0,-0.024864565614727503,0.36896896362304527,98,-1,5.91119446830642,93.47922764831338
721,36.050000000000004,ccurve,247,stanley,1.2,296.2301940917969,-356.31005859375,19.685211181640625,0.013751010128685992,0.35,0.0,-0.024263482515292104,0.1990756988525367,98,-1,5.911281379561071,93.32304084890897
722,36.1,ccurve,247,stanley,1.2,296.5077819824219,-356.2083435058594,19.76195526123047,0.011145415587643518,0.35,0.0,-0.023026157997700025,0.12233161926269373,98,-1,5.912618546037123,93.16696935573256
723,36.15,ccurve,247,stanley,1.2,296.78546142578125,-356.1069030761719,19.88503646850586,0.029751080325969563,0.35,0.0,-0.022670083523629536,0.7776794433593749,99,-1,5.9128211375669935,93.01182652873791
724,36.2,ccurve,247,stanley,1.2,297.0626220703125,-356.0039367675781,19.977039337158203,0.027606130044912688,0.35,0.0,-0.024127782325479408,0.6856765747070299,99,-1,5.913248813043392,92.85597179509452
725,36.25,ccurve,247,stanley,1.2,297.3394775390625,-355.9001770019531,20.169109344482422,0.022320258564755353,0.35,0.0,-0.024735377960814348,0.4936065673828115,99,-1,5.91324878820558,92.7000789831937
726,36.300000000000004,ccurve,247,stanley,1.2,297.6159362792969,-355.79541015625,20.28772735595703,0.018771679210244085,0.35,0.0,-0.02426068307952053,0.3749885559082017,99,-1,5.914569700761703,92.54395570014267
727,36.35,ccurve,247,stanley,1.2,297.8924560546875,-355.6905822753906,20.45738410949707,0.013754798902499619,0.35,0.0,-0.02375041643296319,0.20533180236816492,99,-1,5.914623586979242,92.38844319372966
728,36.4,ccurve,247,stanley,1.2,298.1687927246094,-355.58514404296875,20.534059524536133,0.011181805799703804,0.35,0.0,-0.02260444808737283,0.12865638732910245,99,-1,5.915935120589489,92.23305105974673
729,36.45,ccurve,247,stanley,1.2,298.4452209472656,-355.4799499511719,20.657224655151367,0.029737821278852,0.35,0.0,-0.022105590077700576,0.7839221954345686,100,-1,5.916111587562358,92.07856993219391
730,36.5,ccurve,247,stanley,1.2,298.7210998535156,-355.37322998046875,20.74932861328125,0.027607786825618277,0.35,0.0,-0.023617575474822683,0.6918182373046853,100,-1,5.916513048845811,91.92337942712469
731,36.550000000000004,ccurve,247,stanley,1.2,298.9966735839844,-355.2656555175781,20.94145965576172,0.022319262793094458,0.35,0.0,-0.02422264948315235,0.49968719482421897,100,-1,5.91648383167987,91.7680934767112
732,36.6,ccurve,247,stanley,1.2,299.2718811035156,-355.1571044921875,21.060165405273438,0.018780592804479336,0.35,0.0,-0.023784878728263934,0.3809814453124988,100,-1,5.917779714478481,91.6126023813018
733,36.65,ccurve,247,stanley,1.2,299.547119140625,-355.0484619140625,21.229921340942383,0.01376048759612496,0.35,0.0,-0.023273046837673436,0.2112255096435544,100,-1,5.917806664085407,91.45770845561462
734,36.7,ccurve,247,stanley,1.2,299.8221435546875,-354.9392395019531,21.306705474853516,0.011190081968971269,0.35,0.0,-0.022143420313678053,0.13444137573242096,100,-1,5.9190947782357854,91.30297566814042
735,36.75,ccurve,247,stanley,1.2,300.0973205566406,-354.8302001953125,21.429950714111328,0.02968110660319995,0.35,0.0,-0.021455414991434385,0.7896251678466787,101,-1,5.919245926379985,91.14909592890042
736,36.800000000000004,ccurve,247,stanley,1.2,300.3719177246094,-354.7197265625,21.52199363708496,0.0275721227357633,0.35,0.0,-0.023026264465165508,0.6975822448730464,101,-1,5.919629403842574,90.99459939720057
737,36.85,ccurve,247,stanley,1.2,300.64617919921875,-354.60845947265625,21.713985443115234,0.02232210917265012,0.35,0.0,-0.023735633059503866,0.5055904388427718,101,-1,5.9195781448275655,90.84007582786579
738,36.9,ccurve,247,stanley,1.2,300.9200439453125,-354.49615478515625,21.83265495300293,0.018796752955104357,0.35,0.0,-0.02333442880384677,0.3869209289550774,101,-1,5.920848342968492,90.68529363149572
739,36.95,ccurve,247,stanley,1.2,301.19390869140625,-354.3837890625,22.002477645874023,0.013792810927732413,0.35,0.0,-0.022876721774976114,0.2170982360839833,101,-1,5.920855978547496,90.53115429930168
740,37.0,ccurve,247,stanley,1.2,301.46759033203125,-354.2707214355469,22.07943344116211,0.011202135639001735,0.35,0.0,-0.021699990220904186,0.14014244079589697,101,-1,5.922113884977581,90.37705618774433
741,37.050000000000004,ccurve,247,stanley,1.2,301.74139404296875,-354.157958984375,22.20282745361328,0.029666257224940228,0.35,0.0,-0.020943085572552866,0.7951793670654271,102,-1,5.922242367664874,90.22395004456212
742,37.1,ccurve,247,stanley,1.2,302.01458740234375,-354.043701171875,22.29494857788086,0.027551207317576407,0.35,0.0,-0.022503062941579888,0.703058242797851,102,-1,5.922605170988616,90.07016855574837
743,37.15,ccurve,247,stanley,1.2,302.2874755859375,-353.9287109375,22.48693084716797,0.022320338837234586,0.35,0.0,-0.023269600559849432,0.5110759735107399,102,-1,5.9225305228250855,89.9164189375047
744,37.2,ccurve,247,stanley,1.2,302.5599365234375,-353.8126220703125,22.60563087463379,0.018790763167526564,0.35,0.0,-0.022857901742478183,0.39237594604492143,102,-1,5.92377608585596,89.76235629017009
745,37.25,ccurve,247,stanley,1.2,302.8323669433594,-353.6964416503906,22.775466918945312,0.013769901854740994,0.35,0.0,-0.0223500037538861,0.2225399017333961,102,-1,5.923759035578748,89.60892119947515
746,37.300000000000004,ccurve,247,stanley,1.2,303.1046447753906,-353.5796813964844,22.852399826049805,0.011205154591772688,0.35,0.0,-0.02124874193488918,0.14560699462890436,102,-1,5.9249974449672695,89.4556499820522
747,37.35,ccurve,247,stanley,1.2,303.3769836425781,-353.46319580078125,22.975793838500977,0.0074061081485866,0.35,0.0,-0.020424154439059428,0.022212982177732477,102,-1,5.92509979884832,89.30336252310876
748,37.4,ccurve,247,stanley,1.2,303.6492614746094,-353.34619140625,23.008865356445312,0.02960533006367075,0.35,0.0,-0.023152422286421392,0.7675724029541017,103,-1,5.926090047026143,89.15129275579024
749,37.45,ccurve,247,stanley,1.2,303.9211120605469,-353.22845458984375,23.15637969970703,0.026007353898790053,0.35,0.0,-0.025010181775324172,0.620058059692383,103,-1,5.9254401016346705,88.99927842205751
750,37.5,ccurve,247,stanley,1.2,304.1923828125,-353.1092529296875,23.270708084106445,0.022833724084789484,0.35,0.0,-0.025293654245762878,0.50572967529297,103,-1,5.926203445719916,88.84661131522343
751,37.550000000000004,ccurve,247,stanley,1.2,304.4635009765625,-352.98968505859375,23.4541072845459,0.01755629190986953,0.35,0.0,-0.025180479026256586,0.32233047485351685,103,-1,5.926161206962308,88.69432657891598
752,37.6,ccurve,247,stanley,1.2,304.73431396484375,-352.8693542480469,23.55122184753418,0.014470155614166159,0.35,0.0,-0.02424608101157988,0.22521591186523354,103,-1,5.927418233398495,88.54205067909696
753,37.65,ccurve,247,stanley,1.2,305.00518798828125,-352.7491455078125,23.69561004638672,0.010080261198117505,0.35,0.0,-0.02344800014065679,0.08082771301269502,103,-1,5.927440091405685,88.39062007759605
754,37.7,ccurve,247,stanley,1.2,305.27587890625,-352.6283264160156,23.747821807861328,0.03163811645349458,0.35,0.0,-0.025893217015509368,0.8070449829101564,104,-1,5.928520897833527,88.23933940233077
755,37.75,ccurve,247,stanley,1.2,305.5462341308594,-352.50677490234375,23.9112606048584,0.027563113424100824,0.35,0.0,-0.0276843842018014,0.643606185913088,104,-1,5.927753402294984,88.08810590572888
756,37.800000000000004,ccurve,247,stanley,1.2,305.8158874511719,-352.3838195800781,24.038240432739258,0.024007591714059345,0.35,0.0,-0.02790701152814801,0.5166263580322268,104,-1,5.928587969523099,87.9362920110348
757,37.85,ccurve,247,stanley,1.2,306.08538818359375,-352.26043701171875,24.231470108032227,0.018410893075939294,0.35,0.0,-0.027677621198327174,0.3233966827392597,104,-1,5.9284878411358735,87.7848073236789
758,37.9,ccurve,247,stanley,1.2,306.3546142578125,-352.13623046875,24.336055755615234,0.01505865030041799,0.35,0.0,-0.02658463525886337,0.21881103515625022,104,-1,5.929785281699198,87.6332718315735
759,37.95,ccurve,247,stanley,1.2,306.6238708496094,-352.0121765136719,24.48590660095215,0.010465332020396304,0.35,0.0,-0.025643119752183863,0.06896018981933826,104,-1,5.929762823091416,87.48262752863846
760,38.0,ccurve,247,stanley,1.2,306.8929748535156,-351.88763427734375,24.54196548461914,0.03188580951908517,0.35,0.0,-0.028006856856731266,0.791330337524413,105,-1,5.93085673712213,87.33225851234248
761,38.050000000000004,ccurve,247,stanley,1.2,307.16168212890625,-351.7623291015625,24.708019256591797,0.02771249927962085,0.35,0.0,-0.029727093992240786,0.6252765655517584,105,-1,5.930059718050051,87.18191635013585
762,38.1,ccurve,247,stanley,1.2,307.4296875,-351.6354675292969,24.836713790893555,0.024038491526519545,0.35,0.0,-0.02974027395191091,0.49658203124999944,105,-1,5.930894709413752,87.03083837815136
763,38.15,ccurve,247,stanley,1.2,307.6975402832031,-351.5082702636719,25.030902862548828,0.01837268186631629,0.35,0.0,-0.029384753032158137,0.3023929595947265,105,-1,5.9307724046793915,86.88018870658152
764,38.2,ccurve,247,stanley,1.2,307.9651184082031,-351.3802795410156,25.135820388793945,0.014978802179194907,0.35,0.0,-0.028194557006784776,0.19747543334960865,105,-1,5.932059026396855,86.72952390990346
765,38.25,ccurve,247,stanley,1.2,308.2326965332031,-351.25238037109375,25.285554885864258,0.010334015791545829,0.35,0.0,-0.027087109460117553,0.04774093627929707,105,-1,5.932014964101118,86.57970434578252
766,38.300000000000004,ccurve,247,stanley,1.2,308.5001525878906,-351.12396240234375,25.34114646911621,0.03166073169763381,0.35,0.0,-0.029128240841022113,0.7705802917480475,106,-1,5.9330911834874085,86.43013523152405
767,38.35,ccurve,247,stanley,1.2,308.76715087890625,-350.994873046875,25.50627899169922,0.027473080074299477,0.35,0.0,-0.030726144145896833,0.6054477691650391,106,-1,5.932286807703297,86.28069249008293
768,38.400000000000006,ccurve,247,stanley,1.2,309.03350830078125,-350.8642883300781,25.63378143310547,0.02381985557022868,0.35,0.0,-0.03069924519330254,0.47794532775878984,106,-1,5.933098433418218,86.13056719260871
769,38.45,ccurve,247,stanley,1.2,309.2996520996094,-350.7333068847656,25.8266658782959,0.01815111599743688,0.35,0.0,-0.030222088415703077,0.2850608825683592,106,-1,5.932965967704983,85.98082250652993
770,38.5,ccurve,247,stanley,1.2,309.56549072265625,-350.6015930175781,25.93027114868164,0.014768719114241869,0.35,0.0,-0.028952947691907205,0.18145561218261935,106,-1,5.9342314312932904,85.83113148332396
771,38.550000000000004,ccurve,247,stanley,1.2,309.8313903808594,-350.4699401855469,26.07870101928711,0.010134873488214471,0.35,0.0,-0.027765475698263653,0.033025741577150027,106,-1,5.9341750234619335,85.68226319817539
772,38.6,ccurve,247,stanley,1.2,310.09710693359375,-350.33782958984375,26.133037567138672,0.03146113720521039,0.35,0.0,-0.02969781226486795,0.757118225097655,107,-1,5.935228376779173,85.53371938449207
773,38.650000000000006,ccurve,247,stanley,1.2,310.36248779296875,-350.205078125,26.296947479248047,0.027318590832444145,0.35,0.0,-0.03132691394205639,0.5932083129882803,107,-1,5.93441641576639,85.38532825723469
774,38.7,ccurve,247,stanley,1.2,310.6270751953125,-350.07073974609375,26.42336654663086,0.02365720556473284,0.35,0.0,-0.0311818203214636,0.4667892456054666,107,-1,5.935212577995419,85.23617120122246
775,38.75,ccurve,247,stanley,1.2,310.8915100097656,-349.9361267089844,26.615257263183594,0.01802293599016377,0.35,0.0,-0.030722753170101064,0.2748985290527336,107,-1,5.935062187855984,85.0875212321937
776,38.800000000000004,ccurve,247,stanley,1.2,311.1556396484375,-349.80072021484375,26.71798324584961,0.014654027466809367,0.35,0.0,-0.029417995976001338,0.1721725463867186,107,-1,5.936305414184023,84.93887024693518
777,38.85,ccurve,247,stanley,1.2,311.4198303222656,-349.66546630859375,26.86562728881836,0.010058147515621122,0.35,0.0,-0.02827693321591912,0.024528503417968302,107,-1,5.936238196895016,84.7911472771241
778,38.900000000000006,ccurve,247,stanley,1.2,311.683837890625,-349.52978515625,26.91934585571289,0.03138730674798736,0.35,0.0,-0.030165125344644828,0.7492408752441413,108,-1,5.937266861775088,84.64378828283293
779,38.95,ccurve,247,stanley,1.2,311.94744873046875,-349.393310546875,27.08275032043457,0.027229871575059506,0.35,0.0,-0.031706031797929135,0.5858364105224617,108,-1,5.936444257862168,84.49643817881187
780,39.0,ccurve,247,stanley,1.2,312.21026611328125,-349.2552795410156,27.208698272705078,0.023561841359578003,0.35,0.0,-0.031500071307908654,0.4598884582519546,108,-1,5.9372222125180425,84.34834946296095
781,39.050000000000004,ccurve,247,stanley,1.2,312.472900390625,-349.1169738769531,27.400056838989258,0.017917976564257965,0.35,0.0,-0.030965834010729915,0.26852989196777605,108,-1,5.937061757632439,84.20077865021588
782,39.1,ccurve,247,stanley,1.2,312.7352600097656,-348.97796630859375,27.50223731994629,0.014571879017527482,0.35,0.0,-0.029682416997254324,0.16634941101074355,108,-1,5.938283343469702,84.0533039074664
783,39.150000000000006,ccurve,247,stanley,1.2,312.9976806640625,-348.8390808105469,27.649335861206055,0.00998978527038176,0.35,0.0,-0.028535453428855273,0.019250869750978932,108,-1,5.938200075625375,83.90674092300235
784,39.2,ccurve,247,stanley,1.2,313.2598571777344,-348.69970703125,27.702590942382812,0.031299659088831706,0.35,0.0,-0.030325867940869278,0.7444267272949227,109,-1,5.939209923380439,83.76049187503699
785,39.25,ccurve,247,stanley,1.2,313.5216369628906,-348.5595703125,27.865524291992188,0.02713586113414681,0.35,0.0,-0.031807268002942785,0.5814933776855464,109,-1,5.9383752760094035,83.61428728628401
786,39.300000000000004,ccurve,247,stanley,1.2,313.7826232910156,-348.41802978515625,27.9909725189209,0.023506991753165358,0.35,0.0,-0.03167639816235825,0.45604515075683594,109,-1,5.939137121973444,83.46749415787026
787,39.35,ccurve,247,stanley,1.2,314.04345703125,-348.276123046875,28.18191146850586,0.017878074950323498,0.35,0.0,-0.03115084981899162,0.26510620117187617,109,-1,5.938961355545888,83.32113655209744
788,39.400000000000006,ccurve,247,stanley,1.2,314.303955078125,-348.1335144042969,28.283782958984375,0.014534612572191173,0.35,0.0,-0.029848240370733026,0.16323471069336065,109,-1,5.940165555684273,83.17488382650264
789,39.45,ccurve,247,stanley,1.2,314.56451416015625,-347.9909973144531,28.430641174316406,0.00994428866962091,0.35,0.0,-0.02865520324058385,0.01637649536132939,109,-1,5.940070578482135,83.02952669478593
790,39.5,ccurve,247,stanley,1.2,314.82489013671875,-347.84808349609375,28.483652114868164,0.031256295760971976,0.35,0.0,-0.030431813047457457,0.7417926788330097,110,-1,5.941066545915197,82.88458322561407
791,39.550000000000004,ccurve,247,stanley,1.2,315.0848083496094,-347.7043762207031,28.64634132385254,0.02710227256457223,0.35,0.0,-0.03192206545685383,0.5791034698486347,110,-1,5.940219961574842,82.73966004943327
792,39.6,ccurve,247,stanley,1.2,315.34393310546875,-347.5592041015625,28.771596908569336,0.02346418225639348,0.35,0.0,-0.03174653768001565,0.45384788513184077,110,-1,5.940964015976524,82.59408570107773
793,39.650000000000006,ccurve,247,stanley,1.2,315.6029052734375,-347.41375732421875,28.962329864501953,0.01785307416292287,0.35,0.0,-0.03125681360272614,0.2631149291992225,110,-1,5.94077460172459,82.44904918675132
794,39.7,ccurve,247,stanley,1.2,315.86151123046875,-347.267578125,29.06403160095215,0.014512925612966696,0.35,0.0,-0.02994909955657843,0.1614131927490291,110,-1,5.941963491866474,82.30409426433484
795,39.75,ccurve,247,stanley,1.2,316.1202087402344,-347.1214294433594,29.210750579833984,0.009912395387399537,0.35,0.0,-0.028712718736447485,0.014694213867192782,110,-1,5.941852954845947,82.15998905249026
796,39.800000000000004,ccurve,247,stanley,1.2,316.378662109375,-346.9748229980469,29.26361656188965,0.031169667602144107,0.35,0.0,-0.03031134182537798,0.740259170532225,111,-1,5.942834227638781,82.01624625054028
797,39.85,ccurve,247,stanley,1.2,316.63665771484375,-346.8276062011719,29.42600440979004,0.027035413470717567,0.35,0.0,-0.031835751601463846,0.5778713226318345,111,-1,5.941976506605472,81.87271196928569
798,39.900000000000006,ccurve,247,stanley,1.2,316.89385986328125,-346.6788635253906,29.550872802734375,0.02340240738843823,0.35,0.0,-0.03164198809640134,0.4530029296874982,111,-1,5.942704726299628,81.72846453658025
799,39.95,ccurve,247,stanley,1.2,317.15087890625,-346.52984619140625,29.74125099182129,0.017790438422398143,0.35,0.0,-0.031118809439358172,0.26262474060058294,111,-1,5.94250633482903,81.58476544905356
800,40.0,ccurve,247,stanley,1.2,317.4075622558594,-346.38006591796875,29.84259796142578,0.014446034102572659,0.35,0.0,-0.02976706529533768,0.1612777709960925,111,-1,5.94368097330651,81.4411253904226
801,40.050000000000004,ccurve,247,stanley,1.2,317.6643371582031,-346.23046875,29.988937377929688,0.009885891597117709,0.35,0.0,-0.02861967067583915,0.014938354492184468,111,-1,5.94356021260764,81.29850356918138
802,40.1,ccurve,247,stanley,1.2,317.92083740234375,-346.0803527832031,30.041534423828125,0.03114094503255736,0.35,0.0,-0.030188536232089835,0.7407741546630835,112,-1,5.94452851569032,81.15619202603337
803,40.150000000000006,ccurve,247,stanley,1.2,318.17694091796875,-345.9295654296875,30.203712463378906,0.027012394336340086,0.35,0.0,-0.03171245926263758,0.5785961151123056,112,-1,5.943659483801023,81.01403590625006
804,40.2,ccurve,247,stanley,1.2,318.4321594238281,-345.77734375,30.32847023010254,0.023393339169080738,0.35,0.0,-0.03155119872828737,0.4538383483886679,112,-1,5.9443731114876055,80.8712549791683
805,40.25,ccurve,247,stanley,1.2,318.6872253417969,-345.6248474121094,30.51875877380371,0.017799819605957837,0.35,0.0,-0.031075883331470336,0.26354980468750006,112,-1,5.944161053265161,80.72903466161067
806,40.300000000000004,ccurve,247,stanley,1.2,318.9419250488281,-345.4715881347656,30.62010955810547,0.01446654850457582,0.35,0.0,-0.029757694386426614,0.16219902038574177,112,-1,5.945319207804169,80.58688069705515
807,40.35,ccurve,247,stanley,1.2,319.1966857910156,-345.3184814453125,30.76653480529785,0.009901286782559356,0.35,0.0,-0.02860183286567225,0.015773773193360492,112,-1,5.945181874953632,80.44572926252123
808,40.400000000000006,ccurve,247,stanley,1.2,319.4512634277344,-345.1648254394531,30.819263458251953,0.031124804039927675,0.35,0.0,-0.030087307620640324,0.7414741516113293,113,-1,5.946137417367391,80.30487187672233
809,40.45,ccurve,247,stanley,1.2,319.7053527832031,-345.0105285644531,30.981473922729492,0.02699282403384616,0.35,0.0,-0.03160404144259468,0.5792636871337903,113,-1,5.945260242252687,80.16420347861049
810,40.5,ccurve,247,stanley,1.2,319.9585876464844,-344.8548278808594,31.106185913085938,0.023386542070419698,0.35,0.0,-0.031477366865099374,0.4545516967773481,113,-1,5.945962447462207,80.02294132754227
811,40.550000000000004,ccurve,247,stanley,1.2,320.21160888671875,-344.69879150390625,31.29644012451172,0.017777812749619044,0.35,0.0,-0.03095284198522183,0.2642974853515657,113,-1,5.945735153107697,79.88218754387502
812,40.6,ccurve,247,stanley,1.2,320.4642639160156,-344.5420227050781,31.397747039794922,0.014438638314529,0.35,0.0,-0.029612555241464195,0.16299057006835943,113,-1,5.946882111803197,79.74153904713333
813,40.650000000000006,ccurve,247,stanley,1.2,320.7170104980469,-344.3853759765625,31.54405975341797,0.009865976061737454,0.35,0.0,-0.028424201773755764,0.01667785644531384,113,-1,5.946733290801233,79.60188068250042
814,40.7,ccurve,247,stanley,1.2,320.96954345703125,-344.2283630371094,31.596620559692383,0.0311275143253936,0.35,0.0,-0.03001038924647159,0.7425479888915983,114,-1,5.947673306921971,79.46270915671498
815,40.75,ccurve,247,stanley,1.2,321.2215881347656,-344.0705871582031,31.758758544921875,0.026999241836393496,0.35,0.0,-0.031532401559406814,0.5804100036621109,114,-1,5.94678076422892,79.32361117339887
816,40.800000000000004,ccurve,247,stanley,1.2,321.47271728515625,-343.9114074707031,31.88350486755371,0.02338305137590719,0.35,0.0,-0.03137859802781006,0.4556636810302705,114,-1,5.947472340355854,79.1839149965072
817,40.85,ccurve,247,stanley,1.2,321.72369384765625,-343.75189208984375,32.07377624511719,0.017775701290717635,0.35,0.0,-0.030859544555072088,0.2653923034667986,114,-1,5.947233368815571,79.04474342410927
818,40.900000000000006,ccurve,247,stanley,1.2,321.9742431640625,-343.5917053222656,32.17509841918945,0.014444632185659391,0.35,0.0,-0.02954469212015748,0.16407012939452714,114,-1,5.948365883511009,78.90574222283877
819,40.95,ccurve,247,stanley,1.2,322.22491455078125,-343.4316711425781,32.32146072387695,0.009893026751659933,0.35,0.0,-0.028424059715715877,0.017707824707030907,114,-1,5.948209412433994,78.7677811307894
820,41.0,ccurve,247,stanley,1.2,322.4753112792969,-343.2712097167969,32.37413024902344,0.031150123835000425,0.35,0.0,-0.030006533757738707,0.7434692382812477,115,-1,5.949137151426543,78.63025242716607
821,41.050000000000004,ccurve,247,stanley,1.2,322.72528076171875,-343.1099548339844,32.53641128540039,0.02701500379454716,0.35,0.0,-0.031520497003388576,0.5811882019043005,115,-1,5.94823181916972,78.49277943742784
822,41.1,ccurve,247,stanley,1.2,322.97430419921875,-342.9472961425781,32.66129684448242,0.023386653406519547,0.35,0.0,-0.031341818653581745,0.45630264282226835,115,-1,5.948912736498321,78.35470528418807
823,41.150000000000006,ccurve,247,stanley,1.2,323.22314453125,-342.7843933105469,32.8516731262207,0.017788207366703553,0.35,0.0,-0.030858618728125495,0.2659263610839838,115,-1,5.948661465953061,78.21725713628041
824,41.2,ccurve,247,stanley,1.2,323.4715881347656,-342.6208190917969,32.953094482421875,0.014471778590472125,0.35,0.0,-0.029596341934160775,0.16450500488281108,115,-1,5.949787423974145,78.07999091252407
825,41.25,ccurve,247,stanley,1.2,323.7200622558594,-342.4573059082031,33.099578857421875,0.009892417818469133,0.35,0.0,-0.02840185875346174,0.018020629882812635,115,-1,5.949614097759383,77.94368210556365
826,41.300000000000004,ccurve,247,stanley,1.2,323.9683532714844,-342.2933044433594,33.152339935302734,0.031098797494908875,0.35,0.0,-0.029839279059735435,0.7436866760253896,116,-1,5.950533938000627,77.80776604232697
827,41.35,ccurve,247,stanley,1.2,324.21612548828125,-342.1286926269531,33.314544677734375,0.02697542974763973,0.35,0.0,-0.0313825623819296,0.5814819335937492,116,-1,5.949618082387326,77.67208649987552
828,41.400000000000006,ccurve,247,stanley,1.2,324.4629821777344,-341.9626770019531,33.43925476074219,0.023367366097073614,0.35,0.0,-0.031250034831538445,0.4567718505859378,116,-1,5.950288581062168,77.5358090188719
829,41.45,ccurve,247,stanley,1.2,324.70965576171875,-341.79638671875,33.62948226928711,0.017780015374137228,0.35,0.0,-0.030787411335646386,0.2665443420410179,116,-1,5.950027851916451,77.4001401999687
830,41.5,ccurve,247,stanley,1.2,324.95587158203125,-341.62939453125,33.730831146240234,0.014453154837251177,0.35,0.0,-0.0294868824034617,0.16519546508789035,116,-1,5.951139909874758,77.26462517006829
831,41.550000000000004,ccurve,247,stanley,1.2,325.20220947265625,-341.4624938964844,33.877235412597656,0.009888734847518161,0.35,0.0,-0.028330423999702037,0.0187911987304665,116,-1,5.950958965368662,77.13012598041794
832,41.6,ccurve,247,stanley,1.2,325.44830322265625,-341.2951965332031,33.92995834350586,0.031114687098475896,0.35,0.0,-0.029823757471026002,0.7444992065429711,117,-1,5.951864932569931,76.99611640865808
833,41.650000000000006,ccurve,247,stanley,1.2,325.6938781738281,-341.1271667480469,34.092185974121094,0.02698401988091442,0.35,0.0,-0.03134721241501717,0.5822715759277362,117,-1,5.9509404348061405,76.86222963720716
834,41.7,ccurve,247,stanley,1.2,325.9385070800781,-340.9577941894531,34.216983795166016,0.023377921749628307,0.35,0.0,-0.031228156300993046,0.45747375488281433,117,-1,5.951602572842358,76.72780263442526
835,41.75,ccurve,247,stanley,1.2,326.1829528808594,-340.78814697265625,34.40728759765625,0.017792910924993355,0.35,0.0,-0.030779050826996293,0.26716995239258134,117,-1,5.9513273998756,76.59399773754463
836,41.800000000000004,ccurve,247,stanley,1.2,326.42694091796875,-340.6177673339844,34.50874710083008,0.014459258545511302,0.35,0.0,-0.02946717557196199,0.16571044921875525,117,-1,5.952428291212155,76.4603255401102
837,41.85,ccurve,247,stanley,1.2,326.6710510253906,-340.4474792480469,34.65522003173828,0.009889454742428468,0.35,0.0,-0.02830004046136425,0.01923751831054771,117,-1,5.95223505773604,76.32768815863888
838,41.900000000000006,ccurve,247,stanley,1.2,326.9148864746094,-340.27685546875,34.708011627197266,0.03114076133605238,0.35,0.0,-0.029876439848999126,0.7448768615722623,118,-1,5.953134728223674,76.19560901335319
839,41.95,ccurve,247,stanley,1.2,327.158203125,-340.10540771484375,34.87032699584961,0.026990421276809888,0.35,0.0,-0.03134811888333855,0.5825614929199233,118,-1,5.952195080082726,76.06357035158317
840,42.0,ccurve,247,stanley,1.2,327.40057373046875,-339.93267822265625,34.99522399902344,0.023380827819965443,0.35,0.0,-0.031226965628916865,0.45766448974609386,118,-1,5.952844659254034,75.93105317648327
841,42.050000000000004,ccurve,247,stanley,1.2,327.64276123046875,-339.7596435546875,35.18560791015625,0.017784713922321015,0.35,0.0,-0.03075101112388913,0.2672805786132799,118,-1,5.9525605534464665,75.79914208528035
842,42.1,ccurve,247,stanley,1.2,327.8844909667969,-339.58587646484375,35.287086486816406,0.014441968282722902,0.35,0.0,-0.029412912889522497,0.16580200195312075,118,-1,5.9536543211159625,75.66737372241495
843,42.150000000000006,ccurve,247,stanley,1.2,328.12628173828125,-339.4123229980469,35.433528900146484,0.009885818103221216,0.35,0.0,-0.0282842328616707,0.019359588623043555,118,-1,5.953451670355989,75.53676969182426
844,42.2,ccurve,247,stanley,1.2,328.3678894042969,-339.2383117675781,35.48628234863281,0.031120869801722278,0.35,0.0,-0.02980865000591454,0.7450332641601562,119,-1,5.954340352482041,75.40663168951758
845,42.25,ccurve,247,stanley,1.2,328.60894775390625,-339.0636291503906,35.648555755615234,0.02700447456392654,0.35,0.0,-0.03137984528749432,0.5827598571777322,119,-1,5.953393482865922,75.276688725669
846,42.300000000000004,ccurve,247,stanley,1.2,328.8489685058594,-338.8876037597656,35.77346420288086,0.02339323685918166,0.35,0.0,-0.03125464070810746,0.4578514099121055,119,-1,5.954036149572616,75.14619299355591
847,42.35,ccurve,247,stanley,1.2,329.0887756347656,-338.7112731933594,35.96392822265625,0.01778773329404555,0.35,0.0,-0.03075700875069673,0.267387390136717,119,-1,5.953740531978468,75.01631211286646
848,42.400000000000006,ccurve,247,stanley,1.2,329.3282470703125,-338.5342102050781,36.06547546386719,0.01446003659216134,0.35,0.0,-0.029470167494290433,0.16584014892578047,119,-1,5.954825436062395,74.8866068596146
849,42.45,ccurve,247,stanley,1.2,329.56768798828125,-338.3573303222656,36.21200942993164,0.009891960389074106,0.35,0.0,-0.028312988643498294,0.019306182861325034,119,-1,5.95461168785807,74.75803699534075
850,42.5,ccurve,247,stanley,1.2,329.80694580078125,-338.1800842285156,36.264835357666016,0.03113109836576753,0.35,0.0,-0.029856010549991097,0.7449111938476541,120,-1,5.955494076879906,74.63003831837518
851,42.550000000000004,ccurve,247,stanley,1.2,330.045654296875,-338.0021057128906,36.42720031738281,0.027011296127934428,0.35,0.0,-0.0314250573141619,0.5825462341308582,120,-1,5.954537907744176,74.50218334195556
852,42.6,ccurve,247,stanley,1.2,330.2833557128906,-337.82281494140625,36.552188873291016,0.023411043737391692,0.35,0.0,-0.03134001157828967,0.4575576782226568,120,-1,5.955168616064826,74.37381280364879
853,42.650000000000006,ccurve,247,stanley,1.2,330.52081298828125,-337.6431884765625,36.74275207519531,0.01780194803714328,0.35,0.0,-0.030839942913831325,0.2669944763183606,120,-1,5.9548653987506235,74.24603576672192
854,42.7,ccurve,247,stanley,1.2,330.7578125,-337.4629211425781,36.84442138671875,0.014470678111804606,0.35,0.0,-0.02955256777189913,0.16532516479492193,120,-1,5.955941372399607,74.11851246316513
855,42.75,ccurve,247,stanley,1.2,330.994873046875,-337.28271484375,36.991050720214844,0.009885211537146046,0.35,0.0,-0.02835067138936348,0.018695831298826737,120,-1,5.955720591860321,73.99204025480718
856,42.800000000000004,ccurve,247,stanley,1.2,331.2316589355469,-337.1021423339844,37.0439338684082,0.03108551649241507,0.35,0.0,-0.02978111980316661,0.7442436218261758,121,-1,5.956589512557153,73.86613522757979
857,42.85,ccurve,247,stanley,1.2,331.46795654296875,-336.9208984375,37.20618438720703,0.02696467427357609,0.35,0.0,-0.03133736882131097,0.5819931030273462,121,-1,5.95562699815319,73.74045582722766
858,42.900000000000006,ccurve,247,stanley,1.2,331.7032470703125,-336.73828125,37.33098220825195,0.02334975406744729,0.35,0.0,-0.03119124913129299,0.45719528198242443,121,-1,5.956248461683629,73.61420381449433
859,42.95,ccurve,247,stanley,1.2,331.9382629394531,-336.555419921875,37.521263122558594,0.017746360235880745,0.35,0.0,-0.030683894465116893,0.266914367675786,121,-1,5.9559379609445955,73.48864218177202
860,43.0,ccurve,247,stanley,1.2,332.1728515625,-336.3719482421875,37.62261199951172,0.014436181913525145,0.35,0.0,-0.02943239779276849,0.16556549072265847,121,-1,5.957002290652755,73.36338221079838
861,43.050000000000004,ccurve,247,stanley,1.2,332.40753173828125,-336.1885070800781,37.76897048950195,0.009868626815603616,0.35,0.0,-0.028261116985283163,0.019207000732423752,121,-1,5.956776315282693,73.23917004048992
862,43.1,ccurve,247,stanley,1.2,332.6419372558594,-336.0047607421875,37.821693420410156,0.03111341765519501,0.35,0.0,-0.02981312583634116,0.7449111938476605,122,-1,5.957636144496147,73.11559885481773
863,43.150000000000006,ccurve,247,stanley,1.2,332.8757629394531,-335.82025146484375,37.98392868041992,0.02697692898505687,0.35,0.0,-0.03132081580300081,0.5826759338378897,122,-1,5.9566620323371,72.99215390178607
864,43.2,ccurve,247,stanley,1.2,333.1085510253906,-335.634521484375,38.10881423950195,0.023376836622253216,0.35,0.0,-0.031227194305048972,0.4577903747558639,122,-1,5.957275034401013,72.86828047997817
865,43.25,ccurve,247,stanley,1.2,333.34112548828125,-335.44842529296875,38.29922103881836,0.017767982413423474,0.35,0.0,-0.030714060615192176,0.26738357543945546,122,-1,5.956957046977589,72.74500757732184
866,43.300000000000004,ccurve,247,stanley,1.2,333.5732421875,-335.2617492675781,38.4007453918457,0.014452746320191168,0.35,0.0,-0.029462183177957513,0.1658592224121135,122,-1,5.958014068768183,72.62207094489514
867,43.35,ccurve,247,stanley,1.2,333.805419921875,-335.0751037597656,38.547237396240234,0.009875294327859357,0.35,0.0,-0.02827221772565075,0.019367218017579315,122,-1,5.957780093461601,72.50019471928148
868,43.400000000000006,ccurve,247,stanley,1.2,334.0372619628906,-334.8880920410156,38.60005569458008,0.031088911999032194,0.35,0.0,-0.029737828710704794,0.7449798583984377,123,-1,5.95863306733915,72.3788988715693
869,43.45,ccurve,247,stanley,1.2,334.2685852050781,-334.70037841796875,38.762298583984375,0.02694613658176678,0.35,0.0,-0.03122735196768009,0.5827369689941376,123,-1,5.957653847613926,72.25781400341744
870,43.5,ccurve,247,stanley,1.2,334.4988708496094,-334.5114440917969,38.8870849609375,0.023342731612985314,0.35,0.0,-0.031115028652594662,0.4579505920410131,123,-1,5.958260653852073,72.13630372396584
871,43.550000000000004,ccurve,247,stanley,1.2,334.7289123535156,-334.322265625,39.077335357666016,0.01775724877428741,0.35,0.0,-0.030659118655063697,0.26770019531249867,123,-1,5.95793670705911,72.0155196390917
872,43.6,ccurve,247,stanley,1.2,334.9584655761719,-334.13238525390625,39.17875671386719,0.014426446527864036,0.35,0.0,-0.029350831592363263,0.16627883911132593,123,-1,5.958984684722725,71.89495798550794
873,43.650000000000006,ccurve,247,stanley,1.2,335.1881103515625,-333.9425964355469,39.32513427734375,0.009855811036465864,0.35,0.0,-0.02817138953557996,0.019901275634764532,123,-1,5.958740842911988,71.77554361328818
874,43.7,ccurve,247,stanley,1.2,335.41741943359375,-333.75244140625,39.3778190612793,0.031082202920326974,0.35,0.0,-0.02966437363674529,0.7456474304199224,124,-1,5.959587979146976,71.65672328433591
875,43.75,ccurve,247,stanley,1.2,335.6462097167969,-333.5616455078125,39.53999328613281,0.02696039589465894,0.35,0.0,-0.031211746552145453,0.583473205566406,124,-1,5.958597986888845,71.53818431895262
876,43.800000000000004,ccurve,247,stanley,1.2,335.8739318847656,-333.36956787109375,39.6648063659668,0.02335337440923012,0.35,0.0,-0.031090695815521995,0.4586601257324191,124,-1,5.959195171809476,71.41915653650882
877,43.85,ccurve,247,stanley,1.2,336.1014404296875,-333.1772155761719,39.855140686035156,0.017761303919832785,0.35,0.0,-0.030621959051045658,0.2683258056640621,124,-1,5.95886203235685,71.30084984302356
878,43.900000000000006,ccurve,247,stanley,1.2,336.32843017578125,-332.9842224121094,39.95661163330078,0.01443416140446276,0.35,0.0,-0.029328843786709663,0.16685485839843875,124,-1,5.9599060364458625,71.1828281074114
879,43.95,ccurve,247,stanley,1.2,336.5555725097656,-332.79132080078125,40.10306167602539,0.009879545209503458,0.35,0.0,-0.028204068271136085,0.020404815673825787,124,-1,5.959654608651185,71.06599243487499
880,44.0,ccurve,247,stanley,1.2,336.7823486328125,-332.5979919433594,40.1558723449707,0.031092562495210346,0.35,0.0,-0.029667581186138714,0.74602508544922,125,-1,5.960494851057626,70.94969808682069
881,44.050000000000004,ccurve,247,stanley,1.2,337.008544921875,-332.404052734375,40.318138122558594,0.026959110812898122,0.35,0.0,-0.031187766699865338,0.5837593078613317,125,-1,5.95949877997101,70.83370803995837
882,44.1,ccurve,247,stanley,1.2,337.23370361328125,-332.2088623046875,40.443031311035156,0.02335513840823609,0.35,0.0,-0.03108285632910085,0.4588661193847701,125,-1,5.960089467484459,70.71727215512132
883,44.150000000000006,ccurve,247,stanley,1.2,337.45867919921875,-332.0133972167969,40.633392333984375,0.017774318820706004,0.35,0.0,-0.030650459351223805,0.26850509643555076,125,-1,5.959748492151134,70.60158375708943
884,44.2,ccurve,247,stanley,1.2,337.6830749511719,-331.8172912597656,40.734928131103516,0.014444304061566176,0.35,0.0,-0.029354017617683664,0.1669692993164052,125,-1,5.960783532631274,70.48617398578318
885,44.25,ccurve,247,stanley,1.2,337.9076232910156,-331.62127685546875,40.8814582824707,0.00988662175273369,0.35,0.0,-0.02822668368995468,0.020439147949217626,125,-1,5.96052503597767,70.37197262128211
886,44.300000000000004,ccurve,247,stanley,1.2,338.1318664550781,-331.4248352050781,40.934322357177734,0.0311219387631791,0.35,0.0,-0.029762998005410213,0.7460021972656254,126,-1,5.961355194444017,70.25834702261173
887,44.35,ccurve,247,stanley,1.2,338.35546875,-331.22784423828125,41.09671401977539,0.026999187180214004,0.35,0.0,-0.03132672282563703,0.5836105346679734,126,-1,5.960350306037574,70.14507520414772
888,44.400000000000006,ccurve,247,stanley,1.2,338.5779113769531,-331.0295715332031,41.22181701660156,0.023369526917914454,0.35,0.0,-0.03116201120646561,0.45850753784179926,126,-1,5.960933637325225,70.03129431626544
889,44.45,ccurve,247,stanley,1.2,338.8002014160156,-330.83099365234375,41.41236114501953,0.017763165725584607,0.35,0.0,-0.03066790702788108,0.2679634094238298,126,-1,5.960590038561174,69.91825954153245
890,44.5,ccurve,247,stanley,1.2,339.0219421386719,-330.6318664550781,41.51398468017578,0.014439538515227486,0.35,0.0,-0.029398255700660653,0.1663398742675802,126,-1,5.961620721914922,69.80561140889384
891,44.550000000000004,ccurve,247,stanley,1.2,339.24383544921875,-330.4328308105469,41.660491943359375,0.009891650573493732,0.35,0.0,-0.02829844901858891,0.01983261108398721,126,-1,5.961351336718277,69.69419397395953
892,44.6,ccurve,247,stanley,1.2,339.4653015136719,-330.2334289550781,41.71338653564453,0.031127763401715993,0.35,0.0,-0.029839365910113824,0.7453727722167941,127,-1,5.962177533660434,69.58338343388941
893,44.650000000000006,ccurve,247,stanley,1.2,339.686279296875,-330.0333557128906,41.87580871582031,0.027004966744620856,0.35,0.0,-0.031405764171763606,0.5829505920410181,127,-1,5.96116498750529,69.4728745457952
894,44.7,ccurve,247,stanley,1.2,339.9061279296875,-329.83203125,42.000946044921875,0.023389417904301223,0.35,0.0,-0.03128681403101281,0.4578132629394521,127,-1,5.961743030976576,69.36190068262901
895,44.75,ccurve,247,stanley,1.2,340.12567138671875,-329.6304931640625,42.19157028198242,0.01778461278571484,0.35,0.0,-0.03080424885452887,0.267189025878908,127,-1,5.961388691438809,69.2517235197075
896,44.800000000000004,ccurve,247,stanley,1.2,340.3447265625,-329.4283142089844,42.29330825805664,0.014452726458411586,0.35,0.0,-0.029519255041544623,0.16545104980468567,127,-1,5.96240930223237,69.14188127985364
897,44.85,ccurve,247,stanley,1.2,340.5638732910156,-329.22625732421875,42.43994903564453,0.009890096037690858,0.35,0.0,-0.028386123769966243,0.01881027221679954,127,-1,5.962138614051495,69.03329858286959
898,44.900000000000006,ccurve,247,stanley,1.2,340.78265380859375,-329.02374267578125,42.49290084838867,0.031124587587798885,0.35,0.0,-0.029927594303726712,0.7442893981933585,128,-1,5.962958164346673,68.92527333006498
899,44.95,ccurve,247,stanley,1.2,341.0008850097656,-328.8206481933594,42.65534210205078,0.026990363442451797,0.35,0.0,-0.03146112693111949,0.5818481445312494,128,-1,5.961940289442355,68.81762715723269
900,45.0,ccurve,247,stanley,1.2,341.2179870605469,-328.61639404296875,42.780460357666016,0.02338662051855006,0.35,0.0,-0.031376322702384066,0.45672988891601657,128,-1,5.962513710796471,68.70960624741232
901,45.050000000000004,ccurve,247,stanley,1.2,341.4348449707031,-328.4118347167969,42.9710578918457,0.017785310122940223,0.35,0.0,-0.030901949307594434,0.2661323547363285,128,-1,5.962153130231836,68.60233534439067
902,45.1,ccurve,247,stanley,1.2,341.6510925292969,-328.20660400390625,43.07278060913086,0.014422092020660809,0.35,0.0,-0.029520351374713816,0.16440963745117132,128,-1,5.96317020040061,68.49533960829667
903,45.150000000000006,ccurve,247,stanley,1.2,341.86749267578125,-328.0015563964844,43.219337463378906,0.009858443169013313,0.35,0.0,-0.02837667597253002,0.01785278320312767,128,-1,5.962893274198092,68.389704093384
904,45.2,ccurve,247,stanley,1.2,342.08355712890625,-327.7961120605469,43.27214431762695,0.031119636337667973,0.35,0.0,-0.02998711661147463,0.7434730529785155,129,-1,5.963703927695389,68.28471017471232
905,45.25,ccurve,247,stanley,1.2,342.2989807128906,-327.5900573730469,43.434471130371094,0.026978810268867715,0.35,0.0,-0.03149082917242224,0.5811462402343792,129,-1,5.9626788105950075,68.18004433665936
906,45.300000000000004,ccurve,247,stanley,1.2,342.5132751464844,-327.3827819824219,43.55952072143555,0.02335268332758692,0.35,0.0,-0.03133207742133155,0.4560966491699237,129,-1,5.963246255739534,68.07495303580745
907,45.35,ccurve,247,stanley,1.2,342.7273864746094,-327.17529296875,43.74998474121094,0.0177666698937406,0.35,0.0,-0.03089246692078322,0.26563262939453514,129,-1,5.962878531424224,67.9707376642532
908,45.400000000000006,ccurve,247,stanley,1.2,342.9408874511719,-326.9671936035156,43.85158920288086,0.014432898255835777,0.35,0.0,-0.029589816353218834,0.16402816772461226,129,-1,5.963890609739631,67.86686629853
909,45.45,ccurve,247,stanley,1.2,343.1545104980469,-326.7591857910156,43.998104095458984,0.009867763040803177,0.35,0.0,-0.028437827069704824,0.0175132751464835,129,-1,5.963609400733609,67.76428103760699
910,45.5,ccurve,247,stanley,1.2,343.36785888671875,-326.5508117675781,44.05095291137695,0.031161952741213823,0.35,0.0,-0.030151941640980506,0.743095397949218,130,-1,5.96441518879566,67.66240706977871
911,45.550000000000004,ccurve,247,stanley,1.2,343.58050537109375,-326.3418273925781,44.21343231201172,0.027021377482716106,0.35,0.0,-0.03166976194274512,0.5806159973144492,130,-1,5.963382229861272,67.56084803355202
912,45.6,ccurve,247,stanley,1.2,343.7919921875,-326.1316223144531,44.33871078491211,0.02338649858205379,0.35,0.0,-0.03150426144230976,0.4553375244140607,130,-1,5.963944190422198,67.45885791500675
913,45.650000000000006,ccurve,247,stanley,1.2,344.00323486328125,-325.92120361328125,44.52942657470703,0.01777702088114671,0.35,0.0,-0.031015152803418197,0.2646217346191384,130,-1,5.96356884298063,67.3577361805801
914,45.7,ccurve,247,stanley,1.2,344.21392822265625,-325.7101745605469,44.63120651245117,0.01443610646403932,0.35,0.0,-0.029705885243479335,0.16284179687499478,130,-1,5.964576826299403,67.25699713357216
915,45.75,ccurve,247,stanley,1.2,344.4247131347656,-325.4992370605469,44.77783966064453,0.009858495559596236,0.35,0.0,-0.02852609196571343,0.016208648681638065,130,-1,5.964286138208323,67.15755327996713
916,45.800000000000004,ccurve,247,stanley,1.2,344.6351623535156,-325.2879333496094,44.83070373535156,0.03113108556600741,0.35,0.0,-0.03017613166815547,0.7417755126953137,131,-1,5.96508925117655,67.05881197126637
917,45.85,ccurve,247,stanley,1.2,344.8450012207031,-325.0760192871094,44.99315643310547,0.026989432598798126,0.35,0.0,-0.031688523386712075,0.5793228149414075,131,-1,5.964054649126196,66.96043643804559
918,45.900000000000006,ccurve,247,stanley,1.2,345.0536193847656,-324.86297607421875,45.11833953857422,0.0233624826034571,0.35,0.0,-0.03153875386590255,0.4541397094726587,131,-1,5.964606504527926,66.8616923692126
919,45.95,ccurve,247,stanley,1.2,345.26202392578125,-324.649658203125,45.3089485168457,0.01775426956695331,0.35,0.0,-0.031044165812557506,0.2635307312011734,131,-1,5.964231678198533,66.76379268875408
920,46.0,ccurve,247,stanley,1.2,345.4698791503906,-324.4357604980469,45.41059112548828,0.0144227800320561,0.35,0.0,-0.029751403323569348,0.1618881225585908,131,-1,5.965227875566254,66.66631781043789
921,46.050000000000004,ccurve,247,stanley,1.2,345.6777648925781,-324.2219543457031,45.557098388671875,0.009839895580988158,0.35,0.0,-0.028544522055651056,0.0153808593749978,131,-1,5.964932600414409,66.57013189414185
922,46.1,ccurve,247,stanley,1.2,345.88543701171875,-324.0078125,45.6098518371582,0.031152720606638627,0.35,0.0,-0.03030763535889408,0.7410545349121105,132,-1,5.9657293445447515,66.47474828572201
923,46.150000000000006,ccurve,247,stanley,1.2,346.0924072265625,-323.7930908203125,45.77226257324219,0.027024679251917566,0.35,0.0,-0.03185784001687328,0.5786437988281254,132,-1,5.9646911657474435,66.37972913076389
924,46.2,ccurve,247,stanley,1.2,346.2981262207031,-323.57720947265625,45.89753341674805,0.02339331371068129,0.35,0.0,-0.03170223654504503,0.45337295532226635,132,-1,5.9652361438588555,66.28430580096955
925,46.25,ccurve,247,stanley,1.2,346.503662109375,-323.36102294921875,46.08828353881836,0.01777973358525429,0.35,0.0,-0.031203497021931287,0.2626228332519522,132,-1,5.96485420802184,66.18973295062928
926,46.300000000000004,ccurve,247,stanley,1.2,346.7085876464844,-323.1443176269531,46.19009780883789,0.014441502299929345,0.35,0.0,-0.029905023292827737,0.1608085632324231,132,-1,5.965846043107613,66.0956247289568
927,46.35,ccurve,247,stanley,1.2,346.91363525390625,-322.92767333984375,46.33673858642578,0.009867648742792697,0.35,0.0,-0.028737006179353985,0.014167785644530606,132,-1,5.9655479229061825,66.00284208352336
928,46.400000000000006,ccurve,247,stanley,1.2,347.11834716796875,-322.7107238769531,46.38965606689453,0.03118699641523882,0.35,0.0,-0.030534019740771523,0.7396812438964878,133,-1,5.9663403106655695,65.91084961845667
929,46.45,ccurve,247,stanley,1.2,347.3224182128906,-322.49310302734375,46.552242279052734,0.027038868569678066,0.35,0.0,-0.03203851625631768,0.5770950317382819,133,-1,5.9652916480529425,65.81918217676792
930,46.5,ccurve,247,stanley,1.2,347.5252380371094,-322.2744140625,46.67767333984375,0.023408326082312254,0.35,0.0,-0.03189931633627643,0.45166397094726735,133,-1,5.965836840414065,65.72719704837486
931,46.550000000000004,ccurve,247,stanley,1.2,347.7278137207031,-322.0554504394531,46.86854934692383,0.017789121389045842,0.35,0.0,-0.031394325337220724,0.2607879638671894,133,-1,5.96544911190075,65.6360790187683
932,46.6,ccurve,247,stanley,1.2,347.9298095703125,-321.8359069824219,46.970458984375,0.014439646701974873,0.35,0.0,-0.030069891469807597,0.1588783264160142,133,-1,5.9664435890801935,65.54540051003431
933,46.650000000000006,ccurve,247,stanley,1.2,348.1318359375,-321.6164855957031,47.11716079711914,0.009847311974525845,0.35,0.0,-0.028850873683005263,0.01217651367187379,133,-1,5.966137027184588,65.45607704833246
934,46.7,ccurve,247,stanley,1.2,348.3335876464844,-321.39666748046875,47.1700439453125,0.031170034487786987,0.35,0.0,-0.03065533997633746,0.7377243041992164,134,-1,5.966927209000636,65.36751134369948
935,46.75,ccurve,247,stanley,1.2,348.5346374511719,-321.17633056640625,47.33256912231445,0.027020433681408048,0.35,0.0,-0.03215014596666213,0.5751991271972648,134,-1,5.965869458488088,65.27938559091173
936,46.800000000000004,ccurve,247,stanley,1.2,348.73443603515625,-320.9548645019531,47.457942962646484,0.023374618384688406,0.35,0.0,-0.03195956381807435,0.4498252868652303,134,-1,5.966410223854189,65.19089476770431
937,46.85,ccurve,247,stanley,1.2,348.9340515136719,-320.733154296875,47.648681640625,0.017764266777786645,0.35,0.0,-0.03146945138059645,0.25908660888671337,134,-1,5.966014791339685,65.10334660693661
938,46.900000000000006,ccurve,247,stanley,1.2,349.1330261230469,-320.5108947753906,47.75045394897461,0.014415644279137212,0.35,0.0,-0.030135550197193717,0.15731430053710554,134,-1,5.967004731332751,65.01624709558598
939,46.95,ccurve,247,stanley,1.2,349.3321533203125,-320.2886962890625,47.89701843261719,0.009840203093863475,0.35,0.0,-0.02895579286411043,0.010749816894526148,134,-1,5.966694614076665,64.93053318594782
940,47.0,ccurve,247,stanley,1.2,349.53082275390625,-320.066162109375,47.94981002807617,0.031162086440238157,0.35,0.0,-0.030750263221806462,0.7363853454589792,135,-1,5.967482176678817,64.84555224799522
941,47.050000000000004,ccurve,247,stanley,1.2,349.72882080078125,-319.84307861328125,48.112281799316406,0.026996422361685573,0.35,0.0,-0.03219174986315487,0.5739135742187461,135,-1,5.966421030645641,64.76101196540336
942,47.1,ccurve,247,stanley,1.2,349.9256591796875,-319.6188659667969,48.237548828125,0.023358804968578468,0.35,0.0,-0.03201675848314376,0.448646545410155,135,-1,5.966956776722192,64.67616251513988
943,47.150000000000006,ccurve,247,stanley,1.2,350.12225341796875,-319.39447021484375,48.428226470947266,0.017753786998811506,0.35,0.0,-0.031537508781586454,0.25796890258788596,135,-1,5.966562749405356,64.59229399110095
944,47.2,ccurve,247,stanley,1.2,350.3182067871094,-319.1694641113281,48.529911041259766,0.014397961294394078,0.35,0.0,-0.03017395548896279,0.1562843322753885,135,-1,5.967544481978821,64.5088358007393
945,47.25,ccurve,247,stanley,1.2,350.51434326171875,-318.944580078125,48.6764030456543,0.00983592824037675,0.35,0.0,-0.029028522349615615,0.00979232788085428,135,-1,5.9672328964795875,64.42685355791583
946,47.300000000000004,ccurve,247,stanley,1.2,350.7100830078125,-318.7193298339844,48.72914123535156,0.031180085842691607,0.35,0.0,-0.03088582240341403,0.7354850769042937,136,-1,5.968011335400205,64.34562668590287
947,47.35,ccurve,247,stanley,1.2,350.9051513671875,-318.4935607910156,48.891624450683594,0.02704046957468925,0.35,0.0,-0.03240749646269206,0.5730018615722634,136,-1,5.966943811332845,64.26487919065623
948,47.400000000000006,ccurve,247,stanley,1.2,351.0989074707031,-318.2666931152344,49.0170783996582,0.02339268296767315,0.35,0.0,-0.03221782912210692,0.4475479125976542,136,-1,5.9674776161390755,64.18377368828763
949,47.45,ccurve,247,stanley,1.2,351.2923889160156,-318.03961181640625,49.20793533325195,0.017763484221186003,0.35,0.0,-0.0316805828794184,0.256690979003903,136,-1,5.967074428215143,64.1036232158609
950,47.5,ccurve,247,stanley,1.2,351.4852294921875,-317.81195068359375,49.309810638427734,0.01438986319039613,0.35,0.0,-0.03027942878592943,0.15481567382812597,136,-1,5.968056664726467,64.02392213265885
951,47.550000000000004,ccurve,247,stanley,1.2,351.67822265625,-317.58441162109375,49.45635223388672,0.009806571376444322,0.35,0.0,-0.029073577849687893,0.008274078369141118,136,-1,5.967738071142994,63.94570095333719
952,47.6,ccurve,247,stanley,1.2,351.8708801269531,-317.3564758300781,49.50900650024414,0.03116698345910558,0.35,0.0,-0.03097312216938236,0.734050750732423,137,-1,5.968512517173341,63.868260359312735
953,47.650000000000006,ccurve,247,stanley,1.2,352.0628967285156,-317.1280517578125,49.671409606933594,0.027032680334902345,0.35,0.0,-0.032504098231084244,0.5716476440429673,137,-1,5.9674451764143805,63.791353872806674
954,47.7,ccurve,247,stanley,1.2,352.25360107421875,-316.8985595703125,49.79678726196289,0.023396549291234376,0.35,0.0,-0.03234316473518254,0.4462699890136712,137,-1,5.96797029502694,63.71412131473396
955,47.75,ccurve,247,stanley,1.2,352.4439392089844,-316.6688537597656,49.98762893676758,0.017754041545103166,0.35,0.0,-0.031764082519693315,0.25542831420898515,137,-1,5.96756204308051,63.63780705235732
956,47.800000000000004,ccurve,247,stanley,1.2,352.6336975097656,-316.43853759765625,50.089481353759766,0.014376501444410139,0.35,0.0,-0.030348905158455952,0.15357589721679632,137,-1,5.968539045627485,63.56196681318314
957,47.85,ccurve,247,stanley,1.2,352.8236389160156,-316.2083740234375,50.2359619140625,0.009804541812756213,0.35,0.0,-0.029172077616033187,0.007095336914065764,137,-1,5.968218970974909,63.48766994792992
958,47.900000000000006,ccurve,247,stanley,1.2,353.01312255859375,-315.9778137207031,50.288597106933594,0.031155717056147524,0.35,0.0,-0.031042042961751504,0.7328910827636743,138,-1,5.968989362800588,63.414099274028445
959,47.95,ccurve,247,stanley,1.2,353.2019958496094,-315.7467956542969,50.45096206665039,0.027015455261931155,0.35,0.0,-0.032551688858920375,0.5705261230468783,138,-1,5.967917102572907,63.341117410678635
960,48.0,ccurve,247,stanley,1.2,353.3895568847656,-315.51470947265625,50.576255798339844,0.023374682849041657,0.35,0.0,-0.03236933543128349,0.4452323913574247,138,-1,5.96843795298625,63.26781618861302
961,48.050000000000004,ccurve,247,stanley,1.2,353.5767822265625,-315.2823791503906,50.76700210571289,0.017729052638607003,0.35,0.0,-0.0317724485476574,0.25448608398437844,138,-1,5.968031045560785,63.19544147374574
962,48.1,ccurve,247,stanley,1.2,353.763427734375,-315.0495300292969,50.868717193603516,0.014369035610159791,0.35,0.0,-0.03039846975493582,0.1527709960937506,138,-1,5.969005161175227,63.1236296407409
963,48.150000000000006,ccurve,247,stanley,1.2,353.9502258300781,-314.8167724609375,51.015098571777344,0.009793055337750739,0.35,0.0,-0.029200699345186487,0.0063896179199277045,138,-1,5.9686807232768855,63.05331423190803
964,48.2,ccurve,247,stanley,1.2,354.1366271972656,-314.58367919921875,51.067665100097656,0.031197899387772066,0.35,0.0,-0.03122824964169496,0.7322502136230521,139,-1,5.969446117413107,62.98382567546846
965,48.25,ccurve,247,stanley,1.2,354.32232666015625,-314.3500671386719,51.2301025390625,0.02704089010259328,0.35,0.0,-0.03269335202775042,0.5698127746582046,139,-1,5.968367606514259,62.91483411268545
966,48.300000000000004,ccurve,247,stanley,1.2,354.5067443847656,-314.11541748046875,51.355560302734375,0.02339495872137655,0.35,0.0,-0.03250953241496351,0.44435501098633384,139,-1,5.968883127798971,62.84557366174062
967,48.35,ccurve,247,stanley,1.2,354.69085693359375,-313.88055419921875,51.54644775390625,0.01775886338957398,0.35,0.0,-0.031953782056033844,0.2534675598144586,139,-1,5.968470012346221,62.77729790159054
968,48.400000000000006,ccurve,247,stanley,1.2,354.87432861328125,-313.64520263671875,51.648345947265625,0.014397799956503416,0.35,0.0,-0.03059244305964881,0.1515693664550807,139,-1,5.9694430239654475,62.70958493163144
969,48.45,ccurve,247,stanley,1.2,355.0580139160156,-313.4098815917969,51.7949104309082,0.009824250625553367,0.35,0.0,-0.02941785337389702,0.005004882812501304,139,-1,5.969117619346994,62.64337939603698
970,48.5,ccurve,247,stanley,1.2,355.2412414550781,-313.17425537109375,51.847679138183594,0.03122948872643289,0.35,0.0,-0.031463974849251786,0.7306671142578104,140,-1,5.969877797625257,62.57800094001208
971,48.550000000000004,ccurve,247,stanley,1.2,355.4237365722656,-312.9381103515625,52.01029586791992,0.02705750948164592,0.35,0.0,-0.032899195221189614,0.5680503845214806,140,-1,5.968794727760953,62.51311154838758
972,48.6,ccurve,247,stanley,1.2,355.60498046875,-312.7009582519531,52.13591384887695,0.023411392290512447,0.35,0.0,-0.032728736432984656,0.44243240356445435,140,-1,5.969312194696968,62.44800447737479
973,48.650000000000006,ccurve,247,stanley,1.2,355.785888671875,-312.4635925292969,52.326934814453125,0.01776784594274617,0.35,0.0,-0.03216186140308251,0.25141143798827964,140,-1,5.968895337228731,62.38387728606023
974,48.7,ccurve,247,stanley,1.2,355.9662170410156,-312.2257080078125,52.42890930175781,0.014410784697045266,0.35,0.0,-0.03081922929780001,0.149436950683595,140,-1,5.9698651793620146,62.32034194429154
975,48.75,ccurve,247,stanley,1.2,356.14654541015625,-311.9879150390625,52.5755615234375,0.009797787846225462,0.35,0.0,-0.029532231594569636,0.0027847290039052395,140,-1,5.969529263101439,62.25824218302361
976,48.800000000000004,ccurve,247,stanley,1.2,356.3265075683594,-311.74981689453125,52.62831115722656,0.031214932787330067,0.35,0.0,-0.03161271622869749,0.7284698486328153,141,-1,5.970290624952499,62.19704152383709
977,48.85,ccurve,247,stanley,1.2,356.50579833984375,-311.5111999511719,52.79085922241211,0.027047546842758653,0.35,0.0,-0.03305598794612097,0.5659217834472692,141,-1,5.96920417702025,62.13638075817534
978,48.900000000000006,ccurve,247,stanley,1.2,356.6837463378906,-311.2716064453125,52.91642379760742,0.023387661785128425,0.35,0.0,-0.03283901981726346,0.440357208251955,141,-1,5.969715755759354,62.07547302622813
979,48.95,ccurve,247,stanley,1.2,356.8614501953125,-311.0317687988281,53.10735321044922,0.017749478997523042,0.35,0.0,-0.032280450666003546,0.2494277954101586,141,-1,5.969299225723824,62.015596940074666
980,49.0,ccurve,247,stanley,1.2,357.03851318359375,-310.79144287109375,53.20921325683594,0.014388629424428884,0.35,0.0,-0.030916247904659022,0.1475677490234404,141,-1,5.970260120653659,61.95630865252586
981,49.050000000000004,ccurve,247,stanley,1.2,357.2156066894531,-310.55120849609375,53.355743408203125,0.00977978195744851,0.35,0.0,-0.02963117290060363,0.0010375976562528302,141,-1,5.969924709136424,61.8984912444008
982,49.1,ccurve,247,stanley,1.2,357.3924560546875,-310.3106689453125,53.408355712890625,0.031260475236637206,0.35,0.0,-0.03189367604859966,0.726852416992188,142,-1,5.970681341971308,61.84167037857017
983,49.150000000000006,ccurve,247,stanley,1.2,357.5684814453125,-310.069580078125,53.57096862792969,0.027078138058718604,0.35,0.0,-0.033297157532686875,0.5642395019531262,142,-1,5.969589584532392,61.78527577054858
984,49.2,ccurve,247,stanley,1.2,357.7430725097656,-309.82757568359375,53.69668197631836,0.02338823480238491,0.35,0.0,-0.03300187438414863,0.4385261535644538,142,-1,5.970099816521235,61.728622585441435
985,49.25,ccurve,247,stanley,1.2,357.91748046875,-309.5853271484375,53.88771057128906,0.01773798828684267,0.35,0.0,-0.032415166470898205,0.2474975585937497,142,-1,5.969675646173804,61.67305820425879
986,49.300000000000004,ccurve,247,stanley,1.2,358.0912170410156,-309.3426208496094,53.9896240234375,0.014364188177722509,0.35,0.0,-0.03101617349225061,0.14558410644531297,142,-1,5.970636625771274,61.618094293015666
987,49.35,ccurve,247,stanley,1.2,358.2651062011719,-309.0999450683594,54.136085510253906,0.009766424913741648,0.35,0.0,-0.029758717486786268,-0.0008773803710909047,142,-1,5.970297204063275,61.564656698686
988,49.400000000000006,ccurve,247,stanley,1.2,358.4386291503906,-308.85699462890625,54.188621520996094,0.031252722172089714,0.35,0.0,-0.032031428104271176,0.725017547607419,143,-1,5.971048759937207,61.512169100418305
989,49.45,ccurve,247,stanley,1.2,358.611328125,-308.613525390625,54.35116195678711,0.027060959181306254,0.35,0.0,-0.033400010857698254,0.5624771118164023,143,-1,5.96995327010121,61.46013843090697
990,49.5,ccurve,247,stanley,1.2,358.78271484375,-308.369140625,54.47681427001953,0.023393807882087014,0.35,0.0,-0.03316853755191357,0.43682479858398415,143,-1,5.97045754940034,61.407939247396584
991,49.550000000000004,ccurve,247,stanley,1.2,358.9538269042969,-308.1245422363281,54.66781234741211,0.01774697735839267,0.35,0.0,-0.03258952236085885,0.245826721191404,143,-1,5.970034804259361,61.35680229488014
992,49.6,ccurve,247,stanley,1.2,359.12420654296875,-307.87945556640625,54.76974105834961,0.014353018678273861,0.35,0.0,-0.03113050700553177,0.14389801025390211,143,-1,5.970992980781956,61.3062113190082
993,49.650000000000006,ccurve,247,stanley,1.2,359.2948303222656,-307.63446044921875,54.916194915771484,0.009772232946028003,0.35,0.0,-0.02992389411640367,-0.002555847167972354,143,-1,5.970650408218575,61.257271992761225
994,49.7,ccurve,247,stanley,1.2,359.46502685546875,-307.38916015625,54.96873092651367,0.031260094668557725,0.35,0.0,-0.03220152181699676,0.7233390808105502,144,-1,5.971402995494661,61.2092302836082
995,49.75,ccurve,247,stanley,1.2,359.6343994140625,-307.14337158203125,55.13129806518555,0.027067629960827608,0.35,0.0,-0.03357032694531176,0.5607719421386711,144,-1,5.970304835566474,61.16167483888802
996,49.800000000000004,ccurve,247,stanley,1.2,359.8023986816406,-306.89666748046875,55.25700759887695,0.023382360363981985,0.35,0.0,-0.03328873764858499,0.43506240844726657,144,-1,5.970806740507803,61.11391307100212
997,49.85,ccurve,247,stanley,1.2,359.9701843261719,-306.64971923828125,55.447998046875,0.017730296687201597,0.35,0.0,-0.032693083865824896,0.2440719604492222,144,-1,5.970378840540451,61.06725002117938
998,49.900000000000006,ccurve,247,stanley,1.2,360.1372985839844,-306.4023132324219,55.549869537353516,0.014354699909198488,0.35,0.0,-0.03128483693994172,0.14220046997070673,144,-1,5.971334938019041,61.02120831284294
999,49.95,ccurve,247,stanley,1.2,360.3044738769531,-306.1549987792969,55.6962890625,0.03198367556451759,0.35,0.0,-0.02998087111728054,0.774208068847655,145,-1,5.970987990416715,60.976700526911536
1000,50.0,ccurve,247,stanley,1.2,360.4703063964844,-305.9067687988281,55.80796813964844,0.02916262344827368,0.35,0.0,-0.031105233822060374,0.6625289916992201,145,-1,5.971056493053283,60.93201304164578
1001,50.050000000000004,ccurve,247,stanley,1.2,360.6353759765625,-305.6580505371094,56.015098571777344,0.023317465267742376,0.35,0.0,-0.031323898942362496,0.455398559570315,145,-1,5.970524594990347,60.887862547219704
1002,50.1,ccurve,247,stanley,1.2,360.7995910644531,-305.40869140625,56.14506530761719,0.01932363592164768,0.35,0.0,-0.03047626357251742,0.3254318237304685,145,-1,5.9714864777065095,60.844080165250155
1003,50.150000000000006,ccurve,247,stanley,1.2,360.9637451171875,-305.1593322753906,56.32231521606445,0.01396448925108946,0.35,0.0,-0.029577749204446974,0.14818191528320657,145,-1,5.97105201489684,60.80168666178475
1004,50.2,ccurve,247,stanley,1.2,361.1274108886719,-304.90960693359375,56.40391540527344,0.011135600445572718,0.35,0.0,-0.02806992027057814,0.06658172607421739,145,-1,5.971962720598351,60.760121754475975
1005,50.25,ccurve,247,stanley,1.2,361.29132080078125,-304.6600036621094,56.529380798339844,0.029430998545446355,0.35,0.0,-0.026971836280333172,0.7195472717285161,146,-1,5.971670551735763,60.72026116248717
1006,50.300000000000004,ccurve,247,stanley,1.2,361.4538879394531,-304.4095458984375,56.62236785888672,0.027178328120688267,0.35,0.0,-0.02820029960484227,0.6265602111816401,146,-1,5.9716687865678,60.6802680139635
1007,50.35,ccurve,247,stanley,1.2,361.61578369140625,-304.15863037109375,56.81401824951172,0.021840236273762328,0.35,0.0,-0.028616461638096363,0.4349098205566404,146,-1,5.971200433575773,60.64091056097265
1008,50.400000000000006,ccurve,247,stanley,1.2,361.77667236328125,-303.9071350097656,56.93174362182617,0.018230403395383045,0.35,0.0,-0.02787195572253843,0.31718444824218983,146,-1,5.972065718642073,60.60185469395053
1009,50.45,ccurve,247,stanley,1.2,361.9375305175781,-303.6556091308594,57.099605560302734,0.013176179736707712,0.35,0.0,-0.027085273931189785,0.14932250976562855,146,-1,5.971669100785947,60.564202428448546
1010,50.5,ccurve,247,stanley,1.2,362.0978698730469,-303.4036865234375,57.1742057800293,0.010570637984203126,0.35,0.0,-0.025647641094908025,0.07472229003906539,146,-1,5.9725184183744835,60.52734677600792
1011,50.550000000000004,ccurve,247,stanley,1.2,362.2584533691406,-303.15191650390625,57.29453659057617,0.029049287081401448,0.35,0.0,-0.024660790538414634,0.7328224182128906,147,-1,5.972248958438182,60.49222849875196
1012,50.6,ccurve,247,stanley,1.2,362.4176940917969,-302.89935302734375,57.38385772705078,0.026940726107745998,0.35,0.0,-0.026008899341008723,0.6435012817382786,147,-1,5.972210399539624,60.45702140797334
1013,50.650000000000006,ccurve,247,stanley,1.2,362.57623291015625,-302.6463317871094,57.57301330566406,0.021704794983604964,0.35,0.0,-0.026519189609163815,0.45434570312499706,147,-1,5.971751742423815,60.42243501019365
1014,50.7,ccurve,247,stanley,1.2,362.73382568359375,-302.3927307128906,57.68914794921875,0.01818833301558594,0.35,0.0,-0.025919918626362764,0.33821105957030484,147,-1,5.972594211986538,60.38820334554287
1015,50.75,ccurve,247,stanley,1.2,362.891357421875,-302.1390686035156,57.85615158081055,0.013192592713416032,0.35,0.0,-0.025236552471731843,0.1712074279785078,147,-1,5.97219858155836,60.355343673186184
1016,50.800000000000004,ccurve,247,stanley,1.2,363.04840087890625,-301.8851013183594,57.9304084777832,0.010655690663588777,0.35,0.0,-0.023977381898665384,0.09695053100586302,147,-1,5.973038777816442,60.32337122496544
1017,50.85,ccurve,247,stanley,1.2,363.20562744140625,-301.6312255859375,58.05085372924805,0.029180819505122073,0.35,0.0,-0.023142111738537197,0.754932403564454,148,-1,5.9727671033543,60.293061687498565
1018,50.900000000000006,ccurve,247,stanley,1.2,363.3615417480469,-301.3764953613281,58.14067840576172,0.0270869303173269,0.35,0.0,-0.024578661116187256,0.6651077270507807,148,-1,5.972719926863559,60.26265469469834
1019,50.95,ccurve,247,stanley,1.2,363.51678466796875,-301.1213684082031,58.3305778503418,0.021877882871226984,0.35,0.0,-0.02523541335412033,0.4752082824707013,148,-1,5.972251726974794,60.23293809692881
1020,51.0,ccurve,247,stanley,1.2,363.6710510253906,-300.86566162109375,58.44765853881836,0.018374046109702304,0.35,0.0,-0.02475647827123609,0.35812759399414723,148,-1,5.973091026570307,60.20355859805794
1021,51.050000000000004,ccurve,247,stanley,1.2,363.82525634765625,-300.60992431640625,58.615718841552734,0.013392985592755004,0.35,0.0,-0.024209526410835458,0.19006729125976432,148,-1,5.972686478742128,60.17557958368226
1022,51.1,ccurve,247,stanley,1.2,363.9789733886719,-300.3537902832031,58.691158294677734,0.010851663530894227,0.35,0.0,-0.023039408862712663,0.11462783813477632,148,-1,5.9735253606184955,60.14844199353509
1023,51.150000000000006,ccurve,247,stanley,1.2,364.13287353515625,-300.09783935546875,58.812828063964844,0.029420095910778783,0.35,0.0,-0.022441811331396277,0.7713890075683579,149,-1,5.973244763903681,60.12303194938943
1024,51.2,ccurve,247,stanley,1.2,364.28533935546875,-299.841064453125,58.90401077270508,0.027303249637193976,0.35,0.0,-0.023926634635639626,0.6802062988281207,149,-1,5.973192148948319,60.097449063556695
1025,51.25,ccurve,247,stanley,1.2,364.43707275390625,-299.5838317871094,59.095298767089844,0.02204290164358734,0.35,0.0,-0.024548083554402453,0.48891830444334705,149,-1,5.972711389781711,60.07247743270167
1026,51.300000000000004,ccurve,247,stanley,1.2,364.587890625,-299.3260498046875,59.213626861572266,0.01851422725906455,0.35,0.0,-0.024101902122611294,0.37059020996092756,149,-1,5.9735598963310474,60.04791559714644
1027,51.35,ccurve,247,stanley,1.2,364.7386169433594,-299.0682373046875,59.382747650146484,0.013504973110958907,0.35,0.0,-0.023561317795814635,0.20146942138671,149,-1,5.973145591476193,60.02473706099015
1028,51.400000000000006,ccurve,247,stanley,1.2,364.8888244628906,-298.81005859375,59.459075927734375,0.010937232187974853,0.35,0.0,-0.022387932621925177,0.1251411437988211,149,-1,5.973991461062924,60.002400987992324
1029,51.45,ccurve,247,stanley,1.2,365.03924560546875,-298.5520324707031,59.5814323425293,0.02951831147996385,0.35,0.0,-0.02188841641247241,0.781215667724604,150,-1,5.973704714506244,59.98180648290313
1030,51.5,ccurve,247,stanley,1.2,365.1883239746094,-298.293212890625,59.673240661621094,0.027416939643942397,0.35,0.0,-0.0234747626580801,0.6894073486328034,150,-1,5.973649934608186,59.96113531152266
1031,51.550000000000004,ccurve,247,stanley,1.2,365.3365478515625,-298.0339660644531,59.86521911621094,0.022140437796285665,0.35,0.0,-0.02410713072366226,0.4974288940429695,150,-1,5.973161513166052,59.94099693948658
1032,51.6,ccurve,247,stanley,1.2,365.4838562011719,-297.7742004394531,59.984222412109375,0.01860114557064317,0.35,0.0,-0.023687196901066243,0.37842559814452326,150,-1,5.97400146406955,59.921289906666686
1033,51.650000000000006,ccurve,247,stanley,1.2,365.63116455078125,-297.51434326171875,60.1539306640625,0.013599897590732622,0.35,0.0,-0.02322198946410134,0.2087173461914083,150,-1,5.973587110066519,59.903015366241675
1034,51.7,ccurve,247,stanley,1.2,365.77783203125,-297.2541198730469,60.2308464050293,0.01100558024928814,0.35,0.0,-0.02201866158493282,0.1318016052246093,150,-1,5.974425426611776,59.8854879970175
1035,51.75,ccurve,247,stanley,1.2,365.92474365234375,-296.9940490722656,60.3537483215332,0.02958472102728063,0.35,0.0,-0.021560946374753753,0.7873268127441483,151,-1,5.974134066588822,59.8697337811113
1036,51.800000000000004,ccurve,247,stanley,1.2,366.07037353515625,-296.7331848144531,60.44605255126953,0.02748575999185959,0.35,0.0,-0.023197820586164625,0.6950225830078157,151,-1,5.974076660805032,59.85395858833046
1037,51.85,ccurve,247,stanley,1.2,366.2151184082031,-296.4719543457031,60.638458251953125,0.022214352378522324,0.35,0.0,-0.023882840308516923,0.502616882324221,151,-1,5.973581136011818,59.83872565997852
1038,51.900000000000006,ccurve,247,stanley,1.2,366.35888671875,-296.21014404296875,60.75791549682617,0.018652174128705453,0.35,0.0,-0.02343271651627412,0.38315963745117043,151,-1,5.97442867727561,59.82384413816099
1039,51.95,ccurve,247,stanley,1.2,366.502685546875,-295.94830322265625,60.92802810668945,0.013648295609185932,0.35,0.0,-0.02299459089674738,0.21304702758788915,151,-1,5.97400446947107,59.81046083866296
1040,52.0,ccurve,247,stanley,1.2,366.6458435058594,-295.6861267089844,61.00532150268555,0.011056999676474548,0.35,0.0,-0.021833161226540276,0.1357536315917926,151,-1,5.97484421395302,59.79784459464819
1041,52.050000000000004,ccurve,247,stanley,1.2,366.7892761230469,-295.4241027832031,61.1285514831543,0.02968652942473159,0.35,0.0,-0.02155683701547806,0.7909545898437589,152,-1,5.9745480522956145,59.787032270268085
1042,52.1,ccurve,247,stanley,1.2,366.9312744140625,-295.1612548828125,61.221309661865234,0.02754854799105764,0.35,0.0,-0.023114567673193087,0.6981964111328222,152,-1,5.974483641698606,59.77605659702502
1043,52.150000000000006,ccurve,247,stanley,1.2,367.0724792480469,-294.8980712890625,61.414180755615234,0.022268644064947322,0.35,0.0,-0.023814226635866645,0.5053253173828132,152,-1,5.973984617612194,59.76571738115196
1044,52.2,ccurve,247,stanley,1.2,367.2127380371094,-294.6343078613281,61.53403091430664,0.018709126616534014,0.35,0.0,-0.02340626775641236,0.38547515869140625,152,-1,5.9748238048564355,59.75576009456905
1045,52.25,ccurve,247,stanley,1.2,367.35296630859375,-294.37054443359375,61.704524993896484,0.013695426580545494,0.35,0.0,-0.022971383609360796,0.21498107910156594,152,-1,5.974397231608496,59.747268287125685
1046,52.300000000000004,ccurve,247,stanley,1.2,367.4926452636719,-294.1064147949219,61.78214645385742,0.011117637996196632,0.35,0.0,-0.021879464931908343,0.13735961914063521,152,-1,5.975235128008763,59.739610842472835
1047,52.35,ccurve,247,stanley,1.2,367.6325378417969,-293.8424072265625,61.90574264526367,0.029749909338528235,0.35,0.0,-0.021643280475277582,0.7921943664550886,153,-1,5.974937877292538,59.733693000205555
1048,52.400000000000006,ccurve,247,stanley,1.2,367.7709655761719,-293.5776672363281,61.9989013671875,0.027606339610930623,0.35,0.0,-0.02321891564406403,0.6990356445312597,153,-1,5.974871544572636,59.72763247785203
1049,52.45,ccurve,247,stanley,1.2,367.9086608886719,-293.31256103515625,62.19214630126953,0.022334548386745753,0.35,0.0,-0.02397574600854377,0.5057907104492274,153,-1,5.974366439379604,59.722247267257494
1050,52.5,ccurve,247,stanley,1.2,368.04534912109375,-293.046875,62.31239318847656,0.018764987081302243,0.35,0.0,-0.023571725142034247,0.38554382324218994,153,-1,5.975209246542822,59.71719451093499
1051,52.550000000000004,ccurve,247,stanley,1.2,368.18194580078125,-292.7812194824219,62.48326873779297,0.013728408188660992,0.35,0.0,-0.023100348300053808,0.21466827392579055,153,-1,5.974778553383193,59.713569563052324
1052,52.6,ccurve,247,stanley,1.2,368.3179626464844,-292.5152282714844,62.561222076416016,0.011125154262932303,0.35,0.0,-0.021959754212956706,0.13671493530273873,153,-1,5.975615630967056,59.710769479705604
1053,52.650000000000006,ccurve,247,stanley,1.2,368.45416259765625,-292.2493591308594,62.685001373291016,0.029778114455731888,0.35,0.0,-0.021802363402418035,0.7913665771484356,154,-1,5.9753094117576,59.70968270450289
1054,52.7,ccurve,247,stanley,1.2,368.58905029296875,-291.98272705078125,62.77829360961914,0.02764586049245353,0.35,0.0,-0.023424101558636917,0.6980743408203135,154,-1,5.975238639606202,59.708574977459
1055,52.75,ccurve,247,stanley,1.2,368.7230529785156,-291.71575927734375,62.97175979614258,0.022342467479087746,0.35,0.0,-0.024104067465654383,0.5046081542968714,154,-1,5.974732729904801,59.70802100818563
1056,52.800000000000004,ccurve,247,stanley,1.2,368.8560485839844,-291.4482421875,63.0921745300293,0.018747607670109762,0.35,0.0,-0.023637641699879287,0.38419342041014903,154,-1,5.97556827303045,59.70781519887261
1057,52.85,ccurve,247,stanley,1.2,368.9891052246094,-291.1806945800781,63.263065338134766,0.01372571428031073,0.35,0.0,-0.023212199015126084,0.21330261230467812,154,-1,5.97513026275289,59.70914564725148
1058,52.900000000000006,ccurve,247,stanley,1.2,369.12152099609375,-290.912841796875,63.34099197387695,0.011125034633974518,0.35,0.0,-0.022077057106118625,0.1353759765624951,154,-1,5.975965683931334,59.71126154782407
1059,52.95,ccurve,247,stanley,1.2,369.25421142578125,-290.6451110839844,63.46475601196289,0.029804156081533167,0.35,0.0,-0.021997911859238717,0.7900428771972635,155,-1,5.975660687582666,59.7151729403873
1060,53.0,ccurve,247,stanley,1.2,369.3853759765625,-290.3766784667969,63.55812454223633,0.027644611145493773,0.35,0.0,-0.02354333745173076,0.696674346923822,155,-1,5.975585122319165,59.7188996491801
1061,53.050000000000004,ccurve,247,stanley,1.2,369.51580810546875,-290.10791015625,63.75163650512695,0.02235960655820151,0.35,0.0,-0.024283230239271356,0.5031623840332035,155,-1,5.975075918548703,59.72331500815987
1062,53.1,ccurve,247,stanley,1.2,369.6451721191406,-289.8385925292969,63.87211608886719,0.018764746125567017,0.35,0.0,-0.02382242818641366,0.38268280029297164,155,-1,5.97590927095217,59.72802443642439
1063,53.150000000000006,ccurve,247,stanley,1.2,369.7745666503906,-289.5693054199219,64.04312896728516,0.013741148700531112,0.35,0.0,-0.023402370287619823,0.21166992187499215,155,-1,5.975470430014943,59.7342682940575
1064,53.2,ccurve,247,stanley,1.2,369.9033203125,-289.2996826171875,64.12115478515625,0.011135023666117808,0.35,0.0,-0.022259244301624237,0.13364410400390783,155,-1,5.976305875584943,59.74128355190976
1065,53.25,ccurve,247,stanley,1.2,370.03228759765625,-289.0301818847656,64.2449951171875,0.029852266225012906,0.35,0.0,-0.02230300192946122,0.7882308959960953,156,-1,5.975996243431673,59.75003683030499
1066,53.300000000000004,ccurve,247,stanley,1.2,370.1597900390625,-288.7599792480469,64.33854675292969,0.027684744811863723,0.35,0.0,-0.023840147208275236,0.69467926025391,156,-1,5.975917219938002,59.75865933669585
1067,53.35,ccurve,247,stanley,1.2,370.28656005859375,-288.48944091796875,64.53231048583984,0.022389779832018022,0.35,0.0,-0.02457161976019888,0.5009155273437513,156,-1,5.9754031667265055,59.767968714906786
1068,53.400000000000006,ccurve,247,stanley,1.2,370.4122619628906,-288.2183532714844,64.65301513671875,0.018785890542298175,0.35,0.0,-0.0241029271482596,0.38021087646484814,156,-1,5.97623654411626,59.77757218958581
1069,53.45,ccurve,247,stanley,1.2,370.5378723144531,-287.947265625,64.82422637939453,0.01371337311581016,0.35,0.0,-0.023551237156647864,0.20899963378906608,156,-1,5.975794839605924,59.78858303966238
1070,53.5,ccurve,247,stanley,1.2,370.6629333496094,-287.6759033203125,64.9022445678711,0.01110009918078853,0.35,0.0,-0.022385631686492602,0.1309814453125048,156,-1,5.976623904580806,59.80047213485672
1071,53.550000000000004,ccurve,247,stanley,1.2,370.7882385253906,-287.4046325683594,65.0260009765625,0.029826177502153346,0.35,0.0,-0.022448968785263923,0.7856521606445347,157,-1,5.976313520707154,59.81411213446754
1072,53.6,ccurve,247,stanley,1.2,370.912109375,-287.1327209472656,65.11940002441406,0.02767807656568489,0.35,0.0,-0.02403199614791432,0.6922531127929629,157,-1,5.976230128156531,59.82767175130927
1073,53.650000000000006,ccurve,247,stanley,1.2,371.0351867675781,-286.86041259765625,65.31305694580078,0.022374722776554026,0.35,0.0,-0.02472867469812802,0.4985961914062413,157,-1,5.975712779796413,59.84183662770341
1074,53.7,ccurve,247,stanley,1.2,371.15716552734375,-286.5876770019531,65.43370056152344,0.01876867905389185,0.35,0.0,-0.02424811783279242,0.377952575683586,157,-1,5.976545917325293,59.85631126171871
1075,53.75,ccurve,247,stanley,1.2,371.2791748046875,-286.31494140625,65.60478210449219,0.013732416465835952,0.35,0.0,-0.02379539920811094,0.20687103271483553,157,-1,5.976101360773333,59.87230182540973
1076,53.800000000000004,ccurve,247,stanley,1.2,371.4005126953125,-286.0419006347656,65.68281555175781,0.011110629741958094,0.35,0.0,-0.022605197323323722,0.12883758544921545,157,-1,5.9769318179326145,59.88904288958783
1077,53.85,ccurve,247,stanley,1.2,371.5220642089844,-285.7689514160156,65.80661010742188,0.02984120959209694,0.35,0.0,-0.022684846924718893,0.783477783203115,158,-1,5.976614006563452,59.90750162119164
1078,53.900000000000006,ccurve,247,stanley,1.2,371.6422119140625,-285.4953308105469,65.90007781982422,0.02767913980433772,0.35,0.0,-0.02423141491491293,0.6900100708007723,158,-1,5.976529214119539,59.925895552903526
1079,53.95,ccurve,247,stanley,1.2,371.7615966796875,-285.22137451171875,66.09379577636719,0.022379416058342903,0.35,0.0,-0.024944470916196462,0.49629211425780273,158,-1,5.976014481202488,59.94494210384767
1080,54.0,ccurve,247,stanley,1.2,371.8798828125,-284.9469909667969,66.21443176269531,0.0187787417606723,0.35,0.0,-0.0244795793533299,0.37565612792968317,158,-1,5.976844244749356,59.96429368114179
1081,54.050000000000004,ccurve,247,stanley,1.2,371.99810791015625,-284.67254638671875,66.38558959960938,0.01370993815155509,0.35,0.0,-0.023934427014031645,0.20449829101562603,158,-1,5.976393820363789,59.98504966881891
1082,54.1,ccurve,247,stanley,1.2,372.11572265625,-284.3978271484375,66.463623046875,0.011080224382136272,0.35,0.0,-0.02272004011622658,0.12646484374999323,158,-1,5.9772176786934015,60.00662019171428
1083,54.150000000000006,ccurve,247,stanley,1.2,372.23358154296875,-284.12322998046875,66.58729553222656,0.029861542334499707,0.35,0.0,-0.022944127068711906,0.7812194824218783,159,-1,5.976902680972122,60.02994097590149
1084,54.2,ccurve,247,stanley,1.2,372.35003662109375,-283.8479919433594,66.68071746826172,0.02771030595719866,0.35,0.0,-0.024519728303501048,0.6877975463867247,159,-1,5.97681279695174,60.05320548631808
1085,54.25,ccurve,247,stanley,1.2,372.465576171875,-283.57244873046875,66.87454986572266,0.022374479934014247,0.35,0.0,-0.025132866376925293,0.4939651489257823,159,-1,5.976288586955044,60.076982676013
1086,54.300000000000004,ccurve,247,stanley,1.2,372.58013916015625,-283.2964782714844,66.99529266357422,0.018774781501795842,0.35,0.0,-0.024680232935159935,0.37322235107422574,159,-1,5.977118039357154,60.10117549445763
1087,54.35,ccurve,247,stanley,1.2,372.69464111328125,-283.0204772949219,67.16643524169922,0.013714463748125598,0.35,0.0,-0.02415952086833023,0.20207977294921467,159,-1,5.976664759707346,60.12677614797972
1088,54.400000000000006,ccurve,247,stanley,1.2,372.80853271484375,-282.7441711425781,67.2444839477539,0.011088555426313365,0.35,0.0,-0.022958022550856827,0.1240310668945358,159,-1,5.977490462720163,60.15317695702066
1089,54.45,ccurve,247,stanley,1.2,372.9226989746094,-282.4679870605469,67.3681869506836,0.02990399525236684,0.35,0.0,-0.023288558878560517,0.7787551879882778,160,-1,5.977168602231434,60.18134861833388
1090,54.5,ccurve,247,stanley,1.2,373.03533935546875,-282.1911926269531,67.46176147460938,0.027728704136959815,0.35,0.0,-0.02480427809433236,0.685180664062498,160,-1,5.977073628959567,60.209353707835206
1091,54.550000000000004,ccurve,247,stanley,1.2,373.1470947265625,-281.9140625,67.65571594238281,0.022374995795585623,0.35,0.0,-0.025373628697442828,0.49122619628905984,160,-1,5.976550661834628,60.237884569605946
1092,54.6,ccurve,247,stanley,1.2,373.25787353515625,-281.63653564453125,67.77653503417969,0.018762572264552295,0.35,0.0,-0.024888917830216684,0.37040710449218384,160,-1,5.9773795400315315,60.266835300462134
1093,54.650000000000006,ccurve,247,stanley,1.2,373.3686218261719,-281.35894775390625,67.94769287109375,0.0136968839023755,0.35,0.0,-0.024353163368586922,0.19924926757811395,160,-1,5.976928879106979,60.29720706819993
1094,54.7,ccurve,247,stanley,1.2,373.47882080078125,-281.08111572265625,68.02567291259766,0.011094316391571742,0.35,0.0,-0.023216689686441416,0.12126922607421876,160,-1,5.977753053078621,60.328449541848315
1095,54.75,ccurve,247,stanley,1.2,373.5892639160156,-280.8033447265625,68.14935302734375,0.029949461007498297,0.35,0.0,-0.023665376901740504,0.7760238647461039,161,-1,5.9774274780505765,60.3614074628207
1096,54.800000000000004,ccurve,247,stanley,1.2,373.6981201171875,-280.5250244140625,68.24305725097656,0.027763873427578172,0.35,0.0,-0.025161093076600638,0.6823196411132925,161,-1,5.97733035272805,60.39415202890858
1097,54.85,ccurve,247,stanley,1.2,373.80621337890625,-280.2463684082031,68.43719482421875,0.02243575727199169,0.35,0.0,-0.025824190801169294,0.48818206787109775,161,-1,5.976800172843175,60.427533815477325
1098,54.900000000000006,ccurve,247,stanley,1.2,373.91314697265625,-279.96734619140625,68.55831146240234,0.018793141997827573,0.35,0.0,-0.025273503964513545,0.36706542968750516,161,-1,5.97762593479209,60.46116042267031
1099,54.95,ccurve,247,stanley,1.2,374.02008056640625,-279.6882629394531,68.72974395751953,0.013707511827117238,0.35,0.0,-0.024700869889205834,0.1956329345703133,161,-1,5.977168605045026,60.49622943134879
1100,55.0,ccurve,247,stanley,1.2,374.1263732910156,-279.408935546875,68.80789184570312,0.011060076208132994,0.35,0.0,-0.023442443603617497,0.11748504638672042,161,-1,5.9779913255894055,60.53207312993966
1101,55.050000000000004,ccurve,247,stanley,1.2,374.23291015625,-279.1297302246094,68.93154907226562,0.0299103701460871,0.35,0.0,-0.02387504777732191,0.7722549438476516,162,-1,5.977665368108528,60.56963625691323
1102,55.1,ccurve,247,stanley,1.2,374.33795166015625,-278.8499450683594,69.02513122558594,0.027719690071561047,0.35,0.0,-0.025344707911921838,0.6786727905273487,162,-1,5.977567458438252,60.60706117381514
1103,55.150000000000006,ccurve,247,stanley,1.2,374.4421081542969,-278.56982421875,69.21906280517578,0.022351460054702475,0.35,0.0,-0.02586786370601278,0.4847412109375051,162,-1,5.977039790695455,60.644997955505964
1104,55.2,ccurve,247,stanley,1.2,374.5452575683594,-278.2893371582031,69.33981323242188,0.018720060820219497,0.35,0.0,-0.025319438217213636,0.36399078369140003,162,-1,5.977862397645313,60.683319941566886
1105,55.25,ccurve,247,stanley,1.2,374.6484375,-278.0087890625,69.51078796386719,0.013657918068704623,0.35,0.0,-0.024778464059062394,0.19301605224608664,162,-1,5.977408468485547,60.72310527552365
1106,55.300000000000004,ccurve,247,stanley,1.2,374.7510070800781,-277.72802734375,69.58856964111328,0.01104426422103693,0.35,0.0,-0.023590933717941104,0.11523437499999402,162,-1,5.978223693563072,60.763693461131226
1107,55.35,ccurve,247,stanley,1.2,374.85382080078125,-277.44732666015625,69.71199035644531,0.02994855198025752,0.35,0.0,-0.024166649031930137,0.7702484130859296,163,-1,5.97790229070909,60.80597543707927
1108,55.400000000000006,ccurve,247,stanley,1.2,374.955078125,-277.16607666015625,69.80555725097656,0.02775956800043505,0.35,0.0,-0.025640162614549794,0.6766815185546856,163,-1,5.977796076651942,60.848061710919254
1109,55.45,ccurve,247,stanley,1.2,375.0555114746094,-276.8846130371094,69.9996337890625,0.02242083884939894,0.35,0.0,-0.026265677584893725,0.4826049804687515,163,-1,5.977267483753297,60.890736500075356
1110,55.5,ccurve,247,stanley,1.2,375.15484619140625,-276.60272216796875,70.12066650390625,0.01877994891701382,0.35,0.0,-0.025712946900221363,0.3615722656250014,163,-1,5.978089936596661,60.933687051988
1111,55.550000000000004,ccurve,247,stanley,1.2,375.2541198730469,-276.32080078125,70.29203796386719,0.013680373233892077,0.35,0.0,-0.02509249236938227,0.19020080566405745,163,-1,5.9776328115827155,60.97800666781576
1112,55.6,ccurve,247,stanley,1.2,375.3528137207031,-276.03863525390625,70.37007904052734,0.011039256841283833,0.35,0.0,-0.023843955140953638,0.11215972900390161,163,-1,5.978453039771453,61.02314353917273
1113,55.650000000000006,ccurve,247,stanley,1.2,375.4517517089844,-275.7565612792969,70.4936294555664,0.029964611399717782,0.35,0.0,-0.02449504151757209,0.7670440673828056,164,-1,5.9781250090357805,61.06996675389558
1114,55.7,ccurve,247,stanley,1.2,375.5491638183594,-275.4739685058594,70.58724975585938,0.027770200584478096,0.35,0.0,-0.02595671579986135,0.6734237670898366,164,-1,5.978014670950232,61.116623748060015
1115,55.75,ccurve,247,stanley,1.2,375.6457214355469,-275.19110107421875,70.78144073486328,0.02240807590080691,0.35,0.0,-0.02652095699692322,0.47923278808592984,164,-1,5.9774798967808715,61.163817556966436
1116,55.800000000000004,ccurve,247,stanley,1.2,375.7412109375,-274.90789794921875,70.90248107910156,0.018766184399998182,0.35,0.0,-0.02596585788006782,0.3581924438476567,164,-1,5.978302665967827,61.21132600275464
1117,55.85,ccurve,247,stanley,1.2,375.8366394042969,-274.6246337890625,71.07379150390625,0.013664413869118937,0.35,0.0,-0.025333350740061072,0.18688201904296065,164,-1,5.97783963795448,61.26018580407844
1118,55.900000000000006,ccurve,247,stanley,1.2,375.931396484375,-274.3411865234375,71.15174102783203,0.01100009852929428,0.35,0.0,-0.02400622207287706,0.10893249511718305,164,-1,5.978656771075252,61.30977245091262
1119,55.95,ccurve,247,stanley,1.2,376.02642822265625,-274.05780029296875,71.27515411376953,0.029936492809918544,0.35,0.0,-0.024679655160731506,0.7639465332031313,165,-1,5.978331892621052,61.36105538618238
1120,56.0,ccurve,247,stanley,1.2,376.1199951171875,-273.7738952636719,71.36859893798828,0.027746502833046055,0.35,0.0,-0.02613957662437924,0.6705017089843704,165,-1,5.978222331284746,61.412226105597476
1121,56.050000000000004,ccurve,247,stanley,1.2,376.212646484375,-273.48974609375,71.56263732910156,0.02237213631030754,0.35,0.0,-0.026653301845636607,0.47646331787108975,165,-1,5.977687480857962,61.463867489107706
1122,56.1,ccurve,247,stanley,1.2,376.3042907714844,-273.2052307128906,71.68350219726562,0.01873457922900523,0.35,0.0,-0.02609609714868385,0.3555984497070373,165,-1,5.978501764324276,61.51587051859654
1123,56.150000000000006,ccurve,247,stanley,1.2,376.3958435058594,-272.9206848144531,71.85462188720703,0.01363129473414985,0.35,0.0,-0.02544239069926825,0.1844787597656208,165,-1,5.978044253276613,61.569186085521004
1124,56.2,ccurve,247,stanley,1.2,376.48681640625,-272.6359558105469,71.93238067626953,0.010993922107191105,0.35,0.0,-0.024180643364627746,0.10671997070312274,165,-1,5.978860159954839,61.623307320219816
1125,56.25,ccurve,247,stanley,1.2,376.5780029296875,-272.351318359375,72.05563354492188,0.029964592211943003,0.35,0.0,-0.0249444580098232,0.7618942260742075,166,-1,5.978530991123154,61.67905270980329
1126,56.300000000000004,ccurve,247,stanley,1.2,376.6676330566406,-272.066162109375,72.14912414550781,0.02775036412379892,0.35,0.0,-0.026334621290802593,0.6684036254882703,166,-1,5.978417719427061,61.73458905655564
1127,56.35,ccurve,247,stanley,1.2,376.7564392089844,-271.78076171875,72.34318542480469,0.022380967862636925,0.35,0.0,-0.02686546195672257,0.474342346191395,166,-1,5.977882955572701,61.79067558164775
1128,56.400000000000006,ccurve,247,stanley,1.2,376.8442077636719,-271.4950256347656,72.464111328125,0.018740866142647916,0.35,0.0,-0.026305845093719152,0.35341644287108187,166,-1,5.978700616752447,61.84708852335106
1129,56.45,ccurve,247,stanley,1.2,376.9318542480469,-271.2092590332031,72.6352767944336,0.013625925560892805,0.35,0.0,-0.02562059069047666,0.18225097656248898,166,-1,5.978239130930787,61.90476886423702
1130,56.5,ccurve,247,stanley,1.2,377.0190124511719,-270.92327880859375,72.71305847167969,0.011003320567284949,0.35,0.0,-0.024405740002008403,0.10446929931639636,166,-1,5.979048886228865,61.96333084825581
1131,56.550000000000004,ccurve,247,stanley,1.2,377.10638427734375,-270.6373596191406,72.83634185791016,0.030028178879651986,0.35,0.0,-0.025336470122208715,0.759620666503912,167,-1,5.978716721756813,62.023496955428236
1132,56.6,ccurve,247,stanley,1.2,377.1921691894531,-270.3509826660156,72.92998504638672,0.027818573452084366,0.35,0.0,-0.026753983054536287,0.6659774780273485,167,-1,5.978597831603286,62.08342382390566
1133,56.650000000000006,ccurve,247,stanley,1.2,377.2770690917969,-270.06439208984375,73.1244125366211,0.02243129016959295,0.35,0.0,-0.027262182278118705,0.471549987792973,167,-1,5.978056947381666,62.143831472686394
1134,56.7,ccurve,247,stanley,1.2,377.3609313964844,-269.7774658203125,73.24567413330078,0.018774242467161518,0.35,0.0,-0.02668021737159723,0.3502883911132901,167,-1,5.978874611063335,62.2045562555778
1135,56.75,ccurve,247,stanley,1.2,377.4446716308594,-269.4905090332031,73.4171142578125,0.013644108661659002,0.35,0.0,-0.025972532696957804,0.17884826660156242,167,-1,5.978407482427704,62.26653297823062
1136,56.800000000000004,ccurve,247,stanley,1.2,377.52783203125,-269.203369140625,73.49508666992188,0.010982934335117895,0.35,0.0,-0.024656906073207446,0.10087585449219025,167,-1,5.979222649988086,62.32929075567248
1137,56.85,ccurve,247,stanley,1.2,377.61126708984375,-268.916259765625,73.61843872070312,0.030012643322069953,0.35,0.0,-0.025609050979596787,0.7559509277343738,168,-1,5.978891110945828,62.39369374537779
1138,56.900000000000006,ccurve,247,stanley,1.2,377.693115234375,-268.6287536621094,73.7120361328125,0.0277931196237699,0.35,0.0,-0.026992414730139094,0.6623535156249994,168,-1,5.978768259842894,62.457854108982
1139,56.95,ccurve,247,stanley,1.2,377.7740783691406,-268.3410339355469,73.90634155273438,0.022397925113639812,0.35,0.0,-0.02746593723473971,0.4680480957031197,168,-1,5.978231900774204,62.52248260115505
1140,57.0,ccurve,247,stanley,1.2,377.85400390625,-268.052978515625,74.0274658203125,0.018733572402273586,0.35,0.0,-0.026849790228353244,0.3469238281250041,168,-1,5.979046198461062,62.58741885857251
1141,57.050000000000004,ccurve,247,stanley,1.2,377.9338684082031,-267.7649230957031,74.19872283935547,0.013619439409946869,0.35,0.0,-0.026174863786696437,0.17566680908203297,168,-1,5.978582660173955,62.65365317093166
1142,57.1,ccurve,247,stanley,1.2,378.01312255859375,-267.4766845703125,74.27652740478516,0.010964254214040216,0.35,0.0,-0.024862823477031865,0.09786224365234576,168,-1,5.979389429084765,62.72062498455201
1143,57.150000000000006,ccurve,247,stanley,1.2,378.0925598144531,-267.1884765625,74.39970397949219,0.02999876074485109,0.35,0.0,-0.025814319107747535,0.75311279296875,169,-1,5.979056207273019,62.78913267352437
1144,57.2,ccurve,247,stanley,1.2,378.1705017089844,-266.8998718261719,74.49322509765625,0.027782600157302238,0.35,0.0,-0.02720133188054362,0.659591674804695,169,-1,5.978936182072179,62.857480667336155
1145,57.25,ccurve,247,stanley,1.2,378.24755859375,-266.6110534667969,74.68743133544922,0.022391323640558278,0.35,0.0,-0.027678143808441184,0.4653854370117294,169,-1,5.978398694094743,62.92628432037457
1146,57.300000000000004,ccurve,247,stanley,1.2,378.3235778808594,-266.3219299316406,74.80848693847656,0.018732808458990363,0.35,0.0,-0.0270738018561223,0.34432983398438477,169,-1,5.979212305073776,62.995387305742476
1147,57.35,ccurve,247,stanley,1.2,378.3995361328125,-266.0328063964844,74.97970581054688,0.01362358740136313,0.35,0.0,-0.02641046254659303,0.17311096191406697,169,-1,5.97874667905307,63.06577067296365
1148,57.400000000000006,ccurve,247,stanley,1.2,378.47479248046875,-265.74346923828125,75.0574951171875,0.010941075637414192,0.35,0.0,-0.025013914463796416,0.09532165527343857,169,-1,5.979554945249528,63.13678646545718
1149,57.45,ccurve,247,stanley,1.2,378.55029296875,-265.4542236328125,75.18062591552734,0.030020812084193927,0.35,0.0,-0.026098466056492187,0.7506256103515677,170,-1,5.979223997349997,63.20938135541425
1150,57.5,ccurve,247,stanley,1.2,378.62432861328125,-265.16455078125,75.2741470336914,0.027808761250348146,0.35,0.0,-0.027497987711973856,0.6571044921875,170,-1,5.979096491396935,63.28183891400588
1151,57.550000000000004,ccurve,247,stanley,1.2,378.6974792480469,-264.8747253417969,75.46847534179688,0.022422933107732284,0.35,0.0,-0.02800195371711487,0.4627761840820386,170,-1,5.978552690678224,63.35473977836196
1152,57.6,ccurve,247,stanley,1.2,378.76953125,-264.5845947265625,75.58968353271484,0.018749683358928456,0.35,0.0,-0.027366056727091158,0.3415679931640677,170,-1,5.979365742014278,63.427868745660035
1153,57.650000000000006,ccurve,247,stanley,1.2,378.8415222167969,-264.29443359375,75.76103973388672,0.013623688130879101,0.35,0.0,-0.026663536950679453,0.17021179199219527,170,-1,5.978893900831452,63.50226010939667
1154,57.7,ccurve,247,stanley,1.2,378.9128723144531,-264.0041198730469,75.83892059326172,0.010950153799353254,0.35,0.0,-0.025302279089569474,0.09233093261718865,170,-1,5.979702331427966,63.57733172601838
1155,57.75,ccurve,247,stanley,1.2,378.9844970703125,-263.7138671875,75.96209716796875,0.030064416336667406,0.35,0.0,-0.02649655823387337,0.7475814819335929,171,-1,5.979366211819847,63.65399227221323
1156,57.800000000000004,ccurve,247,stanley,1.2,379.0545349121094,-263.4232482910156,76.05577850341797,0.027832514752833794,0.35,0.0,-0.02784960300580129,0.653900146484376,171,-1,5.979235740789623,63.73038541386212
1157,57.85,ccurve,247,stanley,1.2,379.1236572265625,-263.1324157714844,76.25028228759766,0.022411771053615647,0.35,0.0,-0.02826253153691778,0.4593963623046811,171,-1,5.978690071222723,63.807178616463325
1158,57.900000000000006,ccurve,247,stanley,1.2,379.19171142578125,-262.84130859375,76.3715591430664,0.018718870450050128,0.35,0.0,-0.027572811500559638,0.3381195068359393,171,-1,5.979503505827692,63.884219908600095
1159,57.95,ccurve,247,stanley,1.2,379.25970458984375,-262.5502014160156,76.54287719726562,0.01357866224286866,0.35,0.0,-0.026823690968603056,0.16680145263672022,171,-1,5.979033893014963,63.96250472607884
1160,58.0,ccurve,247,stanley,1.2,379.3271789550781,-262.2589111328125,76.62054443359375,0.010932636911424591,0.35,0.0,-0.025527572961058398,0.08913421630858767,171,-1,5.97983981842971,64.04157869664053
1161,58.050000000000004,ccurve,247,stanley,1.2,379.3948669433594,-261.9676818847656,76.74356079101562,0.030098510023366016,0.35,0.0,-0.026865036897567668,0.7445449829101538,172,-1,5.979504148942922,64.1221599664795
1162,58.1,ccurve,247,stanley,1.2,379.46099853515625,-261.6761169433594,76.83724212646484,0.027880632071534624,0.35,0.0,-0.028260778910157977,0.650863647460937,172,-1,5.979370731124736,64.2024953319145
1163,58.150000000000006,ccurve,247,stanley,1.2,379.5262145996094,-261.38433837890625,77.03189849853516,0.022469584571240424,0.35,0.0,-0.028716456603515794,0.4562072753906286,172,-1,5.978824185273588,64.2832185533887
1164,58.2,ccurve,247,stanley,1.2,379.59033203125,-261.09234619140625,77.15348052978516,0.01877668394590868,0.35,0.0,-0.028053313070662368,0.3346252441406218,172,-1,5.979635295728135,64.36414552017052
1165,58.25,ccurve,247,stanley,1.2,379.65435791015625,-260.8003234863281,77.32510375976562,0.013624485199094167,0.35,0.0,-0.027294179686556896,0.16300201416016308,172,-1,5.979165487142393,64.4462682306602
1166,58.300000000000004,ccurve,247,stanley,1.2,379.71771240234375,-260.5081481933594,77.40308380126953,0.010919733244913746,0.35,0.0,-0.025846547321382612,0.08502197265625516,172,-1,5.979976394951249,64.52901224325254
1167,58.35,ccurve,247,stanley,1.2,379.7813720703125,-260.2160339355469,77.52625274658203,0.030093430486937193,0.35,0.0,-0.02722043570014153,0.7402877807617182,173,-1,5.9796377148666275,64.61333348520354
1168,58.400000000000006,ccurve,247,stanley,1.2,379.8434143066406,-259.923583984375,77.61995697021484,0.027834721139918018,0.35,0.0,-0.028493890716547066,0.6465835571289068,173,-1,5.979501879246807,64.69734001541899
1169,58.45,ccurve,247,stanley,1.2,379.9046325683594,-259.6309509277344,77.81451416015625,0.022417894393453815,0.35,0.0,-0.02892335255115846,0.45202636718749967,173,-1,5.978957542074906,64.78181115560442
1170,58.5,ccurve,247,stanley,1.2,379.9647521972656,-259.3381042480469,77.93584442138672,0.01872347309995472,0.35,0.0,-0.028233696170760735,0.330696105957033,173,-1,5.979768899549742,64.86647426039555
1171,58.550000000000004,ccurve,247,stanley,1.2,380.0248107910156,-259.04522705078125,78.10719299316406,0.01358028794607852,0.35,0.0,-0.02747807398390617,0.15934753417968361,173,-1,5.979297505982103,64.95234500776661
1172,58.6,ccurve,247,stanley,1.2,380.0842590332031,-258.752197265625,78.1849136352539,0.010903775891233248,0.35,0.0,-0.02609382386939868,0.0816268920898389,173,-1,5.980104330545382,65.03888371395047
1173,58.650000000000006,ccurve,247,stanley,1.2,380.1439514160156,-258.4591979980469,78.3078384399414,0.030110435156026277,0.35,0.0,-0.02754750241258795,0.7371292114257706,174,-1,5.979766561810989,65.1269200303335
1174,58.7,ccurve,247,stanley,1.2,380.2020568847656,-258.16595458984375,78.40149688720703,0.027868002319880323,0.35,0.0,-0.02886654987076019,0.6434707641601483,174,-1,5.979631993419898,65.21465570886704
1175,58.75,ccurve,247,stanley,1.2,380.25927734375,-257.87249755859375,78.59615325927734,0.022441818381398762,0.35,0.0,-0.029276118811566013,0.4488143920898399,174,-1,5.979085017786479,65.3027854516058
1176,58.800000000000004,ccurve,247,stanley,1.2,380.3154296875,-257.5788269042969,78.71762084960938,0.018746742398802058,0.35,0.0,-0.02859644056415315,0.3273468017578059,174,-1,5.979895169499629,65.39112628442828
1177,58.85,ccurve,247,stanley,1.2,380.3714294433594,-257.28515625,78.88909912109375,0.013575607126131962,0.35,0.0,-0.02776695509103004,0.15586853027343758,174,-1,5.979419573483587,65.48056163203377
1178,58.900000000000006,ccurve,247,stanley,1.2,380.42681884765625,-256.9913330078125,78.9668960571289,0.010872786902586149,0.35,0.0,-0.026309243137746685,0.07807159423827344,174,-1,5.980222639203645,65.57065081382686
1179,58.95,ccurve,247,stanley,1.2,380.48248291015625,-256.69757080078125,79.08979797363281,0.03010674298569367,0.35,0.0,-0.027843367092357463,0.7336044311523482,175,-1,5.979881849533958,65.66224271079716
1180,59.0,ccurve,247,stanley,1.2,380.53656005859375,-256.4035339355469,79.18338775634766,0.027851861573106124,0.35,0.0,-0.029118529432586797,0.6400146484375095,175,-1,5.979739529420938,65.75352890580938
1181,59.050000000000004,ccurve,247,stanley,1.2,380.5897521972656,-256.1093444824219,79.37796020507812,0.02241741866472758,0.35,0.0,-0.02949564546294229,0.4454421997070309,175,-1,5.979192548631303,65.84518954899622
1182,59.1,ccurve,247,stanley,1.2,380.6418762207031,-255.81494140625,79.49929809570312,0.018715444110621357,0.35,0.0,-0.028783706498139182,0.32410430908204124,175,-1,5.980003594682831,65.93705011538192
1183,59.150000000000006,ccurve,247,stanley,1.2,380.6939392089844,-255.5205078125,79.6706771850586,0.013564261486015512,0.35,0.0,-0.028006300661883796,0.1527252197265615,175,-1,5.979527993903756,66.03008063207871
1184,59.2,ccurve,247,stanley,1.2,380.7453308105469,-255.22596740722656,79.74832916259766,0.010865785477018811,0.35,0.0,-0.02654919870769351,0.07507324218750047,175,-1,5.980328482388605,66.12368396648915
1185,59.25,ccurve,247,stanley,1.2,380.79705810546875,-254.93145751953125,79.87113189697266,0.03014627337877443,0.35,0.0,-0.028217041058201997,0.7306976318359407,176,-1,5.979990513578276,66.21883219457129
1186,59.300000000000004,ccurve,247,stanley,1.2,380.84716796875,-254.63668823242188,79.96478271484375,0.02789881016173046,0.35,0.0,-0.029520107049053,0.6370468139648415,176,-1,5.979847656056584,66.31363490815158
1187,59.35,ccurve,247,stanley,1.2,380.8963623046875,-254.34181213378906,80.1595458984375,0.022460664029648924,0.35,0.0,-0.029902492745161425,0.442283630371096,176,-1,5.979297361256334,66.4087618352853
1188,59.400000000000006,ccurve,247,stanley,1.2,380.9444580078125,-254.0467071533203,80.28117370605469,0.01874155040644713,0.35,0.0,-0.02916361702786307,0.3206558227539001,176,-1,5.980104490182163,66.50405039383234
1189,59.45,ccurve,247,stanley,1.2,380.9924621582031,-253.75161743164062,80.45271301269531,0.013569607537169539,0.35,0.0,-0.02833690912980512,0.1491165161132839,176,-1,5.979629441297802,66.60045214815366
1190,59.5,ccurve,247,stanley,1.2,381.039794921875,-253.4563751220703,80.53050994873047,0.010848290351074114,0.35,0.0,-0.026822909527125377,0.07131958007811973,176,-1,5.980432997264579,66.69741969609842
1191,59.550000000000004,ccurve,247,stanley,1.2,381.08740234375,-253.1611785888672,80.6533432006836,0.03013141431739311,0.35,0.0,-0.028501428969460785,0.7269134521484424,177,-1,5.9800914576158215,66.79584727021779
1192,59.6,ccurve,247,stanley,1.2,381.1334228515625,-252.86575317382812,80.74695587158203,0.02785890139727927,0.35,0.0,-0.029724932425318734,0.6333007812500092,177,-1,5.979947858785141,66.89394721390904
1193,59.650000000000006,ccurve,247,stanley,1.2,381.1785583496094,-252.5702362060547,80.94158172607422,0.02240903475970761,0.35,0.0,-0.030059700920844527,0.43867492675781844,177,-1,5.979400566639579,66.99238510086185
1194,59.7,ccurve,247,stanley,1.2,381.2225646972656,-252.27450561523438,81.06295013427734,0.01867276883798762,0.35,0.0,-0.02924605603372736,0.31730651855468567,177,-1,5.980208402174936,67.09094222403596
1195,59.75,ccurve,247,stanley,1.2,381.26654052734375,-251.978759765625,81.2341537475586,0.013504053307537223,0.35,0.0,-0.02839995134382134,0.1461029052734394,177,-1,5.9797326374244655,67.19065823790638
1196,59.800000000000004,ccurve,247,stanley,1.2,381.30999755859375,-251.6829376220703,81.31156921386719,0.010840780864975454,0.35,0.0,-0.027029473130267212,0.06868743896484701,177,-1,5.980537132397863,67.29106150417921
1197,59.85,ccurve,247,stanley,1.2,381.3536682128906,-251.3871612548828,81.43415069580078,0.030189617726910367,0.35,0.0,-0.02888550005983706,0.7245407104492202,178,-1,5.980195451882897,67.39284176024002
1198,59.900000000000006,ccurve,247,stanley,1.2,381.3956604003906,-251.09112548828125,81.52778625488281,0.02791249000361304,0.35,0.0,-0.030096937979574443,0.6309051513671924,178,-1,5.980047728021646,67.49420363354992
1199,59.95,ccurve,247,stanley,1.2,381.4367370605469,-250.7949676513672,81.72266387939453,0.022440018756935978,0.35,0.0,-0.030384754945025967,0.4360275268554742,178,-1,5.979498118771451,67.59586648473142
1200,60.0,ccurve,247,stanley,1.2,381.47674560546875,-250.49867248535156,81.84427642822266,0.018704852418568285,0.35,0.0,-0.029595708048514892,0.31441497802734975,178,-1,5.980302808463443,67.69768309075326
1201,60.050000000000004,ccurve,247,stanley,1.2,381.5167236328125,-250.20236206054688,82.01569366455078,0.01353817501827508,0.35,0.0,-0.02877434716717829,0.14299774169921667,178,-1,5.97982728019285,67.8006387912054
1202,60.1,ccurve,247,stanley,1.2,381.5560607910156,-249.9059295654297,82.09335327148438,0.010834282280816523,0.35,0.0,-0.027301455407971034,0.06533813476563259,178,-1,5.9806301881477015,67.90415708499839
1203,60.150000000000006,ccurve,247,stanley,1.2,381.59564208984375,-249.6095428466797,82.21601104736328,0.03018412542798285,0.35,0.0,-0.029167868547776997,0.7211074829101505,179,-1,5.980290202203703,68.00906014449185
1204,60.2,ccurve,247,stanley,1.2,381.6336669921875,-249.31295776367188,82.30970001220703,0.027924272087195886,0.35,0.0,-0.030436550416299113,0.6274185180663979,179,-1,5.980141824672198,68.11364514579297
1205,60.25,ccurve,247,stanley,1.2,381.6706848144531,-249.0162811279297,82.50459289550781,0.02244157501736694,0.35,0.0,-0.030694536934000503,0.4325256347656209,179,-1,5.979591583079513,68.21842265757897
1206,60.300000000000004,ccurve,247,stanley,1.2,381.7066650390625,-248.71946716308594,82.62622833251953,0.018705881094152468,0.35,0.0,-0.029905913499116175,0.31089019775390186,179,-1,5.980398296748699,68.32337259205194
1207,60.35,ccurve,247,stanley,1.2,381.7425842285156,-248.42263793945312,82.79767608642578,0.013528583508028923,0.35,0.0,-0.029054841855724642,0.1394424438476512,179,-1,5.979923442142106,68.42941239276979
1208,60.400000000000006,ccurve,247,stanley,1.2,381.7778015136719,-248.12571716308594,82.87528991699219,0.010797746699804683,0.35,0.0,-0.02749593490902555,0.06182861328124353,179,-1,5.980723752049831,68.53593462486968
1209,60.45,ccurve,247,stanley,1.2,381.8132629394531,-247.82882690429688,82.99784851074219,0.03016461866584366,0.35,0.0,-0.029405578829585236,0.7176971435546882,180,-1,5.980382893977653,68.64382276724052
1210,60.5,ccurve,247,stanley,1.2,381.84716796875,-247.53175354003906,83.09140014648438,0.02788029666202334,0.35,0.0,-0.03058783862982302,0.624145507812503,180,-1,5.980234616169186,68.75138284783449
1211,60.550000000000004,ccurve,247,stanley,1.2,381.8802185058594,-247.23455810546875,83.28610229492188,0.022423274476904988,0.35,0.0,-0.030907378768341917,0.42944335937500544,180,-1,5.979683492156615,68.85927899529167
1212,60.6,ccurve,247,stanley,1.2,381.9121398925781,-246.93728637695312,83.40757751464844,0.018684751227162042,0.35,0.0,-0.030096202440437446,0.3079681396484356,180,-1,5.980486548394584,68.96723290742273
1213,60.650000000000006,ccurve,247,stanley,1.2,381.9439697265625,-246.6399688720703,83.578857421875,0.013493832173147506,0.35,0.0,-0.029189012653945717,0.13668823242188263,180,-1,5.9800068101912816,69.07623605584175
1214,60.7,ccurve,247,stanley,1.2,381.9752197265625,-246.34255981445312,83.6562728881836,0.010790127864268667,0.35,0.0,-0.02769545149838011,0.05927276611327754,180,-1,5.980806450344889,69.18582600592127
1215,60.75,ccurve,247,stanley,1.2,382.0067443847656,-246.045166015625,83.7787094116211,0.03023203432143029,0.35,0.0,-0.02982224846992458,0.7152709960937538,181,-1,5.9804610399559985,69.2967932313635
1216,60.800000000000004,ccurve,247,stanley,1.2,382.0365905761719,-245.74765014648438,83.8723373413086,0.027938806416480527,0.35,0.0,-0.03098398739665463,0.6216430664062491,181,-1,5.9803030728911475,69.40729255813218
1217,60.85,ccurve,247,stanley,1.2,382.0655517578125,-245.4500732421875,84.06735229492188,0.02245821545711273,0.35,0.0,-0.03125894354043994,0.42662811279296353,181,-1,5.979749794631661,69.51807004066586
1218,60.900000000000006,ccurve,247,stanley,1.2,382.0933837890625,-245.15237426757812,84.18909454345703,0.018695785070421307,0.35,0.0,-0.03039824636767242,0.30488586425780745,181,-1,5.9805528452854215,69.6289073485646
1219,60.95,ccurve,247,stanley,1.2,382.1212158203125,-244.8546600341797,84.36054992675781,0.013514652309956337,0.35,0.0,-0.029536085109058766,0.13343048095703375,181,-1,5.9800747783726855,69.74085479298489
1220,61.0,ccurve,247,stanley,1.2,382.1484375,-244.55686950683594,84.43811798095703,0.010812012381147816,0.35,0.0,-0.028059067945655644,0.055862426757815206,181,-1,5.980874707745887,69.8533413414029
1221,61.050000000000004,ccurve,247,stanley,1.2,382.1759033203125,-244.2590789794922,84.56067657470703,0.03025525275977583,0.35,0.0,-0.030201214356838275,0.7117309570312599,182,-1,5.980529505102336,69.96715829292071
1222,61.1,ccurve,247,stanley,1.2,382.20172119140625,-243.961181640625,84.65445709228516,0.027962937470104532,0.35,0.0,-0.031379008523945276,0.617950439453129,182,-1,5.980371473598365,70.08052635183753
1223,61.150000000000006,ccurve,247,stanley,1.2,382.2265930175781,-243.66323852539062,84.8496322631836,0.022463404664040936,0.35,0.0,-0.03161020357482249,0.4227752685546942,182,-1,5.979818032167349,70.19409751466833
1224,61.2,ccurve,247,stanley,1.2,382.25042724609375,-243.3651885986328,84.97145080566406,0.01871488232771607,0.35,0.0,-0.030798527831235642,0.3009567260742187,182,-1,5.980621887583173,70.30780200113513
1225,61.25,ccurve,247,stanley,1.2,382.274169921875,-243.06712341308594,85.1430435180664,0.01351604301697522,0.35,0.0,-0.02989435322706424,0.12936401367187764,182,-1,5.980141607460565,70.4225101440404
1226,61.300000000000004,ccurve,247,stanley,1.2,382.29730224609375,-242.76901245117188,85.22065734863281,0.010799206162585668,0.35,0.0,-0.028378130773901153,0.051750183105469964,182,-1,5.9809432530595465,70.53773430623762
1227,61.35,ccurve,247,stanley,1.2,382.3207092285156,-242.47091674804688,85.34320068359375,0.030300286456942584,0.35,0.0,-0.03069504861102078,0.7076339721679734,183,-1,5.980596807129986,70.65429147012475
1228,61.400000000000006,ccurve,247,stanley,1.2,382.3424072265625,-242.1726837158203,85.43708038330078,0.027981808457759754,0.35,0.0,-0.03180180663774061,0.6137542724609413,183,-1,5.980436322120448,70.7703463163975
1229,61.45,ccurve,247,stanley,1.2,382.36328125,-241.8744354248047,85.63239288330078,0.02249561795585677,0.35,0.0,-0.03208549564961433,0.4184417724609391,183,-1,5.979877090361549,70.88669845238206
1230,61.5,ccurve,247,stanley,1.2,382.3829650878906,-241.57606506347656,85.75440216064453,0.01870864472330996,0.35,0.0,-0.03117341800296399,0.2964324951171841,183,-1,5.980684687196029,71.00303529480925
1231,61.550000000000004,ccurve,247,stanley,1.2,382.4026184082031,-241.27769470214844,85.92605590820312,0.013495480587095356,0.35,0.0,-0.03023089524071905,0.1247787475585951,183,-1,5.980203066041819,71.12041026539227
1232,61.6,ccurve,247,stanley,1.2,382.421630859375,-240.9792938232422,86.0036392211914,0.0107572553996129,0.35,0.0,-0.02864692326340379,0.04719543457031775,183,-1,5.981004572571392,71.23825376774153
1233,61.650000000000006,ccurve,247,stanley,1.2,382.44091796875,-240.680908203125,86.12606811523438,0.030261469138864704,0.35,0.0,-0.03096277135977132,0.7032012939453043,184,-1,5.980657969692676,71.35740865163288
1234,61.7,ccurve,247,stanley,1.2,382.4586181640625,-240.38241577148438,86.21974182128906,0.027967363983881742,0.35,0.0,-0.0321258221075076,0.6095275878906232,184,-1,5.9804979959457105,71.47616236102948
1235,61.75,ccurve,247,stanley,1.2,382.4753723144531,-240.0838623046875,86.41484832763672,0.022464527188231796,0.35,0.0,-0.03234090024327415,0.41442108154297214,184,-1,5.979940342844665,71.59510206581795
1236,61.800000000000004,ccurve,247,stanley,1.2,382.490966796875,-239.78529357910156,86.53670501708984,0.018671538213118843,0.35,0.0,-0.03139724170209253,0.29256439208984325,184,-1,5.980744961700156,71.7140108448322
1237,61.85,ccurve,247,stanley,1.2,382.5065612792969,-239.48667907714844,86.70819854736328,0.013461754955591576,0.35,0.0,-0.03045105120381695,0.12107086181640347,184,-1,5.98026405935529,71.83398338288627
1238,61.900000000000006,ccurve,247,stanley,1.2,382.521484375,-239.18800354003906,86.78556823730469,0.010717823670214397,0.35,0.0,-0.028831125836236156,0.043701171875000215,184,-1,5.981063897429369,71.95439356904149
1239,61.95,ccurve,247,stanley,1.2,382.53668212890625,-238.88934326171875,86.90772247314453,0.030252948838472828,0.35,0.0,-0.031217877716683905,0.6999740600585985,185,-1,5.980718302382985,72.07609391142994
1240,62.0,ccurve,247,stanley,1.2,382.5502624511719,-238.5906524658203,87.00128173828125,0.027941635362459527,0.35,0.0,-0.032318579666554575,0.6064147949218774,185,-1,5.980556877379441,72.19733326965806
1241,62.050000000000004,ccurve,247,stanley,1.2,382.5629577636719,-238.29188537597656,87.19623565673828,0.02244257196354877,0.35,0.0,-0.0325318585651513,0.4114608764648525,185,-1,5.979999440897339,72.31881109671579
1242,62.1,ccurve,247,stanley,1.2,382.57452392578125,-237.99310302734375,87.31796264648438,0.018662519250219216,0.35,0.0,-0.03161633426454916,0.2897338867187553,185,-1,5.980806776813123,72.44027735952118
1243,62.150000000000006,ccurve,247,stanley,1.2,382.58599853515625,-237.6943359375,87.48931884765625,0.01343690520021744,0.35,0.0,-0.030609973946550916,0.11837768554688284,185,-1,5.980325698265256,72.56268182680859
1244,62.2,ccurve,247,stanley,1.2,382.5968322753906,-237.39552307128906,87.56658935546875,0.010686396988417418,0.35,0.0,-0.02896139226829477,0.04110717773438086,185,-1,5.981124241519598,72.68553440919719
1245,62.25,ccurve,247,stanley,1.2,382.60791015625,-237.09669494628906,87.68861389160156,0.03024541656434321,0.35,0.0,-0.03140963145291871,0.697509765624998,186,-1,5.980779062983127,72.80963904942459
1246,62.300000000000004,ccurve,247,stanley,1.2,382.6174011230469,-236.79779052734375,87.7820053100586,0.027928474439395706,0.35,0.0,-0.03247856965231034,0.604118347167962,186,-1,5.9806116159012745,72.9333242356353
1247,62.35,ccurve,247,stanley,1.2,382.62603759765625,-236.4989013671875,87.9769058227539,0.022431573052203262,0.35,0.0,-0.03269378436565743,0.4092178344726492,186,-1,5.980056383074914,73.05723127814224
1248,62.400000000000006,ccurve,247,stanley,1.2,382.633544921875,-236.20001220703125,88.0985336303711,0.018655027297564904,0.35,0.0,-0.03178029659586973,0.2875900268554659,186,-1,5.980858864979832,73.1811120073018
1249,62.45,ccurve,247,stanley,1.2,382.6409606933594,-235.90106201171875,88.26982879638672,0.013431040684167735,0.35,0.0,-0.030773573430787248,0.11629486083984142,186,-1,5.980380492675878,73.30594296909558
1250,62.5,ccurve,247,stanley,1.2,382.64776611328125,-235.6020965576172,88.34705352783203,0.010692126376020112,0.35,0.0,-0.029156311070925818,0.03907012939452856,186,-1,5.9811777962889785,73.43122621416002
1251,62.550000000000004,ccurve,247,stanley,1.2,382.6548767089844,-235.3031463623047,88.46904754638672,0.030299424477944672,0.35,0.0,-0.0317482331205374,0.6955108642578118,187,-1,5.9808319039435816,73.55778493184
1252,62.6,ccurve,247,stanley,1.2,382.6603088378906,-235.00413513183594,88.56256866455078,0.027979701825939608,0.35,0.0,-0.032819994584354494,0.6019897460937441,187,-1,5.980665465440304,73.6838312150925
1253,62.650000000000006,ccurve,247,stanley,1.2,382.6648254394531,-234.7051239013672,88.75777435302734,0.022454749740424836,0.35,0.0,-0.03297632602855537,0.406784057617179,187,-1,5.980109772486374,73.81003891271423
1254,62.7,ccurve,247,stanley,1.2,382.66827392578125,-234.4061279296875,88.87963104248047,0.018672325140280464,0.35,0.0,-0.03206487826687339,0.2849273681640629,187,-1,5.980912168803083,73.93626177892723
1255,62.75,ccurve,247,stanley,1.2,382.671630859375,-234.10711669921875,89.05105590820312,0.013445803665804532,0.35,0.0,-0.031061665019560376,0.11350250244140678,187,-1,5.980429505076352,74.06339987997076
1256,62.800000000000004,ccurve,247,stanley,1.2,382.6744079589844,-233.80810546875,89.12841033935547,0.010714432451461139,0.35,0.0,-0.029478679426490424,0.03614807128906232,187,-1,5.981227135308929,74.1909991376858
1257,62.85,ccurve,247,stanley,1.2,382.6774597167969,-233.50909423828125,89.25051879882812,0.03037365480558629,0.35,0.0,-0.0322393240337184,0.6924667358398497,188,-1,5.980881940054536,74.31983129103479
1258,62.900000000000006,ccurve,247,stanley,1.2,382.67877197265625,-233.21006774902344,89.34434509277344,0.028026478437890003,0.35,0.0,-0.033254020981049445,0.5986404418945297,188,-1,5.980711618967514,74.4480747315293
1259,62.95,ccurve,247,stanley,1.2,382.67919921875,-232.91107177734375,89.53984069824219,0.022484517964599722,0.35,0.0,-0.03338373896866184,0.4031448364257838,188,-1,5.980153708615844,74.57648444730255
1260,63.0,ccurve,247,stanley,1.2,382.6784973144531,-232.61204528808594,89.66194152832031,0.018666194844033698,0.35,0.0,-0.032384276756957917,0.28104400634766324,188,-1,5.980956560542891,74.7048655744954
1261,63.050000000000004,ccurve,247,stanley,1.2,382.6777648925781,-232.31301879882812,89.83351135253906,0.013426752732728147,0.35,0.0,-0.031354296982238315,0.10947418212890402,188,-1,5.980472960955122,74.83419387790047
1262,63.1,ccurve,247,stanley,1.2,382.6764831542969,-232.0139923095703,89.91085815429688,0.010696798491817707,0.35,0.0,-0.029775001073236437,0.032127380371095325,188,-1,5.981273111306154,74.96399846373794
1263,63.150000000000006,ccurve,247,stanley,1.2,382.6754455566406,-231.71498107910156,90.03291320800781,0.027170722288207518,0.35,0.0,-0.03351683793993682,0.5656814575195199,189,-1,5.980924573516215,75.09498157299579
1264,63.2,ccurve,247,stanley,1.2,382.6728820800781,-231.41595458984375,90.11820220947266,0.024918008964140762,0.35,0.0,-0.03407750808248624,0.4803924560546785,189,-1,5.980939325976271,75.22556622073188
1265,63.25,ccurve,247,stanley,1.2,382.6696472167969,-231.11692810058594,90.29824829101562,0.019738367627925163,0.35,0.0,-0.03396682814660243,0.30034637451171403,189,-1,5.980465793142925,75.35651140205944
1266,63.300000000000004,ccurve,247,stanley,1.2,382.66534423828125,-230.81790161132812,90.4033432006836,0.01634714505118872,0.35,0.0,-0.032788091267756656,0.1952514648437415,189,-1,5.981212213453917,75.48746150955328
1267,63.35,ccurve,247,stanley,1.2,382.6610412597656,-230.5188751220703,90.55889892578125,0.011516314076722723,0.35,0.0,-0.03160935438891088,0.039695739746092015,189,-1,5.980786978805772,75.61936756107968
1268,63.400000000000006,ccurve,247,stanley,1.2,382.6561584472656,-230.21986389160156,90.62216186523438,0.009130008426697764,0.35,0.0,-0.029850655757097843,-0.023567199707034917,189,-1,5.9814944041129285,75.75170232024044
1269,63.45,ccurve,247,stanley,1.2,382.65155029296875,-229.9208221435547,90.7322998046875,0.005499688555746097,0.35,0.0,-0.02837691973244994,-0.13370513916015575,190,-1,5.9811976217312175,75.88524253280711
1270,63.5,ccurve,247,stanley,1.2,382.6466369628906,-229.62179565429688,90.75318908691406,0.004314590889093634,0.35,0.0,-0.02658786460048304,-0.15459442138672883,190,-1,5.9816723042420765,76.0194475172656
1271,63.550000000000004,ccurve,247,stanley,1.2,382.6419982910156,-229.32276916503906,90.82677459716797,0.0017150041340795142,0.35,0.0,-0.025073452682420654,-0.22817993164063374,190,-1,5.981536141066257,76.1548331876445
1272,63.6,ccurve,247,stanley,1.2,382.6371154785156,-229.02374267578125,90.81758117675781,0.0013997889963838937,0.35,0.0,-0.023314913463109814,-0.21898651123047413,190,-1,5.981822926964567,76.29093558839462
1273,63.650000000000006,ccurve,247,stanley,1.2,382.6326904296875,-228.72471618652344,90.86717987060547,-0.00044448011802145825,0.35,0.0,-0.022014112933639814,-0.2685852050781317,190,-1,5.981814957192367,76.42836891465723
1274,63.7,ccurve,247,stanley,1.2,382.6279602050781,-228.4257049560547,90.83939361572266,-0.00017821610691116973,0.35,0.0,-0.020407993865107055,-0.2407989501953145,190,-1,5.981984002336535,76.56644818074011
1275,63.75,ccurve,247,stanley,1.2,382.6236877441406,-228.12667846679688,90.87496185302734,-0.0015715907551232735,0.35,0.0,-0.019259772898917338,-0.2763671875000025,190,-1,5.982060055430028,76.70585362769864
1276,63.800000000000004,ccurve,247,stanley,1.2,382.61907958984375,-227.82757568359375,90.8368148803711,-0.0009755329919942468,0.35,0.0,-0.017756158611622185,-0.23822021484375394,191,-1,5.98215873090858,76.84591298766087
1277,63.85,ccurve,247,stanley,1.2,382.6149597167969,-227.52845764160156,90.8648910522461,-0.002104456270936745,0.35,0.0,-0.016761473683725964,-0.26629638671875194,191,-1,5.982284063661016,76.98731395614834
1278,63.900000000000006,ccurve,247,stanley,1.2,382.61053466796875,-227.2293243408203,90.82149505615234,-0.0012914020575551838,0.35,0.0,-0.015461789041771383,-0.22290039062500408,191,-1,5.982346707775999,77.1293572458496
1279,63.95,ccurve,247,stanley,1.2,382.6065979003906,-226.93020629882812,90.84600830078125,-0.002258402496366045,0.35,0.0,-0.014650199589811496,-0.24741363525391358,191,-1,5.982498853861493,77.27271520456195
1280,64.0,ccurve,247,stanley,1.2,382.6022644042969,-226.63108825683594,90.80047607421875,-0.0013542694911941478,0.35,0.0,-0.01344190327332288,-0.2018814086914121,191,-1,5.982542254103705,77.41661893654327
1281,64.05,ccurve,247,stanley,1.2,382.598388671875,-226.33197021484375,90.82383728027344,-0.0022682966832006167,0.35,0.0,-0.012691345646675106,-0.22524261474609597,191,-1,5.982704278563118,77.5618064186769
1282,64.10000000000001,ccurve,247,stanley,1.2,382.5942077636719,-226.03285217285156,90.7777328491211,-0.001294410064904781,0.35,0.0,-0.011645629461722996,-0.17913818359375594,192,-1,5.982740218735349,77.70761010639069
1283,64.15,ccurve,247,stanley,1.2,382.5904541015625,-225.7337188720703,90.80103302001953,-0.00216654066602829,0.35,0.0,-0.011017294898201649,-0.20243835449219189,192,-1,5.982904742301019,77.85466691077447
1284,64.2,ccurve,247,stanley,1.2,382.5863952636719,-225.43460083007812,90.7552261352539,-0.0011643469492871748,0.35,0.0,-0.01008364179561754,-0.1566314697265684,192,-1,5.982941185888251,78.00232299150862
1285,64.25,ccurve,247,stanley,1.2,382.5828552246094,-225.13548278808594,90.77911376953125,-0.001983157005564816,0.35,0.0,-0.009668759208186382,-0.18051910400391447,192,-1,5.983101478179601,78.15129153354088
1286,64.3,ccurve,247,stanley,1.2,382.578857421875,-224.83636474609375,90.73419189453125,-0.000986198607724757,0.35,0.0,-0.008796137930914385,-0.13559722900391766,192,-1,5.983138169802571,78.30072640955653
1287,64.35000000000001,ccurve,247,stanley,1.2,382.57525634765625,-224.53724670410156,90.75911712646484,-0.0018546741546488369,0.35,0.0,-0.008320223518171115,-0.1605224609375038,192,-1,5.983293458483439,78.45135731931973
1288,64.4,ccurve,247,stanley,1.2,382.57135009765625,-224.2381134033203,90.7152099609375,-0.0008565869130983693,0.35,0.0,-0.007539309391369489,-0.11661529541016527,192,-1,5.983330183081075,78.60258490095924
1289,64.45,ccurve,247,stanley,1.2,382.56787109375,-223.93899536132812,90.74099731445312,-0.001706319605422023,0.35,0.0,-0.0071954591975066685,-0.14240264892578353,193,-1,5.983481334637053,78.75501523113476
1290,64.5,ccurve,247,stanley,1.2,382.5640869140625,-223.63987731933594,90.69798278808594,-0.0006937055460024744,0.35,0.0,-0.006536449308827064,-0.0993881225585947,193,-1,5.983521449340121,78.90802515400344
1291,64.55,ccurve,247,stanley,1.2,382.56072998046875,-223.34075927734375,90.72476196289062,-0.0015349722948153107,0.35,0.0,-0.006304662197332243,-0.12616729736328938,193,-1,5.983667342562929,79.06223404514726
1292,64.60000000000001,ccurve,247,stanley,1.2,382.5569763183594,-223.04164123535156,90.68274688720703,-0.0005408891129268026,0.35,0.0,-0.005676168221308694,-0.08415222167968729,193,-1,5.983713776370697,79.21693571922286
1293,64.65,ccurve,247,stanley,1.2,382.5536193847656,-222.7424774169922,90.71055603027344,-0.0014114150423424124,0.35,0.0,-0.005444859347320481,-0.11196136474609905,193,-1,5.983852367199828,79.37282357958676
1294,64.7,ccurve,247,stanley,1.2,382.5499267578125,-222.44325256347656,90.66944885253906,-0.00042286160302960473,0.35,0.0,-0.00487851308412446,-0.0708541870117182,193,-1,5.983900525807156,79.5292803333385
1295,64.75,ccurve,247,stanley,1.2,382.5465393066406,-222.14404296875,90.69806671142578,-0.0013263444045903206,0.35,0.0,-0.004617166534986797,-0.09947204589843717,193,-1,5.984032905599097,79.68680284083548
1296,64.8,ccurve,247,stanley,1.2,382.54290771484375,-221.84481811523438,90.65763854980469,-0.00034383109387322317,0.35,0.0,-0.004091496165205259,-0.05904388427734465,194,-1,5.984082371197501,79.84493874178293
1297,64.85000000000001,ccurve,247,stanley,1.2,382.5397644042969,-221.54559326171875,90.68685150146484,-0.0011841157226272778,0.35,0.0,-0.004074436329818249,-0.08825683593750949,194,-1,5.984210093751515,80.00429149464458
1298,64.9,ccurve,247,stanley,1.2,382.53619384765625,-221.2463836669922,90.64715576171875,-0.00019585846075886914,0.35,0.0,-0.0036299943047442486,-0.04856109619141748,194,-1,5.984263182774166,80.16407806884817
1299,64.95,ccurve,247,stanley,1.2,382.5330505371094,-220.94715881347656,90.67716979980469,-0.0010590270076136234,0.35,0.0,-0.003612934469357238,-0.07857513427735377,194,-1,5.984386555398464,80.3250272495263
1300,65.0,ccurve,247,stanley,1.2,382.52947998046875,-220.64794921875,90.6383285522461,-9.517833797680888e-05,0.35,0.0,-0.003168492444283239,-0.039733886718758105,194,-1,5.984440546009221,80.48640208325511
1301,65.05,ccurve,247,stanley,1.2,382.5263671875,-220.34872436523438,90.66911315917969,-0.0009703424039764595,0.35,0.0,-0.0031819485215522835,-0.07051849365234826,194,-1,5.9845602964366655,80.64895402918928
1302,65.10000000000001,ccurve,247,stanley,1.2,382.5227966308594,-220.04949951171875,90.63089752197266,-2.102798999222261e-05,0.35,0.0,-0.0027476664772367113,-0.032302856445316046,195,-1,5.98461524385332,80.81190652850758
1303,65.15,ccurve,247,stanley,1.2,382.5196838378906,-219.7502899169922,90.66226959228516,-0.0009130251291382511,0.35,0.0,-0.0027609631420035547,-0.0636749267578163,195,-1,5.9847265176866875,80.97600821403485
1304,65.2,ccurve,247,stanley,1.2,382.51611328125,-219.45106506347656,90.62451934814453,1.971479319608502e-05,0.35,0.0,-0.0023166805294317573,-0.025924682617198345,195,-1,5.9847830881026995,81.14051107613375
1305,65.25,ccurve,247,stanley,1.2,382.51300048828125,-219.15185546875,90.65620422363281,-0.0008812166159594014,0.35,0.0,-0.0023299771941985995,-0.057609558105473975,195,-1,5.984890358168584,81.30615206408801
1306,65.3,ccurve,247,stanley,1.2,382.5094299316406,-218.85263061523438,90.6187515258789,4.3026944836974675e-05,0.35,0.0,-0.0018856945816268032,-0.02015686035157258,195,-1,5.9849503536896,81.47218651498272
1307,65.35000000000001,ccurve,247,stanley,1.2,382.5063171386719,-218.55340576171875,90.6506576538086,-0.0008641716043828096,0.35,0.0,-0.001899150658895848,-0.052062988281258056,195,-1,5.9850612619560595,81.63935677075493
1308,65.4,ccurve,247,stanley,1.2,382.5028381347656,-218.25421142578125,90.61334991455078,8.587933566490579e-05,0.35,0.0,-0.0015460969592878144,-0.014755249023447065,195,-1,5.985115642732911,81.80696194173979
1309,65.45,ccurve,247,stanley,1.2,382.4996643066406,-217.95497131347656,90.64543914794922,-0.0008432452035675533,0.35,0.0,-0.001508681192003175,-0.046844482421876305,196,-1,5.985221366334591,81.97559284413316
1310,65.5,ccurve,247,stanley,1.2,382.49627685546875,-217.65577697753906,90.60832214355469,0.00013140706604427416,0.35,0.0,-0.0012471752303633106,-0.00972747802734484,196,-1,5.985279161858019,82.14476677906296
1311,65.55,ccurve,247,stanley,1.2,382.49322509765625,-217.35653686523438,90.64064025878906,-0.0007674750715353137,0.35,0.0,-0.001321822545446669,-0.04204559326171969,196,-1,5.985381096362064,82.31498099470781
1312,65.60000000000001,ccurve,247,stanley,1.2,382.4898681640625,-217.05734252929688,90.60385131835938,0.00020782221790846555,0.35,0.0,-0.0010908324964628605,-0.0052566528320351115,196,-1,5.985438161469972,82.48565464096761
1313,65.65,ccurve,247,stanley,1.2,382.4869079589844,-216.7581024169922,90.6366195678711,-0.0006738750147194612,0.35,0.0,-0.001257027549514388,-0.03802490234375269,196,-1,5.985538415741749,82.65740797571773
1314,65.7,ccurve,247,stanley,1.2,382.48358154296875,-216.4589080810547,90.60033416748047,0.0002970526954356183,0.35,0.0,-0.001056553413186636,-0.0017395019531357319,196,-1,5.985595569241151,82.8295626899488
1315,65.75,ccurve,247,stanley,1.2,382.4806213378906,-216.15966796875,90.63363647460938,-0.0005999042640259191,0.35,0.0,-0.0012227484662381636,-0.03504180908203853,196,-1,5.985691234050983,83.00276209576279
1316,65.8,ccurve,247,stanley,1.2,382.4772644042969,-215.86038208007812,90.59786987304688,0.0003397684984542641,0.35,0.0,-0.0009721995478677373,0.0007247924804647401,197,-1,5.985751587839605,83.17638432669693
1317,65.85000000000001,ccurve,247,stanley,1.2,382.4742736816406,-215.56105041503906,90.63157653808594,-0.0005784431949573657,0.35,0.0,-0.0011088351632764226,-0.03298187255860439,197,-1,5.985845593389718,83.35104175666646
1318,65.9,ccurve,247,stanley,1.2,382.4709777832031,-215.26174926757812,90.5960922241211,0.00037998092858226894,0.35,0.0,-0.0009399928271201416,0.0025024414062411104,197,-1,5.9859032374566326,83.52614336498603
1319,65.95,ccurve,247,stanley,1.2,382.4679870605469,-214.96241760253906,90.63004302978516,-0.0005452070045141531,0.35,0.0,-0.001076628442528827,-0.0314483642578197,197,-1,5.985994254610432,83.70221200663376
1320,66.0,ccurve,247,stanley,1.2,382.4646911621094,-214.66311645507812,90.59478759765625,0.00040667896482258207,0.35,0.0,-0.0009077861063725465,0.003807067871092909,197,-1,5.986054934210178,83.87871686384823
1321,66.05,ccurve,247,stanley,1.2,382.4617004394531,-214.36378479003906,90.62895202636719,-0.0005246133810299594,0.35,0.0,-0.0010444217217812314,-0.030357360839854713,197,-1,5.986144587056683,84.05617900676302
1322,66.10000000000001,ccurve,247,stanley,1.2,382.4584045410156,-214.06448364257812,90.59384155273438,0.0004264142594754681,0.35,0.0,-0.0008855799538811764,0.004753112792967496,198,-1,5.986203863156118,84.23406948233385
1323,66.15,ccurve,247,stanley,1.2,382.4554748535156,-213.76515197753906,90.62814331054688,-0.0004887746877596601,0.35,0.0,-0.0010832473946019725,-0.029548645019534768,198,-1,5.986289291573339,84.41295610048914
1324,66.2,ccurve,247,stanley,1.2,382.45208740234375,-213.46585083007812,90.5932388305664,0.00042304549878140435,0.35,0.0,-0.0008228573204775249,0.005355834960936393,198,-1,5.986345690718419,84.59214198664529
1325,66.25,ccurve,247,stanley,1.2,382.44921875,-213.16651916503906,90.62761688232422,-0.00047429713360363016,0.35,0.0,-0.0010815565865104344,-0.029022216796885315,198,-1,5.98643108057014,84.77243532058063
1326,66.3,ccurve,247,stanley,1.2,382.44586181640625,-212.86721801757812,90.59275817871094,0.00044623077425564,0.35,0.0,-0.0008516824250420416,0.0058364868163967255,198,-1,5.986487663873432,84.95299641244112
1327,66.35000000000001,ccurve,247,stanley,1.2,382.4429626464844,-212.56788635253906,90.62726593017578,-0.0004648330430990409,0.35,0.0,-0.0010798657784188955,-0.028671264648443863,198,-1,5.986570980937791,85.13460649763415
1328,66.4,ccurve,247,stanley,1.2,382.4396057128906,-212.26858520507812,90.5925064086914,0.0004528629061148888,0.35,0.0,-0.0008499916169505024,0.006088256835936895,198,-1,5.986626526956641,85.31650143879111
1329,66.45,ccurve,247,stanley,1.2,382.43670654296875,-211.96925354003906,90.62708282470703,-0.00045688301144581364,0.35,0.0,-0.0010881755385835808,-0.02848815917968738,199,-1,5.986710281500572,85.49943542268605
1330,66.5,ccurve,247,stanley,1.2,382.433349609375,-211.66995239257812,90.59239196777344,0.00045885282115406406,0.35,0.0,-0.0008583013771151886,0.006202697753896976,199,-1,5.98676587681363,85.6826472328226
1331,66.55,ccurve,247,stanley,1.2,382.4303894042969,-211.37062072753906,90.62699890136719,-0.0004750741556746327,0.35,0.0,-0.0010254529051799293,-0.028404235839844895,199,-1,5.986847261388475,85.86684053258821
1332,66.60000000000001,ccurve,247,stanley,1.2,382.42706298828125,-211.07131958007812,90.59230041503906,0.0004508945222141561,0.35,0.0,-0.000826094656367593,0.006294250488275219,199,-1,5.986901891887904,86.05137629439928
1333,66.65,ccurve,247,stanley,1.2,382.42413330078125,-210.77198791503906,90.62684631347656,-0.0004712766838613783,0.35,0.0,-0.0010237620970883904,-0.02825164794921873,199,-1,5.986978933862645,86.23688386900236
1334,66.7,ccurve,247,stanley,1.2,382.4208068847656,-210.47268676757812,90.59210968017578,0.0004557833633034091,0.35,0.0,-0.000824403848276054,0.006484985351554745,199,-1,5.98703329996298,86.42270293819416
1335,66.75,ccurve,247,stanley,1.2,382.4178771972656,-210.17335510253906,90.62670135498047,-0.000467697401791111,0.35,0.0,-0.0010220712889968502,-0.028106689453128327,199,-1,5.987114744183722,86.60948433392691
1336,66.8,ccurve,247,stanley,1.2,382.41455078125,-209.87405395507812,90.59197998046875,0.00045224938776678873,0.35,0.0,-0.0008023571082868865,0.006614685058586349,200,-1,5.987166286516223,86.79657023691932
1337,66.85000000000001,ccurve,247,stanley,1.2,382.41162109375,-209.57472229003906,90.62655639648438,-0.00047079643337904727,0.35,0.0,-0.0010000245490076835,-0.027961730957037922,200,-1,5.987241883310167,86.9846090668213
1338,66.9,ccurve,247,stanley,1.2,382.4083251953125,-209.27542114257812,90.5918197631836,0.0004662789108743741,0.35,0.0,-0.0008311822128514027,0.006774902343748274,200,-1,5.987293853194984,87.17296897984654
1339,66.95,ccurve,247,stanley,1.2,382.4053955078125,-208.97608947753906,90.62642669677734,-0.0004576404952473402,0.35,0.0,-0.0010288496535722,-0.027832031250006318,200,-1,5.9873721631588115,87.36224897727632
1340,67.0,ccurve,247,stanley,1.2,382.4020690917969,-208.67678833007812,90.59176635742188,0.0004672441076216873,0.35,0.0,-0.0008294914047598631,0.006828308105460435,200,-1,5.987424297379893,87.55181976213113
1341,67.05,ccurve,247,stanley,1.2,382.3991394042969,-208.37745666503906,90.62641906738281,-0.00045798443171636273,0.35,0.0,-0.0010271588454806605,-0.027824401855470558,200,-1,5.987499613986618,87.7423249374947
1342,67.10000000000001,ccurve,247,stanley,1.2,382.39581298828125,-208.07815551757812,90.59178924560547,0.0004693108102794573,0.35,0.0,-0.0008378011649245488,0.006805419921865874,201,-1,5.987548807157276,87.93311416824817
1343,67.15,ccurve,247,stanley,1.2,382.39288330078125,-207.77882385253906,90.62642669677734,-0.0004554830125479505,0.35,0.0,-0.0010354686056453458,-0.027832031250006318,201,-1,5.98762176421244,88.12482865386042
1344,67.2,ccurve,247,stanley,1.2,382.3895568847656,-207.47946166992188,90.59178924560547,0.00046895961759376527,0.35,0.0,-0.0008367480068418197,0.006805419921865874,201,-1,5.9876724106769545,88.31686027620128
1345,67.25,ccurve,247,stanley,1.2,382.3866271972656,-207.18003845214844,90.62644958496094,-0.0004561757169178875,0.35,0.0,-0.0010353719225758302,-0.02785491943360088,201,-1,5.987745796188147,88.50982827040912
1346,67.3,ccurve,247,stanley,1.2,382.38330078125,-206.88064575195312,90.59181213378906,0.0004683730157125385,0.35,0.0,-0.0008369701487767073,0.006782531738271313,201,-1,5.987793081003678,88.70306746925168
1347,67.35000000000001,ccurve,247,stanley,1.2,382.38037109375,-206.58120727539062,90.62647247314453,-0.00045671119883836905,0.35,0.0,-0.0010357534770129209,-0.02787780761719544,201,-1,5.987864073418931,88.89722429320325
1348,67.4,ccurve,247,stanley,1.2,382.3770751953125,-206.2818145751953,90.59183502197266,0.00047784996670198373,0.35,0.0,-0.0008678676158698538,0.006759643554676752,201,-1,5.987912781738928,89.09165880971362
1349,67.45,ccurve,247,stanley,1.2,382.37408447265625,-205.9823760986328,90.62654113769531,-0.00046528491515802103,0.35,0.0,-0.0010156196870501795,-0.027946472167979124,202,-1,5.987983038441543,89.28693330036273
1350,67.5,ccurve,247,stanley,1.2,382.3707580566406,-205.6829833984375,90.59188079833984,0.0004599203867369605,0.35,0.0,-0.0008172179132510575,0.006713867187500353,202,-1,5.988030523248959,89.48250198981502
1351,67.55,ccurve,247,stanley,1.2,382.3678283691406,-205.383544921875,90.62651824951172,-0.00046451222212084823,0.35,0.0,-0.0010160012414872706,-0.027923583984384562,202,-1,5.988098527594715,89.67897076133508
1352,67.60000000000001,ccurve,247,stanley,1.2,382.3645324707031,-205.0841522216797,90.59183502197266,0.00047135931769468206,0.35,0.0,-0.0008481153803442038,0.006759643554676752,202,-1,5.988141451185997,89.87570419559285
1353,67.65,ccurve,247,stanley,1.2,382.3616027832031,-204.78472900390625,90.62647247314453,-0.000453126982034976,0.35,0.0,-0.0010467392960782146,-0.02787780761719544,202,-1,5.988210721417184,90.0732960716854
1354,67.7,ccurve,247,stanley,1.2,382.3582763671875,-204.48532104492188,90.59185028076172,0.0004710431448826958,0.35,0.0,-0.0008484969347812938,0.006744384765617953,202,-1,5.9882571370237185,90.27114395930603
1355,67.75,ccurve,247,stanley,1.2,382.3553466796875,-204.18589782714844,90.62651824951172,-0.000454316255422163,0.35,0.0,-0.001047120850515306,-0.027923583984384562,202,-1,5.9883248326863825,90.46985429886631
1356,67.8,ccurve,247,stanley,1.2,382.3520202636719,-203.88650512695312,90.59188842773438,0.00046329105211682513,0.35,0.0,-0.0008282037323163512,0.006706237792964592,203,-1,5.988368789995917,90.66880428599683
1357,67.85000000000001,ccurve,247,stanley,1.2,382.3490905761719,-203.58706665039062,90.62654113769531,-0.0004615811389015972,0.35,0.0,-0.0010269870605525639,-0.027946472167979124,203,-1,5.98843488388071,90.86862871383543
1358,67.9,ccurve,247,stanley,1.2,382.34576416015625,-203.2876739501953,90.59188842773438,0.00046341131278028453,0.35,0.0,-0.0008285852867534419,0.006706237792964592,203,-1,5.988476847470491,91.06867645416794
1359,67.95,ccurve,247,stanley,1.2,382.34283447265625,-202.9882354736328,90.62654113769531,-0.0004614621154914249,0.35,0.0,-0.0010273686149896552,-0.027946472167979124,203,-1,5.988543996142171,91.2695902677438
1360,68.0,ccurve,247,stanley,1.2,382.3395080566406,-202.6888427734375,90.59185791015625,0.00046440336360432043,0.35,0.0,-0.0008289668411905322,0.006736755371094913,203,-1,5.988587906744755,91.47072136705616
1361,68.05,ccurve,247,stanley,1.2,382.3365783691406,-202.389404296875,90.6264877319336,-0.0004598171941185693,0.35,0.0,-0.001027750169426746,-0.02789306640625424,203,-1,5.98865269284825,91.67271026202381
1362,68.10000000000001,ccurve,247,stanley,1.2,382.3332824707031,-202.0900115966797,90.59185028076172,0.0004780320400377598,0.35,0.0,-0.0008698648765399029,0.006744384765617953,204,-1,5.988693302214186,91.87493275269863
1363,68.15,ccurve,247,stanley,1.2,382.3302917480469,-201.79058837890625,90.62651824951172,-0.00046735170900666525,0.35,0.0,-0.0010074569669618018,-0.027923583984384562,204,-1,5.988759797980935,92.0779276767004
1364,68.2,ccurve,247,stanley,1.2,382.3269958496094,-201.49118041992188,90.59188079833984,0.00046727038073851894,0.35,0.0,-0.0008397305183209386,0.006713867187500353,204,-1,5.98880154093685,92.28121568067664
1365,68.25,ccurve,247,stanley,1.2,382.3240661621094,-201.19175720214844,90.62654113769531,-0.00045787673847613687,0.35,0.0,-0.0010383544340549491,-0.027946472167979124,204,-1,5.988865926928999,92.48530200180456
1366,68.3,ccurve,247,stanley,1.2,382.32073974609375,-200.89236450195312,90.59188079833984,0.0004673385258345309,0.35,0.0,-0.0008399526602558267,0.006713867187500353,204,-1,5.988904164076949,92.68959853163831
1367,68.35000000000001,ccurve,247,stanley,1.2,382.31781005859375,-200.59292602539062,90.62651824951172,-0.00045710330796681057,0.35,0.0,-0.0010387359884920398,-0.027923583984384562,204,-1,5.988965634162681,92.8947285626896
1368,68.4,ccurve,247,stanley,1.2,382.3144836425781,-200.2935333251953,90.59188079833984,0.000467459113241823,0.35,0.0,-0.000840334214692917,0.006713867187500353,204,-1,5.9890033871551305,93.10005261713776
1369,68.45,ccurve,247,stanley,1.2,382.3115539550781,-199.9940948486328,90.62654113769531,-0.000454357677865362,0.35,0.0,-0.0010491181111853543,-0.027946472167979124,205,-1,5.989067232681092,93.30620225333759
1370,68.5,ccurve,247,stanley,1.2,382.3082275390625,-199.6947021484375,90.59188842773438,0.00047064170027921655,0.35,0.0,-0.0008507163373862332,0.006706237792964592,205,-1,5.989106940602993,93.51254030612968
1371,68.55,ccurve,247,stanley,1.2,382.3052673339844,-199.395263671875,90.6265640258789,-0.00046490132695601243,0.35,0.0,-0.0010189837529663895,-0.027969360351573685,205,-1,5.989167010325578,93.71967430542283
1372,68.60000000000001,ccurve,247,stanley,1.2,382.30194091796875,-199.0958709716797,90.5919189453125,0.0004598813152914114,0.35,0.0,-0.0008205819791672668,0.00667572021483427,205,-1,5.989204555060103,93.92701305092744
1373,68.65,ccurve,247,stanley,1.2,382.29901123046875,-198.79644775390625,90.62654113769531,-0.00046418009015374023,0.35,0.0,-0.0010192058949012777,-0.027946472167979124,205,-1,5.989266858429787,94.1351510800396
1374,68.7,ccurve,247,stanley,1.2,382.2956848144531,-198.49703979492188,90.59185028076172,0.00046196387620336444,0.35,0.0,-0.000820963533604357,0.006744384765617953,205,-1,5.9893031162044625,94.34348801009531
1375,68.75,ccurve,247,stanley,1.2,382.2927551269531,-198.19761657714844,90.62646484375,-0.0004618805707694639,0.35,0.0,-0.0010195874493383692,-0.02787017822265968,205,-1,5.98936454122829,94.55260579527324
1376,68.8,ccurve,247,stanley,1.2,382.2894592285156,-197.89822387695312,90.59178924560547,0.0004770649313893121,0.35,0.0,-0.0008617021564515277,0.006805419921865874,206,-1,5.989401324682736,94.76192797936463
1377,68.85000000000001,ccurve,247,stanley,1.2,382.2864685058594,-197.59878540039062,90.62644958496094,-0.00046805346438125357,0.35,0.0,-0.000999453659375627,-0.02785491943360088,206,-1,5.989460673681332,94.9719803226563
1378,68.9,ccurve,247,stanley,1.2,382.28314208984375,-197.2993927001953,90.59178924560547,0.0004571684824829163,0.35,0.0,-0.0008010518855765046,0.006805419921865874,206,-1,5.989495748178879,95.18224259381634
1379,68.95,ccurve,247,stanley,1.2,382.28021240234375,-196.9999542236328,90.62641143798828,-0.00046684358088148965,0.35,0.0,-0.000999835213812718,-0.02781677246094752,206,-1,5.989555147967412,95.393292176503
1380,69.0,ccurve,247,stanley,1.2,382.27691650390625,-196.70054626464844,90.59172058105469,0.00046931209262386945,0.35,0.0,-0.0008321087651718536,0.006874084472649556,206,-1,5.989588524334457,95.6045356279804
1381,69.05,ccurve,247,stanley,1.2,382.27398681640625,-196.40101623535156,90.62633514404297,-0.00045416923284088664,0.35,0.0,-0.0010318485684212807,-0.027740478515628077,206,-1,5.989644902368156,95.81659222695082
1382,69.10000000000001,ccurve,247,stanley,1.2,382.2706604003906,-196.1015167236328,90.59168243408203,0.00047120273813611825,0.35,0.0,-0.0008345626821375744,0.0069122314453029165,206,-1,5.989677979068178,96.02881653616019
1383,69.15,ccurve,247,stanley,1.2,382.2677307128906,-195.80198669433594,90.62635040283203,-0.0004604815969125663,0.35,0.0,-0.0010139465534893723,-0.027755737304686875,207,-1,5.989736158397244,96.24180281981582
1384,69.2,ccurve,247,stanley,1.2,382.264404296875,-195.50250244140625,90.59172058105469,0.0004641852356444248,0.35,0.0,-0.000816501254703463,0.006874084472649556,207,-1,5.989767601818656,96.45494082346374
1385,69.25,ccurve,247,stanley,1.2,382.261474609375,-195.2029571533203,90.62635040283203,-0.0004596815125200673,0.35,0.0,-0.001016400470455092,-0.027755737304686875,207,-1,5.98982089318741,96.66885550729629
1386,69.3,ccurve,247,stanley,1.2,382.2581481933594,-194.90347290039062,90.59172058105469,0.0004649861636702073,0.35,0.0,-0.0008189551716691831,0.006874084472649556,207,-1,5.9898538587200845,96.88290595244376
1387,69.35000000000001,ccurve,247,stanley,1.2,382.2552185058594,-194.60394287109375,90.6263427734375,-0.00045871599418344586,0.35,0.0,-0.00101869497491861,-0.027748107910163838,207,-1,5.989910035016704,97.09771492666303
1388,69.4,ccurve,247,stanley,1.2,382.25189208984375,-194.304443359375,90.59168243408203,0.00046687702281325,0.35,0.0,-0.0008214090886349027,0.0069122314453029165,207,-1,5.989939211071234,97.31267683802514
1389,69.45,ccurve,247,stanley,1.2,382.24896240234375,-194.00491333007812,90.62633514404297,-0.00045441828312715155,0.35,0.0,-0.0010311494601405544,-0.027740478515628077,208,-1,5.989994954006508,97.52837916678494
1390,69.5,ccurve,247,stanley,1.2,382.24566650390625,-193.70542907714844,90.5916976928711,0.00048047704041267417,0.35,0.0,-0.0008642200740107027,0.006896972656244117,208,-1,5.990025148709376,97.7442394250721
1391,69.55,ccurve,247,stanley,1.2,382.24267578125,-193.40589904785156,90.62639617919922,-0.00046542207223138434,0.35,0.0,-0.0010029280519480168,-0.027801513671876,208,-1,5.990080184149826,97.9607815700811
1392,69.60000000000001,ccurve,247,stanley,1.2,382.2393798828125,-193.1063995361328,90.59176635742188,0.0004693083896857577,0.35,0.0,-0.0008361580783203662,0.006828308105460435,208,-1,5.990110006794592,98.17752975498195
1393,69.65,ccurve,247,stanley,1.2,382.2364501953125,-192.80686950683594,90.62641906738281,-0.0004552683421527196,0.35,0.0,-0.0010358978815697933,-0.027824401855470558,208,-1,5.990162467505392,98.39498357043047
1394,69.7,ccurve,247,stanley,1.2,382.2331237792969,-192.50738525390625,90.59178924560547,0.0004694031204054328,0.35,0.0,-0.0008384525827838845,0.006805419921865874,208,-1,5.990192626260946,98.6125650211248
1395,69.75,ccurve,247,stanley,1.2,382.2301330566406,-192.2078399658203,90.62644958496094,-0.00047535490630835615,0.35,0.0,-0.000977319973223402,-0.02785491943360088,208,-1,5.9902459979261575,98.83084721220978
1396,69.8,ccurve,247,stanley,1.2,382.2268371582031,-191.90835571289062,90.59176635742188,0.0004641302636932081,0.35,0.0,-0.0008203911553497732,0.006828308105460435,209,-1,5.990275710816501,99.04930324356619
1397,69.85000000000001,ccurve,247,stanley,1.2,382.2239074707031,-191.60882568359375,90.62635040283203,-0.0004584864173272723,0.35,0.0,-0.0010201309585992002,-0.027755737304686875,209,-1,5.990328655708506,99.26846271483369
1398,69.9,ccurve,247,stanley,1.2,382.2205810546875,-191.309326171875,90.5916976928711,0.0004668931985264113,0.35,0.0,-0.0008228450723154934,0.006896972656244117,209,-1,5.990356451558353,99.48775200870794
1399,69.95,ccurve,247,stanley,1.2,382.2176513671875,-191.00979614257812,90.62633514404297,-0.000457250221421205,0.35,0.0,-0.0010225848755649203,-0.027740478515628077,209,-1,5.9904088625413765,99.70774748135352
1400,70.0,ccurve,247,stanley,1.2,382.2143249511719,-190.71031188964844,90.59168243408203,0.0004680780045341027,0.35,0.0,-0.0008251395767790116,0.0069122314453029165,209,-1,5.990436143927169,99.9278570341574
1401,70.05,ccurve,247,stanley,1.2,382.2113952636719,-190.41078186035156,90.6263427734375,-0.0004567201610138979,0.35,0.0,-0.0010248793800284386,-0.027748107910163838,209,-1,5.99048712190889,100.14867748345984
1402,70.10000000000001,ccurve,247,stanley,1.2,382.20806884765625,-190.1112823486328,90.59172058105469,0.00046778927358984146,0.35,0.0,-0.0008275934937447323,0.006874084472649556,209,-1,5.990513918413013,100.3696190188429
1403,70.15,ccurve,247,stanley,1.2,382.20513916015625,-189.81175231933594,90.62637329101562,-0.00046351910722162325,0.35,0.0,-0.0010068179525943273,-0.027778625488281437,210,-1,5.9905639345795345,100.59125361363941
1404,70.2,ccurve,247,stanley,1.2,382.2018127441406,-189.51226806640625,90.59172058105469,0.000461810804245974,0.35,0.0,-0.000809372653808418,0.006874084472649556,210,-1,5.990591534021696,100.81299361172415
1405,70.25,ccurve,247,stanley,1.2,382.1988830566406,-189.2127227783203,90.62633514404297,-0.00046162868286769377,0.35,0.0,-0.0010092718695600472,-0.027740478515628077,210,-1,5.990639559192029,101.03544307073965
1406,70.3,ccurve,247,stanley,1.2,382.1955871582031,-188.91323852539062,90.59165954589844,0.0004743625951807999,0.35,0.0,-0.0008423424834301944,0.0069351196288974775,210,-1,5.990667281764014,101.25800242802428
1407,70.35000000000001,ccurve,247,stanley,1.2,382.1925964355469,-188.61370849609375,90.62631225585938,-0.0004702329155516479,0.35,0.0,-0.000981050461367509,-0.027717590332033516,210,-1,5.9907127264164535,101.48119308644677
1408,70.4,ccurve,247,stanley,1.2,382.1893005371094,-188.314208984375,90.59165954589844,0.0004651574758336336,0.35,0.0,-0.0008142804877398586,0.0069351196288974775,210,-1,5.990738718813321,101.70455260602358
1409,70.45,ccurve,247,stanley,1.2,382.1863708496094,-188.01467895507812,90.62626647949219,-0.00045483877223526396,0.35,0.0,-0.0010240208592455103,-0.027671813964844395,211,-1,5.990788771580701,101.92856600194438
1410,70.5,ccurve,247,stanley,1.2,382.18304443359375,-187.71519470214844,90.59160614013672,0.00047071173037211724,0.35,0.0,-0.000826575560459601,0.00698852539062236,211,-1,5.990811855460724,102.15267230874123
1411,70.55,ccurve,247,stanley,1.2,382.18011474609375,-187.41566467285156,90.62628173828125,-0.00045452630050769053,0.35,0.0,-0.001026315363709028,-0.027687072753915916,211,-1,5.99085906767422,102.37745791152585
1412,70.60000000000001,ccurve,247,stanley,1.2,382.1767883300781,-187.1161651611328,90.59166717529297,0.0004697693600741882,0.35,0.0,-0.0008290294774253214,0.006927490234374439,211,-1,5.99088158849366,102.60234397469817
1413,70.65,ccurve,247,stanley,1.2,382.173828125,-186.81663513183594,90.62633514404297,-0.000465257627528364,0.35,0.0,-0.0009982533680186925,-0.027740478515628077,211,-1,5.990928754012653,102.82787185387687
1414,70.7,ccurve,247,stanley,1.2,382.1705017089844,-186.51715087890625,90.5916748046875,0.0004602943716738171,0.35,0.0,-0.0008008080692327828,0.006919860839838678,211,-1,5.990952948434233,103.05350453315532
1415,70.75,ccurve,247,stanley,1.2,382.1675720214844,-186.2176055908203,90.62628936767578,-0.00046314899325869375,0.35,0.0,-0.0010007072849844128,-0.027694702148438954,211,-1,5.990999991974629,103.2798160438566
1416,70.8,ccurve,247,stanley,1.2,382.16424560546875,-185.91812133789062,90.59160614013672,0.00046633682781139357,0.35,0.0,-0.000813262554454729,0.00698852539062236,212,-1,5.991024834673006,103.5061969645806
1417,70.85000000000001,ccurve,247,stanley,1.2,382.16131591796875,-185.61859130859375,90.62623596191406,-0.0004575954940680506,0.35,0.0,-0.001013002357704156,-0.027641296386726796,212,-1,5.991070125852357,103.73323914591698
1418,70.9,ccurve,247,stanley,1.2,382.1579895019531,-185.319091796875,90.59159851074219,0.00046735638825916195,0.35,0.0,-0.0008157164714204484,0.0069961547851453984,212,-1,5.991093133956766,103.96037021209439
1419,70.95,ccurve,247,stanley,1.2,382.1550598144531,-185.01956176757812,90.62623596191406,-0.000456794772796101,0.35,0.0,-0.0010154562746698755,-0.027641296386726796,212,-1,5.991140292909464,104.18814500507229
1420,71.0,ccurve,247,stanley,1.2,382.1517639160156,-184.72007751464844,90.59160614013672,0.0004778934389140406,0.35,0.0,-0.0008485268885400229,0.00698852539062236,212,-1,5.991162330690101,104.4160127522135
1421,71.05,ccurve,247,stanley,1.2,382.1487731933594,-184.42054748535156,90.62628173828125,-0.00046735969119485806,0.35,0.0,-0.000987234866477337,-0.027687072753915916,212,-1,5.991205885783113,104.64447157405138
1422,71.10000000000001,ccurve,247,stanley,1.2,382.14544677734375,-184.1210479736328,90.59162902832031,0.0004580296903437462,0.35,0.0,-0.0007899489801936298,0.0069656372070278,212,-1,5.9912280703353264,104.87305093525679
1423,71.15,ccurve,247,stanley,1.2,382.14251708984375,-183.82151794433594,90.62623596191406,-0.00047197740883142206,0.35,0.0,-0.0009691734390432256,-0.027641296386726796,213,-1,5.991272672653074,105.10226244532839
1424,71.2,ccurve,247,stanley,1.2,382.13922119140625,-183.52203369140625,90.59153747558594,0.0004646740476719698,0.35,0.0,-0.0008022440529133739,0.007057189941406043,213,-1,5.991291625754421,105.33155939127164
1425,71.25,ccurve,247,stanley,1.2,382.13629150390625,-183.2224884033203,90.62615203857422,-0.00045877295818645767,0.35,0.0,-0.0010021432686650024,-0.027557373046884312,213,-1,5.991337434318242,105.56148700662864
1426,71.3,ccurve,247,stanley,1.2,382.1329650878906,-182.92300415039062,90.59146881103516,0.0004674376614925262,0.35,0.0,-0.0008046979698790933,0.007125854492177002,213,-1,5.99135569815529,105.79146532702445
1427,71.35000000000001,ccurve,247,stanley,1.2,382.1300354003906,-182.62347412109375,90.6261215209961,-0.0004571522291372504,0.35,0.0,-0.00100443777312852,-0.02752685546875399,213,-1,5.991401451542067,106.02207632391752
1428,71.4,ccurve,247,stanley,1.2,382.126708984375,-182.323974609375,90.59148406982422,0.00046780347341945997,0.35,0.0,-0.0008071518868448145,0.0071105957031182025,213,-1,5.991419205376842,106.25275817286219
1429,71.45,ccurve,247,stanley,1.2,382.123779296875,-182.02444458007812,90.62612915039062,-0.00045323783900960235,0.35,0.0,-0.0010170516708526665,-0.02753448486328975,214,-1,5.991462544704236,106.4840553447562
1430,71.5,ccurve,247,stanley,1.2,382.1204528808594,-181.72496032714844,90.59148406982422,0.00047188407459162205,0.35,0.0,-0.0008196063720667581,0.0071105957031182025,214,-1,5.991483698077432,106.71540804126585
1431,71.55,ccurve,247,stanley,1.2,382.1175231933594,-181.42543029785156,90.62615203857422,-0.0004531429523729915,0.35,0.0,-0.0010193461753161856,-0.027557373046884312,214,-1,5.991524692386214,106.9473824781425
1432,71.60000000000001,ccurve,247,stanley,1.2,382.11419677734375,-181.12591552734375,90.59156036376953,0.000470558371439732,0.35,0.0,-0.0008222197015346812,0.007034301757811482,214,-1,5.991543884474854,107.17943291099839
1433,71.65,ccurve,247,stanley,1.2,382.1112365722656,-180.82627868652344,90.62623596191406,-0.00046432651768992596,0.35,0.0,-0.0009925594796434682,-0.027641296386726796,214,-1,5.991584838117563,107.41214057948203
1434,71.7,ccurve,247,stanley,1.2,382.10791015625,-180.5266876220703,90.59160614013672,0.0004607267130743679,0.35,0.0,-0.000796230068372975,0.00698852539062236,214,-1,5.991604279503929,107.6449162741943
1435,71.75,ccurve,247,stanley,1.2,382.10498046875,-180.22706604003906,90.62621307373047,-0.0004622441967233544,0.35,0.0,-0.0009969263466356165,-0.027618408203132234,214,-1,5.991646556026032,107.87829129158654
1436,71.8,ccurve,247,stanley,1.2,382.1016845703125,-179.92747497558594,90.591552734375,0.00047696554002864754,0.35,0.0,-0.0008411134162774041,0.00704193115233452,215,-1,5.991661876291897,108.11174284772241
1437,71.85000000000001,ccurve,247,stanley,1.2,382.09869384765625,-179.6278533935547,90.62621307373047,-0.00046754178792329554,0.35,0.0,-0.0009807778692279322,-0.027618408203132234,215,-1,5.991705005349366,108.34573196730157
1438,71.9,ccurve,247,stanley,1.2,382.0953674316406,-179.32826232910156,90.59156036376953,0.00045816680041064914,0.35,0.0,-0.000784448457957439,0.007034301757811482,215,-1,5.991721977540057,108.57981327026336
1439,71.95,ccurve,247,stanley,1.2,382.0924377441406,-179.02862548828125,90.62615203857422,-0.00046431714301515794,0.35,0.0,-0.0009853041487222819,-0.027557373046884312,215,-1,5.991764216476917,108.81449547900195
1440,72.0,ccurve,247,stanley,1.2,382.0891418457031,-178.72903442382812,90.59148406982422,0.0004718328031534717,0.35,0.0,-0.0008194906501078451,0.0071105957031182025,215,-1,5.991780954245867,109.04923568173076
1441,72.05,ccurve,247,stanley,1.2,382.0862121582031,-178.42941284179688,90.6260986328125,-0.0004513579660802549,0.35,0.0,-0.0010201869283704857,-0.027503967285159428,215,-1,5.991821130029064,109.28454088499767
1442,72.10000000000001,ccurve,247,stanley,1.2,382.0828857421875,-178.12982177734375,90.59148406982422,0.14770652352861183,0.35,0.0,0.06572122688123276,5.923820495605471,216,-1,5.99183755394459,109.51989434764529
1443,72.15,ccurve,247,stanley,1.2,382.07525634765625,-177.83078002929688,90.86847686767578,0.14839509866772743,0.35,0.0,0.039369496789273414,5.646827697753905,216,-1,5.975265611858144,109.75250852284626
1444,72.2,ccurve,247,stanley,1.2,382.0585021972656,-177.53317260742188,91.46576690673828,0.13694003949095798,0.35,0.0,0.022246342062480273,5.049537658691417,216,-1,5.959935218694675,109.9787685803645
1445,72.25,ccurve,247,stanley,1.2,382.03631591796875,-177.23641967773438,92.2696533203125,0.11780112076800657,0.35,0.0,0.010617191321380087,4.245651245117189,216,-1,5.953602263184362,110.20140252685346
1446,72.3,ccurve,247,stanley,1.2,382.00994873046875,-176.9400177001953,92.99848937988281,0.09943121044083676,0.35,0.0,0.0031817687820553803,3.51681518554688,216,-1,5.957120843709342,110.42158551278736
1447,72.35000000000001,ccurve,247,stanley,1.2,381.98138427734375,-176.64376831054688,93.7243881225586,0.0804177354765143,0.35,0.0,-0.002053265056741027,2.7909164428710955,216,-1,5.955548378083788,110.64068542105029
1448,72.4,ccurve,247,stanley,1.2,381.95068359375,-176.3475341796875,94.28480529785156,0.6590429007039639,0.35,0.0,-0.08379438247154622,22.100013732910163,217,-1,5.960479739927079,110.85885559781799
1449,72.45,ccurve,247,stanley,1.2,381.9153137207031,-176.0523223876953,95.02092742919922,0.6709724348232627,0.35,0.0,-0.18330048744457678,21.363891601562504,217,-1,5.941607153661681,111.07377887097687
1450,72.5,ccurve,247,stanley,1.2,381.86761474609375,-175.76104736328125,96.14216613769531,0.6682997469687745,0.35,0.0,-0.27001232805684233,20.242652893066413,217,-1,5.891661603020603,111.2785547253733
1451,72.55,ccurve,247,stanley,1.2,381.8047180175781,-175.47694396972656,97.88192749023438,0.6434125429115481,0.35,0.0,-0.33992251455604755,18.502891540527344,217,-1,5.809231361047233,111.46891667717215
1452,72.60000000000001,ccurve,247,stanley,1.2,381.72357177734375,-175.20367431640625,100.13162994384766,0.5980689691467552,0.35,0.0,-0.3886697586621302,16.25318908691406,217,-1,5.698278624882873,111.64015040350989
1453,72.65,ccurve,247,stanley,1.2,381.6246337890625,-174.94309997558594,102.90328216552734,1.0,0.35,0.0,-0.46333273981165707,33.35105133056639,218,-1,5.604175650169475,111.7910764275205
1454,72.7,ccurve,247,stanley,1.2,381.50811767578125,-174.696044921875,105.96167755126953,1.0,0.35,0.0,-0.5612432807151175,30.29265594482421,218,-1,5.49960789112122,111.92119713369391
1455,72.75,ccurve,247,stanley,1.2,381.3742980957031,-174.46710205078125,109.45780181884766,0.9967682553626203,0.35,0.0,-0.6341046585711411,26.79653167724608,218,-1,5.352999963230312,112.02700202661674
1456,72.8,ccurve,247,stanley,1.2,381.22216796875,-174.2608184814453,113.29487609863281,0.9080084017931146,0.35,0.0,-0.6779356065701717,22.95945739746093,218,-1,5.24242599637524,112.10424000923926
1457,72.85000000000001,ccurve,247,stanley,1.2,381.04742431640625,-174.0760955810547,117.45035552978516,0.7922682763204908,0.35,0.0,-0.6905544642015611,18.803977966308594,218,-1,5.2764346133011415,112.15128892393598
1458,72.9,ccurve,247,stanley,1.2,380.8538513183594,-173.90512084960938,121.61619567871094,0.6640270784077167,0.35,0.0,-0.6802217114128862,14.6381378173828,218,-1,5.395518076804703,112.17673770441526
1459,72.95,ccurve,247,stanley,1.2,380.6463317871094,-173.73802185058594,125.45126342773438,0.5401896061352217,0.35,0.0,-0.6574456187016544,10.803070068359373,218,-1,5.540872148417283,112.19150544333421
1460,73.0,ccurve,247,stanley,1.2,380.43084716796875,-173.56954956054688,128.7926788330078,0.5011521867923234,0.35,0.0,-0.6260191023306286,9.932937622070318,219,-1,5.624620758995821,112.20340179455252
1461,73.05,ccurve,247,stanley,1.2,380.2138671875,-173.4032745361328,131.65945434570312,0.41812435795545116,0.35,0.0,-0.6078503619516396,7.066162109375009,219,-1,5.490000156023745,112.21330624377065
1462,73.10000000000001,ccurve,247,stanley,1.2,379.9920654296875,-173.23822021484375,134.2064666748047,0.33249665207395507,0.35,0.0,-0.5855834297678775,4.5191497802734375,219,-1,5.6270136228844905,112.2201000774252
1463,73.15,ccurve,247,stanley,1.2,379.7684020996094,-173.074951171875,136.32589721679688,0.2661200675870928,0.35,0.0,-0.5607467399402671,2.3997192382812402,219,-1,5.548753055636319,112.2250441345468
1464,73.2,ccurve,247,stanley,1.2,379.5421447753906,-172.9114227294922,138.1036376953125,0.20249859579223345,0.35,0.0,-0.5343938351052724,0.6219787597656318,219,-1,5.658693680485372,112.22940011365723
1465,73.25,ccurve,247,stanley,1.2,379.3149108886719,-172.7484893798828,139.46559143066406,0.15764828586352483,0.35,0.0,-0.5069494780545892,-0.7399749755859428,219,-1,5.547848928813114,112.23340471922788
1466,73.3,ccurve,247,stanley,1.2,379.0846862792969,-172.5838623046875,140.529296875,0.5352900919039891,0.35,0.0,-0.4877826463690158,12.891555786132818,220,-1,5.719267774507433,112.23780130374033
1467,73.35000000000001,ccurve,247,stanley,1.2,378.8514404296875,-172.42433166503906,141.62783813476562,0.5205046874624552,0.35,0.0,-0.5260915936647172,11.793014526367209,220,-1,5.606479649959847,112.2369997723917
1468,73.4,ccurve,247,stanley,1.2,378.61236572265625,-172.27667236328125,143.2262420654297,0.482987879262158,0.35,0.0,-0.5511757731764145,10.194610595703146,220,-1,5.6218843403420395,112.22381866824786
1469,73.45,ccurve,247,stanley,1.2,378.3718566894531,-172.1439208984375,145.156982421875,0.4373531761714841,0.35,0.0,-0.5622858528686444,8.263870239257816,220,-1,5.46106817835954,112.19820050134291
1470,73.5,ccurve,247,stanley,1.2,378.1297302246094,-172.02554321289062,147.3604278564453,0.37637014213183745,0.35,0.0,-0.5598175220762948,6.0604248046875115,220,-1,5.3837806903367715,112.16043307628898
1471,73.55,ccurve,247,stanley,1.2,377.8832092285156,-171.9181365966797,149.46336364746094,0.31018180815174184,0.35,0.0,-0.545571314867471,3.9574890136718843,220,-1,5.410921476598481,112.11174388082536
1472,73.60000000000001,ccurve,247,stanley,1.2,377.6347961425781,-171.8158416748047,151.4126434326172,0.2477953336793605,0.35,0.0,-0.5259070471748732,2.008209228515647,220,-1,5.400973875502131,112.05837785120221
1473,73.65,ccurve,247,stanley,1.2,377.3843688964844,-171.7166748046875,153.0039825439453,0.6366677546964419,0.35,0.0,-0.5676646595410466,15.112091064453127,221,-1,5.414057641902941,112.00191076431135
1474,73.7,ccurve,247,stanley,1.2,377.1321716308594,-171.6256866455078,154.6719970703125,0.6052065521556268,0.35,0.0,-0.6047677513990446,13.44407653808595,221,-1,5.340763768381835,111.93826637730163
1475,73.75,ccurve,247,stanley,1.2,376.8789367675781,-171.54965209960938,156.63412475585938,0.5618554853214768,0.35,0.0,-0.6270240616991882,11.481948852539073,221,-1,5.232496039639894,111.86216959799079
1476,73.8,ccurve,247,stanley,1.2,376.6275329589844,-171.4911346435547,159.0567169189453,0.4981466653860535,0.35,0.0,-0.6325157980261545,9.059356689453132,221,-1,5.1551466478771735,111.7730005408998
1477,73.85000000000001,ccurve,247,stanley,1.2,376.3705139160156,-171.4491729736328,161.62046813964844,0.4182019961666041,0.35,0.0,-0.6206502484295763,6.49560546875,221,-1,5.206087638404311,111.66742333195408
1478,73.9,ccurve,247,stanley,1.2,376.11346435546875,-171.41539001464844,163.97467041015625,0.34487957389321383,0.35,0.0,-0.600774999412333,4.141403198242189,221,-1,5.1759643752306985,111.55547878973698
1479,73.95,ccurve,247,stanley,1.2,375.8580322265625,-171.38636779785156,166.03648376464844,0.6457923410429561,0.35,0.0,-0.6308544088173719,14.289642333984332,222,-1,5.180933382063247,111.4409054994809
1480,74.0,ccurve,247,stanley,1.2,375.6048889160156,-171.366455078125,168.02386474609375,0.5984222927636593,0.35,0.0,-0.6522076833845416,12.30226135253905,222,-1,5.149179631309824,111.32038744550147
1481,74.05,ccurve,247,stanley,1.2,375.3518981933594,-171.35951232910156,170.3439178466797,0.5358305547386597,0.35,0.0,-0.6605903288306263,9.982208251953129,222,-1,5.137271562533147,111.18948187996406
1482,74.10000000000001,ccurve,247,stanley,1.2,375.09423828125,-171.37132263183594,172.89627075195312,0.45359841939395573,0.35,0.0,-0.650246803066494,7.429855346679704,222,-1,5.254901736186252,111.04067953620942
1483,74.15,ccurve,247,stanley,1.2,374.83526611328125,-171.39349365234375,175.40951538085938,0.3724208810939668,0.35,0.0,-0.6295501966508524,4.916610717773413,222,-1,5.296132681366543,110.8828301095196
1484,74.2,ccurve,247,stanley,1.2,374.5759582519531,-171.419921875,177.56301879882812,0.3047140148220975,0.35,0.0,-0.604598367797841,2.7631072998046586,222,-1,5.227264724216277,110.7215894141382
1485,74.25,ccurve,247,stanley,1.2,374.3141174316406,-171.44886779785156,179.42141723632812,0.2361315607368349,0.35,0.0,-0.5771432969936824,0.9047088623046932,222,-1,5.361890418250074,110.55724734891459
1486,74.3,ccurve,247,stanley,1.2,374.0550231933594,-171.47923278808594,-179.08518981933594,0.19074068137160818,0.35,0.0,-0.5482528811321472,-0.5886840820312648,223,-1,5.161032644233219,110.39354826284749
1487,74.35000000000001,ccurve,247,stanley,1.2,373.79736328125,-171.509521484375,-177.91497802734375,0.14149785901319004,0.35,0.0,-0.5194312611492853,-1.7588958740234486,223,-1,5.297016445360585,110.23104872224513
1488,74.4,ccurve,247,stanley,1.2,373.54296875,-171.53958129882812,-177.0681915283203,0.11211354234588103,0.35,0.0,-0.4908199329314134,-2.6056823730468923,223,-1,5.145763831317221,110.07084158091673
1489,74.45,ccurve,247,stanley,1.2,373.28509521484375,-171.56900024414062,-176.4044952392578,0.07601716475751209,0.35,0.0,-0.46286926576611304,-3.2693786621093843,223,-1,5.347545173181469,109.90970841807851
1490,74.5,ccurve,247,stanley,1.2,373.02581787109375,-171.5978240966797,-175.93275451660156,0.05467835203776102,0.35,0.0,-0.4355216721333466,-3.741119384765637,223,-1,5.278108439818811,109.74872091049576
1491,74.55,ccurve,247,stanley,1.2,372.7638244628906,-171.6259765625,-175.57359313964844,0.03326878350993958,0.35,0.0,-0.40886091402868247,-4.100280761718762,223,-1,5.324540655000054,109.58726658079812
1492,74.60000000000001,ccurve,247,stanley,1.2,372.5035095214844,-171.6524200439453,-175.30230712890625,0.018381641158089067,0.35,0.0,-0.38389955887665633,-4.371566772460951,223,-1,5.249840298829075,109.42854260597802
1493,74.65,ccurve,247,stanley,1.2,372.24169921875,-171.67831420898438,-175.12847900390625,0.0033482849253694646,0.35,0.0,-0.3594960227445069,-4.54539489746096,223,-1,5.289456617105312,109.26990491406899
1494,74.7,ccurve,247,stanley,1.2,371.9801025390625,-171.7030029296875,-175.03504943847656,-0.006817969523770663,0.35,0.0,-0.33629585451363425,-4.638824462890649,224,-1,5.244431640401004,109.11281214605086
1495,74.75,ccurve,247,stanley,1.2,371.71826171875,-171.726318359375,-175.0147705078125,-0.015818029982426086,0.35,0.0,-0.3144711856638204,-4.659103393554666,224,-1,5.257477809178448,108.95717540671153
1496,74.8,ccurve,247,stanley,1.2,371.45721435546875,-171.7484893798828,-175.05323791503906,-0.02164904659470334,0.35,0.0,-0.29378639114257155,-4.6206359863280815,224,-1,5.221089972427834,108.80334085857362
1497,74.85000000000001,ccurve,247,stanley,1.2,371.1964416503906,-171.76942443847656,-175.14015197753906,-0.026695199939892132,0.35,0.0,-0.27433597517477615,-4.5337219238280895,224,-1,5.233423771792116,108.65112156944429
1498,74.9,ccurve,247,stanley,1.2,370.9362487792969,-171.7892608642578,-175.25990295410156,-0.02960599471329721,0.35,0.0,-0.2559808738402058,-4.413970947265622,224,-1,5.204498990354305,108.5005600744671
1499,74.95,ccurve,247,stanley,1.2,370.6760559082031,-171.80792236328125,-175.40689086914062,-0.032191614219560294,0.35,0.0,-0.23880068023052578,-4.266983032226544,224,-1,5.223196623547807,108.3514279862523
1500,75.0,ccurve,247,stanley,1.2,370.4161682128906,-171.8255615234375,-175.56964111328125,-0.03322250002598083,0.35,0.0,-0.22264107188362617,-4.104232788085921,224,-1,5.199560236723225,108.20375458995954
1501,75.05,ccurve,247,stanley,1.2,370.1559143066406,-171.84217834472656,-175.74636840820312,-0.03422559324410153,0.35,0.0,-0.2075058702947516,-3.9275054931640785,224,-1,5.222818947005254,108.05720259417424
1502,75.10000000000001,ccurve,247,stanley,1.2,369.8959045410156,-171.8578338623047,-175.92840576171875,-0.034060386179507796,0.35,0.0,-0.19332972623271666,-3.745468139648451,225,-1,5.202400030429991,107.91203463492991
1503,75.15,ccurve,247,stanley,1.2,369.6353759765625,-171.87258911132812,-176.1160430908203,-0.03403783716588363,0.35,0.0,-0.1800576300923723,-3.557830810546857,225,-1,5.228301723223695,107.76781703086316
1504,75.2,ccurve,247,stanley,1.2,369.3748779296875,-171.886474609375,-176.302490234375,-0.03313832322862783,0.35,0.0,-0.16765509713495508,-3.3713836669921804,225,-1,5.209662927235275,107.62480638508384
1505,75.25,ccurve,247,stanley,1.2,369.1138916015625,-171.89955139160156,-176.4891815185547,-0.03247548230005492,0.35,0.0,-0.1560640461665364,-3.184692382812512,225,-1,5.236981684398249,107.48269456432259
1506,75.3,ccurve,247,stanley,1.2,368.85284423828125,-171.91189575195312,-176.670654296875,-0.03117411809196586,0.35,0.0,-0.1452057526170976,-3.0032196044922,225,-1,5.219273318434657,107.34163524850764
1507,75.35000000000001,ccurve,247,stanley,1.2,368.5912780761719,-171.92344665527344,-176.8490447998047,-0.030131884293624265,0.35,0.0,-0.13514385621910488,-2.824829101562452,225,-1,5.247306158714482,107.2014583800272
1508,75.4,ccurve,247,stanley,1.2,368.32965087890625,-171.93438720703125,-177.02000427246094,-0.028627425319256213,0.35,0.0,-0.12569264890503853,-2.653869628906236,225,-1,5.230064981025699,107.0622384165112
1509,75.45,ccurve,247,stanley,1.2,368.0675048828125,-171.94467163085938,-177.18594360351562,-0.0274227686061808,0.35,0.0,-0.11690051186548306,-2.487930297851573,225,-1,5.258429188933395,106.92379345391593
1510,75.5,ccurve,247,stanley,1.2,367.8052673339844,-171.954345703125,-177.34329223632812,-0.025849829253190463,0.35,0.0,-0.10871839663711066,-2.330581665039063,226,-1,5.241398464867814,106.78630016523087
1511,75.55,ccurve,247,stanley,1.2,367.54254150390625,-171.96347045898438,-177.4946746826172,-0.02458704899229707,0.35,0.0,-0.10108920916282059,-2.1791992187499813,226,-1,5.269890905986361,106.64951533615594
1512,75.60000000000001,ccurve,247,stanley,1.2,367.2796936035156,-171.9720916748047,-177.63710021972656,-0.023059429551697267,0.35,0.0,-0.09396424838794355,-2.0367736816406157,226,-1,5.252945604406666,106.51358376936028
1513,75.65,ccurve,247,stanley,1.2,367.0163269042969,-171.9801788330078,-177.773193359375,-0.02180997879912509,0.35,0.0,-0.08737628955252391,-1.9006805419921917,226,-1,5.28145330913567,106.37834348111537
1514,75.7,ccurve,247,stanley,1.2,366.7528381347656,-171.98782348632812,-177.9005584716797,-0.020358501221226746,0.35,0.0,-0.08123152324899056,-1.7733154296874876,226,-1,5.2645164586628965,106.24391269783864
1515,75.75,ccurve,247,stanley,1.2,366.4888916015625,-171.99501037597656,-178.02157592773438,-0.019172873823829994,0.35,0.0,-0.07554711876684751,-1.652297973632771,226,-1,5.29298675625284,106.11014687137956
1516,75.8,ccurve,247,stanley,1.2,366.2248840332031,-172.00184631347656,-178.1343536376953,-0.017845665739254203,0.35,0.0,-0.07021400815664199,-1.5395202636718925,226,-1,5.276022938794157,105.97714862947998
1517,75.85000000000001,ccurve,247,stanley,1.2,365.96026611328125,-172.00830078125,-178.24105834960938,-0.01676359321510121,0.35,0.0,-0.06528025274487398,-1.432815551757765,227,-1,5.304417288332517,105.84468535863172
1518,75.9,ccurve,247,stanley,1.2,365.69561767578125,-172.014404296875,-178.34022521972656,-0.015560105476518765,0.35,0.0,-0.06068319993590505,-1.3336486816406437,227,-1,5.287411721620869,105.71301293311852
1519,75.95,ccurve,247,stanley,1.2,365.4305114746094,-172.0201873779297,-178.43373107910156,-0.014587737346110236,0.35,0.0,-0.056409182071391194,-1.2401428222656221,227,-1,5.315719314629999,105.58190493064801
1520,76.0,ccurve,247,stanley,1.2,365.1652526855469,-172.02566528320312,-178.5203857421875,-0.01351564086385916,0.35,0.0,-0.0524412035661577,-1.1534881591796682,227,-1,5.2986570338760535,105.45149759332135
1521,76.05,ccurve,247,stanley,1.2,364.8995666503906,-172.0308380126953,-178.6019744873047,-0.012637169908877996,0.35,0.0,-0.04878082775916828,-1.0718994140625082,227,-1,5.326867585702022,105.32166539449699
1522,76.10000000000001,ccurve,247,stanley,1.2,364.6337890625,-172.03575134277344,-178.6774444580078,-0.011680818959480775,0.35,0.0,-0.04538036827715555,-0.9964294433593899,227,-1,5.309752826306282,105.19253051448783
1523,76.15,ccurve,247,stanley,1.2,364.36749267578125,-172.04049682617188,-178.748291015625,-0.01093349449753374,0.35,0.0,-0.04215070572943957,-0.9255828857421693,227,-1,5.337863046749465,105.06381584696771
1524,76.2,ccurve,247,stanley,1.2,364.1011657714844,-172.04495239257812,-178.813720703125,-0.010099238111461878,0.35,0.0,-0.03921112918180505,-0.8601531982422094,227,-1,5.320693729331983,104.93586183660425
1525,76.25,ccurve,247,stanley,1.2,363.8343200683594,-172.04925537109375,-178.87515258789062,-0.009442579597806961,0.35,0.0,-0.03642625004951305,-0.7987213134765455,228,-1,5.348703030041349,104.80832380539002
1526,76.3,ccurve,247,stanley,1.2,363.56744384765625,-172.05335998535156,-178.93190002441406,-0.00873058244802494,0.35,0.0,-0.033840746643084896,-0.7419738769531163,228,-1,5.331472828042973,104.68147279244387
1527,76.35000000000001,ccurve,247,stanley,1.2,363.3000793457031,-172.05726623535156,-178.985107421875,-0.008149217855311032,0.35,0.0,-0.03145638355038758,-0.688766479492143,228,-1,5.359382462157409,104.55510154107587
1528,76.4,ccurve,247,stanley,1.2,363.0326843261719,-172.06100463867188,-179.0341796875,-0.007524806454687574,0.35,0.0,-0.029240038122718182,-0.6396942138671857,228,-1,5.342091928922903,104.42939741811804
1529,76.45,ccurve,247,stanley,1.2,362.76470947265625,-172.06459045410156,-179.0802001953125,-0.007019346639656117,0.35,0.0,-0.02717957849612245,-0.5936737060547008,228,-1,5.369901104022881,104.30409971362062
1530,76.5,ccurve,247,stanley,1.2,362.4967346191406,-172.06802368164062,-179.12265014648438,-0.006474449591329215,0.35,0.0,-0.025271704288343647,-0.5512237548828148,228,-1,5.352555008774628,104.17947679705028
1531,76.55,ccurve,247,stanley,1.2,362.2283020019531,-172.07131958007812,-179.162353515625,-0.0060333227088101,0.35,0.0,-0.023503762522439606,-0.5115203857421744,228,-1,5.380265893744772,104.05531119468951
1532,76.60000000000001,ccurve,247,stanley,1.2,361.9598388671875,-172.0745086669922,-179.19894409179688,-0.005568736620605876,0.35,0.0,-0.021841963276964173,-0.47492980957029235,229,-1,5.362864140793105,103.93177243793534
1533,76.65,ccurve,247,stanley,1.2,361.6908874511719,-172.07757568359375,-179.23313903808594,-0.005192511854666148,0.35,0.0,-0.02030585261288366,-0.44073486328123984,229,-1,5.390480793147633,103.80867226381912
1534,76.7,ccurve,247,stanley,1.2,361.42193603515625,-172.08053588867188,-179.26466369628906,-0.0047903145720075155,0.35,0.0,-0.018876551741974987,-0.4092102050781007,229,-1,5.373018968441654,103.68621934992565
1535,76.75,ccurve,247,stanley,1.2,361.15252685546875,-172.08338928222656,-179.294189453125,-0.004461981033860904,0.35,0.0,-0.017556666229177703,-0.37968444824218595,229,-1,5.400535642439211,103.56421349888124
1536,76.80000000000001,ccurve,247,stanley,1.2,360.8830871582031,-172.08615112304688,-179.32139587402344,-0.0041120638500215115,0.35,0.0,-0.01632850567199987,-0.35247802734371764,229,-1,5.383021879671018,103.44283425244087
1537,76.85000000000001,ccurve,247,stanley,1.2,360.6131286621094,-172.0888214111328,-179.34677124023438,-0.0038288569193299844,0.35,0.0,-0.01519484933971033,-0.32710266113281417,229,-1,5.410443262686021,103.32187010971131
1538,76.9,ccurve,247,stanley,1.2,360.3431091308594,-172.09144592285156,-179.3701629638672,-0.0035386950486538515,0.35,0.0,-0.01410731604172447,-0.3037109374999873,229,-1,5.392876097904082,103.20148500302597
1539,76.95,ccurve,247,stanley,1.2,360.0726013183594,-172.09397888183594,-179.39198303222656,-0.0033011364637523955,0.35,0.0,-0.013114113264297601,-0.28189086914063655,229,-1,5.420207713766231,103.08153728522952
1540,77.0,ccurve,247,stanley,1.2,359.8020935058594,-172.096435546875,-179.4121551513672,-0.003048533449404555,0.35,0.0,-0.012181103677324962,-0.26171874999999245,230,-1,5.40258369719529,102.96222940359317
1541,77.05000000000001,ccurve,247,stanley,1.2,359.5311584472656,-172.09884643554688,-179.43106079101562,-0.002844874160913908,0.35,0.0,-0.011312401095561864,-0.2428131103515468,230,-1,5.429824991500858,102.84335244840372
1542,77.10000000000001,ccurve,247,stanley,1.2,359.26019287109375,-172.10108947753906,-179.4484100341797,-0.002596385948422785,0.35,0.0,-0.010611716178826683,-0.22546386718748038,230,-1,5.42094191582591,102.72519125528939
1543,77.15,ccurve,247,stanley,1.2,358.98876953125,-172.10333251953125,-179.46588134765625,-0.002361225375140647,0.35,0.0,-0.009913636827031036,-0.20799255371089267,230,-1,5.43767204442985,102.60741488562081
1544,77.2,ccurve,247,stanley,1.2,358.7169494628906,-172.10548400878906,-179.48106384277344,-0.002147548115648965,0.35,0.0,-0.009309366882806473,-0.19281005859376105,230,-1,5.440598930797594,102.49013708316393
1545,77.25,ccurve,247,stanley,1.2,358.4444580078125,-172.10751342773438,-179.4954376220703,-0.0019362612552655592,0.35,0.0,-0.008830986768880094,-0.17843627929688577,230,-1,5.486481310801229,102.37327475855389
1546,77.30000000000001,ccurve,247,stanley,1.2,358.17144775390625,-172.10968017578125,-179.51222229003906,-0.0017027452327973232,0.35,0.0,-0.00821823275161662,-0.16165161132808398,230,-1,5.536627702330534,102.2566630542089
1547,77.35000000000001,ccurve,247,stanley,1.2,357.8966979980469,-172.11181640625,-179.5159149169922,-0.0018124541738123619,0.35,0.0,-0.007645055987814215,-0.1579589843749639,231,-1,5.560914939713699,102.13995100295537
1548,77.4,ccurve,247,stanley,1.2,357.6208190917969,-172.11407470703125,-179.52371215820312,-0.0018370454417494647,0.35,0.0,-0.006957078926214985,-0.15016174316407246,231,-1,5.570748308271636,102.02326636751809
1549,77.45,ccurve,247,stanley,1.2,357.3440856933594,-172.11636352539062,-179.528564453125,-0.0019730993113956058,0.35,0.0,-0.0062434485020728325,-0.14530944824217826,231,-1,5.629667818155952,101.90681503681232
1550,77.5,ccurve,247,stanley,1.2,357.0666198730469,-172.11868286132812,-179.5453338623047,-0.0017268913578608264,0.35,0.0,-0.005503469898070544,-0.12854003906247344,231,-1,5.5564901059122915,101.7906548191756
1551,77.55000000000001,ccurve,247,stanley,1.2,356.78863525390625,-172.12106323242188,-179.56927490234375,-0.0013292272755498322,0.35,0.0,-0.0047054101001396224,-0.10459899902342797,231,-1,5.5706283063968405,101.67485192285471
1552,77.60000000000001,ccurve,247,stanley,1.2,356.5108642578125,-172.12327575683594,-179.57989501953125,-0.0012410925495064482,0.35,0.0,-0.004073978332602203,-0.09397888183595886,231,-1,5.542193966381579,101.55991795974826
1553,77.65,ccurve,247,stanley,1.2,356.2324523925781,-172.1253662109375,-179.58407592773438,-0.001308277178762388,0.35,0.0,-0.0035682626910336687,-0.08979797363280449,231,-1,5.574761502231079,101.44546780113951
1554,77.7,ccurve,247,stanley,1.2,355.9535217285156,-172.12745666503906,-179.59140014648438,-0.0012731425385475608,0.35,0.0,-0.003064659045990732,-0.08247375488279948,232,-1,5.5576226280572065,101.33144544519209
1555,77.75,ccurve,247,stanley,1.2,355.6728515625,-172.12950134277344,-179.59085083007812,-0.0014527169290110228,0.35,0.0,-0.0026175731504356338,-0.08302307128906894,232,-1,5.592988150325943,101.21741221714777
1556,77.80000000000001,ccurve,247,stanley,1.2,355.3914794921875,-172.1313018798828,-179.59043884277344,-0.0015350921533289,0.35,0.0,-0.0024186191245615645,-0.08343505859372015,232,-1,5.597768888102914,101.10397570565908
1557,77.85000000000001,ccurve,247,stanley,1.2,355.1069030761719,-172.13330078125,-179.6038818359375,-0.0012982769635100702,0.35,0.0,-0.0020395430088022163,-0.06999206542967337,232,-1,5.711409102910545,100.989751672316
1558,77.9,ccurve,247,stanley,1.2,354.8189392089844,-172.13552856445312,-179.64407348632812,-0.00034950972703584935,0.35,0.0,-0.0014508699453700167,-0.029800415039049493,232,-1,5.678328885844272,100.87466483286848
1559,77.95,ccurve,247,stanley,1.2,354.52581787109375,-172.13771057128906,-179.67852783203125,0.0004499127143536698,0.35,0.0,-0.0009373285392349547,0.00465393066404077,232,-1,5.8095987625670436,100.75830598647165
1560,78.0,ccurve,247,stanley,1.2,354.23297119140625,-172.1398468017578,-179.69070434570312,0.0006397355377930303,0.35,0.0,-0.0004679994197812516,0.016830444335940005,232,-1,5.786967025234182,100.64281472852353
1561,78.05000000000001,ccurve,247,stanley,1.2,353.9447326660156,-172.14190673828125,-179.69114685058594,0.0005099376661877028,0.35,0.0,-4.789267893885035e-05,0.017272949218785142,233,-1,5.728013664163941,100.52988374072369
1562,78.10000000000001,ccurve,247,stanley,1.2,353.65911865234375,-172.14390563964844,-179.68954467773438,0.00033556043539120637,0.35,0.0,0.00032527748962422626,0.015670776367216775,233,-1,5.6962595329586065,100.4187109646663
1563,78.15,ccurve,247,stanley,1.2,353.3742980957031,-172.14588928222656,-179.6881103515625,0.0001701099898570216,0.35,0.0,0.0006877054288674648,0.014236450195358817,233,-1,5.708731421965478,100.30854321596406
1564,78.2,ccurve,247,stanley,1.2,353.08978271484375,-172.14776611328125,-179.6873016357422,5.706248192969909e-05,0.35,0.0,0.0009450606182318771,0.013427734375000706,233,-1,5.684555430611873,100.1992779042336
1565,78.25,ccurve,247,stanley,1.2,352.80511474609375,-172.14964294433594,-179.6871795654297,-3.341462385313665e-05,0.35,0.0,0.0012015472859497787,0.013305664062530307,233,-1,5.707171012799685,100.09064499435688
1566,78.30000000000001,ccurve,247,stanley,1.2,352.5205383300781,-172.15151977539062,-179.68756103515625,-0.00011286350971937616,0.35,0.0,0.0014585550666555867,0.013687133789089357,233,-1,5.685821200335552,99.98273863238029
1567,78.35000000000001,ccurve,247,stanley,1.2,352.23565673828125,-172.1533966064453,-179.6885223388672,-0.00017113025121891635,0.35,0.0,0.001713825804068373,0.014648437500010021,233,-1,5.709564809748734,99.87541384289722
1568,78.4,ccurve,247,stanley,1.2,351.9508972167969,-172.1552734375,-179.6898193359375,-0.00022489367854858992,0.35,0.0,0.0019706323358709074,0.015945434570351504,234,-1,5.688891215138947,99.7688318852368
1569,78.45,ccurve,247,stanley,1.2,351.6658630371094,-172.1571502685547,-179.6914825439453,-0.0002620285469851314,0.35,0.0,0.0022250345516371837,0.01760864257810418,234,-1,5.71262667889017,99.6628495041494
1570,78.5,ccurve,247,stanley,1.2,351.380859375,-172.15899658203125,-179.69345092773438,-0.00028586094651558133,0.35,0.0,0.002449093387969377,0.019577026367185522,234,-1,5.692188995923537,99.55760988926771
1571,78.55000000000001,ccurve,247,stanley,1.2,351.0955810546875,-172.16075134277344,-179.69558715820312,-0.0002663277430886493,0.35,0.0,0.0025800376340476957,0.02171325683597727,234,-1,5.715864641760183,99.45306237994566
1572,78.60000000000001,ccurve,247,stanley,1.2,350.8100280761719,-172.1627960205078,-179.6986846923828,-0.00032598723866248357,0.35,0.0,0.0029993308369144537,0.024810791015638795,234,-1,5.693451404325562,99.34885518920503
1573,78.65,ccurve,247,stanley,1.2,350.5237731933594,-172.16407775878906,-179.69464111328125,-0.0003157206270896353,0.35,0.0,0.0026517017461226353,0.020767211914102683,234,-1,5.730115267772904,99.2458248097072
1574,78.7,ccurve,247,stanley,1.2,350.2375793457031,-172.1664276123047,-179.70582580566406,-0.00024620427575255824,0.35,0.0,0.003372517995707899,0.03195190429688732,234,-1,5.715618079934235,99.1425355888931
1575,78.75,ccurve,247,stanley,1.2,349.95123291015625,-172.1683349609375,-179.71185302734375,-0.00016526410328120093,0.35,0.0,0.0036508089861501075,0.03797912597660174,235,-1,5.7356435207510765,99.04032700318291
1576,78.80000000000001,ccurve,247,stanley,1.2,349.66522216796875,-172.1701202392578,-179.71612548828125,-0.00010231449475105025,0.35,0.0,0.00380810141208856,0.042251586914083455,235,-1,5.712653084444863,98.93907255051025
1577,78.85000000000001,ccurve,247,stanley,1.2,349.3790588378906,-172.1718292236328,-179.71978759765625,-2.0210662847847446e-05,0.35,0.0,0.0038882326069720396,0.045913696289111405,235,-1,5.734212571798653,98.83856111932766
1578,78.9,ccurve,247,stanley,1.2,349.0920715332031,-172.1739959716797,-179.72265625,-0.0001006264944247932,0.35,0.0,0.0044214300414151374,0.04878234863282732,235,-1,5.812049723420946,98.73806492477844
1579,78.95,ccurve,247,stanley,1.2,348.8025207519531,-172.17591857910156,-179.65699768066406,-0.002069556748770244,0.35,0.0,0.004695899642089775,-0.016876220703078235,235,-1,5.811307687318252,98.63766143341002
1580,79.0,ccurve,247,stanley,1.2,348.5125427246094,-172.1769256591797,-179.63162231445312,-0.0025830034590583984,0.35,0.0,0.004052424869252632,-0.042251586914083455,235,-1,5.786161897829769,98.5387247921794
1581,79.05000000000001,ccurve,247,stanley,1.2,348.2230529785156,-172.17823791503906,-179.63194274902344,-0.002457732898173694,0.35,0.0,0.0037169002033181726,-0.041931152343708714,235,-1,5.796282294991863,98.44041836306859
1582,79.10000000000001,ccurve,247,stanley,1.2,347.9343566894531,-172.17990112304688,-179.64791870117188,-0.0020189978766142203,0.35,0.0,0.003737679290297037,-0.025955200195265055,236,-1,5.747828761046615,98.34279768387314
1583,79.15,ccurve,247,stanley,1.2,347.6453552246094,-172.1811065673828,-179.67469787597656,-0.0010974969965233095,0.35,0.0,0.0032981241004595646,0.0008239746094041888,236,-1,5.779389811889269,98.24626034510514
1584,79.2,ccurve,247,stanley,1.2,347.3560791015625,-172.18321228027344,-179.70323181152344,-0.0004363971413577932,0.35,0.0,0.003757259542678233,0.029357910156255242,236,-1,5.788026171128463,98.14953841122468
1585,79.25,ccurve,247,stanley,1.2,347.0665283203125,-172.18495178222656,-179.72372436523438,0.00012048354551024737,0.35,0.0,0.0038486266407725604,0.04985046386717231,236,-1,5.79863016287275,98.05383218796366
1586,79.30000000000001,ccurve,247,stanley,1.2,346.7774963378906,-172.1865997314453,-179.7323455810547,0.00035951345605031464,0.35,0.0,0.0038513954611748688,0.0584716796875188,236,-1,5.77053477700298,97.95914154919666
1587,79.35000000000001,ccurve,247,stanley,1.2,346.48846435546875,-172.18821716308594,-179.73634338378906,0.0004871205827112713,0.35,0.0,0.0038236471978137935,0.06246948242191668,236,-1,5.788045892640983,97.8652418707617
1588,79.4,ccurve,247,stanley,1.2,346.1993713378906,-172.18975830078125,-179.74533081054688,0.0007784888315361596,0.35,0.0,0.0037192588163856496,0.07145690917972526,236,-1,5.784177909108461,97.77215960441835
1589,79.45,ccurve,247,stanley,1.2,345.91162109375,-172.1922607421875,-179.73646545410156,0.00021543390081038365,0.35,0.0,0.00458464254106597,0.06259155273438707,237,-1,5.725865251622534,97.67935145554742
1590,79.5,ccurve,247,stanley,1.2,345.6246337890625,-172.19329833984375,-179.71676635742188,-0.0001543708406437014,0.35,0.0,0.0039887078762638195,0.04289245605473116,237,-1,5.678451488512594,97.58893286070114
1591,79.55000000000001,ccurve,247,stanley,1.2,345.33807373046875,-172.19461059570312,-179.708984375,-0.00027327389304413846,0.35,0.0,0.0036698588259423655,0.03511047363283493,237,-1,5.647913087353857,97.49914527157449
1592,79.60000000000001,ccurve,247,stanley,1.2,345.0511169433594,-172.196044921875,-179.70974731445312,-0.0001769083705106442,0.35,0.0,0.003470819954393524,0.03587341308595303,237,-1,5.673001069396175,97.4098806904178
1593,79.65,ccurve,247,stanley,1.2,344.76483154296875,-172.19747924804688,-179.70803833007812,-0.000152003383572362,0.35,0.0,0.0032756025780893297,0.03416442871096034,237,-1,5.703846805597818,97.32158333448729
1594,79.7,ccurve,247,stanley,1.2,344.47900390625,-172.19888305664062,-179.70977783203125,-2.6634388255688283e-05,0.35,0.0,0.003052473682961282,0.03590393066409608,237,-1,5.697465444459016,97.23421501146679
1595,79.75,ccurve,247,stanley,1.2,344.19329833984375,-172.20030212402344,-179.7109832763672,8.208463718528336e-05,0.35,0.0,0.002845298147032135,0.037109375000008424,237,-1,5.714041035113849,97.14763078162535
1596,79.80000000000001,ccurve,247,stanley,1.2,343.9079284667969,-172.20172119140625,-179.7124786376953,0.00019245618655212965,0.35,0.0,0.0026408743357978505,0.03860473632810158,238,-1,5.697525408746387,97.06190911769268
1597,79.85000000000001,ccurve,247,stanley,1.2,343.6226501464844,-172.20318603515625,-179.71356201171875,0.0002809247331029063,0.35,0.0,0.002481906286124011,0.039688110351594426,238,-1,5.715593187185064,96.97693436168889
1598,79.9,ccurve,247,stanley,1.2,343.3377380371094,-172.20462036132812,-179.7138671875,0.0003505214836309191,0.35,0.0,0.0022945056046384123,0.039993286132821305,238,-1,5.690112811908598,96.89286006802347
1599,79.95,ccurve,247,stanley,1.2,343.0533142089844,-172.20608520507812,-179.71409606933594,0.0004080900320362981,0.35,0.0,0.0021404012761850324,0.04022216796876692,238,-1,5.673427883523207,96.80966180764341
1600,80.0,ccurve,247,stanley,1.2,342.7742614746094,-172.20761108398438,-179.71340942382812,0.00040371508626994477,0.35,0.0,0.0020779030772155984,0.039535522460930096,238,-1,5.62343247599644,96.7286928819383
1601,80.05000000000001,ccurve,247,stanley,1.2,342.496826171875,-172.2091522216797,-179.71299743652344,0.00040578789799276094,0.35,0.0,0.0020398697495808693,0.03912353515627889,238,-1,5.627837419237504,96.64890162720825
1602,80.10000000000001,ccurve,247,stanley,1.2,342.2187805175781,-172.21075439453125,-179.71588134765625,0.00048177654676649314,0.35,0.0,0.0020593965028868682,0.04200744628904088,238,-1,5.631026451365192,96.56961302484751
1603,80.15,ccurve,247,stanley,1.2,341.93878173828125,-172.21221923828125,-179.71417236328125,0.0004827537835535823,0.35,0.0,0.0019313202792548357,0.04029846191404819,239,-1,5.6741877892365515,96.49065415194535
1604,80.2,ccurve,247,stanley,1.2,341.65765380859375,-172.21376037597656,-179.7120819091797,0.0004396743049682345,0.35,0.0,0.001872268727774549,0.038208007812496454,239,-1,5.6411504414076985,96.41206221026158
1605,80.25,ccurve,247,stanley,1.2,341.3747863769531,-172.21522521972656,-179.70965576171875,0.0004250476765433387,0.35,0.0,0.0017270233201155782,0.03578186035157479,239,-1,5.679994396924515,96.33382996272192
1606,80.30000000000001,ccurve,247,stanley,1.2,341.0916442871094,-172.2167205810547,-179.7067413330078,0.000379797439760525,0.35,0.0,0.001610731657256273,0.03286743164066975,239,-1,5.657647783512318,96.25626253884695
1607,80.35000000000001,ccurve,247,stanley,1.2,340.80780029296875,-172.21815490722656,-179.70413208007812,0.0003703475230306808,0.35,0.0,0.001429410627296249,0.03025817871094071,239,-1,5.682177662106083,96.17933913861262
1608,80.4,ccurve,247,stanley,1.2,340.5242614746094,-172.2196502685547,-179.7017822265625,0.0003423086977377952,0.35,0.0,0.0013108608081560157,0.02790832519530032,239,-1,5.65864261979459,96.1032135948143
1609,80.45,ccurve,247,stanley,1.2,340.2406311035156,-172.22119140625,-179.69955444335938,0.0003056536640831466,0.35,0.0,0.0012375655016729544,0.025680541992232103,239,-1,5.679145953242059,96.02779697804736
1610,80.5,ccurve,247,stanley,1.2,339.9572448730469,-172.2227325439453,-179.69749450683594,0.0002751648021807957,0.35,0.0,0.0011510685606858535,0.02362060546877252,240,-1,5.657080976436019,95.9532221319277
1611,80.55000000000001,ccurve,247,stanley,1.2,339.6736755371094,-172.22427368164062,-179.69566345214844,0.0002496295032216027,0.35,0.0,0.001078120662861397,0.021789550781258545,240,-1,5.6790662388757625,95.87938043467777
1612,80.60000000000001,ccurve,247,stanley,1.2,339.3902587890625,-172.225830078125,-179.69403076171875,0.00022134131892157763,0.35,0.0,0.001021299828565143,0.020156860351547137,240,-1,5.658331039515582,95.80634469575531
1613,80.65,ccurve,247,stanley,1.2,339.10662841796875,-172.22738647460938,-179.69256591796875,0.00020100773276574433,0.35,0.0,0.0009632630639637737,0.01869201660159702,240,-1,5.681610382024194,95.73403928222277
1614,80.7,ccurve,247,stanley,1.2,338.8231506347656,-172.22894287109375,-179.6912384033203,0.00018174301549656114,0.35,0.0,0.0009060948210089154,0.017364501953163386,240,-1,5.661699500534411,95.66255763593128
1615,80.75,ccurve,247,stanley,1.2,338.5392761230469,-172.23048400878906,-179.69004821777344,0.0001748687458377246,0.35,0.0,0.000831409879891437,0.016174316406246222,240,-1,5.685701412936917,95.5917817504849
1616,80.80000000000001,ccurve,247,stanley,1.2,338.25555419921875,-172.23204040527344,-179.68890380859375,0.00016148455837506349,0.35,0.0,0.000772852002302162,0.015029907226569073,240,-1,5.6662065969387125,95.52181886693641
1617,80.85000000000001,ccurve,247,stanley,1.2,337.9714660644531,-172.23361206054688,-179.6878662109375,0.000148714727427292,0.35,0.0,0.0007285503077983429,0.01400756835936232,241,-1,5.690556993872701,95.45254642158937
1618,80.9,ccurve,247,stanley,1.2,337.6875305175781,-172.2351531982422,-179.6869354248047,0.00014728094545634864,0.35,0.0,0.0006534423403011364,0.013076782226559254,241,-1,5.671253986872095,95.38413522695197
1619,80.95,ccurve,247,stanley,1.2,337.4032287597656,-172.23670959472656,-179.68600463867188,0.00014302095980868047,0.35,0.0,0.0005915083651845746,0.01214599609375619,241,-1,5.695745672235198,95.31642116467923
1620,81.0,ccurve,247,stanley,1.2,337.1189880371094,-172.23828125,-179.6851348876953,0.00013351206981013163,0.35,0.0,0.0005451803568395604,0.011276245117188324,241,-1,5.67651194859599,95.24950667871425
1621,81.05000000000001,ccurve,247,stanley,1.2,336.8344421386719,-172.23983764648438,-179.68429565429688,0.00013216559995901542,0.35,0.0,0.0004818566820710532,0.010437011718738058,241,-1,5.701048891854212,95.1833399506136
1622,81.10000000000001,ccurve,247,stanley,1.2,336.5499572753906,-172.2413787841797,-179.68345642089844,0.00013467445745299708,0.35,0.0,0.0004036218903569707,0.009597778320313236,241,-1,5.681821847868856,95.11800692726344
1623,81.15,ccurve,247,stanley,1.2,336.2651062011719,-172.24295043945312,-179.6826629638672,0.0001297486493385768,0.35,0.0,0.00035381963288209396,0.00880432128905209,241,-1,5.706349848772976,95.05337008282235
1624,81.2,ccurve,247,stanley,1.2,335.9803771972656,-172.2445068359375,-179.68182373046875,0.000127117250408153,0.35,0.0,0.0002908272931638608,0.007965087890627269,242,-1,5.687116612300563,94.98958490098592
1625,81.25,ccurve,247,stanley,1.2,335.6953125,-172.24606323242188,-179.68104553222656,0.00012810882408283348,0.35,0.0,0.00022455050663497053,0.007186889648437647,242,-1,5.711614517095414,94.92653894860322
1626,81.30000000000001,ccurve,247,stanley,1.2,335.4102783203125,-172.2472686767578,-179.68161010742188,0.0002877875641536765,0.35,0.0,-0.000192499030184349,0.007751464843753183,242,-1,5.702149386762935,94.86465720289202
1627,81.35000000000001,ccurve,247,stanley,1.2,335.1250305175781,-172.24761962890625,-179.67335510253906,0.000488188110392491,0.35,0.0,-0.001465242898278585,-0.0005035400390548931,242,-1,5.72722956535763,94.80438316691374
1628,81.4,ccurve,247,stanley,1.2,334.83917236328125,-172.24761962890625,-179.67730712890625,0.0011538567215527214,0.35,0.0,-0.003092407478249606,0.0034484863281284196,242,-1,5.756318361865038,94.74514742717591
1629,81.45,ccurve,247,stanley,1.2,334.552734375,-172.24806213378906,-179.65731811523438,0.0009808499452618506,0.35,0.0,-0.004280374880995702,-0.016540527343759198,242,-1,5.78524135543419,94.686186695479
1630,81.5,ccurve,247,stanley,1.2,334.26617431640625,-172.24986267089844,-179.65541076660156,0.0008710695767061733,0.35,0.0,-0.004111026908155765,-0.018447875976554447,242,-1,5.776060560913708,94.6267012648428
1631,81.55000000000001,ccurve,247,stanley,1.2,333.97869873046875,-172.25401306152344,-179.6361083984375,-0.000539962211794747,0.35,0.0,-0.0015957012530028623,-0.03775024414063068,243,-1,5.819799182637773,94.56556259380352
1632,81.60000000000001,ccurve,247,stanley,1.2,333.6910400390625,-172.26095581054688,-179.60569763183594,-0.0032051539537293326,0.35,0.0,0.003709521677738669,-0.06816101074218484,243,-1,5.793990893966404,94.50248425478726
1633,81.65,ccurve,247,stanley,1.2,333.4026184082031,-172.26644897460938,-179.59263610839844,-0.004871578578725834,0.35,0.0,0.0075608403205044954,-0.081222534179698,243,-1,5.822455789946065,94.44151742131207
1634,81.7,ccurve,247,stanley,1.2,333.1139831542969,-172.26890563964844,-179.58889770507812,-0.005275147994685889,0.35,0.0,0.008374493146221062,-0.08496093750000724,243,-1,5.7769793494044785,94.38433488542421
1635,81.75,ccurve,247,stanley,1.2,332.82464599609375,-172.26866149902344,-179.59884643554688,-0.00434183019240407,0.35,0.0,0.006483388676472836,-0.07501220703125255,243,-1,5.7927743572174055,94.33052488278875
1636,81.80000000000001,ccurve,247,stanley,1.2,332.5353698730469,-172.26885986328125,-179.61192321777344,-0.003485416072949098,0.35,0.0,0.005035129345535891,-0.0619354248046933,243,-1,5.764629701896466,94.27714819122767
1637,81.85000000000001,ccurve,247,stanley,1.2,332.2450256347656,-172.26947021484375,-179.63124084472656,-0.00256854657556855,0.35,0.0,0.003992770708802855,-0.042617797851570986,243,-1,5.806152588838487,94.2240324529594
1638,81.9,ccurve,247,stanley,1.2,331.95343017578125,-172.26963806152344,-179.64584350585938,-0.0016497957065254524,0.35,0.0,0.002502165757244541,-0.028015136718750083,244,-1,5.787065743854853,94.17199679387492
1639,81.95,ccurve,247,stanley,1.2,331.6602783203125,-172.270263671875,-179.66586303710938,-0.0007204217654709154,0.35,0.0,0.0014590841163727017,-0.007995605468744869,244,-1,5.8260247649049965,94.12011508837553
1640,82.0,ccurve,247,stanley,1.2,331.366943359375,-172.27159118652344,-179.66673278808594,-0.0005816659386154796,0.35,0.0,0.001116853126255749,-0.007125854492202447,244,-1,5.803093433545489,94.06839550265866
1641,82.05000000000001,ccurve,247,stanley,1.2,331.07269287109375,-172.27456665039062,-179.6756134033203,-0.0007619438812586523,0.35,0.0,0.002417333283168684,0.0017547607421818095,244,-1,5.847544931925202,94.01578479424563
1642,82.10000000000001,ccurve,247,stanley,1.2,330.77838134765625,-172.28001403808594,-179.67376708984375,-0.0020906668378270084,0.35,0.0,0.0061893497962556545,-9.155273437824319e-05,244,-1,5.822902457424418,93.96161781036864
1643,82.15,ccurve,247,stanley,1.2,330.48431396484375,-172.28526306152344,-179.67855834960938,-0.003149682202545041,0.35,0.0,0.009764394964833265,0.004699707031255336,244,-1,5.8409406184593875,93.90857741685423
1644,82.2,ccurve,247,stanley,1.2,330.1908264160156,-172.28860473632812,-179.69931030273438,-0.0031324395463609243,0.35,0.0,0.011435422937764013,0.02545166015623561,244,-1,5.820249550033301,93.85840376531948
1645,82.25,ccurve,247,stanley,1.2,329.8992004394531,-172.2891387939453,-179.71832275390625,-0.0022135006788568104,0.35,0.0,0.010310675565898198,0.04446411132813104,245,-1,5.813747130581868,93.81218404915565
1646,82.30000000000001,ccurve,247,stanley,1.2,329.6092224121094,-172.28956604003906,-179.7362060546875,-0.0013007282776764573,0.35,0.0,0.009087298976340337,0.06234741210936995,245,-1,5.79196355520637,93.7672048337554
1647,82.35000000000001,ccurve,247,stanley,1.2,329.3192443847656,-172.29058837890625,-179.74827575683594,-0.0007328043707400817,0.35,0.0,0.00845900551926639,0.07441711425781941,245,-1,5.812184416382252,93.72251278767365
1648,82.4,ccurve,247,stanley,1.2,329.0295104980469,-172.2919158935547,-179.75640869140625,-0.00040157743379251457,0.35,0.0,0.008137272599015626,0.08255004882813165,245,-1,5.791373343029015,93.67843081688754
1649,82.45,ccurve,247,stanley,1.2,328.7394714355469,-172.29342651367188,-179.7617645263672,-0.0001901081494257755,0.35,0.0,0.007996905056502673,0.08790588378905533,245,-1,5.814595135468309,93.63499974997158
1650,82.5,ccurve,247,stanley,1.2,328.44970703125,-172.2943115234375,-179.77206420898438,0.00034272384640204304,0.35,0.0,0.0072325007098971205,0.09820556640625146,245,-1,5.768105869262144,93.59310528517412
1651,82.55000000000001,ccurve,247,stanley,1.2,328.1599426269531,-172.29498291015625,-179.7687225341797,0.0005862405167482538,0.35,0.0,0.006254476777271702,0.09486389160154736,245,-1,5.7841571948148305,93.55230118474073
1652,82.60000000000001,ccurve,247,stanley,1.2,327.87078857421875,-172.29696655273438,-179.76416015625,0.00032798950278967897,0.35,0.0,0.006593535303401699,0.09030151367185939,246,-1,5.751420820960017,93.51115851557846
1653,82.65,ccurve,247,stanley,1.2,327.5816650390625,-172.3008575439453,-179.74998474121094,-0.0008394067567838358,0.35,0.0,0.008838711664519189,0.0761260986328121,246,-1,5.759939647490367,93.46900535553104
1654,82.7,ccurve,247,stanley,1.2,327.2931823730469,-172.30422973632812,-179.73556518554688,-0.0018515946695747995,0.35,0.0,0.01056874556403193,0.06170654296874769,246,-1,5.743725422542878,93.42832457983107
1655,82.75,ccurve,247,stanley,1.2,327.00482177734375,-172.3068084716797,-179.7334747314453,-0.00221948845246221,0.35,0.0,0.01150603013672543,0.05961608886719595,246,-1,5.761874029274741,93.38931983893917
1656,82.80000000000001,ccurve,247,stanley,1.2,326.7168884277344,-172.30841064453125,-179.73448181152344,-0.0021883795212627897,0.35,0.0,0.011469200004861872,0.060623168945305735,246,-1,5.746851674358564,93.35221096039243
1657,82.85000000000001,ccurve,247,stanley,1.2,326.4289245605469,-172.30960083007812,-179.74591064453125,-0.001695581225054976,0.35,0.0,0.011020215530360651,0.07205200195313295,246,-1,5.766424578235603,93.31638124010827
1658,82.9,ccurve,247,stanley,1.2,326.14129638671875,-172.31040954589844,-179.75747680664062,-0.0010923940418825478,0.35,0.0,0.010191678346416808,0.08361816406250208,246,-1,5.750643286754648,93.28184449910198
1659,82.95,ccurve,247,stanley,1.2,325.85357666015625,-172.31112670898438,-179.7733612060547,-0.00030831400036756385,0.35,0.0,0.009257357554339278,0.0995025634765675,247,-1,5.770856178322302,93.24826282916327
1660,83.0,ccurve,247,stanley,1.2,325.5661315917969,-172.3119659423828,-179.7845916748047,0.0002756168474529878,0.35,0.0,0.008460379728851518,0.11073303222656669,247,-1,5.7544042854363,93.21546593684035
1661,83.05000000000001,ccurve,247,stanley,1.2,325.2801208496094,-172.3123016357422,-179.82052612304688,0.0017417657952457314,0.35,0.0,0.007168034507486392,0.14666748046875494,247,-1,5.750346950567657,93.18419781772849
1662,83.10000000000001,ccurve,247,stanley,1.2,324.9947509765625,-172.31332397460938,-179.83871459960938,0.0024575287462083573,0.35,0.0,0.006565971631342905,0.16485595703124617,247,-1,5.7258832682010965,93.15318079953285
1663,83.15,ccurve,247,stanley,1.2,324.70953369140625,-172.31581115722656,-179.85032653808594,0.002498864707300944,0.35,0.0,0.0074295973359038234,0.17646789550780442,247,-1,5.739070569090128,93.12158589735932
1664,83.2,ccurve,247,stanley,1.2,324.4252014160156,-172.31871032714844,-179.85556030273438,0.0021963075408016636,0.35,0.0,0.008710241331884212,0.1817016601562577,247,-1,5.712737690079583,93.09053052786712
1665,83.25,ccurve,247,stanley,1.2,324.14007568359375,-172.3209686279297,-179.8549041748047,0.0019767491354198575,0.35,0.0,0.00934551004593618,0.18104553222656392,247,-1,5.744261331346882,93.06089661278295
1666,83.30000000000001,ccurve,247,stanley,1.2,323.8546142578125,-172.3226318359375,-179.85275268554688,0.0018876712890654476,0.35,0.0,0.009384948474226652,0.1788787841797309,248,-1,5.719874470479923,93.0326890556333
1667,83.35000000000001,ccurve,247,stanley,1.2,323.5683898925781,-172.32376098632812,-179.84487915039062,0.0018495778087802405,0.35,0.0,0.008884907668947211,0.17100524902345643,248,-1,5.7483805836130815,93.00581363002418
1668,83.4,ccurve,247,stanley,1.2,323.2819519042969,-172.3246612548828,-179.8369140625,0.0018667314714918223,0.35,0.0,0.008154772805137269,0.16304016113280373,248,-1,5.738527825032211,92.98002135800874
1669,83.45,ccurve,247,stanley,1.2,322.994873046875,-172.32534790039062,-179.826171875,0.0018975455874613353,0.35,0.0,0.007207370564068284,0.15229797363281333,248,-1,5.769906269208988,92.95526473054552
1670,83.5,ccurve,247,stanley,1.2,322.70751953125,-172.32659912109375,-179.81329345703125,0.001665067284906068,0.35,0.0,0.0068229710336582036,0.1394195556640821,248,-1,5.781364261000617,92.930803780157
1671,83.55000000000001,ccurve,247,stanley,1.2,322.4196472167969,-172.3275909423828,-179.80728149414062,0.0017246045124487642,0.35,0.0,0.006176223317661215,0.13340759277346464,248,-1,5.813365240791314,92.90744429555441
1672,83.60000000000001,ccurve,247,stanley,1.2,322.1313171386719,-172.32757568359375,-179.7989044189453,0.0020390036854824574,0.35,0.0,0.004519806272532988,0.12503051757810982,248,-1,5.790676368343102,92.88594206497372
1673,83.65,ccurve,247,stanley,1.2,321.8424377441406,-172.3291015625,-179.781982421875,0.0015997069814843322,0.35,0.0,0.004417301094153196,0.10810852050779157,249,-1,5.8272889363935905,92.86375426628689
1674,83.7,ccurve,247,stanley,1.2,321.5528564453125,-172.33059692382812,-179.77349853515625,0.0014169566358543948,0.35,0.0,0.004264357817811142,0.09962463378906333,249,-1,5.860260314676022,92.84244354049822
1675,83.75,ccurve,247,stanley,1.2,321.262451171875,-172.33206176757812,-179.76280212402344,0.0011834005506682307,0.35,0.0,0.004076207440814544,0.08892822265626207,249,-1,5.899053133851555,92.8220092745065
1676,83.80000000000001,ccurve,247,stanley,1.2,320.9713439941406,-172.33352661132812,-179.75291442871094,0.0009644148715736085,0.35,0.0,0.003884061864243997,0.07904052734376803,249,-1,5.896928999902057,92.80243672336525
1677,83.85000000000001,ccurve,247,stanley,1.2,320.6789245605469,-172.33497619628906,-179.74429321289062,0.0007986396027879406,0.35,0.0,0.003669188459631767,0.07041931152347243,249,-1,5.9404999736497865,92.78371316839788
1678,83.9,ccurve,247,stanley,1.2,320.3858642578125,-172.33644104003906,-179.73797607421875,0.0006790618154657381,0.35,0.0,0.0034659258059858843,0.0641021728515772,249,-1,5.908005716499991,92.76585755649782
1679,83.95,ccurve,247,stanley,1.2,320.09100341796875,-172.33795166015625,-179.73199462890625,0.04972900471074748,0.35,0.0,0.034677490865929105,2.1411437988281237,250,-1,5.951171697949145,92.74878661152326
1680,84.0,ccurve,247,stanley,1.2,319.7951354980469,-172.3419952392578,-179.6015167236328,0.0486984798498441,0.35,0.0,0.026280629889111916,2.0106658935546866,250,-1,5.900695983272913,92.7300717229213
1681,84.05000000000001,ccurve,247,stanley,1.2,319.4970703125,-172.34918212890625,-179.34226989746094,0.043107012900130824,0.35,0.0,0.020931938691134744,1.7514190673828047,250,-1,5.930457177234353,92.70905879070926
1682,84.10000000000001,ccurve,247,stanley,1.2,319.1986389160156,-172.35667419433594,-179.07196044921875,0.03703823223615864,0.35,0.0,0.015872759790218016,1.4811096191406343,250,-1,5.906359178412431,92.68868001519354
1683,84.15,ccurve,247,stanley,1.2,318.90032958984375,-172.3665771484375,-178.8157196044922,0.030623200670915125,0.35,0.0,0.013227469899815306,1.2248687744140614,250,-1,5.941924611779619,92.66685400982668
1684,84.2,ccurve,247,stanley,1.2,318.6002197265625,-172.37730407714844,-178.5935821533203,0.02489490731608181,0.35,0.0,0.011329740402008268,1.0027313232421882,250,-1,5.927834787532492,92.64509765826884
1685,84.25,ccurve,247,stanley,1.2,318.2983703613281,-172.38841247558594,-178.4022979736328,0.48733159317177216,0.35,0.0,-0.011160633376444545,16.928054809570327,251,-1,5.969207779498395,92.6238730248095
1686,84.30000000000001,ccurve,247,stanley,1.2,317.99652099609375,-172.4033203125,-178.06362915039062,0.5046678220465194,0.35,0.0,-0.09293218801159844,16.589385986328146,251,-1,5.948669350898986,92.59983088992921
1687,84.35000000000001,ccurve,247,stanley,1.2,317.6969299316406,-172.4294891357422,-177.22998046875,0.5043575884546188,0.35,0.0,-0.16330875827608585,15.755737304687521,251,-1,5.917497594943426,92.56556916026528
1688,84.4,ccurve,247,stanley,1.2,317.4033203125,-172.47097778320312,-175.82022094726562,0.48285214952416744,0.35,0.0,-0.21725887333977936,14.345977783203136,251,-1,5.845190957910694,92.51708911123652
1689,84.45,ccurve,247,stanley,1.2,317.1194152832031,-172.5310516357422,-173.79843139648438,0.4377026169830859,0.35,0.0,-0.2505034031886362,12.324188232421875,251,-1,5.74468576385135,92.451138705302
1690,84.5,ccurve,247,stanley,1.2,316.8438720703125,-172.6061553955078,-171.52316284179688,0.37885529212270147,0.35,0.0,-0.2668400540625518,10.048919677734384,251,-1,5.7076519221222295,92.3711602951213
1691,84.55000000000001,ccurve,247,stanley,1.2,316.5739440917969,-172.69186401367188,-169.29808044433594,0.8011646475703533,0.35,0.0,-0.3404774753761921,23.940444946289073,252,-1,5.699443685932378,92.28146716754193
1692,84.60000000000001,ccurve,247,stanley,1.2,316.31005859375,-172.78860473632812,-167.03427124023438,0.7618892764761201,0.35,0.0,-0.41089360427745997,21.6766357421875,252,-1,5.647775594533871,92.1815884775121
1693,84.65,ccurve,247,stanley,1.2,316.0573425292969,-172.9008331298828,-164.37062072753906,0.7058920147793576,0.35,0.0,-0.46221848490603745,19.012985229492195,252,-1,5.563645008365885,92.06705811082482
1694,84.7,ccurve,247,stanley,1.2,315.8196105957031,-173.0292510986328,-161.297119140625,0.6319744201351082,0.35,0.0,-0.49170617605274725,15.939483642578116,252,-1,5.449530825027425,91.93710373149386
1695,84.75,ccurve,247,stanley,1.2,315.5948791503906,-173.17271423339844,-158.02685546875,0.5426645210340812,0.35,0.0,-0.5014258078015114,12.669219970703118,252,-1,5.4293446915307895,91.79275029159325
1696,84.80000000000001,ccurve,247,stanley,1.2,315.376708984375,-173.32679748535156,-154.9433135986328,0.45345471013747496,0.35,0.0,-0.4986783224843362,9.58567810058593,252,-1,5.433200937784625,91.63832719506912
1697,84.85000000000001,ccurve,247,stanley,1.2,315.16180419921875,-173.48934936523438,-152.1626434326172,0.9225011569822517,0.35,0.0,-0.5424082539286864,25.51676940917967,253,-1,5.4823130324062,91.47594811158932
1698,84.9,ccurve,247,stanley,1.2,314.95330810546875,-173.66004943847656,-149.50491333007812,0.8714742949777095,0.35,0.0,-0.6078076588234769,22.859039306640604,253,-1,5.43556486730494,91.30589973590637
1699,84.95,ccurve,247,stanley,1.2,314.7603759765625,-173.842041015625,-146.5279541015625,0.8065592442810802,0.35,0.0,-0.6539799432416814,19.882080078125,253,-1,5.348403203370507,91.12493871517248
1700,85.0,ccurve,247,stanley,1.2,314.5880432128906,-174.0348663330078,-143.163818359375,0.7226962434602827,0.35,0.0,-0.6771582290360029,16.51794433593749,253,-1,5.263335409483055,90.93338444287944
1701,85.05000000000001,ccurve,247,stanley,1.2,314.4343566894531,-174.24465942382812,-139.54617309570312,0.615124063509062,0.35,0.0,-0.6752483813950726,12.90029907226561,253,-1,5.339538892240022,90.72500732857556
1702,85.10000000000001,ccurve,247,stanley,1.2,314.2909240722656,-174.46221923828125,-136.0880584716797,0.5113043184996376,0.35,0.0,-0.6604757115422272,9.44218444824217,253,-1,5.332839280987113,90.50901175821616
1703,85.15,ccurve,247,stanley,1.2,314.15216064453125,-174.68499755859375,-133.00051879882812,1.0,0.35,0.0,-0.7141664315979206,27.73480224609375,254,-1,5.35956555816283,90.2879718019683
1704,85.2,ccurve,247,stanley,1.2,314.0215148925781,-174.912841796875,-130.0736846923828,0.9928494518276294,0.35,0.0,-0.7802119233991207,24.80796813964845,254,-1,5.341504675328108,90.06196937481346
1705,85.25,ccurve,247,stanley,1.2,313.9089050292969,-175.1449737548828,-126.9046859741211,0.9260329980744272,0.35,0.0,-0.8277289815817795,21.638969421386726,254,-1,5.220696766804412,89.83158938632191
1706,85.30000000000001,ccurve,247,stanley,1.2,313.82110595703125,-175.38514709472656,-123.35604858398438,0.8305962182201843,0.35,0.0,-0.8491934316460029,18.090332031250004,254,-1,5.251990843759998,89.59289494887719
1707,85.35000000000001,ccurve,247,stanley,1.2,313.7590026855469,-175.63330078125,-119.54560852050781,0.7163000995154347,0.35,0.0,-0.8437675615782668,14.279891967773432,254,-1,5.312550657072678,89.34585646238209
1708,85.4,ccurve,247,stanley,1.2,313.7138671875,-175.8896484375,-115.7594985961914,0.5934735461626921,0.35,0.0,-0.8198151854077972,10.49378204345704,254,-1,5.425334540448553,89.0903630338007
1709,85.45,ccurve,247,stanley,1.2,313.6761474609375,-176.15408325195312,-112.3165512084961,0.9604887965295881,0.35,0.0,-0.8746039921650949,22.82750701904297,255,-1,5.507231982026717,88.826672285942
1710,85.5,ccurve,247,stanley,1.2,313.6470642089844,-176.41824340820312,-108.94134521484375,0.8808680006010174,0.35,0.0,-0.9060418000462042,19.45230102539062,255,-1,5.402827522874584,88.56311086198421
1711,85.55000000000001,ccurve,247,stanley,1.2,313.6358642578125,-176.67713928222656,-105.37030792236328,0.7914773147538541,0.35,0.0,-0.9195500727390507,15.88126373291015,255,-1,5.27256714818698,88.30447837612186
1712,85.60000000000001,ccurve,247,stanley,1.2,313.64892578125,-176.93356323242188,-101.50745391845703,0.6744514158596516,0.35,0.0,-0.9087757915709518,12.018409729003904,255,-1,5.318595094525679,88.04785022892035
1713,85.65,ccurve,247,stanley,1.2,313.68011474609375,-177.19374084472656,-97.8014907836914,0.5515986051412114,0.35,0.0,-0.8799082640077481,8.31244659423828,255,-1,5.43537242896463,87.78712465274181
1714,85.7,ccurve,247,stanley,1.2,313.71893310546875,-177.45758056640625,-94.52655029296875,0.44821946132239826,0.35,0.0,-0.8434443030378062,5.037506103515621,255,-1,5.3822140249545525,87.52260356999055
1715,85.75,ccurve,247,stanley,1.2,313.76055908203125,-177.72369384765625,-91.7490463256836,0.34698883084821425,0.35,0.0,-0.804193111542059,2.260002136230467,255,-1,5.538166956295644,87.2557714892939
1716,85.80000000000001,ccurve,247,stanley,1.2,313.8032531738281,-177.99449157714844,-89.48724365234375,0.26906448980211023,0.35,0.0,-0.7638971805988243,-0.0018310546874630862,256,-1,5.525769077870135,86.98425229887658
1717,85.85000000000001,ccurve,247,stanley,1.2,313.8463439941406,-178.26905822753906,-87.64199829101562,0.1980418975757252,0.35,0.0,-0.7232564421326961,-1.8470764160156132,256,-1,5.620263941404135,86.70897441017287
1718,85.9,ccurve,247,stanley,1.2,313.88836669921875,-178.54454040527344,-86.14937591552734,0.14366757272556216,0.35,0.0,-0.683691940383593,-3.3396987915039045,256,-1,5.577453523147992,86.43281604860324
1719,85.95,ccurve,247,stanley,1.2,313.9300842285156,-178.82086181640625,-84.979248046875,0.09814531754775607,0.35,0.0,-0.6444400859030207,-4.509826660156233,256,-1,5.541166558216168,86.15583973695084
1720,86.0,ccurve,247,stanley,1.2,313.97174072265625,-179.09776306152344,-84.17160034179688,0.06026777011098181,0.35,0.0,-0.6052544346536376,-5.317474365234352,256,-1,5.571799584761487,85.87830068544824
1721,86.05000000000001,ccurve,247,stanley,1.2,314.0116271972656,-179.375244140625,-83.5551528930664,0.029168951718423947,0.35,0.0,-0.5678439030627439,-5.933921813964801,256,-1,5.586060564140399,85.60022551781258
1722,86.10000000000001,ccurve,247,stanley,1.2,314.0504455566406,-179.6515655517578,-83.2300033569336,0.008131071598255258,0.35,0.0,-0.5314911032356273,-6.259071350097631,256,-1,5.5601333995510736,85.32334083484717
1723,86.15,ccurve,247,stanley,1.2,314.0863342285156,-179.92730712890625,-83.01583862304688,-0.009075945746706497,0.35,0.0,-0.4980627039250972,-6.473236083984379,256,-1,5.541707876154624,85.04709320927482
1724,86.2,ccurve,247,stanley,1.2,314.1213073730469,-180.2014923095703,-83.01201629638672,-0.01978026554244564,0.35,0.0,-0.46555424974028087,-6.477058410644544,257,-1,5.5145548866359295,84.77242690455866
1725,86.25,ccurve,247,stanley,1.2,314.1542053222656,-180.47471618652344,-83.02592468261719,-0.029460338337190264,0.35,0.0,-0.43509400331513015,-6.463150024414032,257,-1,5.490605340112953,84.49876232401951
1726,86.30000000000001,ccurve,247,stanley,1.2,314.1863708496094,-180.74835205078125,-83.16544342041016,-0.03611620491471608,0.35,0.0,-0.40536982342201966,-6.3236312866210485,257,-1,5.494285992610313,84.2247058363994
1727,86.35000000000001,ccurve,247,stanley,1.2,314.21533203125,-181.0218048095703,-83.29613494873047,-0.042086925663985114,0.35,0.0,-0.37884822904010473,-6.192939758300738,257,-1,5.506208331869944,83.95088499150818
1728,86.4,ccurve,247,stanley,1.2,314.2431945800781,-181.29534912109375,-83.55223846435547,-0.04341283089203104,0.35,0.0,-0.35342604018502194,-5.936836242675757,257,-1,5.490036950946462,83.67699464808531
1729,86.45,ccurve,247,stanley,1.2,314.26934814453125,-181.5684356689453,-83.75142669677734,-0.04607213279386465,0.35,0.0,-0.3297086857822583,-5.737648010253917,257,-1,5.485876407396289,83.40359104552765
1730,86.5,ccurve,247,stanley,1.2,314.29443359375,-181.84140014648438,-84.0389404296875,-0.04588217894121867,0.35,0.0,-0.3070583156198957,-5.450134277343745,257,-1,5.483525092952023,83.13032911078908
1731,86.55000000000001,ccurve,247,stanley,1.2,314.3177185058594,-182.1145477294922,-84.26455688476562,-0.04690950482473005,0.35,0.0,-0.28619799636765786,-5.2245178222656,258,-1,5.485235551844328,82.85691197459796
1732,86.60000000000001,ccurve,247,stanley,1.2,314.34002685546875,-182.38783264160156,-84.56658172607422,-0.04537895157257696,0.35,0.0,-0.266327472782145,-4.922492980957037,258,-1,5.485720875840628,82.58337415297632
1733,86.65,ccurve,247,stanley,1.2,314.3606872558594,-182.66136169433594,-84.79743957519531,-0.04534309984074787,0.35,0.0,-0.2481070099477092,-4.691635131835915,258,-1,5.489189146077068,82.30961622086646
1734,86.7,ccurve,247,stanley,1.2,314.38055419921875,-182.93511962890625,-85.09697723388672,-0.043025727903682115,0.35,0.0,-0.2306820135848676,-4.392097473144508,258,-1,5.490654072834104,82.03564240209312
1735,86.75,ccurve,247,stanley,1.2,314.3988342285156,-183.20907592773438,-85.31945037841797,-0.0423797116007937,0.35,0.0,-0.21484563704605852,-4.169624328613265,258,-1,5.494800752199765,81.76149191956368
1736,86.80000000000001,ccurve,247,stanley,1.2,314.4164733886719,-183.4832763671875,-85.60594940185547,-0.039640187339495495,0.35,0.0,-0.1996522812208103,-3.8831253051757773,258,-1,5.496772001682095,81.48710738954524
1737,86.85000000000001,ccurve,247,stanley,1.2,314.43267822265625,-183.7577667236328,-85.81188201904297,-0.03871754734981353,0.35,0.0,-0.18589577979072475,-3.677192687988242,258,-1,5.501215230847907,81.21245160977656
1738,86.9,ccurve,247,stanley,1.2,314.44830322265625,-184.0324249267578,-86.07946014404297,-0.035789155019978286,0.35,0.0,-0.17273891891294305,-3.4096145629882457,259,-1,5.503511423235623,80.93763652171889
1739,86.95,ccurve,247,stanley,1.2,314.4626770019531,-184.3072967529297,-86.26481628417969,-0.034790467025465795,0.35,0.0,-0.16081680101506818,-3.224258422851534,259,-1,5.508059171406141,80.66262342390999
1740,87.0,ccurve,247,stanley,1.2,314.4765930175781,-184.5824432373047,-86.51068115234375,-0.03187326365595355,0.35,0.0,-0.1493548777737803,-2.978393554687464,259,-1,5.510578069049893,80.38734221889922
1741,87.05000000000001,ccurve,247,stanley,1.2,314.48931884765625,-184.85777282714844,-86.67391967773438,-0.030907642302785622,0.35,0.0,-0.13908472554864032,-2.8151550292968577,259,-1,5.515121918256297,80.11189208145763
1742,87.10000000000001,ccurve,247,stanley,1.2,314.50177001953125,-185.13331604003906,-86.8975830078125,-0.02809613715466114,0.35,0.0,-0.1290911255281172,-2.5914916992187482,259,-1,5.517799153158363,79.8362324225683
1743,87.15,ccurve,247,stanley,1.2,314.51312255859375,-185.4091033935547,-87.03881072998047,-0.027259388517087698,0.35,0.0,-0.12019829169275321,-2.4502639770507724,259,-1,5.522275069458949,79.56034122746483
1744,87.2,ccurve,247,stanley,1.2,314.5242004394531,-185.68502807617188,-87.240966796875,-0.0245668700631517,0.35,0.0,-0.11158132973284252,-2.2481079101562127,259,-1,5.525063409155153,79.28431644890955
1745,87.25,ccurve,247,stanley,1.2,314.5343322753906,-185.9612274169922,-87.36128997802734,-0.023883312770251856,0.35,0.0,-0.10391282426589027,-2.1277847290039067,259,-1,5.5294383304469,79.00802755548322
1746,87.30000000000001,ccurve,247,stanley,1.2,314.5442810058594,-186.2375946044922,-87.54324340820312,-0.02136425193786573,0.35,0.0,-0.0964167302444168,-1.9458312988280833,260,-1,5.532306787239209,78.73157335633717
1747,87.35000000000001,ccurve,247,stanley,1.2,314.5533447265625,-186.51417541503906,-87.64427947998047,-0.0208435602919033,0.35,0.0,-0.08981969919034478,-1.844795227050731,260,-1,5.5365644437425825,78.45491509389431
1748,87.4,ccurve,247,stanley,1.2,314.56231689453125,-186.79095458984375,-87.8078384399414,-0.018492815251957694,0.35,0.0,-0.08331598608641758,-1.681236267089852,260,-1,5.539488699090211,78.17805989375388
1749,87.45,ccurve,247,stanley,1.2,314.57049560546875,-187.0679473876953,-87.8913803100586,-0.018150130785761692,0.35,0.0,-0.0776076033882519,-1.5976943969726565,260,-1,5.543623376926085,77.9009994363687
1750,87.5,ccurve,247,stanley,1.2,314.57861328125,-187.34507751464844,-88.03839111328125,-0.015963661474668305,0.35,0.0,-0.07196147801212698,-1.4506835937499578,260,-1,5.546585448708944,77.62380263619573
1751,87.55000000000001,ccurve,247,stanley,1.2,314.5859375,-187.62242126464844,-88.10637664794922,-0.01575600576743773,0.35,0.0,-0.0671106830417636,-1.382698059082032,260,-1,5.550597709275524,77.34640035755022
1752,87.60000000000001,ccurve,247,stanley,1.2,314.5933532714844,-187.89996337890625,-88.23863983154297,-0.01373706046431016,0.35,0.0,-0.062170107832905705,-1.2504348754882444,260,-1,5.55357972056414,77.06879910843753
1753,87.65,ccurve,247,stanley,1.2,314.6000061035156,-188.1776580810547,-88.29287719726562,-0.013683116874719592,0.35,0.0,-0.05798161893438505,-1.1961975097655921,261,-1,5.557477427469696,76.79105294330637
1754,87.7,ccurve,247,stanley,1.2,314.6067199707031,-188.4555206298828,-88.41222381591797,-0.011780491792431737,0.35,0.0,-0.05374577749779794,-1.0768508911132528,261,-1,5.560473279333942,76.51313855693289
1755,87.75,ccurve,247,stanley,1.2,314.61279296875,-188.73361206054688,-88.45433807373047,-0.011858466500067623,0.35,0.0,-0.05015282070893899,-1.0347366333007366,261,-1,5.564262436971068,76.2350016467037
1756,87.80000000000001,ccurve,247,stanley,1.2,314.6190490722656,-189.01182556152344,-88.56230926513672,-0.010114974891360132,0.35,0.0,-0.04637785425810235,-0.9267654418945125,261,-1,5.567260556190398,75.95674107927405
1757,87.85000000000001,ccurve,247,stanley,1.2,314.62457275390625,-189.29025268554688,-88.59393310546875,-0.010294357797535823,0.35,0.0,-0.043337185483480804,-0.895141601562472,261,-1,5.570944536388484,75.67827401705453
1758,87.9,ccurve,247,stanley,1.2,314.63031005859375,-189.56881713867188,-88.69212341308594,-0.00864352250759847,0.35,0.0,-0.04008412674794105,-0.7969512939452666,261,-1,5.5739422151377545,75.39966772259973
1759,87.95,ccurve,247,stanley,1.2,314.63543701171875,-189.84759521484375,-88.71456146240234,-0.008941572427240323,0.35,0.0,-0.03744330022952352,-0.7745132446288883,261,-1,5.57753268485724,75.12085368722484
1760,88.0,ccurve,247,stanley,1.2,314.6407775878906,-190.12652587890625,-88.80419921875,-0.007385320475321992,0.35,0.0,-0.03460868877930614,-0.6848754882812202,262,-1,5.580520882121461,74.84188514987017
1761,88.05000000000001,ccurve,247,stanley,1.2,314.6455078125,-190.40557861328125,-88.81873321533203,-0.007766262359251306,0.35,0.0,-0.03236702418792911,-0.6703414916992085,262,-1,5.584020565186024,74.56280035205889
1762,88.10000000000001,ccurve,247,stanley,1.2,314.65045166015625,-190.68484497070312,-88.90093994140625,-0.0062861479949093335,0.35,0.0,-0.02991364996479738,-0.5881347656249698,262,-1,5.586996320586984,74.2835000094237
1763,88.15,ccurve,247,stanley,1.2,314.65484619140625,-190.9642791748047,-88.90856170654297,-0.006743336405363623,0.35,0.0,-0.028011067031743334,-0.5805130004882609,262,-1,5.590412172035422,74.00403700563827
1764,88.2,ccurve,247,stanley,1.2,314.6595153808594,-191.2438201904297,-88.98434448242188,-0.005347613632916413,0.35,0.0,-0.025834789276559238,-0.5047302246093418,262,-1,5.593368555353745,73.72446469245838
1765,88.25,ccurve,247,stanley,1.2,314.66363525390625,-191.52357482910156,-88.98603057861328,-0.005875231433221641,0.35,0.0,-0.02420971100895092,-0.5030441284179692,262,-1,5.596706270761085,73.44468390159852
1766,88.30000000000001,ccurve,247,stanley,1.2,314.66802978515625,-191.80345153808594,-89.05621337890625,-0.004540510348702974,0.35,0.0,-0.02231107398504526,-0.43286132812496536,262,-1,5.599639898916365,73.16477854401253
1767,88.35000000000001,ccurve,247,stanley,1.2,314.6719055175781,-192.08349609375,-89.05279541015625,-0.005130253754294999,0.35,0.0,-0.020920528419123792,-0.43627929687495076,263,-1,5.602904435863478,72.88471016543889
1768,88.4,ccurve,247,stanley,1.2,314.6760559082031,-192.36370849609375,-89.11825561523438,-0.0038424950492897355,0.35,0.0,-0.019269015761723348,-0.37081909179684774,263,-1,5.605816130267887,72.6044714475916
1769,88.45,ccurve,247,stanley,1.2,314.6797180175781,-192.64407348632812,-89.11041259765625,-0.00447734585113224,0.35,0.0,-0.01810712559902144,-0.3786621093749792,263,-1,5.609010825869394,72.32408465754939
1770,88.5,ccurve,247,stanley,1.2,314.6836853027344,-192.92459106445312,-89.17174530029297,-0.0032412962335951036,0.35,0.0,-0.016641432446914364,-0.3173294067382675,263,-1,5.611894838658022,72.04354250981457
1771,88.55000000000001,ccurve,247,stanley,1.2,314.6871337890625,-193.2052459716797,-89.16007232666016,-0.003908909672062589,0.35,0.0,-0.015695742088446343,-0.3290023803710864,263,-1,5.615030145301171,71.76286780412778
1772,88.60000000000001,ccurve,247,stanley,1.2,314.69091796875,-193.48605346679688,-89.2177963256836,-0.0027100224351330597,0.35,0.0,-0.014415732375799944,-0.2712783813476396,263,-1,5.6178831297330065,71.48203746562449
1773,88.65,ccurve,247,stanley,1.2,314.6942443847656,-193.7670135498047,-89.2027816772461,-0.0034286540757494195,0.35,0.0,-0.013594828793078856,-0.28629302978516263,263,-1,5.62095243457751,71.20105873471084
1774,88.7,ccurve,247,stanley,1.2,314.69793701171875,-194.04812622070312,-89.25737762451172,-0.002278936615966493,0.35,0.0,-0.01242742238885913,-0.2316970825195204,264,-1,5.623776958596862,70.91992409962502
1775,88.75,ccurve,247,stanley,1.2,314.70111083984375,-194.3293914794922,-89.23955535888672,-0.003022840855903472,0.35,0.0,-0.011761821946658198,-0.24951934814452412,264,-1,5.6267887042434435,70.63864161209189
1776,88.80000000000001,ccurve,247,stanley,1.2,314.70465087890625,-194.6107940673828,-89.29156494140625,-0.0018985008254472457,0.35,0.0,-0.010731249719672964,-0.19750976562499095,264,-1,5.629578076001149,70.35721848397625
1777,88.85000000000001,ccurve,247,stanley,1.2,314.7077331542969,-194.892333984375,-89.27130889892578,-0.0026785633256015706,0.35,0.0,-0.010159647556780341,-0.21776580810543936,264,-1,5.632533739101826,70.0756621933057
1778,88.9,ccurve,247,stanley,1.2,314.7111511230469,-195.17404174804688,-89.3210678100586,-0.0015743633554188491,0.35,0.0,-0.009253862105542045,-0.1680068969726453,264,-1,5.635290655421131,69.79393502793792
1779,88.95,ccurve,247,stanley,1.2,314.7141418457031,-195.45587158203125,-89.29878997802734,-0.0023788879295386397,0.35,0.0,-0.008776394287790437,-0.1902847290038872,264,-1,5.638190365884604,69.51208967071446
1780,89.0,ccurve,247,stanley,1.2,314.71746826171875,-195.73785400390625,-89.3465805053711,-0.0012976223306074457,0.35,0.0,-0.007964607115860452,-0.1424942016601236,264,-1,5.640915501799783,69.230088701603
1781,89.05000000000001,ccurve,247,stanley,1.2,314.7203369140625,-196.01995849609375,-89.32256317138672,-0.002112323847452293,0.35,0.0,-0.007599470474870111,-0.16651153564450125,265,-1,5.643762288351516,68.94796980711966
1782,89.10000000000001,ccurve,247,stanley,1.2,314.72357177734375,-196.30221557617188,-89.3686752319336,-0.0010458183782798601,0.35,0.0,-0.006881681582248433,-0.12039947509763817,265,-1,5.646453109918358,68.66569502896557
1783,89.15,ccurve,247,stanley,1.2,314.7263488769531,-196.58460998535156,-89.34307098388672,-0.001868552877328776,0.35,0.0,-0.006622862753719368,-0.14600372314448723,265,-1,5.649249373525864,68.38328705927363
1784,89.2,ccurve,247,stanley,1.2,314.7295227050781,-196.8671417236328,-89.38766479492188,-0.0008229427163441498,0.35,0.0,-0.005968555775632784,-0.10140991210933731,265,-1,5.651905685541657,68.10073819294387
1785,89.25,ccurve,247,stanley,1.2,314.7322998046875,-197.14979553222656,-89.36065673828125,-0.0016847186949405118,0.35,0.0,-0.005712050066259669,-0.12841796875000305,265,-1,5.654651208580437,67.81807083728197
1786,89.30000000000001,ccurve,247,stanley,1.2,314.73541259765625,-197.43258666992188,-89.4039306640625,-0.0006544450425117368,0.35,0.0,-0.005121088936875472,-0.08514404296871284,265,-1,5.657273074551565,67.53526313891902
1787,89.35000000000001,ccurve,247,stanley,1.2,314.73809814453125,-197.7155303955078,-89.37582397460938,-0.0015146970774157107,0.35,0.0,-0.0049587175726433725,-0.1132507324218666,265,-1,5.659975535865098,67.25230670389352
1788,89.4,ccurve,247,stanley,1.2,314.74114990234375,-197.99859619140625,-89.41806030273438,-0.0004959478553843299,0.35,0.0,-0.004419054890474004,-0.07101440429688012,266,-1,5.66256236054342,66.96922491273078
1789,89.45,ccurve,247,stanley,1.2,314.74383544921875,-198.28176879882812,-89.38890838623047,-0.0013851734083214357,0.35,0.0,-0.004258724513732448,-0.10016632080075887,266,-1,5.665218624646609,66.68603960648093
1790,89.5,ccurve,247,stanley,1.2,314.746826171875,-198.5651092529297,-89.43026733398438,-0.00036497329823197036,0.35,0.0,-0.003794727213418434,-0.05880737304683784,266,-1,5.667769315161461,66.40268372090445
1791,89.55000000000001,ccurve,247,stanley,1.2,314.7494201660156,-198.84857177734375,-89.4002914428711,-0.0012449660709922745,0.35,0.0,-0.0037285311818178917,-0.08878326416012078,266,-1,5.670382141311265,66.11920933217309
1792,89.60000000000001,ccurve,247,stanley,1.2,314.75238037109375,-199.13214111328125,-89.44082641601562,-0.0002367966158915337,0.35,0.0,-0.003297091233767642,-0.04824829101560394,266,-1,5.672896277794221,65.83562485100467
1793,89.65,ccurve,247,stanley,1.2,314.75494384765625,-199.4158477783203,-89.4100570678711,-0.0011280330006098987,0.35,0.0,-0.003263588620263565,-0.07901763916014802,266,-1,5.6754613892121,65.55190660549482
1794,89.7,ccurve,247,stanley,1.2,314.7579040527344,-199.69967651367188,-89.44979095458984,-0.00014173907181758342,0.35,0.0,-0.0028344617913692656,-0.03928375244141537,266,-1,5.677938043437237,65.26806273809723
1795,89.75,ccurve,247,stanley,1.2,314.7604675292969,-199.98362731933594,-89.41839599609375,-0.0010436199800799332,0.35,0.0,-0.002821605194474096,-0.0706787109374593,267,-1,5.680463628742963,64.98410036189865
1796,89.80000000000001,ccurve,247,stanley,1.2,314.76336669921875,-200.26771545410156,-89.45751953125,-5.2664288677162506e-05,0.35,0.0,-0.0024558242142821854,-0.0315551757812313,267,-1,5.682903960596894,64.69999765485983
1797,89.85000000000001,ccurve,247,stanley,1.2,314.7658996582031,-200.5519256591797,-89.42562103271484,-0.000963901215165148,0.35,0.0,-0.002457328138030526,-0.06345367431640646,267,-1,5.68538792687692,64.41577616306893
1798,89.9,ccurve,247,stanley,1.2,314.768798828125,-200.83624267578125,-89.4642333984375,1.3322908503993312e-05,0.35,0.0,-0.0020935881453291593,-0.02484130859373095,267,-1,5.687795336341756,64.13144458524364
1799,89.95,ccurve,247,stanley,1.2,314.77130126953125,-201.12071228027344,-89.43185424804688,-0.0009002535838591016,0.35,0.0,-0.0021279215530066696,-0.05722045898436644,267,-1,5.690240698136898,63.84696397752686
1800,90.0,ccurve,247,stanley,1.2,314.7741394042969,-201.4052734375,-89.47002410888672,8.62998201077045e-05,0.35,0.0,-0.0018273913431749887,-0.01905059814453607,267,-1,5.692612238129935,63.562388816588154
1801,90.05000000000001,ccurve,247,stanley,1.2,314.776611328125,-201.68997192382812,-89.43724822998047,-0.0008273473717342824,0.35,0.0,-0.0018942821031162627,-0.051826477050776684,267,-1,5.695020324571141,63.27767960908435
1802,90.10000000000001,ccurve,247,stanley,1.2,314.77947998046875,-201.97476196289062,-89.4749755859375,0.00013266861316001436,0.35,0.0,-0.001553093048681644,-0.014099121093740563,268,-1,5.697355205962946,62.99287530354438
1803,90.15,ccurve,247,stanley,1.2,314.78192138671875,-202.25970458984375,-89.44182586669922,-0.0007803666111138212,0.35,0.0,-0.0016526772267193854,-0.04724884033201719,268,-1,5.6997221322041485,62.707922237841565
1804,90.2,ccurve,247,stanley,1.2,314.7847900390625,-202.5447235107422,-89.47924041748047,0.00017574677030128587,0.35,0.0,-0.001325712627095574,-0.009834289550730993,268,-1,5.702023879463861,62.42288906070781
1805,90.25,ccurve,247,stanley,1.2,314.7872314453125,-202.8299102783203,-89.44586181640625,-0.0007430704073093842,0.35,0.0,-0.0014274738584565618,-0.04321289062500412,268,-1,5.70435558467266,62.1376918637751
1806,90.30000000000001,ccurve,247,stanley,1.2,314.7900390625,-203.11517333984375,-89.48296356201172,0.00022599019430795153,0.35,0.0,-0.0011637190417024361,-0.006111145019518733,268,-1,5.706622701231371,61.852415102286336
1807,90.35000000000001,ccurve,247,stanley,1.2,314.79248046875,-203.4005889892578,-89.44931030273438,-0.0006999742922615763,0.35,0.0,-0.0012675212605539683,-0.03976440429682481,268,-1,5.708916111924288,61.56698903240102
1808,90.4,ccurve,247,stanley,1.2,314.7953186035156,-203.68606567382812,-89.48613739013672,0.0002514942770326845,0.35,0.0,-0.0009751550006844656,-0.002937316894525043,268,-1,5.711150584542626,61.28149838436139
1809,90.45,ccurve,247,stanley,1.2,314.7977600097656,-203.9716796875,-89.45226287841797,-0.0006738798574187594,0.35,0.0,-0.0010990589728140931,-0.03681182861325369,269,-1,5.7134080871474815,60.99587395782184
1810,90.5,ccurve,247,stanley,1.2,314.80059814453125,-204.2574005126953,-89.48895263671875,0.0002745168231813947,0.35,0.0,-0.0008088697662678376,-0.00012207031247039834,269,-1,5.715609302697026,60.71013917972475
1811,90.55000000000001,ccurve,247,stanley,1.2,314.80303955078125,-204.54324340820312,-89.45491790771484,-0.0006610405338970582,0.35,0.0,-0.0009164818284350534,-0.03415679931638642,269,-1,5.717828654228126,60.42428588016387
1812,90.60000000000001,ccurve,247,stanley,1.2,314.80584716796875,-204.82919311523438,-89.49144744873047,0.00029406251983416464,0.35,0.0,-0.0006588499741525618,0.0023727416992603955,269,-1,5.719994088221356,60.13832250265002
1813,90.65,ccurve,247,stanley,1.2,314.80828857421875,-205.11524963378906,-89.45730590820312,-0.0006438991975707579,0.35,0.0,-0.0007683669579776188,-0.031768798828130836,269,-1,5.722178234266543,59.85225558829808
1814,90.7,ccurve,247,stanley,1.2,314.8110656738281,-205.40142822265625,-89.49371337890625,0.0003189765726654779,0.35,0.0,-0.0005432924559588903,0.004638671874994692,269,-1,5.724310903671441,59.566063611082775
1815,90.75,ccurve,247,stanley,1.2,314.8134765625,-205.68768310546875,-89.45948028564453,-0.0006105375418787277,0.35,0.0,-0.0006850946603823059,-0.029594421386673002,269,-1,5.726463274290309,59.27979861266731
1816,90.80000000000001,ccurve,247,stanley,1.2,314.8162841796875,-205.97406005859375,-89.4957275390625,0.00033379407025044565,0.35,0.0,-0.00041908918209523395,0.006652832031265154,270,-1,5.728563870366398,58.99340800700444
1817,90.85000000000001,ccurve,247,stanley,1.2,314.81866455078125,-206.2605438232422,-89.4613037109375,-0.0005900280845158217,0.35,0.0,-0.0005934487387824127,-0.027770996093732955,270,-1,5.730681772624288,58.70691440806933
1818,90.9,ccurve,247,stanley,1.2,314.82147216796875,-206.547119140625,-89.4974365234375,0.00035589416666928107,0.35,0.0,-0.0003413955836407425,0.008361816406257841,270,-1,5.732751057124732,58.42032544636335
1819,90.95,ccurve,247,stanley,1.2,314.8238525390625,-206.83380126953125,-89.46295166015625,-0.0005690987336033083,0.35,0.0,-0.0005175239961530595,-0.026123046874975464,270,-1,5.734838549722355,58.13363349085477
1820,91.0,ccurve,247,stanley,1.2,314.82666015625,-207.12060546875,-89.49893188476562,0.0003732353584232864,0.35,0.0,-0.00026751182850193395,0.009857177734401888,270,-1,5.736873158963084,57.846815656729355
1821,91.05000000000001,ccurve,247,stanley,1.2,314.82904052734375,-207.40750122070312,-89.46429443359375,-0.0005554983568425946,0.35,0.0,-0.0004455451626720927,-0.02478027343749575,270,-1,5.738928245211801,57.55991008646967
1822,91.10000000000001,ccurve,247,stanley,1.2,314.8318176269531,-207.69448852539062,-89.50019073486328,0.00039550879620502333,0.35,0.0,-0.00022768214978662223,0.011116027832026398,270,-1,5.740936668993274,57.27290942672309
1823,91.15,ccurve,247,stanley,1.2,314.8341979980469,-207.98158264160156,-89.46544647216797,-0.0005294380139155318,0.35,0.0,-0.00042581723723487605,-0.02362823486324467,271,-1,5.742955223796146,56.98580549999348
1824,91.2,ccurve,247,stanley,1.2,314.83697509765625,-208.26876831054688,-89.50118255615234,0.00041765146365850775,0.35,0.0,-0.00020972308017454255,0.012107849121140995,271,-1,5.744929070032558,56.6986064840134
1825,91.25,ccurve,247,stanley,1.2,314.83935546875,-208.55604553222656,-89.46630096435547,-0.0005169717484258132,0.35,0.0,-0.0003911580601622757,-0.02277374267574833,271,-1,5.74692099622941,56.411319459002385
1826,91.30000000000001,ccurve,247,stanley,1.2,314.8421325683594,-208.8434295654297,-89.50192260742188,0.00042750783118860296,0.35,0.0,-0.00017683275892708245,0.012847900390639091,271,-1,5.7488657163589805,56.1239220867765
1827,91.35000000000001,ccurve,247,stanley,1.2,314.8445129394531,-209.1309356689453,-89.467041015625,-0.0005064559638267054,0.35,0.0,-0.0003603087264053594,-0.022033691406250232,271,-1,5.750821847939592,55.83640618894708
1828,91.4,ccurve,247,stanley,1.2,314.8472900390625,-209.41851806640625,-89.50252532958984,0.0004347574777364614,0.35,0.0,-0.0001477522809953044,0.013450622558620711,271,-1,5.752738479768486,55.548810460461475
1829,91.45,ccurve,247,stanley,1.2,314.84967041015625,-209.70619201660156,-89.4675521850586,-0.0005013494715150703,0.35,0.0,-0.00033272497263331455,-0.021522521972646855,271,-1,5.754669788966632,55.261126722548525
1830,91.5,ccurve,247,stanley,1.2,314.8524475097656,-209.99395751953125,-89.5030517578125,0.00043679787968081186,0.35,0.0,-0.00010975391572813631,0.013977050781270164,272,-1,5.756554471388883,54.97334789597326
1831,91.55000000000001,ccurve,247,stanley,1.2,314.8548583984375,-210.28182983398438,-89.4680404663086,-0.0005102427150374685,0.35,0.0,-0.0002659790984180649,-0.021034240722663484,272,-1,5.758450916248999,54.68546552931161
1832,91.60000000000001,ccurve,247,stanley,1.2,314.85760498046875,-210.56979370117188,-89.50350952148438,0.0004422089091015318,0.35,0.0,-8.73406635988035e-05,0.01443481445316138,272,-1,5.7603039428094425,54.39748861876186
1833,91.65,ccurve,247,stanley,1.2,314.8600158691406,-210.8578643798828,-89.46849060058594,-0.0005044783498657118,0.35,0.0,-0.00024533470211387165,-0.02058410644529531,272,-1,5.762170482380716,54.109407895680285
1834,91.7,ccurve,247,stanley,1.2,314.8627624511719,-211.14601135253906,-89.50396728515625,0.0004487894398428751,0.35,0.0,-6.832905728704555e-05,0.014892578125001707,272,-1,5.763998330263807,53.821247887005576
1835,91.75,ccurve,247,stanley,1.2,314.86517333984375,-211.4342498779297,-89.46895599365234,-0.0004972019015104251,0.35,0.0,-0.00022781981996184645,-0.02011871337888105,272,-1,5.765834868982557,53.53299932387525
1836,91.80000000000001,ccurve,247,stanley,1.2,314.867919921875,-211.72259521484375,-89.50432586669922,0.00045365693370976297,0.35,0.0,-5.258303096015906e-05,0.015251159667991641,272,-1,5.767633211934232,53.24464095888339
1837,91.85000000000001,ccurve,247,stanley,1.2,314.8703308105469,-212.01101684570312,-89.46932983398438,-0.0004955230514342538,0.35,0.0,-0.00020152311630713265,-0.01974487304684504,273,-1,5.769446858983277,52.95620929753062
1838,91.9,ccurve,247,stanley,1.2,314.8730773925781,-212.29953002929688,-89.50466918945312,0.000455013532903237,0.35,0.0,-2.7783051465178447e-05,0.015594482421884609,273,-1,5.771216085344462,52.66768309257493
1839,91.95,ccurve,247,stanley,1.2,314.87548828125,-212.58811950683594,-89.46966552734375,-0.000489757825825892,0.35,0.0,-0.00019040332829214695,-0.019409179687475114,273,-1,5.772996337310954,52.37908359118958
1840,92.0,ccurve,247,stanley,1.2,314.8782653808594,-212.87681579589844,-89.50493621826172,0.00044902898140251196,0.35,0.0,1.2220311330590934e-05,0.0158615112304963,273,-1,5.774740380410012,52.0903740159155
1841,92.05000000000001,ccurve,247,stanley,1.2,314.8806457519531,-213.16558837890625,-89.46993255615234,-0.0004848386950202504,0.35,0.0,-0.00018254912026203292,-0.01914215087891431,273,-1,5.776497090477804,51.801591688487186
1842,92.10000000000001,ccurve,247,stanley,1.2,314.8834228515625,-213.45445251464844,-89.5052490234375,0.00045580740630848184,0.35,0.0,1.85777952009733e-05,0.016174316406246222,273,-1,5.778211219898407,51.51271427323244
1843,92.15,ccurve,247,stanley,1.2,314.88580322265625,-213.743408203125,-89.47021484375,-0.00047841612305417905,0.35,0.0,-0.00017782442638408693,-0.018859863281205654,273,-1,5.779942738263956,51.223748847604256
1844,92.2,ccurve,247,stanley,1.2,314.8885803222656,-214.03245544433594,-89.5054931640625,0.00046796502650803284,0.35,0.0,3.336801633526537e-06,0.0164184570312888,274,-1,5.781633082957439,50.93468833417452
1845,92.25,ccurve,247,stanley,1.2,314.8909606933594,-214.3215789794922,-89.47036743164062,-0.00046840661113046783,0.35,0.0,-0.000194562144111266,-0.01870727539059221,274,-1,5.783334705051041,50.64555506854042
1846,92.30000000000001,ccurve,247,stanley,1.2,314.89373779296875,-214.61077880859375,-89.50558471679688,0.0004705018410216174,0.35,0.0,3.571323032274497e-06,0.01651000976566704,274,-1,5.784996487263188,50.35634197328814
1847,92.35000000000001,ccurve,247,stanley,1.2,314.8961181640625,-214.90005493164062,-89.47045135498047,-0.00046566464016610407,0.35,0.0,-0.00019568828103954717,-0.018623352050737008,274,-1,5.7866737080329225,50.06705612584115
1848,92.4,ccurve,247,stanley,1.2,314.89892578125,-215.18942260742188,-89.505615234375,0.00046190802225023277,0.35,0.0,3.146482671747934e-05,0.016540527343759198,274,-1,5.788313074635695,49.77767491843219
1849,92.45,ccurve,247,stanley,1.2,314.90130615234375,-215.4788818359375,-89.47051239013672,-0.00047286827473543496,0.35,0.0,-0.00016942756734677784,-0.01856231689450181,274,-1,5.789961480590458,49.48820597269676
1850,92.5,ccurve,247,stanley,1.2,314.9040832519531,-215.76841735839844,-89.50570678710938,0.00046648095681817874,0.35,0.0,2.5712451477296304e-05,0.016632080078137438,274,-1,5.791573113308178,49.19865719752119
1851,92.55000000000001,ccurve,247,stanley,1.2,314.9064636230469,-216.0580291748047,-89.47063446044922,-0.0004711320123755111,0.35,0.0,-0.00016435713359372849,-0.01844024658203141,275,-1,5.793198305794939,48.909035669996136
1852,92.60000000000001,ccurve,247,stanley,1.2,314.9092712402344,-216.34771728515625,-89.50579833984375,0.00045749895412609874,0.35,0.0,5.993859167653659e-05,0.016723632812515682,275,-1,5.794785172868878,48.61933404083276
1853,92.65,ccurve,247,stanley,1.2,314.9116516113281,-216.63748168945312,-89.47073364257812,-0.0004753381288584482,0.35,0.0,-0.00014367511904178057,-0.018341064453130128,275,-1,5.79638538081817,48.32955993140217
1854,92.7,ccurve,247,stanley,1.2,314.9144592285156,-216.9273223876953,-89.50592041015625,0.0004544513972179242,0.35,0.0,7.925994790145376e-05,0.01684570312503697,275,-1,5.797944586903122,48.03970572050468
1855,92.75,ccurve,247,stanley,1.2,314.9168395996094,-217.21725463867188,-89.47089385986328,-0.0004768243753164211,0.35,0.0,-0.00012585048697659603,-0.018180847167942757,275,-1,5.799515224146498,47.749763770995195
1856,92.80000000000001,ccurve,247,stanley,1.2,314.91961669921875,-217.5072784423828,-89.506103515625,0.0004645481209922767,0.35,0.0,6.493542520098414e-05,0.01702880859374257,275,-1,5.801052050044783,47.459726734094595
1857,92.85000000000001,ccurve,247,stanley,1.2,314.9219970703125,-217.79736328125,-89.47103881835938,-0.0004673952696038233,0.35,0.0,-0.00014153566800409554,-0.018035888671852355,275,-1,5.80260047802862,47.169632202832354
1858,92.9,ccurve,247,stanley,1.2,314.9248046875,-218.08750915527344,-89.50623321533203,0.0004698190051556931,0.35,0.0,6.0345184832124275e-05,0.017158508300786895,276,-1,5.804111654045369,46.87947282828653
1859,92.95,ccurve,247,stanley,1.2,314.92718505859375,-218.37774658203125,-89.47116088867188,-0.00046191904339543767,0.35,0.0,-0.00014748656669998517,-0.017913818359331066,276,-1,5.805638610926768,46.58922571514908
1860,93.0,ccurve,247,stanley,1.2,314.9299621582031,-218.66807556152344,-89.50625610351562,0.0004771703605101376,0.35,0.0,4.0578028823534586e-05,0.017181396484406898,276,-1,5.80712548641833,46.298883514578854
1861,93.05000000000001,ccurve,247,stanley,1.2,314.9323425292969,-218.95846557617188,-89.47116088867188,-0.00045479943644982353,0.35,0.0,-0.0001686143810356037,-0.017913818359331066,276,-1,5.808622938357302,46.008483819716375
1862,93.10000000000001,ccurve,247,stanley,1.2,314.9351501464844,-219.24891662597656,-89.50623321533203,0.00047371712729243204,0.35,0.0,4.8878052599512015e-05,0.017158508300786895,276,-1,5.810089827385947,45.71801928147058
1863,93.15,ccurve,247,stanley,1.2,314.93756103515625,-219.53944396972656,-89.47109985351562,-0.0004692789816797705,0.35,0.0,-0.0001310225849807346,-0.017974853515617156,276,-1,5.811568532355326,45.427481990691604
1864,93.2,ccurve,247,stanley,1.2,314.9403381347656,-219.830078125,-89.50618743896484,0.00047057826384796505,0.35,0.0,5.432069388872692e-05,0.01711273193359777,276,-1,5.813008935638802,45.13683462653189
1865,93.25,ccurve,247,stanley,1.2,314.9427490234375,-220.12075805664062,-89.47116088867188,-0.0004730065204424344,0.35,0.0,-0.00011489320053098984,-0.017913818359331066,277,-1,5.8144648086206505,44.846144753915254
1866,93.30000000000001,ccurve,247,stanley,1.2,314.9455261230469,-220.4114990234375,-89.50623321533203,0.0004667689415810512,0.35,0.0,6.94976175095504e-05,0.017158508300786895,277,-1,5.81588519159493,44.55539058249166
1867,93.35000000000001,ccurve,247,stanley,1.2,314.94793701171875,-220.7023162841797,-89.47118377685547,-0.0004730148984412289,0.35,0.0,-0.00011298827089205234,-0.01789093017576195,277,-1,5.817321012011415,44.264563386228176
1868,93.4,ccurve,247,stanley,1.2,314.95074462890625,-220.99322509765625,-89.50631713867188,0.00045873789882695375,0.35,0.0,0.00010042218776197404,0.017242431640642097,277,-1,5.818718087010377,43.97364110270328
1869,93.45,ccurve,247,stanley,1.2,314.9531555175781,-221.2841796875,-89.4713134765625,-0.00047935202957709105,0.35,0.0,-8.328829313395542e-05,-0.017761230468717623,277,-1,5.820130410034195,43.682676582675974
1870,93.5,ccurve,247,stanley,1.2,314.9559326171875,-221.5751953125,-89.50643920898438,0.00046283873807120694,0.35,0.0,9.865333991793124e-05,0.017364501953163386,277,-1,5.821505039864258,43.39164776409295
1871,93.55000000000001,ccurve,247,stanley,1.2,314.9583435058594,-221.86630249023438,-89.47148895263672,-0.0004732959965371662,0.35,0.0,-8.64177993050285e-05,-0.017585754394484177,277,-1,5.822895084237838,43.10053066225485
1872,93.60000000000001,ccurve,247,stanley,1.2,314.96112060546875,-222.157470703125,-89.50658416748047,0.00046440125439561197,0.35,0.0,0.00010634664274009227,0.017509460449253788,278,-1,5.824247401270849,42.80934926183122
1873,93.65,ccurve,247,stanley,1.2,314.96356201171875,-222.44869995117188,-89.47161865234375,-0.0004821213435685675,0.35,0.0,-4.929665837127232e-05,-0.01745605468749074,278,-1,5.825616918341443,42.518109822345004
1874,93.7,ccurve,247,stanley,1.2,314.9663391113281,-222.74002075195312,-89.50674438476562,0.00046104704268145144,0.35,0.0,0.0001299236580265548,0.01766967773439027,278,-1,5.826947604350146,42.226775840199174
1875,93.75,ccurve,247,stanley,1.2,314.9687805175781,-223.03140258789062,-89.47177124023438,-0.0004852573492954123,0.35,0.0,-2.7080301411838595e-05,-0.017303466796877297,278,-1,5.8282942208498865,41.935383818805406
1876,93.80000000000001,ccurve,247,stanley,1.2,314.9715576171875,-223.32284545898438,-89.50688934326172,0.0004580891655603781,0.35,0.0,0.00015105148832436502,0.017814636230480674,278,-1,5.829607261181638,41.643927771292574
1877,93.85000000000001,ccurve,247,stanley,1.2,314.9739990234375,-223.61434936523438,-89.47197723388672,-0.0004861271377422273,0.35,0.0,-7.040997775652723e-06,-0.017097473144500806,278,-1,5.830931921118552,41.352413684361224
1878,93.9,ccurve,247,stanley,1.2,314.9767761230469,-223.9059295654297,-89.50714111328125,0.0004589682203626128,0.35,0.0,0.0001698661994662242,0.018066406249995396,278,-1,5.832225445752382,41.060820313290776
1879,93.95,ccurve,247,stanley,1.2,314.9792175292969,-224.19757080078125,-89.47222137451172,-0.00047890261954265716,0.35,0.0,-7.783776581076277e-06,-0.01685333251950912,279,-1,5.833531525093121,40.76916890264531
1880,94.0,ccurve,247,stanley,1.2,314.98199462890625,-224.48927307128906,-89.50731658935547,0.000464623625190113,0.35,0.0,0.00016803489399917684,0.018241882324228846,279,-1,5.834800395727261,40.47745346619079
1881,94.05000000000001,ccurve,247,stanley,1.2,314.98443603515625,-224.7810516357422,-89.4723892211914,-0.00047925038570143603,0.35,0.0,7.493222910506152e-06,-0.0166854858398496,279,-1,5.836086491348513,40.18566473183725
1882,94.10000000000001,ccurve,247,stanley,1.2,314.9872131347656,-225.07286071777344,-89.50749969482422,0.0004650592087614608,0.35,0.0,0.00018235943266183832,0.01842498779298533,279,-1,5.837339080148406,39.893842488172744
1883,94.15,ccurve,247,stanley,1.2,314.9896545410156,-225.36476135253906,-89.47252655029297,-0.0004797789299727326,0.35,0.0,2.072923491154349e-05,-0.016548156738231345,279,-1,5.838604180691398,39.60193168829944
1884,94.2,ccurve,247,stanley,1.2,314.9924011230469,-225.65670776367188,-89.50762176513672,0.00047479787149165765,0.35,0.0,0.00016385448739533043,0.01854705810550662,279,-1,5.839829089466402,39.309972393068314
1885,94.25,ccurve,247,stanley,1.2,314.9948425292969,-225.94873046875,-89.47265625,-0.0004694807436904356,0.35,0.0,1.135762983411892e-06,-0.01641845703123791,279,-1,5.841074327070294,39.01793952780868
1886,94.30000000000001,ccurve,247,stanley,1.2,314.99761962890625,-226.24081420898438,-89.50772094726562,0.00047029722840199106,0.35,0.0,0.00018573625506635317,0.0186462402344079,280,-1,5.842285042810199,38.72584263683188
1887,94.35000000000001,ccurve,247,stanley,1.2,315.00006103515625,-226.532958984375,-89.47271728515625,-0.0004747268393334964,0.35,0.0,2.192900399281125e-05,-0.01635742187500271,280,-1,5.8435076825775765,38.433687706069755
1888,94.4,ccurve,247,stanley,1.2,315.0028381347656,-226.8251495361328,-89.50775146484375,0.0004686213128886298,0.35,0.0,0.0001933935679265693,0.018676757812500056,280,-1,5.844700193098752,38.14148400785519
1889,94.45,ccurve,247,stanley,1.2,315.0052795410156,-227.11741638183594,-89.4728012084961,-0.00047453334605439897,0.35,0.0,2.8497790191403354e-05,-0.016273498535147507,280,-1,5.845905195048925,37.84920701159758
1890,94.5,ccurve,247,stanley,1.2,315.008056640625,-227.40972900390625,-89.50787353515625,0.0004702942620291796,0.35,0.0,0.00019887382746353738,0.018798828125021344,280,-1,5.847076270809872,37.556881247953854
1891,94.55000000000001,ccurve,247,stanley,1.2,315.010498046875,-227.7021026611328,-89.47286987304688,-0.00047408852447585094,0.35,0.0,3.30255888994508e-05,-0.01620483398433838,280,-1,5.848263177652539,37.26449744439118
1892,94.60000000000001,ccurve,247,stanley,1.2,315.0132751464844,-227.9945526123047,-89.50794219970703,0.0004773303042989136,0.35,0.0,0.0001838441362243034,0.01886749267577958,281,-1,5.849416621425546,36.97203435712659
1893,94.65,ccurve,247,stanley,1.2,315.0157165527344,-228.2870330810547,-89.47295379638672,-0.00046632004935869215,0.35,0.0,1.7043436831294667e-05,-0.016120910644534064,281,-1,5.850586960351451,36.679543746267534
1894,94.7,ccurve,247,stanley,1.2,315.01849365234375,-228.57958984375,-89.50794219970703,0.00047688522185320825,0.35,0.0,0.0001852424207801815,0.01886749267577958,281,-1,5.8517218814294445,36.3869738517384
1895,94.75,ccurve,247,stanley,1.2,315.02093505859375,-228.87217712402344,-89.47295379638672,-0.00046646744849427886,0.35,0.0,1.7489260558253015e-05,-0.016120910644534064,281,-1,5.852872578802417,36.09437643359096
1896,94.80000000000001,ccurve,247,stanley,1.2,315.02374267578125,-229.16485595703125,-89.50794219970703,0.0004668845921267507,0.35,0.0,0.000215116082618735,0.01886749267577958,281,-1,5.853989833724065,35.801684201622884
1897,94.85000000000001,ccurve,247,stanley,1.2,315.02618408203125,-229.45758056640625,-89.47295379638672,-0.000476077115952374,0.35,0.0,4.613832990248059e-05,-0.016120910644534064,281,-1,5.85512316569292,35.50894945968756
1898,94.9,ccurve,247,stanley,1.2,315.02899169921875,-229.75035095214844,-89.50798797607422,0.0004588837926442316,0.35,0.0,0.00024294875696674427,0.0189132690429687,281,-1,5.856226027173056,35.21616567878928
1899,94.95,ccurve,247,stanley,1.2,315.03143310546875,-230.04318237304688,-89.47308349609375,-0.00048542104311888296,0.35,0.0,8.506594490912713e-05,-0.015991210937489737,282,-1,5.85733977540676,34.92332412943434
1900,95.0,ccurve,247,stanley,1.2,315.03424072265625,-230.33604431152344,-89.50818634033203,0.00045180258632042603,0.35,0.0,0.0002810599769771747,0.019111633300822155,282,-1,5.858423502379195,34.63044879960025
1901,95.05000000000001,ccurve,247,stanley,1.2,315.0366516113281,-230.62901306152344,-89.47332000732422,-0.0004767496726178467,0.35,0.0,7.938880616445258e-05,-0.01575469970702109,282,-1,5.859521940820066,34.337470198543585
1902,95.10000000000001,ccurve,247,stanley,1.2,315.0394592285156,-230.92201232910156,-89.50839233398438,0.0004600363189156891,0.35,0.0,0.00027415824573817247,0.01931762695314776,282,-1,5.86058685167121,34.04445754504094
1903,95.15,ccurve,247,stanley,1.2,315.0419006347656,-231.21507263183594,-89.47349548339844,-0.00047936671588779306,0.35,0.0,0.00010218704470245192,-0.015579223632787643,282,-1,5.8616691959743275,33.75138712282883
1904,95.2,ccurve,247,stanley,1.2,315.0447082519531,-231.50816345214844,-89.5085678100586,0.00045771783611640095,0.35,0.0,0.0002961400892799544,0.019493103027381206,282,-1,5.862717302687111,33.458282920372554
1905,95.25,ccurve,247,stanley,1.2,315.047119140625,-231.80133056640625,-89.47368621826172,-0.0004707265584656472,0.35,0.0,9.270006264209402e-05,-0.015388488769508117,282,-1,5.86378481268253,33.16510596282202
1906,95.30000000000001,ccurve,247,stanley,1.2,315.0499267578125,-232.0945281982422,-89.50872039794922,0.0004717503614202575,0.35,0.0,0.0002673677489377184,0.01964569091799465,283,-1,5.864818307732263,32.87189495304246
1907,95.35000000000001,ccurve,247,stanley,1.2,315.0523681640625,-232.38778686523438,-89.47381591796875,-0.0004673204892790276,0.35,0.0,9.362769207686e-05,-0.015258789062463791,283,-1,5.865865966261142,32.578626174367905
1908,95.4,ccurve,247,stanley,1.2,315.05517578125,-232.6811065673828,-89.5087890625,0.00046765906774492945,0.35,0.0,0.0002855397491638165,0.019714355468752887,283,-1,5.866878886985327,32.28529309925195
1909,95.45,ccurve,247,stanley,1.2,315.0575866699219,-232.97447204589844,-89.47386932373047,-0.0004613322270846336,0.35,0.0,8.033086670081798e-05,-0.015205383300751631,283,-1,5.867914965331582,31.99191778524367
1910,95.5,ccurve,247,stanley,1.2,315.0603942871094,-233.26788330078125,-89.5087890625,0.0004724161618790762,0.35,0.0,0.0002714265287915574,0.019714355468752887,283,-1,5.868914171776771,31.698493160964922
1911,95.55000000000001,ccurve,247,stanley,1.2,315.0628356933594,-233.56134033203125,-89.47386932373047,-0.00046653924208093323,0.35,0.0,9.591761610555985e-05,-0.015205383300751631,283,-1,5.869930742255469,31.40502602586126
1912,95.60000000000001,ccurve,247,stanley,1.2,315.0656433105469,-233.8548583984375,-89.50881958007812,0.00046842239168053487,0.35,0.0,0.0002860608173673781,0.01974487304689593,283,-1,5.87091597143233,31.111494594411553
1913,95.65,ccurve,247,stanley,1.2,315.06805419921875,-234.14840698242188,-89.47390747070312,-0.0004639279924784226,0.35,0.0,9.140261223220675e-05,-0.015167236328085549,284,-1,5.87191721927393,30.81793618216868
1914,95.7,ccurve,247,stanley,1.2,315.07086181640625,-234.44204711914062,-89.50885009765625,0.00047120073463737975,0.35,0.0,0.00028045728683240116,0.019775390624988086,284,-1,5.872884414232825,30.524282685166853
1915,95.75,ccurve,247,stanley,1.2,315.07330322265625,-234.73570251464844,-89.47393798828125,-0.0004669844924271727,0.35,0.0,0.00010317951832126537,-0.015136718749993392,284,-1,5.873871873512054,30.230617193670934
1916,95.80000000000001,ccurve,247,stanley,1.2,315.07611083984375,-235.02940368652344,-89.50887298583984,0.00046812971269553704,0.35,0.0,0.0002916899295906485,0.01979827880860809,284,-1,5.874826120013059,29.936902664028278
1917,95.85000000000001,ccurve,247,stanley,1.2,315.07855224609375,-235.3231658935547,-89.47396087646484,-0.0004697561814801619,0.35,0.0,0.00011345970025059124,-0.015113830566373387,284,-1,5.875793984475805,29.64313036516849
1918,95.9,ccurve,247,stanley,1.2,315.0813903808594,-235.61697387695312,-89.5089340209961,0.00045658649028454607,0.35,0.0,0.00033153401546427274,0.01985931396489418,284,-1,5.876734384454694,29.349308756492462
1919,95.95,ccurve,247,stanley,1.2,315.08380126953125,-235.9108123779297,-89.47408294677734,-0.000469146333902944,0.35,0.0,0.00012210709218748138,-0.014991760253902989,284,-1,5.877689668181384,29.05546043847703
1920,96.0,ccurve,247,stanley,1.2,315.0866394042969,-236.20472717285156,-89.5090560913086,0.00046366445639048375,0.35,0.0,0.0003208960491192861,0.019981384277364577,285,-1,5.878612537454665,28.761532022609018
1921,96.05000000000001,ccurve,247,stanley,1.2,315.08905029296875,-236.49867248535156,-89.47417449951172,-0.00046264511387110094,0.35,0.0,0.00011051666501357433,-0.014900207519524747,285,-1,5.87955271699799,28.46757689722935
1922,96.10000000000001,ccurve,247,stanley,1.2,315.0918884277344,-236.7926483154297,-89.50912475585938,0.0004635893533409151,0.35,0.0,0.0003270942560675231,0.020050048828122814,285,-1,5.8804565986214765,28.1735874487094
1923,96.15,ccurve,247,stanley,1.2,315.09429931640625,-237.08670043945312,-89.47422790527344,-0.00046285987015458265,0.35,0.0,0.00011576241113289048,-0.014846801757812587,285,-1,5.881381930364105,27.879525515972546
1924,96.2,ccurve,247,stanley,1.2,315.0971374511719,-237.3807830810547,-89.5091552734375,0.00046306129586014396,0.35,0.0,0.00033138754135791796,0.02008056640626586,285,-1,5.882275298238473,27.5854292602401
1925,96.25,ccurve,247,stanley,1.2,315.09954833984375,-237.67491149902344,-89.47429656982422,-0.0004620925553194657,0.35,0.0,0.0001193753672597709,-0.01477813720700346,285,-1,5.883185828887783,27.291291036522654
1926,96.30000000000001,ccurve,247,stanley,1.2,315.1023864746094,-237.9690704345703,-89.50921630859375,0.00045979214314213654,0.35,0.0,0.0003465036356415478,0.020141601562501058,286,-1,5.884060613139258,26.997118489935165
1927,96.35000000000001,ccurve,247,stanley,1.2,315.1048278808594,-238.26332092285156,-89.47435760498047,-0.00047520565870759083,0.35,0.0,0.0001639192996549946,-0.01471710205076826,286,-1,5.8849586827208595,26.702857928705452
1928,96.4,ccurve,247,stanley,1.2,315.1076354980469,-238.55755615234375,-89.50930786132812,0.00046205407939311203,0.35,0.0,0.0003476674067797738,0.020233154296879302,286,-1,5.885818963541273,26.408609363241208
1929,96.45,ccurve,247,stanley,1.2,315.1100769042969,-238.8518829345703,-89.47447967529297,-0.0004718630595665748,0.35,0.0,0.00016440274162970688,-0.014595031738246974,286,-1,5.886701909175379,26.11427251105342
1930,96.5,ccurve,247,stanley,1.2,315.1129150390625,-239.14622497558594,-89.50942993164062,0.0004555504681639903,0.35,0.0,0.0003777147526987841,0.020355224609400587,286,-1,5.887553692245519,25.81991686660803
1931,96.55000000000001,ccurve,247,stanley,1.2,315.1153259277344,-239.44061279296875,-89.474609375,-0.00046780329967258686,0.35,0.0,0.00016338945944468705,-0.014465332031253535,286,-1,5.8884207663426436,25.52551925338749
1932,96.60000000000001,ccurve,247,stanley,1.2,315.1181640625,-239.73504638671875,-89.50957489013672,0.0004603388971156446,0.35,0.0,0.0003758850755175456,0.020500183105490993,286,-1,5.889256934479582,25.231072059875423
1933,96.65,ccurve,247,stanley,1.2,315.12060546875,-240.02952575683594,-89.47472381591797,-0.00046769875315043216,0.35,0.0,0.00017292685458749311,-0.014350891113255286,287,-1,5.890111667926673,24.9365826255773
1934,96.7,ccurve,247,stanley,1.2,315.1234130859375,-240.3240509033203,-89.50969696044922,0.0004711303955288386,0.35,0.0,0.0003540897108909157,0.020622253418012278,287,-1,5.890937299440587,24.642044154932723
1935,96.75,ccurve,247,stanley,1.2,315.1258544921875,-240.61859130859375,-89.47479248046875,-0.0004643846628468878,0.35,0.0,0.0001689201240830068,-0.01428222656249705,287,-1,5.891779808832742,24.34749368788217
1936,96.80000000000001,ccurve,247,stanley,1.2,315.128662109375,-240.91322326660156,-89.50969696044922,0.00047281682020539864,0.35,0.0,0.0003491305195575089,0.020622253418012278,287,-1,5.892592539489211,24.05284840996338
1937,96.85000000000001,ccurve,247,stanley,1.2,315.131103515625,-241.2078399658203,-89.47481536865234,-0.000461835211373606,0.35,0.0,0.00016328060358608565,-0.014259338378877044,287,-1,5.893423590453068,23.758221651987586
1938,96.9,ccurve,247,stanley,1.2,315.1339111328125,-241.50253295898438,-89.50969696044922,0.0004749098917751196,0.35,0.0,0.00034294673572977594,0.020622253418012278,287,-1,5.894220116675596,23.463515341335484
1939,96.95,ccurve,247,stanley,1.2,315.1363525390625,-241.79725646972656,-89.47481536865234,-0.00045944229022930165,0.35,0.0,0.00015614435892943174,-0.014259338378877044,287,-1,5.895035429434257,23.168781776077175
1940,97.0,ccurve,247,stanley,1.2,315.13916015625,-242.09201049804688,-89.50969696044922,0.000473440540448279,0.35,0.0,0.0003474496950625723,0.020622253418012278,288,-1,5.89581862011279,22.874014432680013
1941,97.05000000000001,ccurve,247,stanley,1.2,315.1416015625,-242.38682556152344,-89.47479248046875,-0.0004613104055874342,0.35,0.0,0.00015983092326601108,-0.01428222656249705,288,-1,5.8966209995708505,22.579189318334844
1942,97.10000000000001,ccurve,247,stanley,1.2,315.1444396972656,-242.68165588378906,-89.5096664428711,0.00046549150495790026,0.35,0.0,0.00036878882768859225,0.020591735839869237,288,-1,5.897396531478372,22.2843454123235
1943,97.15,ccurve,247,stanley,1.2,315.1468811035156,-242.9765625,-89.47479248046875,-0.0004681314910749453,0.35,0.0,0.00018035366089581292,-0.01428222656249705,288,-1,5.898186866853464,21.989428748649633
1944,97.2,ccurve,247,stanley,1.2,315.1496887207031,-243.271484375,-89.50969696044922,0.0004699956336128978,0.35,0.0,0.0003579788055489584,0.020622253418012278,288,-1,5.898948517293063,21.694493565425688
1945,97.25,ccurve,247,stanley,1.2,315.1521301269531,-243.56642150878906,-89.47481536865234,-0.00046377183767317836,0.35,0.0,0.0001692715070907725,-0.014259338378877044,288,-1,5.899728028825931,21.399546385419594
1946,97.30000000000001,ccurve,247,stanley,1.2,315.1549377441406,-243.86143493652344,-89.50969696044922,0.0004739878484961705,0.35,0.0,0.00034608025674769984,0.020622253418012278,288,-1,5.900476410436992,21.10451965305201
1947,97.35000000000001,ccurve,247,stanley,1.2,315.1573791503906,-244.15646362304688,-89.47481536865234,-0.0004534220111310509,0.35,0.0,0.00013822366584034015,-0.014259338378877044,289,-1,5.901248330926244,20.8094809239923
1948,97.4,ccurve,247,stanley,1.2,315.1601867675781,-244.4515380859375,-89.5096664428711,0.000483660477888889,0.35,0.0,0.00031448815216645644,0.020591735839869237,289,-1,5.901981589881491,20.51439315883397
1949,97.45,ccurve,247,stanley,1.2,315.1626281738281,-244.7466583251953,-89.47472381591797,-0.0004513418694263888,0.35,0.0,0.00012414806371583505,-0.014350891113255286,289,-1,5.902734045245959,20.219262880736512
1950,97.5,ccurve,247,stanley,1.2,315.1654357910156,-245.04177856445312,-89.50955200195312,0.0004852365845666709,0.35,0.0,0.00030000435254384165,0.020477294921921876,289,-1,5.903461500180102,19.92412934095689
1951,97.55000000000001,ccurve,247,stanley,1.2,315.1678771972656,-245.3369903564453,-89.474609375,-0.0004495106893105438,0.35,0.0,0.00010884786909700272,-0.014465332031253535,289,-1,5.904204870568919,19.62890751383787
1952,97.60000000000001,ccurve,247,stanley,1.2,315.1706848144531,-245.6322021484375,-89.50939178466797,0.0004860451727005931,0.35,0.0,0.00028388776292879135,0.020317077636734505,289,-1,5.904917533358974,19.33368242486877
1953,97.65,ccurve,247,stanley,1.2,315.1731262207031,-245.92742919921875,-89.47441101074219,-0.00044976317850991263,0.35,0.0,9.25952136492502e-05,-0.014663696289056099,289,-1,5.905648972298733,19.038445339665284
1954,97.7,ccurve,247,stanley,1.2,315.17596435546875,-246.22274780273438,-89.50921630859375,0.00047262030029977684,0.35,0.0,0.0003092464129128966,0.020141601562501058,290,-1,5.906350167880603,18.743113171635517
1955,97.75,ccurve,247,stanley,1.2,315.1783752441406,-246.51806640625,-89.47429656982422,-0.000451038779478973,0.35,0.0,8.662110386391773e-05,-0.01477813720700346,290,-1,5.9070718291337965,18.447784809123924
1956,97.80000000000001,ccurve,247,stanley,1.2,315.18121337890625,-246.8134307861328,-89.50910186767578,0.0004755033348923817,0.35,0.0,0.0002908167041418958,0.020027160644553697,290,-1,5.90776309624886,18.15240686640557
1957,97.85000000000001,ccurve,247,stanley,1.2,315.1836242675781,-247.1088409423828,-89.47421264648438,-0.00044703089006702936,0.35,0.0,6.737500009669907e-05,-0.014862060546858664,290,-1,5.908471980927787,17.85698695495057
1958,97.9,ccurve,247,stanley,1.2,315.18646240234375,-247.4042510986328,-89.50900268554688,0.00047922613787577695,0.35,0.0,0.0002711624028765682,0.019927978515652416,290,-1,5.909152812727652,17.561563237520932
1959,97.95,ccurve,247,stanley,1.2,315.1888732910156,-247.69973754882812,-89.47408294677734,-0.00044397216887901895,0.35,0.0,4.704036966785615e-05,-0.014991760253902989,290,-1,5.909849335123301,17.266067035332956
1960,98.0,ccurve,247,stanley,1.2,315.19171142578125,-247.99525451660156,-89.50885009765625,0.00048805549186313934,0.35,0.0,0.00023154241416585043,0.019775390624988086,291,-1,5.910521123199079,16.970536510431597
1961,98.05000000000001,ccurve,247,stanley,1.2,315.1941223144531,-248.29075622558594,-89.47390747070312,-0.00043577034964853634,0.35,0.0,7.284315124434122e-06,-0.015167236328085549,291,-1,5.911209666724477,16.67502505027663
1962,98.10000000000001,ccurve,247,stanley,1.2,315.1969909667969,-248.5863494873047,-89.50860595703125,0.00047830207216286515,0.35,0.0,0.00023995529268508713,0.01953125000004729,291,-1,5.911865770885034,16.37941796254495
1963,98.15,ccurve,247,stanley,1.2,315.19940185546875,-248.88194274902344,-89.47368621826172,-0.0004446152138956649,0.35,0.0,1.4880798647454803e-05,-0.015388488769508117,291,-1,5.912542614198228,16.08381495311987
1964,98.2,ccurve,247,stanley,1.2,315.2022705078125,-249.17755126953125,-89.50841522216797,0.00047039196785174484,0.35,0.0,0.0002474157103754043,0.019340515136716873,291,-1,5.913192880098435,15.788192607384559
1965,98.25,ccurve,247,stanley,1.2,315.2046813964844,-249.47325134277344,-89.47349548339844,-0.0004522254486406366,0.35,0.0,2.138875550885145e-05,-0.015579223632787643,291,-1,5.913861074507089,15.492482790506418
1966,98.30000000000001,ccurve,247,stanley,1.2,315.20751953125,-249.7689666748047,-89.50830078125,0.00047543081712042926,0.35,0.0,0.0002224548416346608,0.019226074218769516,291,-1,5.914498904584338,15.196753909299145
1967,98.35000000000001,ccurve,247,stanley,1.2,315.2099609375,-250.06466674804688,-89.47344970703125,-0.000459422915074479,0.35,0.0,3.912771886158996e-05,-0.015624999999976763,292,-1,5.915153450952386,14.901043820617817
1968,98.4,ccurve,247,stanley,1.2,315.2127990722656,-250.36044311523438,-89.50823974609375,0.00046799319721525063,0.35,0.0,0.0002396495416565874,0.019165039062534316,292,-1,5.915780656463639,14.605253906817468
1969,98.45,ccurve,247,stanley,1.2,315.2152404785156,-250.65625,-89.473388671875,-0.00046251160697156657,0.35,0.0,4.318649073433312e-05,-0.01568603515626285,292,-1,5.916428448893607,14.309437010722196
1970,98.5,ccurve,247,stanley,1.2,315.21807861328125,-250.95204162597656,-89.50823974609375,0.0004667078935978487,0.35,0.0,0.0002435722476966282,0.019165039062534316,292,-1,5.917045662702587,14.013631838872588
1971,98.55000000000001,ccurve,247,stanley,1.2,315.2204895019531,-251.2479248046875,-89.473388671875,-0.00045345472865049275,0.35,0.0,1.591250283763902e-05,-0.01568603515626285,292,-1,5.917682033737432,13.71773892380859
1972,98.60000000000001,ccurve,247,stanley,1.2,315.2233581542969,-251.5438232421875,-89.50823974609375,0.0004659647619307053,0.35,0.0,0.0002458621637442329,0.019165039062534316,292,-1,5.918286086868257,13.421826672723748
1973,98.65,ccurve,247,stanley,1.2,315.22576904296875,-251.8397216796875,-89.473388671875,-0.00045416846627607224,0.35,0.0,1.8066353052540937e-05,-0.01568603515626285,292,-1,5.918917617708393,13.125918499350098
1974,98.7,ccurve,247,stanley,1.2,315.2286376953125,-252.13568115234375,-89.50818634033203,0.000459878481758409,0.35,0.0,0.0002596552179485855,0.019111633300822155,293,-1,5.919512582241375,12.829945215662512
1975,98.75,ccurve,247,stanley,1.2,315.2310485839844,-252.43167114257812,-89.473388671875,-0.00045847318902440733,0.35,0.0,3.104301226067568e-05,-0.01568603515626285,293,-1,5.920121107011869,12.533945493066861
1976,98.80000000000001,ccurve,247,stanley,1.2,315.23388671875,-252.72767639160156,-89.50820922851562,0.00047054702137995616,0.35,0.0,0.0002295238475651289,0.01913452148439127,293,-1,5.920702695167771,12.237926706515882
1977,98.85000000000001,ccurve,247,stanley,1.2,315.236328125,-253.02371215820312,-89.473388671875,-0.0004584634238287753,0.35,0.0,3.1019809152329635e-05,-0.01568603515626285,293,-1,5.921309557653688,11.94188093768858
1978,98.9,ccurve,247,stanley,1.2,315.2391662597656,-253.31979370117188,-89.50818634033203,0.0004701416906147163,0.35,0.0,0.0002288203152932683,0.019111633300822155,293,-1,5.9218877524196225,11.645785860305098
1979,98.95,ccurve,247,stanley,1.2,315.2416076660156,-253.6158905029297,-89.47335815429688,-0.0004589194376095327,0.35,0.0,2.9772013549656147e-05,-0.01571655273435501,293,-1,5.922481235608106,11.349679058667576
1980,99.0,ccurve,247,stanley,1.2,315.24444580078125,-253.9119873046875,-89.50818634033203,0.0004706155581490497,0.35,0.0,0.00022743645385789324,0.019111633300822155,293,-1,5.923050349226409,11.053568723178104
1981,99.05000000000001,ccurve,247,stanley,1.2,315.2468566894531,-254.2081756591797,-89.47335815429688,-0.00044198820467652745,0.35,0.0,-2.1277505108112556e-05,-0.01571655273435501,294,-1,5.923633344918476,10.757370644518522
1982,99.10000000000001,ccurve,247,stanley,1.2,315.2497253417969,-254.50436401367188,-89.50811767578125,0.00047574762524304034,0.35,0.0,0.00020608690497712478,0.019042968750013028,294,-1,5.924191310289517,10.461168487838977
1983,99.15,ccurve,247,stanley,1.2,315.25213623046875,-254.80056762695312,-89.47323608398438,-0.00044443195871296515,0.35,0.0,-2.4430222368626315e-05,-0.015838623046825404,294,-1,5.924768069963931,10.164955150953487
1984,99.2,ccurve,247,stanley,1.2,315.2549743652344,-255.09681701660156,-89.50796508789062,0.0004827437349094518,0.35,0.0,0.00017187355961257992,0.018890380859399585,294,-1,5.925316354159571,9.868692233134919
1985,99.25,ccurve,247,stanley,1.2,315.2574157714844,-255.39309692382812,-89.47308349609375,-0.0004473420568815005,0.35,0.0,-2.880753212346687e-05,-0.015991210937489737,294,-1,5.925880363553062,9.572402333752693
1986,99.30000000000001,ccurve,247,stanley,1.2,315.26025390625,-255.68939208984375,-89.50778198242188,0.00047910901009871567,0.35,0.0,0.00016708805235962979,0.0187072753906431,294,-1,5.92641995395622,9.276093641380854
1987,99.35000000000001,ccurve,247,stanley,1.2,315.2626953125,-255.9856719970703,-89.47288513183594,-0.0004555084447014364,0.35,0.0,-2.1273506223450783e-05,-0.0161895751952923,295,-1,5.92698247441164,8.97980374201027
1988,99.4,ccurve,247,stanley,1.2,315.2655334472656,-256.2820739746094,-89.50765228271484,0.0004732323358007399,0.35,0.0,0.00017366961743072503,0.018577575683598774,295,-1,5.927513366829124,8.683388242336111
1989,99.45,ccurve,247,stanley,1.2,315.2679748535156,-256.5784606933594,-89.47283935546875,-0.00045460057213141515,0.35,0.0,-2.7963935134242817e-05,-0.01623535156248142,295,-1,5.928065357625731,8.386991535728937
1990,99.5,ccurve,247,stanley,1.2,315.2707824707031,-256.8748474121094,-89.50759887695312,0.00048400024156284563,0.35,0.0,0.00013659888957941744,0.018524169921886612,295,-1,5.928592522309492,8.09059156579093
1991,99.55000000000001,ccurve,247,stanley,1.2,315.2732238769531,-257.1712646484375,-89.47271728515625,-0.0004457176162861132,0.35,0.0,-6.530679465095637e-05,-0.01635742187500271,295,-1,5.929133757009738,7.794164343653824
1992,99.60000000000001,ccurve,247,stanley,1.2,315.27606201171875,-257.4677429199219,-89.50743865966797,0.0004819626670431188,0.35,0.0,0.000128955999839705,0.01836395263675013,295,-1,5.929648119426851,7.497672552151361
1993,99.65,ccurve,247,stanley,1.2,315.27850341796875,-257.76422119140625,-89.47252655029297,-0.00044845893404713054,0.35,0.0,-7.349394772148028e-05,-0.016548156738231345,295,-1,5.930180651928346,7.201184297457297
1994,99.7,ccurve,247,stanley,1.2,315.2813415527344,-258.06072998046875,-89.50727081298828,0.00047598602783991843,0.35,0.0,0.0001325441165913356,0.018196105957039722,296,-1,5.930685884520452,6.9046619894050005
1995,99.75,ccurve,247,stanley,1.2,315.2837829589844,-258.3572692871094,-89.47240447998047,-0.0004529590144811135,0.35,0.0,-7.045009430066244e-05,-0.016670227050752634,296,-1,5.93121069486284,6.6081127022107715
1996,99.80000000000001,ccurve,247,stanley,1.2,315.28662109375,-258.6538391113281,-89.50714111328125,0.0004754498777819896,0.35,0.0,0.00012299630519378105,0.018066406249995396,296,-1,5.931708744371296,6.311529361182598
1997,99.85000000000001,ccurve,247,stanley,1.2,315.2890625,-258.9504089355469,-89.47232055664062,-0.000452109003596773,0.35,0.0,-8.027003736362249e-05,-0.016754150390607837,296,-1,5.932228352026348,6.0149495579310335
1998,99.9,ccurve,247,stanley,1.2,315.2919006347656,-259.24700927734375,-89.50704956054688,0.0004761826793863303,0.35,0.0,0.00011290423046541546,0.017974853515617156,296,-1,5.932718334681316,5.718335700222242
1999,99.95,ccurve,247,stanley,1.2,315.2943420410156,-259.5436706542969,-89.47222137451172,-0.000451335589435726,0.35,0.0,-9.117850708820641e-05,-0.01685333251950912,296,-1,5.933229372017937,5.421664348283627
2000,100.0,ccurve,247,stanley,1.2,315.2971496582031,-259.84033203125,-89.50695037841797,0.0004872495345087841,0.35,0.0,7.093513263680025e-05,0.01787567138676676,296,-1,5.933710775965129,5.124989729182634
2001,100.05000000000001,ccurve,247,stanley,1.2,315.2995910644531,-260.13702392578125,-89.47209930419922,-0.0004347311735006029,0.35,0.0,-0.00015188869986788606,-0.016975402832030407,297,-1,5.934212957764816,4.828287862701304
