step,time,route_name,spawn_index,controller_type,tuning_value,x,y,path_x,path_y,yaw_deg,steer,throttle,brake,cross_track_error,heading_error_deg,closest_waypoint,target_waypoint,speed,distance_to_goal
0,0.0,sturn,192,stanley,0.8,332.51141357421875,-117.62440490722656,332.51141357421875,-117.62442016601562,0.9240431189537048,-2.0391754627349817e-05,0.35,0.0,1.5256804705725497e-05,-1.1920928942248105e-07,0,-1,0.9800000786781311,171.16852996795186
1,0.05,sturn,192,stanley,0.8,332.51141357421875,-117.62440490722656,332.51141357421875,-117.62442016601562,0.9240431189537048,-1.3595638136291584e-05,0.35,0.0,1.5256804705725497e-05,-1.1920928942248105e-07,0,-1,1.470000147819519,171.16852996795186
2,0.1,sturn,192,stanley,0.8,332.51141357421875,-117.62440490722656,332.51141357421875,-117.62442016601562,0.9240431189537048,-1.0197579683898655e-05,0.35,0.0,1.5256804705725497e-05,-1.1920928942248105e-07,0,-1,1.9600002765655518,171.16852996795186
3,0.15000000000000002,sturn,192,stanley,0.8,332.51141357421875,-117.62440490722656,332.51141357421875,-117.62442016601562,0.9240431189537048,-8.158745141502973e-06,0.35,0.0,1.5256804705725497e-05,-1.1920928942248105e-07,0,-1,2.450000286102295,171.16852996795186
4,0.2,sturn,192,stanley,0.8,332.51141357421875,-117.6243896484375,332.51141357421875,-117.62442016601562,0.9240431189537048,-2.099208201826526e-05,0.35,0.0,3.0513609411450994e-05,-1.1920928942248105e-07,0,-1,1.9039393663553963,171.1685448108037
5,0.25,sturn,192,stanley,0.8,332.51141357421875,-117.6243896484375,332.51141357421875,-117.62442016601562,0.9240431189537048,-5.5160758439215464e-05,0.35,0.0,3.0513609411450994e-05,-1.1920928942248105e-07,0,-1,0.7244939208042214,171.1685448108037
6,0.30000000000000004,sturn,192,stanley,0.8,332.51141357421875,-117.6243896484375,332.51141357421875,-117.62442016601562,0.9240431189537048,-0.00025221480968616106,0.35,0.0,3.0513609411450994e-05,-1.1920928942248105e-07,0,-1,0.15844313800348767,171.1685448108037
7,0.35000000000000003,sturn,192,stanley,0.8,332.51141357421875,-117.6243896484375,332.51141357421875,-117.62442016601562,0.9240431189537048,-0.0003996150636391776,0.35,0.0,3.0513609411450994e-05,-1.1920928942248105e-07,0,-1,0.0869804546237648,171.1685448108037
8,0.4,sturn,192,stanley,0.8,332.51141357421875,-117.6243896484375,332.51141357421875,-117.62442016601562,0.9240431189537048,-0.00023260070542004032,0.35,0.0,3.0513609411450994e-05,-1.1920928942248105e-07,0,-1,0.17180408537387876,171.1685448108037
9,0.45,sturn,192,stanley,0.8,332.51141357421875,-117.6243896484375,332.51141357421875,-117.62442016601562,0.9240431189537048,-0.00022021440430572883,0.35,0.0,3.0513609411450994e-05,-1.1920928942248105e-07,0,-1,0.1814676225185461,171.1685448108037
10,0.5,sturn,192,stanley,0.8,332.51141357421875,-117.6243896484375,332.51141357421875,-117.62442016601562,0.9240431189537048,-0.0002495682988596159,0.35,0.0,3.0513609411450994e-05,-1.1920928942248105e-07,0,-1,0.16012334823610438,171.1685448108037
11,0.55,sturn,192,stanley,0.8,332.51141357421875,-117.6243896484375,332.51141357421875,-117.62442016601562,0.9240431189537048,-0.0003085968668626206,0.35,0.0,3.0513609411450994e-05,-1.1920928942248105e-07,0,-1,0.12949453294316787,171.1685448108037
12,0.6000000000000001,sturn,192,stanley,0.8,332.51141357421875,-117.6243896484375,332.51141357421875,-117.62442016601562,0.9240431189537048,-0.0003996150636391776,0.35,0.0,3.0513609411450994e-05,-1.1920928942248105e-07,0,-1,0.09944988042138751,171.1685448108037
13,0.65,sturn,192,stanley,0.8,332.51141357421875,-117.6243896484375,332.51141357421875,-117.62442016601562,0.9240431189537048,-0.0003996150636391776,0.35,0.0,3.0513609411450994e-05,-1.1920928942248105e-07,0,-1,0.07379931956533826,171.1685448108037
14,0.7000000000000001,sturn,192,stanley,0.8,332.51141357421875,-117.6243896484375,332.51141357421875,-117.62442016601562,0.9240431189537048,-0.0003996150636391776,0.35,0.0,3.0513609411450994e-05,-1.1920928942248105e-07,0,-1,0.05344283953319692,171.1685448108037
15,0.75,sturn,192,stanley,0.8,332.51141357421875,-117.6243896484375,332.51141357421875,-117.62442016601562,0.9240431189537048,-0.0003996150636391776,0.35,0.0,3.0513609411450994e-05,-1.1920928942248105e-07,0,-1,0.03799644485219116,171.1685448108037
16,0.8,sturn,192,stanley,0.8,332.51141357421875,-117.6243896484375,332.51141357421875,-117.62442016601562,0.9240431189537048,-0.0003996150636391776,0.35,0.0,3.0513609411450994e-05,-1.1920928942248105e-07,0,-1,0.026628855615863034,171.1685448108037
17,0.8500000000000001,sturn,192,stanley,0.8,332.51141357421875,-117.6243896484375,332.51141357421875,-117.62442016601562,0.9240431189537048,-0.0003996150636391776,0.35,0.0,3.0513609411450994e-05,-1.1920928942248105e-07,0,-1,0.018451079726808015,171.1685448108037
18,0.9,sturn,192,stanley,0.8,332.51141357421875,-117.6243896484375,332.51141357421875,-117.62442016601562,0.9240431189537048,-0.0003996150636391776,0.35,0.0,3.0513609411450994e-05,-1.1920928942248105e-07,0,-1,0.012663859874076158,171.1685448108037
19,0.9500000000000001,sturn,192,stanley,0.8,332.51141357421875,-117.6243896484375,332.51141357421875,-117.62442016601562,0.9240431189537048,-0.0003996150636391776,0.35,0.0,3.0513609411450994e-05,-1.1920928942248105e-07,0,-1,0.00862394273282602,171.1685448108037
20,1.0,sturn,192,stanley,0.8,332.51141357421875,-117.6243896484375,332.51141357421875,-117.62442016601562,0.9240431189537048,-0.0003996150636391776,0.35,0.0,3.0513609411450994e-05,-1.1920928942248105e-07,0,-1,0.005832404840598133,171.1685448108037
21,1.05,sturn,192,stanley,0.8,332.51141357421875,-117.6243896484375,332.51141357421875,-117.62442016601562,0.9240431189537048,-0.0003996150636391776,0.35,0.0,3.0513609411450994e-05,-1.1920928942248105e-07,0,-1,0.003923005896257955,171.1685448108037
22,1.1,sturn,192,stanley,0.8,332.5141296386719,-117.62435150146484,332.51141357421875,-117.62442016601562,0.9237910509109497,-0.0001146044356769342,0.35,0.0,2.4853938578707865e-05,0.00025194883346575474,0,-1,0.2672279643688122,171.16795210031327
23,1.1500000000000001,sturn,192,stanley,0.8,332.5506286621094,-117.62376403808594,332.51141357421875,-117.62442016601562,0.9236575365066528,-1.9234953560440254e-05,0.35,0.0,2.3625050242622337e-05,0.00038546323776245605,0,-1,1.0228641063042745,171.1600639203528
24,1.2000000000000002,sturn,192,stanley,0.8,332.6150207519531,-117.62273406982422,332.51141357421875,-117.62442016601562,0.9235765337944031,-6.92503350958247e-07,0.35,0.0,1.5014982712913691e-05,0.0004664659500122984,0,-1,1.4025496388896705,171.14615931239223
25,1.25,sturn,192,stanley,0.8,332.6956481933594,-117.62142944335938,332.51141357421875,-117.62442016601562,0.9235599637031555,-1.0004719720946711e-06,0.35,0.0,1.920161177801317e-05,0.0004830360412599139,0,-1,1.6989338905649047,171.1287960419709
26,1.3,sturn,192,stanley,0.8,332.78631591796875,-117.61997985839844,332.51141357421875,-117.62442016601562,0.923545777797699,9.750312311013346e-06,0.35,0.0,6.409306059509089e-06,0.0004972219467164955,0,-1,1.883681943772149,171.10929683624727
27,1.35,sturn,192,stanley,0.8,332.8846740722656,-117.61839294433594,332.51141357421875,-117.62442016601562,0.9235542416572571,9.486201767315156e-06,0.35,0.0,6.9055009570473044e-06,0.0004887580871583553,0,-1,2.019412898432819,171.08820953599906
28,1.4000000000000001,sturn,192,stanley,0.8,332.9894104003906,-117.61671447753906,332.51141357421875,-117.62442016601562,0.9235725998878479,1.5833624716571763e-05,0.35,0.0,-3.917606953588934e-06,0.00047039985656741474,0,-1,2.143426682014687,171.06580308077912
29,1.4500000000000002,sturn,192,stanley,0.8,333.0994873046875,-117.61493682861328,332.51141357421875,-117.62442016601562,0.9236007332801819,1.3629005323145553e-05,0.35,0.0,-1.6983882599862915e-06,0.00044226646423349396,0,-1,2.2403236368176755,171.04233331851628
30,1.5,sturn,192,stanley,0.8,333.2144775390625,-117.61308288574219,332.51141357421875,-117.62442016601562,0.9236322641372681,1.3096299983182925e-05,0.35,0.0,-2.4318977020938715e-06,0.00041073560714725556,0,-1,2.340090936112132,171.017885247628
31,1.55,sturn,192,stanley,0.8,333.3338928222656,-117.61116027832031,332.51141357421875,-117.62442016601562,0.9236640334129333,1.400240843975976e-05,0.35,0.0,-5.872077840047424e-06,0.0003789663314819734,0,-1,2.4222566027595818,170.9925719303118
32,1.6,sturn,192,stanley,0.8,333.4576416015625,-117.60916900634766,332.51141357421875,-117.62442016601562,0.9236969351768494,1.5384416783427388e-05,0.35,0.0,-1.0542467462709704e-05,0.0003460645675659849,0,-1,2.511726509404021,170.96642300574908
33,1.6500000000000001,sturn,192,stanley,0.8,333.58551025390625,-117.60709381103516,334.51153564453125,-117.5921630859375,0.9237353205680847,6.194432988517822e-06,0.35,0.0,5.12959235876749e-06,0.0003076791763305988,1,-1,2.5873532362849696,170.9395106304221
34,1.7000000000000002,sturn,192,stanley,0.8,333.71734619140625,-117.60496520996094,334.51153564453125,-117.5921630859375,0.9237579703330994,4.540909808310887e-06,0.35,0.0,7.349704770556395e-06,0.0002850294113160757,1,-1,2.6716268718853025,170.91184832049962
35,1.75,sturn,192,stanley,0.8,333.85302734375,-117.602783203125,334.51153564453125,-117.5921630859375,0.9237701296806335,7.3393740097025025e-06,0.35,0.0,9.572627846423515e-07,0.00027287006378186286,1,-1,2.7437322925990313,170.88347229215492
36,1.8,sturn,192,stanley,0.8,333.99261474609375,-117.60052490234375,334.51153564453125,-117.5921630859375,0.9237860441207886,3.7006070676940182e-06,0.35,0.0,7.853165985519106e-06,0.00025695562362686614,1,-1,2.8246900404690485,170.8544000105094
37,1.85,sturn,192,stanley,0.8,334.13592529296875,-117.59821319580078,334.51153564453125,-117.5921630859375,0.9237977862358093,3.3387997420881713e-06,0.35,0.0,8.10512973687446e-06,0.00024521350860602956,1,-1,2.894396656362637,170.82465919142282
38,1.9000000000000001,sturn,192,stanley,0.8,334.282958984375,-117.59584045410156,334.51153564453125,-117.5921630859375,0.9238054752349854,2.6710608103083857e-06,0.35,0.0,9.34155639157122e-06,0.00023752450942993056,1,-1,2.9727380564491326,170.79426629886748
39,1.9500000000000002,sturn,192,stanley,0.8,334.43359375,-117.5934066772461,334.51153564453125,-117.5921630859375,0.9238110780715942,7.981265024740925e-07,0.35,0.0,1.353106089779072e-05,0.0002319216728211104,1,-1,3.040475127288774,170.7632576049277
40,2.0,sturn,192,stanley,0.8,334.587890625,-117.59091186523438,334.51153564453125,-117.5921630859375,0.9238121509552002,-1.67829390802602e-06,0.35,0.0,1.96893357814424e-05,0.00023084878921511538,1,-1,3.1164596600969596,170.73162886068232
41,2.0500000000000003,sturn,192,stanley,0.8,334.74560546875,-117.58836364746094,334.51153564453125,-117.5921630859375,0.9238056540489197,-3.1466811035036217e-06,0.35,0.0,2.4125208586028065e-05,0.00023734569549579683,1,-1,3.182397801567557,170.69943578602056
42,2.1,sturn,192,stanley,0.8,334.90692138671875,-117.58576965332031,334.51153564453125,-117.5921630859375,0.9237927198410034,6.121278870558581e-07,0.35,0.0,1.6257354536411937e-05,0.00025027990341205096,1,-1,3.2561265833326827,170.66664007888613
43,2.15,sturn,192,stanley,0.8,335.07159423828125,-117.58311462402344,334.51153564453125,-117.5921630859375,0.9237866401672363,1.2978764824556636e-06,0.35,0.0,1.5279808234682293e-05,0.0002563595771789586,1,-1,3.3203521004313075,170.63331962931093
44,2.2,sturn,192,stanley,0.8,335.2397155761719,-117.58039855957031,334.51153564453125,-117.5921630859375,0.9237860441207886,-2.7090473318926293e-07,0.35,0.0,1.9716108469704924e-05,0.00025695562362686614,1,-1,3.3918669770129193,170.59946401642614
45,2.25,sturn,192,stanley,0.8,335.4111633300781,-117.57763671875,334.51153564453125,-117.5921630859375,0.9237830638885498,1.2555347587506687e-06,0.35,0.0,1.627806548393576e-05,0.00025993585586560873,1,-1,3.4544384951971097,170.56509455430165
46,2.3000000000000003,sturn,192,stanley,0.8,335.5859680175781,-117.57482147216797,334.51153564453125,-117.5921630859375,0.9237820506095886,2.9579740961829108e-06,0.35,0.0,1.210192789318984e-05,0.00026094913482669377,1,-1,3.523766787595893,170.53022186572267
47,2.35,sturn,192,stanley,0.8,335.76397705078125,-117.57195281982422,336.6697082519531,-117.636474609375,0.923787534236908,-0.14798745424413015,0.35,0.0,-0.0035987594225427577,-5.225576817989349,2,-1,3.5847364920604985,170.4948885828837
48,2.4000000000000004,sturn,192,stanley,0.8,335.9447326660156,-117.57378387451172,336.6697082519531,-117.636474609375,0.6913968324661255,-0.14559194748672707,0.35,0.0,0.008133799151460973,-4.993186116218567,2,-1,3.63618505102946,170.45455750516683
49,2.45,sturn,192,stanley,0.8,336.1277770996094,-117.58267211914062,336.6697082519531,-117.636474609375,0.18959125876426697,-0.13293918015122633,0.35,0.0,0.013000733321794737,-4.491380542516708,2,-1,3.6900447535049214,170.4070268394602
50,2.5,sturn,192,stanley,0.8,336.3136291503906,-117.5943832397461,336.6697082519531,-117.636474609375,-0.3391112983226776,-0.11854218821503475,0.35,0.0,0.015263343139663026,-3.962677985429764,2,-1,3.7553564068594927,170.356329010817
51,2.5500000000000003,sturn,192,stanley,0.8,336.5025634765625,-117.60726928710938,336.6697082519531,-117.636474609375,-0.8316344618797302,-0.10484097290549084,0.35,0.0,0.01658553728282931,-3.470154821872711,2,-1,3.814858001046812,170.304024716962
52,2.6,sturn,192,stanley,0.8,336.69464111328125,-117.62086486816406,336.6697082519531,-117.636474609375,-1.279296875,-0.09224364113197724,0.35,0.0,0.01743597594741427,-3.0224924087524414,2,-1,3.878965720220034,170.25056543291458
53,2.6500000000000004,sturn,192,stanley,0.8,336.8896789550781,-117.63494873046875,336.6697082519531,-117.636474609375,-1.681091547012329,-0.08087221086153014,0.35,0.0,0.018021553543573363,-2.6206977367401123,2,-1,3.936733915540032,170.19621531302
54,2.7,sturn,192,stanley,0.8,337.0877380371094,-117.64949798583984,336.6697082519531,-117.636474609375,-2.040618896484375,-0.0706215412803113,0.35,0.0,0.018369672013115873,-2.261170387268067,2,-1,3.9984126033489784,170.14099360282958
55,2.75,sturn,192,stanley,0.8,337.2886657714844,-117.66442108154297,336.6697082519531,-117.636474609375,-2.360107421875,-0.06147221530212978,0.35,0.0,0.018560180569778446,-1.9416818618774414,2,-1,4.054085042755759,170.0850310539002
56,2.8000000000000003,sturn,192,stanley,0.8,337.4925231933594,-117.6797103881836,336.6697082519531,-117.636474609375,-2.643402576446533,-0.053306412944110246,0.35,0.0,0.01860526535349756,-1.6583867073059084,2,-1,4.113090067649095,170.02833221127102
57,2.85,sturn,192,stanley,0.8,337.6991271972656,-117.69532775878906,336.6697082519531,-117.636474609375,-2.893097400665283,-0.046071939450402055,0.35,0.0,0.01852923115195497,-1.4086918830871584,2,-1,4.1668571280391475,169.9709815023769
58,2.9000000000000004,sturn,192,stanley,0.8,337.9085388183594,-117.71125793457031,338.8515930175781,-117.92826080322266,-3.112579822540283,-0.23402796165557088,0.35,0.0,0.03421674706179226,-7.81964159011841,3,-1,4.2235433319802125,169.9129910018327
59,2.95,sturn,192,stanley,0.8,338.1198425292969,-117.73152923583984,338.8515930175781,-117.92826080322266,-3.5068981647491455,-0.22886641696025403,0.35,0.0,0.054386574444650226,-7.425323247909548,3,-1,4.261204411498882,169.8506078629265
60,3.0,sturn,192,stanley,0.8,338.3309631347656,-117.76215362548828,338.8515930175781,-117.92826080322266,-4.30441427230835,-0.20901265082493015,0.35,0.0,0.06435647354212616,-6.627807140350343,3,-1,4.2896872385491855,169.77835877428527
61,3.0500000000000003,sturn,192,stanley,0.8,338.5431823730469,-117.79930114746094,338.8515930175781,-117.92826080322266,-5.221743583679199,-0.18371261776931155,0.35,0.0,0.06812997382939523,-5.710477828979493,3,-1,4.3402932302042645,169.69973565664128
62,3.1,sturn,192,stanley,0.8,338.7576904296875,-117.8393783569336,338.8515930175781,-117.92826080322266,-6.083347797393799,-0.15923018167498826,0.35,0.0,0.06946102294619061,-4.8488736152648935,3,-1,4.3962511497318,169.6180262453607
63,3.1500000000000004,sturn,192,stanley,0.8,338.97467041015625,-117.881103515625,338.8515930175781,-117.92826080322266,-6.853277206420898,-0.137038432273735,0.35,0.0,0.06964282398357936,-4.078944206237794,3,-1,4.449429858790411,169.53445782973472
64,3.2,sturn,192,stanley,0.8,339.19427490234375,-117.92398834228516,338.8515930175781,-117.92826080322266,-7.5309224128723145,-0.11730047368565175,0.35,0.0,0.0691837349017222,-3.401298999786378,3,-1,4.502854265165426,169.4494875736532
65,3.25,sturn,192,stanley,0.8,339.41650390625,-117.96778869628906,338.8515930175781,-117.92826080322266,-8.121986389160156,-0.09994213577623279,0.35,0.0,0.06832346571425921,-2.8102350234985365,3,-1,4.553418166852785,169.36336397920107
66,3.3000000000000003,sturn,192,stanley,0.8,339.64111328125,-118.01241302490234,338.8515930175781,-117.92826080322266,-8.634624481201172,-0.0847335154404915,0.35,0.0,0.06710560698369664,-2.2975969314575204,3,-1,4.603899179855104,169.2762331405372
67,3.35,sturn,192,stanley,0.8,339.86810302734375,-118.05772399902344,338.8515930175781,-117.92826080322266,-9.076672554016113,-0.07149990248531801,0.35,0.0,0.06566499559270705,-1.8555488586425792,3,-1,4.65220548789828,169.18823843133043
68,3.4000000000000004,sturn,192,stanley,0.8,340.0975341796875,-118.10367584228516,340.98516845703125,-118.47001647949219,-9.455639839172363,-0.2543140491931211,0.35,0.0,0.0814222600228135,-8.107014656066895,4,-1,4.700239780738792,169.099421995739
69,3.45,sturn,192,stanley,0.8,340.32769775390625,-118.15458679199219,340.98516845703125,-118.47001647949219,-10.004651069641113,-0.24429107117131418,0.35,0.0,0.10233591570490475,-7.558003425598145,4,-1,4.727211540146667,169.0058745892387
70,3.5,sturn,192,stanley,0.8,340.55572509765625,-118.2163314819336,340.98516845703125,-118.47001647949219,-10.959613800048828,-0.2196383684227812,0.35,0.0,0.11227621390677031,-6.603040695190431,4,-1,4.745677144279548,168.90236272497145
71,3.5500000000000003,sturn,192,stanley,0.8,340.7835388183594,-118.28520965576172,340.98516845703125,-118.47001647949219,-12.020220756530762,-0.18988248674066227,0.35,0.0,0.11535107693717037,-5.542433738708497,4,-1,4.79100492794103,168.79214896776227
72,3.6,sturn,192,stanley,0.8,341.01287841796875,-118.35762786865234,340.98516845703125,-118.47001647949219,-13.00139331817627,-0.1615707253703083,0.35,0.0,0.11551134252121972,-4.561261177062988,4,-1,4.840393186458646,168.67843784731994
73,3.6500000000000004,sturn,192,stanley,0.8,341.24420166015625,-118.43213653564453,340.98516845703125,-118.47001647949219,-13.864124298095703,-0.13628296022224531,0.35,0.0,0.11427715643156731,-3.698530197143556,4,-1,4.888555603657283,168.56257392118872
74,3.7,sturn,192,stanley,0.8,341.4776916503906,-118.50814819335938,340.98516845703125,-118.47001647949219,-14.60856819152832,-0.114191324043171,0.35,0.0,0.11226385074703746,-2.9540863037109375,4,-1,4.934949498724507,168.44510789912985
75,3.75,sturn,192,stanley,0.8,341.71319580078125,-118.5853500366211,340.98516845703125,-118.47001647949219,-15.24437141418457,-0.09508996078315225,0.35,0.0,0.10972360685553557,-2.318283081054687,4,-1,4.97971128256645,168.32638275045227
76,3.8000000000000003,sturn,192,stanley,0.8,341.9507751464844,-118.66353607177734,340.98516845703125,-118.47001647949219,-15.78288459777832,-0.07871088685475101,0.35,0.0,0.10687123380968946,-1.7797698974609375,4,-1,5.0231643826047465,168.2065975643667
77,3.85,sturn,192,stanley,0.8,342.1903381347656,-118.74252319335938,343.04193115234375,-119.25450134277344,-16.227556228637695,-0.2581259537613367,0.35,0.0,0.11801702243885626,-7.965530395507814,5,-1,5.060329003533742,168.08595675811694
78,3.9000000000000004,sturn,192,stanley,0.8,342.42742919921875,-118.8254623413086,343.04193115234375,-119.25450134277344,-16.814802169799805,-0.24717894063440013,0.35,0.0,0.13952544949241202,-7.378284454345704,5,-1,5.023119663259722,167.962156902017
79,3.95,sturn,192,stanley,0.8,342.65875244140625,-118.91738891601562,343.04193115234375,-119.25450134277344,-17.81174659729004,-0.22170273230426454,0.35,0.0,0.150472090940391,-6.381340026855469,5,-1,5.003282547342338,167.83080980073845
80,4.0,sturn,192,stanley,0.8,342.88958740234375,-119.01787567138672,343.04193115234375,-119.25450134277344,-18.932559967041016,-0.18987660762831804,0.35,0.0,0.15341029207065565,-5.260526657104493,5,-1,5.075563251986158,167.69138627978134
81,4.05,sturn,192,stanley,0.8,343.11981201171875,-119.12165832519531,343.04193115234375,-119.25450134277344,-19.968107223510742,-0.16032778822857438,0.35,0.0,0.15309194494742,-4.224979400634767,5,-1,5.060138875625223,167.54908511045224
82,4.1000000000000005,sturn,192,stanley,0.8,343.35009765625,-119.2272720336914,343.04193115234375,-119.25450134277344,-20.86016082763672,-0.13419092697424842,0.35,0.0,0.15112837845367702,-3.3329257965087904,5,-1,5.078550038787594,167.40522976290006
83,4.15,sturn,192,stanley,0.8,343.58111572265625,-119.334228515625,343.04193115234375,-119.25450134277344,-21.634111404418945,-0.11137861702738128,0.35,0.0,0.14824013087542182,-2.5589752197265643,5,-1,5.072582207946384,167.26018613013503
84,4.2,sturn,192,stanley,0.8,343.8091735839844,-119.44071197509766,343.04193115234375,-119.25450134277344,-22.252544403076172,-0.09316586359191666,0.35,0.0,0.1445702295477171,-1.940542221069338,5,-1,5.018271566358548,167.11637351640118
85,4.25,sturn,192,stanley,0.8,344.0386962890625,-119.54793548583984,343.04193115234375,-119.25450134277344,-22.86179542541504,-0.07411266512614784,0.35,0.0,0.1408255879434444,-1.3312911987304707,5,-1,5.111403675833997,166.971839887246
86,4.3,sturn,192,stanley,0.8,344.2680358886719,-119.65608978271484,344.9943542480469,-120.27122497558594,-23.300884246826172,-0.2553461391126719,0.35,0.0,0.15608493469572637,-7.5226345062255895,6,-1,5.056947469608127,166.82667875236237
87,4.3500000000000005,sturn,192,stanley,0.8,344.4939880371094,-119.76637268066406,344.9943542480469,-120.27122497558594,-23.867351531982422,-0.2446516624489123,0.35,0.0,0.17715637876096785,-6.956167221069338,6,-1,5.052853738140572,166.68024106588697
88,4.4,sturn,192,stanley,0.8,344.71685791015625,-119.8880844116211,344.9943542480469,-120.27122497558594,-24.86041831970215,-0.2188092281064251,0.35,0.0,0.18683397282513087,-5.963100433349613,6,-1,5.05027461132498,166.52329086680908
89,4.45,sturn,192,stanley,0.8,344.93603515625,-120.01534271240234,344.9943542480469,-120.27122497558594,-25.962596893310547,-0.1880594261383913,0.35,0.0,0.18985636695017766,-4.860921859741213,6,-1,5.054595068394037,166.36171384756295
90,4.5,sturn,192,stanley,0.8,345.15142822265625,-120.1441879272461,344.9943542480469,-120.27122497558594,-26.99921989440918,-0.1587300666007922,0.35,0.0,0.18957700290086182,-3.824298858642581,6,-1,5.017708352313661,166.19941639427714
91,4.55,sturn,192,stanley,0.8,345.36962890625,-120.27767944335938,344.9943542480469,-120.27122497558594,-27.919971466064453,-0.1302590929699617,0.35,0.0,0.18674623945492314,-2.903547286987307,6,-1,5.1690283520709785,166.03230070076256
92,4.6000000000000005,sturn,192,stanley,0.8,345.5871276855469,-120.41270446777344,344.9943542480469,-120.27122497558594,-28.681509017944336,-0.1081588745754858,0.35,0.0,0.18223892376754636,-2.1420097351074237,6,-1,5.081026579064459,165.86401012011092
93,4.65,sturn,192,stanley,0.8,345.80499267578125,-120.54883575439453,344.9943542480469,-120.27122497558594,-29.322998046875,-0.08753273599269124,0.35,0.0,0.17696925060908608,-1.5005207061767594,6,-1,5.188107204481651,165.69479366463182
94,4.7,sturn,192,stanley,0.8,346.0221862792969,-120.68548583984375,344.9943542480469,-120.27122497558594,-29.800506591796875,-0.07292467958882701,0.35,0.0,0.17091004367181184,-1.0230121612548873,6,-1,5.1211759516059185,165.52539685832252
95,4.75,sturn,192,stanley,0.8,346.24127197265625,-120.82328033447266,346.8542175292969,-121.55791473388672,-30.220470428466797,-0.30845203211780825,0.35,0.0,0.1776641980476189,-9.237873077392575,7,-1,5.2257967599781034,165.35479741702594
96,4.800000000000001,sturn,192,stanley,0.8,346.4576416015625,-120.96397399902344,346.8542175292969,-121.55791473388672,-30.73487663269043,-0.3020931097440205,0.35,0.0,0.2065430596287604,-8.723466873168944,7,-1,5.116222324953542,165.1819868890997
97,4.8500000000000005,sturn,192,stanley,0.8,346.6673889160156,-121.1130142211914,346.8542175292969,-121.55791473388672,-31.701282501220703,-0.2783760324876198,0.35,0.0,0.22476906021894133,-7.757061004638669,7,-1,5.185301478360988,165.00217779947616
98,4.9,sturn,192,stanley,0.8,346.869140625,-121.26972198486328,346.8542175292969,-121.55791473388672,-32.92433166503906,-0.2461096458764133,0.35,0.0,0.23199370936812813,-6.534011840820312,7,-1,5.110590255917466,164.81622664266524
99,4.95,sturn,192,stanley,0.8,347.06829833984375,-121.43179321289062,346.8542175292969,-121.55791473388672,-34.21632385253906,-0.2086311048811569,0.35,0.0,0.2334287707964504,-5.242019653320312,7,-1,5.191561811105253,164.62555731783337
100,5.0,sturn,192,stanley,0.8,347.2647705078125,-121.5968017578125,346.8542175292969,-121.55791473388672,-35.352325439453125,-0.17652612011707286,0.35,0.0,0.2308892576962699,-4.106018066406246,7,-1,5.10451074203578,164.43257181106554
101,5.050000000000001,sturn,192,stanley,0.8,347.4619140625,-121.76504516601562,346.8542175292969,-121.55791473388672,-36.35539627075195,-0.1449694257691912,0.35,0.0,0.22627882694718066,-3.1029472351074197,7,-1,5.260201435167719,164.23646126414212
102,5.1000000000000005,sturn,192,stanley,0.8,347.658935546875,-121.9350357055664,346.8542175292969,-121.55791473388672,-37.19111633300781,-0.1204732274628105,0.35,0.0,0.22024188131983302,-2.267227172851558,7,-1,5.1767627058812495,164.0388165509916
103,5.15,sturn,192,stanley,0.8,347.8565673828125,-122.10625457763672,346.8542175292969,-121.55791473388672,-37.911964416503906,-0.09720446473167063,0.35,0.0,0.2136444451476296,-1.546379089355464,7,-1,5.275048893800825,163.84004131069617
104,5.2,sturn,192,stanley,0.8,348.0535583496094,-122.27783203125,348.5036926269531,-123.20073699951172,-38.46109390258789,-0.39990195583361327,0.35,0.0,0.24299607064944406,-11.849979400634767,8,-1,5.186324628806647,163.64118237329018
105,5.25,sturn,192,stanley,0.8,348.24920654296875,-122.45358276367188,348.5036926269531,-123.20073699951172,-39.12921905517578,-0.388708554930371,0.35,0.0,0.28131407807003833,-11.181854248046873,8,-1,5.318651160862787,163.43856761829957
106,5.300000000000001,sturn,192,stanley,0.8,348.4361267089844,-122.63663482666016,348.5036926269531,-123.20073699951172,-40.21315002441406,-0.36619949405247537,0.35,0.0,0.308252898563143,-10.097923278808596,8,-1,5.192481471493607,163.23017219227165
107,5.3500000000000005,sturn,192,stanley,0.8,348.6120300292969,-122.82777404785156,348.5036926269531,-123.20073699951172,-41.75282287597656,-0.32477817457463226,0.35,0.0,0.3215493892317991,-8.558250427246096,8,-1,5.242792113584729,163.01552217366637
108,5.4,sturn,192,stanley,0.8,348.7797546386719,-123.02462005615234,348.5036926269531,-123.20073699951172,-43.359588623046875,-0.28111695610357185,0.35,0.0,0.32490771049653844,-6.951484680175781,8,-1,5.1530738237408515,162.796532790718
109,5.45,sturn,192,stanley,0.8,348.9454650878906,-123.22750854492188,348.5036926269531,-123.20073699951172,-44.90690612792969,-0.23410493898898113,0.35,0.0,0.32285724572867625,-5.404167175292972,8,-1,5.300936169299393,162.5719676209547
110,5.5,sturn,192,stanley,0.8,349.108154296875,-123.43244171142578,348.5036926269531,-123.20073699951172,-46.248329162597656,-0.19555896983999682,0.35,0.0,0.31717609686545284,-4.062744140625,8,-1,5.222069349738303,162.34592042400112
111,5.550000000000001,sturn,192,stanley,0.8,349.2705078125,-123.63996887207031,348.5036926269531,-123.20073699951172,-47.42341613769531,-0.15858877555089712,0.35,0.0,0.3095800500217924,-2.887657165527346,8,-1,5.324878559978961,162.117459937638
112,5.6000000000000005,sturn,192,stanley,0.8,349.431640625,-123.84848022460938,348.5036926269531,-123.20073699951172,-48.36286163330078,-0.13066822156905306,0.35,0.0,0.3004161203074797,-1.9482116699218794,8,-1,5.24171448826742,161.88830319829557
113,5.65,sturn,192,stanley,0.8,349.59381103515625,-124.0592269897461,349.8143005371094,-125.12474822998047,-49.149959564208984,-0.421228060376526,0.35,0.0,0.32075920626316773,-12.013847351074217,9,-1,5.383170624843409,161.65689260620803
114,5.7,sturn,192,stanley,0.8,349.7522888183594,-124.2733154296875,349.8143005371094,-125.12474822998047,-49.981197357177734,-0.40707033339168847,0.35,0.0,0.35632970973135475,-11.182609558105469,9,-1,5.324031642720471,161.4227926880186
115,5.75,sturn,192,stanley,0.8,349.9011535644531,-124.49351501464844,349.8143005371094,-125.12474822998047,-51.2791633605957,-0.37554281031674774,0.35,0.0,0.3805317228480186,-9.884643554687498,9,-1,5.345680816882555,161.18407041097555
116,5.800000000000001,sturn,192,stanley,0.8,350.0362854003906,-124.71830749511719,349.8143005371094,-125.12474822998047,-52.91746139526367,-0.33348657448729907,0.35,0.0,0.39048849037986866,-8.246345520019535,9,-1,5.218618489356339,160.94277481219964
117,5.8500000000000005,sturn,192,stanley,0.8,350.16400146484375,-124.9488754272461,349.8143005371094,-125.12474822998047,-54.64741897583008,-0.2816786400226675,0.35,0.0,0.39116348435404635,-6.516387939453129,9,-1,5.358263833107957,160.69684100911712
118,5.9,sturn,192,stanley,0.8,350.287109375,-125.18292999267578,349.8143005371094,-125.12474822998047,-56.23529815673828,-0.2364627943747733,0.35,0.0,0.3861200969828106,-4.928508758544922,9,-1,5.280746439564542,160.44813867645436
119,5.95,sturn,192,stanley,0.8,350.40838623046875,-125.41988372802734,349.8143005371094,-125.12474822998047,-57.651123046875,-0.19224542232850753,0.35,0.0,0.3780744113741473,-3.5126838684082013,9,-1,5.383071789929473,160.1968637097753
120,6.0,sturn,192,stanley,0.8,350.5276184082031,-125.65801239013672,349.8143005371094,-125.12474822998047,-58.80821228027344,-0.1580163206272694,0.35,0.0,0.3676709080450584,-2.355594635009766,9,-1,5.302571259222125,159.94474999051283
121,6.050000000000001,sturn,192,stanley,0.8,350.64703369140625,-125.89869689941406,349.8143005371094,-125.12474822998047,-59.78059768676758,-0.12520052374956528,0.35,0.0,0.3561951021927069,-1.3832092285156226,9,-1,5.439449170241769,159.6901251911575
122,6.1000000000000005,sturn,192,stanley,0.8,350.7660827636719,-126.1407470703125,350.7392578125,-127.26111602783203,-60.53449630737305,-0.41805142793041267,0.35,0.0,0.37141972369287757,-11.482051849365236,10,-1,5.399629425462011,159.43424250704268
123,6.15,sturn,192,stanley,0.8,350.88214111328125,-126.38565826416016,350.7392578125,-127.26111602783203,-61.40770721435547,-0.40052283906821845,0.35,0.0,0.40619368231378583,-10.608840942382812,10,-1,5.454404585658335,159.17597093347862
124,6.2,sturn,192,stanley,0.8,350.9856872558594,-126.63286590576172,350.7392578125,-127.26111602783203,-62.652957916259766,-0.37295705972398524,0.35,0.0,0.4283576981276669,-9.363590240478521,10,-1,5.313770581995752,158.91713605196685
125,6.25,sturn,192,stanley,0.8,351.0759582519531,-126.88401794433594,350.7392578125,-127.26111602783203,-64.31501007080078,-0.32569408504557323,0.35,0.0,0.4366773129058383,-7.701538085937498,10,-1,5.405446509903036,158.6561896691939
126,6.300000000000001,sturn,192,stanley,0.8,351.1570739746094,-127.13774871826172,350.7392578125,-127.26111602783203,-66.0228500366211,-0.2782619664649045,0.35,0.0,0.435492763798568,-5.993698120117185,10,-1,5.3219147165458365,158.39392346396824
127,6.3500000000000005,sturn,192,stanley,0.8,351.23358154296875,-127.39450073242188,350.7392578125,-127.26111602783203,-67.62957000732422,-0.22881577689628413,0.35,0.0,0.42899240377180037,-4.386978149414066,10,-1,5.422329864127817,158.12928750637408
128,6.4,sturn,192,stanley,0.8,351.30670166015625,-127.65254974365234,350.7392578125,-127.26111602783203,-68.9897232055664,-0.18896857595514688,0.35,0.0,0.4188696461825958,-3.0268249511718754,10,-1,5.345435520508323,157.86382538877876
129,6.45,sturn,192,stanley,0.8,351.3788146972656,-127.91375732421875,350.7392578125,-127.26111602783203,-70.1500244140625,-0.15022608847887234,0.35,0.0,0.40681382472682975,-1.86652374267578,10,-1,5.491905581478873,157.59537477630104
130,6.5,sturn,192,stanley,0.8,351.4499816894531,-128.1761932373047,350.7392578125,-127.26111602783203,-71.08848571777344,-0.12154357547167798,0.35,0.0,0.39347893848200877,-0.9280624389648413,10,-1,5.4166221305956075,157.3258400338214
131,6.550000000000001,sturn,192,stanley,0.8,351.5212097167969,-128.44009399414062,351.245361328125,-129.53341674804688,-71.87208557128906,-0.41141176935241397,0.35,0.0,0.4094328775788356,-10.997192382812496,11,-1,5.509626264205777,157.0548533709337
132,6.6000000000000005,sturn,192,stanley,0.8,351.58746337890625,-128.70443725585938,351.245361328125,-129.53341674804688,-72.68359375,-0.3980320488718203,0.35,0.0,0.4423602350505282,-10.18568420410156,11,-1,5.405886315398666,156.78409027218072
133,6.65,sturn,192,stanley,0.8,351.64202880859375,-128.97122192382812,351.245361328125,-129.53341674804688,-73.94058990478516,-0.36538052471288585,0.35,0.0,0.46338670207967947,-8.928688049316403,11,-1,5.494812348409041,156.51244814854255
134,6.7,sturn,192,stanley,0.8,351.6822204589844,-129.2385711669922,351.245361328125,-129.53341674804688,-75.56547546386719,-0.32214522677557844,0.35,0.0,0.4700804807979858,-7.303802490234375,11,-1,5.416989936340809,156.24213596881285
135,6.75,sturn,192,stanley,0.8,351.7137145996094,-129.5077362060547,351.245361328125,-129.53341674804688,-77.30411529541016,-0.2705965198016131,0.35,0.0,0.46791861927820116,-5.565162658691401,11,-1,5.482882142710936,155.97116625148203
136,6.800000000000001,sturn,192,stanley,0.8,351.7392578125,-129.77723693847656,351.245361328125,-129.53341674804688,-78.86729431152344,-0.2256160140867463,0.35,0.0,0.4598101865476783,-4.001983642578121,11,-1,5.403328141359076,155.7006459305597
137,6.8500000000000005,sturn,192,stanley,0.8,351.76190185546875,-130.04905700683594,351.245361328125,-129.53341674804688,-80.24858856201172,-0.1811306668612106,0.35,0.0,0.44853710006766484,-2.6206893920898415,11,-1,5.520620401421174,155.4282083524296
138,6.9,sturn,192,stanley,0.8,351.78228759765625,-130.3216094970703,351.245361328125,-129.53341674804688,-81.36921691894531,-0.1469295754640745,0.35,0.0,0.4349322614624797,-1.5000610351562438,11,-1,5.46577994784151,155.1553430902517
139,6.95,sturn,192,stanley,0.8,351.80206298828125,-130.59654235839844,351.245361328125,-129.53341674804688,-82.31625366210938,-0.1146553315049981,0.35,0.0,0.42042630813688675,-0.5530242919921858,11,-1,5.563000082547136,154.88020018035738
140,7.0,sturn,192,stanley,0.8,351.8211975097656,-130.87242126464844,351.3506164550781,-131.7236328125,-83.03435516357422,-0.2914474616653945,0.35,0.0,0.4819990017889949,-6.194198608398438,12,-1,5.505401717678807,154.60420575648112
141,7.050000000000001,sturn,192,stanley,0.8,351.8363342285156,-131.1494598388672,351.3506164550781,-131.7236328125,-83.8646469116211,-0.26875828230513393,0.35,0.0,0.4934043372044901,-5.363906860351564,12,-1,5.585084372404264,154.32759133871855
142,7.1000000000000005,sturn,192,stanley,0.8,351.8404541015625,-131.42462158203125,351.3506164550781,-131.7236328125,-84.99688720703125,-0.23868929719936044,0.35,0.0,0.4938190949149181,-4.231666564941408,12,-1,5.481177107034932,154.0542962002817
143,7.15,sturn,192,stanley,0.8,351.8371276855469,-131.7003631591797,351.3506164550781,-131.7236328125,-86.2638168334961,-0.1990905932873058,0.35,0.0,0.4867804317000971,-2.964736938476556,12,-1,5.564235364390768,153.7814191273
144,7.2,sturn,192,stanley,0.8,351.8291015625,-131.9760284423828,351.3506164550781,-131.7236328125,-87.40074920654297,-0.16542495060798737,0.35,0.0,0.4750435146566407,-1.8278045654296802,12,-1,5.486949826249828,153.50925170228987
145,7.25,sturn,192,stanley,0.8,351.8186950683594,-132.25448608398438,351.3506164550781,-131.7236328125,-88.40376281738281,-0.1304859414279926,0.35,0.0,0.460888846330936,-0.824790954589847,12,-1,5.637177115556858,153.23464631388222
146,7.300000000000001,sturn,192,stanley,0.8,351.8066711425781,-132.53375244140625,351.3506164550781,-131.7236328125,-89.20980072021484,-0.10466768536996432,0.35,0.0,0.4451060045272857,-0.018753051757806775,12,-1,5.590336969995195,152.95946974958318
147,7.3500000000000005,sturn,192,stanley,0.8,351.79425048828125,-132.81497192382812,351.3775634765625,-133.72344970703125,-89.8977279663086,-0.07974775614389554,0.35,0.0,0.4288808690249616,0.6691741943359368,13,-1,5.6741567964649455,152.6824264196339
148,7.4,sturn,192,stanley,0.8,351.78155517578125,-133.09634399414062,351.3775634765625,-133.72344970703125,-90.39607238769531,-0.06313478508157541,0.35,0.0,0.41239835031405797,1.1675186157226634,13,-1,5.590681357170253,152.40528499227682
149,7.45,sturn,192,stanley,0.8,351.76910400390625,-133.37994384765625,351.3775634765625,-133.72344970703125,-90.79802703857422,-0.045643781756433494,0.35,0.0,0.39612995551561553,1.569473266601568,13,-1,5.727417673905835,152.12591976907083
150,7.5,sturn,192,stanley,0.8,351.7567443847656,-133.66360473632812,351.3775634765625,-133.72344970703125,-91.0678939819336,-0.03518340953655377,0.35,0.0,0.37995228338362363,1.8393402099609444,13,-1,5.666041683027131,151.8464984588536
151,7.550000000000001,sturn,192,stanley,0.8,351.7449035644531,-133.9486846923828,351.3775634765625,-133.72344970703125,-91.29793548583984,-0.023873334010388464,0.35,0.0,0.36427425691621373,2.0693817138671844,13,-1,5.742887699702055,151.56561779616044
152,7.6000000000000005,sturn,192,stanley,0.8,351.7335205078125,-134.2334747314453,351.3775634765625,-133.72344970703125,-91.41594696044922,-0.018286250819045634,0.35,0.0,0.3490578560327179,2.187393188476567,13,-1,5.6541615645416,151.28497907842473
153,7.65,sturn,192,stanley,0.8,351.7226867675781,-134.52012634277344,351.3775634765625,-133.72344970703125,-91.50891876220703,-0.010519590397581036,0.35,0.0,0.3343656577975961,2.2803649902343777,13,-1,5.782511541683181,151.00243788634006
154,7.7,sturn,192,stanley,0.8,351.7121887207031,-134.806640625,351.40447998046875,-135.7232666015625,-91.52616882324219,-0.007604734625837921,0.35,0.0,0.32002218176455516,2.2976150512695304,14,-1,5.717706083723288,150.72000340803515
155,7.75,sturn,192,stanley,0.8,351.70245361328125,-135.09446716308594,351.40447998046875,-135.7232666015625,-91.55443572998047,-0.0027555682439288406,0.35,0.0,0.3064126976986808,2.3258819580078205,14,-1,5.794657554466794,150.4361811028704
156,7.800000000000001,sturn,192,stanley,0.8,351.6930847167969,-135.38189697265625,351.40447998046875,-135.7232666015625,-91.51434326171875,-0.0019340961881499225,0.35,0.0,0.2931747328773209,2.2857894897460977,14,-1,5.706683270891257,150.1527176571638
157,7.8500000000000005,sturn,192,stanley,0.8,351.6843566894531,-135.67108154296875,351.40447998046875,-135.7232666015625,-91.48577880859375,0.0015076056512566562,0.35,0.0,0.2805539532366388,2.257225036621091,14,-1,5.830591887220569,149.86744392290854
158,7.9,sturn,192,stanley,0.8,351.6760559082031,-135.9600830078125,351.40447998046875,-135.7232666015625,-91.40874481201172,0.0013553818376977754,0.35,0.0,0.2683628462714681,2.1801910400390705,14,-1,5.764927676655908,149.58230845540703
159,7.95,sturn,192,stanley,0.8,351.66839599609375,-136.25038146972656,351.40447998046875,-135.7232666015625,-91.36563110351562,0.0035190981418361175,0.35,0.0,0.25679508775748405,2.1370773315429674,14,-1,5.842256302220146,149.29581549449568
160,8.0,sturn,192,stanley,0.8,351.66107177734375,-136.5402374267578,351.40447998046875,-135.7232666015625,-91.2734375,0.0025717147722921067,0.35,0.0,0.24556895000311485,2.0448837280273464,14,-1,5.755708610495679,149.00972965632266
161,8.05,sturn,192,stanley,0.8,351.6544189453125,-136.83180236816406,351.431396484375,-137.72308349609375,-91.20836639404297,0.004208353845435981,0.35,0.0,0.2350023388578968,1.9798126220703127,15,-1,5.876082744447216,148.72187341715573
162,8.1,sturn,192,stanley,0.8,351.6480407714844,-137.12313842773438,351.431396484375,-137.72308349609375,-91.10588836669922,0.0030015593822625055,0.35,0.0,0.22470223236601627,1.8773345947265667,15,-1,5.809638699874507,148.4342205926664
163,8.15,sturn,192,stanley,0.8,351.6423034667969,-137.4156951904297,351.431396484375,-137.72308349609375,-91.046142578125,0.004111937637634187,0.35,0.0,0.2150265015370739,1.817588806152352,15,-1,5.887229549531596,148.14528459879895
164,8.200000000000001,sturn,192,stanley,0.8,351.63677978515625,-137.70782470703125,351.431396484375,-137.72308349609375,-90.94491577148438,0.002650000051142165,0.35,0.0,0.2055701267775938,1.7163619995117203,15,-1,5.801951609507938,147.85675644351315
165,8.25,sturn,192,stanley,0.8,351.6318359375,-138.00160217285156,351.431396484375,-137.72308349609375,-90.87677001953125,0.003586857528067064,0.35,0.0,0.19667134567134237,1.6482162475585942,15,-1,5.918939211501569,147.56652997359964
166,8.3,sturn,192,stanley,0.8,351.6270751953125,-138.2951202392578,351.431396484375,-137.72308349609375,-90.775146484375,0.0021334591034192513,0.35,0.0,0.18795914595674934,1.5465927124023446,15,-1,5.851885714203708,147.2765490223086
167,8.35,sturn,192,stanley,0.8,351.6229553222656,-138.58982849121094,351.431396484375,-137.72308349609375,-90.71881103515625,0.0028601172751655858,0.35,0.0,0.17987173278979504,1.4902572631835922,15,-1,5.929630821244168,146.98531406923757
168,8.4,sturn,192,stanley,0.8,351.6190490722656,-138.8841094970703,351.4583435058594,-139.722900390625,-90.6236801147461,0.00133770521134317,0.35,0.0,0.17198437116982443,1.3951263427734457,16,-1,5.845649139337239,146.69448614646484
169,8.450000000000001,sturn,192,stanley,0.8,351.6155700683594,-139.179931640625,351.4583435058594,-139.722900390625,-90.56392669677734,0.001999605664479353,0.35,0.0,0.16452277176226032,1.3353729248046953,16,-1,5.958607030529388,146.40208622203338
170,8.5,sturn,192,stanley,0.8,351.6123352050781,-139.47544860839844,351.4583435058594,-139.722900390625,-90.47161865234375,0.0005464666518692784,0.35,0.0,0.15730939969730667,1.243064880371101,16,-1,5.890356949815296,146.10996787952575
171,8.55,sturn,192,stanley,0.8,351.60955810546875,-139.7721710205078,351.4583435058594,-139.722900390625,-90.42474365234375,0.0011516012130998996,0.35,0.0,0.15053751986593805,1.1961898803710944,16,-1,5.968761991591795,145.8166052907023
172,8.6,sturn,192,stanley,0.8,351.6069030761719,-140.06842041015625,351.4583435058594,-139.722900390625,-90.33992767333984,-0.00025838885522745187,0.35,0.0,0.14389406799523088,1.1113739013671904,16,-1,5.886000023730506,145.52370736107656
173,8.65,sturn,192,stanley,0.8,351.60467529296875,-140.3661651611328,351.4583435058594,-139.722900390625,-90.29107666015625,0.000294143332368182,0.35,0.0,0.13765769014150256,1.062522888183592,16,-1,5.995901197423724,145.2292822317848
174,8.700000000000001,sturn,192,stanley,0.8,351.6025695800781,-140.66357421875,351.4583435058594,-139.722900390625,-90.2093505859375,-0.001037979253460311,0.35,0.0,0.131547891267283,0.9807968139648519,16,-1,5.927561818883225,144.9351856329049
175,8.75,sturn,192,stanley,0.8,351.6009826660156,-140.96218872070312,351.4852600097656,-141.7227325439453,-90.1724853515625,-0.0004895418265179882,0.15,0.0,0.12595202998237193,0.9439315795898479,17,-1,6.006535528603146,144.63983555783713
176,8.8,sturn,192,stanley,0.8,351.5994567871094,-141.26014709472656,351.4852600097656,-141.7227325439453,-90.0980224609375,-0.0018160795250551762,0.35,0.0,0.1204146166106024,0.8694686889648521,17,-1,5.915032588151553,144.34513962900743
177,8.85,sturn,192,stanley,0.8,351.59832763671875,-141.55841064453125,351.4852600097656,-141.7227325439453,-90.06201171875,-0.001371327027529065,0.35,0.0,0.1152697869471843,0.8334579467773444,17,-1,5.993686165349974,144.0500983500381
178,8.9,sturn,192,stanley,0.8,351.59716796875,-141.85504150390625,351.4852600097656,-141.7227325439453,-89.99246215820312,-0.0026124371987300142,0.35,0.0,0.11011642480329736,0.7639083862304653,17,-1,5.9005405965617905,143.7566905820504
179,8.950000000000001,sturn,192,stanley,0.8,351.5964660644531,-142.15199279785156,351.4852600097656,-141.7227325439453,-89.9665756225586,-0.0020410169147664025,0.35,0.0,0.10541647054931266,0.7380218505859457,17,-1,5.968953218218154,143.46291321161573
180,9.0,sturn,192,stanley,0.8,351.5958251953125,-142.44789123535156,351.4852600097656,-141.7227325439453,-89.90245819091797,-0.0032042047572126875,0.35,0.0,0.10079172144139956,0.6739044189453097,17,-1,5.877047296655675,143.17018204653525
181,9.05,sturn,192,stanley,0.8,351.595458984375,-142.74485778808594,351.5121765136719,-143.72280883789062,-89.8741683959961,-0.002682617842261676,0.35,0.0,0.0964419274859478,0.6456146240234376,18,-1,5.97740298776018,142.87636737020176
182,9.1,sturn,192,stanley,0.8,351.59515380859375,-143.04122924804688,351.5121765136719,-143.72280883789062,-89.81134033203125,-0.003788711861837841,0.35,0.0,0.09214647259663171,0.5827865600585946,18,-1,5.903709838114531,142.58314577577838
183,9.15,sturn,192,stanley,0.8,351.59521484375,-143.33865356445312,351.5121765136719,-143.72280883789062,-89.7921142578125,-0.0032064390084910075,0.35,0.0,0.08820301992855192,0.5635604858398505,18,-1,5.982281428856516,142.2888424375112
184,9.200000000000001,sturn,192,stanley,0.8,351.59521484375,-143.6355438232422,351.5121765136719,-143.72280883789062,-89.73470306396484,-0.004231938723474455,0.35,0.0,0.08420572811883138,0.5061492919921918,18,-1,5.899025369573416,141.99508936638503
185,9.25,sturn,192,stanley,0.8,351.5956115722656,-143.93386840820312,351.5121765136719,-143.72280883789062,-89.7122802734375,-0.003748443128945029,0.15,0.0,0.0805858172835403,0.48372650146484686,18,-1,6.006680336286503,141.69987259653158
186,9.3,sturn,192,stanley,0.8,351.5960388183594,-144.2316436767578,351.5121765136719,-143.72280883789062,-89.656494140625,-0.004790437749739305,0.35,0.0,0.07700381718481046,0.4279403686523511,18,-1,5.925846420967513,141.40520787647463
187,9.35,sturn,192,stanley,0.8,351.5968017578125,-144.52940368652344,351.5121765136719,-143.72280883789062,-89.6455307006836,-0.0042400332753637915,0.35,0.0,0.07375768545988712,0.4169769287109381,18,-1,5.979526929605124,141.11052228785078
188,9.4,sturn,192,stanley,0.8,351.5974426269531,-144.82545471191406,351.53912353515625,-145.72262573242188,-89.59618377685547,-0.005184194080353389,0.35,0.0,0.07039319950791617,0.3676300048828207,19,-1,5.876204985241538,140.8175580882828
189,9.450000000000001,sturn,192,stanley,0.8,351.5985107421875,-145.12208557128906,351.53912353515625,-145.72262573242188,-89.5821762084961,-0.004702298140530766,0.35,0.0,0.06746741863642043,0.35362243652344566,19,-1,5.967536117950941,140.52397061403022
190,9.5,sturn,192,stanley,0.8,351.5994567871094,-145.41778564453125,351.53912353515625,-145.72262573242188,-89.53262329101562,-0.005645496310689376,0.35,0.0,0.06443211050049051,0.3040695190429772,19,-1,5.886982820599599,140.2313345771983
191,9.55,sturn,192,stanley,0.8,351.60076904296875,-145.7143096923828,351.53912353515625,-145.72262573242188,-89.52566528320312,-0.005073222250382242,0.35,0.0,0.061751886221051364,0.29711151123047247,19,-1,5.962895543674978,139.9378425152337
192,9.600000000000001,sturn,192,stanley,0.8,351.6019592285156,-146.01011657714844,351.53912353515625,-145.72262573242188,-89.48001098632812,-0.005954061387731661,0.35,0.0,0.05895925848427389,0.25145721435547513,19,-1,5.876783856263681,139.6450906008223
193,9.65,sturn,192,stanley,0.8,351.6034240722656,-146.30723571777344,351.53912353515625,-145.72262573242188,-89.46881103515625,-0.005486018762489874,0.35,0.0,0.056423596012925986,0.24025726318359353,19,-1,5.982905379932931,139.35101315841197
194,9.700000000000001,sturn,192,stanley,0.8,351.6048278808594,-146.60400390625,351.53912353515625,-145.72262573242188,-89.4232177734375,-0.00636063846566225,0.35,0.0,0.05383162909173378,0.19466400146484414,19,-1,5.91300555943893,139.0573047847273
195,9.75,sturn,192,stanley,0.8,351.6065979003906,-146.9019012451172,351.5660400390625,-147.72244262695312,-89.4207534790039,-0.005786130247123169,0.35,0.0,0.05160184746949838,0.19219970703125638,20,-1,5.992225890735232,138.76243844434484
196,9.8,sturn,192,stanley,0.8,351.6082458496094,-147.19932556152344,351.5660400390625,-147.72244262695312,-89.37960052490234,-0.006596386735870471,0.35,0.0,0.04924516502284793,0.15104675292968642,20,-1,5.910130278791411,138.4680710195111
197,9.850000000000001,sturn,192,stanley,0.8,351.6101379394531,-147.49822998046875,351.5660400390625,-147.72244262695312,-89.37255859375,-0.0061369319710367414,0.15,0.0,0.04711267316382323,0.14400482177735188,20,-1,6.0185982215104925,138.1722167484667
198,9.9,sturn,192,stanley,0.8,351.61199951171875,-147.79660034179688,351.5660400390625,-147.72244262695312,-89.33193969726562,-0.006960793734527052,0.35,0.0,0.044956856975108345,0.10338592529296713,20,-1,5.938224629066995,137.8769082863249
199,9.950000000000001,sturn,192,stanley,0.8,351.6141357421875,-148.09495544433594,351.5660400390625,-147.72244262695312,-89.3353271484375,-0.006364491318382087,0.35,0.0,0.04307587953629883,0.10677337646484762,20,-1,5.99164772681127,137.5815870436657
200,10.0,sturn,192,stanley,0.8,351.61614990234375,-148.3916015625,351.5660400390625,-147.72244262695312,-89.2996826171875,-0.007107453172693276,0.35,0.0,0.04109585239292028,0.0711288452148402,20,-1,5.8885156626290165,137.28798691820208
201,10.05,sturn,192,stanley,0.8,351.6184997558594,-148.68882751464844,351.5660400390625,-147.72244262695312,-89.29852294921875,-0.006639913830546094,0.35,0.0,0.03944368137168666,0.06996917724609153,20,-1,5.979334410850297,136.99377625174824
202,10.100000000000001,sturn,192,stanley,0.8,351.62060546875,-148.985107421875,351.59295654296875,-149.72225952148438,-89.26131439208984,-0.0074054643629823756,0.35,0.0,0.037571339570038914,0.03276062011719454,21,-1,5.898672370115044,136.70055069158346
203,10.15,sturn,192,stanley,0.8,351.62310791015625,-149.28221130371094,351.59295654296875,-149.72225952148438,-89.26595306396484,-0.006838795609040745,0.35,0.0,0.03607338614736049,0.037399291992189235,21,-1,5.974441611809862,136.40646396288244
204,10.200000000000001,sturn,192,stanley,0.8,351.6253967285156,-149.57859802246094,351.59295654296875,-149.72225952148438,-89.23152923583984,-0.007559296981152326,0.35,0.0,0.034371484831492057,0.002975463867191126,21,-1,5.888455646644608,136.11313160160006
205,10.25,sturn,192,stanley,0.8,351.6279296875,-149.87628173828125,351.59295654296875,-149.72225952148438,-89.2310791015625,-0.007115481543252932,0.35,0.0,0.03289623941145293,0.0025253295898483934,21,-1,5.9937978913361984,135.81849352723177
206,10.3,sturn,192,stanley,0.8,351.63037109375,-150.173583984375,351.59295654296875,-149.72225952148438,-89.19586181640625,-0.00786149795736945,0.35,0.0,0.031334585614319524,-0.03269195556639814,21,-1,5.923699710641077,135.5242597585063
207,10.350000000000001,sturn,192,stanley,0.8,351.6331481933594,-150.47201538085938,351.59295654296875,-149.72225952148438,-89.20323944091797,-0.0072885592717482975,0.15,0.0,0.030093392014720374,-0.025314331054680964,21,-1,6.00287497485333,135.2288723809583
208,10.4,sturn,192,stanley,0.8,351.6357421875,-150.76979064941406,351.6199035644531,-151.72207641601562,-89.17174530029297,-0.007972381609387352,0.35,0.0,0.028658639042002026,-0.05680847167968979,22,-1,5.911168166584416,134.93417482843887
209,10.450000000000001,sturn,192,stanley,0.8,351.63861083984375,-151.0677947998047,351.6199035644531,-151.72207641601562,-89.17620849609375,-0.007511497716616087,0.35,0.0,0.027514742264062877,-0.0523452758789031,22,-1,5.989714631821995,134.63922271984953
210,10.5,sturn,192,stanley,0.8,351.641357421875,-151.3642120361328,351.6199035644531,-151.72207641601562,-89.14550018310547,-0.008207396838169543,0.35,0.0,0.02627015224275231,-0.08305358886718654,22,-1,5.89666369711725,134.34587104266964
211,10.55,sturn,192,stanley,0.8,351.6443176269531,-151.6609649658203,351.6199035644531,-151.72207641601562,-89.15625,-0.007606025585772764,0.35,0.0,0.025234646173389174,-0.07230377197264767,22,-1,5.965054514338436,134.05216842312308
212,10.600000000000001,sturn,192,stanley,0.8,351.6470947265625,-151.95668029785156,351.6199035644531,-151.72207641601562,-89.12725067138672,-0.00825269755123721,0.35,0.0,0.02403002131214282,-0.10130310058593843,22,-1,5.873111832393875,133.7595327457077
213,10.65,sturn,192,stanley,0.8,351.65008544921875,-152.25344848632812,351.6199035644531,-151.72207641601562,-89.1319580078125,-0.007807462684497099,0.35,0.0,0.023024824612379948,-0.09659576416014733,22,-1,5.973873190997201,133.46583750696024
214,10.700000000000001,sturn,192,stanley,0.8,351.6529235839844,-152.5496368408203,351.6199035644531,-151.72207641601562,-89.10116577148438,-0.008494838937044103,0.35,0.0,0.021874860662175533,-0.12738800048827326,22,-1,5.9004223890280745,133.17275239586724
215,10.75,sturn,192,stanley,0.8,351.6560363769531,-152.8468780517578,351.6468200683594,-153.72189331054688,-89.11251068115234,-0.007914667560152211,0.35,0.0,0.020996564786827713,-0.11604309082031397,23,-1,5.978800200105804,132.87859844251176
216,10.8,sturn,192,stanley,0.8,351.6589660644531,-153.14358520507812,351.6468200683594,-153.72189331054688,-89.0846939086914,-0.008537776084494516,0.35,0.0,0.0199311602325649,-0.14385986328124878,23,-1,5.895465310218057,132.58501431356962
217,10.850000000000001,sturn,192,stanley,0.8,351.6621398925781,-153.4417266845703,351.6468200683594,-153.72189331054688,-89.09024047851562,-0.008116247369684401,0.15,0.0,0.019090562592978724,-0.13831329345703286,23,-1,6.003518618876919,132.28998934591084
218,10.9,sturn,192,stanley,0.8,351.6651916503906,-153.73931884765625,351.6468200683594,-153.72189331054688,-89.06182098388672,-0.008773773222701614,0.35,0.0,0.018135301630200967,-0.16673278808593656,23,-1,5.922790367087336,131.99554007983824
219,10.950000000000001,sturn,192,stanley,0.8,351.66851806640625,-154.03689575195312,351.6468200683594,-153.72189331054688,-89.07687377929688,-0.008158723026263295,0.35,0.0,0.017454879417328584,-0.15167999267577292,23,-1,5.976242091431112,131.70107725802376
220,11.0,sturn,192,stanley,0.8,351.6716003417969,-154.332763671875,351.6468200683594,-153.72189331054688,-89.05236053466797,-0.008725449121279408,0.35,0.0,0.016553348252084907,-0.17619323730468242,23,-1,5.872779375668171,131.40835469138898
221,11.05,sturn,192,stanley,0.8,351.67498779296875,-154.6291961669922,351.6468200683594,-153.72189331054688,-89.06157684326172,-0.008272818500499544,0.35,0.0,0.015949363839385895,-0.16697692871094094,23,-1,5.964376440225187,131.11504092218078
222,11.100000000000001,sturn,192,stanley,0.8,351.67816162109375,-154.92471313476562,351.6737365722656,-155.72171020507812,-89.03436279296875,-0.008921501560430487,0.35,0.0,0.015155312573522723,-0.19419097900390686,24,-1,5.883941251556897,130.82267900550025
223,11.15,sturn,192,stanley,0.8,351.6815490722656,-155.22105407714844,351.6737365722656,-155.72171020507812,-89.0487060546875,-0.008336383182987774,0.35,0.0,0.01455256081492549,-0.17984771728514914,24,-1,5.959662876366609,130.5294840618663
224,11.200000000000001,sturn,192,stanley,0.8,351.68475341796875,-155.51669311523438,351.6737365722656,-155.72171020507812,-89.0235595703125,-0.008928680809208875,0.35,0.0,0.013776170532738517,-0.2049942016601579,24,-1,5.873449866956309,130.23702543407975
225,11.25,sturn,192,stanley,0.8,351.688232421875,-155.8136749267578,351.6737365722656,-155.72171020507812,-89.0316390991211,-0.008529304122510156,0.35,0.0,0.013256334631280522,-0.1969146728515578,24,-1,5.9799151149004395,129.9432119829434
226,11.3,sturn,192,stanley,0.8,351.69146728515625,-156.11026000976562,351.6737365722656,-155.72171020507812,-89.0048828125,-0.009159951992294276,0.35,0.0,0.012497721735325727,-0.22367095947265794,24,-1,5.910125058326066,129.64984342156
227,11.350000000000001,sturn,192,stanley,0.8,351.6950378417969,-156.40798950195312,351.6737365722656,-155.72171020507812,-89.02059936523438,-0.00857850517063619,0.35,0.0,0.012059363594554891,-0.20795440673827748,24,-1,5.989169162780519,129.35530645284922
228,11.4,sturn,192,stanley,0.8,351.6983947753906,-156.7052459716797,351.6737365722656,-155.72171020507812,-88.99700164794922,-0.009146289147074414,0.35,0.0,0.011413770482989301,-0.23155212402343,24,-1,5.906967615777493,129.06128518872075
229,11.450000000000001,sturn,192,stanley,0.8,351.7019958496094,-157.00399780273438,351.70068359375,-157.72152709960938,-89.00652313232422,-0.008732526142848984,0.15,0.0,0.010972857994220589,-0.22203063964843622,25,-1,6.0156893626982075,128.7657637103596
230,11.5,sturn,192,stanley,0.8,351.7053527832031,-157.30218505859375,351.70068359375,-157.72152709960938,-88.98217010498047,-0.009315448486916502,0.35,0.0,0.010314732899286909,-0.24638366699218378,25,-1,5.935348388399755,128.47085357295438
231,11.55,sturn,192,stanley,0.8,351.7090148925781,-157.60040283203125,351.70068359375,-157.72152709960938,-89.0009765625,-0.008680591643422166,0.35,0.0,0.009961345039158276,-0.22757720947265211,25,-1,5.988630708219238,128.17587976458006
232,11.600000000000001,sturn,192,stanley,0.8,351.71246337890625,-157.8968963623047,351.70068359375,-157.72152709960938,-88.98004913330078,-0.009195731174125473,0.35,0.0,0.009417568480959208,-0.24850463867187858,25,-1,5.88538687867088,127.88265730222552
233,11.65,sturn,192,stanley,0.8,351.7160949707031,-158.19395446777344,351.70068359375,-157.72152709960938,-88.99254608154297,-0.008726055045767584,0.35,0.0,0.009049279427502551,-0.23600769042968092,25,-1,5.976410591979646,127.58886340017635
234,11.700000000000001,sturn,192,stanley,0.8,351.7195739746094,-158.49008178710938,351.70068359375,-157.72152709960938,-88.968505859375,-0.009327108663775037,0.35,0.0,0.008540948297661166,-0.26004791259765314,25,-1,5.89582539313323,127.29602796290212
235,11.75,sturn,192,stanley,0.8,351.7232666015625,-158.7869873046875,351.72760009765625,-159.72134399414062,-88.98565673828125,-0.008748571001321908,0.35,0.0,0.008246953581080595,-0.242897033691402,26,-1,5.971480718155358,127.00240542418528
236,11.8,sturn,192,stanley,0.8,351.72674560546875,-159.08322143554688,351.72760009765625,-159.72134399414062,-88.96322631835938,-0.009302455894245098,0.35,0.0,0.007737184354787131,-0.2653274536132828,26,-1,5.88541468031636,126.7094953782099
237,11.850000000000001,sturn,192,stanley,0.8,351.73046875,-159.38075256347656,351.72760009765625,-159.72134399414062,-88.97405242919922,-0.00890089673163532,0.35,0.0,0.007454071024322974,-0.2545013427734372,26,-1,5.99104117925096,126.41528150517428
238,11.9,sturn,192,stanley,0.8,351.7339782714844,-159.6779022216797,351.72760009765625,-159.72134399414062,-88.94988250732422,-0.009502003940302059,0.35,0.0,0.006962490068962282,-0.27867126464844105,26,-1,5.921031799522688,126.12149439011738
239,11.950000000000001,sturn,192,stanley,0.8,351.73779296875,-159.97618103027344,351.72760009765625,-159.72134399414062,-88.9678955078125,-0.00892304465208178,0.15,0.0,0.006760854499185285,-0.2606582641601578,26,-1,6.000094234465799,125.82655941266681
240,12.0,sturn,192,stanley,0.8,351.74139404296875,-160.2738037109375,351.72760009765625,-159.72134399414062,-88.94671630859375,-0.009461003361106501,0.35,0.0,0.006354449266817091,-0.281837463378899,26,-1,5.908322247646143,125.53232252718688
241,12.05,sturn,192,stanley,0.8,351.74517822265625,-160.57168579101562,351.72760009765625,-159.72134399414062,-88.9608154296875,-0.008990040202338298,0.35,0.0,0.006127640386197239,-0.2677383422851584,26,-1,5.987037607824528,125.23781591881006
242,12.100000000000001,sturn,192,stanley,0.8,351.7487487792969,-160.86795043945312,351.7545166015625,-161.72117614746094,-88.939453125,-0.00953087354226068,0.35,0.0,0.005720534056794648,-0.2890930175781712,27,-1,5.89400576096149,124.94495601096112
243,12.15,sturn,192,stanley,0.8,351.75262451171875,-161.16456604003906,351.7545166015625,-161.72117614746094,-88.95940399169922,-0.00892026570301785,0.35,0.0,0.005602281826976464,-0.26914215087894966,27,-1,5.962540885413362,124.65171602981907
244,12.200000000000001,sturn,192,stanley,0.8,351.7561950683594,-161.46002197265625,351.7545166015625,-161.72117614746094,-88.93779754638672,-0.009467580476715514,0.35,0.0,0.0051944952512274385,-0.2907485961914517,27,-1,5.862070617700158,124.35968624380213
245,12.25,sturn,192,stanley,0.8,351.7600402832031,-161.7563018798828,351.7545166015625,-161.72117614746094,-88.95262908935547,-0.008996402120779371,0.35,0.0,0.00505024798591615,-0.2759170532226852,27,-1,5.942093990462669,124.06681481403027
246,12.3,sturn,192,stanley,0.8,351.7635192871094,-162.0518035888672,351.7545166015625,-161.72117614746094,-88.92766571044922,-0.009615168665607476,0.35,0.0,0.0045503006413337415,-0.30088043212893745,27,-1,5.850424526396079,123.77478771845651
247,12.350000000000001,sturn,192,stanley,0.8,351.7673645019531,-162.34800720214844,351.7545166015625,-161.72117614746094,-88.95098876953125,-0.008906996087583297,0.35,0.0,0.004407080597932168,-0.27755737304691963,27,-1,5.90875991497508,123.48202441864694
248,12.4,sturn,192,stanley,0.8,351.77081298828125,-162.64288330078125,351.7545166015625,-161.72117614746094,-88.9283676147461,-0.0094555889483764,0.35,0.0,0.003885041661113574,-0.3001785278320545,27,-1,5.787911761053488,123.19065261744883
249,12.450000000000001,sturn,192,stanley,0.8,351.77459716796875,-162.93836975097656,351.7538757324219,-163.84674072265625,-88.94190216064453,-0.11888397827000943,0.35,0.0,-0.0324990343315321,-4.414672851562505,28,-1,5.870866905974521,122.89863996624119
250,12.5,sturn,192,stanley,0.8,351.7744445800781,-163.2323455810547,351.7538757324219,-163.84674072265625,-89.10334777832031,-0.11801539553259449,0.35,0.0,-0.015439139794516353,-4.253227233886721,28,-1,5.768084140547239,122.60878949512838
251,12.55,sturn,192,stanley,0.8,351.7696533203125,-163.52627563476562,351.7538757324219,-163.84674072265625,-89.49788665771484,-0.10957393423512331,0.35,0.0,-0.003012639641034577,-3.858688354492187,28,-1,5.851075493501593,122.31977869580074
252,12.600000000000001,sturn,192,stanley,0.8,351.76141357421875,-163.8179473876953,351.7538757324219,-163.84674072265625,-90.01692199707031,-0.09672895667726625,0.35,0.0,0.005839067079297079,-3.3396530151367156,28,-1,5.836029834689679,122.03359562071425
253,12.65,sturn,192,stanley,0.8,351.75018310546875,-164.1079864501953,351.7538757324219,-163.84674072265625,-90.57842254638672,-0.08199853218469219,0.35,0.0,0.011609588089700727,-2.7781524658203116,28,-1,5.797016569018906,121.74955105608232
254,12.700000000000001,sturn,192,stanley,0.8,351.73681640625,-164.3966827392578,351.7538757324219,-163.84674072265625,-91.11306762695312,-0.06752980466430226,0.35,0.0,0.015168924264413412,-2.2435073852539094,28,-1,5.792366796383003,121.46721938021548
255,12.75,sturn,192,stanley,0.8,351.72216796875,-164.68365478515625,351.7538757324219,-163.84674072265625,-91.57649993896484,-0.05480850380787465,0.35,0.0,0.01734776693188634,-1.78007507324219,28,-1,5.752762215998828,121.1868352334026
256,12.8,sturn,192,stanley,0.8,351.7065124511719,-164.96888732910156,351.7538757324219,-163.84674072265625,-91.96484375,-0.043965848759390726,0.35,0.0,0.018419409717595543,-1.3917312622070295,28,-1,5.740544797971712,120.9083688273751
257,12.850000000000001,sturn,192,stanley,0.8,351.6902770996094,-165.25201416015625,351.36956787109375,-166.17776489257812,-92.279541015625,-0.38859081561520353,0.35,0.0,0.06392986554279245,-13.086799621582037,29,-1,5.7022198595654014,120.6321097167061
258,12.9,sturn,192,stanley,0.8,351.6700439453125,-165.53253173828125,351.36956787109375,-166.17776489257812,-92.7297592163086,-0.3884602162181511,0.35,0.0,0.11875428959690737,-12.636581420898445,29,-1,5.672369440704343,120.35913772185803
259,12.950000000000001,sturn,192,stanley,0.8,351.6389465332031,-165.8081817626953,351.36956787109375,-166.17776489257812,-93.6329574584961,-0.3730584357229575,0.35,0.0,0.16181298796182517,-11.733383178710941,29,-1,5.6023675706403475,120.09285961673919
260,13.0,sturn,192,stanley,0.8,351.5931091308594,-166.07687377929688,351.36956787109375,-166.17776489257812,-95.0966796875,-0.3381166547111184,0.35,0.0,0.188814832030766,-10.26966094970704,29,-1,5.5307862732139785,119.83602075081868
261,13.05,sturn,192,stanley,0.8,351.53533935546875,-166.34127807617188,351.36956787109375,-166.17776489257812,-96.82778930664062,-0.2925935648452958,0.35,0.0,0.20317466900010234,-8.538551330566408,29,-1,5.469376385408395,119.58553660395437
262,13.100000000000001,sturn,192,stanley,0.8,351.4709167480469,-166.61000061035156,351.36956787109375,-166.17776489257812,-98.5377197265625,-0.24480568149622065,0.35,0.0,0.212263792810403,-6.82862091064453,29,-1,5.591279115893669,119.33204360009678
263,13.15,sturn,192,stanley,0.8,351.4013671875,-166.8793487548828,351.36956787109375,-166.17776489257812,-100.09857177734375,-0.2012410307438006,0.35,0.0,0.21657502599385844,-5.267768859863283,29,-1,5.588822884338813,119.07893180936449
264,13.200000000000001,sturn,192,stanley,0.8,351.3275451660156,-167.14871215820312,351.36956787109375,-166.17776489257812,-101.4399185180664,-0.16283210135755616,0.35,0.0,0.21677057682853884,-3.9264221191406237,29,-1,5.603233885059432,118.82666765204752
265,13.25,sturn,192,stanley,0.8,351.2513122558594,-167.4173583984375,350.5086669921875,-168.3778076171875,-102.5610580444336,-0.4743334989859169,0.35,0.0,0.2178319470196428,-14.815025329589844,30,-1,5.586690447858503,118.575656551327
266,13.3,sturn,192,stanley,0.8,351.16851806640625,-167.68368530273438,350.5086669921875,-168.3778076171875,-103.71748352050781,-0.4528258197453903,0.35,0.0,0.26677496745510515,-13.658599853515625,30,-1,5.580096405691576,118.32822068345577
267,13.350000000000001,sturn,192,stanley,0.8,351.07452392578125,-167.94317626953125,350.5086669921875,-168.3778076171875,-105.2481689453125,-0.4183933682081116,0.35,0.0,0.30262898497557644,-12.12791442871094,30,-1,5.51008826142028,118.08965428130197
268,13.4,sturn,192,stanley,0.8,350.9671936035156,-168.19366455078125,350.5086669921875,-168.3778076171875,-107.1991958618164,-0.36788597327056577,0.35,0.0,0.3225006771922566,-10.176887512207031,30,-1,5.472671452234254,117.86250903813091
269,13.450000000000001,sturn,192,stanley,0.8,350.8505859375,-168.43861389160156,350.5086669921875,-168.3778076171875,-109.1983871459961,-0.31323024129118315,0.35,0.0,0.33158705318327963,-8.177696228027347,30,-1,5.452380971852231,117.64268711492065
270,13.5,sturn,192,stanley,0.8,350.7270202636719,-168.68099975585938,350.5086669921875,-168.3778076171875,-111.06478881835938,-0.25986628539712375,0.35,0.0,0.3333159054575382,-6.311294555664064,30,-1,5.483444812878013,117.42687312337453
271,13.55,sturn,192,stanley,0.8,350.5992431640625,-168.92208862304688,350.5086669921875,-168.3778076171875,-112.69265747070312,-0.21280877947082547,0.35,0.0,0.3307085833879875,-4.683425903320322,30,-1,5.478280814474824,117.21334424104377
272,13.600000000000001,sturn,192,stanley,0.8,350.4681091308594,-169.1627655029297,350.5086669921875,-168.3778076171875,-114.08348083496094,-0.17119972212808596,0.35,0.0,0.32493083565334135,-3.292602539062501,30,-1,5.513365472807514,117.00109040815789
273,13.65,sturn,192,stanley,0.8,350.3350830078125,-169.4031982421875,350.5086669921875,-168.3778076171875,-115.23487091064453,-0.1366348403014963,0.35,0.0,0.31736063514840906,-2.141212463378907,30,-1,5.504126424938585,116.78968815438895
274,13.700000000000001,sturn,192,stanley,0.8,350.20050048828125,-169.6437225341797,350.5086669921875,-168.3778076171875,-116.1755142211914,-0.10730464294544925,0.35,0.0,0.3084504416544036,-1.200569152832026,30,-1,5.5297209696851795,116.57875405821126
275,13.75,sturn,192,stanley,0.8,350.0653076171875,-169.88363647460938,348.9610900878906,-170.4683837890625,-116.914306640625,-0.6638436216684184,0.35,0.0,0.31410308481155436,-20.622390747070312,31,-1,5.507924739813295,116.36880572921132
276,13.8,sturn,192,stanley,0.8,349.92510986328125,-170.12191772460938,348.9610900878906,-170.4683837890625,-117.7502670288086,-0.6587391494192693,0.35,0.0,0.39523551439715027,-19.78643035888671,31,-1,5.535074814680346,116.16169299606254
277,13.850000000000001,sturn,192,stanley,0.8,349.7767639160156,-170.35235595703125,348.9610900878906,-170.4683837890625,-118.96888732910156,-0.6416669379270269,0.35,0.0,0.4650810815294355,-18.56781005859374,31,-1,5.470966053350554,115.96414011968173
278,13.9,sturn,192,stanley,0.8,349.6171875,-170.56976318359375,348.9610900878906,-170.4683837890625,-120.74466705322266,-0.6050687755940123,0.35,0.0,0.5177316567855885,-16.79203033447264,31,-1,5.400838530799298,115.78187011967825
279,13.950000000000001,sturn,192,stanley,0.8,349.4461364746094,-170.77149963378906,348.9610900878906,-170.4683837890625,-123.04344940185547,-0.5500417757316006,0.35,0.0,0.5510750316489315,-14.493247985839822,31,-1,5.2963826671707,115.61756444901968
280,14.0,sturn,192,stanley,0.8,349.26422119140625,-170.9580078125,348.9610900878906,-170.4683837890625,-125.6839599609375,-0.4790336041268424,0.35,0.0,0.5658497055845773,-11.852737426757804,31,-1,5.265768150743318,115.47071371025453
281,14.05,sturn,192,stanley,0.8,349.0743713378906,-171.13571166992188,348.9610900878906,-170.4683837890625,-128.2608642578125,-0.40630228339868923,0.35,0.0,0.5687725745398886,-9.275833129882805,31,-1,5.259289959163282,115.33448111351048
282,14.100000000000001,sturn,192,stanley,0.8,348.8777160644531,-171.30841064453125,348.9610900878906,-170.4683837890625,-130.62750244140625,-0.3362084617524473,0.35,0.0,0.5634088314567316,-6.909194946289057,31,-1,5.303068057629557,115.20495344201966
283,14.15,sturn,192,stanley,0.8,348.6766662597656,-171.47879028320312,348.9610900878906,-170.4683837890625,-132.67271423339844,-0.2751318275918231,0.35,0.0,0.5533672648139822,-4.863983154296852,31,-1,5.310098183979217,115.07904395507717
284,14.200000000000001,sturn,192,stanley,0.8,348.47210693359375,-171.6479034423828,348.9610900878906,-170.4683837890625,-134.41371154785156,-0.22103953573014243,0.35,0.0,0.540022063119143,-3.122985839843739,31,-1,5.353813411754424,114.95556440094202
285,14.25,sturn,192,stanley,0.8,348.2655029296875,-171.81654357910156,348.9610900878906,-170.4683837890625,-135.84933471679688,-0.17641697451200145,0.35,0.0,0.5249475096383038,-1.6873626708984166,31,-1,5.351318926975887,114.8334543769245
286,14.3,sturn,192,stanley,0.8,348.0570373535156,-171.98500061035156,346.63348388671875,-171.8456268310547,-137.02804565429688,-0.834719242685328,0.35,0.0,0.5898418284356345,-24.209716796875018,32,-1,5.387628621161779,114.7124052529466
287,14.350000000000001,sturn,192,stanley,0.8,347.8455810546875,-172.14930725097656,346.63348388671875,-171.8456268310547,-138.2103729248047,-0.8230318828085522,0.35,0.0,0.6774042876935562,-23.027389526367195,32,-1,5.3549119470036395,114.59654638013068
288,14.4,sturn,192,stanley,0.8,347.62823486328125,-172.30184936523438,346.63348388671875,-171.8456268310547,-139.7932891845703,-0.7971796695609248,0.35,0.0,0.7519329353087201,-21.444473266601566,32,-1,5.315320346128825,114.49395117627142
289,14.450000000000001,sturn,192,stanley,0.8,347.4055480957031,-172.4381866455078,346.63348388671875,-171.8456268310547,-141.84640502929688,-0.7558293531129938,0.35,0.0,0.8094000982260188,-19.391357421875018,32,-1,5.226361777324051,114.40885750092521
290,14.5,sturn,192,stanley,0.8,347.17822265625,-172.554443359375,346.63348388671875,-171.8456268310547,-144.41053771972656,-0.6944287232452874,0.35,0.0,0.8463617565099939,-16.827224731445327,32,-1,5.158462228903867,114.34490579856447
291,14.55,sturn,192,stanley,0.8,346.93988037109375,-172.64759826660156,346.63348388671875,-171.8456268310547,-147.4271697998047,-0.607781115210439,0.35,0.0,0.8579057275148159,-13.810592651367198,32,-1,5.240185640848778,114.30645407321822
292,14.600000000000001,sturn,192,stanley,0.8,346.690185546875,-172.72398376464844,346.63348388671875,-171.8456268310547,-150.55470275878906,-0.5115932537288502,0.35,0.0,0.8499199413161855,-10.683059692382818,32,-1,5.365148747398461,114.28744284271939
293,14.65,sturn,192,stanley,0.8,346.43408203125,-172.79310607910156,346.63348388671875,-171.8456268310547,-153.4721221923828,-0.42376304911237517,0.35,0.0,0.8329956240926094,-7.765640258789075,32,-1,5.37610816147087,114.27754633346059
294,14.700000000000001,sturn,192,stanley,0.8,346.1772155761719,-172.8584747314453,346.63348388671875,-171.8456268310547,-156.0444793701172,-0.3474824374527509,0.35,0.0,0.8122717157605626,-5.193283081054693,32,-1,5.316421386730105,114.27209354546731
295,14.75,sturn,192,stanley,0.8,345.9189758300781,-172.9209747314453,346.63348388671875,-171.8456268310547,-158.20547485351562,-0.2798225256932981,0.35,0.0,0.7883898834333478,-3.0322875976562487,32,-1,5.31970952390411,114.27036293550431
296,14.8,sturn,192,stanley,0.8,345.66253662109375,-172.98362731933594,346.63348388671875,-171.8456268310547,-159.9957733154297,-0.22552770424577048,0.35,0.0,0.7652316585301099,-1.2419891357422077,32,-1,5.249646737969521,114.26868344005887
297,14.850000000000001,sturn,192,stanley,0.8,345.40814208984375,-173.04786682128906,344.1087341308594,-172.1979522705078,-161.40576171875,-0.7357352806507426,0.35,0.0,0.8572965946882802,-18.268127441406318,33,-1,5.221699461893491,114.26559160821162
298,14.9,sturn,192,stanley,0.8,345.1531677246094,-173.10464477539062,344.1087341308594,-172.1979522705078,-162.81854248046875,-0.709879668697295,0.35,0.0,0.9126223973474852,-16.85534667968753,33,-1,5.2012123076594525,114.27048890811564
299,14.950000000000001,sturn,192,stanley,0.8,344.89892578125,-173.14773559570312,344.1087341308594,-172.1979522705078,-164.53280639648438,-0.674896945195472,0.35,0.0,0.9542654566269154,-15.14108276367192,33,-1,5.120147097150287,114.28909881736628
300,15.0,sturn,192,stanley,0.8,344.645263671875,-173.1727752685547,344.1087341308594,-172.1979522705078,-166.6803436279297,-0.6182002034428452,0.35,0.0,0.9778609610607811,-12.993545532226594,33,-1,5.14623822272123,114.32566637710951
301,15.05,sturn,192,stanley,0.8,344.3896484375,-173.1749725341797,344.1087341308594,-172.1979522705078,-169.34176635742188,-0.5399407422507432,0.35,0.0,0.978603311706193,-10.332122802734458,33,-1,5.197549509948952,114.38542202235152
302,15.100000000000001,sturn,192,stanley,0.8,344.1317443847656,-173.161376953125,344.1087341308594,-172.1979522705078,-172.1044921875,-0.45752081785152343,0.35,0.0,0.9635400442649557,-7.569396972656308,33,-1,5.192573903171719,114.46158926793342
303,15.15,sturn,192,stanley,0.8,343.872802734375,-173.1409912109375,344.1087341308594,-172.1979522705078,-174.68344116210938,-0.3731222773066694,0.35,0.0,0.9416808200052007,-4.990447998046921,33,-1,5.313996784239689,114.54512401650996
304,15.200000000000001,sturn,192,stanley,0.8,343.6130676269531,-173.11691284179688,344.1087341308594,-172.1979522705078,-176.88648986816406,-0.305627663782408,0.35,0.0,0.916124512503224,-2.7873992919922217,33,-1,5.27525129945211,114.63296028067447
305,15.25,sturn,192,stanley,0.8,343.3504943847656,-173.09075927734375,344.1087341308594,-172.1979522705078,-178.77108764648438,-0.24105247919850123,0.35,0.0,0.8884768895553949,-0.9028015136718979,33,-1,5.3742502872639175,114.72404467869217
306,15.3,sturn,192,stanley,0.8,343.0871276855469,-173.06307983398438,342.1084899902344,-172.20933532714844,179.73268127441406,-0.1961273031362546,0.35,0.0,0.859301027254639,0.5934448242187044,34,-1,5.251445824479143,114.81734047403846
307,15.350000000000001,sturn,192,stanley,0.8,342.8283996582031,-173.03517150878906,342.1084899902344,-172.20933532714844,178.52174377441406,-0.15211598885930222,0.35,0.0,0.8299204888492,1.8043823242187356,34,-1,5.308912170322749,114.91020615143563
308,15.4,sturn,192,stanley,0.8,342.5728454589844,-173.00717163085938,342.1084899902344,-172.20933532714844,177.6035614013672,-0.12350028286864348,0.35,0.0,0.8004664644427183,2.722564697265619,34,-1,5.181717081260407,115.00285633987338
309,15.450000000000001,sturn,192,stanley,0.8,342.31463623046875,-172.97900390625,342.1084899902344,-172.20933532714844,176.8448944091797,-0.08893498734656001,0.35,0.0,0.7708294837988887,3.4812316894531077,34,-1,5.334596070739195,115.09685772998392
310,15.5,sturn,192,stanley,0.8,342.0540466308594,-172.95091247558594,342.1084899902344,-172.20933532714844,176.30316162109375,-0.06782796563623805,0.35,0.0,0.741255246926782,4.022964477539033,34,-1,5.2892988868026745,115.19191747255054
311,15.55,sturn,192,stanley,0.8,341.7921142578125,-172.92349243164062,342.1084899902344,-172.20933532714844,175.8440399169922,-0.04719262388636901,0.35,0.0,0.7123447429069806,4.482086181640592,34,-1,5.302829512790037,115.28720130502651
312,15.600000000000001,sturn,192,stanley,0.8,341.5306701660156,-172.8965606689453,342.1084899902344,-172.20933532714844,175.48480224609375,-0.03159523969733535,0.35,0.0,0.683925291496662,4.841323852539051,34,-1,5.2522845355113,115.38240706704205
313,15.65,sturn,192,stanley,0.8,341.2689514160156,-172.87034606933594,342.1084899902344,-172.20933532714844,175.23008728027344,-0.016821729375183163,0.35,0.0,0.6562214282158194,5.096038818359362,34,-1,5.2737494774036495,115.47751515929042
314,15.700000000000001,sturn,192,stanley,0.8,341.0076599121094,-172.84494018554688,340.1085205078125,-172.22071838378906,175.06069946289062,-0.0064908568376604745,0.35,0.0,0.6293295404923884,5.2654266357422035,35,-1,5.235751231293529,115.5722495782677
315,15.75,sturn,192,stanley,0.8,340.7464904785156,-172.82032775878906,340.1085205078125,-172.22071838378906,174.9664306640625,0.003070990961029484,0.35,0.0,0.6032309507870508,5.359695434570318,35,-1,5.249708979647608,115.66670549555876
316,15.8,sturn,192,stanley,0.8,340.48583984375,-172.7965850830078,340.1085205078125,-172.22071838378906,174.93319702148438,0.009425839522388053,0.35,0.0,0.5780050509425677,5.39292907714845,35,-1,5.21917342820749,115.76070018211772
317,15.850000000000001,sturn,192,stanley,0.8,340.22528076171875,-172.77371215820312,340.1085205078125,-172.22071838378906,174.9501190185547,0.015470148861533273,0.35,0.0,0.5536494090983289,5.376007080078132,35,-1,5.236713629814068,115.85434865534681
318,15.9,sturn,192,stanley,0.8,339.9649658203125,-172.751708984375,340.1085205078125,-172.22071838378906,175.00457763671875,0.01911410849488708,0.35,0.0,0.5301648937759812,5.321548461914057,35,-1,5.21166000067156,115.9476081948829
319,15.950000000000001,sturn,192,stanley,0.8,339.7044982910156,-172.73062133789062,340.1085205078125,-172.22071838378906,175.09014892578125,0.022841537354358572,0.35,0.0,0.5075950224448884,5.2359771728515705,35,-1,5.2338107801254115,116.04054476857121
320,16.0,sturn,192,stanley,0.8,339.4442138671875,-172.71034240722656,340.1085205078125,-172.22071838378906,175.1973876953125,0.02469411361328538,0.35,0.0,0.48583489605950114,5.128738403320321,35,-1,5.212377796917131,116.13316745685066
321,16.05,sturn,192,stanley,0.8,339.1835021972656,-172.69097900390625,340.1085205078125,-172.22071838378906,175.32334899902344,0.0268630039264988,0.35,0.0,0.4649878503264052,5.002777099609383,35,-1,5.237505471149361,116.22554635185584
322,16.1,sturn,192,stanley,0.8,338.9228820800781,-172.67242431640625,338.1085510253906,-172.2321014404297,175.460693359375,0.02751526435853012,0.35,0.0,0.44495086940309947,4.865432739257806,36,-1,5.218200746135219,116.3176383533154
323,16.150000000000002,sturn,192,stanley,0.8,338.6617431640625,-172.65467834472656,338.1085510253906,-172.2321014404297,175.608642578125,0.028637097230771315,0.35,0.0,0.42571879724885264,4.717483520507807,36,-1,5.245002797883844,116.40961900732682
324,16.2,sturn,192,stanley,0.8,338.4006042480469,-172.6376953125,338.1085510253906,-172.2321014404297,175.76121520996094,0.0285194923726408,0.35,0.0,0.4072496521886905,4.564910888671885,36,-1,5.226870846886206,116.50138496945061
325,16.25,sturn,192,stanley,0.8,338.1389465332031,-172.62147521972656,338.1085510253906,-172.2321014404297,175.9189910888672,0.028944751607382878,0.35,0.0,0.3895404812490149,4.407135009765626,36,-1,5.254557826361517,116.59308799125047
326,16.3,sturn,192,stanley,0.8,337.8771667480469,-172.60597229003906,338.1085510253906,-172.2321014404297,176.07704162597656,0.02834043640748311,0.35,0.0,0.37254776696046166,4.249084472656259,36,-1,5.237042164584572,116.68465843056981
327,16.35,sturn,192,stanley,0.8,337.6149597167969,-172.59120178222656,338.1085510253906,-172.2321014404297,176.23666381835938,0.028308569436837745,0.35,0.0,0.35628503082161933,4.08946228027344,36,-1,5.26516803278913,116.77617295391846
328,16.400000000000002,sturn,192,stanley,0.8,337.3525695800781,-172.57716369628906,338.1085510253906,-172.2321014404297,176.393798828125,0.027394185915691132,0.35,0.0,0.3407536624671225,3.93232727050783,36,-1,5.247960555204356,116.86756148387914
329,16.45,sturn,192,stanley,0.8,337.0896911621094,-172.5637664794922,336.10858154296875,-172.2434844970703,176.55015563964844,0.02706941082190523,0.35,0.0,0.32586147537501065,3.7759857177734295,37,-1,5.2762794518662135,116.95900423622288
330,16.5,sturn,192,stanley,0.8,336.82672119140625,-172.55099487304688,336.10858154296875,-172.2434844970703,176.70225524902344,0.02600646958086218,0.35,0.0,0.3115931956017932,3.6238861083984184,37,-1,5.259207416636606,117.05039878998673
331,16.55,sturn,192,stanley,0.8,336.5632019042969,-172.5388641357422,336.10858154296875,-172.2434844970703,176.85211181640625,0.025509210361811984,0.35,0.0,0.29796264776241843,3.4740295410156237,37,-1,5.287588299482389,117.14187041106227
332,16.6,sturn,192,stanley,0.8,336.299560546875,-172.5272979736328,336.10858154296875,-172.2434844970703,176.99679565429688,0.024377886077091893,0.35,0.0,0.2848959711219845,3.3293457031249964,37,-1,5.270560511621443,117.2333641997523
333,16.650000000000002,sturn,192,stanley,0.8,336.0354309082031,-172.5163116455078,336.10858154296875,-172.2434844970703,177.13832092285156,0.023793859870513506,0.35,0.0,0.2724063396728721,3.1878204345703165,37,-1,5.298924477460805,117.32497913930474
334,16.7,sturn,192,stanley,0.8,335.771240234375,-172.50575256347656,336.10858154296875,-172.2434844970703,177.27273559570312,0.02281882080994752,0.35,0.0,0.26034359997088635,3.053405761718742,37,-1,5.289777822526033,117.41673056459253
335,16.75,sturn,192,stanley,0.8,335.5065612792969,-172.49534606933594,336.10858154296875,-172.2434844970703,177.41000366210938,0.022098059673531827,0.35,0.0,0.24843066628818236,2.916137695312498,37,-1,5.311935460567453,117.50901280080218
336,16.8,sturn,192,stanley,0.8,335.2415466308594,-172.48475646972656,336.10858154296875,-172.2434844970703,177.5322265625,0.02183783748167977,0.35,0.0,0.2363327192661542,2.793914794921869,37,-1,5.335146517008618,117.60209857673762
337,16.85,sturn,192,stanley,0.8,334.97576904296875,-172.47442626953125,334.1086120605469,-172.25486755371094,177.67076110839844,0.02112392079063884,0.35,0.0,0.2244911982540985,2.655380249023426,38,-1,5.368398495140685,117.69570366004797
338,16.900000000000002,sturn,192,stanley,0.8,334.7093811035156,-172.4652862548828,334.1086120605469,-172.25486755371094,177.79270935058594,0.02024023064913521,0.35,0.0,0.21383499564809155,2.5334320068359317,38,-1,5.368783919566381,117.78890096776068
339,16.95,sturn,192,stanley,0.8,334.44232177734375,-172.45718383789062,334.1086120605469,-172.25486755371094,177.9210662841797,0.01919664620824059,0.35,0.0,0.20421255221442391,2.4050750732422146,38,-1,5.39903031591568,117.88185942688375
340,17.0,sturn,192,stanley,0.8,334.1747131347656,-172.4512481689453,334.1086120605469,-172.25486755371094,178.0326385498047,0.017847373256112332,0.35,0.0,0.19675369490045522,2.2935028076171977,38,-1,5.402524465383465,117.97347572299407
341,17.05,sturn,192,stanley,0.8,333.9059753417969,-172.4481964111328,334.1086120605469,-172.25486755371094,178.1654815673828,0.015376397245266314,0.35,0.0,0.19217227463686448,2.1606597900390487,38,-1,5.427581015393148,118.0632660961015
342,17.1,sturn,192,stanley,0.8,333.6366271972656,-172.4456024169922,334.1086120605469,-172.25486755371094,178.29258728027344,0.012658134092209592,0.35,0.0,0.18804513637990072,2.033554077148433,38,-1,5.417815128783683,118.15336609126341
343,17.150000000000002,sturn,192,stanley,0.8,333.36651611328125,-172.44149780273438,334.1086120605469,-172.25486755371094,178.40618896484375,0.011077503198544522,0.35,0.0,0.182403059667527,1.9199523925781505,38,-1,5.455247468509914,118.24568843848488
344,17.2,sturn,192,stanley,0.8,333.0961608886719,-172.4352569580078,332.108642578125,-172.26625061035156,178.50128173828125,0.009793389174668344,0.35,0.0,0.17462477100509194,1.8248596191406066,39,-1,5.399415131563784,118.34065232904241
345,17.25,sturn,192,stanley,0.8,332.8248291015625,-172.4276123046875,332.108642578125,-172.26625061035156,178.5845947265625,0.00990934759276273,0.35,0.0,0.16543576408327212,1.7415466308593568,39,-1,5.435873805688652,118.43780618659243
346,17.3,sturn,192,stanley,0.8,332.5531921386719,-172.4208221435547,332.108642578125,-172.26625061035156,178.65658569335938,0.00969548950409828,0.35,0.0,0.15709949838096687,1.66955566406251,39,-1,5.412376712941282,118.53479881343611
347,17.35,sturn,192,stanley,0.8,332.27984619140625,-172.4145050048828,332.108642578125,-172.26625061035156,178.71282958984375,0.01033584347943146,0.35,0.0,0.1492265195787134,1.6133117675781103,39,-1,5.464354017790461,118.6324642035888
348,17.400000000000002,sturn,192,stanley,0.8,332.0053405761719,-172.40843200683594,332.108642578125,-172.26625061035156,178.7763214111328,0.010221585131623053,0.35,0.0,0.1415910763728502,1.5498199462890887,39,-1,5.443598551409034,118.73084180413831
349,17.45,sturn,192,stanley,0.8,331.7296142578125,-172.40335083007812,332.108642578125,-172.26625061035156,178.8274688720703,0.010579917163603703,0.35,0.0,0.1349404898895338,1.498672485351575,39,-1,5.480815043008125,118.82925566218282
350,17.5,sturn,192,stanley,0.8,331.4537048339844,-172.39907836914062,332.108642578125,-172.26625061035156,178.8938446044922,0.009965605541762594,0.35,0.0,0.12909756384998222,1.4322967529296895,39,-1,5.4607180389458465,118.92753053357303
351,17.55,sturn,192,stanley,0.8,331.17669677734375,-172.39645385742188,332.108642578125,-172.26625061035156,178.94842529296875,0.009666503000203913,0.35,0.0,0.12489630668272156,1.377716064453144,39,-1,5.507273960724732,119.02519572258736
352,17.6,sturn,192,stanley,0.8,330.8995666503906,-172.3961639404297,330.10870361328125,-172.2776336669922,179.0101776123047,0.008222851041666488,0.35,0.0,0.12303011146732765,1.3159637451172073,40,-1,5.484222176276154,119.12127761822819
353,17.650000000000002,sturn,192,stanley,0.8,330.6224670410156,-172.39599609375,330.10870361328125,-172.2776336669922,179.06813049316406,0.007099290577159917,0.35,0.0,0.12128495840192596,1.258010864257815,40,-1,5.506212119105461,119.21780123922129
354,17.7,sturn,192,stanley,0.8,330.34564208984375,-172.39450073242188,330.10870361328125,-172.2776336669922,179.1078338623047,0.0065992609640354895,0.35,0.0,0.11821387560693784,1.2183074951171744,40,-1,5.48749670638253,119.31603710079521
355,17.75,sturn,192,stanley,0.8,330.0699157714844,-172.39111328125,330.10870361328125,-172.2776336669922,179.14768981933594,0.006611147724607471,0.35,0.0,0.1132569872699218,1.1784515380859206,40,-1,5.4810018400641,119.41621664935033
356,17.8,sturn,192,stanley,0.8,329.7960205078125,-172.38699340820312,330.10870361328125,-172.2776336669922,179.18594360351562,0.00680798516121823,0.35,0.0,0.10757811167108439,1.140197753906235,40,-1,5.466803658629392,119.51698345952113
357,17.85,sturn,192,stanley,0.8,329.5223388671875,-172.38365173339844,330.10870361328125,-172.2776336669922,179.2257080078125,0.006937823323290015,0.35,0.0,0.10267863769422907,1.1004333496093592,40,-1,5.487451336542742,119.61748947971462
358,17.900000000000002,sturn,192,stanley,0.8,329.2488098144531,-172.38088989257812,330.10870361328125,-172.2776336669922,179.26504516601562,0.006762947288685518,0.35,0.0,0.09835985687028156,1.0610961914062318,40,-1,5.468474879787524,119.71794089191107
359,17.95,sturn,192,stanley,0.8,328.9747619628906,-172.37850952148438,328.1087341308594,-172.2890167236328,179.304443359375,0.006688860224864579,0.35,0.0,0.09442096009082696,1.021697998046869,41,-1,5.4948348844636845,119.81876398122435
360,18.0,sturn,192,stanley,0.8,328.7008056640625,-172.37640380859375,328.1087341308594,-172.2890167236328,179.34280395507812,0.0063881025741484455,0.35,0.0,0.09075586459240673,0.9833374023437083,41,-1,5.4750611545351635,119.919839459817
361,18.05,sturn,192,stanley,0.8,328.4264831542969,-172.37387084960938,328.1087341308594,-172.2890167236328,179.3743896484375,0.006504843575323778,0.35,0.0,0.08666144537246884,0.9517517089843338,41,-1,5.485643301165222,120.02198656449917
362,18.1,sturn,192,stanley,0.8,328.15264892578125,-172.37130737304688,328.1087341308594,-172.2890167236328,179.40383911132812,0.006517502328368157,0.35,0.0,0.0825392884681177,0.9223022460937512,41,-1,5.449716936925976,120.1245226496485
363,18.150000000000002,sturn,192,stanley,0.8,327.878662109375,-172.36993408203125,328.1087341308594,-172.2890167236328,179.4413604736328,0.006249981475812115,0.35,0.0,0.07960642926645194,0.8847808837890407,41,-1,5.478307561110585,120.22654494928732
364,18.2,sturn,192,stanley,0.8,327.6052551269531,-172.37042236328125,328.1087341308594,-172.2890167236328,179.49639892578125,0.004768051827756407,0.35,0.0,0.07853841270820408,0.8297424316406042,41,-1,5.430666651260469,120.32716073409698
365,18.25,sturn,192,stanley,0.8,327.33197021484375,-172.37074279785156,328.1087341308594,-172.2890167236328,179.54190063476562,0.0038299148113679787,0.35,0.0,0.07730324703933804,0.7842407226562459,41,-1,5.449403329881309,120.42842344771256
366,18.3,sturn,192,stanley,0.8,327.0589904785156,-172.37042236328125,326.1087646484375,-172.30039978027344,179.5821075439453,0.0031002991372213544,0.35,0.0,0.07543033334676655,0.7440338134765759,42,-1,5.440130623942397,120.53070063316834
367,18.35,sturn,192,stanley,0.8,326.7859191894531,-172.3695068359375,326.1087646484375,-172.30039978027344,179.6096649169922,0.0029751869616973007,0.35,0.0,0.07296044177455242,0.7164764404296408,42,-1,5.461191880918591,120.63409460205834
368,18.400000000000002,sturn,192,stanley,0.8,326.5131530761719,-172.36819458007812,326.1087646484375,-172.30039978027344,179.63450622558594,0.0029064447169899156,0.35,0.0,0.07009556523858063,0.6916351318359606,42,-1,5.446310234234794,120.73826937336561
369,18.45,sturn,192,stanley,0.8,326.24029541015625,-172.36672973632812,326.1087646484375,-172.30039978027344,179.65000915527344,0.003256033042280964,0.35,0.0,0.06707758214665374,0.6761322021484543,42,-1,5.468996036381841,120.84314598281539
370,18.5,sturn,192,stanley,0.8,325.9676208496094,-172.36509704589844,326.1087646484375,-172.30039978027344,179.66494750976562,0.0035466227054352845,0.35,0.0,0.06389279736902162,0.6611938476562634,42,-1,5.452897510578183,120.94863233201532
371,18.55,sturn,192,stanley,0.8,325.6947326660156,-172.36373901367188,326.1087646484375,-172.30039978027344,179.67662048339844,0.00397335995488295,0.35,0.0,0.060981450357648175,0.6495208740233936,42,-1,5.475740812057949,121.05446947796479
372,18.6,sturn,192,stanley,0.8,325.42254638671875,-172.36219787597656,326.1087646484375,-172.30039978027344,179.68226623535156,0.0044823657626427895,0.35,0.0,0.05789099623047132,0.6438751220702892,42,-1,5.44867710072439,121.1607266986841
373,18.650000000000002,sturn,192,stanley,0.8,325.15142822265625,-172.3607940673828,326.1087646484375,-172.30039978027344,179.6738739013672,0.005455740283283018,0.35,0.0,0.05494394891599878,0.6522674560546392,42,-1,5.4591379959924975,121.26696074656928
374,18.7,sturn,192,stanley,0.8,324.88043212890625,-172.36029052734375,324.1087646484375,-172.31179809570312,179.67779541015625,0.005796664425107244,0.35,0.0,0.05288413920139453,0.6483459472656243,43,-1,5.441491695445069,121.37283082541451
375,18.75,sturn,192,stanley,0.8,324.6100769042969,-172.3612060546875,324.1087646484375,-172.31179809570312,179.69174194335938,0.005565654017011849,0.35,0.0,0.05226073306083573,0.6343994140624972,43,-1,5.449045142704754,121.47765647365657
376,18.8,sturn,192,stanley,0.8,324.34002685546875,-172.3620147705078,324.1087646484375,-172.31179809570312,179.7056884765625,0.0052872413102538415,0.35,0.0,0.05153225425183192,0.6204528808593701,43,-1,5.424947495106754,121.58297096676449
377,18.85,sturn,192,stanley,0.8,324.0689697265625,-172.3623046875,324.1087646484375,-172.31179809570312,179.7250518798828,0.005115245403570271,0.35,0.0,0.050279252508572736,0.6010894775390332,43,-1,5.460389373162493,121.68966845677477
378,18.900000000000002,sturn,192,stanley,0.8,323.7974853515625,-172.3621063232422,324.1087646484375,-172.31179809570312,179.74612426757812,0.004885325734767304,0.35,0.0,0.04853554545144866,0.5800170898437037,43,-1,5.4388773117423,121.79749357663796
379,18.95,sturn,192,stanley,0.8,323.5251159667969,-172.36155700683594,324.1087646484375,-172.31179809570312,179.77220153808594,0.00470919245763168,0.35,0.0,0.046435854270339375,0.5539398193359173,43,-1,5.469882130042667,121.90650307722487
380,19.0,sturn,192,stanley,0.8,323.2526550292969,-172.36090087890625,324.1087646484375,-172.31179809570312,179.797119140625,0.004515540166186161,0.35,0.0,0.04422883215885067,0.5290222167968542,43,-1,5.464664488946661,122.01615775534935
381,19.05,sturn,192,stanley,0.8,322.9793701171875,-172.36013793945312,322.1087951660156,-172.32318115234375,179.8240966796875,0.004354174937559651,0.35,0.0,0.04191145183946121,0.5020294189453108,44,-1,5.494486991791414,122.12675169895499
382,19.1,sturn,192,stanley,0.8,322.7055969238281,-172.3599395751953,322.1087951660156,-172.32318115234375,179.85250854492188,0.003993994630591312,0.35,0.0,0.04015478925682978,0.47361755371095565,44,-1,5.5134397313907435,122.23753807353401
383,19.150000000000002,sturn,192,stanley,0.8,322.4307861328125,-172.3596649169922,322.1087951660156,-172.32318115234375,179.8705291748047,0.003985363954037043,0.35,0.0,0.03831592801759363,0.45559692382812395,44,-1,5.5558491560253165,122.34932854203072
384,19.200000000000003,sturn,192,stanley,0.8,322.1553955078125,-172.3583526611328,322.1087951660156,-172.32318115234375,179.89334106445312,0.003976997195549493,0.35,0.0,0.03543618554814564,0.4327850341796841,44,-1,5.532409656491203,122.462817613473
385,19.25,sturn,192,stanley,0.8,321.87933349609375,-172.35861206054688,322.1087951660156,-172.32318115234375,179.92242431640625,0.0034998332605809144,0.35,0.0,0.03412425139726733,0.40370178222656355,44,-1,5.562181844708584,122.57566289256303
386,19.3,sturn,192,stanley,0.8,321.60260009765625,-172.35885620117188,322.1087951660156,-172.32318115234375,179.94342041015625,0.0032647395970845055,0.35,0.0,0.032793237209262686,0.38270568847656616,44,-1,5.5994687010232855,122.6893163521512
387,19.35,sturn,192,stanley,0.8,321.3249816894531,-172.35910034179688,322.1087951660156,-172.32318115234375,179.9650115966797,0.003013768505022502,0.35,0.0,0.03145718559570829,0.36111450195313566,44,-1,5.640444858584511,122.80385490636208
388,19.400000000000002,sturn,192,stanley,0.8,321.04656982421875,-172.359375,320.1088562011719,-172.33456420898438,179.9857177734375,0.0027290823213596068,0.35,0.0,0.03014780202609864,0.34040832519531905,45,-1,5.642788738649845,122.91921622514417
389,19.450000000000003,sturn,192,stanley,0.8,320.7668762207031,-172.35972595214844,320.1088562011719,-172.33456420898438,-179.99571228027344,0.00253179918600014,0.35,0.0,0.02890674831132354,0.32183837890626876,45,-1,5.681115273220801,123.03556593158514
390,19.5,sturn,192,stanley,0.8,320.486328125,-172.3601531982422,320.1088562011719,-172.33456420898438,-179.97915649414062,0.0023130554175588894,0.35,0.0,0.027737123584736435,0.3052825927734635,45,-1,5.667517644954002,123.15273053527515
391,19.55,sturn,192,stanley,0.8,320.2041015625,-172.36065673828125,320.1088562011719,-172.33456420898438,-179.9641571044922,0.002185034125365898,0.35,0.0,0.02663423782944618,0.29028320312503747,45,-1,5.709905746517072,123.27106112772262
392,19.6,sturn,192,stanley,0.8,319.9207458496094,-172.36114501953125,320.1088562011719,-172.33456420898438,-179.94866943359375,0.001965158176326962,0.35,0.0,0.02550966647209005,0.27479553222657715,45,-1,5.675664217879693,123.39041604015846
393,19.650000000000002,sturn,192,stanley,0.8,319.6350402832031,-172.36204528808594,320.1088562011719,-172.33456420898438,-179.93325805664062,0.0017326462250155732,0.35,0.0,0.024783700512183357,0.25938415527344905,45,-1,5.715949523487263,123.51093301372731
394,19.700000000000003,sturn,192,stanley,0.8,319.34808349609375,-172.36215209960938,320.1088562011719,-172.33456420898438,-179.92581176757812,0.0018317118305846431,0.35,0.0,0.023257168496927265,0.25193786621092273,45,-1,5.675546412122591,123.63324497479464
395,19.75,sturn,192,stanley,0.8,319.0607604980469,-172.362060546875,318.4130554199219,-172.4224090576172,-179.9149932861328,0.27433267638295084,0.35,0.0,0.05445788277590094,10.040206909179709,46,-1,5.691577683626985,123.75643782926508
396,19.8,sturn,192,stanley,0.8,318.773193359375,-172.3662109375,318.4130554199219,-172.4224090576172,-179.73451232910156,0.2798655666995536,0.35,0.0,0.007989346169944553,9.859725952148436,46,-1,5.683658955442675,123.87645280381744
397,19.85,sturn,192,stanley,0.8,318.48492431640625,-172.38050842285156,318.4130554199219,-172.4224090576172,-179.05751037597656,0.2689460106259282,0.35,0.0,-0.028613522189675902,9.18272399902344,46,-1,5.692785392604784,123.98817742342848
398,19.900000000000002,sturn,192,stanley,0.8,318.19921875,-172.40707397460938,318.4130554199219,-172.4224090576172,-177.9109649658203,0.24181566185459227,0.35,0.0,-0.05268872902873108,8.036178588867191,46,-1,5.650913839563183,124.0883117532293
399,19.950000000000003,sturn,192,stanley,0.8,317.9148864746094,-172.44300842285156,318.4130554199219,-172.4224090576172,-176.5833282470703,0.20722022768245735,0.35,0.0,-0.06729952690344194,6.70854187011719,46,-1,5.668655836386033,124.18000177401947
400,20.0,sturn,192,stanley,0.8,317.6315002441406,-172.48483276367188,316.9853210449219,-172.89137268066406,-175.31503295898438,0.6341631685673124,0.35,0.0,-0.07892480650915629,21.556884765624982,47,-1,5.662725030096919,124.26657807228052
401,20.05,sturn,192,stanley,0.8,317.35076904296875,-172.53524780273438,316.9853210449219,-172.89137268066406,-173.93357849121094,0.6130751820306488,0.35,0.0,-0.15783418925872295,20.175430297851555,47,-1,5.641376173814206,124.3448730958816
402,20.1,sturn,192,stanley,0.8,317.07708740234375,-172.59945678710938,316.9853210449219,-172.89137268066406,-172.1699676513672,0.5780247433166892,0.35,0.0,-0.22125424923690085,18.411819458007805,47,-1,5.573326341199673,124.40828312804149
403,20.150000000000002,sturn,192,stanley,0.8,316.81524658203125,-172.68096923828125,316.9853210449219,-172.89137268066406,-169.87286376953125,0.5237535231050447,0.35,0.0,-0.2639186626995415,16.114715576171864,47,-1,5.454655503704989,124.45153054000902
404,20.200000000000003,sturn,192,stanley,0.8,316.56475830078125,-172.778076171875,316.9853210449219,-172.89137268066406,-167.3016357421875,0.45649346853071915,0.35,0.0,-0.2875761776200242,13.543487548828113,47,-1,5.412802813966728,124.47634262724205
405,20.25,sturn,192,stanley,0.8,316.3200378417969,-172.8865966796875,316.9853210449219,-172.89137268066406,-164.7525634765625,0.3860875859363829,0.35,0.0,-0.29844614427776617,10.994415283203107,47,-1,5.427887864789546,124.48894133463581
406,20.3,sturn,192,stanley,0.8,316.07720947265625,-173.00169372558594,315.7377624511719,-173.73794555664062,-162.45892333984375,0.7812890843582849,0.35,0.0,-0.31727429386806305,24.668975830078118,48,-1,5.430281623422006,124.4953910893823
407,20.35,sturn,192,stanley,0.8,315.8389587402344,-173.1258544921875,315.7377624511719,-173.73794555664062,-160.16529846191406,0.7324052657392223,0.35,0.0,-0.3853789475922566,22.375350952148423,48,-1,5.414642412013707,124.4922664457154
408,20.400000000000002,sturn,192,stanley,0.8,315.61212158203125,-173.26235961914062,315.7377624511719,-173.73794555664062,-157.57192993164062,0.6724193459022559,0.35,0.0,-0.43667208124296025,19.781982421874996,48,-1,5.326024659531824,124.47353749549855
409,20.450000000000003,sturn,192,stanley,0.8,315.4013366699219,-173.41311645507812,315.7377624511719,-173.73794555664062,-154.5623321533203,0.5955613531947482,0.35,0.0,-0.46662445273243053,16.772384643554666,48,-1,5.243390126003238,124.435360843214
410,20.5,sturn,192,stanley,0.8,315.2018127441406,-173.57504272460938,315.7377624511719,-173.73794555664062,-151.51071166992188,0.5123514029762507,0.35,0.0,-0.4807380730677774,13.72076416015625,48,-1,5.222730019717902,124.38262405973724
411,20.55,sturn,192,stanley,0.8,315.0085144042969,-173.7462921142578,315.7377624511719,-173.73794555664062,-148.6310272216797,0.429928972906936,0.35,0.0,-0.48376351867871026,10.841079711914041,48,-1,5.2619941978893765,124.31925394159703
412,20.6,sturn,192,stanley,0.8,314.8179626464844,-173.9236297607422,314.929931640625,-174.80606079101562,-146.0977783203125,0.9703861106320875,0.35,0.0,-0.4927787596471275,29.68795776367189,49,-1,5.273085511498327,124.24971969138555
413,20.650000000000002,sturn,192,stanley,0.8,314.6343078613281,-174.10833740234375,314.929931640625,-174.80606079101562,-143.6162872314453,0.9202190022272774,0.35,0.0,-0.5751106400894559,27.20646667480471,49,-1,5.257569196588827,124.17096443560632
414,20.700000000000003,sturn,192,stanley,0.8,314.4653625488281,-174.30133056640625,314.929931640625,-174.80606079101562,-140.8686065673828,0.8606377407484913,0.35,0.0,-0.6405828873503507,24.458786010742198,49,-1,5.167525979386351,124.0785268887368
415,20.75,sturn,192,stanley,0.8,314.3166198730469,-174.5090789794922,314.929931640625,-174.80606079101562,-137.63934326171875,0.776736954189632,0.35,0.0,-0.6813979672316033,21.229522705078132,49,-1,5.224811196949407,123.96406883837119
416,20.8,sturn,192,stanley,0.8,314.1890869140625,-174.73104858398438,314.929931640625,-174.80606079101562,-134.06204223632812,0.676357566465211,0.35,0.0,-0.6968914458200182,17.65222167968751,49,-1,5.286371783642052,123.82753066155705
417,20.85,sturn,192,stanley,0.8,314.0750427246094,-174.96511840820312,314.929931640625,-174.80606079101562,-130.4982452392578,0.5704648389634684,0.35,0.0,-0.6949218620925544,14.088424682617202,49,-1,5.400117321823682,123.67435112596566
418,20.900000000000002,sturn,192,stanley,0.8,313.96649169921875,-175.20806884765625,314.929931640625,-174.80606079101562,-127.24081420898438,0.47454992315618644,0.35,0.0,-0.6840824081320802,10.830993652343771,49,-1,5.408148208897232,123.5111089262237
419,20.950000000000003,sturn,192,stanley,0.8,313.86029052734375,-175.4533233642578,314.5671081542969,-176.09515380859375,-124.35481262207031,1.0,0.35,0.0,-0.7603662096336002,29.325149536132805,50,-1,5.477120039286807,123.34508320299872
420,21.0,sturn,192,stanley,0.8,313.7626037597656,-175.7000732421875,314.5671081542969,-176.09515380859375,-121.70423889160156,0.9657621440408809,0.35,0.0,-0.8360439018300375,26.674575805664062,50,-1,5.349101000440281,123.17405728040814
421,21.05,sturn,192,stanley,0.8,313.68218994140625,-175.9488983154297,314.5671081542969,-176.09515380859375,-118.7845230102539,0.896442335129052,0.35,0.0,-0.8943332198495566,23.754859924316417,50,-1,5.34749040641961,122.99332134773047
422,21.1,sturn,192,stanley,0.8,313.624755859375,-176.19760131835938,314.5671081542969,-176.09515380859375,-115.48346710205078,0.8161795147954541,0.35,0.0,-0.9297419884231626,20.453804016113278,50,-1,5.218018825096031,122.80201994350254
423,21.150000000000002,sturn,192,stanley,0.8,313.5941162109375,-176.44847106933594,314.5671081542969,-176.09515380859375,-111.76946258544922,0.7117661929062361,0.35,0.0,-0.9382695349047647,16.73979949951172,50,-1,5.226993516834798,122.59623652609439
424,21.200000000000003,sturn,192,stanley,0.8,313.5816650390625,-176.704345703125,314.5671081542969,-176.09515380859375,-108.07979583740234,0.5996346116648831,0.35,0.0,-0.9282398551188747,13.050132751464849,50,-1,5.326250594503975,122.37752212620092
425,21.25,sturn,192,stanley,0.8,313.5783386230469,-176.96763610839844,314.5671081542969,-176.09515380859375,-104.71476745605469,0.49412402787020104,0.35,0.0,-0.9084704032136574,9.685104370117191,50,-1,5.440245079723489,122.14806798852302
426,21.3,sturn,192,stanley,0.8,313.5780944824219,-177.23362731933594,314.56658935546875,-177.9261016845703,-101.76203918457031,0.5872372150310976,0.35,0.0,-0.9822806317496107,12.27296447753908,51,-1,5.39960242272261,121.91490045415138
427,21.35,sturn,192,stanley,0.8,313.5843200683594,-177.4967803955078,314.56658935546875,-177.9261016845703,-98.95487213134766,0.5099869361443086,0.35,0.0,-0.9784018846866694,9.465797424316444,51,-1,5.311005205123908,121.68123765245134
428,21.400000000000002,sturn,192,stanley,0.8,313.6009826660156,-177.75767517089844,314.56658935546875,-177.9261016845703,-96.2046127319336,0.4268969881247308,0.35,0.0,-0.9640664031280471,6.715538024902374,51,-1,5.3350700989937385,121.44463695012871
429,21.450000000000003,sturn,192,stanley,0.8,313.62420654296875,-178.0196990966797,314.56658935546875,-177.9261016845703,-93.69324493408203,0.35100663782150726,0.35,0.0,-0.9431799720148029,4.204170227050785,51,-1,5.314293723182981,121.20397844589496
430,21.5,sturn,192,stanley,0.8,313.6517028808594,-178.282958984375,314.56658935546875,-177.9261016845703,-91.51727294921875,0.2823874241801835,0.35,0.0,-0.9180322711657569,2.0281982421875093,51,-1,5.32318123008758,120.96026349251015
431,21.55,sturn,192,stanley,0.8,313.6824645996094,-178.5481414794922,314.56658935546875,-177.9261016845703,-89.69926452636719,0.22254764096059698,0.35,0.0,-0.8896364635808971,0.21018981933597053,51,-1,5.348982226550905,120.71337225250718
432,21.6,sturn,192,stanley,0.8,313.71539306640625,-178.81564331054688,314.56658935546875,-177.9261016845703,-88.22024536132812,0.1708862323008107,0.35,0.0,-0.8590946761037096,-1.2688293457030866,51,-1,5.402543611268215,120.46348698372685
433,21.650000000000002,sturn,192,stanley,0.8,313.7492370605469,-179.08436584472656,314.58441162109375,-179.92601013183594,-87.02964782714844,0.12961337271785436,0.35,0.0,-0.8276362355484541,-2.459426879882763,52,-1,5.395640869886656,120.212174700866
434,21.700000000000003,sturn,192,stanley,0.8,313.78314208984375,-179.35337829589844,314.58441162109375,-179.92601013183594,-86.11187744140625,0.09539634612825008,0.35,0.0,-0.7961313949159612,-3.377197265624995,52,-1,5.408623278403377,119.96066450236259
435,21.75,sturn,192,stanley,0.8,313.8166198730469,-179.6219482421875,314.58441162109375,-179.92601013183594,-85.41154479980469,0.06802427181745431,0.35,0.0,-0.7650498374811449,-4.077529907226532,52,-1,5.406721082345012,119.70983469788148
436,21.8,sturn,192,stanley,0.8,313.8492431640625,-179.89022827148438,314.58441162109375,-179.92601013183594,-84.8956527709961,0.04656900439059128,0.35,0.0,-0.7348201530091575,-4.593421936035141,52,-1,5.3908559557815945,119.45976179138398
437,21.85,sturn,192,stanley,0.8,313.8810729980469,-180.1573944091797,314.58441162109375,-179.92601013183594,-84.51773071289062,0.029291343182472108,0.35,0.0,-0.7053739612154862,-4.971343994140622,52,-1,5.372067685052066,119.21113665271434
438,21.900000000000002,sturn,192,stanley,0.8,313.91229248046875,-180.4239959716797,314.58441162109375,-179.92601013183594,-84.26664733886719,0.015285013562908388,0.35,0.0,-0.6765330622814696,-5.222427368164048,52,-1,5.367966912412717,118.96339164428865
439,21.950000000000003,sturn,192,stanley,0.8,313.943359375,-180.69168090820312,314.58441162109375,-179.92601013183594,-84.0981674194336,0.0029958964609700487,0.35,0.0,-0.6478544058454407,-5.390907287597631,52,-1,5.386754882663034,118.71486749050548
440,22.0,sturn,192,stanley,0.8,313.97265625,-180.95947265625,314.6022644042969,-181.92593383789062,-84.02203369140625,-0.0057458438374137265,0.35,0.0,-0.6209649839245406,-5.467041015624966,53,-1,5.389877069145741,118.4672119872998
441,22.05,sturn,192,stanley,0.8,314.000732421875,-181.22735595703125,314.6022644042969,-181.92593383789062,-83.9996566772461,-0.012259224291131604,0.35,0.0,-0.5952787000921125,-5.48941802978516,53,-1,5.378009212122854,118.22017283799204
442,22.1,sturn,192,stanley,0.8,314.0283508300781,-181.4947967529297,314.6022644042969,-181.92593383789062,-84.03469848632812,-0.01732443741607162,0.35,0.0,-0.5700462158221342,-5.454376220703135,53,-1,5.3767521924355925,117.97384204544483
443,22.150000000000002,sturn,192,stanley,0.8,314.0550231933594,-181.7622833251953,314.6022644042969,-181.92593383789062,-84.10153198242188,-0.021335339701500516,0.35,0.0,-0.5457601470576238,-5.387542724609358,53,-1,5.3786073838336055,117.728037330982
444,22.200000000000003,sturn,192,stanley,0.8,314.0807800292969,-182.03001403808594,314.6022644042969,-181.92593383789062,-84.20430755615234,-0.024129609286796284,0.35,0.0,-0.5223917462896334,-5.28476715087887,53,-1,5.381864254561932,117.48257418018338
445,22.25,sturn,192,stanley,0.8,314.1055908203125,-182.29800415039062,314.6022644042969,-181.92593383789062,-84.3218002319336,-0.026289530047366196,0.35,0.0,-0.4999716659487685,-5.167274475097614,53,-1,5.3859816906472915,117.23745767773721
446,22.3,sturn,192,stanley,0.8,314.12957763671875,-182.56629943847656,314.6022644042969,-181.92593383789062,-84.46260833740234,-0.0275786088599728,0.35,0.0,-0.4783782487734347,-5.026466369628863,53,-1,5.390137886645991,116.99259084957295
447,22.35,sturn,192,stanley,0.8,314.1526184082031,-182.8349151611328,314.6022644042969,-181.92593383789062,-84.60787963867188,-0.028511998281994005,0.35,0.0,-0.4577336962885575,-4.881195068359351,53,-1,5.394629717106378,116.7480243221209
448,22.400000000000002,sturn,192,stanley,0.8,314.17486572265625,-183.1038360595703,314.6200866699219,-183.9258575439453,-84.76799774169922,-0.02882185593059622,0.35,0.0,-0.43787310713711763,-4.721076965332026,54,-1,5.3989350359382,116.50369887022269
449,22.450000000000003,sturn,192,stanley,0.8,314.1962890625,-183.373046875,314.6200866699219,-183.9258575439453,-84.92581176757812,-0.02899444177107977,0.35,0.0,-0.41885122855269646,-4.563262939453102,54,-1,5.403523561307986,116.2596461265147
450,22.5,sturn,192,stanley,0.8,314.2169189453125,-183.6425323486328,314.6200866699219,-183.9258575439453,-85.09307098388672,-0.028694634763072262,0.35,0.0,-0.40062522463736755,-4.396003723144529,54,-1,5.407877776590915,116.01586733644736
451,22.55,sturn,192,stanley,0.8,314.2367858886719,-183.91233825683594,314.6200866699219,-183.9258575439453,-85.25379180908203,-0.028395862111005404,0.35,0.0,-0.38316498722385584,-4.235282897949221,54,-1,5.412506339274298,115.77231081926334
452,22.6,sturn,192,stanley,0.8,314.2559509277344,-184.182373046875,314.6200866699219,-183.9258575439453,-85.42052459716797,-0.02774555936087365,0.35,0.0,-0.36640866718761883,-4.0685501098632475,54,-1,5.416888586226931,115.52902842011616
453,22.650000000000002,sturn,192,stanley,0.8,314.27435302734375,-184.45272827148438,314.6200866699219,-183.9258575439453,-85.57804870605469,-0.027172320478226493,0.35,0.0,-0.35041811365319897,-3.9110260009765545,54,-1,5.421526857471978,115.28597464714643
454,22.700000000000003,sturn,192,stanley,0.8,314.2921142578125,-184.7233428955078,314.6200866699219,-183.9258575439453,-85.73968505859375,-0.026317399279353507,0.35,0.0,-0.3350707168981727,-3.749389648437466,54,-1,5.425923184300161,115.04314413047616
455,22.75,sturn,192,stanley,0.8,314.3091735839844,-184.99424743652344,314.6379089355469,-185.92576599121094,-85.89049530029297,-0.025603167432753145,0.35,0.0,-0.32041573438226423,-3.5985794067382733,55,-1,5.430547001448997,114.80054425184017
456,22.8,sturn,192,stanley,0.8,314.32562255859375,-185.265380859375,314.6379089355469,-185.92576599121094,-86.04427337646484,-0.024645392377494434,0.35,0.0,-0.30638516755079825,-3.444801330566413,55,-1,5.4349328719158985,114.55818463635697
457,22.85,sturn,192,stanley,0.8,314.34149169921875,-185.5367889404297,314.6379089355469,-185.92576599121094,-86.18646240234375,-0.023876603041656407,0.35,0.0,-0.29293686083501214,-3.3026123046874654,55,-1,5.439526795603662,114.31601325111762
458,22.900000000000002,sturn,192,stanley,0.8,314.35675048828125,-185.8084259033203,314.6379089355469,-185.92576599121094,-86.33099365234375,-0.022885948017979604,0.35,0.0,-0.2801009224021809,-3.158081054687451,55,-1,5.443886387325851,114.07408794290703
459,22.950000000000003,sturn,192,stanley,0.8,314.3714294433594,-186.0803680419922,314.6379089355469,-185.92576599121094,-86.46359252929688,-0.022094155506972225,0.35,0.0,-0.26784751621669484,-3.025482177734345,55,-1,5.448438915938783,113.83233045527034
460,23.0,sturn,192,stanley,0.8,314.3856201171875,-186.35255432128906,314.6379089355469,-185.92576599121094,-86.5982894897461,-0.021117671230325177,0.35,0.0,-0.2560845489209036,-2.8907852172851127,55,-1,5.452764807170311,113.59074976226175
461,23.05,sturn,192,stanley,0.8,314.39923095703125,-186.625,314.6379089355469,-185.92576599121094,-86.72103881835938,-0.020340663105762206,0.35,0.0,-0.24490370567495945,-2.7680358886718848,55,-1,5.457259183106038,113.34938213355271
462,23.1,sturn,192,stanley,0.8,314.4124450683594,-186.89767456054688,314.6379089355469,-185.92576599121094,-86.84581756591797,-0.019403862271704462,0.35,0.0,-0.23412161615855767,-2.6432571411132897,55,-1,5.461544979867665,113.10816327497159
463,23.150000000000002,sturn,192,stanley,0.8,314.42510986328125,-187.17056274414062,314.65576171875,-187.92568969726562,-86.95872497558594,-0.018667487476485563,0.35,0.0,-0.22390905902718466,-2.5303497314452654,56,-1,5.46597278655515,112.86718688071736
464,23.200000000000003,sturn,192,stanley,0.8,314.4374084472656,-187.4436798095703,314.65576171875,-187.92568969726562,-87.07394409179688,-0.017775773962715888,0.35,0.0,-0.21404640636312786,-2.4151306152343683,56,-1,5.470205916115477,112.62634885951438
465,23.25,sturn,192,stanley,0.8,314.44921875,-187.7170867919922,314.65576171875,-187.92568969726562,-87.17745971679688,-0.0170988279512072,0.35,0.0,-0.20467460078626393,-2.3116149902343315,56,-1,5.47457243889337,112.38566202237577
466,23.3,sturn,192,stanley,0.8,314.4606628417969,-187.99069213867188,314.65576171875,-187.92568969726562,-87.28353881835938,-0.016255738573448912,0.35,0.0,-0.19567076044250375,-2.2055358886718563,56,-1,5.478754506388762,112.14514493819607
467,23.35,sturn,192,stanley,0.8,314.4716796875,-188.2645263671875,314.65576171875,-187.92568969726562,-87.37823486328125,-0.015633206377670027,0.35,0.0,-0.1870961901930592,-2.1108398437499685,56,-1,5.48305372176481,111.90480539000545
468,23.400000000000002,sturn,192,stanley,0.8,314.48236083984375,-188.53860473632812,314.65576171875,-187.92568969726562,-87.4757308959961,-0.014845618929012996,0.35,0.0,-0.17885947700944327,-2.013343811035123,56,-1,5.487178349926068,111.66458569383386
469,23.450000000000003,sturn,192,stanley,0.8,314.4926452636719,-188.8128662109375,314.65576171875,-187.92568969726562,-87.56212615966797,-0.014278188611965033,0.35,0.0,-0.17102110935787165,-1.9269485473632577,56,-1,5.491412007347464,111.42457215304245
470,23.5,sturn,192,stanley,0.8,314.50262451171875,-189.08737182617188,314.673583984375,-189.9256134033203,-87.65167999267578,-0.013546242498801436,0.35,0.0,-0.16347789894003523,-1.8373947143554448,57,-1,5.495482606363617,111.18466766201347
471,23.55,sturn,192,stanley,0.8,314.51220703125,-189.3621063232422,314.673583984375,-189.9256134033203,-87.73040008544922,-0.013024082051088452,0.35,0.0,-0.1563456257190614,-1.7586746215820006,57,-1,5.49965138602015,110.94493529950587
472,23.6,sturn,192,stanley,0.8,314.52154541015625,-189.6370391845703,314.673583984375,-189.9256134033203,-87.81255340576172,-0.012341825222467207,0.35,0.0,-0.1494592522720985,-1.676521301269525,57,-1,5.503667329263212,110.70532432666495
473,23.650000000000002,sturn,192,stanley,0.8,314.5305480957031,-189.91221618652344,314.673583984375,-189.9256134033203,-87.88421630859375,-0.011877148187218833,0.35,0.0,-0.14291073589096426,-1.6048583984374742,57,-1,5.507765872011677,110.46584570979188
474,23.700000000000003,sturn,192,stanley,0.8,314.5392761230469,-190.18759155273438,314.673583984375,-189.9256134033203,-87.9594955444336,-0.011240387582654028,0.35,0.0,-0.13663863564861414,-1.5295791625976354,57,-1,5.511725388344605,110.22650913965231
475,23.75,sturn,192,stanley,0.8,314.5476989746094,-190.46316528320312,314.673583984375,-189.9256134033203,-88.02458953857422,-0.010820081574677773,0.35,0.0,-0.13067346790982132,-1.4644851684569944,57,-1,5.515758982144327,109.98733296575148
476,23.8,sturn,192,stanley,0.8,314.5558776855469,-190.7389373779297,314.673583984375,-189.9256134033203,-88.09362030029297,-0.010226205101487943,0.35,0.0,-0.12495419994503941,-1.3954544067382926,57,-1,5.519659843440494,109.74828760026232
477,23.85,sturn,192,stanley,0.8,314.5638122558594,-191.0149383544922,314.6914367675781,-191.925537109375,-88.15270233154297,-0.009852349336923904,0.35,0.0,-0.11949943678338673,-1.3363723754882693,58,-1,5.523633003339299,109.50934939561536
478,23.900000000000002,sturn,192,stanley,0.8,314.571533203125,-191.29110717773438,314.6914367675781,-191.925537109375,-88.2159423828125,-0.009310626086280579,0.35,0.0,-0.11424145200185339,-1.2731323242187622,58,-1,5.527482481517797,109.27055649530737
479,23.950000000000003,sturn,192,stanley,0.8,314.5790100097656,-191.56752014160156,314.6914367675781,-191.925537109375,-88.26949310302734,-0.008985967360004017,0.35,0.0,-0.10922977519182904,-1.219581604003896,58,-1,5.531387022623289,109.03186244553868
480,24.0,sturn,192,stanley,0.8,314.5862731933594,-191.84410095214844,314.6914367675781,-191.925537109375,-88.32750701904297,-0.008480749208643947,0.35,0.0,-0.10443320965937694,-1.1615676879882684,58,-1,5.535182996818193,108.79331826071841
481,24.05,sturn,192,stanley,0.8,314.5932922363281,-192.1208953857422,314.6914367675781,-191.925537109375,-88.37609100341797,-0.008185447684731005,0.35,0.0,-0.09988267996676845,-1.1129837036132435,58,-1,5.539027019764715,108.55490356684213
482,24.1,sturn,192,stanley,0.8,314.60015869140625,-192.3978729248047,314.6914367675781,-191.925537109375,-88.4293441772461,-0.007718398528045043,0.35,0.0,-0.09548636488801848,-1.059730529785132,58,-1,5.54276832843612,108.31659796441716
483,24.150000000000002,sturn,192,stanley,0.8,314.6068420410156,-192.675048828125,314.6914367675781,-191.925537109375,-88.47332000732422,-0.007471531364660851,0.35,0.0,-0.09127491685373297,-1.0157546997070097,58,-1,5.546551170549186,108.07840690581887
484,24.200000000000003,sturn,192,stanley,0.8,314.6133117675781,-192.95242309570312,314.7092590332031,-193.9254608154297,-88.52220916748047,-0.007034626499877998,0.35,0.0,-0.08726666876136487,-0.9668655395507582,59,-1,5.550237237576309,107.84034894311726
485,24.25,sturn,192,stanley,0.8,314.6195983886719,-193.22994995117188,314.7092590332031,-193.9254608154297,-88.56209564208984,-0.006807446613812958,0.35,0.0,-0.08345506298328337,-0.926979064941412,59,-1,5.553959184891944,107.60244879288429
486,24.3,sturn,192,stanley,0.8,314.6257629394531,-193.5076904296875,314.7092590332031,-193.9254608154297,-88.60702514648438,-0.006405465202386525,0.35,0.0,-0.0797674275859526,-0.8820495605468412,59,-1,5.557593485295254,107.36462440700166
487,24.35,sturn,192,stanley,0.8,314.6317443847656,-193.78561401367188,314.7092590332031,-193.9254608154297,-88.6430892944336,-0.006212236467252816,0.35,0.0,-0.07626452316725355,-0.8459854125976087,59,-1,5.5612573702431645,107.12693646812107
488,24.400000000000002,sturn,192,stanley,0.8,314.6375732421875,-194.063720703125,314.7092590332031,-193.9254608154297,-88.68441772460938,-0.005830958422293972,0.35,0.0,-0.07291583336241306,-0.8046569824218817,59,-1,5.564836859943104,106.88937084836247
489,24.450000000000003,sturn,192,stanley,0.8,314.64324951171875,-194.34202575683594,314.7092590332031,-193.9254608154297,-88.71701049804688,-0.0056620343604541195,0.35,0.0,-0.06972149423726379,-0.7720642089843466,59,-1,5.56844390522103,106.65191692687213
490,24.5,sturn,192,stanley,0.8,314.6487731933594,-194.62049865722656,314.7092590332031,-193.9254608154297,-88.7550277709961,-0.005300715025688938,0.35,0.0,-0.06668123366014035,-0.7340469360351297,59,-1,5.571972925042783,106.41460265199835
491,24.55,sturn,192,stanley,0.8,314.6541748046875,-194.89915466308594,314.7092590332031,-193.9254608154297,-88.78441619873047,-0.005156032894500694,0.35,0.0,-0.06376467133210223,-0.7046585083007822,59,-1,5.57552542294779,106.17740089285459
492,24.6,sturn,192,stanley,0.8,314.65948486328125,-195.177978515625,314.7270812988281,-195.9253692626953,-88.81938934326172,-0.004831702290159296,0.35,0.0,-0.06092910742105593,-0.6696853637695147,60,-1,5.579002415275051,105.9403100663328
493,24.650000000000002,sturn,192,stanley,0.8,314.66461181640625,-195.4569854736328,314.7270812988281,-195.9253692626953,-88.84593963623047,-0.004701071571776107,0.35,0.0,-0.05829032189012894,-0.6431350708007402,60,-1,5.5824968481881845,105.70336927013925
494,24.700000000000003,sturn,192,stanley,0.8,314.669677734375,-195.73619079589844,314.7270812988281,-195.9253692626953,-88.87810516357422,-0.004394346602539178,0.35,0.0,-0.055714337944573526,-0.6109695434570043,60,-1,5.585925140784463,105.46650156115149
495,24.75,sturn,192,stanley,0.8,314.6745910644531,-196.0155487060547,314.7270812988281,-195.9253692626953,-88.90200805664062,-0.0042869121507274534,0.35,0.0,-0.05329229648121124,-0.5870666503906249,60,-1,5.589366968261425,105.22979738513392
496,24.8,sturn,192,stanley,0.8,314.6794128417969,-196.29507446289062,314.7270812988281,-195.9253692626953,-88.9316635131836,-0.0039924811026782235,0.35,0.0,-0.05096330083632834,-0.5574111938476658,60,-1,5.592740444606906,104.993212839298
497,24.85,sturn,192,stanley,0.8,314.68414306640625,-196.57476806640625,314.7270812988281,-195.9253692626953,-88.95315551757812,-0.003908878873838553,0.35,0.0,-0.04872735100992484,-0.535919189453111,60,-1,5.59612616948668,104.75675006513848
498,24.900000000000002,sturn,192,stanley,0.8,314.68878173828125,-196.85464477539062,314.7270812988281,-195.9253692626953,-88.98047637939453,-0.0036361865012060975,0.35,0.0,-0.046584583067833425,-0.5085983276366954,60,-1,5.599450325565039,104.52039848337566
499,24.950000000000003,sturn,192,stanley,0.8,314.69329833984375,-197.13465881347656,314.74493408203125,-197.92529296875,-88.99978637695312,-0.003558688620447909,0.35,0.0,-0.04458343807478217,-0.48928833007812156,61,-1,5.6027828135334445,104.28421532800381
500,25.0,sturn,192,stanley,0.8,314.69775390625,-197.4148712158203,314.74493408203125,-197.92529296875,-89.02501678466797,-0.0033009860917563093,0.35,0.0,-0.04262676176964953,-0.4640579223632576,61,-1,5.606058832703341,104.04811823935398
501,25.05,sturn,192,stanley,0.8,314.7021179199219,-197.69525146484375,314.74493408203125,-197.92529296875,-89.0422592163086,-0.0032492592495353264,0.35,0.0,-0.04076313128299629,-0.4468154907226155,61,-1,5.6093407425711606,103.81215171524802
502,25.1,sturn,192,stanley,0.8,314.7064514160156,-197.9757843017578,314.74493408203125,-197.92529296875,-89.06558227539062,-0.0030157630358524563,0.35,0.0,-0.038931377819443294,-0.42349243164059774,61,-1,5.612570057595111,103.5762968090936
503,25.150000000000002,sturn,192,stanley,0.8,314.71063232421875,-198.25648498535156,314.74493408203125,-197.92529296875,-89.0810546875,-0.002970144140514374,0.35,0.0,-0.03725370290391612,-0.4080200195312344,61,-1,5.615799483968588,103.34061075862681
504,25.200000000000003,sturn,192,stanley,0.8,314.71478271484375,-198.53733825683594,314.74493408203125,-197.92529296875,-89.1026611328125,-0.0027413074180891433,0.35,0.0,-0.03560790501148921,-0.38641357421873235,61,-1,5.618977645606862,103.10504067647541
505,25.25,sturn,192,stanley,0.8,314.71881103515625,-198.818359375,314.74493408203125,-197.92529296875,-89.11644744873047,-0.0027066902995943735,0.35,0.0,-0.034085669302314894,-0.37262725830079263,61,-1,5.622161023546497,102.86962711284325
506,25.3,sturn,192,stanley,0.8,314.72283935546875,-199.09954833984375,314.76275634765625,-199.9252166748047,-89.13646697998047,-0.002495995427831707,0.35,0.0,-0.03255274684998005,-0.35260772705076193,62,-1,5.625293991065501,102.63430414223753
507,25.35,sturn,192,stanley,0.8,314.72674560546875,-199.38087463378906,314.76275634765625,-199.9252166748047,-89.14879608154297,-0.0024731048986721777,0.35,0.0,-0.031155297916552676,-0.3402786254882493,62,-1,5.628427354385654,102.3991675476255
508,25.400000000000002,sturn,192,stanley,0.8,314.73065185546875,-199.662353515625,314.76275634765625,-199.9252166748047,-89.16732788085938,-0.0022722519523384332,0.35,0.0,-0.029759209641452334,-0.32174682617183964,62,-1,5.631511782994806,102.16413844890113
509,25.450000000000003,sturn,192,stanley,0.8,314.73443603515625,-199.94400024414062,314.76275634765625,-199.9252166748047,-89.17828369140625,-0.0022587761753233783,0.35,0.0,-0.028486683549604593,-0.3107910156249497,62,-1,5.6345944921780635,101.9292750773551
510,25.5,sturn,192,stanley,0.8,314.73822021484375,-200.2257843017578,314.76275634765625,-199.9252166748047,-89.19551849365234,-0.0020652373666629415,0.35,0.0,-0.027215382050251185,-0.29355621337888155,62,-1,5.637631135093196,101.69453615994694
511,25.55,sturn,192,stanley,0.8,314.74188232421875,-200.5077362060547,314.76275634765625,-199.9252166748047,-89.2052001953125,-0.0020584894187306853,0.35,0.0,-0.02606764273415038,-0.2838745117187131,62,-1,5.640664926558861,101.45996768845856
512,25.6,sturn,192,stanley,0.8,314.7455749511719,-200.78982543945312,314.76275634765625,-199.9252166748047,-89.22122192382812,-0.001877061407056226,0.35,0.0,-0.024890611645770687,-0.2678527832030803,62,-1,5.643656032913073,101.22551074799212
513,25.650000000000002,sturn,192,stanley,0.8,314.7491455078125,-201.07208251953125,314.7806091308594,-201.92514038085938,-89.22977447509766,-0.0018758338025378638,0.35,0.0,-0.023855475638096556,-0.25930023193359386,63,-1,5.6466439721348864,100.99122898089381
514,25.700000000000003,sturn,192,stanley,0.8,314.75274658203125,-201.35446166992188,314.7806091308594,-201.92514038085938,-89.24462890625,-0.0017053299873453953,0.35,0.0,-0.022772578894857877,-0.24444580078125822,63,-1,5.6495926591326135,100.75707560676888
515,25.75,sturn,192,stanley,0.8,314.7562255859375,-201.63702392578125,314.7806091308594,-201.92514038085938,-89.2520751953125,-0.0017175555799564912,0.35,0.0,-0.021813380400704508,-0.2369995117187319,63,-1,5.652532182693273,100.52308967145132
516,25.8,sturn,192,stanley,0.8,314.7597351074219,-201.91970825195312,314.7806091308594,-201.92514038085938,-89.26602172851562,-0.0015506107760032502,0.35,0.0,-0.020824754068439543,-0.2230529785156048,63,-1,5.655436642891818,100.28923651176257
517,25.85,sturn,192,stanley,0.8,314.76318359375,-202.2025604248047,314.7806091308594,-201.92514038085938,-89.27252197265625,-0.0015817006375612888,0.35,0.0,-0.01989865718988075,-0.21655273437500397,63,-1,5.6583328908919,100.05553317497878
518,25.900000000000002,sturn,192,stanley,0.8,314.76654052734375,-202.4855194091797,314.7806091308594,-201.92514038085938,-89.2855224609375,-0.0014054209755011587,0.35,0.0,-0.019065061866470535,-0.20355224609370054,63,-1,5.661192860429674,99.82204961263196
519,25.950000000000003,sturn,192,stanley,0.8,314.7699279785156,-202.76866149902344,314.7806091308594,-201.92514038085938,-89.29119110107422,-0.0014450974564436416,0.35,0.0,-0.018202582968279535,-0.19788360595702695,63,-1,5.664044001055868,99.58865554381036
520,26.0,sturn,192,stanley,0.8,314.77325439453125,-203.0519256591797,314.7984313964844,-203.92506408691406,-89.3033676147461,-0.0012870682565469217,0.35,0.0,-0.017390041858976333,-0.18570709228512772,64,-1,5.666862528325187,99.3554558939147
521,26.05,sturn,192,stanley,0.8,314.7764892578125,-203.33534240722656,314.7984313964844,-203.92506408691406,-89.3082504272461,-0.001312958990879476,0.35,0.0,-0.016682593969640083,-0.18082427978514135,64,-1,5.669669414014332,99.12244588229066
522,26.1,sturn,192,stanley,0.8,314.77978515625,-203.618896484375,314.7984313964844,-203.92506408691406,-89.31966400146484,-0.0011658804544648399,0.35,0.0,-0.01591533794325172,-0.1694107055664111,64,-1,5.6724447394684185,98.88955196803082
523,26.150000000000002,sturn,192,stanley,0.8,314.7830505371094,-203.902587890625,314.7984313964844,-203.92506408691406,-89.32379150390625,-0.0012194675501605975,0.35,0.0,-0.015179822874130904,-0.16528320312496889,64,-1,5.675206603871761,98.65682944999735
524,26.200000000000003,sturn,192,stanley,0.8,314.7862243652344,-204.18641662597656,314.7984313964844,-203.92506408691406,-89.33456420898438,-0.0010616090776547247,0.35,0.0,-0.014537081491824071,-0.15451049804688635,64,-1,5.677938349295309,98.42431633467818
525,26.25,sturn,192,stanley,0.8,314.78936767578125,-204.47036743164062,314.7984313964844,-203.92506408691406,-89.33807373046875,-0.0011038322266831947,0.35,0.0,-0.01392594500095208,-0.15100097656247186,64,-1,5.680656606943353,98.19199198150613
526,26.3,sturn,192,stanley,0.8,314.79254150390625,-204.7544708251953,314.7984313964844,-203.92506408691406,-89.34818267822266,-0.0009640676146109884,0.35,0.0,-0.013285652803633903,-0.14089202880855523,64,-1,5.683347422677318,97.95979829382597
527,26.35,sturn,192,stanley,0.8,314.7956848144531,-205.03871154785156,314.8162841796875,-205.9249725341797,-89.35106658935547,-0.0010190204547136053,0.35,0.0,-0.012695570526868928,-0.13800811767579324,65,-1,5.686025135854141,97.72778573935813
528,26.400000000000002,sturn,192,stanley,0.8,314.79876708984375,-205.32305908203125,314.8162841796875,-205.9249725341797,-89.36058807373047,-0.0008741666049925258,0.35,0.0,-0.012149004477193654,-0.1284866333007613,65,-1,5.6886734149608955,97.49599944485094
529,26.450000000000003,sturn,192,stanley,0.8,314.80181884765625,-205.60757446289062,314.8162841796875,-205.9249725341797,-89.36298370361328,-0.0009254179804722137,0.35,0.0,-0.01163445151645133,-0.12609100341793178,65,-1,5.691309276526568,97.26437467588195
530,26.5,sturn,192,stanley,0.8,314.80487060546875,-205.89219665527344,314.8162841796875,-205.9249725341797,-89.37194061279297,-0.0007888616383711426,0.35,0.0,-0.011120851016537928,-0.11713409423826623,65,-1,5.693916790619708,97.03294522107491
531,26.55,sturn,192,stanley,0.8,314.80792236328125,-206.17694091796875,314.8162841796875,-205.9249725341797,-89.37374877929688,-0.0008561905810087032,0.35,0.0,-0.01060833904328615,-0.11532592773437227,65,-1,5.696512586103991,96.80170113620807
532,26.6,sturn,192,stanley,0.8,314.8109436035156,-206.46185302734375,314.8162841796875,-205.9249725341797,-89.38226318359375,-0.0007244376721100856,0.35,0.0,-0.010127840158967324,-0.1068115234374501,65,-1,5.699083146408118,96.57062615491864
533,26.650000000000002,sturn,192,stanley,0.8,314.8138732910156,-206.7468719482422,314.8162841796875,-205.9249725341797,-89.38365936279297,-0.0007747098386570486,0.35,0.0,-0.009739842829797075,-0.10541534423825823,65,-1,5.701639613335595,96.33980836293728
534,26.700000000000003,sturn,192,stanley,0.8,314.81683349609375,-207.03201293945312,314.8341064453125,-207.92489624023438,-89.39173126220703,-0.0006437105259445504,0.35,0.0,-0.009310234195194968,-0.09734344482418118,66,-1,5.704171334165675,96.10916542605159
535,26.75,sturn,192,stanley,0.8,314.8197937011719,-207.31727600097656,314.8341064453125,-207.92489624023438,-89.39263916015625,-0.0007142567099979255,0.35,0.0,-0.008893897554574749,-0.09643554687497269,66,-1,5.7066859300228305,95.87871796318986
536,26.8,sturn,192,stanley,0.8,314.82275390625,-207.60267639160156,314.8341064453125,-207.92489624023438,-89.4002914428711,-0.0005917323819706223,0.35,0.0,-0.008478785506448854,-0.08878326416012078,66,-1,5.709177279525888,95.6484562714898
537,26.85,sturn,192,stanley,0.8,314.82568359375,-207.88818359375,314.8341064453125,-207.92489624023438,-89.40087127685547,-0.0006639745809188171,0.35,0.0,-0.0080951422839251,-0.08820343017575917,66,-1,5.7116557492822855,95.41842566287681
538,26.900000000000002,sturn,192,stanley,0.8,314.82861328125,-208.17379760742188,314.8341064453125,-207.92489624023438,-89.40817260742188,-0.0005438711058251985,0.35,0.0,-0.007712451522230266,-0.08090209960937417,66,-1,5.714109678477329,95.18861037620995
539,26.950000000000003,sturn,192,stanley,0.8,314.8314514160156,-208.45956420898438,314.8341064453125,-207.92489624023438,-89.40841674804688,-0.0006040359837082773,0.35,0.0,-0.007422670513182121,-0.08065795898438248,66,-1,5.71654736688826,94.95903177677876
540,27.0,sturn,192,stanley,0.8,314.8343200683594,-208.7454376220703,314.8341064453125,-207.92489624023438,-89.4154052734375,-0.00047821027674402046,0.35,0.0,-0.007103325600189676,-0.07366943359374739,66,-1,5.718961780471561,94.72965545683017
541,27.05,sturn,192,stanley,0.8,314.837158203125,-209.03143310546875,314.8519287109375,-209.92481994628906,-89.4154052734375,-0.0005475448256633647,0.35,0.0,-0.0068034021113118105,-0.07366943359374739,67,-1,5.721361365416323,94.50050878768721
542,27.1,sturn,192,stanley,0.8,314.84002685546875,-209.3175506591797,314.8519287109375,-209.92481994628906,-89.42193603515625,-0.000434168148516979,0.35,0.0,-0.006486234251642615,-0.06713867187500352,67,-1,5.723739822460577,94.2715574122895
543,27.150000000000002,sturn,192,stanley,0.8,314.84283447265625,-209.6038055419922,314.8519287109375,-209.92481994628906,-89.4215316772461,-0.0005046338780533844,0.35,0.0,-0.006231323714014182,-0.0675430297851317,67,-1,5.726101330796714,94.04284762488221
544,27.200000000000003,sturn,192,stanley,0.8,314.845703125,-209.89016723632812,314.8519287109375,-209.92481994628906,-89.42788696289062,-0.00039564915340781063,0.35,0.0,-0.005916332907668232,-0.061187744140621274,67,-1,5.728443742293106,93.8143319585181
545,27.25,sturn,192,stanley,0.8,314.8485412597656,-210.17665100097656,314.8519287109375,-209.92481994628906,-89.42721557617188,-0.00048014110111815585,0.35,0.0,-0.005632946992757126,-0.06185913085936113,67,-1,5.7307700928773135,93.58605687359392
546,27.3,sturn,192,stanley,0.8,314.8514099121094,-210.46324157714844,314.8519287109375,-209.92481994628906,-89.433349609375,-0.0003768885055583469,0.35,0.0,-0.005319997173901721,-0.0557250976562224,67,-1,5.733076209468215,93.35799979984819
547,27.35,sturn,192,stanley,0.8,314.8541259765625,-210.74993896484375,314.8519287109375,-209.92481994628906,-89.43254852294922,-0.0004366628715983369,0.35,0.0,-0.005160581639741331,-0.056526184082006575,67,-1,5.735365797207,93.13027608512216
548,27.400000000000002,sturn,192,stanley,0.8,314.8569030761719,-211.03677368164062,314.8697814941406,-211.92474365234375,-89.4384994506836,-0.0003129561283458756,0.35,0.0,-0.004959690865981787,-0.050575256347624324,68,-1,5.7376367035307165,92.9027332805766
549,27.450000000000003,sturn,192,stanley,0.8,314.859619140625,-211.32369995117188,314.8697814941406,-211.92474365234375,-89.4373779296875,-0.00038135100845296575,0.35,0.0,-0.004802316319311942,-0.05169677734373236,68,-1,5.739891741998564,92.67548549332572
550,27.5,sturn,192,stanley,0.8,314.8623962402344,-211.6107635498047,314.8697814941406,-211.92474365234375,-89.44298553466797,-0.0002710934523708991,0.35,0.0,-0.004585133635589987,-0.04608917236329396,68,-1,5.742126758716724,92.44842412393626
551,27.55,sturn,192,stanley,0.8,314.8651428222656,-211.89791870117188,314.8697814941406,-211.92474365234375,-89.44161987304688,-0.00035288771761592857,0.35,0.0,-0.004399283711637468,-0.0474548339843428,68,-1,5.744349442823567,92.22164461318792
552,27.6,sturn,192,stanley,0.8,314.8678894042969,-212.18519592285156,314.8697814941406,-211.92474365234375,-89.44698333740234,-0.00024213655613292725,0.35,0.0,-0.004214522314346573,-0.042091369628896085,68,-1,5.74655103060843,91.99510701456971
553,27.650000000000002,sturn,192,stanley,0.8,314.87060546875,-212.4725799560547,314.8697814941406,-211.92474365234375,-89.44539642333984,-0.00032276401590369813,0.35,0.0,-0.004061229742657817,-0.04367828369136749,68,-1,5.748738981199421,91.76884524653642
554,27.700000000000003,sturn,192,stanley,0.8,314.8733825683594,-212.76004028320312,314.8697814941406,-211.92474365234375,-89.4505844116211,-0.00022353669877335259,0.35,0.0,-0.003847584770586138,-0.038490295410154224,68,-1,5.750907834533181,91.54282881199778
555,27.75,sturn,192,stanley,0.8,314.8760986328125,-213.0476531982422,314.8876037597656,-213.92466735839844,-89.4488525390625,-0.00031055049840681326,0.35,0.0,-0.003684149719067664,-0.04022216796871603,69,-1,5.753059023353355,91.31707750774119
556,27.8,sturn,192,stanley,0.8,314.87884521484375,-213.33534240722656,314.8876037597656,-213.92466735839844,-89.45394134521484,-0.0002066747545165032,0.35,0.0,-0.0035030620992597492,-0.03513336181640405,69,-1,5.755196826598237,91.09159642086502
557,27.85,sturn,192,stanley,0.8,314.881591796875,-213.62315368652344,314.8876037597656,-213.92466735839844,-89.45207977294922,-0.00030110013785023687,0.35,0.0,-0.003323063006113458,-0.03699493408201018,69,-1,5.757314259552051,90.86637202404242
558,27.900000000000002,sturn,192,stanley,0.8,314.88433837890625,-213.91107177734375,314.8876037597656,-213.92466735839844,-89.4570541381836,-0.00019996397218725558,0.35,0.0,-0.0031440163737960873,-0.03202056884764556,69,-1,5.759414360168255,90.64141921387825
559,27.950000000000003,sturn,192,stanley,0.8,314.8870849609375,-214.1990966796875,314.8876037597656,-213.92466735839844,-89.45516967773438,-0.00029454605007460865,0.35,0.0,-0.0029659222023076374,-0.03390502929687169,69,-1,5.761498856929838,90.41674103783318
560,28.0,sturn,192,stanley,0.8,314.88983154296875,-214.4872283935547,314.8876037597656,-213.92466735839844,-89.46013641357422,-0.00019313187394094877,0.35,0.0,-0.0027887804916481088,-0.02893829345703011,69,-1,5.76356607448747,90.19234057162312
561,28.05,sturn,192,stanley,0.8,314.892578125,-214.77545166015625,314.8876037597656,-213.92466735839844,-89.45818328857422,-0.00028921197751902595,0.35,0.0,-0.0026124551759847976,-0.030891418457014482,69,-1,5.76561816725616,89.9682326816488
562,28.1,sturn,192,stanley,0.8,314.8952331542969,-215.0637664794922,314.90545654296875,-215.92457580566406,-89.46309661865234,-0.0001639110816613107,0.35,0.0,-0.0025469643129230205,-0.025978088378885062,70,-1,5.7676539286502475,89.74447890561983
563,28.150000000000002,sturn,192,stanley,0.8,314.8978576660156,-215.35220336914062,314.90545654296875,-215.92457580566406,-89.4610824584961,-0.00023354458434021372,0.35,0.0,-0.002494609378010427,-0.02799224853515552,70,-1,5.769673093956189,89.52102025861976
564,28.200000000000003,sturn,192,stanley,0.8,314.9005126953125,-215.64073181152344,314.90545654296875,-215.92457580566406,-89.46575164794922,-0.00011895443139429114,0.35,0.0,-0.0024125544733208317,-0.023323059082017785,70,-1,5.771677677911344,89.29784437444198
565,28.25,sturn,192,stanley,0.8,314.90313720703125,-215.9293670654297,314.90545654296875,-215.92457580566406,-89.46346282958984,-0.00019601214438683866,0.35,0.0,-0.002361968394233377,-0.02561187744137209,70,-1,5.773667562475372,89.07498185177592
566,28.3,sturn,192,stanley,0.8,314.9057922363281,-216.2180938720703,314.90545654296875,-215.92457580566406,-89.4679183959961,-8.709802623295019e-05,0.35,0.0,-0.0022816823453689207,-0.021156311035133882,70,-1,5.775640809725934,88.85240838898292
567,28.35,sturn,192,stanley,0.8,314.9084167480469,-216.50692749023438,314.90545654296875,-215.92457580566406,-89.46538543701172,-0.00017070913842034407,0.35,0.0,-0.002232865122106604,-0.02368927001953076,70,-1,5.777599299092327,88.63015487641267
568,28.400000000000002,sturn,192,stanley,0.8,314.91107177734375,-216.7958526611328,314.90545654296875,-215.92457580566406,-89.46966552734375,-6.638260999809047e-05,0.35,0.0,-0.0021543479290672875,-0.019409179687475114,70,-1,5.779542054059405,88.40819683818259
569,28.450000000000003,sturn,192,stanley,0.8,314.9136962890625,-217.0848846435547,314.92327880859375,-217.92449951171875,-89.46697998046875,-0.00015669241981681388,0.35,0.0,-0.0020951160943098466,-0.022094726562485432,71,-1,5.781469080064791,88.18656545937378
570,28.5,sturn,192,stanley,0.8,314.9163513183594,-217.37399291992188,314.92327880859375,-217.92449951171875,-89.47109985351562,-5.6548990551180645e-05,0.35,0.0,-0.002018231691262965,-0.017974853515617156,71,-1,5.783384138421919,87.9652476681175
571,28.55,sturn,192,stanley,0.8,314.91900634765625,-217.66322326660156,314.92327880859375,-217.92449951171875,-89.46834564208984,-0.00015254859454956238,0.35,0.0,-0.0019424358148777058,-0.02072906494138571,71,-1,5.785281561180906,87.74423184377491
572,28.6,sturn,192,stanley,0.8,314.9216613769531,-217.95252990722656,314.92327880859375,-217.92449951171875,-89.47240447998047,-5.372342966817857e-05,0.35,0.0,-0.001867320267655963,-0.016670227050752634,71,-1,5.787166497809252,87.52355609457454
573,28.650000000000002,sturn,192,stanley,0.8,314.92425537109375,-218.24192810058594,314.92327880859375,-217.92449951171875,-89.46966552734375,-0.00013511677543013307,0.35,0.0,-0.0018540538449768756,-0.019409179687475114,71,-1,5.789034783779162,87.30325228787919
574,28.700000000000003,sturn,192,stanley,0.8,314.92694091796875,-218.5314178466797,314.92327880859375,-217.92449951171875,-89.4736328125,-4.5419618664934766e-05,0.35,0.0,-0.0017500547229743492,-0.015441894531220277,71,-1,5.790888988857887,87.08322379188466
575,28.75,sturn,192,stanley,0.8,314.9295349121094,-218.82101440429688,314.92327880859375,-217.92449951171875,-89.47078704833984,-0.0001294522225509485,0.35,0.0,-0.0017385571561204004,-0.018287658691417966,71,-1,5.792728647021875,86.86358288379759
576,28.8,sturn,192,stanley,0.8,314.9322204589844,-219.11070251464844,314.94110107421875,-219.92442321777344,-89.47472381591797,-4.2955531611000424e-05,0.35,0.0,-0.001624143422622749,-0.014350891113255286,72,-1,5.794555647312804,86.64422399051969
577,28.85,sturn,192,stanley,0.8,314.9348449707031,-219.4004669189453,314.94110107421875,-219.92442321777344,-89.47186279296875,-0.00013396827192660798,0.35,0.0,-0.001583626215155314,-0.017211914062499053,72,-1,5.796369506952519,86.42526272827385
578,28.900000000000002,sturn,192,stanley,0.8,314.9375,-219.69032287597656,314.94110107421875,-219.92442321777344,-89.47582244873047,-3.680594279277536e-05,0.35,0.0,-0.0015134090379108778,-0.013252258300767258,72,-1,5.798166814265124,86.2066306670144
579,28.950000000000003,sturn,192,stanley,0.8,314.94012451171875,-219.9802703857422,314.94110107421875,-219.92442321777344,-89.47295379638672,-0.00012765235882565549,0.35,0.0,-0.001474524620435878,-0.016120910644534064,72,-1,5.7999464693086,85.9883718929813
580,29.0,sturn,192,stanley,0.8,314.9427795410156,-220.2703094482422,314.94110107421875,-219.92442321777344,-89.47686004638672,-3.1628130029244434e-05,0.35,0.0,-0.0014059402331838774,-0.012214660644514427,72,-1,5.801713332069404,85.77044943362566
581,29.05,sturn,192,stanley,0.8,314.94537353515625,-220.56044006347656,314.94110107421875,-219.92442321777344,-89.47393798828125,-0.00011673130576260709,0.35,0.0,-0.0013992049704745326,-0.015136718749993392,72,-1,5.803467259381443,85.5529280674063
582,29.1,sturn,192,stanley,0.8,314.9480285644531,-220.8506622314453,314.94110107421875,-219.92442321777344,-89.4778060913086,-2.1412633575484517e-05,0.35,0.0,-0.0013322533732149679,-0.011268615722639841,72,-1,5.805208504259299,85.33572988620124
583,29.150000000000002,sturn,192,stanley,0.8,314.95068359375,-221.1409454345703,314.9589538574219,-221.92434692382812,-89.474853515625,-0.00011670330104881965,0.35,0.0,-0.001284178936739171,-0.014221191406210962,73,-1,5.806933891234274,85.11892194269294
584,29.200000000000003,sturn,192,stanley,0.8,314.9533386230469,-221.43133544921875,314.9589538574219,-221.92434692382812,-89.47865295410156,-2.2990783661212e-05,0.35,0.0,-0.0012187240636393377,-0.010421752929666536,73,-1,5.808646886113096,84.90247404916917
585,29.25,sturn,192,stanley,0.8,314.9559631347656,-221.72181701660156,314.9589538574219,-221.92434692382812,-89.4757080078125,-0.00011490342415173093,0.35,0.0,-0.0011846019503089426,-0.013366699218714617,73,-1,5.810346929484581,84.68642193930357
586,29.3,sturn,192,stanley,0.8,314.9586181640625,-222.01235961914062,314.9589538574219,-221.92434692382812,-89.47955322265625,-1.9559856031922885e-05,0.35,0.0,-0.0011205077355361398,-0.00952148437498107,73,-1,5.812032776890927,84.4707506689997
587,29.35,sturn,192,stanley,0.8,314.9612121582031,-222.302978515625,314.9589538574219,-221.92434692382812,-89.47651672363281,-0.00010692611494310474,0.35,0.0,-0.0011181265794732898,-0.012557983398407396,73,-1,5.813708064140997,84.2555148014564
588,29.400000000000002,sturn,192,stanley,0.8,314.9638671875,-222.5937042236328,314.9589538574219,-221.92434692382812,-89.48033905029297,-1.1855045333879423e-05,0.35,0.0,-0.0010556651546929233,-0.008735656738293853,73,-1,5.815370181764981,84.04061298060279
589,29.450000000000003,sturn,192,stanley,0.8,314.96649169921875,-222.884521484375,314.9589538574219,-221.92434692382812,-89.47728729248047,-0.0001061235978137454,0.35,0.0,-0.0010245364896819915,-0.011787414550766255,73,-1,5.817016920047573,83.82612255430357
590,29.5,sturn,192,stanley,0.8,314.9691467285156,-223.17543029785156,314.9767761230469,-223.92425537109375,-89.4811019897461,-1.3599473253692987e-05,0.35,0.0,-0.0009516604534065016,-0.007972717285124864,74,-1,5.818652728441658,83.61200586046792
591,29.55,sturn,192,stanley,0.8,314.9718017578125,-223.46640014648438,314.9767761230469,-223.92425537109375,-89.47808074951172,-0.00011354484005068847,0.35,0.0,-0.0008913760819493815,-0.010993957519505111,74,-1,5.820273638841261,83.39830987876981
592,29.6,sturn,192,stanley,0.8,314.9744567871094,-223.75746154785156,314.9767761230469,-223.92425537109375,-89.48186492919922,-1.8858052670365863e-05,0.35,0.0,-0.0008319081054884801,-0.007209777832006763,74,-1,5.821883567754635,83.18501634458521
593,29.650000000000002,sturn,192,stanley,0.8,314.97705078125,-224.048583984375,314.9767761230469,-223.92425537109375,-89.47884368896484,-0.00010475626528481484,0.35,0.0,-0.000834017121904828,-0.01023101806638701,74,-1,5.823481553274427,82.9721935191664
594,29.700000000000003,sturn,192,stanley,0.8,314.9797058105469,-224.3397979736328,314.9767761230469,-223.92425537109375,-89.48262786865234,-9.751841023253627e-06,0.35,0.0,-0.000775909803770956,-0.006446838378888662,74,-1,5.825066911225784,82.75973921964301
595,29.75,sturn,192,stanley,0.8,314.9823303222656,-224.63108825683594,314.9767761230469,-223.92425537109375,-89.47957611083984,-0.00010304054500547566,0.35,0.0,-0.0007489991795738178,-0.009498596191411954,74,-1,5.826639742912147,82.54773172823685
596,29.8,sturn,192,stanley,0.8,314.9849853515625,-224.92245483398438,314.9767761230469,-223.92425537109375,-89.48334503173828,-8.153308911693232e-06,0.35,0.0,-0.0006922525197669751,-0.005729675292959683,74,-1,5.828198820603219,82.3361328869609
597,29.85,sturn,192,stanley,0.8,314.98760986328125,-225.21389770507812,314.99462890625,-225.92417907714844,-89.48030853271484,-9.657299989242852e-05,0.35,0.0,-0.0006850354513498235,-0.008766174316386008,75,-1,5.829746833379405,82.1249891928811
598,29.900000000000002,sturn,192,stanley,0.8,314.9902648925781,-225.50540161132812,314.99462890625,-225.92417907714844,-89.4840316772461,-2.7073993422268914e-06,0.35,0.0,-0.000629513384037308,-0.005043029785122859,75,-1,5.831283106541779,81.91427326610162
599,29.950000000000003,sturn,192,stanley,0.8,314.9928894042969,-225.79701232910156,314.99462890625,-225.92417907714844,-89.48094177246094,-9.642791972184681e-05,0.35,0.0,-0.0006054601423269319,-0.008132934570312233,75,-1,5.832807310877613,81.70399913039506
600,30.0,sturn,192,stanley,0.8,314.99554443359375,-226.08868408203125,314.99462890625,-225.92417907714844,-89.48467254638672,-1.996596264090311e-06,0.35,0.0,-0.0005514347991741488,-0.004402160644526045,75,-1,5.834320634483544,81.49416110352773
601,30.05,sturn,192,stanley,0.8,314.9981689453125,-226.3804473876953,314.99462890625,-225.92417907714844,-89.48155975341797,-9.605778903269493e-05,0.35,0.0,-0.0005287422157908028,-0.007514953613284536,75,-1,5.835820028412122,81.28478449753403
602,30.1,sturn,192,stanley,0.8,315.0008239746094,-226.67225646972656,314.99462890625,-225.92417907714844,-89.48529052734375,-1.340530895853191e-06,0.35,0.0,-0.0004759414651323464,-0.003784179687498348,75,-1,5.837309502160439,81.07586324862501
603,30.150000000000002,sturn,192,stanley,0.8,315.0034484863281,-226.9641571044922,315.012451171875,-227.92410278320312,-89.4822006225586,-9.719841475346409e-05,0.35,0.0,-0.00044229000692306425,-0.006874084472636834,76,-1,5.838785534149477,80.8674121992266
604,30.200000000000003,sturn,192,stanley,0.8,315.006103515625,-227.25613403320312,315.012451171875,-227.92410278320312,-89.48589324951172,-3.22406086762869e-06,0.35,0.0,-0.0003909859804243406,-0.0031814575195167286,76,-1,5.840248754507477,80.65940346234463
605,30.25,sturn,192,stanley,0.8,315.00872802734375,-227.5481719970703,315.012451171875,-227.92410278320312,-89.48282623291016,-9.541314709334044e-05,0.35,0.0,-0.0003707425820296483,-0.006248474121086098,76,-1,5.8417004294395,80.4518954250779
606,30.3,sturn,192,stanley,0.8,315.0113830566406,-227.8402862548828,315.012451171875,-227.92410278320312,-89.48650360107422,-1.5902373849480913e-06,0.35,0.0,-0.00032066314802525113,-0.0025711059570120705,76,-1,5.843141287744422,80.24483843043211
607,30.35,sturn,192,stanley,0.8,315.0140075683594,-228.13247680664062,315.012451171875,-227.92410278320312,-89.4833984375,-9.45579084258529e-05,0.35,0.0,-0.00030178040795758826,-0.005676269531247523,76,-1,5.844570578918427,80.03828042916209
608,30.400000000000002,sturn,192,stanley,0.8,315.01666259765625,-228.42474365234375,315.012451171875,-227.92410278320312,-89.48709106445312,1.5336637729610305e-08,0.35,0.0,-0.00025306163228022184,-0.0019836425781274173,76,-1,5.845989034893974,79.8321824068219
609,30.450000000000003,sturn,192,stanley,0.8,315.0192565917969,-228.71707153320312,315.012451171875,-227.92410278320312,-89.48400115966797,-8.540147922486056e-05,0.35,0.0,-0.0002659198494801033,-0.005073547363265903,76,-1,5.847394497715969,79.62662514640185
610,30.5,sturn,192,stanley,0.8,315.02191162109375,-229.0094451904297,315.0303039550781,-229.9240264892578,-89.48764038085938,1.197154387498477e-05,0.35,0.0,-0.0002364864320846139,-0.001434326171857958,77,-1,5.848790209591757,79.42153621507921
611,30.55,sturn,192,stanley,0.8,315.0245361328125,-229.3019256591797,315.0303039550781,-229.9240264892578,-89.4845199584961,-8.084425491738618e-05,0.35,0.0,-0.00022018894283830706,-0.004554748535139487,77,-1,5.850173867871446,79.21694360538561
612,30.6,sturn,192,stanley,0.8,315.0272216796875,-229.59446716308594,315.0303039550781,-229.9240264892578,-89.48812103271484,4.846772328257088e-06,0.35,0.0,-0.0001434029873763746,-0.0009536743163976258,77,-1,5.851546651346138,79.01281769798017
613,30.650000000000002,sturn,192,stanley,0.8,315.02984619140625,-229.88706970214844,315.0303039550781,-229.9240264892578,-89.48497772216797,-8.83726533675002e-05,0.35,0.0,-0.00012819402479169185,-0.004096984863248272,77,-1,5.852909122133401,78.80925136467428
614,30.700000000000003,sturn,192,stanley,0.8,315.0325012207031,-230.17974853515625,315.0303039550781,-229.9240264892578,-89.4886245727539,5.739728209429703e-06,0.35,0.0,-8.31490265973049e-05,-0.0004501342773172883,77,-1,5.854263681686356,78.60617256811521
615,30.75,sturn,192,stanley,0.8,315.03509521484375,-230.4724884033203,315.0303039550781,-229.9240264892578,-89.4854736328125,-8.05939788202587e-05,0.35,0.0,-9.968102128016763e-05,-0.003601074218741862,77,-1,5.855606204496506,78.40366315343987
616,30.8,sturn,192,stanley,0.8,315.03778076171875,-230.76528930664062,315.0303039550781,-229.9240264892578,-89.48909759521484,6.290527506433155e-06,0.35,0.0,-2.520818497418493e-05,2.2888183620005236e-05,77,-1,5.856936597014151,78.20161667931927
617,30.85,sturn,192,stanley,0.8,315.0403747558594,-231.05816650390625,315.0481262207031,-231.9239501953125,-89.48595428466797,-8.227374403402575e-05,0.35,0.0,-3.07813048311123e-05,-0.0031204223632815297,78,-1,5.85826000092905,78.00016125076714
618,30.900000000000002,sturn,192,stanley,0.8,315.04302978515625,-231.35110473632812,315.0481262207031,-231.9239501953125,-89.48956298828125,1.1279932754507254e-05,0.35,0.0,1.1950574207323338e-05,0.00048828125003426,78,-1,5.859572701733339,77.7992005518855
619,30.950000000000003,sturn,192,stanley,0.8,315.045654296875,-231.6441192626953,315.0481262207031,-231.9239501953125,-89.48638916015625,-8.19778280841818e-05,0.35,0.0,2.3485759309026417e-05,-0.00268554687495943,78,-1,5.860871403347323,77.59879624073575
620,31.0,sturn,192,stanley,0.8,315.0483093261719,-231.9371795654297,315.0481262207031,-231.9239501953125,-89.489990234375,1.1607966541564777e-05,0.35,0.0,6.51291116858391e-05,0.000915527343782432,78,-1,5.862164525623502,77.39892900844927
621,31.05,sturn,192,stanley,0.8,315.0509338378906,-232.23033142089844,315.0481262207031,-231.9239501953125,-89.48680877685547,-8.159054890287003e-05,0.35,0.0,7.543970429321496e-05,-0.0022659301757342967,78,-1,5.863443185123704,77.19961796445502
622,31.1,sturn,192,stanley,0.8,315.0535888671875,-232.5235137939453,315.0481262207031,-231.9239501953125,-89.4904556274414,1.3552756434409327e-05,0.35,0.0,0.00011599453000840382,0.0013809204101457979,78,-1,5.864714842885536,77.00086407320822
623,31.150000000000002,sturn,192,stanley,0.8,315.05621337890625,-232.8167724609375,315.0481262207031,-231.9239501953125,-89.48723602294922,-8.051964649176581e-05,0.35,0.0,0.00012535266178686014,-0.0018386840820370138,78,-1,5.865974456794109,76.8026868461994
624,31.200000000000003,sturn,192,stanley,0.8,315.0588684082031,-233.110107421875,315.06597900390625,-233.9238739013672,-89.4908447265625,1.7935717395150206e-05,0.35,0.0,0.00014621393172206242,0.0017700195312787758,79,-1,5.8672260872540924,76.60504610127317
625,31.25,sturn,192,stanley,0.8,315.06146240234375,-233.4034881591797,315.06597900390625,-233.9238739013672,-89.4876708984375,-6.777355903083718e-05,0.35,0.0,0.0001239671720656742,-0.0014038085937149141,79,-1,5.8684666895934665,76.40803561154394
626,31.3,sturn,192,stanley,0.8,315.06414794921875,-233.6969451904297,315.06597900390625,-233.9238739013672,-89.49124145507812,1.8937544433485872e-05,0.35,0.0,0.00019258917756542868,0.002166748046883904,79,-1,5.8696975333605055,76.21152618931684
627,31.35,sturn,192,stanley,0.8,315.0667419433594,-233.99046325683594,315.06597900390625,-233.9238739013672,-89.48797607421875,-6.911438345877716e-05,0.35,0.0,0.00016911782541471432,-0.0010986328124880293,79,-1,5.870919920266015,76.01567030998103
628,31.400000000000002,sturn,192,stanley,0.8,315.0694274902344,-234.2840118408203,315.06597900390625,-233.9238739013672,-89.49154663085938,1.7787137105773625e-05,0.35,0.0,0.00023692343591825114,0.0024719238281616773,79,-1,5.8721330460583445,75.82035581897446
629,31.450000000000003,sturn,192,stanley,0.8,315.0720520019531,-234.57766723632812,315.06597900390625,-233.9238739013672,-89.48831176757812,-7.592453030174566e-05,0.35,0.0,0.00024274385604642918,-0.0007629394531181007,79,-1,5.873335375252223,75.62565256290544
630,31.5,sturn,192,stanley,0.8,315.07470703125,-234.87136840820312,315.06597900390625,-233.9238739013672,-89.49188232421875,1.8092764260428735e-05,0.35,0.0,0.0002786724434497168,0.0028076171875316062,79,-1,5.87452978075951,75.43153703167658
631,31.55,sturn,192,stanley,0.8,315.07733154296875,-235.1651153564453,315.08380126953125,-235.9237823486328,-89.4886703491211,-7.746596567404036e-05,0.35,0.0,0.0002957238700692366,-0.0004043579101281667,80,-1,5.875714036850786,75.2380606565735
632,31.6,sturn,192,stanley,0.8,315.0799865722656,-235.45892333984375,315.08380126953125,-235.9237823486328,-89.49227905273438,1.7858877630584506e-05,0.35,0.0,0.00033069999664360385,0.003204345703136734,80,-1,5.87688888423832,75.04517255989961
633,31.650000000000002,sturn,192,stanley,0.8,315.08258056640625,-235.7527618408203,315.08380126953125,-235.9237823486328,-89.48907470703125,-6.781326303815767e-05,0.35,0.0,0.000304371262006127,0.0,80,-1,5.878054081960278,74.85296759927512
634,31.700000000000003,sturn,192,stanley,0.8,315.0852355957031,-236.0467071533203,315.08380126953125,-235.9237823486328,-89.49260711669922,2.5607800527214447e-05,0.35,0.0,0.0003381227960861672,0.003532409667983624,80,-1,5.879212418726721,74.6613088838143
635,31.75,sturn,192,stanley,0.8,315.0878601074219,-236.3406982421875,315.08380126953125,-235.9237823486328,-89.4893798828125,-6.721384052941519e-05,0.35,0.0,0.00034094976789487974,0.0003051757812777736,80,-1,5.8803552730323565,74.47031128575755
636,31.8,sturn,192,stanley,0.8,315.09051513671875,-236.63473510742188,315.08380126953125,-235.9237823486328,-89.492919921875,2.6611186820211475e-05,0.35,0.0,0.00037388490697870275,0.0038452148437844364,80,-1,5.881489694375733,74.27993351532689
637,31.85,sturn,192,stanley,0.8,315.0931396484375,-236.92884826660156,315.10162353515625,-237.9237060546875,-89.48961639404297,-7.085874501360034e-05,0.35,0.0,0.00038780681944605537,0.0005416870117464204,81,-1,5.882616320098664,74.09020850587893
638,31.900000000000002,sturn,192,stanley,0.8,315.0957946777344,-237.2229766845703,315.10162353515625,-237.9237060546875,-89.4931640625,2.3370546987223495e-05,0.35,0.0,0.00041992556353365965,0.0040893554687761215,81,-1,5.883734928114569,73.90113376462264
639,31.950000000000003,sturn,192,stanley,0.8,315.0984191894531,-237.51719665527344,315.10162353515625,-237.9237060546875,-89.48992919921875,-6.92114336644791e-05,0.35,0.0,0.00042071154785182667,0.0008544921874963439,81,-1,5.884842922511681,73.71271352374616
640,32.0,sturn,192,stanley,0.8,315.10107421875,-237.8114471435547,315.10162353515625,-237.9237060546875,-89.49346923828125,2.5045854622319075e-05,0.35,0.0,0.0004517417652778078,0.004394531250003006,81,-1,5.8859439474825095,73.52494495571447
641,32.050000000000004,sturn,192,stanley,0.8,315.10369873046875,-238.10577392578125,315.10162353515625,-237.9237060546875,-89.49019622802734,-6.841305721510129e-05,0.35,0.0,0.0004515752887670548,0.0011215209961080346,81,-1,5.88703527867571,73.33785223260153
642,32.1,sturn,192,stanley,0.8,315.1063537597656,-238.40013122558594,315.10162353515625,-237.9237060546875,-89.49371337890625,2.5405663726930254e-05,0.35,0.0,0.00048165304536411553,0.004638671874994692,81,-1,5.888119616936639,73.1514224317649
643,32.15,sturn,192,stanley,0.8,315.10894775390625,-238.69456481933594,315.10162353515625,-237.9237060546875,-89.4904556274414,-6.061845667244751e-05,0.35,0.0,0.0004500177432512223,0.0013809204101457979,81,-1,5.889194256803712,72.96570414391454
644,32.2,sturn,192,stanley,0.8,315.1116027832031,-238.98904418945312,315.1194763183594,-239.92364501953125,-89.49394989013672,3.683622197263027e-05,0.35,0.0,0.00046081014156640517,0.0048751831054633385,82,-1,5.890262040700064,72.78062690402342
645,32.25,sturn,192,stanley,0.8,315.1142272949219,-239.2835693359375,315.1194763183594,-239.92364501953125,-89.49065399169922,-5.688370347314685e-05,0.35,0.0,0.00045887480923051394,0.0015792846679992506,82,-1,5.891319170759526,72.59626817625742
646,32.300000000000004,sturn,192,stanley,0.8,315.11688232421875,-239.57815551757812,315.1194763183594,-239.92364501953125,-89.49411010742188,3.5649317534717525e-05,0.35,0.0,0.00048691157833702977,0.005035400390650709,82,-1,5.89237117119719,72.41257649849145
647,32.35,sturn,192,stanley,0.8,315.1195068359375,-239.87278747558594,315.1194763183594,-239.92364501953125,-89.49078369140625,-5.873025799755816e-05,0.35,0.0,0.00048402378517221786,0.0017089843749926877,82,-1,5.893414855731549,72.2296152965802
648,32.4,sturn,192,stanley,0.8,315.1221618652344,-240.16749572753906,315.1194763183594,-239.92364501953125,-89.4942626953125,3.4701425504649024e-05,0.35,0.0,0.0005109720276171097,0.005187988281264151,82,-1,5.894449637121141,72.04732371620165
649,32.45,sturn,192,stanley,0.8,315.1247863769531,-240.46221923828125,315.1194763183594,-239.92364501953125,-89.49097442626953,-5.840650513921033e-05,0.35,0.0,0.0005072678394560798,0.0018997192383231017,82,-1,5.895476149247346,71.86579335650147
650,32.5,sturn,192,stanley,0.8,315.12744140625,-240.75701904296875,315.1194763183594,-239.92364501953125,-89.49437713623047,3.302933367741548e-05,0.35,0.0,0.0005333996869047548,0.0053024291992624,82,-1,5.896494736997206,71.68494466117161
651,32.550000000000004,sturn,192,stanley,0.8,315.13006591796875,-241.05184936523438,315.1373291015625,-241.92355346679688,-89.49108123779297,-5.598351873147088e-05,0.35,0.0,0.0005102740746291438,0.0020065307617474224,83,-1,5.897506916881935,71.50486004300598
652,32.6,sturn,192,stanley,0.8,315.1327209472656,-241.34677124023438,315.1373291015625,-241.92355346679688,-89.49457550048828,3.8311518681403484e-05,0.35,0.0,0.0005353173954161941,0.0055007934570649635,83,-1,5.8985069639322125,71.32546021854952
653,32.65,sturn,192,stanley,0.8,315.13531494140625,-241.64169311523438,315.1373291015625,-241.92355346679688,-89.49124145507812,-4.893774301163404e-05,0.35,0.0,0.0004993279866568065,0.002166748046883904,83,-1,5.899497763563488,71.14687961784372
654,32.7,sturn,192,stanley,0.8,315.13800048828125,-241.93670654296875,315.1373291015625,-241.92355346679688,-89.4946517944336,3.636869953877732e-05,0.35,0.0,0.0005540712772208581,0.00557708740234624,83,-1,5.900482628299592,70.9689472949122
655,32.75,sturn,192,stanley,0.8,315.140625,-242.2317352294922,315.1373291015625,-241.92355346679688,-89.4913330078125,-5.700750831774698e-05,0.35,0.0,0.0005476457724057685,0.002258300781262147,83,-1,5.90145948646188,70.79183744220614
656,32.800000000000004,sturn,192,stanley,0.8,315.1432800292969,-242.52685546875,315.1373291015625,-241.92355346679688,-89.4947509765625,3.550464670698198e-05,0.35,0.0,0.000570920237367681,0.005676269531247523,83,-1,5.902430366622761,70.61543750768013
657,32.85,sturn,192,stanley,0.8,315.1459045410156,-242.82196044921875,315.1373291015625,-241.92355346679688,-89.49142456054688,-5.793881662786859e-05,0.35,0.0,0.0005638144033890766,0.00234985351564039,83,-1,5.903391535978341,70.43986605231393
658,32.9,sturn,192,stanley,0.8,315.1485595703125,-243.1171875,315.1551513671875,-243.92347717285156,-89.494873046875,3.295614132801775e-05,0.35,0.0,0.0005983198748423305,0.00579833984376881,84,-1,5.9043490832747185,70.26499937812206
659,32.95,sturn,192,stanley,0.8,315.1511535644531,-243.4123992919922,315.1551513671875,-243.92347717285156,-89.49156951904297,-5.2854355271521694e-05,0.35,0.0,0.0005597452152615858,0.0024948120117307938,84,-1,5.905297348774414,70.09099860092633
660,33.0,sturn,192,stanley,0.8,315.15380859375,-243.7076873779297,315.1551513671875,-243.92347717285156,-89.49502563476562,4.108269457515895e-05,0.35,0.0,0.0005815229560637647,0.005950927734382252,84,-1,5.906237844279821,69.91771745353715
661,33.050000000000004,sturn,192,stanley,0.8,315.15643310546875,-244.0030059814453,315.1551513671875,-243.92347717285156,-89.49169921875,-5.1939672064456405e-05,0.35,0.0,0.000572512200427319,0.0026245117187751197,84,-1,5.907172872093632,69.74526349582244
662,33.1,sturn,192,stanley,0.8,315.1590881347656,-244.2983856201172,315.1551513671875,-243.92347717285156,-89.49510955810547,4.087211954006143e-05,0.35,0.0,0.0005934735462332801,0.006034851074237456,84,-1,5.908099957022191,69.57357574936375
663,33.15,sturn,192,stanley,0.8,315.1617126464844,-244.5937957763672,315.1551513671875,-243.92347717285156,-89.49175262451172,-5.2841913427535484e-05,0.35,0.0,0.0005836463956006158,0.00267791748048728,84,-1,5.909014441750465,69.4027282320073
664,33.2,sturn,192,stanley,0.8,315.16436767578125,-244.88926696777344,315.1551513671875,-243.92347717285156,-89.49517822265625,4.058822965445911e-05,0.35,0.0,0.0006037913464103598,0.006103515625046583,84,-1,5.909926239098834,69.23265996925115
665,33.25,sturn,192,stanley,0.8,315.1669921875,-245.18478393554688,315.1730041503906,-245.92340087890625,-89.49185180664062,-4.7981568594369945e-05,0.35,0.0,0.0005746788374958187,0.002777099609388562,85,-1,5.910828318304743,69.06343651559735
666,33.300000000000004,sturn,192,stanley,0.8,315.1696472167969,-245.4803466796875,315.1730041503906,-245.92340087890625,-89.4952392578125,4.4540239452551026e-05,0.35,0.0,0.0005940073933093444,0.006164550781281783,85,-1,5.911725419171745,68.89501415389927
667,33.35,sturn,192,stanley,0.8,315.1722717285156,-245.7759552001953,315.1730041503906,-245.92340087890625,-89.49188232421875,-4.8783873681092354e-05,0.35,0.0,0.0005824113868515425,0.0028076171875316062,85,-1,5.912615610862175,68.72745001645687
668,33.4,sturn,192,stanley,0.8,315.1749267578125,-246.07159423828125,315.1730041503906,-245.92340087890625,-89.49529266357422,4.454375776152465e-05,0.35,0.0,0.0006010596135015533,0.0062179565429939425,85,-1,5.91349787442486,68.560708684438
669,33.45,sturn,192,stanley,0.8,315.1775207519531,-246.36729431152344,315.1730041503906,-245.92340087890625,-89.49195098876953,-4.140725975432058e-05,0.35,0.0,0.0005581308472743145,0.002876281738289844,85,-1,5.914373277802081,68.3948560621566
670,33.5,sturn,192,stanley,0.8,315.18017578125,-246.6630096435547,315.1730041503906,-245.92340087890625,-89.49529266357422,5.010934037430244e-05,0.35,0.0,0.00057609874476081,0.0062179565429939425,85,-1,5.91524517921762,68.22982252993987
671,33.550000000000004,sturn,192,stanley,0.8,315.18280029296875,-246.95880126953125,315.1908264160156,-247.92332458496094,-89.49191284179688,-4.620704179061055e-05,0.35,0.0,0.0005750534156308343,0.0028381347656237614,86,-1,5.91610584244919,68.06565762017156
672,33.6,sturn,192,stanley,0.8,315.1854553222656,-247.25460815429688,315.1908264160156,-247.92332458496094,-89.49526977539062,4.5927562025264316e-05,0.35,0.0,0.0005922049181211128,0.0061950683594248265,86,-1,5.9169613848687295,67.90235051748422
673,33.65,sturn,192,stanley,0.8,315.1880798339844,-247.55047607421875,315.1908264160156,-247.92332458496094,-89.49188232421875,-4.775987550231927e-05,0.35,0.0,0.00057829579250736,0.0028076171875316062,86,-1,5.917809116921956,67.73993428495456
674,33.7,sturn,192,stanley,0.8,315.19073486328125,-247.84637451171875,315.1908264160156,-247.92332458496094,-89.49526977539062,4.5428191197141344e-05,0.35,0.0,0.0005946309000014205,0.0061950683594248265,86,-1,5.918651320352477,67.57838103458793
675,33.75,sturn,192,stanley,0.8,315.193359375,-248.14231872558594,315.1908264160156,-247.92332458496094,-89.49191284179688,-4.7237871763396126e-05,0.35,0.0,0.0005800414452241526,0.0028381347656237614,86,-1,5.9194871393764386,67.41774084480772
676,33.800000000000004,sturn,192,stanley,0.8,315.1960144042969,-248.4383087158203,315.1908264160156,-247.92332458496094,-89.49526977539062,4.525958629997267e-05,0.35,0.0,0.0005955601577219954,0.0061950683594248265,86,-1,5.92031410256115,67.25796912480479
677,33.85,sturn,192,stanley,0.8,315.1986389160156,-248.7343292236328,315.1908264160156,-247.92332458496094,-89.49191284179688,-4.725726399139027e-05,0.35,0.0,0.0005802903737812124,0.0028381347656237614,86,-1,5.921132752519691,67.09913259023881
678,33.9,sturn,192,stanley,0.8,315.2012939453125,-249.03042602539062,315.2086486816406,-249.92324829101562,-89.49529266357422,4.341109872449428e-05,0.35,0.0,0.0006070400927703969,0.0062179565429939425,87,-1,5.9219463605564,66.94116232536742
679,33.95,sturn,192,stanley,0.8,315.2038879394531,-249.32652282714844,315.2086486816406,-249.92324829101562,-89.49195098876953,-4.17725894798806e-05,0.35,0.0,0.0005605736148928805,0.002876281738289844,87,-1,5.9227506742868465,66.78418339222661
680,34.0,sturn,192,stanley,0.8,315.20654296875,-249.62266540527344,315.2086486816406,-249.92324829101562,-89.49529266357422,5.059043550458248e-05,0.35,0.0,0.000574731669063694,0.0062179565429939425,87,-1,5.923551519327245,66.6280746580359
681,34.050000000000004,sturn,192,stanley,0.8,315.20916748046875,-249.9188690185547,315.2086486816406,-249.92324829101562,-89.49191284179688,-4.2222461233330436e-05,0.35,0.0,0.0005578290951304755,0.0028381347656237614,87,-1,5.924344482778763,66.47291351938205
682,34.1,sturn,192,stanley,0.8,315.2118225097656,-250.21507263183594,315.2086486816406,-249.92324829101562,-89.49526977539062,5.06973316367095e-05,0.35,0.0,0.0005714428859704764,0.0061950683594248265,87,-1,5.925133813835102,66.31868619977494
683,34.15,sturn,192,stanley,0.8,315.2144470214844,-250.51136779785156,315.2086486816406,-249.92324829101562,-89.49188232421875,-4.215446697154741e-05,0.35,0.0,0.0005537239170410402,0.0028076171875316062,87,-1,5.925915310847292,66.16540528999225
684,34.2,sturn,192,stanley,0.8,315.21710205078125,-250.80764770507812,315.2086486816406,-249.92324829101562,-89.49520874023438,5.004410234561147e-05,0.35,0.0,0.000566657378717526,0.006134033203138738,87,-1,5.926690803556873,66.01307983380407
685,34.25,sturn,192,stanley,0.8,315.2197265625,-251.10401916503906,315.22650146484375,-251.92315673828125,-89.4918212890625,-3.857826682178636e-05,0.35,0.0,0.0005297891173389165,0.002746582031245518,88,-1,5.927459884088665,65.86171551149015
686,34.300000000000004,sturn,192,stanley,0.8,315.2223815917969,-251.40040588378906,315.22650146484375,-251.92315673828125,-89.49514770507812,5.3830527228143316e-05,0.35,0.0,0.0005417701181864819,0.006072998046903539,88,-1,5.92822399844543,65.71130527016143
687,34.35,sturn,192,stanley,0.8,315.2250061035156,-251.69680786132812,315.22650146484375,-251.92315673828125,-89.49172973632812,-3.96861874215273e-05,0.35,0.0,0.0005230986884281249,0.002655029296867275,88,-1,5.928982633453013,65.56190893208756
688,34.4,sturn,192,stanley,0.8,315.2276611328125,-251.99330139160156,315.22650146484375,-251.92315673828125,-89.49505615234375,5.2933158749244845e-05,0.35,0.0,0.0005341272284467694,0.005981445312525296,88,-1,5.929732386913809,65.41344300610565
689,34.45,sturn,192,stanley,0.8,315.2302551269531,-252.28977966308594,315.22650146484375,-251.92315673828125,-89.49163818359375,-3.369602975222766e-05,0.35,0.0,0.000484259104751679,0.0025634765624890318,88,-1,5.930474317195468,65.26604711767506
690,34.5,sturn,192,stanley,0.8,315.23291015625,-252.58631896972656,315.22650146484375,-251.92315673828125,-89.49493408203125,5.8140810526411805e-05,0.35,0.0,0.0004948794472722142,0.005859375000004009,88,-1,5.931211782687204,65.11958456788581
691,34.550000000000004,sturn,192,stanley,0.8,315.23553466796875,-252.88290405273438,315.22650146484375,-251.92315673828125,-89.49154663085938,-3.4147377258566594e-05,0.35,0.0,0.0004745752275214215,0.0024719238281616773,88,-1,5.931944215583744,64.97415012177305
692,34.6,sturn,192,stanley,0.8,315.2381896972656,-253.1794891357422,315.24432373046875,-253.92308044433594,-89.49481964111328,5.443628047219178e-05,0.35,0.0,0.0004969708398641116,0.005744934082056649,89,-1,5.932671119875562,64.82971954328599
693,34.65,sturn,192,stanley,0.8,315.2408142089844,-253.4761505126953,315.24432373046875,-253.92308044433594,-89.49138641357422,-3.9010880908086785e-05,0.35,0.0,0.00047598629094980404,0.002311706542974307,89,-1,5.933392984302983,64.68631715754351
694,34.7,sturn,192,stanley,0.8,315.24346923828125,-253.7728271484375,315.24432373046875,-253.92308044433594,-89.49472045898438,5.418666344273104e-05,0.35,0.0,0.00048538204097601297,0.005645751953155367,89,-1,5.934109336949474,64.5439257058272
695,34.75,sturn,192,stanley,0.8,315.2460632324219,-254.06951904296875,315.24432373046875,-253.92308044433594,-89.49130249023438,-3.203213915117458e-05,0.35,0.0,0.00043360899562308076,0.002227783203169992,89,-1,5.9348216994540595,64.40263307821323
696,34.800000000000004,sturn,192,stanley,0.8,315.24871826171875,-254.36630249023438,315.24432373046875,-253.92308044433594,-89.49462127685547,6.0938792996637734e-05,0.35,0.0,0.00044205228482036875,0.0055465698242540854,89,-1,5.935528175699593,64.2623032029891
697,34.85,sturn,192,stanley,0.8,315.2513427734375,-254.6630859375,315.24432373046875,-253.92308044433594,-89.49118041992188,-3.249027835521589e-05,0.35,0.0,0.00041997920924443776,0.0021057128906487046,89,-1,5.936227257717349,64.12306706294531
698,34.9,sturn,192,stanley,0.8,315.2539978027344,-254.95989990234375,315.2621765136719,-255.92300415039062,-89.49444580078125,6.30587281553555e-05,0.35,0.0,0.0004098174693233647,0.005371093750020638,90,-1,5.9369222178949315,63.98486355829668
699,34.95,sturn,192,stanley,0.8,315.2566223144531,-255.25677490234375,315.2621765136719,-255.92300415039062,-89.49097442626953,-3.1064391981850684e-05,0.35,0.0,0.000386927998751215,0.0018997192383231017,90,-1,5.937607497046637,63.84774046390846
700,35.0,sturn,192,stanley,0.8,315.25927734375,-255.55364990234375,315.2621765136719,-255.92300415039062,-89.49423217773438,6.0341955892407916e-05,0.35,0.0,0.0003945548929522851,0.005157470703171996,90,-1,5.938286245913631,63.71167842536048
701,35.050000000000004,sturn,192,stanley,0.8,315.26190185546875,-255.85055541992188,315.2621765136719,-255.92300415039062,-89.49078369140625,-3.3068866552732296e-05,0.35,0.0,0.0003713932907147302,0.0017089843749926877,90,-1,5.938963827269222,63.576725351826006
702,35.1,sturn,192,stanley,0.8,315.2645568847656,-256.14752197265625,315.2621765136719,-255.92300415039062,-89.4940414428711,5.8517407237137176e-05,0.35,0.0,0.00037820378991958257,0.0049667358398415825,90,-1,5.939637784270916,63.442820507058485
703,35.15,sturn,192,stanley,0.8,315.26715087890625,-256.44451904296875,315.2621765136719,-255.92300415039062,-89.4906005859375,-2.776942672973011e-05,0.35,0.0,0.00032370942791259093,0.0015258789062870903,90,-1,5.940305338230796,63.31006708580442
704,35.2,sturn,192,stanley,0.8,315.2698059082031,-256.7415466308594,315.2621765136719,-255.92300415039062,-89.49383544921875,6.328188477100953e-05,0.35,0.0,0.00032997566378663214,0.004760742187515979,90,-1,5.940968445235261,63.17836276294614
705,35.25,sturn,192,stanley,0.8,315.2724304199219,-257.0386047363281,315.2799987792969,-257.92291259765625,-89.49038696289062,-3.2488628290227555e-05,0.35,0.0,0.0003175008047096063,0.0013122558593875598,91,-1,5.941624607988267,63.04779722380214
706,35.300000000000004,sturn,192,stanley,0.8,315.27508544921875,-257.3356628417969,315.2799987792969,-257.92291259765625,-89.49364471435547,5.927664066761624e-05,0.35,0.0,0.0003234949089182416,0.004570007324236455,91,-1,5.9422780438103855,62.918335755705876
707,35.35,sturn,192,stanley,0.8,315.2777099609375,-257.6328125,315.2799987792969,-257.92291259765625,-89.49022674560547,-3.2788088071901855e-05,0.35,0.0,0.00029815625335743914,0.0011520385742510787,91,-1,5.9429236608089955,62.79000189653406
708,35.4,sturn,192,stanley,0.8,315.2803649902344,-257.9299621582031,315.2799987792969,-257.92291259765625,-89.49349975585938,5.9592709720899124e-05,0.35,0.0,0.000303333962569856,0.004425048828146051,91,-1,5.943564724674668,62.66278670245606
709,35.45,sturn,192,stanley,0.8,315.2829895019531,-258.2271423339844,315.2799987792969,-257.92291259765625,-89.49005889892578,-3.306780406013637e-05,0.35,0.0,0.0002777231753436477,0.00098419189454067,91,-1,5.944200821536657,62.536739919818764
710,35.5,sturn,192,stanley,0.8,315.28564453125,-258.5243835449219,315.2799987792969,-257.92291259765625,-89.49333953857422,5.971051077375368e-05,0.35,0.0,0.0002820844895598468,0.00426483154300957,91,-1,5.94483520375344,62.41180087769698
711,35.550000000000004,sturn,192,stanley,0.8,315.28826904296875,-258.8216247558594,315.2799987792969,-257.92291259765625,-89.48992919921875,-3.195999558096336e-05,0.35,0.0,0.00025592943900282737,0.0008544921874963439,91,-1,5.945460813070643,62.288057687230065
712,35.6,sturn,192,stanley,0.8,315.2909240722656,-259.118896484375,315.2978210449219,-259.9228515625,-89.49322509765625,5.8600408601409355e-05,0.35,0.0,0.0002723381547065848,0.004150390625011321,92,-1,5.946080911739432,62.165449330407874
713,35.65,sturn,192,stanley,0.8,315.29351806640625,-259.41619873046875,315.2978210449219,-259.9228515625,-89.48974609375,-2.819310024360788e-05,0.35,0.0,0.0002151224760455336,0.0006713867187398575,92,-1,5.946697430209563,62.044066955646564
714,35.7,sturn,192,stanley,0.8,315.2961730957031,-259.71356201171875,315.2978210449219,-259.9228515625,-89.49304962158203,6.54776097034026e-05,0.35,0.0,0.00021839526360010954,0.003974914550828762,92,-1,5.947309964090697,61.9237939897367
715,35.75,sturn,192,stanley,0.8,315.2987976074219,-260.01092529296875,315.2978210449219,-259.9228515625,-89.48956298828125,-2.8137067049332248e-05,0.35,0.0,0.00019115168638146563,0.00048828125003426,92,-1,5.947916097965504,61.8047459095708
716,35.800000000000004,sturn,192,stanley,0.8,315.30145263671875,-260.3083190917969,315.2978210449219,-259.9228515625,-89.4927978515625,6.363123707665066e-05,0.35,0.0,0.00019415234227063453,0.003723144531263149,92,-1,5.948518094817526,61.68686171762663
717,35.85,sturn,192,stanley,0.8,315.3040771484375,-260.60577392578125,315.2978210449219,-259.9228515625,-89.48931121826172,-2.9805544415175566e-05,0.35,0.0,0.00016609237005577298,0.00023651123046864676,92,-1,5.949114642870268,61.57019329262952
718,35.9,sturn,192,stanley,0.8,315.3067321777344,-260.9032287597656,315.2978210449219,-259.9228515625,-89.4925537109375,6.23000650765657e-05,0.35,0.0,0.00016854876261413083,0.0034790039062714637,92,-1,5.949708510577825,61.45471499724636
719,35.95,sturn,192,stanley,0.8,315.3093566894531,-261.20068359375,315.315673828125,-261.9227600097656,-89.48909759521484,-2.620175209553309e-05,0.35,0.0,0.0001220198271136095,2.2888183620005236e-05,93,-1,5.950295038704777,61.34049016873297
720,36.0,sturn,192,stanley,0.8,315.31201171875,-261.49822998046875,315.315673828125,-261.9227600097656,-89.4923324584961,6.586463188696705e-05,0.35,0.0,0.00012365982467574949,0.0032577514648488943,93,-1,5.9508789741191235,61.227435268149726
721,36.050000000000004,sturn,192,stanley,0.8,315.31463623046875,-261.7958068847656,315.315673828125,-261.9227600097656,-89.48885345458984,-2.7118711019202466e-05,0.35,0.0,9.45113257992639e-05,-0.00022125244137168032,93,-1,5.951456958655372,61.1156372458759
722,36.1,sturn,192,stanley,0.8,315.3172912597656,-262.0933532714844,315.315673828125,-261.9227600097656,-89.4920883178711,6.494711442709311e-05,0.35,0.0,9.615132336140324e-05,0.003013610839857209,93,-1,5.952031300656305,61.00506858408564
723,36.15,sturn,192,stanley,0.8,315.31988525390625,-262.3909606933594,315.315673828125,-261.9227600097656,-89.4886245727539,-2.0828409359581224e-05,0.35,0.0,3.6214328046292946e-05,-0.0004501342773172883,93,-1,5.9526006767736686,60.89578837891623
724,36.2,sturn,192,stanley,0.8,315.3225402832031,-262.6885986328125,315.315673828125,-261.9227600097656,-89.49185180664062,7.119784879055682e-05,0.35,0.0,3.7037930612215074e-05,0.002777099609388562,93,-1,5.953166546335965,60.78770100408277
725,36.25,sturn,192,stanley,0.8,315.3251647949219,-262.98626708984375,315.33349609375,-263.9226989746094,-89.48834228515625,-2.5192046700407015e-05,0.35,0.0,1.939256989247698e-05,-0.0007324218749750566,94,-1,5.953726447669116,60.68089910764004
726,36.300000000000004,sturn,192,stanley,0.8,315.32781982421875,-263.2839050292969,315.33349609375,-263.9226989746094,-89.49154663085938,6.61799373689432e-05,0.35,0.0,2.0216172458399108e-05,0.0024719238281616773,94,-1,5.9542812078404515,60.575353627995135
727,36.35,sturn,192,stanley,0.8,315.3304443359375,-263.5816650390625,315.33349609375,-263.9226989746094,-89.488037109375,-2.7322112177628637e-05,0.35,0.0,-1.0565116410522421e-05,-0.0010375976562528302,94,-1,5.954833405897605,60.47107625887427
728,36.4,sturn,192,stanley,0.8,315.33306884765625,-263.8794250488281,315.33349609375,-263.9226989746094,-89.49126434326172,7.165331324065031e-05,0.35,0.0,-4.13464052794433e-05,0.002189636230503909,94,-1,5.95538197841307,60.368087566854946
729,36.45,sturn,192,stanley,0.8,315.335693359375,-264.17718505859375,315.33349609375,-263.9226989746094,-89.48777770996094,-2.119726833735206e-05,0.35,0.0,-7.212769414836418e-05,-0.0012969970702905935,94,-1,5.9559242926774925,60.266394158563195
730,36.5,sturn,192,stanley,0.8,315.3383483886719,-264.4749755859375,315.33349609375,-263.9226989746094,-89.49097442626953,7.025412254357613e-05,0.35,0.0,-7.266474990947226e-05,0.0018997192383231017,94,-1,5.956465309139873,60.16596379017033
731,36.550000000000004,sturn,192,stanley,0.8,315.3409729003906,-264.7728271484375,315.33349609375,-263.9226989746094,-89.4874496459961,-2.350871267253186e-05,0.35,0.0,-0.00010426243377461078,-0.0016250610351374833,94,-1,5.95699800022856,60.06685120179685
732,36.6,sturn,192,stanley,0.8,315.3436279296875,-265.0706787109375,315.351318359375,-265.9228210449219,-89.49069213867188,-0.00012905210067770274,0.35,0.0,-0.00020622735487699998,-0.006103515625046583,95,-1,5.957529903474656,59.969025356248274
733,36.65,sturn,192,stanley,0.8,315.34625244140625,-265.3685302734375,315.351318359375,-265.9228210449219,-89.48773193359375,-0.00021551078955862806,0.35,0.0,-0.00019768621005307376,-0.009063720703140743,95,-1,5.958056152014673,59.87255052695379
734,36.7,sturn,192,stanley,0.8,315.3489074707031,-265.6664733886719,315.351318359375,-265.9228210449219,-89.49188232421875,-0.00010533962439856575,0.35,0.0,-0.00015943272226520396,-0.004913330078129422,95,-1,5.958578054385067,59.777346925774964
735,36.75,sturn,192,stanley,0.8,315.3515319824219,-265.96441650390625,315.351318359375,-265.9228210449219,-89.48947143554688,-0.0001759255707364576,0.35,0.0,-0.00015169563564483823,-0.007324218750005011,95,-1,5.959096743667294,59.683508012532634
736,36.800000000000004,sturn,192,stanley,0.8,315.35418701171875,-266.2623596191406,315.351318359375,-265.9228210449219,-89.49371337890625,-6.313621810121892e-05,0.35,0.0,-0.00011344214785696805,-0.0030822753906663354,95,-1,5.959608943331923,59.590982002298
737,36.85,sturn,192,stanley,0.8,315.3568115234375,-266.560302734375,315.351318359375,-265.9228210449219,-89.49118041992188,-0.0001372086598041178,0.35,0.0,-0.0001057050612366028,-0.0056152343750123235,95,-1,5.960113989172118,59.49983333848836
738,36.9,sturn,192,stanley,0.8,315.3594970703125,-266.8583679199219,315.351318359375,-265.9228210449219,-89.49520874023438,-3.698976096257508e-05,0.35,0.0,-3.8007249885974384e-05,-0.0015869140625222895,95,-1,5.960616998456729,59.4099452744842
739,36.95,sturn,192,stanley,0.8,315.3620910644531,-267.1564025878906,315.3347473144531,-267.9815673828125,-89.492431640625,-0.05671154109730066,0.35,0.0,0.006815838944744319,-1.9324951171875118,96,-1,5.96111398630591,59.32151525189618
740,37.0,sturn,192,stanley,0.8,315.3623046875,-267.454345703125,315.3347473144531,-267.9815673828125,-89.62350463867188,-0.054643089015240336,0.35,0.0,0.01443837715933268,-1.8014221191405906,96,-1,5.957597281770101,59.236762792878295
741,37.050000000000004,sturn,192,stanley,0.8,315.3591613769531,-267.7521667480469,315.3347473144531,-267.9815673828125,-89.88377380371094,-0.04814471678605813,0.35,0.0,0.01870198432399144,-1.541152954101553,96,-1,5.956648638238092,59.156649145966774
742,37.1,sturn,192,stanley,0.8,315.3541564941406,-268.0499267578125,315.3347473144531,-267.9815673828125,-90.1811752319336,-0.040175434695141225,0.35,0.0,0.021103077117398096,-1.243751525878887,96,-1,5.956641574336496,59.07973633251491
743,37.15,sturn,192,stanley,0.8,315.3479309082031,-268.34765625,315.3347473144531,-267.9815673828125,-90.4541015625,-0.03263626689075646,0.35,0.0,0.022283085385223805,-0.9708251953124899,96,-1,5.95749912701841,59.00541072939556
744,37.2,sturn,192,stanley,0.8,315.3409423828125,-268.64544677734375,315.3347473144531,-267.9815673828125,-90.69709014892578,-0.025785310271761498,0.35,0.0,0.022701907894183623,-0.7278366088867096,96,-1,5.958087886413544,58.93321631282998
745,37.25,sturn,192,stanley,0.8,315.3334655761719,-268.9432678222656,315.3347473144531,-267.9815673828125,-90.89232635498047,-0.020191357046579615,0.35,0.0,0.022633359030042904,-0.5326004028320269,96,-1,5.9589367255806,58.862904631303586
746,37.300000000000004,sturn,192,stanley,0.8,315.32574462890625,-269.2411193847656,315.24896240234375,-270.0385437011719,-91.0555419921875,-0.07223821769840358,0.35,0.0,0.030010628793722523,-2.297515869140591,97,-1,5.959483682848468,58.79424690358998
747,37.35,sturn,192,stanley,0.8,315.3152770996094,-269.5387878417969,315.24896240234375,-270.0385437011719,-91.30902099609375,-0.06653040671161321,0.35,0.0,0.036971200887896245,-2.0440368652343346,97,-1,5.95591591502201,58.72972656374275
748,37.4,sturn,192,stanley,0.8,315.3015441894531,-269.836181640625,315.24896240234375,-270.0385437011719,-91.6732406616211,-0.056936150631637185,0.35,0.0,0.04065591783941719,-1.679817199706989,97,-1,5.954698674284159,58.669881418196994
749,37.45,sturn,192,stanley,0.8,315.2857666015625,-270.13348388671875,315.24896240234375,-270.0385437011719,-92.03753662109375,-0.046886808378934615,0.35,0.0,0.042294102594382654,-1.3155212402343621,97,-1,5.9554422278203125,58.61349478251012
750,37.5,sturn,192,stanley,0.8,315.2687683105469,-270.43072509765625,315.24896240234375,-270.0385437011719,-92.37252044677734,-0.03740627763331871,0.35,0.0,0.042710104112843726,-0.9805374145507505,97,-1,5.956102522549726,58.559768646681746
751,37.550000000000004,sturn,192,stanley,0.8,315.2509765625,-270.72796630859375,315.24896240234375,-270.0385437011719,-92.65023040771484,-0.029387296331793142,0.35,0.0,0.04233400693319464,-0.7028274536132684,97,-1,5.957202099284901,58.5082806042836
752,37.6,sturn,192,stanley,0.8,315.2328186035156,-271.0252990722656,315.24896240234375,-270.0385437011719,-92.88280487060547,-0.02257942530294518,0.35,0.0,0.04159768052122786,-0.47025299072263155,97,-1,5.9578661267459045,58.45860039698898
753,37.65,sturn,192,stanley,0.8,315.21429443359375,-271.3226013183594,315.0939636230469,-272.09149169921875,-93.0615234375,-0.07419886401376055,0.35,0.0,0.0490485090548015,-2.21966552734374,98,-1,5.9586987931799325,58.4107611367428
754,37.7,sturn,192,stanley,0.8,315.193115234375,-271.61962890625,315.0939636230469,-272.09149169921875,-93.33810424804688,-0.06767824705019253,0.35,0.0,0.05529872590977698,-1.9430847167968888,98,-1,5.954744162128867,58.36705519851317
755,37.75,sturn,192,stanley,0.8,315.1686096191406,-271.9162902832031,315.0939636230469,-272.09149169921875,-93.7073974609375,-0.05776694000509484,0.35,0.0,0.058202940081898316,-1.5737915039062262,98,-1,5.954164853839253,58.32816624605631
756,37.800000000000004,sturn,192,stanley,0.8,315.1421813964844,-272.2127990722656,315.0939636230469,-272.09149169921875,-94.08599090576172,-0.04716397757150998,0.35,0.0,0.05917866360647314,-1.1951980590820053,98,-1,5.9544410804384516,58.292684687678204
757,37.85,sturn,192,stanley,0.8,315.114501953125,-272.50921630859375,315.0939636230469,-272.09149169921875,-94.41903686523438,-0.037584582319055405,0.35,0.0,0.05890005104612138,-0.8621520996093828,98,-1,5.955600744194083,58.25994696208126
758,37.9,sturn,192,stanley,0.8,315.08612060546875,-272.8056335449219,315.0939636230469,-272.09149169921875,-94.70581817626953,-0.02917429694953022,0.35,0.0,0.05792251379290417,-0.5753707885742368,98,-1,5.956344106012211,58.229401449189446
759,37.95,sturn,192,stanley,0.8,315.0572509765625,-273.10205078125,315.0939636230469,-272.09149169921875,-94.93231964111328,-0.022378967586342238,0.35,0.0,0.05645876805769358,-0.3488693237304527,98,-1,5.957325581432466,58.2008428722167
760,38.0,sturn,192,stanley,0.8,315.02813720703125,-273.39849853515625,314.8700256347656,-274.1380615234375,-95.1170654296875,-0.07385734217948421,0.35,0.0,0.0640504171588387,-2.0922546386718466,99,-1,5.9579270514269895,58.17402930332181
761,38.050000000000004,sturn,192,stanley,0.8,314.996337890625,-273.6945495605469,314.8700256347656,-274.1380615234375,-95.38580322265625,-0.06742007679815595,0.35,0.0,0.06965530607053343,-1.8235168457031268,99,-1,5.954410936616323,58.15144243521685
762,38.1,sturn,192,stanley,0.8,314.9612731933594,-273.9901123046875,314.8700256347656,-274.1380615234375,-95.75990295410156,-0.057241230074728665,0.35,0.0,0.07195935257433315,-1.4494171142578103,99,-1,5.953278953395958,58.13367245551626
763,38.15,sturn,192,stanley,0.8,314.92425537109375,-274.2854309082031,314.8700256347656,-274.1380615234375,-96.1296615600586,-0.04674835132579845,0.35,0.0,0.07229507656321567,-1.0796585083007335,99,-1,5.954100302020367,58.11938759675054
764,38.2,sturn,192,stanley,0.8,314.8860778808594,-274.5806884765625,314.8700256347656,-274.1380615234375,-96.46668243408203,-0.036936434589319334,0.35,0.0,0.07147264098609901,-0.7426376342773331,99,-1,5.954808409646922,58.10777768165288
765,38.25,sturn,192,stanley,0.8,314.8471984863281,-274.8758850097656,314.8700256347656,-274.1380615234375,-96.74365997314453,-0.028684208224702926,0.35,0.0,0.0699461905729399,-0.465660095214826,99,-1,5.955933795219417,58.09839374627286
766,38.300000000000004,sturn,192,stanley,0.8,314.8078918457031,-275.17108154296875,314.5773010253906,-276.17596435546875,-96.97345733642578,-0.07679729061782407,0.35,0.0,0.06808581245487058,-2.1639938354492294,100,-1,5.956612432221997,58.09095656388679
767,38.35,sturn,192,stanley,0.8,314.7658386230469,-275.4657897949219,314.5773010253906,-276.17596435546875,-97.27704620361328,-0.06929330477448355,0.35,0.0,0.07336692406165106,-1.8604049682617128,100,-1,5.953296342558503,58.08783396381622
768,38.400000000000006,sturn,192,stanley,0.8,314.72064208984375,-275.75994873046875,314.5773010253906,-276.17596435546875,-97.67235565185547,-0.05846121844052931,0.35,0.0,0.07545737971023966,-1.465095520019499,100,-1,5.95234498474169,58.089426558129766
769,38.45,sturn,192,stanley,0.8,314.673583984375,-276.05377197265625,314.5773010253906,-276.17596435546875,-98.05535888671875,-0.04755947259926351,0.35,0.0,0.07565657677788779,-1.08209228515628,100,-1,5.953281584647319,58.09443396287155
770,38.5,sturn,192,stanley,0.8,314.6253662109375,-276.3475036621094,314.5773010253906,-276.17596435546875,-98.40081787109375,-0.03747587482869998,0.35,0.0,0.07469628292203856,-0.7366333007812388,100,-1,5.954047946773425,58.10212645214368
771,38.550000000000004,sturn,192,stanley,0.8,314.5763854980469,-276.6411437988281,314.5773010253906,-276.17596435546875,-98.68326568603516,-0.02902273526274394,0.35,0.0,0.07296819225930239,-0.45418548583986057,100,-1,5.955212637885927,58.11211103496684
772,38.6,sturn,192,stanley,0.8,314.5270690917969,-276.934814453125,314.5773010253906,-276.17596435546875,-98.91663360595703,-0.021901455849576233,0.35,0.0,0.07091351441005667,-0.22081756591796264,100,-1,5.955907845931903,58.12394800374981
773,38.650000000000006,sturn,192,stanley,0.8,314.4774475097656,-277.22845458984375,314.2162170410156,-278.2028503417969,-99.09339141845703,-0.07159522345268944,0.35,0.0,0.06935606302395944,-1.9721603393554863,101,-1,5.95675424688974,58.13761448421629
774,38.7,sturn,192,stanley,0.8,314.42529296875,-277.52154541015625,314.2162170410156,-278.2028503417969,-99.36304473876953,-0.06501502250080174,0.35,0.0,0.07442465776108023,-1.702507019042984,101,-1,5.953140586805105,58.155381798004676
775,38.75,sturn,192,stanley,0.8,314.3700256347656,-277.81396484375,314.2162170410156,-278.2028503417969,-99.71964263916016,-0.05524231659387549,0.35,0.0,0.07630947127855069,-1.3459091186523473,101,-1,5.9527106832725005,58.17783435428489
776,38.800000000000004,sturn,192,stanley,0.8,314.3129577636719,-278.1060791015625,314.2162170410156,-278.2028503417969,-100.08368682861328,-0.0448531560099145,0.35,0.0,0.07636864986378059,-0.9818649291992351,101,-1,5.953035329724744,58.20362237960997
777,38.85,sturn,192,stanley,0.8,314.2547302246094,-278.39794921875,314.2162170410156,-278.2028503417969,-100.40205383300781,-0.03550613290727772,0.35,0.0,0.07524286236680676,-0.6634979248046639,101,-1,5.954181073148725,58.232098378817135
778,38.900000000000006,sturn,192,stanley,0.8,314.19586181640625,-278.68975830078125,314.2162170410156,-278.2028503417969,-100.6750259399414,-0.027316433807222634,0.35,0.0,0.0734764060197961,-0.3905258178710776,101,-1,5.954919575799926,58.26272459550203
779,38.95,sturn,192,stanley,0.8,314.1365661621094,-278.9815673828125,314.2162170410156,-278.2028503417969,-100.88886260986328,-0.0207236450511946,0.35,0.0,0.0712906468368896,-0.176689147949227,101,-1,5.955876402242554,58.29528048905353
780,39.0,sturn,192,stanley,0.8,314.0770568847656,-279.27337646484375,313.7871398925781,-280.2164306640625,-101.06220245361328,-0.07067500134432686,0.35,0.0,0.07045390353213485,-1.931480407714828,102,-1,5.956478113794223,58.32955124919012
781,39.050000000000004,sturn,192,stanley,0.8,314.0150146484375,-279.56451416015625,313.7871398925781,-280.2164306640625,-101.31761169433594,-0.06448730108397369,0.35,0.0,0.07546072177824614,-1.6760711669921569,102,-1,5.953251628100563,58.367899227208476
782,39.1,sturn,192,stanley,0.8,313.9499206542969,-279.85491943359375,313.7871398925781,-280.2164306640625,-101.67524719238281,-0.054683030466808606,0.35,0.0,0.07732924250679203,-1.318435668945318,102,-1,5.952241757057967,58.41083629819827
783,39.150000000000006,sturn,192,stanley,0.8,313.88299560546875,-280.1448669433594,313.7871398925781,-280.2164306640625,-102.02863311767578,-0.044579865507906186,0.35,0.0,0.0773106677150831,-0.9650497436523411,102,-1,5.9530600286243285,58.45711505132226
784,39.2,sturn,192,stanley,0.8,313.8149719238281,-280.4346008300781,313.7871398925781,-280.2164306640625,-102.35066223144531,-0.03512694940079959,0.35,0.0,0.07617355897693984,-0.6430206298827928,102,-1,5.953755597131856,58.50598066414009
785,39.25,sturn,192,stanley,0.8,313.7462463378906,-280.7242736816406,313.7871398925781,-280.2164306640625,-102.61457061767578,-0.027180166385254095,0.35,0.0,0.07433879493342119,-0.37911224365229645,102,-1,5.954848505545044,58.5570223930381
786,39.300000000000004,sturn,192,stanley,0.8,313.67718505859375,-281.013916015625,313.7871398925781,-280.2164306640625,-102.83332824707031,-0.02045126142357728,0.35,0.0,0.07217007132285955,-0.1603546142577934,102,-1,5.955515505770411,58.609868801895274
787,39.35,sturn,192,stanley,0.8,313.60784912109375,-281.3034973144531,313.29052734375,-282.21441650390625,-102.99851989746094,-0.07079431030208887,0.35,0.0,0.07205876040110704,-1.9232940673828036,103,-1,5.956333082614757,58.66445625156586
788,39.400000000000006,sturn,192,stanley,0.8,313.5360412597656,-281.5924072265625,313.29052734375,-282.21441650390625,-103.25948333740234,-0.06444958210551513,0.35,0.0,0.07706689989259008,-1.6623306274414062,103,-1,5.952699571291254,58.723001516801844
789,39.45,sturn,192,stanley,0.8,313.46112060546875,-281.88037109375,313.29052734375,-282.21441650390625,-103.61043548583984,-0.054810173608819714,0.35,0.0,0.0788236084421106,-1.311378479003925,103,-1,5.952234360790465,58.78614282969157
790,39.5,sturn,192,stanley,0.8,313.38446044921875,-282.1679382324219,313.29052734375,-282.21441650390625,-103.97053527832031,-0.04451492526887081,0.35,0.0,0.07879731645817165,-0.9512786865234475,103,-1,5.95254295497667,58.8524725805306
791,39.550000000000004,sturn,192,stanley,0.8,313.306640625,-282.4552001953125,313.29052734375,-282.21441650390625,-104.2860336303711,-0.03522784980719871,0.35,0.0,0.07757187972167996,-0.6357803344726939,103,-1,5.953679806921727,58.92139878393686
792,39.6,sturn,192,stanley,0.8,313.2281799316406,-282.7423400878906,313.29052734375,-282.21441650390625,-104.55677795410156,-0.027077598658297078,0.35,0.0,0.07569575197103329,-0.3650360107421759,103,-1,5.954414810768962,58.992389515977145
793,39.650000000000006,sturn,192,stanley,0.8,313.1493225097656,-283.0294494628906,313.29052734375,-282.21441650390625,-104.76885223388672,-0.020517115658046557,0.35,0.0,0.07342841584153964,-0.15296173095703014,103,-1,5.955369444262195,59.06519230634107
794,39.7,sturn,192,stanley,0.8,313.07025146484375,-283.3165283203125,312.72698974609375,-284.1946105957031,-104.94062805175781,-0.07082232222213723,0.35,0.0,0.07399816426114081,-1.9093170166015334,104,-1,5.95597396938819,59.139618517206806
795,39.75,sturn,192,stanley,0.8,312.9886474609375,-283.6028137207031,312.72698974609375,-284.1946105957031,-105.19525909423828,-0.06463042821526722,0.35,0.0,0.07888210782162128,-1.6546859741210773,104,-1,5.9527148054593155,59.21798843396408
796,39.800000000000004,sturn,192,stanley,0.8,312.9040832519531,-283.8880615234375,312.72698974609375,-284.1946105957031,-105.55316925048828,-0.054792447119699585,0.35,0.0,0.08063217176914274,-1.2967758178710531,104,-1,5.951692229406882,59.30071361217633
797,39.85,sturn,192,stanley,0.8,312.81768798828125,-284.1728210449219,312.72698974609375,-284.1946105957031,-105.90708923339844,-0.04464635528627165,0.35,0.0,0.08048825714010806,-0.9428558349609035,104,-1,5.952508661618995,59.38664481640435
798,39.900000000000006,sturn,192,stanley,0.8,312.7301940917969,-284.457275390625,312.72698974609375,-284.1946105957031,-106.2296142578125,-0.03514686460027558,0.35,0.0,0.07920441695952364,-0.6203308105468488,104,-1,5.953213682742919,59.475037722081545
799,39.95,sturn,192,stanley,0.8,312.6420593261719,-284.7416076660156,312.72698974609375,-284.1946105957031,-106.49385833740234,-0.02716880300159959,0.35,0.0,0.07727183789960883,-0.3560867309570334,104,-1,5.954313442448296,59.56542598869918
800,40.0,sturn,192,stanley,0.8,312.5535583496094,-285.02587890625,312.72698974609375,-284.1946105957031,-106.71269989013672,-0.02040832796447422,0.35,0.0,0.07497107834123101,-0.13724517822262425,104,-1,5.954989933490725,59.65752793412529
801,40.050000000000004,sturn,192,stanley,0.8,312.46478271484375,-285.31011962890625,312.09716796875,-286.1546936035156,-106.87776184082031,-0.07104442904887945,0.35,0.0,0.07617626323842985,-1.9003143310546788,105,-1,5.955814638757472,59.75124545940486
802,40.1,sturn,192,stanley,0.8,312.37359619140625,-285.5934753417969,312.09716796875,-286.1546936035156,-107.13905334472656,-0.06466293516743303,0.35,0.0,0.08105654971484061,-1.6390228271484346,105,-1,5.95214866530944,59.84868640785217
803,40.150000000000006,sturn,192,stanley,0.8,312.2793884277344,-285.8757019042969,312.09716796875,-286.1546936035156,-107.4909439086914,-0.05497477089873406,0.35,0.0,0.0827129316124738,-1.2871322631836015,105,-1,5.951673886762758,59.9504340459397
804,40.2,sturn,192,stanley,0.8,312.1834411621094,-286.1573486328125,312.09716796875,-286.1546936035156,-107.85208129882812,-0.044616625816913696,0.35,0.0,0.08253575033516339,-0.9259948730468713,105,-1,5.951985736880196,60.05520234557846
805,40.25,sturn,192,stanley,0.8,312.0863342285156,-286.4386291503906,312.09716796875,-286.1546936035156,-108.16840362548828,-0.035268943760852024,0.35,0.0,0.08114274275020314,-0.6096725463867136,105,-1,5.953131013048713,60.16240450677823
806,40.300000000000004,sturn,192,stanley,0.8,311.9886169433594,-286.71978759765625,312.09716796875,-286.1546936035156,-108.43966674804688,-0.02707423703313424,0.35,0.0,0.079132576234513,-0.3384094238281201,105,-1,5.953873413943303,60.27148971442011
807,40.35,sturn,192,stanley,0.8,311.8905029296875,-287.0008544921875,312.09716796875,-286.1546936035156,-108.65194702148438,-0.020475168586079416,0.35,0.0,0.07671732692846087,-0.12612915039064873,105,-1,5.954832028191404,60.38223709239498
808,40.400000000000006,sturn,192,stanley,0.8,311.79217529296875,-287.28192138671875,311.4017028808594,-288.09246826171875,-108.82369232177734,-0.07108306022905853,0.35,0.0,0.07866005995832004,-1.8825149536132442,106,-1,5.95544121035629,60.49446008430739
809,40.45,sturn,192,stanley,0.8,311.69140625,-287.56201171875,311.4017028808594,-288.09246826171875,-109.07870483398438,-0.06485668078292041,0.35,0.0,0.08343339080970102,-1.6275024414062291,106,-1,5.95214853356715,60.610320381613505
810,40.5,sturn,192,stanley,0.8,311.5876770019531,-287.84088134765625,311.4017028808594,-288.09246826171875,-109.4375991821289,-0.05495178578267943,0.35,0.0,0.08500611731238131,-1.268608093261715,106,-1,5.951118952700394,60.730298705159534
811,40.550000000000004,sturn,192,stanley,0.8,311.4822082519531,-288.1191101074219,311.4017028808594,-288.09246826171875,-109.79253387451172,-0.04474636714386456,0.35,0.0,0.08472510765337458,-0.9136734008788817,106,-1,5.9519477127289955,60.85318901416995
812,40.6,sturn,192,stanley,0.8,311.37567138671875,-288.39697265625,311.4017028808594,-288.09246826171875,-110.11592102050781,-0.035194433243325385,0.35,0.0,0.08331549341669543,-0.5902862548828076,106,-1,5.952655916143716,60.97832344966227
813,40.650000000000006,sturn,192,stanley,0.8,311.2684326171875,-288.67462158203125,311.4017028808594,-288.09246826171875,-110.38070678710938,-0.027154678252363288,0.35,0.0,0.0811737818562479,-0.32550048828124584,106,-1,5.953761653148063,61.10533497595969
814,40.7,sturn,192,stanley,0.8,311.1608581542969,-288.95220947265625,311.4017028808594,-288.09246826171875,-110.5997543334961,-0.020349347198542332,0.35,0.0,0.07869648022593612,-0.10645294189451104,106,-1,5.954440574358996,61.233859645791256
815,40.75,sturn,192,stanley,0.8,311.0530700683594,-289.2297058105469,310.6414489746094,-290.0057678222656,-110.76468658447266,-0.07128588352233775,0.35,0.0,0.0812515887259539,-1.86965179443361,107,-1,5.955266672448048,61.363764703429624
816,40.800000000000004,sturn,192,stanley,0.8,310.94287109375,-289.50616455078125,310.6414489746094,-290.0057678222656,-111.02623748779297,-0.06485450771056543,0.35,0.0,0.08593491348596655,-1.6081008911133279,107,-1,5.951571722566137,61.49714736885339
817,40.85,sturn,192,stanley,0.8,310.8297424316406,-289.7813415527344,310.6414489746094,-290.0057678222656,-111.37899780273438,-0.05510413276130853,0.35,0.0,0.08742092093086648,-1.2553405761719016,107,-1,5.951093376904914,61.634478246880654
818,40.900000000000006,sturn,192,stanley,0.8,310.71490478515625,-290.0557861328125,310.6414489746094,-290.0057678222656,-111.74102783203125,-0.04467726618395345,0.35,0.0,0.08704769893146128,-0.893310546875009,107,-1,5.95141349920157,61.7745676210534
819,40.95,sturn,192,stanley,0.8,310.59893798828125,-290.3298645019531,310.6414489746094,-290.0057678222656,-112.0579833984375,-0.03527532117520541,0.35,0.0,0.08549135825400775,-0.5763549804687775,107,-1,5.952566207515665,61.91685630585544
820,41.0,sturn,192,stanley,0.8,310.482421875,-290.60369873046875,310.6414489746094,-290.0057678222656,-112.32955169677734,-0.02703935983918361,0.35,0.0,0.0833340524992596,-0.3047866821289062,107,-1,5.953313658612558,62.06076672306483
821,41.050000000000004,sturn,192,stanley,0.8,310.3654479980469,-290.8774108886719,310.6414489746094,-290.0057678222656,-112.54183197021484,-0.02039354568547508,0.35,0.0,0.08070726156860036,-0.09250640869143482,107,-1,5.954282582288896,62.20620971419417
822,41.1,sturn,192,stanley,0.8,310.2483215332031,-291.151123046875,309.8172912597656,-291.89239501953125,-112.71334075927734,-0.07128079902521217,0.35,0.0,0.08389000393813095,-1.849128723144499,108,-1,5.954895860770731,62.352886041227464
823,41.150000000000006,sturn,192,stanley,0.8,310.1287536621094,-291.4236755371094,309.8172912597656,-291.89239501953125,-112.96843719482422,-0.06500326479904227,0.35,0.0,0.08843801398116816,-1.5940322875976287,108,-1,5.951572850978136,62.502925651508384
824,41.2,sturn,192,stanley,0.8,310.00634765625,-291.69482421875,309.8172912597656,-291.89239501953125,-113.3279800415039,-0.05503834951930351,0.35,0.0,0.08982117372206604,-1.2344894409179437,108,-1,5.950542187455739,62.65666756265615
825,41.25,sturn,192,stanley,0.8,309.8822326660156,-291.9652099609375,309.8172912597656,-291.89239501953125,-113.68354034423828,-0.04476927970148897,0.35,0.0,0.0893328549103122,-0.8789291381836106,108,-1,5.951374307239023,62.813042643828055
826,41.300000000000004,sturn,192,stanley,0.8,309.757080078125,-292.2351379394531,309.8172912597656,-291.89239501953125,-114.00727081298828,-0.03516056484384483,0.35,0.0,0.08771054656717689,-0.5551986694335928,108,-1,5.952092817953672,62.97140505042383
827,41.35,sturn,192,stanley,0.8,309.63128662109375,-292.5048522949219,309.8172912597656,-291.89239501953125,-114.27212524414062,-0.027085117635654982,0.35,0.0,0.0854165623120863,-0.29034423828122174,108,-1,5.9532044422349655,63.13137930426205
828,41.400000000000006,sturn,192,stanley,0.8,309.5050964355469,-292.7744140625,309.8172912597656,-291.89239501953125,-114.49095916748047,-0.02023272678142438,0.35,0.0,0.08269832154740836,-0.07151031494138653,108,-1,5.9538905465704755,63.29272076111378
829,41.45,sturn,192,stanley,0.8,309.37872314453125,-293.0439758300781,308.9300842285156,-293.7502136230469,-114.65545654296875,-0.07145910161695906,0.35,0.0,0.08651736959532869,-1.8351287841796597,109,-1,5.95472097345883,63.45522935294151
830,41.5,sturn,192,stanley,0.8,309.25006103515625,-293.3122863769531,308.9300842285156,-293.7502136230469,-114.91686248779297,-0.06499826018348587,0.35,0.0,0.0910439169703286,-1.573722839355468,109,-1,5.950999134650306,63.62080021567876
831,41.550000000000004,sturn,192,stanley,0.8,309.1185302734375,-293.5791015625,308.9300842285156,-293.7502136230469,-115.27014923095703,-0.055190303550168844,0.35,0.0,0.09233599145440424,-1.2204360961913923,109,-1,5.9505156687732255,63.78994482222833
832,41.6,sturn,192,stanley,0.8,308.9853210449219,-293.8451232910156,308.9300842285156,-293.7502136230469,-115.63272094726562,-0.04470587962144768,0.35,0.0,0.09177190317860823,-0.8578643798828042,109,-1,5.950840935931995,63.96156407517547
833,41.650000000000006,sturn,192,stanley,0.8,308.8510437011719,-294.1106262207031,308.9300842285156,-293.7502136230469,-115.9500503540039,-0.0352500770241161,0.35,0.0,0.09002043296983174,-0.5405349731444857,109,-1,5.95199924621587,64.13507853623867
834,41.7,sturn,192,stanley,0.8,308.7162170410156,-294.37591552734375,308.9300842285156,-293.7502136230469,-116.22172546386719,-0.026971036657970595,0.35,0.0,0.0876820336444635,-0.268859863281241,109,-1,5.952755288935868,64.31000959540515
835,41.75,sturn,192,stanley,0.8,308.5809631347656,-294.6410217285156,308.9300842285156,-293.7502136230469,-116.4338150024414,-0.020291827275049718,0.35,0.0,0.0848795714568924,-0.05677032470704915,109,-1,5.953725935545544,64.48623107207231
836,41.800000000000004,sturn,192,stanley,0.8,308.4455261230469,-294.9061584472656,307.98089599609375,-295.5771484375,-116.60490417480469,-0.07146439004517782,0.35,0.0,0.08930735858422473,-1.8137969970702923,110,-1,5.954340997373551,64.66352772984865
837,41.85,sturn,192,stanley,0.8,308.30780029296875,-295.169921875,307.98089599609375,-295.5771484375,-116.85993957519531,-0.06515663797390273,0.35,0.0,0.09370641140529384,-1.5587615966796573,110,-1,5.950997585015326,64.84372813317063
838,41.900000000000006,sturn,192,stanley,0.8,308.16729736328125,-295.43212890625,307.98089599609375,-295.5771484375,-117.22003936767578,-0.05513925439285141,0.35,0.0,0.09492231710007608,-1.1986618041992307,110,-1,5.949959402596193,65.02725498570847
839,41.95,sturn,192,stanley,0.8,308.02508544921875,-295.69342041015625,307.98089599609375,-295.5771484375,-117.5762939453125,-0.04479855619279986,0.35,0.0,0.09419947270823052,-0.8424072265624869,110,-1,5.950797543741376,65.21314185942373
840,42.0,sturn,192,stanley,0.8,307.8819274902344,-295.9542236328125,307.98089599609375,-295.5771484375,-117.90048217773438,-0.035140301378769674,0.35,0.0,0.09241220959785544,-0.5182189941406287,110,-1,5.951519012484867,65.40069570722278
841,42.050000000000004,sturn,192,stanley,0.8,307.7380676269531,-296.2147216796875,307.98089599609375,-295.5771484375,-118.1653823852539,-0.027007012838877888,0.35,0.0,0.08986238977029137,-0.25331878662106855,110,-1,5.952637063362467,65.58969638454745
842,42.1,sturn,192,stanley,0.8,307.59393310546875,-296.47509765625,307.98089599609375,-295.5771484375,-118.3840560913086,-0.020130155882151345,0.35,0.0,0.08701291525685079,-0.034645080566369786,110,-1,5.953328453923281,65.77974712044352
843,42.150000000000006,sturn,192,stanley,0.8,307.4495544433594,-296.7354431152344,306.918212890625,-297.4071350097656,-118.5481185913086,-0.12541613095610615,0.35,0.0,0.09115398375668582,-3.6878738403319975,111,-1,5.954164273895813,65.9708267371424
844,42.2,sturn,192,stanley,0.8,307.30224609375,-296.9938049316406,306.918212890625,-297.4071350097656,-118.86123657226562,-0.11941335204473248,0.35,0.0,0.10436419249035186,-3.3747558593749765,111,-1,5.944227078491589,66.16518198043504
845,42.25,sturn,192,stanley,0.8,307.1494445800781,-297.2483215332031,306.918212890625,-297.4071350097656,-119.42660522460938,-0.1047238642474019,0.35,0.0,0.11087689571191743,-2.809387207031232,111,-1,5.937094548484134,66.3649251860792
846,42.300000000000004,sturn,192,stanley,0.8,306.9932556152344,-297.5005187988281,306.918212890625,-297.4071350097656,-120.06005859375,-0.08716138681651626,0.35,0.0,0.11328714366529127,-2.1759338378906095,111,-1,5.935988879278907,66.56824531335687
847,42.35,sturn,192,stanley,0.8,306.83489990234375,-297.75146484375,306.918212890625,-297.4071350097656,-120.64727783203125,-0.07035620132026978,0.35,0.0,0.11319721909492883,-1.588714599609371,111,-1,5.937810101686515,66.77413007864888
848,42.400000000000006,sturn,192,stanley,0.8,306.6752014160156,-298.00164794921875,306.918212890625,-297.4071350097656,-121.16172790527344,-0.055291585654455494,0.35,0.0,0.1115645407219292,-1.0742645263671946,111,-1,5.93926546671958,66.98185217298494
849,42.45,sturn,192,stanley,0.8,306.51458740234375,-298.2514343261719,306.918212890625,-297.4071350097656,-121.58077239990234,-0.04273396857772364,0.35,0.0,0.10894583792877283,-0.6552200317382612,111,-1,5.941149482480377,67.19105488894202
850,42.5,sturn,192,stanley,0.8,306.35345458984375,-298.5009765625,305.7146301269531,-299.1656799316406,-121.92225646972656,-0.15787297874407377,0.35,0.0,0.11747720974280568,-4.619445800781215,112,-1,5.942235387169637,67.40137151207207
851,42.550000000000004,sturn,192,stanley,0.8,306.18902587890625,-298.7480163574219,305.7146301269531,-299.1656799316406,-122.38180541992188,-0.14810465088519958,0.35,0.0,0.13246068318563273,-4.159896850585908,112,-1,5.929972987717199,67.61501566002424
852,42.6,sturn,192,stanley,0.8,306.0188293457031,-298.9901428222656,305.7146301269531,-299.1656799316406,-123.11331939697266,-0.12889446026918344,0.35,0.0,0.1398847168510977,-3.4283828735351243,112,-1,5.920160709298546,67.83383606386668
853,42.650000000000006,sturn,192,stanley,0.8,305.8448486328125,-299.2292785644531,305.7146301269531,-299.1656799316406,-123.89289093017578,-0.10719734484166626,0.35,0.0,0.14248775150219692,-2.648811340331965,112,-1,5.920021523060388,68.05626604337293
854,42.7,sturn,192,stanley,0.8,305.66845703125,-299.466796875,305.7146301269531,-299.1656799316406,-124.62162780761719,-0.08630192083944004,0.35,0.0,0.14219078976126936,-1.9200744628906208,112,-1,5.921660197366905,68.28123813712658
855,42.75,sturn,192,stanley,0.8,305.49041748046875,-299.70330810546875,305.7146301269531,-299.1656799316406,-125.2435302734375,-0.06802698326682939,0.35,0.0,0.13997020330088122,-1.298171997070245,112,-1,5.924603957747157,68.50812490993358
856,42.800000000000004,sturn,192,stanley,0.8,305.3114318847656,-299.9393005371094,305.7146301269531,-299.1656799316406,-125.76277923583984,-0.05245485278740119,0.35,0.0,0.1366806450966681,-0.7789230346679373,112,-1,5.926478177071596,68.73633905403824
857,42.85,sturn,192,stanley,0.8,305.1318054199219,-300.1749572753906,304.3823547363281,-300.82891845703125,-126.1726303100586,-0.16431235172296946,0.35,0.0,0.13920356185935817,-4.674797058105453,113,-1,5.928502897536063,68.96561524061069
858,42.900000000000006,sturn,192,stanley,0.8,304.94903564453125,-300.40777587890625,304.3823547363281,-300.82891845703125,-126.70092010498047,-0.15238677799217218,0.35,0.0,0.15322095665241148,-4.146507263183573,113,-1,5.91571120355356,69.19778783233555
859,42.95,sturn,192,stanley,0.8,304.7608642578125,-300.6352844238281,304.3823547363281,-300.82891845703125,-127.46924591064453,-0.13191416606248577,0.35,0.0,0.15967925353364712,-3.378181457519485,113,-1,5.907275168885335,69.4344298239293
860,43.0,sturn,192,stanley,0.8,304.5692443847656,-300.8596496582031,304.3823547363281,-300.82891845703125,-128.2825469970703,-0.10907821228205795,0.35,0.0,0.1614730566075078,-2.5648803710937385,113,-1,5.9066594949875295,69.674111766013
861,43.050000000000004,sturn,192,stanley,0.8,304.37530517578125,-301.08221435546875,304.3823547363281,-300.82891845703125,-129.0221710205078,-0.08767604206150889,0.35,0.0,0.16033475304077469,-1.8252563476562118,113,-1,5.909618538156722,69.9160306571043
862,43.1,sturn,192,stanley,0.8,304.1799011230469,-301.30377197265625,304.3823547363281,-300.82891845703125,-129.66195678710938,-0.06873911323777987,0.35,0.0,0.15742968498245508,-1.1854705810546986,113,-1,5.911966131749041,70.15953121798391
863,43.150000000000006,sturn,192,stanley,0.8,303.9835205078125,-301.524658203125,304.3823547363281,-300.82891845703125,-130.18170166015625,-0.0529696116394928,0.35,0.0,0.15334677392974444,-0.665725708007783,113,-1,5.914683892391187,70.40420954016398
864,43.2,sturn,192,stanley,0.8,303.7865905761719,-301.7452392578125,302.92901611328125,-302.387451171875,-130.60247802734375,-0.16309609356828766,0.35,0.0,0.14944930401592976,-4.550659179687454,114,-1,5.9162952296203635,70.64973280669534
865,43.25,sturn,192,stanley,0.8,303.5867004394531,-301.9627685546875,302.92901611328125,-302.387451171875,-131.12686157226562,-0.15112163559917885,0.35,0.0,0.16271091702548934,-4.026275634765595,114,-1,5.904211893328555,70.89773629004664
866,43.300000000000004,sturn,192,stanley,0.8,303.3819885253906,-302.17474365234375,302.92901611328125,-302.387451171875,-131.8970184326172,-0.13048508303416387,0.35,0.0,0.16863424863616977,-3.256118774414043,114,-1,5.89558075587401,71.14935687448042
867,43.35,sturn,192,stanley,0.8,303.1740417480469,-302.3833312988281,302.92901611328125,-302.387451171875,-132.6964111328125,-0.1079166803024179,0.35,0.0,0.16987462513711374,-2.456726074218758,114,-1,5.896205736868914,71.40356810253371
868,43.400000000000006,sturn,192,stanley,0.8,302.96405029296875,-302.59002685546875,302.92901611328125,-302.387451171875,-133.434326171875,-0.08647771083526459,0.35,0.0,0.1683315849088002,-1.7188110351562238,114,-1,5.898278994507927,71.65957623653418
869,43.45,sturn,192,stanley,0.8,302.7526550292969,-302.7955322265625,302.92901611328125,-302.387451171875,-134.05934143066406,-0.06785063173300769,0.35,0.0,0.1649547241144622,-1.0937957763671402,114,-1,5.901520256403998,71.91692698097486
870,43.5,sturn,192,stanley,0.8,302.5403747558594,-303.00048828125,302.92901611328125,-302.387451171875,-134.5782928466797,-0.05203699618043275,0.35,0.0,0.1605642796125028,-0.5748443603515365,114,-1,5.903614578821719,72.17527497490734
871,43.550000000000004,sturn,192,stanley,0.8,302.3275451660156,-303.20501708984375,302.92901611328125,-302.387451171875,-134.9857940673828,-0.03925461470905612,0.35,0.0,0.15548353431365874,-0.16734313964842848,114,-1,5.905829172926505,72.43432097627182
872,43.6,sturn,192,stanley,0.8,302.11444091796875,-303.4093933105469,301.36273193359375,-303.8324279785156,-135.30874633789062,-0.15562008234371918,0.35,0.0,0.16712546900077685,-4.150115966796889,115,-1,5.907170149725508,72.69386677527896
873,43.650000000000006,sturn,192,stanley,0.8,301.8988037109375,-303.6106872558594,301.36273193359375,-303.8324279785156,-135.7470703125,-0.14601354565114585,0.35,0.0,0.1799338268556622,-3.711791992187525,115,-1,5.895493110953474,72.95530195011408
874,43.7,sturn,192,stanley,0.8,301.6786804199219,-303.8059997558594,301.36273193359375,-303.8324279785156,-136.4595184326172,-0.12691115778860185,0.35,0.0,0.18528072133756587,-2.999343872070323,115,-1,5.886012863310907,73.2197052094177
875,43.75,sturn,192,stanley,0.8,301.45562744140625,-303.9975891113281,301.36273193359375,-303.8324279785156,-137.2220458984375,-0.10526017336440596,0.35,0.0,0.18589397248615724,-2.2368164062500036,115,-1,5.886133184111445,73.48614931267309
876,43.800000000000004,sturn,192,stanley,0.8,301.23065185546875,-304.1871337890625,301.36273193359375,-303.8324279785156,-137.93482971191406,-0.08439489485789449,0.35,0.0,0.18370370932609992,-1.5240325927734322,115,-1,5.888009663728564,73.75409708806664
877,43.85,sturn,192,stanley,0.8,301.0043640136719,-304.3753967285156,301.36273193359375,-303.8324279785156,-138.5415496826172,-0.0661456473491774,0.35,0.0,0.1796864444217275,-0.9173126220702896,115,-1,5.891167587332141,74.02315564598257
878,43.900000000000006,sturn,192,stanley,0.8,300.77728271484375,-304.5629577636719,301.36273193359375,-303.8324279785156,-139.0464630126953,-0.050580121115982916,0.35,0.0,0.17462003255014863,-0.41239929199219133,115,-1,5.893265277187338,74.29297587200726
879,43.95,sturn,192,stanley,0.8,300.5497131347656,-304.7501525878906,299.6924133300781,-305.1557312011719,-139.4424591064453,-0.1633811033942862,0.35,0.0,0.17961587731538814,-4.322128295898455,116,-1,5.89549835027992,74.56335102579612
880,44.0,sturn,192,stanley,0.8,300.3197937011719,-304.9339294433594,299.6924133300781,-305.1557312011719,-139.95721435546875,-0.15150006614872838,0.35,0.0,0.19194302481558456,-3.8073730468749503,116,-1,5.88311879690822,74.83521639400155
881,44.050000000000004,sturn,192,stanley,0.8,300.0858154296875,-305.111328125,299.6924133300781,-305.1557312011719,-140.71409606933594,-0.13100001884299955,0.35,0.0,0.19672637183263703,-3.050491333007837,116,-1,5.874918064154472,75.10936611404058
882,44.1,sturn,192,stanley,0.8,299.84918212890625,-305.28497314453125,299.6924133300781,-305.1557312011719,-141.5172576904297,-0.10809669982147618,0.35,0.0,0.1969126340330647,-2.2473297119140483,116,-1,5.874561186257156,75.38515719472716
883,44.150000000000006,sturn,192,stanley,0.8,299.61077880859375,-305.45635986328125,299.6924133300781,-305.1557312011719,-142.24716186523438,-0.08662139560032302,0.35,0.0,0.19423109566022687,-1.5174255371093561,116,-1,5.8777570569804585,75.66214316393147
884,44.2,sturn,192,stanley,0.8,299.3712158203125,-305.6264953613281,299.6924133300781,-305.1557312011719,-142.8775177001953,-0.0676182042475709,0.35,0.0,0.1898548440342428,-0.8870697021483951,116,-1,5.880347395478655,75.94001205307373
885,44.25,sturn,192,stanley,0.8,299.130859375,-305.7958068847656,299.6924133300781,-305.1557312011719,-143.38790893554688,-0.05178878824988217,0.35,0.0,0.1843449626347663,-0.37667846679685174,116,-1,5.883285881056622,76.2185271251384
886,44.300000000000004,sturn,192,stanley,0.8,298.8901062011719,-305.96478271484375,297.9274597167969,-306.3499450683594,-143.7994842529297,-0.16256802467906173,0.35,0.0,0.18223653827285075,-4.270812988281231,117,-1,5.885130434697818,76.49744249785874
887,44.35,sturn,192,stanley,0.8,298.64715576171875,-306.1300964355469,297.9274597167969,-306.3499450683594,-144.3148193359375,-0.15055701003569702,0.35,0.0,0.1940466656565009,-3.7554779052734664,117,-1,5.873362751222609,76.77752696069776
888,44.400000000000006,sturn,192,stanley,0.8,298.4007568359375,-306.2889709472656,297.9274597167969,-306.3499450683594,-145.07704162597656,-0.12984982205693557,0.35,0.0,0.19856802180365635,-2.9932556152343737,117,-1,5.864990284340469,77.05916459698115
889,44.45,sturn,192,stanley,0.8,298.15203857421875,-306.4438781738281,297.9274597167969,-306.3499450683594,-145.86880493164062,-0.10720516295438669,0.35,0.0,0.19849570582654857,-2.20149230957032,117,-1,5.865879556523125,77.3419638133306
890,44.5,sturn,192,stanley,0.8,297.9017639160156,-306.5965270996094,297.9274597167969,-306.3499450683594,-146.59915161132812,-0.08569351252222904,0.35,0.0,0.1956836308879297,-1.4711456298828336,117,-1,5.868195679635927,77.62567483790933
891,44.550000000000004,sturn,192,stanley,0.8,297.65045166015625,-306.747802734375,297.9274597167969,-306.3499450683594,-147.21669006347656,-0.06701497124814085,0.35,0.0,0.1911572841580097,-0.8536071777343684,117,-1,5.871657201758127,77.91004993554472
892,44.6,sturn,192,stanley,0.8,297.3984069824219,-306.8983459472656,297.9274597167969,-306.3499450683594,-147.728271484375,-0.05114823287567773,0.35,0.0,0.18562197062736896,-0.3420257568359589,117,-1,5.873976952916637,78.19497857121722
893,44.650000000000006,sturn,192,stanley,0.8,297.1459655761719,-307.04840087890625,297.9274597167969,-306.3499450683594,-148.1284637451172,-0.03832524958545276,0.35,0.0,0.17946243282474628,0.05816650390624103,117,-1,5.876399173655402,78.4802078053858
894,44.7,sturn,192,stanley,0.8,296.89324951171875,-307.19830322265625,296.07781982421875,-307.4082336425781,-148.44419860839844,-0.15512539227327954,0.35,0.0,0.19208735264721977,-3.931823730468749,118,-1,5.877962284803112,78.76571700693992
895,44.75,sturn,192,stanley,0.8,296.6388244628906,-307.34466552734375,296.07781982421875,-307.4082336425781,-148.8751983642578,-0.14550603586816915,0.35,0.0,0.20379729843004624,-3.50082397460939,118,-1,5.866606518915821,79.05188099584905
896,44.800000000000004,sturn,192,stanley,0.8,296.38140869140625,-307.4842224121094,296.07781982421875,-307.4082336425781,-149.58091735839844,-0.12637331573735394,0.35,0.0,0.20809087772600365,-2.795104980468735,118,-1,5.857398253184334,79.33895307682296
897,44.85,sturn,192,stanley,0.8,296.1219177246094,-307.61956787109375,296.07781982421875,-307.4082336425781,-150.3367919921875,-0.10468469002045025,0.35,0.0,0.20769089398058543,-2.0392303466796804,118,-1,5.857758042464889,79.62680714134973
898,44.900000000000006,sturn,192,stanley,0.8,295.8610534667969,-307.75250244140625,296.07781982421875,-307.4082336425781,-151.04307556152344,-0.08377992771809052,0.35,0.0,0.20451809015109518,-1.3329467773437609,118,-1,5.859867898060887,79.91529529707081
899,44.95,sturn,192,stanley,0.8,295.5992736816406,-307.8839111328125,296.07781982421875,-307.4082336425781,-151.6433868408203,-0.06549733578548396,0.35,0.0,0.19956884324612967,-0.7326354980468408,118,-1,5.863232870287545,80.20423703007523
900,45.0,sturn,192,stanley,0.8,295.33685302734375,-308.0145568847656,296.07781982421875,-307.4082336425781,-152.14212036132812,-0.04990892277759384,0.35,0.0,0.1936464748654796,-0.23390197753907038,118,-1,5.865541038430572,80.49359303762472
901,45.050000000000004,sturn,192,stanley,0.8,295.0740661621094,-308.1447448730469,294.1539306640625,-308.32470703125,-152.53216552734375,-0.1629526459703733,0.35,0.0,0.19896199528168018,-4.14956665039062,119,-1,5.867969790722064,80.78318990462213
902,45.1,sturn,192,stanley,0.8,294.8096923828125,-308.2711181640625,294.1539306640625,-308.32470703125,-153.0408935546875,-0.15105695478417677,0.35,0.0,0.21036387279333713,-3.640838623046829,119,-1,5.855899101849643,81.07319192960382
903,45.150000000000006,sturn,192,stanley,0.8,294.5428771972656,-308.39044189453125,294.1539306640625,-308.32470703125,-153.7917022705078,-0.13055553081885957,0.35,0.0,0.21432559416853503,-2.8900299072265683,119,-1,5.84796239892415,81.36344335135044
904,45.2,sturn,192,stanley,0.8,294.27435302734375,-308.5055236816406,294.1539306640625,-308.32470703125,-154.58885192871094,-0.10764429123920406,0.35,0.0,0.21371537168482294,-2.0928802490233975,119,-1,5.847839651189016,81.65407370474253
905,45.25,sturn,192,stanley,0.8,294.00457763671875,-308.6180725097656,294.1539306640625,-308.32470703125,-155.31295776367188,-0.08616029982805896,0.35,0.0,0.21028380065201613,-1.3687744140624738,119,-1,5.85124717445744,81.94515179168411
906,45.300000000000004,sturn,192,stanley,0.8,293.7339782714844,-308.7291259765625,294.1539306640625,-308.32470703125,-155.9377899169922,-0.06713862270421027,0.35,0.0,0.20515284835301578,-0.7439422607421977,119,-1,5.854035438662417,82.23657749474795
907,45.35,sturn,192,stanley,0.8,293.4627990722656,-308.8393249511719,294.1539306640625,-308.32470703125,-156.4429473876953,-0.051308108773541625,0.35,0.0,0.19900767809235398,-0.23878479003905678,119,-1,5.857161392986512,82.52830816037672
908,45.400000000000006,sturn,192,stanley,0.8,293.1912841796875,-308.9490661621094,292.1666564941406,-309.0941467285156,-156.84976196289062,-0.16215949993043335,0.35,0.0,0.19663219216206357,-4.137695312499998,120,-1,5.859201705308353,82.8202288350415
909,45.45,sturn,192,stanley,0.8,292.91851806640625,-309.0548095703125,292.1666564941406,-309.0941467285156,-157.3602752685547,-0.15014686781368877,0.35,0.0,0.20774659353728356,-3.6271820068359335,120,-1,5.847716965850636,83.1121505310029
910,45.5,sturn,192,stanley,0.8,292.6438293457031,-309.1535339355469,292.1666564941406,-309.0941467285156,-158.1172332763672,-0.12944717427471053,0.35,0.0,0.21159852212752422,-2.870223999023437,120,-1,5.839609869949085,83.40380413475533
911,45.550000000000004,sturn,192,stanley,0.8,292.3677673339844,-309.2479553222656,292.1666564941406,-309.0941467285156,-158.9035186767578,-0.10682416789207236,0.35,0.0,0.21093482731300958,-2.083938598632829,120,-1,5.840720849494097,83.69547772256024
912,45.6,sturn,192,stanley,0.8,292.0906982421875,-309.33984375,292.1666564941406,-309.0941467285156,-159.6286163330078,-0.08532836254899784,0.35,0.0,0.20754827166549122,-1.3588409423827907,120,-1,5.843235682697343,83.98735213077953
913,45.650000000000006,sturn,192,stanley,0.8,291.8128967285156,-309.43017578125,292.1666564941406,-309.0941467285156,-160.2412109375,-0.06665600134445926,0.35,0.0,0.20245162035885345,-0.746246337890598,120,-1,5.8468810565563265,84.27945811878227
914,45.7,sturn,192,stanley,0.8,291.5345764160156,-309.5196533203125,292.1666564941406,-309.0941467285156,-160.7483673095703,-0.0507876312493992,0.35,0.0,0.19637807997922074,-0.23908996582028366,120,-1,5.849384789647224,84.57180249337625
915,45.75,sturn,192,stanley,0.8,291.2559509277344,-309.608642578125,292.1666564941406,-309.0941467285156,-161.14453125,-0.03796539898609559,0.35,0.0,0.18974347673843722,0.1570739746093754,120,-1,5.851986948107506,84.86429138513036
916,45.800000000000004,sturn,192,stanley,0.8,290.9771423339844,-309.6974792480469,290.12725830078125,-309.7121887207031,-161.45669555664062,-0.15469026759233168,0.35,0.0,0.20153530707367104,-3.8364715576171675,121,-1,5.853732978366813,85.15690913177689
917,45.85,sturn,192,stanley,0.8,290.6973876953125,-309.782470703125,290.12725830078125,-309.7121887207031,-161.88394165039062,-0.14507374793248964,0.35,0.0,0.21271999613475637,-3.4092254638671635,121,-1,5.842645223901469,85.44927470470776
918,45.900000000000006,sturn,192,stanley,0.8,290.4163513183594,-309.8601989746094,290.12725830078125,-309.7121887207031,-162.5850830078125,-0.12597412317998638,0.35,0.0,0.21655406265176708,-2.708084106445319,121,-1,5.833704348849077,85.74068283481874
919,45.95,sturn,192,stanley,0.8,290.1341857910156,-309.93341064453125,290.12725830078125,-309.7121887207031,-163.33590698242188,-0.10433304114376338,0.35,0.0,0.21573284170791152,-1.9572601318359106,121,-1,5.834279853509064,86.03181439533114
920,46.0,sturn,192,stanley,0.8,289.8512878417969,-310.00396728515625,290.12725830078125,-309.7121887207031,-164.0372772216797,-0.08347335512491809,0.35,0.0,0.21215763455274864,-1.2558898925781201,121,-1,5.836573811758364,86.32285130201535
921,46.050000000000004,sturn,192,stanley,0.8,289.5677795410156,-310.07293701171875,290.12725830078125,-309.7121887207031,-164.6331787109375,-0.06523912535430068,0.35,0.0,0.20689255267035397,-0.6599884033203002,121,-1,5.840106771527689,86.61399868800615
922,46.1,sturn,192,stanley,0.8,289.2838134765625,-310.1410217285156,290.12725830078125,-309.7121887207031,-165.12808227539062,-0.04968234549825668,0.35,0.0,0.20065524219726286,-0.16508483886721723,121,-1,5.842585870623414,86.9053221494635
923,46.150000000000006,sturn,192,stanley,0.8,288.9996032714844,-310.20855712890625,288.0472106933594,-310.1753845214844,-165.51490783691406,-0.16250747888803008,0.35,0.0,0.20457072016479666,-4.083984374999996,122,-1,5.84518906277365,87.1967188864037
924,46.2,sturn,192,stanley,0.8,288.7147521972656,-310.2720947265625,288.0472106933594,-310.1753845214844,-166.0204620361328,-0.15063840107017004,0.35,0.0,0.21563777734964484,-3.578430175781249,122,-1,5.833370840309522,87.4875372511058
925,46.25,sturn,192,stanley,0.8,288.42901611328125,-310.3282470703125,288.0472106933594,-310.1753845214844,-166.7669219970703,-0.1301929153988318,0.35,0.0,0.21928115722882816,-2.8319702148437518,122,-1,5.825705864418761,87.77700235409523
926,46.300000000000004,sturn,192,stanley,0.8,288.1426086425781,-310.3799133300781,288.0472106933594,-310.1753845214844,-167.55935668945312,-0.10735133354073137,0.35,0.0,0.21839095761943483,-2.0395355224609073,122,-1,5.825783596280512,88.06578232802113
927,46.35,sturn,192,stanley,0.8,287.8555603027344,-310.42889404296875,288.0472106933594,-310.1753845214844,-168.2788848876953,-0.08594459492691645,0.35,0.0,0.21474363875718716,-1.3200073242187436,122,-1,5.829362159214538,88.3543893928067
928,46.400000000000006,sturn,192,stanley,0.8,287.5680236816406,-310.47625732421875,288.0472106933594,-310.1753845214844,-168.89981079101562,-0.06698449377946454,0.35,0.0,0.20941731252330162,-0.6990814208984361,122,-1,5.832310974303551,88.642998812069
929,46.45,sturn,192,stanley,0.8,287.2801208496094,-310.52264404296875,288.0472106933594,-310.1753845214844,-169.40174865722656,-0.05119238781516027,0.35,0.0,0.20306435563397546,-0.19714355468747796,122,-1,5.835594773849951,88.9316863575601
930,46.5,sturn,192,stanley,0.8,286.9919738769531,-310.5685729980469,285.938232421875,-310.4811096191406,-169.80599975585938,-0.16170290260564738,0.35,0.0,0.19885960111904022,-4.098602294921863,123,-1,5.837797192071502,89.22049045675708
931,46.550000000000004,sturn,192,stanley,0.8,286.7034606933594,-310.6103515625,285.938232421875,-310.4811096191406,-170.31393432617188,-0.14972592778820729,0.35,0.0,0.20976642647703914,-3.5906677246093834,123,-1,5.826572021745995,89.50843561382945
932,46.6,sturn,192,stanley,0.8,286.4147033691406,-310.6448974609375,285.938232421875,-310.4811096191406,-171.06687927246094,-0.12910631505861375,0.35,0.0,0.2134555519910565,-2.837722778320331,123,-1,5.818729641919672,89.79450090802302
933,46.650000000000006,sturn,192,stanley,0.8,286.1255187988281,-310.6749267578125,285.938232421875,-310.4811096191406,-171.84869384765625,-0.10656755217189859,0.35,0.0,0.21260824387046842,-2.055908203124956,123,-1,5.8200277693013645,90.07967367819845
934,46.7,sturn,192,stanley,0.8,285.8359375,-310.7023010253906,285.938232421875,-310.4811096191406,-172.56959533691406,-0.08515523075548774,0.35,0.0,0.2090787904224749,-1.3350067138671695,123,-1,5.822704257648228,90.36448025608803
935,46.75,sturn,192,stanley,0.8,285.5459899902344,-310.72802734375,285.938232421875,-310.4811096191406,-173.1786651611328,-0.06655322569878552,0.35,0.0,0.20387181865873288,-0.7259368896484375,123,-1,5.8264965956004575,90.64919183787572
936,46.800000000000004,sturn,192,stanley,0.8,285.2557678222656,-310.7528381347656,285.938232421875,-310.4811096191406,-173.68299865722656,-0.050743006994042925,0.35,0.0,0.1977253311440082,-0.22160339355464986,123,-1,5.829147704888401,90.93393833268588
937,46.85,sturn,192,stanley,0.8,284.96527099609375,-310.77716064453125,285.938232421875,-310.4811096191406,-174.0770721435547,-0.037968047097374634,0.35,0.0,0.19106415852607242,0.17247009277345743,123,-1,5.831898788905243,91.21884610945271
938,46.900000000000006,sturn,192,stanley,0.8,284.6746520996094,-310.80120849609375,283.8122863769531,-310.62762451171875,-174.38778686523438,-0.1541985949129567,0.35,0.0,0.20043151414269397,-3.8225402832031374,124,-1,5.833796973646973,91.50383219999902
939,46.95,sturn,192,stanley,0.8,284.38397216796875,-310.8213806152344,283.8122863769531,-310.62762451171875,-174.8135528564453,-0.14460853197994683,0.35,0.0,0.21151568338016166,-3.3967742919921298,124,-1,5.822947089383256,91.78779107036596
940,47.0,sturn,192,stanley,0.8,284.0935974121094,-310.8341979980469,283.8122863769531,-310.62762451171875,-175.5113525390625,-0.12558449035318148,0.35,0.0,0.21525823471223487,-2.698974609374989,124,-1,5.814281496232133,92.06937055802375
941,47.050000000000004,sturn,192,stanley,0.8,283.8031921386719,-310.8424377441406,283.8122863769531,-310.62762451171875,-176.2580108642578,-0.10405739962146773,0.35,0.0,0.21442442918827576,-1.952316284179689,124,-1,5.815046954334828,92.34971116394497
942,47.1,sturn,192,stanley,0.8,283.5126037597656,-310.8479309082031,283.8122863769531,-310.62762451171875,-176.95535278320312,-0.08330679929433787,0.35,0.0,0.21083966290562484,-1.2549743652343885,124,-1,5.817487523845197,92.62949749223071
943,47.150000000000006,sturn,192,stanley,0.8,283.2218017578125,-310.85174560546875,283.8122863769531,-310.62762451171875,-177.5478057861328,-0.06516525073090891,0.35,0.0,0.20557057699570397,-0.662521362304697,124,-1,5.821154462819384,92.90907223973561
944,47.2,sturn,192,stanley,0.8,282.9307556152344,-310.8546142578125,283.8122863769531,-310.62762451171875,-178.0401611328125,-0.04967904578366809,0.35,0.0,0.1993482829798702,-0.17016601562495529,124,-1,5.8237701144181555,93.18867840404003
945,47.25,sturn,192,stanley,0.8,282.6395568847656,-310.8569030761719,281.7758483886719,-310.65478515625,-178.42520141601562,-0.07555574921228868,0.35,0.0,0.21099776805101936,-0.9850158691406088,125,-1,5.826512536388382,93.46833489486015
946,47.300000000000004,sturn,192,stanley,0.8,282.34832763671875,-310.8570556640625,281.7758483886719,-310.65478515625,-178.82785034179688,-0.06341748829419669,0.35,0.0,0.20815258877774742,-0.582366943359344,125,-1,5.825892867133916,93.74748185543392
947,47.35,sturn,192,stanley,0.8,282.0570373535156,-310.8551025390625,281.7758483886719,-310.65478515625,-179.22866821289062,-0.05083872949778515,0.35,0.0,0.20320117990927344,-0.18154907226564426,125,-1,5.827765529847236,94.02616203064805
948,47.400000000000006,sturn,192,stanley,0.8,281.76568603515625,-310.85198974609375,281.7758483886719,-310.65478515625,-179.5908203125,-0.03910554686882533,0.35,0.0,0.19708953624681663,0.18060302734376965,125,-1,5.829557534088129,94.30464834963568
949,47.45,sturn,192,stanley,0.8,281.47418212890625,-310.8482360839844,281.7758483886719,-310.65478515625,-179.8839569091797,-0.029197772969087637,0.35,0.0,0.1903354867377973,0.47373962402347697,125,-1,5.831769596128445,94.5831775936609
950,47.5,sturn,192,stanley,0.8,281.1825866699219,-310.84423828125,281.7758483886719,-310.65478515625,179.87913513183594,-0.020846241191720977,0.35,0.0,0.18333636714295687,0.7106475830078052,125,-1,5.8334709060778565,94.86180403794101
951,47.550000000000004,sturn,192,stanley,0.8,280.8908996582031,-310.8401794433594,281.7758483886719,-310.65478515625,179.7060089111328,-0.014303210020920434,0.35,0.0,0.17627527323027323,0.883773803710931,125,-1,5.8352872887000915,95.14057911236594
952,47.6,sturn,192,stanley,0.8,280.59912109375,-310.83612060546875,279.77593994140625,-310.6753845214844,179.5745391845703,-0.00895032850926834,0.35,0.0,0.1692009575532773,1.015243530273432,126,-1,5.836794380473567,95.41951944606285
953,47.650000000000006,sturn,192,stanley,0.8,280.3072814941406,-310.83221435546875,279.77593994140625,-310.6753845214844,179.4896697998047,-0.004966083339854792,0.35,0.0,0.16229087278860213,1.100112915039061,126,-1,5.83836170015097,95.69863770630576
954,47.7,sturn,192,stanley,0.8,280.01531982421875,-310.8284912109375,279.77593994140625,-310.6753845214844,179.42987060546875,-0.0017404736693860043,0.35,0.0,0.15556262726499306,1.1599121093749878,126,-1,5.839792703536509,95.97799999463655
955,47.75,sturn,192,stanley,0.8,279.72332763671875,-310.8249206542969,279.77593994140625,-310.6753845214844,179.40187072753906,0.0005418843770120452,0.35,0.0,0.1489866474163043,1.187911987304692,126,-1,5.841242579378623,96.25750885078169
956,47.800000000000004,sturn,192,stanley,0.8,279.4312438964844,-310.8216247558594,279.77593994140625,-310.6753845214844,179.38645935058594,0.002402363433609271,0.35,0.0,0.14268436882439853,1.20332336425782,126,-1,5.842655755521216,96.53725567181804
957,47.85,sturn,192,stanley,0.8,279.1390686035156,-310.8185119628906,279.77593994140625,-310.6753845214844,179.39259338378906,0.0036057349637231137,0.35,0.0,0.13656424360528682,1.1971893310546813,126,-1,5.8440535506781615,96.81721395543202
958,47.900000000000006,sturn,192,stanley,0.8,278.84686279296875,-310.8157043457031,279.77593994140625,-310.6753845214844,179.40296936035156,0.004619092481756301,0.35,0.0,0.1307489638677437,1.1868133544921784,126,-1,5.845466564879784,97.09735754983022
959,47.95,sturn,192,stanley,0.8,278.5545654296875,-310.8130187988281,277.77606201171875,-310.6959533691406,179.42819213867188,0.00517633050646814,0.35,0.0,0.12507272804080863,1.161590576171863,127,-1,5.846838910213014,97.37769362305261
960,48.0,sturn,192,stanley,0.8,278.26220703125,-310.8106689453125,277.77606201171875,-310.6959533691406,179.45248413085938,0.005688749516521969,0.35,0.0,0.11971361706457051,1.1372985839843759,127,-1,5.848243770518691,97.65825034214288
961,48.050000000000004,sturn,192,stanley,0.8,277.9697265625,-310.8084716796875,277.77606201171875,-310.6959533691406,179.48765563964844,0.005855671982192575,0.35,0.0,0.11450582936806884,1.1021270751953058,127,-1,5.849595475070805,97.93903517653875
962,48.1,sturn,192,stanley,0.8,277.6772155761719,-310.8065490722656,277.77606201171875,-310.6959533691406,179.51869201660156,0.006079015972251648,0.35,0.0,0.1095723711918061,1.0710906982421755,127,-1,5.8509900188587585,98.219992297453
963,48.150000000000006,sturn,192,stanley,0.8,277.3846435546875,-310.80474853515625,277.77606201171875,-310.6959533691406,179.55813598632812,0.006034226473882878,0.35,0.0,0.10476034859740606,1.0316467285156237,127,-1,5.8523242968565,98.50110853696728
964,48.2,sturn,192,stanley,0.8,277.09197998046875,-310.80322265625,277.77606201171875,-310.6959533691406,179.59173583984375,0.0060948926097672395,0.35,0.0,0.10022202725978903,0.9980468750000043,127,-1,5.853704658467592,98.78245366218044
965,48.25,sturn,192,stanley,0.8,276.79925537109375,-310.8018798828125,277.77606201171875,-310.6959533691406,179.6324462890625,0.00591088820411732,0.35,0.0,0.095866173426694,0.957336425781254,127,-1,5.855019209467501,99.0639724789777
966,48.300000000000004,sturn,192,stanley,0.8,276.5064697265625,-310.80072021484375,275.7761535644531,-310.716552734375,179.6661834716797,0.005887800339484622,0.35,0.0,0.0916805077289926,0.9235992431640673,128,-1,5.856378562299751,99.34566404287416
967,48.35,sturn,192,stanley,0.8,276.2135925292969,-310.79974365234375,275.7761535644531,-310.716552734375,179.70620727539062,0.005640995745055329,0.35,0.0,0.08768927477321362,0.8835754394531284,128,-1,5.857674372071555,99.62755682384174
968,48.400000000000006,sturn,192,stanley,0.8,275.9206848144531,-310.7989501953125,275.7761535644531,-310.716552734375,179.7386932373047,0.00556845762752204,0.35,0.0,0.08388082345368462,0.8510894775390686,128,-1,5.859012410844173,99.90959109841774
969,48.45,sturn,192,stanley,0.8,275.6277160644531,-310.79827880859375,275.7761535644531,-310.716552734375,179.777099609375,0.00529906839906211,0.35,0.0,0.08019380771601832,0.8126831054687441,128,-1,5.860290932716256,100.19177910376456
970,48.5,sturn,192,stanley,0.8,275.33465576171875,-310.7978210449219,275.7761535644531,-310.716552734375,179.8077392578125,0.0052038397801087545,0.35,0.0,0.07671946131247571,0.7820434570312443,128,-1,5.861609320249343,100.47417380134513
971,48.550000000000004,sturn,192,stanley,0.8,275.04150390625,-310.7974853515625,275.7761535644531,-310.716552734375,179.84405517578125,0.004918873628338952,0.35,0.0,0.07336623635906785,0.7457275390624971,128,-1,5.8628694633650005,100.7567500150678
972,48.6,sturn,192,stanley,0.8,274.74835205078125,-310.79730224609375,273.7762756347656,-310.7371520996094,179.8724822998047,0.004827820818372067,0.35,0.0,0.0701529977114519,0.7173004150390704,129,-1,5.864165400227155,101.03942676730217
973,48.650000000000006,sturn,192,stanley,0.8,274.455078125,-310.7972412109375,273.7762756347656,-310.7371520996094,179.90646362304688,0.00454784692538456,0.35,0.0,0.0670731598830991,0.6833190917968665,129,-1,5.86540871420634,101.32231294843199
974,48.7,sturn,192,stanley,0.8,274.16180419921875,-310.7973327636719,273.7762756347656,-310.7371520996094,179.93260192871094,0.004457689210428295,0.35,0.0,0.06414590186139456,0.6571807861328195,129,-1,5.866682924080032,101.6052980866003
975,48.75,sturn,192,stanley,0.8,273.8684387207031,-310.79754638671875,273.7762756347656,-310.7371520996094,179.96434020996094,0.004180104191332099,0.35,0.0,0.06133976528982476,0.6254425048828063,129,-1,5.86790686022341,101.88846172987715
976,48.800000000000004,sturn,192,stanley,0.8,273.5749816894531,-310.79791259765625,273.7762756347656,-310.7371520996094,179.9881591796875,0.004094768307309245,0.35,0.0,0.058685266129719346,0.6016235351562567,129,-1,5.869164493554431,102.1718111497782
977,48.85,sturn,192,stanley,0.8,273.2814636230469,-310.79833984375,273.7762756347656,-310.7371520996094,-179.98231506347656,0.0038325450491529375,0.35,0.0,0.05609117062881733,0.5720977783203418,129,-1,5.870370409388353,102.45529229475362
978,48.900000000000006,sturn,192,stanley,0.8,272.9879150390625,-310.7989196777344,273.7762756347656,-310.7371520996094,-179.960693359375,0.0037620161792542755,0.35,0.0,0.05364934080283562,0.5504760742187428,129,-1,5.871605789423221,102.73889889482855
979,48.95,sturn,192,stanley,0.8,272.6943054199219,-310.7995910644531,271.7763671875,-310.7577209472656,-179.933349609375,0.0035033365238588236,0.35,0.0,0.05131666718958822,0.5231323242187581,130,-1,5.872791880900723,103.02264385242859
980,49.0,sturn,192,stanley,0.8,272.4006652832031,-310.8003845214844,271.7763671875,-310.7577209472656,-179.9137725830078,0.0034433320482239404,0.35,0.0,0.049087506697730224,0.5035552978515725,130,-1,5.874007478942358,103.3065049463936
981,49.050000000000004,sturn,192,stanley,0.8,272.1069030761719,-310.8012390136719,271.7763671875,-310.7577209472656,-179.88841247558594,0.003204490935401484,0.35,0.0,0.046918121601619685,0.47819519042971514,130,-1,5.875179564618982,103.59055423349527
982,49.1,sturn,192,stanley,0.8,271.8131103515625,-310.80224609375,271.7763671875,-310.7577209472656,-179.8708038330078,0.0031530329010434756,0.35,0.0,0.044901002180429465,0.4605865478515601,130,-1,5.876373737560941,103.87472623540269
983,49.150000000000006,sturn,192,stanley,0.8,271.5192565917969,-310.80328369140625,271.7763671875,-310.7577209472656,-179.84732055664062,0.002926823951858785,0.35,0.0,0.042913770457112976,0.43710327148435496,130,-1,5.877529188509278,104.15901844657492
984,49.2,sturn,192,stanley,0.8,271.225341796875,-310.804443359375,271.7763671875,-310.7577209472656,-179.83145141601562,0.0028909674552587915,0.35,0.0,0.04104797431565919,0.4212341308593865,130,-1,5.878704554210259,104.44345378620451
985,49.25,sturn,192,stanley,0.8,270.931396484375,-310.8056640625,271.7763671875,-310.7577209472656,-179.80967712402344,0.0026726367815185794,0.35,0.0,0.03924289596513675,0.399459838867174,130,-1,5.879835105559044,104.72798654704762
986,49.300000000000004,sturn,192,stanley,0.8,270.6373596191406,-310.8069763183594,269.7764892578125,-310.7783203125,-179.7954559326172,0.0026526169278760473,0.35,0.0,0.03751582960256304,0.38523864746096304,131,-1,5.880989577050126,105.01268298145658
987,49.35,sturn,192,stanley,0.8,270.3432922363281,-310.808349609375,269.7764892578125,-310.7783203125,-179.7752227783203,0.0024443045083760028,0.35,0.0,0.03586207453177703,0.36500549316408376,131,-1,5.882107479690704,105.2974757561632
988,49.400000000000006,sturn,192,stanley,0.8,270.0491638183594,-310.8098449707031,269.7764892578125,-310.7783203125,-179.76246643066406,0.0024224656816849485,0.35,0.0,0.034329755042853724,0.3522491455078229,131,-1,5.883241916788145,105.58240930069502
989,49.45,sturn,192,stanley,0.8,269.75494384765625,-310.8113708496094,269.7764892578125,-310.7783203125,-179.74366760253906,0.002221229491128567,0.35,0.0,0.032827009120076196,0.33345031738280156,131,-1,5.884342599729034,105.8674894483426
990,49.5,sturn,192,stanley,0.8,269.4607238769531,-310.81292724609375,269.7764892578125,-310.7783203125,-179.73233032226562,0.0022262822767218117,0.35,0.0,0.03135477915862832,0.3221130371093526,131,-1,5.885457741233737,106.15262716797699
991,49.550000000000004,sturn,192,stanley,0.8,269.1664123535156,-310.8146057128906,269.7764892578125,-310.7783203125,-179.71485900878906,0.0020289748286118777,0.35,0.0,0.030003670647315184,0.3046417236328158,131,-1,5.886544693882399,106.43793358173474
992,49.6,sturn,192,stanley,0.8,268.8720703125,-310.81634521484375,269.7764892578125,-310.7783203125,-179.7047882080078,0.002029501099895111,0.35,0.0,0.028713279926933385,0.2945709228515653,131,-1,5.887638181811912,106.72333374046545
993,49.650000000000006,sturn,192,stanley,0.8,268.57763671875,-310.8180847167969,267.7765808105469,-310.79888916015625,-179.6885223388672,0.0018490503211321583,0.35,0.0,0.02744018340356898,0.2783050537109408,132,-1,5.8887100864859905,107.0088710310359
994,49.7,sturn,192,stanley,0.8,268.2831726074219,-310.8199462890625,267.7765808105469,-310.79888916015625,-179.6796112060547,0.0018556200890032387,0.35,0.0,0.026270600001593966,0.26939392089846437,132,-1,5.889786648444641,107.2945163648662
995,49.75,sturn,192,stanley,0.8,267.9886474609375,-310.8218078613281,267.7765808105469,-310.79888916015625,-179.66448974609375,0.0016847778439622644,0.35,0.0,0.02510038833616304,0.25427246093751704,132,-1,5.890843572645325,107.58026841106239
996,49.800000000000004,sturn,192,stanley,0.8,267.694091796875,-310.82373046875,267.7765808105469,-310.79888916015625,-179.6566619873047,0.0017087384569445035,0.35,0.0,0.023990894461663456,0.2464447021484317,132,-1,5.891901250581882,107.86611235943778
997,49.85,sturn,192,stanley,0.8,267.39947509765625,-310.8257141113281,267.7765808105469,-310.79888916015625,-179.6424560546875,0.001536940160951583,0.35,0.0,0.022941804246367263,0.23223876953126682,132,-1,5.8929437934429,108.15207730698523
998,49.900000000000006,sturn,192,stanley,0.8,267.10479736328125,-310.8277587890625,267.7765808105469,-310.79888916015625,-179.6355438232422,0.001560029019869152,0.35,0.0,0.021953117690274464,0.2253265380859639,132,-1,5.8939858578510185,108.43816279726562
999,49.95,sturn,192,stanley,0.8,266.81005859375,-310.8298034667969,267.7765808105469,-310.79888916015625,-179.6223602294922,0.0014039813843773259,0.35,0.0,0.020963802870725738,0.2121429443359549,132,-1,5.895007063944611,108.72435338818185
1000,50.0,sturn,192,stanley,0.8,266.51531982421875,-310.8319396972656,265.77667236328125,-310.8194885253906,-179.61634826660156,0.0014351608999028434,0.35,0.0,0.020053756566037587,0.20613098144533742,133,-1,5.896036946093701,109.01061199972466
1001,50.050000000000004,sturn,192,stanley,0.8,266.2204895019531,-310.8341064453125,265.77667236328125,-310.8194885253906,-179.6039581298828,0.0012747226990090733,0.35,0.0,0.019185563196623602,0.19374084472658956,133,-1,5.897040793518625,109.29701196610483
1002,50.1,sturn,192,stanley,0.8,265.92559814453125,-310.8363037109375,265.77667236328125,-310.8194885253906,-179.5987548828125,0.0013129282678063247,0.35,0.0,0.018347257525083354,0.18853759765627934,133,-1,5.898053531143417,109.58352332255129
1003,50.150000000000006,sturn,192,stanley,0.8,265.63067626953125,-310.8385009765625,265.77667236328125,-310.8194885253906,-179.58712768554688,0.001167584799592446,0.35,0.0,0.017508637721815143,0.17691040039064956,133,-1,5.899046107670395,109.87010866959452
1004,50.2,sturn,192,stanley,0.8,265.335693359375,-310.8408203125,265.77667236328125,-310.8194885253906,-179.58261108398438,0.0011983861631077652,0.35,0.0,0.016791453500409635,0.17239379882812528,133,-1,5.900042419605599,110.15682688427168
1005,50.25,sturn,192,stanley,0.8,265.0406799316406,-310.8431091308594,265.77667236328125,-310.8194885253906,-179.57174682617188,0.0010546003872363133,0.35,0.0,0.016043439185946508,0.1615295410156136,133,-1,5.901015994623181,110.44361090655063
1006,50.300000000000004,sturn,192,stanley,0.8,264.74560546875,-310.8454284667969,263.77679443359375,-310.840087890625,-179.5679168701172,0.0011079041425806134,0.35,0.0,0.015312719068500767,0.15769958496097702,134,-1,5.901992774818371,110.73050481027644
1007,50.35,sturn,192,stanley,0.8,264.4504699707031,-310.8478088378906,263.77679443359375,-310.840087890625,-179.5576934814453,0.0009622821307950446,0.35,0.0,0.014654996111114767,0.14747619628906214,134,-1,5.902955802059789,111.01751557741738
1008,50.400000000000006,sturn,192,stanley,0.8,264.1553039550781,-310.8502197265625,263.77679443359375,-310.840087890625,-179.55450439453125,0.0010108928257123628,0.35,0.0,0.01402747498333046,0.14428710937502237,134,-1,5.903918428975884,111.30460584144772
1009,50.45,sturn,192,stanley,0.8,263.8600769042969,-310.85260009765625,263.77679443359375,-310.840087890625,-179.54481506347656,0.0008806359239983579,0.35,0.0,0.013368809630760582,0.1345977783203309,134,-1,5.904864839923785,111.59179024484764
1010,50.5,sturn,192,stanley,0.8,263.5648498535156,-310.8550720214844,263.77679443359375,-310.840087890625,-179.54220581054688,0.0009323203417692077,0.35,0.0,0.012801692162179665,0.13198852539065276,134,-1,5.905813440212739,111.87903843870609
1011,50.550000000000004,sturn,192,stanley,0.8,263.26953125,-310.85748291015625,263.77679443359375,-310.840087890625,-179.53329467773438,0.0008176284613100375,0.35,0.0,0.01217260037575556,0.12307739257812546,134,-1,5.906712414392122,112.1664024906124
1012,50.6,sturn,192,stanley,0.8,262.97418212890625,-310.85986328125,263.77679443359375,-310.840087890625,-179.5311737060547,0.0009026405763598259,0.35,0.0,0.01151267849627384,0.12095642089843067,134,-1,5.905083465271188,112.45383019897125
1013,50.650000000000006,sturn,192,stanley,0.8,262.67877197265625,-310.8625793457031,261.7768859863281,-310.86065673828125,-179.5215606689453,0.0006967756641565996,0.35,0.0,0.011206040520163663,0.11134338378907135,135,-1,5.906956113142301,112.74143780462589
1014,50.7,sturn,192,stanley,0.8,262.38336181640625,-310.865234375,261.7768859863281,-310.86065673828125,-179.5193634033203,0.0007200242486363925,0.35,0.0,0.010820134029192916,0.1091461181640444,135,-1,5.908112026076249,113.02907128356522
1015,50.75,sturn,192,stanley,0.8,262.08795166015625,-310.8677978515625,261.7768859863281,-310.86065673828125,-179.5108642578125,0.0005836310805116201,0.35,0.0,0.010342679654233205,0.1006469726562192,135,-1,5.9096719674606675,113.31672323286824
1016,50.800000000000004,sturn,192,stanley,0.8,261.7924499511719,-310.8704528808594,261.7768859863281,-310.86065673828125,-179.50942993164062,0.0006285765532308281,0.35,0.0,0.009955830768078577,0.09921264648436125,135,-1,5.910203473766846,113.60452559016122
1017,50.85,sturn,192,stanley,0.8,261.4969177246094,-310.873046875,261.7768859863281,-310.86065673828125,-179.5015411376953,0.0005029367249235728,0.35,0.0,0.00950763582753668,0.09132385253909159,135,-1,5.911440258639234,113.89238277279405
1018,50.900000000000006,sturn,192,stanley,0.8,261.2013244628906,-310.87567138671875,261.7768859863281,-310.86065673828125,-179.5006866455078,0.0005713348103990893,0.35,0.0,0.009089328584868519,0.09046936035159524,135,-1,5.911853328742788,114.1803457149479
1019,50.95,sturn,192,stanley,0.8,260.9057312011719,-310.8783264160156,261.7768859863281,-310.86065673828125,-179.49327087402344,0.0004457537768523651,0.35,0.0,0.008701537303530012,0.0830535888671611,135,-1,5.91305941792052,114.4683547483764
1020,51.0,sturn,192,stanley,0.8,260.61004638671875,-310.88104248046875,259.7769775390625,-310.8812561035156,-179.49273681640625,0.0005059258481887121,0.35,0.0,0.008361556180538542,0.0825195312500395,136,-1,5.913481940714924,114.75650567283894
1021,51.050000000000004,sturn,192,stanley,0.8,260.3143615722656,-310.88372802734375,259.7769775390625,-310.8812561035156,-179.48609924316406,0.00039557227741045476,0.35,0.0,0.008003338465345811,0.07588195800782042,136,-1,5.913346768906567,115.04468779720372
1022,51.1,sturn,192,stanley,0.8,260.0188293457031,-310.8863220214844,259.7769775390625,-310.8812561035156,-179.48703002929688,0.0005215396702295633,0.35,0.0,0.007555143524803914,0.07681274414059804,136,-1,5.913745162082347,115.33273830021453
1023,51.150000000000006,sturn,192,stanley,0.8,259.7232666015625,-310.88916015625,259.7769775390625,-310.8812561035156,-179.4805450439453,0.000381792575044154,0.35,0.0,0.007350762143171294,0.07032775878909418,136,-1,5.914752851818388,115.62091282293653
1024,51.2,sturn,192,stanley,0.8,259.427490234375,-310.8919982910156,259.7769775390625,-310.8812561035156,-179.4813995361328,0.0004524338504276007,0.35,0.0,0.007144181839442956,0.07118225097659053,136,-1,5.916575069596173,115.90933247321445
1025,51.25,sturn,192,stanley,0.8,259.13165283203125,-310.894775390625,259.7769775390625,-310.8812561035156,-179.47540283203125,0.00034073859884302957,0.35,0.0,0.006875941349599389,0.06518554687501915,136,-1,5.917605037254098,116.19783451277516
1026,51.300000000000004,sturn,192,stanley,0.8,258.83575439453125,-310.8976135253906,259.7769775390625,-310.8812561035156,-179.476318359375,0.000413092124063211,0.35,0.0,0.006668104518959212,0.0661010742187507,136,-1,5.918405258273792,116.48644684386414
1027,51.35,sturn,192,stanley,0.8,258.53985595703125,-310.9004211425781,257.777099609375,-310.90185546875,-179.47059631347656,0.0003053075177373836,0.35,0.0,0.0064171582261330256,0.060379028320314054,137,-1,5.919127900439703,116.77508871725534
1028,51.400000000000006,sturn,192,stanley,0.8,258.2438659667969,-310.90325927734375,257.777099609375,-310.90185546875,-179.4717254638672,0.0003839267514174888,0.35,0.0,0.006208379000308969,0.061508178710945126,137,-1,5.919839187473875,117.06386299851087
1029,51.45,sturn,192,stanley,0.8,257.9478759765625,-310.90606689453125,257.777099609375,-310.90185546875,-179.46620178222656,0.00027920593203324294,0.35,0.0,0.005969083813155257,0.05598449707031104,137,-1,5.920559054204824,117.35266634015252
1030,51.5,sturn,192,stanley,0.8,257.65185546875,-310.9089050292969,257.777099609375,-310.90185546875,-179.46749877929688,0.00036267316359383714,0.35,0.0,0.0057599904556032405,0.05728149414065253,137,-1,5.921298454445664,117.64154213722662
1031,51.550000000000004,sturn,192,stanley,0.8,257.3557434082031,-310.91168212890625,257.777099609375,-310.90185546875,-179.46226501464844,0.0002731897329068229,0.35,0.0,0.005488922780208036,0.052047729492199254,137,-1,5.921788713823711,117.93052873570439
1032,51.6,sturn,192,stanley,0.8,257.05963134765625,-310.9144592285156,257.777099609375,-310.90185546875,-179.46295166015625,0.0003525315372935837,0.35,0.0,0.005217855104812831,0.05273437500003608,137,-1,5.920640051936026,118.21955066515055
1033,51.650000000000006,sturn,192,stanley,0.8,256.7635192871094,-310.9173278808594,255.7772216796875,-310.92242431640625,-179.45704650878906,0.0002200396499241154,0.35,0.0,0.00505625777387989,0.04682922363279206,138,-1,5.923193634035167,118.50862836359282
1034,51.7,sturn,192,stanley,0.8,256.46734619140625,-310.9202575683594,255.7772216796875,-310.92242431640625,-179.4586181640625,0.0002913437495077447,0.35,0.0,0.004937141641677039,0.04840087890626827,138,-1,5.923536067289756,118.79781401030078
1035,51.75,sturn,192,stanley,0.8,256.171142578125,-310.92315673828125,255.7772216796875,-310.92242431640625,-179.4534912109375,0.00017824042496773052,0.35,0.0,0.004787195416416571,0.04327392578129021,138,-1,5.924822920353662,119.08705694323456
1036,51.800000000000004,sturn,192,stanley,0.8,255.87489318847656,-310.9261169433594,255.7772216796875,-310.92242431640625,-179.45492553710938,0.0002390759690320665,0.35,0.0,0.004697809916223474,0.04470825195314817,138,-1,5.925377052290244,119.37639239307755
1037,51.85,sturn,192,stanley,0.8,255.57862854003906,-310.92901611328125,255.7772216796875,-310.92242431640625,-179.44964599609375,0.00012156316652923578,0.35,0.0,0.004547235427507087,0.03942871093750577,138,-1,5.925680671204796,119.66576295042148
1038,51.900000000000006,sturn,192,stanley,0.8,255.28231811523438,-310.9318542480469,255.7772216796875,-310.92242431640625,-179.45135498046875,0.00021737781393150302,0.35,0.0,0.004335157818539452,0.04113769531249846,138,-1,5.926397396740735,119.95519821573416
1039,51.95,sturn,192,stanley,0.8,254.98597717285156,-310.9347839355469,255.7772216796875,-310.92242431640625,-179.44647216796875,0.0001047410094901741,0.35,0.0,0.004214313961832821,0.03625488281251208,138,-1,5.927466731784797,120.24471719938356
1040,52.0,sturn,192,stanley,0.8,254.68959045410156,-310.9377136230469,253.77732849121094,-310.9430236816406,-179.44845581054688,0.0001910458476716217,0.35,0.0,0.004080562472541877,0.0382385253906395,139,-1,5.927981022559555,120.5343140421435
1041,52.050000000000004,sturn,192,stanley,0.8,254.39320373535156,-310.9405212402344,253.77732849121094,-310.9430236816406,-179.4448699951172,0.00014276347227157681,0.35,0.0,0.003837183572924689,0.03465270996094372,139,-1,5.930792826426547,120.82391679603123
1042,52.1,sturn,192,stanley,0.8,254.09686279296875,-310.9434509277344,253.77732849121094,-310.9430236816406,-179.44705200195312,0.0002322350579958527,0.35,0.0,0.0037163397162180583,0.036834716796873695,139,-1,5.9340048856519285,121.11353482616026
1043,52.150000000000006,sturn,192,stanley,0.8,253.80038452148438,-310.94659423828125,253.77732849121094,-310.9430236816406,-179.44265747070312,8.640486752110147e-05,0.35,0.0,0.0038076939960431893,0.03244018554687069,139,-1,5.933224473002629,121.40336650355411
1044,52.2,sturn,192,stanley,0.8,253.50376892089844,-310.9495849609375,253.77732849121094,-310.9430236816406,-179.44590759277344,0.0001932733939936692,0.35,0.0,0.0037450548764442287,0.03569030761719655,139,-1,5.934529700776934,121.69333060465144
1045,52.25,sturn,192,stanley,0.8,253.2071075439453,-310.9524230957031,253.77732849121094,-310.9430236816406,-179.4421844482422,0.00013435097733415906,0.35,0.0,0.0035293647526050574,0.0319671630859334,139,-1,5.933426378117312,121.98333786413384
1046,52.300000000000004,sturn,192,stanley,0.8,252.91043090820312,-310.955322265625,253.77732849121094,-310.9430236816406,-179.44500732421875,0.00024918733141081735,0.35,0.0,0.0033745494855612138,0.03479003906251108,139,-1,5.9335231412164235,122.27340539480372
1047,52.35,sturn,192,stanley,0.8,252.61376953125,-310.9582824707031,251.77743530273438,-310.9635925292969,-179.4418487548828,0.0001756650115729249,0.35,0.0,0.0032990027333779414,0.031631469726563465,140,-1,5.933916082143137,122.56350310654244
1048,52.400000000000006,sturn,192,stanley,0.8,252.31703186035156,-310.96124267578125,251.77743530273438,-310.9635925292969,-179.44483947753906,0.00028215682114310017,0.35,0.0,0.0032045911255374868,0.03462219238280067,140,-1,5.9356442067241995,122.8537066899713
1049,52.45,sturn,192,stanley,0.8,252.02024841308594,-310.9641418457031,251.77743530273438,-310.9635925292969,-179.44110107421875,0.00020976692333189015,0.35,0.0,0.0030486763974457848,0.030883789062542334,140,-1,5.935831313527161,123.14397286251916
1050,52.5,sturn,192,stanley,0.8,251.7234344482422,-310.96710205078125,251.77743530273438,-310.9635925292969,-179.44395446777344,0.0003124504796916392,0.35,0.0,0.002953479460285431,0.033737182617212175,140,-1,5.937241802739483,123.43431315820945
1051,52.550000000000004,sturn,192,stanley,0.8,251.42654418945312,-310.969970703125,251.77743530273438,-310.9635925292969,-179.44021606445312,0.0002469916905934314,0.35,0.0,0.0027659493098162154,0.029998779296852057,140,-1,5.937124436743266,123.72473886021423
1052,52.6,sturn,192,stanley,0.8,251.12933349609375,-310.9729919433594,251.77743530273438,-310.9635925292969,-179.4427947998047,0.00032952988813422524,0.35,0.0,0.0027277005828516944,0.032577514648438055,140,-1,5.941302323153925,124.01554111136424
1053,52.650000000000006,sturn,192,stanley,0.8,250.83204650878906,-310.97607421875,251.77743530273438,-310.9635925292969,-179.43829345703125,0.00019628551359191106,0.35,0.0,0.002749698449226583,0.028076171875010728,140,-1,5.943403934432334,124.30646142620115
1054,52.7,sturn,192,stanley,0.8,250.5348358154297,-310.97906494140625,249.7775421142578,-310.98419189453125,-179.44012451171875,0.00026638604375259857,0.35,0.0,0.0026684973259400334,0.029907226562473813,141,-1,5.942314207495145,124.59731764175221
1055,52.75,sturn,192,stanley,0.8,250.2377471923828,-310.98193359375,249.7775421142578,-310.98419189453125,-179.4354248046875,0.00017386643928353395,0.35,0.0,0.002478925319239078,0.02520751953129481,141,-1,5.942077654294508,124.88805838682593
1056,52.800000000000004,sturn,192,stanley,0.8,249.940673828125,-310.98486328125,249.7775421142578,-310.98419189453125,-179.43724060058594,0.00025407423609857723,0.35,0.0,0.0023505423010614125,0.02702331542971182,141,-1,5.94245214626791,125.17882719871363
1057,52.85,sturn,192,stanley,0.8,249.64352416992188,-310.9877624511719,249.7775421142578,-310.98419189453125,-179.4324188232422,0.00015155324538201177,0.35,0.0,0.0021908579922341924,0.02220153808596064,141,-1,5.9430960056091475,125.46969360858738
1058,52.900000000000006,sturn,192,stanley,0.8,249.34637451171875,-310.9906921386719,249.7775421142578,-310.98419189453125,-179.43446350097656,0.00023849142677076138,0.35,0.0,0.002061689644736627,0.02424621582032326,141,-1,5.943820077620313,125.7605959825788
1059,52.95,sturn,192,stanley,0.8,249.04920959472656,-310.99359130859375,249.7775421142578,-310.98419189453125,-179.42982482910156,0.0001412276165147985,0.35,0.0,0.0019018482700454281,0.019607543945328567,141,-1,5.944549183468162,126.0515359729952
1060,53.0,sturn,192,stanley,0.8,248.751953125,-310.9966125488281,247.77764892578125,-311.0047607421875,-179.43197631835938,0.00020729535795021783,0.35,0.0,0.0018812078718262477,0.021759033203115504,142,-1,5.945258177309322,126.34262042525604
1061,53.050000000000004,sturn,192,stanley,0.8,248.45468139648438,-310.9996337890625,247.77764892578125,-311.0047607421875,-179.4274444580078,8.642416183098367e-05,0.35,0.0,0.0018423308814058065,0.017227172851545132,142,-1,5.945942825619816,126.63374853608973
1062,53.1,sturn,192,stanley,0.8,248.1573944091797,-311.0026550292969,247.77764892578125,-311.0047607421875,-179.42987060546875,0.0001643842943657643,0.35,0.0,0.001803296825121386,0.019653320312517687,142,-1,5.946604979161214,126.92492011228995
1063,53.150000000000006,sturn,192,stanley,0.8,247.8600311279297,-311.0056457519531,247.77764892578125,-311.0047607421875,-179.4256591796875,5.958879425866429e-05,0.35,0.0,0.001732961478187411,0.015441894531220277,142,-1,5.947244407159041,127.21618817182701
1064,53.2,sturn,192,stanley,0.8,247.5626678466797,-311.0086975097656,247.77764892578125,-311.0047607421875,-179.42825317382812,0.00013579164418173697,0.35,0.0,0.0017236580539127452,0.01803588867190324,142,-1,5.947872221884483,127.50749730742676
1065,53.25,sturn,192,stanley,0.8,247.2653045654297,-311.0116882324219,247.77764892578125,-311.0047607421875,-179.4242706298828,3.752886721197753e-05,0.35,0.0,0.0016533227069787703,0.014053344726602331,142,-1,5.948486232370757,127.79882156298964
1066,53.300000000000004,sturn,192,stanley,0.8,246.9678497314453,-311.0147399902344,247.77764892578125,-311.0047607421875,-179.42701721191406,0.00011829525445289845,0.35,0.0,0.0016430768875202242,0.016799926757847847,142,-1,5.9490930325502855,128.09027596800803
1067,53.35,sturn,192,stanley,0.8,246.67037963867188,-311.01776123046875,245.7777557373047,-311.0253601074219,-179.4231414794922,1.9340528017742198e-05,0.35,0.0,0.0015897216058756722,0.012924194335971256,143,-1,5.949687966921421,128.38176649870618
1068,53.400000000000006,sturn,192,stanley,0.8,246.37294006347656,-311.0207824707031,245.7777557373047,-311.0253601074219,-179.42605590820312,0.00011158175402179382,0.35,0.0,0.001549116890951453,0.015838623046876294,143,-1,5.9502832401288845,128.67325462630365
1069,53.45,sturn,192,stanley,0.8,246.07540893554688,-311.0238037109375,245.7777557373047,-311.0253601074219,-179.42225646972656,1.2203100044232005e-05,0.35,0.0,0.0015075697808433531,0.012039184570331868,143,-1,5.950865913691303,128.96485954190982
1070,53.5,sturn,192,stanley,0.8,245.77784729003906,-311.02685546875,245.7777557373047,-311.0253601074219,-179.42523193359375,9.974519477810894e-05,0.35,0.0,0.001496224500336949,0.015014648437522995,143,-1,5.951445467692129,129.25652773958106
1071,53.550000000000004,sturn,192,stanley,0.8,245.48028564453125,-311.02984619140625,245.7777557373047,-311.0253601074219,-179.42152404785156,9.762471866854197e-06,0.35,0.0,0.0014238472971712349,0.011306762695356812,143,-1,5.95201991951383,129.5482101396251
1072,53.6,sturn,192,stanley,0.8,245.1826934814453,-311.03289794921875,245.7777557373047,-311.0253601074219,-179.42454528808594,9.867876683353118e-05,0.35,0.0,0.0014121878849368717,0.014328002929686171,143,-1,5.95258956189879,129.8399617929877
1073,53.650000000000006,sturn,192,stanley,0.8,244.88504028320312,-311.035888671875,245.7777557373047,-311.0253601074219,-179.42079162597656,7.590065827246991e-06,0.35,0.0,0.0013388682865872782,0.010574340820330867,143,-1,5.9531531054209115,130.1317870636341
1074,53.7,sturn,192,stanley,0.8,244.58737182617188,-311.0389404296875,243.77786254882812,-311.04595947265625,-179.42381286621094,9.941199690939823e-05,0.35,0.0,0.0013139871100406424,0.013595581054711115,144,-1,5.953714160572875,130.4236662679864
1075,53.75,sturn,192,stanley,0.8,244.2897186279297,-311.04193115234375,243.77786254882812,-311.04595947265625,-179.42013549804688,1.0497542763683806e-05,0.35,0.0,0.0012406675116910498,0.009918212890637086,144,-1,5.954267267491837,130.71554415480094
1076,53.800000000000004,sturn,192,stanley,0.8,243.9919891357422,-311.04498291015625,243.77786254882812,-311.04595947265625,-179.42312622070312,9.88471061480459e-05,0.35,0.0,0.0012275945066808657,0.01290893554687429,144,-1,5.9548183731846045,131.00753530559328
1077,53.85,sturn,192,stanley,0.8,243.69422912597656,-311.0480041503906,243.77786254882812,-311.04595947265625,-179.41946411132812,3.894819364303705e-06,0.35,0.0,0.0011836914086130682,0.009246826171897229,144,-1,5.95536715656418,131.299575912653
1078,53.900000000000006,sturn,192,stanley,0.8,243.396484375,-311.0510559082031,243.77786254882812,-311.04595947265625,-179.42245483398438,9.227692523045511e-05,0.35,0.0,0.0011704613377389048,0.012237548828134433,144,-1,5.955911450596869,131.5916335317203
1079,53.95,sturn,192,stanley,0.8,243.0987091064453,-311.0540466308594,243.77786254882812,-311.04595947265625,-179.41880798339844,4.501205250095295e-06,0.35,0.0,0.0010958852124774727,0.008590698242203449,144,-1,5.956450621062086,131.88373406809083
1080,54.0,sturn,192,stanley,0.8,242.8008575439453,-311.0570983886719,243.77786254882812,-311.04595947265625,-179.42184448242188,9.443020181740108e-05,0.35,0.0,0.0010815556805554502,0.011627197265629774,144,-1,5.956984512555279,132.17594712653525
1081,54.050000000000004,sturn,192,stanley,0.8,242.5030059814453,-311.06011962890625,241.77796936035156,-311.0665283203125,-179.41818237304688,-4.29654765625976e-06,0.35,0.0,0.0010547897136410555,0.007965087890601824,145,-1,5.95751278639841,132.4681791666206
1082,54.1,sturn,192,stanley,0.8,242.2051544189453,-311.0631408691406,241.77796936035156,-311.0665283203125,-179.42127990722656,9.408233792384845e-05,0.35,0.0,0.0010099442203893782,0.011062622070314238,145,-1,5.958041242835373,132.76043625269352
1083,54.150000000000006,sturn,192,stanley,0.8,241.90724182128906,-311.0661315917969,241.77796936035156,-311.0665283203125,-179.41763305664062,6.6076013347372e-06,0.35,0.0,0.0009339545023521276,0.007415771484383254,145,-1,5.958561955399209,133.05277181187827
1084,54.2,sturn,192,stanley,0.8,241.6092987060547,-311.0691833496094,241.77796936035156,-311.0665283203125,-179.42066955566406,9.673883874839284e-05,0.35,0.0,0.0009186825752462257,0.010452270507809579,145,-1,5.9590796943537905,133.34517434491832
1085,54.25,sturn,192,stanley,0.8,241.31134033203125,-311.07220458984375,241.77796936035156,-311.0665283203125,-179.41700744628906,2.2208909243839417e-06,0.35,0.0,0.0008727376209466901,0.006790161132832519,145,-1,5.959592271969352,133.63761021542965
1086,54.300000000000004,sturn,192,stanley,0.8,241.01339721679688,-311.07525634765625,241.77796936035156,-311.0665283203125,-179.4200439453125,9.23500372048836e-05,0.35,0.0,0.0008574656938407869,0.009826660156258844,145,-1,5.960099375633453,133.9300616922983
1087,54.35,sturn,192,stanley,0.8,240.71536254882812,-311.0782470703125,239.778076171875,-311.0871276855469,-179.41639709472656,7.874487056249476e-06,0.35,0.0,0.0007677830138993254,0.00617980957032786,146,-1,5.960598532792515,134.22261482677595
1088,54.400000000000006,sturn,192,stanley,0.8,240.4173126220703,-311.081298828125,239.778076171875,-311.0871276855469,-179.41944885253906,9.86785087076849e-05,0.35,0.0,0.0007514116257455634,0.009231567382851151,146,-1,5.961101983823329,134.51521927392992
1089,54.45,sturn,192,stanley,0.8,240.11927795410156,-311.0843200683594,239.778076171875,-311.0871276855469,-179.4157257080078,2.58215050308788e-06,0.35,0.0,0.0007046813421261282,0.005508422851537113,146,-1,5.96159646952611,134.80782659615022
1090,54.5,sturn,192,stanley,0.8,239.82122802734375,-311.08734130859375,239.778076171875,-311.0871276855469,-179.41880798339844,0.00010095901180595676,0.35,0.0,0.0006577939926427129,0.008590698242203449,146,-1,5.962084959054708,135.10047266547718
1091,54.550000000000004,sturn,192,stanley,0.8,239.52310180664062,-311.0903625488281,239.778076171875,-311.0871276855469,-179.41506958007812,4.630081882611982e-06,0.35,0.0,0.000610121313839398,0.0048522949218942225,146,-1,5.962570934035259,135.39321714401763
1092,54.6,sturn,192,stanley,0.8,239.22496032714844,-311.0934143066406,239.778076171875,-311.0871276855469,-179.41815185546875,9.650849309038058e-05,0.35,0.0,0.0005928075305017579,0.00793457031250967,146,-1,5.963056590200792,135.68600614515486
1093,54.650000000000006,sturn,192,stanley,0.8,238.9268035888672,-311.0964050292969,239.778076171875,-311.0871276855469,-179.4144287109375,7.382920871061363e-06,0.35,0.0,0.0005143047586408274,0.00421142578124652,146,-1,5.963534824111512,135.9788213255922
1094,54.7,sturn,192,stanley,0.8,238.628662109375,-311.0994567871094,237.77818298339844,-311.1076965332031,-179.41749572753906,9.48528648927907e-05,0.35,0.0,0.0005150705016404699,0.00727844238281589,147,-1,5.964012460386899,136.27165686032927
1095,54.75,sturn,192,stanley,0.8,238.3304443359375,-311.1024475097656,237.77818298339844,-311.1076965332031,-179.41380310058594,6.732912720800849e-06,0.35,0.0,0.000435939466323621,0.003585815429695784,147,-1,5.964483018423675,136.56457815905725
1096,54.800000000000004,sturn,192,stanley,0.8,238.03219604492188,-311.1054992675781,237.77818298339844,-311.1076965332031,-179.41683959960938,9.754023577524714e-05,0.35,0.0,0.0004175262219381212,0.006622314453122109,147,-1,5.964953021402889,136.8575643510766
1097,54.85,sturn,192,stanley,0.8,237.7339630126953,-311.1085205078125,237.77818298339844,-311.1076965332031,-179.41314697265625,2.7509231448052165e-06,0.35,0.0,0.0003687540820869471,0.0029296875000020045,147,-1,5.965416493099089,137.15055233079505
1098,54.900000000000006,sturn,192,stanley,0.8,237.4357147216797,-311.1115417480469,237.77818298339844,-311.1076965332031,-179.41619873046875,0.00010069108435531188,0.35,0.0,0.0003198248763717931,0.005981445312474407,147,-1,5.965875902514376,137.44357790062475
1099,54.95,sturn,192,stanley,0.8,237.13742065429688,-311.11456298828125,237.77818298339844,-311.1076965332031,-179.4125213623047,6.4722801656309445e-06,0.35,0.0,0.00027042447306469854,0.0023040771484512685,147,-1,5.966335653105725,137.73667084582613
1100,55.0,sturn,192,stanley,0.8,236.83908081054688,-311.11761474609375,237.77818298339844,-311.1076965332031,-179.41554260253906,9.704620660451973e-05,0.35,0.0,0.00025106883349531976,0.005325317382831516,147,-1,5.966789397985232,138.0298370014287
1101,55.050000000000004,sturn,192,stanley,0.8,236.54074096679688,-311.12060546875,235.77828979492188,-311.1282958984375,-179.41184997558594,1.1918622704254031e-05,0.35,0.0,0.00015824483627426,0.0016326904296605222,148,-1,5.967238546428789,138.32301343749447
1102,55.1,sturn,192,stanley,0.8,236.24240112304688,-311.1236572265625,235.77828979492188,-311.1282958984375,-179.4148712158203,0.00010248998017595548,0.35,0.0,0.00013888919670488123,0.00465393066404077,148,-1,5.967681929522604,138.61622385892875
1103,55.150000000000006,sturn,192,stanley,0.8,235.94403076171875,-311.12664794921875,235.77828979492188,-311.1282958984375,-179.4111328125,1.3389526838084599e-05,0.35,0.0,5.8187502748233144e-05,0.000915527343782432,148,-1,5.96812495246551,138.90947426347856
1104,55.2,sturn,192,stanley,0.8,235.64559936523438,-311.12969970703125,235.77828979492188,-311.1282958984375,-179.41412353515625,0.00010329347098297804,0.35,0.0,3.788946799497474e-05,0.003906249999968747,148,-1,5.968568778702346,139.2028182078716
1105,55.25,sturn,192,stanley,0.8,235.34716796875,-311.1327209472656,235.77828979492188,-311.1282958984375,-179.41041564941406,8.503232455008533e-06,0.35,0.0,-1.2924528087938057e-05,0.00019836425780256396,148,-1,5.969001771249391,139.49617789315948
1106,55.300000000000004,sturn,192,stanley,0.8,235.04872131347656,-311.1357421875,235.77828979492188,-311.1282958984375,-179.41343688964844,0.00010600657641153005,0.35,0.0,-6.389559003483047e-05,0.0032196044921828115,148,-1,5.969434982422874,139.78957408582076
1107,55.35,sturn,192,stanley,0.8,234.7502899169922,-311.1387939453125,233.7783966064453,-311.1488952636719,-179.4097137451172,6.811020400464223e-06,0.35,0.0,-9.663005978046216e-05,-0.0005035400390294486,149,-1,5.969863778395489,140.08298259373825
1108,55.400000000000006,sturn,192,stanley,0.8,234.45179748535156,-311.1418151855469,233.7783966064453,-311.1488952636719,-179.41270446777344,0.00010354287525782723,0.35,0.0,-0.00014807231931929406,0.002487182617156866,149,-1,5.970291696802062,140.37646636627733
1109,55.45,sturn,192,stanley,0.8,234.15325927734375,-311.1449279785156,233.7783966064453,-311.1488952636719,-179.4090118408203,-1.065646913383096e-05,0.35,0.0,-0.00010843789246110227,-0.0012054443359632392,149,-1,5.970712821844305,140.67003378966206
1110,55.5,sturn,192,stanley,0.8,233.85472106933594,-311.1480407714844,233.7783966064453,-311.1488952636719,-179.4120635986328,6.784212842240988e-05,0.35,0.0,-6.880346560291114e-05,0.0018463134765600525,149,-1,5.971130861663971,140.9636221611412
1111,55.550000000000004,sturn,192,stanley,0.8,233.55618286132812,-311.1511535644531,233.7783966064453,-311.1488952636719,-179.40850830078125,-4.2431069681004464e-05,0.35,0.0,-2.916903874471957e-05,-0.0017089843749926877,149,-1,5.971543304519781,141.2572313500995
1112,55.6,sturn,192,stanley,0.8,233.2576446533203,-311.15423583984375,233.7783966064453,-311.1488952636719,-179.41172790527344,4.7557554572920164e-05,0.35,0.0,-2.005057321618261e-05,0.0015106201171901238,149,-1,5.9719601070955965,141.55085540008727
1113,55.650000000000006,sturn,192,stanley,0.8,232.95901489257812,-311.15728759765625,233.7783966064453,-311.1488952636719,-179.40830993652344,-4.5200315439683564e-05,0.35,0.0,-4.2390464201180755e-05,-0.0019073486327952516,149,-1,5.972367773026462,141.84458409186746
1114,55.7,sturn,192,stanley,0.8,232.66038513183594,-311.1603698730469,231.7784881591797,-311.1694641113281,-179.41163635253906,4.404814821693806e-05,0.35,0.0,-1.5977801655261623e-05,0.0014190673828118807,150,-1,5.972774360967521,142.13833907840697
1115,55.75,sturn,192,stanley,0.8,232.36175537109375,-311.1634521484375,231.7784881591797,-311.1694641113281,-179.40829467773438,-5.3221112476025256e-05,0.35,0.0,-7.801731310603209e-06,-0.0019226074218413292,150,-1,5.97317638012961,142.4321144061632
1116,55.800000000000004,sturn,192,stanley,0.8,232.06312561035156,-311.16650390625,231.7784881591797,-311.1694641113281,-179.41163635253906,4.715288409390221e-05,0.35,0.0,-3.014162229559962e-05,0.0014190673828118807,150,-1,5.973577167910612,142.72590416797053
1117,55.85,sturn,192,stanley,0.8,231.76446533203125,-311.1695556640625,231.7784881591797,-311.1694641113281,-179.40830993652344,-4.29217864535053e-05,0.35,0.0,-5.279564500855629e-05,-0.0019073486327952516,150,-1,5.973974587460315,143.01974401033144
1118,55.900000000000006,sturn,192,stanley,0.8,231.4657440185547,-311.1726379394531,231.7784881591797,-311.1694641113281,-179.41165161132812,5.096821282317224e-05,0.35,0.0,-4.5561969847777994e-05,0.001434326171857958,150,-1,5.974365584888452,143.31366954437308
1119,55.95,sturn,192,stanley,0.8,231.16700744628906,-311.17572021484375,231.7784881591797,-311.1694641113281,-179.40830993652344,-4.60599963024901e-05,0.35,0.0,-3.8485360550980126e-05,-0.0019073486327952516,150,-1,5.974754891027777,143.60762992170967
1120,56.0,sturn,192,stanley,0.8,230.86827087402344,-311.1788024902344,231.7784881591797,-311.1694641113281,-179.41163635253906,4.742887830863821e-05,0.35,0.0,-3.140875125418052e-05,0.0014190673828118807,150,-1,5.9751433752374155,143.90161003709352
1121,56.050000000000004,sturn,192,stanley,0.8,230.56954956054688,-311.1818542480469,229.7786102294922,-311.1900634765625,-179.40829467773438,-4.018532205270113e-05,0.35,0.0,-6.728453827940968e-05,-0.0019226074218413292,151,-1,5.975527365722271,144.19558905611834
1122,56.1,sturn,192,stanley,0.8,230.2707977294922,-311.1849670410156,229.7786102294922,-311.1900634765625,-179.41163635253906,4.708618556007481e-05,0.35,0.0,-2.9849033516936817e-05,0.0014190673828118807,151,-1,5.975908374325836,144.4896290000841
1123,56.150000000000006,sturn,192,stanley,0.8,229.9719696044922,-311.18804931640625,229.7786102294922,-311.1900634765625,-179.40823364257812,-5.147873798516204e-05,0.35,0.0,-2.371481940401793e-05,-0.0019836425781274173,151,-1,5.976286118125275,144.78375754852846
1124,56.2,sturn,192,stanley,0.8,229.6731414794922,-311.1911315917969,229.7786102294922,-311.1900634765625,-179.41163635253906,4.4397079379525626e-05,0.35,0.0,-1.7580605291099257e-05,0.0014190673828118807,151,-1,5.976661158284831,145.07790537038238
1125,56.25,sturn,192,stanley,0.8,229.3743133544922,-311.1942443847656,229.7786102294922,-311.1900634765625,-179.40823364257812,-6.08538027301388e-05,0.35,0.0,1.9069570151473807e-05,-0.0019836425781274173,151,-1,5.9770351255647824,145.37207803078817
1126,56.300000000000004,sturn,192,stanley,0.8,229.0754852294922,-311.19732666015625,229.7786102294922,-311.1900634765625,-179.41163635253906,3.5022765030953136e-05,0.35,0.0,2.5203784264393563e-05,0.0014190673828118807,151,-1,5.9774033539654985,145.66626403858615
1127,56.35,sturn,192,stanley,0.8,228.7766571044922,-311.2004089355469,227.77870178222656,-311.21063232421875,-179.4083709716797,-6.361267910942183e-05,0.35,0.0,4.957459057857404e-05,-0.0018463134765600525,152,-1,5.9777710305376885,145.960468971657
1128,56.400000000000006,sturn,192,stanley,0.8,228.47775268554688,-311.2034912109375,227.77870178222656,-311.21063232421875,-179.4117889404297,3.287245814360498e-05,0.35,0.0,5.4923475371593776e-05,0.0015716552734762119,152,-1,5.978132647672386,146.2547676908948
1129,56.45,sturn,192,stanley,0.8,228.17881774902344,-311.20654296875,227.77870178222656,-311.21063232421875,-179.40855407714844,-5.396970118725288e-05,0.35,0.0,2.944226710699903e-05,-0.0016632080078035662,152,-1,5.978491764948768,146.5491094709574
1130,56.5,sturn,192,stanley,0.8,227.87989807128906,-311.2095947265625,227.77870178222656,-311.21063232421875,-179.41195678710938,4.879801471462951e-05,0.35,0.0,4.118124706384112e-06,0.0017395019531357319,152,-1,5.978851245479912,146.84345487467533
1131,56.550000000000004,sturn,192,stanley,0.8,227.5809783935547,-311.2126770019531,227.77870178222656,-311.21063232421875,-179.4086456298828,-4.6943582253091784e-05,0.35,0.0,9.30994363542402e-06,-0.001571655273425323,152,-1,5.9792034727009025,147.13782440310138
1132,56.6,sturn,192,stanley,0.8,227.28204345703125,-311.21575927734375,227.77870178222656,-311.21063232421875,-179.41201782226562,4.830220068744869e-05,0.35,0.0,1.4344696700483231e-05,0.001800537109370931,152,-1,5.979555777994482,147.43222730546336
1133,56.650000000000006,sturn,192,stanley,0.8,226.9830780029297,-311.21881103515625,227.77870178222656,-311.21063232421875,-179.4086456298828,-4.239670944900734e-05,0.35,0.0,-1.1450643292070309e-05,-0.001571655273425323,152,-1,5.979904059612629,147.72667287821056
1134,56.7,sturn,192,stanley,0.8,226.68405151367188,-311.2218933105469,225.77880859375,-311.2312316894531,-179.41201782226562,5.577877153462831e-05,0.35,0.0,-1.9794720403263147e-05,0.001800537109370931,153,-1,5.980251650828592,148.0212022239708
1135,56.75,sturn,192,stanley,0.8,226.38504028320312,-311.2250061035156,225.77880859375,-311.2312316894531,-179.40863037109375,-4.8618646083943264e-05,0.35,0.0,1.497066467155174e-05,-0.0015869140625222895,153,-1,5.980594309943934,148.31574020497976
1136,56.800000000000004,sturn,192,stanley,0.8,226.0860137939453,-311.2281494140625,225.77880859375,-311.2312316894531,-179.41195678710938,3.2162035603549e-05,0.35,0.0,8.009494521204075e-05,0.0017395019531357319,153,-1,5.980935483854602,148.61031668554207
1137,56.85,sturn,192,stanley,0.8,225.7869873046875,-311.2312316894531,225.77880859375,-311.2312316894531,-179.40863037109375,-6.377346236758239e-05,0.35,0.0,8.418730309322153e-05,-0.0015869140625222895,153,-1,5.981274332753197,148.9048998623952
1138,56.900000000000006,sturn,192,stanley,0.8,225.4879608154297,-311.23431396484375,225.77880859375,-311.2312316894531,-179.4120635986328,3.342380123056515e-05,0.35,0.0,8.827966097440208e-05,0.0018463134765600525,153,-1,5.981609211485584,149.19950078122307
1139,56.95,sturn,192,stanley,0.8,225.1888885498047,-311.2373962402344,225.77880859375,-311.2312316894531,-179.4087677001953,-6.153642047415326e-05,0.35,0.0,9.190082126364282e-05,-0.0014495849609040357,153,-1,5.9819435308409235,149.49416435449254
1140,57.0,sturn,192,stanley,0.8,224.88975524902344,-311.2404479980469,225.77880859375,-311.2312316894531,-179.41224670410156,4.389005635853927e-05,0.35,0.0,6.437775676730942e-05,0.002029418945316539,153,-1,5.982275661391735,149.78889996936226
1141,57.050000000000004,sturn,192,stanley,0.8,224.59063720703125,-311.2434997558594,223.77891540527344,-311.2518005371094,-179.408935546875,-4.8680816392199226e-05,0.35,0.0,5.50912844722376e-05,-0.0012817382812445159,154,-1,5.982602574614598,150.0836380399034
1142,57.1,sturn,192,stanley,0.8,224.29151916503906,-311.24658203125,223.77891540527344,-311.2518005371094,-179.4123077392578,4.697869072339537e-05,0.35,0.0,5.824124716953885e-05,0.002090454101551738,154,-1,5.982928207986454,150.3783989728206
1143,57.150000000000006,sturn,192,stanley,0.8,223.99240112304688,-311.2496643066406,223.77891540527344,-311.2518005371094,-179.4090118408203,-4.787861256688067e-05,0.35,0.0,6.13912098668401e-05,-0.0012054443359632392,154,-1,5.983251701693862,150.6731771423561
1144,57.2,sturn,192,stanley,0.8,223.6932830810547,-311.25274658203125,223.77891540527344,-311.2518005371094,-179.41232299804688,4.6037163356058796e-05,0.35,0.0,6.454117256414114e-05,0.0021057128905978156,154,-1,5.9835691653063705,150.96797244754188
1145,57.25,sturn,192,stanley,0.8,223.39410400390625,-311.255859375,223.77891540527344,-311.2518005371094,-179.40902709960938,-5.5361142497857285e-05,0.35,0.0,9.757883313517724e-05,-0.0011901855468662726,154,-1,5.983888788149351,151.26285030698233
1146,57.300000000000004,sturn,192,stanley,0.8,223.09487915039062,-311.2589416503906,223.77891540527344,-311.2518005371094,-179.4123992919922,4.053958105114779e-05,0.35,0.0,9.962933478461881e-05,0.0021820068359299813,154,-1,5.984200843458332,151.5577846633374
1147,57.35,sturn,192,stanley,0.8,222.795654296875,-311.2619934082031,223.77891540527344,-311.2518005371094,-179.4090576171875,-4.870647481005914e-05,0.35,0.0,7.11638751044047e-05,-0.0011596679687232287,154,-1,5.984515170882264,151.85273041656646
1148,57.400000000000006,sturn,192,stanley,0.8,222.49644470214844,-311.26507568359375,221.77902221679688,-311.27239990234375,-179.4124298095703,4.9880994369398904e-05,0.35,0.0,6.093500762545563e-05,0.0022125244140730254,155,-1,5.984823622535946,152.14768337104562
1149,57.45,sturn,192,stanley,0.8,222.1972198486328,-311.2681884765625,221.77902221679688,-311.27239990234375,-179.40908813476562,-5.2720668354244985e-05,0.35,0.0,9.350147060455203e-05,-0.0011291503906310735,155,-1,5.985132387792895,152.44267342697606
1150,57.5,sturn,192,stanley,0.8,221.89801025390625,-311.2712707519531,221.77902221679688,-311.27239990234375,-179.41244506835938,4.270974005536763e-05,0.35,0.0,9.570903811797343e-05,0.002227783203119103,155,-1,5.985435891779978,152.7376595821099
1151,57.550000000000004,sturn,192,stanley,0.8,221.59873962402344,-311.2743835449219,221.77902221679688,-311.27239990234375,-179.40914916992188,-5.8479835120491065e-05,0.35,0.0,0.00012780430350513012,-0.0010681152343449854,155,-1,5.985739742741312,153.03272767890704
1152,57.6,sturn,192,stanley,0.8,221.29942321777344,-311.2774658203125,221.77902221679688,-311.27239990234375,-179.41253662109375,3.806344692504219e-05,0.35,0.0,0.00012891240997069293,0.002319335937497346,155,-1,5.986037946293362,153.32785177812758
1153,57.650000000000006,sturn,192,stanley,0.8,221.00010681152344,-311.2805480957031,221.77902221679688,-311.27239990234375,-179.4092559814453,-5.5910121276871485e-05,0.35,0.0,0.00013002051643625466,-0.0009613037109206646,155,-1,5.986337479384102,153.62299216122352
1154,57.7,sturn,192,stanley,0.8,220.70079040527344,-311.28363037109375,219.7791290283203,-311.2929992675781,-179.41265869140625,4.378971617484063e-05,0.35,0.0,0.00011869218790944505,0.002441406250018633,156,-1,5.986632467890207,153.91814873452117
1155,57.75,sturn,192,stanley,0.8,220.40147399902344,-311.28668212890625,219.7791290283203,-311.2929992675781,-179.40931701660156,-4.5252571949860526e-05,0.35,0.0,8.928433304535282e-05,-0.0009002685546854655,156,-1,5.986926877558291,154.2133160303875
1156,57.800000000000004,sturn,192,stanley,0.8,220.10215759277344,-311.2897644042969,219.7791290283203,-311.2929992675781,-179.41270446777344,5.129030741494558e-05,0.35,0.0,9.039243951091541e-05,0.002487182617156866,156,-1,5.987215838903245,154.5085047155682
1157,57.85,sturn,192,stanley,0.8,219.80284118652344,-311.2928771972656,219.7791290283203,-311.2929992675781,-179.40931701660156,-5.241003719667904e-05,0.35,0.0,0.00012201650730613253,-0.0009002685546854655,156,-1,5.987504571660862,154.80371466952704
1158,57.900000000000006,sturn,192,stanley,0.8,219.50347900390625,-311.29595947265625,219.7791290283203,-311.2929992675781,-179.41270446777344,4.423623760367834e-05,0.35,0.0,0.0001226534161797555,0.002487182617156866,156,-1,5.987786601300934,155.0989801496062
1159,57.95,sturn,192,stanley,0.8,219.2040557861328,-311.299072265625,219.7791290283203,-311.2929992675781,-179.4093780517578,-5.747881123201998e-05,0.35,0.0,0.00015317802292711367,-0.0008392333984502663,156,-1,5.9880713956965606,155.3943267982363
1160,58.0,sturn,192,stanley,0.8,218.90464782714844,-311.3021545410156,219.7791290283203,-311.2929992675781,-179.41275024414062,3.88348800304364e-05,0.35,0.0,0.00015334373420879642,0.0025329589843968766,156,-1,5.98835338816181,155.68966873123236
1161,58.050000000000004,sturn,192,stanley,0.8,218.605224609375,-311.30523681640625,217.77923583984375,-311.3135681152344,-179.40943908691406,-5.972363658468935e-05,0.35,0.0,0.0001714319059637811,-0.0007781982421641783,157,-1,5.988633371984433,155.98504125373478
1162,58.1,sturn,192,stanley,0.8,218.30581665039062,-311.3083190917969,217.77923583984375,-311.3135681152344,-179.41287231445312,3.833407763988058e-05,0.35,0.0,0.0001715976172454647,0.002655029296867275,157,-1,5.988910623292778,156.28041422755334
1163,58.150000000000006,sturn,192,stanley,0.8,218.00640869140625,-311.3113708496094,217.77923583984375,-311.3135681152344,-179.4095916748047,-4.8760262324293304e-05,0.35,0.0,0.00014124736719749306,-0.0006256103515507359,157,-1,5.98918539683637,156.5757972912671
1164,58.2,sturn,192,stanley,0.8,217.7069854736328,-311.314453125,217.77923583984375,-311.3135681152344,-179.4129638671875,4.758760751628924e-05,0.35,0.0,0.00014125601261519652,0.002746582031245518,157,-1,5.989458130770933,156.87121599198352
1165,58.25,sturn,192,stanley,0.8,217.4075164794922,-311.3175354003906,217.77923583984375,-311.3135681152344,-179.40966796875,-4.647839467585726e-05,0.35,0.0,0.00014079346044095983,-0.0005493164062694592,157,-1,5.989727760821011,157.16669499549437
1166,58.300000000000004,sturn,192,stanley,0.8,217.10800170898438,-311.32061767578125,217.77923583984375,-311.3135681152344,-179.4129638671875,4.7895673113519385e-05,0.35,0.0,0.00013985971067478377,0.002746582031245518,157,-1,5.989998520707658,157.46223422350263
1167,58.35,sturn,192,stanley,0.8,216.80848693847656,-311.32373046875,217.77923583984375,-311.3135681152344,-179.40966796875,-5.2738880888706897e-05,0.35,0.0,0.00016944192223826253,-0.0005493164062694592,157,-1,5.990265711975182,157.75779376834342
1168,58.400000000000006,sturn,192,stanley,0.8,216.50897216796875,-311.3268127441406,215.7793426513672,-311.33416748046875,-179.41297912597656,4.4790143231389405e-05,0.35,0.0,0.0001560717374797134,0.0027618408202915957,158,-1,5.990526300818109,158.0533630141619
1169,58.45,sturn,192,stanley,0.8,216.20947265625,-311.32989501953125,215.7793426513672,-311.33416748046875,-179.40966796875,-4.9643059200491506e-05,0.35,0.0,0.00015529505357751803,-0.0005493164062694592,158,-1,5.9907901345949695,158.34893211553097
1170,58.5,sturn,192,stanley,0.8,215.9099578857422,-311.3329772949219,215.7793426513672,-311.33416748046875,-179.41307067871094,4.7782816317663616e-05,0.35,0.0,0.00015436130381134131,0.0028533935546698388,158,-1,5.991050834560958,158.64453105232636
1171,58.550000000000004,sturn,192,stanley,0.8,215.61044311523438,-311.3360900878906,215.7793426513672,-311.33416748046875,-179.40966796875,-5.590228246591682e-05,0.35,0.0,0.00018394351537481986,-0.0005493164062694592,158,-1,5.991308520207369,158.94014993511846
1172,58.6,sturn,192,stanley,0.8,215.3109130859375,-311.33917236328125,215.7793426513672,-311.33416748046875,-179.41307067871094,4.155815203145828e-05,0.35,0.0,0.00018285269974466396,0.0028533935546698388,158,-1,5.991565243395456,159.23579325851549
1173,58.650000000000006,sturn,192,stanley,0.8,215.0113067626953,-311.34222412109375,215.7793426513672,-311.33416748046875,-179.40975952148438,-4.5964775475457024e-05,0.35,0.0,0.0001504605934649541,-0.000457763671891216,158,-1,5.991819982464487,159.53152111128114
1174,58.7,sturn,192,stanley,0.8,214.71170043945312,-311.3453369140625,213.77944946289062,-311.354736328125,-179.41311645507812,3.9738067647217436e-05,0.35,0.0,0.0001971799361818339,0.0028991699219098493,159,-1,5.992068877888009,159.82727386322986
1175,58.75,sturn,192,stanley,0.8,214.41207885742188,-311.3484191894531,213.77944946289062,-311.354736328125,-179.40980529785156,-5.442026708244511e-05,0.35,0.0,0.00019514672536779902,-0.00041198730465120546,159,-1,5.992319225147615,160.12305085239348
1176,58.800000000000004,sturn,192,stanley,0.8,214.1124725341797,-311.35150146484375,213.77944946289062,-311.354736328125,-179.41319274902344,4.2775828840547156e-05,0.35,0.0,0.00019327058041774398,0.002975463867191126,159,-1,5.992566985226071,160.4188271326336
1177,58.85,sturn,192,stanley,0.8,213.8128662109375,-311.3545837402344,213.77944946289062,-311.354736328125,-179.40988159179688,-5.1416934941626075e-05,0.35,0.0,0.00019139443546768866,-0.00033569335936992875,159,-1,5.992812700092276,160.71461766074697
1178,58.900000000000006,sturn,192,stanley,0.8,213.5132598876953,-311.357666015625,213.77944946289062,-311.354736328125,-179.41323852539062,4.4907146167029796e-05,0.35,0.0,0.00018951829051763345,0.0030212402343802475,159,-1,5.9930581359789175,161.0104223582097
1179,58.95,sturn,192,stanley,0.8,213.21365356445312,-311.3607482910156,213.77944946289062,-311.354736328125,-179.40994262695312,-4.884974896107332e-05,0.35,0.0,0.00018764214556757797,-0.0002746582031347296,159,-1,5.99329957577094,161.30624114707018
1180,59.0,sturn,192,stanley,0.8,212.91400146484375,-311.36383056640625,213.77944946289062,-311.354736328125,-179.4132843017578,4.7141232889977e-05,0.35,0.0,0.00018529480302558257,0.003067016601569369,159,-1,5.993541223292922,161.60211907145532
1181,59.050000000000004,sturn,192,stanley,0.8,212.61427307128906,-311.36688232421875,211.77955627441406,-311.3753356933594,-179.408935546875,-6.627392029511494e-05,0.35,0.0,0.000139654354692648,-0.0012512207031269162,160,-1,5.991655529928136,161.89808100916636
1182,59.1,sturn,192,stanley,0.8,212.31466674804688,-311.369873046875,211.77955627441406,-311.3753356933594,-179.41380310058594,9.325051167350518e-05,0.35,0.0,4.607073783063735e-05,0.003616333007813384,160,-1,5.989608937244823,162.19392624956228
1183,59.150000000000006,sturn,192,stanley,0.8,212.01513671875,-311.3728942871094,211.77955627441406,-311.3753356933594,-179.41275024414062,7.67905465966755e-05,0.35,0.0,-1.6211547914679256e-05,0.0025634765624890318,160,-1,5.9833098671890115,162.48971523099615
1184,59.2,sturn,192,stanley,0.8,211.715576171875,-311.3760986328125,211.77955627441406,-311.3753356933594,-179.41307067871094,5.959419555570573e-05,0.35,0.0,0.0001042877853322607,0.002883911132812883,160,-1,5.98936772944915,162.78557868710578
1185,59.25,sturn,192,stanley,0.8,211.41603088378906,-311.3792419433594,211.77955627441406,-311.3753356933594,-179.40908813476562,-6.721933800852496e-05,0.35,0.0,0.0001639122702454059,-0.0010986328124880293,160,-1,5.991165324718422,163.08143046087818
1186,59.300000000000004,sturn,192,stanley,0.8,211.116455078125,-311.38238525390625,211.77955627441406,-311.3753356933594,-179.41163635253906,-7.374302851219299e-06,0.35,0.0,0.00022322260717680745,0.0014495849609294802,160,-1,5.991601064515429,163.37732584535223
1187,59.35,sturn,192,stanley,0.8,210.81692504882812,-311.3855285644531,211.77955627441406,-311.3753356933594,-179.40719604492188,-0.00014730913453485213,0.35,0.0,0.0002830041660808226,-0.002990722656262648,160,-1,5.991396745907594,163.67318954312304
1188,59.400000000000006,sturn,192,stanley,0.8,210.51739501953125,-311.388671875,209.7796630859375,-311.39593505859375,-179.4102020263672,-7.203109542809002e-05,0.35,0.0,0.0003314145540415543,1.5258789071522012e-05,161,-1,5.989292233974356,163.9690666140948
1189,59.45,sturn,192,stanley,0.8,210.2178497314453,-311.39178466796875,209.7796630859375,-311.39593505859375,-179.4063262939453,-0.0001891348003657585,0.35,0.0,0.00036052307779236605,-0.0038604736328050693,161,-1,5.989016676696655,164.26496696782667
1190,59.5,sturn,192,stanley,0.8,209.9183349609375,-311.3949279785156,209.7796630859375,-311.39593505859375,-179.4095001220703,-0.00011157821030703059,0.35,0.0,0.00042046171068725493,-0.0006866455078113795,161,-1,5.987881047278285,164.5608555303136
1191,59.550000000000004,sturn,192,stanley,0.8,209.61888122558594,-311.39801025390625,209.7796630859375,-311.39593505859375,-179.4078369140625,-0.0001590355592752663,0.35,0.0,0.00041999671722096443,-0.0023498535156149455,161,-1,5.9853516165835075,164.85668695845752
1192,59.6,sturn,192,stanley,0.8,209.31993103027344,-311.40106201171875,209.7796630859375,-311.39593505859375,-179.4103546142578,-8.147643273579402e-05,0.35,0.0,0.00039419920429111487,0.00016784667968496438,161,-1,5.983980769965019,165.15202983464718
1193,59.650000000000006,sturn,192,stanley,0.8,209.0209197998047,-311.404052734375,209.7796630859375,-311.39593505859375,-179.40695190429688,-0.0001595988298823417,0.35,0.0,0.00030674147307311207,-0.0032348632812543338,161,-1,5.980187472843101,165.4474358619256
1194,59.7,sturn,192,stanley,0.8,208.72183227539062,-311.40728759765625,208.11907958984375,-311.4689025878906,-179.41319274902344,0.300398961930357,0.35,0.0,0.060463943515992206,10.977096557617184,162,-1,5.984033351031151,165.742970310015
1195,59.75,sturn,192,stanley,0.8,208.42308044433594,-311.4151916503906,208.11907958984375,-311.4689025878906,-179.16160583496094,0.3046169934915611,0.35,0.0,0.00831954113775333,10.725509643554679,162,-1,5.966366035149093,166.03895372177442
1196,59.800000000000004,sturn,192,stanley,0.8,208.127197265625,-311.43560791015625,208.11907958984375,-311.4689025878906,-178.3238067626953,0.2893731458090735,0.35,0.0,-0.030991578114360645,9.887710571289068,162,-1,5.910313020390172,166.3341714259149
1197,59.85,sturn,192,stanley,0.8,207.83555603027344,-311.4696350097656,208.11907958984375,-311.4689025878906,-176.9849395751953,0.25676751878994786,0.35,0.0,-0.05611779082024559,8.548843383789068,162,-1,5.872337501347113,166.62744240805964
1198,59.900000000000006,sturn,192,stanley,0.8,207.54624938964844,-311.5130310058594,208.11907958984375,-311.4689025878906,-175.51890563964844,0.2183557730021924,0.35,0.0,-0.07159728478377897,7.082809448242192,162,-1,5.863873454568595,166.9199485001827
1199,59.95,sturn,192,stanley,0.8,207.25796508789062,-311.56256103515625,206.96102905273438,-311.9720764160156,-174.1237030029297,0.8798043494055439,0.35,0.0,-0.1617499742369535,29.52943420410156,163,-1,5.865921244521725,167.21245256800358
1200,60.0,sturn,192,stanley,0.8,206.97210693359375,-311.62066650390625,206.96102905273438,-311.9720764160156,-172.64830017089844,0.8643398834434783,0.35,0.0,-0.2800055123163173,28.054031372070316,163,-1,5.836670597313905,167.5039707196841
1201,60.050000000000004,sturn,192,stanley,0.8,206.69296264648438,-311.6929931640625,206.96102905273438,-311.9720764160156,-170.7670135498047,0.8346319431712803,0.35,0.0,-0.3827800218334049,26.172744750976552,163,-1,5.767269010625062,167.79120254879183
1202,60.1,sturn,192,stanley,0.8,206.4246826171875,-311.7825622558594,206.96102905273438,-311.9720764160156,-168.37844848632812,0.787042685023027,0.35,0.0,-0.46520639943164255,23.784179687500004,163,-1,5.659504284283389,168.07055821605496
1203,60.150000000000006,sturn,192,stanley,0.8,206.1711883544922,-311.8905334472656,206.96102905273438,-311.9720764160156,-165.49021911621094,0.7209150368055244,0.35,0.0,-0.5240674587760727,20.89595031738281,163,-1,5.529332565803047,168.33837595570725
1204,60.2,sturn,192,stanley,0.8,205.93458557128906,-312.0165100097656,206.06932067871094,-312.937255859375,-162.19400024414062,1.0,0.35,0.0,-0.6072890972143525,39.78033447265624,164,-1,5.418312868651891,168.59253708354956
1205,60.25,sturn,192,stanley,0.8,205.715087890625,-312.15899658203125,206.06932067871094,-312.937255859375,-158.62681579589844,1.0,0.35,0.0,-0.7162122456405542,36.21315002441406,164,-1,5.300373066932194,168.83261362038834
1206,60.300000000000004,sturn,192,stanley,0.8,205.5169219970703,-312.32098388671875,206.06932067871094,-312.937255859375,-154.6897735595703,1.0,0.35,0.0,-0.796674155485189,32.27610778808593,164,-1,5.261056147389001,169.05497193300508
1207,60.35,sturn,192,stanley,0.8,205.34426879882812,-312.5041198730469,206.06932067871094,-312.937255859375,-150.40460205078125,1.0,0.35,0.0,-0.8442619564332313,27.990936279296875,164,-1,5.208027013543705,169.25581746226646
1208,60.400000000000006,sturn,192,stanley,0.8,205.19630432128906,-312.70355224609375,206.06932067871094,-312.937255859375,-145.87693786621094,0.8869638540599223,0.35,0.0,-0.8622722146640338,23.463272094726566,164,-1,5.183425659285053,169.43521102023004
1209,60.45,sturn,192,stanley,0.8,205.06594848632812,-312.91693115234375,206.06932067871094,-312.937255859375,-141.34361267089844,0.753151248633766,0.35,0.0,-0.8579415205011777,18.929946899414055,164,-1,5.262801320835356,169.5997919483073
1210,60.5,sturn,192,stanley,0.8,204.94297790527344,-313.14263916015625,206.06932067871094,-312.937255859375,-137.1112823486328,0.623228791345342,0.35,0.0,-0.8407674485942482,14.697616577148429,164,-1,5.388266146916341,169.75941181855964
1211,60.550000000000004,sturn,192,stanley,0.8,204.8201446533203,-313.37750244140625,205.53257751464844,-314.22509765625,-133.40853881835938,1.0,0.35,0.0,-0.8829336317114033,30.5723876953125,165,-1,5.449973996524139,169.92071103559016
1212,60.6,sturn,192,stanley,0.8,204.7032928466797,-313.6155090332031,205.53257751464844,-314.22509765625,-129.88011169433594,0.998802166399035,0.35,0.0,-0.9439888062345582,27.043960571289062,165,-1,5.432537568701639,170.076924404157
1213,60.650000000000006,sturn,192,stanley,0.8,204.60562133789062,-313.8547668457031,205.53257751464844,-314.22509765625,-126.21305084228516,0.910800590586133,0.35,0.0,-0.9860650347204462,23.37689971923828,165,-1,5.277625851443213,170.21474034378195
1214,60.7,sturn,192,stanley,0.8,204.53573608398438,-314.0983581542969,205.53257751464844,-314.22509765625,-122.19425964355469,0.8020404573168595,0.35,0.0,-1.0000866586039774,19.358108520507802,165,-1,5.220367051444657,170.32624642181378
1215,60.75,sturn,192,stanley,0.8,204.4877471923828,-314.3476867675781,205.53257751464844,-314.22509765625,-118.10699462890625,0.6802373503532654,0.35,0.0,-0.9914845030004628,15.270843505859364,165,-1,5.283706687253546,170.41752416699222
1216,60.800000000000004,sturn,192,stanley,0.8,204.4510040283203,-314.6050109863281,205.53257751464844,-314.22509765625,-114.30268096923828,0.5617031093883645,0.35,0.0,-0.9701413241080606,11.466529846191397,165,-1,5.390463853566876,170.49949552504413
1217,60.85,sturn,192,stanley,0.8,204.41744995117188,-314.86846923828125,205.53257751464844,-314.22509765625,-110.98013305664062,0.460962855868239,0.35,0.0,-0.9443259958877234,8.143981933593743,165,-1,5.382391140461595,170.57979204138863
1218,60.900000000000006,sturn,192,stanley,0.8,204.38424682617188,-315.13397216796875,205.44381713867188,-315.7851257324219,-108.11311340332031,0.8040023272682888,0.35,0.0,-1.0443543395042438,19.427566528320305,166,-1,5.4519442049448354,170.66049045991346
1219,60.95,sturn,192,stanley,0.8,204.35784912109375,-315.3988342285156,205.44381713867188,-315.7851257324219,-105.4747314453125,0.740662808757645,0.35,0.0,-1.0768209073534352,16.78918457031249,166,-1,5.35788475616581,170.7347623753181
1220,61.0,sturn,192,stanley,0.8,204.34710693359375,-315.6584167480469,205.44381713867188,-315.7851257324219,-102.51377868652344,0.6666985020032008,0.35,0.0,-1.0935149671529094,13.828231811523432,166,-1,5.224188558501404,170.793055661683
1221,61.050000000000004,sturn,192,stanley,0.8,204.3559112548828,-315.91455078125,205.44381713867188,-315.7851257324219,-99.35084533691406,0.5737672708056166,0.35,0.0,-1.090588555108713,10.66529846191406,166,-1,5.26073469964892,170.83187731274845
1222,61.1,sturn,192,stanley,0.8,204.37940979003906,-316.1707763671875,205.44381713867188,-315.7851257324219,-96.22412872314453,0.4819636253820681,0.35,0.0,-1.0729738960891562,7.538581848144524,166,-1,5.224571270880686,170.85665821326242
1223,61.150000000000006,sturn,192,stanley,0.8,204.40980529785156,-316.4267883300781,205.44381713867188,-315.7851257324219,-93.44930267333984,0.39610064249673144,0.35,0.0,-1.0484591789097615,4.763755798339832,166,-1,5.236736042952522,170.8750099255009
1224,61.2,sturn,192,stanley,0.8,204.4441680908203,-316.6833801269531,205.44381713867188,-315.7851257324219,-90.98310852050781,0.3188889719729896,0.35,0.0,-1.0199915216619868,2.2975616455078054,166,-1,5.23259890914989,170.8899644333928
1225,61.25,sturn,192,stanley,0.8,204.4817352294922,-316.94097900390625,205.4897003173828,-317.7848205566406,-88.98037719726562,0.25311574247244983,0.35,0.0,-0.9883425241258255,0.29483032226561573,167,-1,5.250260905716714,170.9023584105111
1226,61.300000000000004,sturn,192,stanley,0.8,204.5204315185547,-317.1991271972656,205.4897003173828,-317.7848205566406,-87.27989959716797,0.19682030993255142,0.35,0.0,-0.9555782141163993,-1.405647277832039,167,-1,5.243815206609011,170.91414647496345
1227,61.35,sturn,192,stanley,0.8,204.56033325195312,-317.4577331542969,205.4897003173828,-317.7848205566406,-85.98577117919922,0.15104941317514267,0.35,0.0,-0.9216192778583202,-2.699775695800786,167,-1,5.255110108187417,170.92523932564762
1228,61.400000000000006,sturn,192,stanley,0.8,204.59996032714844,-317.7165832519531,205.4897003173828,-317.7848205566406,-84.90129852294922,0.1121672320414824,0.35,0.0,-0.8879405279976741,-3.7842483520507857,167,-1,5.246912758645169,170.93704928711935
1229,61.45,sturn,192,stanley,0.8,204.64016723632812,-317.97540283203125,205.4897003173828,-317.7848205566406,-84.12923431396484,0.08147657218038974,0.35,0.0,-0.853681396674668,-4.556312561035158,167,-1,5.252649161085791,170.9486851711657
1230,61.5,sturn,192,stanley,0.8,204.67933654785156,-318.23486328125,205.4897003173828,-317.7848205566406,-83.4832763671875,0.05492700069517141,0.35,0.0,-0.8204742912008849,-5.202270507812501,167,-1,5.251259472938273,170.96186614469173
1231,61.550000000000004,sturn,192,stanley,0.8,204.71832275390625,-318.4947509765625,205.4897003173828,-317.7848205566406,-83.07555389404297,0.03477276671712073,0.35,0.0,-0.7874600438338744,-5.609992980957032,167,-1,5.261947841992688,170.97571406318704
1232,61.6,sturn,192,stanley,0.8,204.756103515625,-318.75506591796875,205.4897003173828,-317.7848205566406,-82.73357391357422,0.017258756778283448,0.35,0.0,-0.7556607244169821,-5.951972961425789,167,-1,5.260140782555654,170.9912317428684
1233,61.650000000000006,sturn,192,stanley,0.8,204.79342651367188,-319.01556396484375,205.53558349609375,-319.7842712402344,-82.57859802246094,0.004992365106473559,0.35,0.0,-0.7243279093044576,-6.106948852539064,168,-1,5.264134033291938,171.00763811750818
1234,61.7,sturn,192,stanley,0.8,204.82940673828125,-319.2763671875,205.53558349609375,-319.7842712402344,-82.44285583496094,-0.006276560846254781,0.35,0.0,-0.6943398541324962,-6.242691040039072,168,-1,5.264621648453464,171.0258246735931
1235,61.75,sturn,192,stanley,0.8,204.86477661132812,-319.53729248046875,205.53558349609375,-319.7842712402344,-82.45357513427734,-0.013300983837939121,0.35,0.0,-0.664964790146471,-6.231971740722663,168,-1,5.2678558833501645,171.04503693008581
1236,61.800000000000004,sturn,192,stanley,0.8,204.8987274169922,-319.7985534667969,205.53558349609375,-319.7842712402344,-82.44921112060547,-0.020400190776982217,0.35,0.0,-0.6370161207674886,-6.236335754394537,168,-1,5.271000077072881,171.06611020495714
1237,61.85,sturn,192,stanley,0.8,204.9320526123047,-320.06011962890625,205.53558349609375,-319.7842712402344,-82.56255340576172,-0.023994980660357417,0.35,0.0,-0.6096998977002509,-6.122993469238291,168,-1,5.2747383755639685,171.08826233449886
1238,61.900000000000006,sturn,192,stanley,0.8,204.9639434814453,-320.322021484375,205.53558349609375,-319.7842712402344,-82.63734436035156,-0.02835232114891628,0.35,0.0,-0.5838253240138372,-6.048202514648449,168,-1,5.279226130601661,171.11229080517325
1239,61.95,sturn,192,stanley,0.8,204.99525451660156,-320.5842590332031,205.53558349609375,-319.7842712402344,-82.8105697631836,-0.029732981671410808,0.35,0.0,-0.5585381323764959,-5.874977111816409,168,-1,5.283205372937801,171.13736068778434
1240,62.0,sturn,192,stanley,0.8,205.025146484375,-320.84686279296875,205.5814666748047,-321.78375244140625,-82.92998504638672,-0.032326032709864234,0.35,0.0,-0.5346825017686233,-5.755592346191391,169,-1,5.288461704193225,171.1642989902739
1241,62.050000000000004,sturn,192,stanley,0.8,205.05450439453125,-321.1097717285156,205.5814666748047,-321.78375244140625,-83.13542938232422,-0.03229283161178556,0.35,0.0,-0.5113631821104314,-5.55014801025389,169,-1,5.292575555387971,171.1922284753
1242,62.1,sturn,192,stanley,0.8,205.08251953125,-321.373046875,205.5814666748047,-321.78375244140625,-83.27730560302734,-0.03377326824399202,0.35,0.0,-0.48939468307044864,-5.408271789550795,169,-1,5.29824983953284,171.22195241580633
1243,62.150000000000006,sturn,192,stanley,0.8,205.11004638671875,-321.63665771484375,205.5814666748047,-321.78375244140625,-83.49736785888672,-0.03285659216209864,0.35,0.0,-0.4679220372640624,-5.188209533691427,169,-1,5.302433666055672,171.25263047966462
1244,62.2,sturn,192,stanley,0.8,205.13629150390625,-321.900634765625,205.5814666748047,-321.78375244140625,-83.64764404296875,-0.03364597647499067,0.35,0.0,-0.44773919298001463,-5.037933349609356,169,-1,5.308307918488165,171.28504412090734
1245,62.25,sturn,192,stanley,0.8,205.16207885742188,-322.1648864746094,205.5814666748047,-321.78375244140625,-83.87117767333984,-0.0321866289008578,0.35,0.0,-0.4280202922967861,-4.814399719238291,169,-1,5.312529041483071,171.31836972263238
1246,62.300000000000004,sturn,192,stanley,0.8,205.18667602539062,-322.4295349121094,205.5814666748047,-321.78375244140625,-84.02116394042969,-0.03256098932381742,0.35,0.0,-0.40950036453451055,-4.664413452148452,169,-1,5.318469607611023,171.35334899262693
1247,62.35,sturn,192,stanley,0.8,205.2108612060547,-322.6944580078125,205.5814666748047,-321.78375244140625,-84.24129486083984,-0.030789208922851915,0.35,0.0,-0.3913986160511511,-4.444282531738275,169,-1,5.322704933247764,171.38919653527375
1248,62.400000000000006,sturn,192,stanley,0.8,205.23388671875,-322.9597473144531,205.62733459472656,-323.783203125,-84.3856201171875,-0.03092286346615758,0.35,0.0,-0.37445510211554833,-4.299957275390637,170,-1,5.328631921152518,171.4266618886876
1249,62.45,sturn,192,stanley,0.8,205.25656127929688,-323.225341796875,205.62733459472656,-323.783203125,-84.59822845458984,-0.028979689779804713,0.35,0.0,-0.35787897718825173,-4.087348937988269,170,-1,5.332870886788775,171.464943896963
1250,62.5,sturn,192,stanley,0.8,205.27818298339844,-323.49127197265625,205.62733459472656,-323.783203125,-84.73372650146484,-0.029000223001208837,0.35,0.0,-0.34236313213135694,-3.951850891113303,170,-1,5.338734057594778,171.5047334620668
1251,62.550000000000004,sturn,192,stanley,0.8,205.29949951171875,-323.7574768066406,205.62733459472656,-323.783203125,-84.93651580810547,-0.026990036157343737,0.35,0.0,-0.32715868293560424,-3.7490615844726696,170,-1,5.3429671333771305,171.54528914251682
1252,62.6,sturn,192,stanley,0.8,205.3197784423828,-324.02398681640625,205.62733459472656,-323.783203125,-85.06159973144531,-0.026961583327577518,0.35,0.0,-0.31299855879386485,-3.623977661132797,170,-1,5.348733747108914,171.58733100343346
1253,62.650000000000006,sturn,192,stanley,0.8,205.33981323242188,-324.2908020019531,205.62733459472656,-323.783203125,-85.25350189208984,-0.024934760084719065,0.35,0.0,-0.29908951145981744,-3.432075500488295,170,-1,5.352955363603947,171.63008758100347
1254,62.7,sturn,192,stanley,0.8,205.35888671875,-324.55792236328125,205.62733459472656,-323.783203125,-85.36742401123047,-0.024913633771950376,0.35,0.0,-0.2861485153099448,-3.3181533813476376,170,-1,5.358613029753114,171.67425666939315
1255,62.75,sturn,192,stanley,0.8,205.3778076171875,-324.8253173828125,205.6732177734375,-325.7826843261719,-85.54800415039062,-0.02292377803402053,0.35,0.0,-0.2733713932302439,-3.137573242187488,171,-1,5.362822243156125,171.71904537531145
1256,62.800000000000004,sturn,192,stanley,0.8,205.3957977294922,-325.0930480957031,205.6732177734375,-325.7826843261719,-85.65068817138672,-0.022943477087928568,0.35,0.0,-0.26152748688049626,-3.0348892211913783,171,-1,5.368362174347466,171.76522474459853
1257,62.85,sturn,192,stanley,0.8,205.41360473632812,-325.3609619140625,205.6732177734375,-325.7826843261719,-85.82015228271484,-0.020988680481612305,0.35,0.0,-0.2498708380728864,-2.865425109863255,171,-1,5.372555099524358,171.81203248343766
1258,62.900000000000006,sturn,192,stanley,0.8,205.43055725097656,-325.6291809082031,205.6732177734375,-325.7826843261719,-85.91192626953125,-0.021053281282481743,0.35,0.0,-0.23907545703167724,-2.773651123046846,171,-1,5.377979712902678,171.8601498725711
1259,62.95,sturn,192,stanley,0.8,205.44741821289062,-325.8976745605469,205.6732177734375,-325.7826843261719,-86.07061004638672,-0.019164382002809843,0.35,0.0,-0.2283779050160621,-2.6149673461914302,171,-1,5.382151395609626,171.90882949773118
1260,63.0,sturn,192,stanley,0.8,205.46343994140625,-326.16650390625,205.6732177734375,-325.7826843261719,-86.15188598632812,-0.01928879648149585,0.35,0.0,-0.2185270660353008,-2.5336914062500204,171,-1,5.38745187802171,171.95881205545723
1261,63.050000000000004,sturn,192,stanley,0.8,205.47943115234375,-326.43548583984375,205.6732177734375,-325.7826843261719,-86.3004150390625,-0.017468066473263783,0.35,0.0,-0.20871023681457923,-2.385162353515608,171,-1,5.391602100841869,172.0092688408137
1262,63.1,sturn,192,stanley,0.8,205.49459838867188,-326.70477294921875,205.6732177734375,-325.7826843261719,-86.37191009521484,-0.017652654303163803,0.35,0.0,-0.19972416581232297,-2.313667297363268,171,-1,5.3967899226049045,172.0610066822732
1263,63.150000000000006,sturn,192,stanley,0.8,205.509765625,-326.97430419921875,205.71910095214844,-327.78216552734375,-86.51089477539062,-0.015893219278115548,0.35,0.0,-0.19074872109814034,-2.174682617187508,172,-1,5.400917042774256,172.1132124112115
1264,63.2,sturn,192,stanley,0.8,205.52415466308594,-327.24407958984375,205.71910095214844,-327.78216552734375,-86.57329559326172,-0.016137929776040814,0.35,0.0,-0.18255184424697132,-2.1122817993164005,172,-1,5.405992124422756,172.1666401477109
1265,63.25,sturn,192,stanley,0.8,205.53857421875,-327.51409912109375,205.71910095214844,-327.78216552734375,-86.70343780517578,-0.01444190880065018,0.35,0.0,-0.17433005818723374,-1.9821395874023584,172,-1,5.410089529418997,172.22050707493503
1266,63.300000000000004,sturn,192,stanley,0.8,205.55226135253906,-327.7844543457031,205.71910095214844,-327.78216552734375,-86.75729370117188,-0.014750176344470508,0.35,0.0,-0.16684820174457599,-1.9282836914062653,172,-1,5.415057256403878,172.27557517257256
1267,63.35,sturn,192,stanley,0.8,205.5659942626953,-328.05499267578125,205.71910095214844,-327.78216552734375,-86.87926483154297,-0.01311267225539235,0.35,0.0,-0.15932478123454022,-1.806312561035151,172,-1,5.419126926254655,172.33105330774876
1268,63.400000000000006,sturn,192,stanley,0.8,205.57904052734375,-328.3257751464844,205.71910095214844,-327.78216552734375,-86.92534637451172,-0.013479093649659298,0.35,0.0,-0.15249342589241857,-1.7602310180663798,172,-1,5.42398724288797,172.38766554569776
1269,63.45,sturn,192,stanley,0.8,205.5921630859375,-328.5968017578125,205.71910095214844,-327.78216552734375,-87.0398178100586,-0.01190029681554993,0.35,0.0,-0.1455913970198252,-1.645759582519555,172,-1,5.428023998431505,172.44467462872515
1270,63.5,sturn,192,stanley,0.8,205.6045684814453,-328.8680419921875,205.7649688720703,-329.7816467285156,-87.07872772216797,-0.012310940233887064,0.35,0.0,-0.13940101399539961,-1.6068496704101247,173,-1,5.4327849756332895,172.5028397209445
1271,63.550000000000004,sturn,192,stanley,0.8,205.6171417236328,-329.1395263671875,205.7649688720703,-329.7816467285156,-87.1863021850586,-0.010789253908849812,0.35,0.0,-0.13305865762195693,-1.4992752075195566,173,-1,5.436788023070771,172.56131409597654
1272,63.6,sturn,192,stanley,0.8,205.62901306152344,-329.4112548828125,205.7649688720703,-329.7816467285156,-87.21865844726562,-0.011247971526304806,0.35,0.0,-0.12742362119039605,-1.46691894531249,173,-1,5.441453687235217,172.62093791796948
1273,63.650000000000006,sturn,192,stanley,0.8,205.6410675048828,-329.68316650390625,205.7649688720703,-329.7816467285156,-87.31991577148438,-0.00977500505265148,0.35,0.0,-0.12160972772574771,-1.3656616210937662,173,-1,5.445420514119972,172.68084124548147
1274,63.7,sturn,192,stanley,0.8,205.65245056152344,-329.9553527832031,205.7649688720703,-329.7816467285156,-87.34625244140625,-0.01028093628485318,0.35,0.0,-0.11647334469746665,-1.3393249511718912,173,-1,5.449992218975293,172.74187285198627
1275,63.75,sturn,192,stanley,0.8,205.6640167236328,-330.22772216796875,205.7649688720703,-329.7816467285156,-87.44170379638672,-0.00884988743653327,0.35,0.0,-0.11115810463609813,-1.2438735961914082,173,-1,5.453924180656474,172.80318475965916
1276,63.800000000000004,sturn,192,stanley,0.8,205.67494201660156,-330.50030517578125,205.7649688720703,-329.7816467285156,-87.46258544921875,-0.009395260967646283,0.35,0.0,-0.1064884653783197,-1.2229919433593583,173,-1,5.458404982985651,172.86557953179485
1277,63.85,sturn,192,stanley,0.8,205.68605041503906,-330.77313232421875,205.7649688720703,-329.7816467285156,-87.55271911621094,-0.008000075826638274,0.35,0.0,-0.10164136917229555,-1.132858276367184,173,-1,5.462299793621828,172.9282716846905
1278,63.900000000000006,sturn,192,stanley,0.8,205.6965789794922,-331.0461730957031,205.81085205078125,-331.7810974121094,-87.56857299804688,-0.00858622756941669,0.35,0.0,-0.09738458066511829,-1.1170043945312615,174,-1,5.466690009039427,172.99198815046765
1279,63.95,sturn,192,stanley,0.8,205.7073211669922,-331.3193664550781,205.81085205078125,-331.7810974121094,-87.65389251708984,-0.00723546328007744,0.35,0.0,-0.09291199954336964,-1.0316848754882644,174,-1,5.470544011060927,173.05594867429778
1280,64.0,sturn,192,stanley,0.8,205.7174530029297,-331.59283447265625,205.81085205078125,-331.7810974121094,-87.66512298583984,-0.007854327912975356,0.35,0.0,-0.08905590976211736,-1.0204544067382906,174,-1,5.474851830408902,173.12097961595674
1281,64.05,sturn,192,stanley,0.8,205.72781372070312,-331.86651611328125,205.81085205078125,-331.7810974121094,-87.74603271484375,-0.006532569427075544,0.35,0.0,-0.08497589866829533,-0.9395446777343425,174,-1,5.4786642168760515,173.1862574199649
1282,64.10000000000001,sturn,192,stanley,0.8,205.73765563964844,-332.140380859375,205.81085205078125,-331.7810974121094,-87.75311279296875,-0.0071954642075619454,0.35,0.0,-0.08141875014390083,-0.93246459960938,174,-1,5.4828930676382175,173.252492799269
1283,64.15,sturn,192,stanley,0.8,205.74769592285156,-332.4144592285156,205.81085205078125,-331.7810974121094,-87.82998657226562,-0.005907538761926819,0.35,0.0,-0.07766818985487203,-0.8555908203124959,174,-1,5.486663789785947,173.31900517005036
1284,64.2,sturn,192,stanley,0.8,205.7572021484375,-332.6887512207031,205.81085205078125,-331.7810974121094,-87.8332748413086,-0.006593541293727682,0.35,0.0,-0.07445644695165929,-0.8523025512695039,174,-1,5.490814476193764,173.38649836934613
1285,64.25,sturn,192,stanley,0.8,205.76695251464844,-332.9632263183594,205.8567352294922,-333.78057861328125,-87.90655517578125,-0.005333264007567415,0.35,0.0,-0.07100985386819506,-0.7790222167968895,175,-1,5.494542330543803,173.45421686819046
1286,64.3,sturn,192,stanley,0.8,205.77618408203125,-333.2379150390625,205.8567352294922,-333.78057861328125,-87.90643310546875,-0.006046607686347146,0.35,0.0,-0.06808179744787238,-0.7791442871093599,175,-1,5.4986186581039025,173.52290169533083
1287,64.35000000000001,sturn,192,stanley,0.8,205.78567504882812,-333.51275634765625,205.8567352294922,-333.78057861328125,-87.97637939453125,-0.004816742336716664,0.35,0.0,-0.06489791008220283,-0.7091979980468757,175,-1,5.5023061093972485,173.59178922931713
1288,64.4,sturn,192,stanley,0.8,205.79464721679688,-333.787841796875,205.8567352294922,-333.78057861328125,-87.97308349609375,-0.005554640542748437,0.35,0.0,-0.0622382853708025,-0.7124938964843907,175,-1,5.506305927413448,173.66165187779507
1289,64.45,sturn,192,stanley,0.8,205.8038787841797,-334.0631103515625,205.8567352294922,-333.78057861328125,-88.0400390625,-0.004344136699062924,0.35,0.0,-0.05932352975647613,-0.6455383300780928,175,-1,5.509946558071434,173.7317266410821
1290,64.5,sturn,192,stanley,0.8,205.81263732910156,-334.3385925292969,205.8567352294922,-333.78057861328125,-88.0339584350586,-0.005106675140656841,0.35,0.0,-0.05688657243209498,-0.6516189575195194,175,-1,5.513872075063643,173.8027241813663
1291,64.55,sturn,192,stanley,0.8,205.82164001464844,-334.6142578125,205.8567352294922,-333.78057861328125,-88.09814453125,-0.003916925412832763,0.35,0.0,-0.05420973897875553,-0.5874328613281378,175,-1,5.517470420093897,173.873949186317
1292,64.60000000000001,sturn,192,stanley,0.8,205.83018493652344,-334.8901062011719,205.90261840820312,-335.7800598144531,-88.08950805664062,-0.004696832748927198,0.35,0.0,-0.05199977494767952,-0.5960693359374795,176,-1,5.5213305339434635,173.94607363496556
1293,64.65,sturn,192,stanley,0.8,205.83897399902344,-335.1661376953125,205.90261840820312,-335.7800598144531,-88.15121459960938,-0.0035235874267571425,0.35,0.0,-0.04954490883893838,-0.5343627929687318,176,-1,5.5248824112828325,174.0184261766186
1294,64.7,sturn,192,stanley,0.8,205.84732055664062,-335.44232177734375,205.90261840820312,-335.7800598144531,-88.14016723632812,-0.0043231412906750075,0.35,0.0,-0.047535931387365324,-0.54541015625,176,-1,5.528675629678592,174.09165457808888
1295,64.75,sturn,192,stanley,0.8,205.85595703125,-335.71875,205.90261840820312,-335.7800598144531,-88.19961547851562,-0.003174601671826965,0.35,0.0,-0.04524271356977252,-0.48596191406251443,176,-1,5.532183305696343,174.1650859666852
1296,64.8,sturn,192,stanley,0.8,205.86407470703125,-335.9953308105469,205.90261840820312,-335.7800598144531,-88.18646240234375,-0.003976568648864447,0.35,0.0,-0.04347165827918636,-0.4991149902343804,176,-1,5.53590882142628,174.23946608910882
1297,64.85000000000001,sturn,192,stanley,0.8,205.8725128173828,-336.2720947265625,205.90261840820312,-335.7800598144531,-88.2437744140625,-0.002838953659820897,0.35,0.0,-0.041384452989803304,-0.4418029785156357,176,-1,5.539373968448263,174.31400271050066
1298,64.9,sturn,192,stanley,0.8,205.88052368164062,-336.5490417480469,205.90261840820312,-335.7800598144531,-88.2286376953125,-0.0036691045459597586,0.35,0.0,-0.03972858162604147,-0.4569396972656291,176,-1,5.543036441893499,174.38940964832378
1299,64.95,sturn,192,stanley,0.8,205.88880920410156,-336.8262023925781,205.948486328125,-337.779541015625,-88.2840576171875,-0.0025485259224112557,0.35,0.0,-0.037792795802545825,-0.4015197753906336,177,-1,5.546456872867781,174.4650266879232
1300,65.0,sturn,192,stanley,0.8,205.89662170410156,-337.1035461425781,205.948486328125,-337.779541015625,-88.26712036132812,-0.0033800065776243933,0.35,0.0,-0.03634433705183546,-0.41845703124999795,177,-1,5.550054012624081,174.5415577595916
1301,65.05,sturn,192,stanley,0.8,205.90478515625,-337.38104248046875,205.948486328125,-337.779541015625,-88.32080078125,-0.0022749707939135615,0.35,0.0,-0.0345485187119719,-0.36477661132813816,177,-1,5.55342713884697,174.61820844222834
1302,65.10000000000001,sturn,192,stanley,0.8,205.91249084472656,-337.65869140625,205.948486328125,-337.779541015625,-88.30220794677734,-0.0031259209335990435,0.35,0.0,-0.03321384380324413,-0.383369445800783,177,-1,5.556966551400182,174.69574916623858
1303,65.15,sturn,192,stanley,0.8,205.92051696777344,-337.9365234375,205.948486328125,-337.779541015625,-88.35430908203125,-0.0020308074523192362,0.35,0.0,-0.03156301889571946,-0.33126831054687156,177,-1,5.560290540212429,174.77344841210248
1304,65.2,sturn,192,stanley,0.8,205.92811584472656,-338.2145690917969,205.948486328125,-337.779541015625,-88.33422088623047,-0.002896285539411038,0.35,0.0,-0.030344227956236865,-0.35135650634766047,177,-1,5.563772685215535,174.85202733520262
1305,65.25,sturn,192,stanley,0.8,205.93600463867188,-338.49267578125,205.948486328125,-337.779541015625,-88.38484954833984,-0.0018085267241960217,0.35,0.0,-0.028836996396209374,-0.3007278442382731,177,-1,5.56705670983672,174.93075664154017
1306,65.3,sturn,192,stanley,0.8,205.94349670410156,-338.77105712890625,205.948486328125,-337.779541015625,-88.36344909667969,-0.0026837548123937764,0.35,0.0,-0.02773268934113023,-0.32212829589844955,177,-1,5.57047991097098,175.01035547555188
1307,65.35000000000001,sturn,192,stanley,0.8,205.95127868652344,-339.049560546875,205.99436950683594,-339.7790222167969,-88.41278076171875,-0.0016037959597235774,0.35,0.0,-0.026346367699054712,-0.27279663085940364,178,-1,5.5737180739744625,175.09012405712156
1308,65.4,sturn,192,stanley,0.8,205.95867919921875,-339.3282775878906,205.99436950683594,-339.7790222167969,-88.39016723632812,-0.0024896431230283914,0.35,0.0,-0.025341289754411318,-0.29541015625001554,178,-1,5.577083986843924,175.1707288050292
1309,65.45,sturn,192,stanley,0.8,205.9663848876953,-339.6071472167969,205.99436950683594,-339.7790222167969,-88.4382553100586,-0.001425759016930494,0.35,0.0,-0.024034616542517876,-0.24732208251954807,178,-1,5.58027772094344,175.25149888438173
1310,65.5,sturn,192,stanley,0.8,205.97366333007812,-339.88616943359375,205.99436950683594,-339.7790222167969,-88.41451263427734,-0.002312935900854182,0.35,0.0,-0.02315857721382479,-0.27106475830079096,178,-1,5.583587998596067,175.33312923280525
1311,65.55,sturn,192,stanley,0.8,205.98126220703125,-340.16534423828125,205.99436950683594,-339.7790222167969,-88.4615478515625,-0.0012517645029323462,0.35,0.0,-0.02196568784391395,-0.22402954101562242,178,-1,5.586738592657082,175.41491082240006
1312,65.60000000000001,sturn,192,stanley,0.8,205.9884490966797,-340.4446716308594,205.99436950683594,-339.7790222167969,-88.4367904663086,-0.0021442705418226833,0.35,0.0,-0.021188177583235747,-0.24878692626954907,178,-1,5.58999515298159,175.4975378971151
1313,65.65,sturn,192,stanley,0.8,205.9959716796875,-340.72418212890625,205.99436950683594,-339.7790222167969,-88.4827880859375,-0.0010924553285689283,0.35,0.0,-0.020079262549792934,-0.20278930664063333,178,-1,5.593097659293372,175.58031200625652
1314,65.7,sturn,192,stanley,0.8,206.00306701660156,-341.00384521484375,206.04025268554688,-341.7784729003906,-88.45703125,-0.001988440450035436,0.35,0.0,-0.01940670739067813,-0.22854614257814673,179,-1,5.5962981604596935,175.6639458191976
1315,65.75,sturn,192,stanley,0.8,206.01052856445312,-341.2836608886719,206.04025268554688,-341.7784729003906,-88.50205993652344,-0.0009478418780462321,0.35,0.0,-0.018365811877314765,-0.1835174560546747,179,-1,5.599362314414847,175.74768846155553
1316,65.8,sturn,192,stanley,0.8,206.017578125,-341.5636291503906,206.04025268554688,-341.7784729003906,-88.4754638671875,-0.0018563614892456305,0.35,0.0,-0.017740295473184033,-0.21011352539063835,179,-1,5.602512157262698,175.83227606177982
1317,65.85000000000001,sturn,192,stanley,0.8,206.02496337890625,-341.84375,206.04025268554688,-341.7784729003906,-88.5196533203125,-0.0008197642044760894,0.35,0.0,-0.016782674253867834,-0.1659240722656166,179,-1,5.605528080320046,175.91700178602773
1318,65.9,sturn,192,stanley,0.8,206.03192138671875,-342.1240234375,206.04025268554688,-341.7784729003906,-88.49224090576172,-0.001728194079685155,0.35,0.0,-0.016255686917751984,-0.1933364868164105,179,-1,5.608627652116656,176.00258653281148
1319,65.95,sturn,192,stanley,0.8,206.03924560546875,-342.4044494628906,206.04025268554688,-341.7784729003906,-88.53567504882812,-0.0006968444684690288,0.35,0.0,-0.015366085218515232,-0.14990234374998382,179,-1,5.611606217481819,176.08828098449817
1320,66.0,sturn,192,stanley,0.8,206.04617309570312,-342.6850280761719,206.04025268554688,-341.7784729003906,-88.50749969482422,-0.001617971332177774,0.35,0.0,-0.0148766078545434,-0.17807769775389581,179,-1,5.614654148119447,176.17480531661062
1321,66.05,sturn,192,stanley,0.8,206.05345153808594,-342.96575927734375,206.08612060546875,-343.7779541015625,-88.55020141601562,-0.0005972083879989838,0.35,0.0,-0.014029542076157468,-0.1353759765624951,180,-1,5.617587965703596,176.26145419603867
1322,66.10000000000001,sturn,192,stanley,0.8,206.060302734375,-343.24664306640625,206.08612060546875,-343.7779541015625,-88.52141571044922,-0.001516050870531946,0.35,0.0,-0.0136233390062328,-0.16416168212891175,180,-1,5.620590751058319,176.3489613766977
1323,66.15,sturn,192,stanley,0.8,206.0675506591797,-343.5276794433594,206.08612060546875,-343.7779541015625,-88.56346893310547,-0.000502311594124536,0.35,0.0,-0.012824012025251795,-0.12210845947268174,180,-1,5.623481460785392,176.43655038659836
1324,66.2,sturn,192,stanley,0.8,206.0743865966797,-343.8088684082031,206.08612060546875,-343.7779541015625,-88.53411865234375,-0.001431826063994742,0.35,0.0,-0.012440064153503428,-0.15145874023436307,180,-1,5.626433582386628,176.5249829742191
1325,66.25,sturn,192,stanley,0.8,206.08155822753906,-344.0901794433594,206.08612060546875,-343.7779541015625,-88.57561492919922,-0.00041443162072331497,0.35,0.0,-0.011723311424148732,-0.10996246337887466,180,-1,5.6292834295141745,176.61354492334803
1326,66.3,sturn,192,stanley,0.8,206.08831787109375,-344.37164306640625,206.08612060546875,-343.7779541015625,-88.5457763671875,-0.001338446351247687,0.35,0.0,-0.011421937804026672,-0.13980102539064113,180,-1,5.632191214728227,176.7029499520317
1327,66.35000000000001,sturn,192,stanley,0.8,206.09548950195312,-344.6532287597656,206.08612060546875,-343.7779541015625,-88.58672332763672,-0.00033496955651128547,0.35,0.0,-0.0107114854564597,-0.0988540649414222,180,-1,5.634996138462744,176.79241283293322
1328,66.4,sturn,192,stanley,0.8,206.10223388671875,-344.9350280761719,206.1320037841797,-345.7774353027344,-88.55632781982422,-0.0012681817364409845,0.35,0.0,-0.010438093025641602,-0.12924957275387938,181,-1,5.637856265436291,176.88275366853412
1329,66.45,sturn,192,stanley,0.8,206.10934448242188,-345.21685791015625,206.1320037841797,-345.7774353027344,-88.59679412841797,-0.00026267094448476205,0.35,0.0,-0.009794260113312364,-0.08878326416017167,181,-1,5.640617669469796,176.97316419451502
1330,66.5,sturn,192,stanley,0.8,206.11607360839844,-345.4989318847656,206.1320037841797,-345.7774353027344,-88.5660400390625,-0.0012021017850170769,0.35,0.0,-0.009537396889542901,-0.11953735351561878,181,-1,5.643434167338793,177.0644198694362
1331,66.55,sturn,192,stanley,0.8,206.12313842773438,-345.7810974121094,206.1320037841797,-345.7774353027344,-88.60604858398438,-0.00019700222851278343,0.35,0.0,-0.008947028765746254,-0.0795288085937514,181,-1,5.646155951482509,177.15579507532075
1332,66.60000000000001,sturn,192,stanley,0.8,206.12977600097656,-346.06341552734375,206.1320037841797,-345.7774353027344,-88.57488250732422,-0.0011255115692901528,0.35,0.0,-0.008787294525149958,-0.11069488525390062,181,-1,5.648927307805483,177.2480262770014
1333,66.65,sturn,192,stanley,0.8,206.13685607910156,-346.3458251953125,206.1320037841797,-345.7774353027344,-88.61449432373047,-0.0001337526514181761,0.35,0.0,-0.008187271966752459,-0.07108306884763836,181,-1,5.65161115317687,177.34027694134625
1334,66.7,sturn,192,stanley,0.8,206.1435089111328,-346.62841796875,206.1320037841797,-345.7774353027344,-88.58291625976562,-0.0010759681139151382,0.35,0.0,-0.008018583333976172,-0.10266113281248966,181,-1,5.654337120963897,177.43339378198007
1335,66.75,sturn,192,stanley,0.8,206.15054321289062,-346.9111328125,206.17788696289062,-347.77691650390625,-88.62212371826172,-8.21527551009901e-05,0.35,0.0,-0.00747635147039721,-0.06345367431640646,182,-1,5.6569831585395125,177.52659822467515
1336,66.8,sturn,192,stanley,0.8,206.15719604492188,-347.1939392089844,206.17788696289062,-347.77691650390625,-88.59027099609375,-0.0010309511995405377,0.35,0.0,-0.00731256313456693,-0.0953063964843925,182,-1,5.659667582158471,177.6205931513007
1337,66.85000000000001,sturn,192,stanley,0.8,206.16419982910156,-347.4769592285156,206.17788696289062,-347.77691650390625,-88.6291732788086,-3.8133869278178555e-05,0.35,0.0,-0.0068028152944251815,-0.05640411376953618,182,-1,5.662270292166652,177.71473690890676
1338,66.9,sturn,192,stanley,0.8,206.1708221435547,-347.76007080078125,206.17788696289062,-347.77691650390625,-88.5970458984375,-0.000985985991889328,0.35,0.0,-0.0066765369307389185,-0.08853149414060606,182,-1,5.664912588648922,177.80967055098796
1339,66.95,sturn,192,stanley,0.8,206.17776489257812,-348.04327392578125,206.17788696289062,-347.77691650390625,-88.63567352294922,1.424068761670558e-05,0.35,0.0,-0.006232008440993185,-0.04990386962888447,182,-1,5.667483176236167,177.90473816719006
1340,67.0,sturn,192,stanley,0.8,206.18435668945312,-348.32666015625,206.17788696289062,-347.77691650390625,-88.603271484375,-0.0009328573138722836,0.35,0.0,-0.00614254000703008,-0.08230590820313996,182,-1,5.670085755148335,178.0005992355119
1341,67.05,sturn,192,stanley,0.8,206.19129943847656,-348.6101989746094,206.17788696289062,-347.77691650390625,-88.6415786743164,6.015330401376462e-05,0.35,0.0,-0.005705711983913788,-0.043998718261742224,182,-1,5.672610624794537,178.09658797903214
1342,67.10000000000001,sturn,192,stanley,0.8,206.19784545898438,-348.8937683105469,206.2237548828125,-349.7763671875,-88.60884857177734,-0.0008869016845042405,0.35,0.0,-0.005656679343538928,-0.07672882080079373,183,-1,5.6751710770332755,178.19335713813538
1343,67.15,sturn,192,stanley,0.8,206.20481872558594,-349.1775817871094,206.2237548828125,-349.7763671875,-88.64690399169922,9.348052558856649e-05,0.35,0.0,-0.0051956421542749265,-0.03867340087891071,183,-1,5.677658989846267,178.2902163126457
1344,67.2,sturn,192,stanley,0.8,206.21136474609375,-349.46142578125,206.2237548828125,-349.7763671875,-88.61394500732422,-0.0008563912554839763,0.35,0.0,-0.005162438678527848,-0.07163238525390782,183,-1,5.680176440254419,178.3878834508693
1345,67.25,sturn,192,stanley,0.8,206.21829223632812,-349.74542236328125,206.2237548828125,-349.7763671875,-88.65172576904297,0.0001278100852819636,0.35,0.0,-0.004751366065692146,-0.03385162353515953,183,-1,5.682626978099569,178.48565012222872
1346,67.3,sturn,192,stanley,0.8,206.22483825683594,-350.0295715332031,206.2237548828125,-349.7763671875,-88.61862182617188,-0.0008245309421641352,0.35,0.0,-0.004725163014153649,-0.06695556640624704,183,-1,5.685108561268074,178.58422602540844
1347,67.35000000000001,sturn,192,stanley,0.8,206.23179626464844,-350.31378173828125,206.2237548828125,-349.7763671875,-88.65621948242188,0.00014867500303672936,0.35,0.0,-0.0042884811503285224,-0.029357910156255242,183,-1,5.687521431364812,178.68283957882764
1348,67.4,sturn,192,stanley,0.8,206.23834228515625,-350.59814453125,206.2237548828125,-349.7763671875,-88.62293243408203,-0.0008077103887840343,0.35,0.0,-0.004267178395736034,-0.06264495849609923,183,-1,5.689963247219221,178.782290005012
1349,67.45,sturn,192,stanley,0.8,206.24522399902344,-350.8826599121094,206.26963806152344,-351.7758483886719,-88.66036224365234,0.000181151308375896,0.35,0.0,-0.0039187967746648796,-0.02521514892576696,184,-1,5.692342358185228,178.88188292372777
1350,67.5,sturn,192,stanley,0.8,206.2517547607422,-351.1672058105469,206.26963806152344,-351.7758483886719,-88.62692260742188,-0.0007750723000013943,0.35,0.0,-0.003916949048565254,-0.058654785156224395,184,-1,5.694745802579722,178.98220979878457
1351,67.55,sturn,192,stanley,0.8,206.25865173339844,-351.4519958496094,206.26963806152344,-351.7758483886719,-88.66414642333984,0.00020479719827685156,0.35,0.0,-0.0035545870866073026,-0.021430969238268614,184,-1,5.697086987612149,179.0826852592988
1352,67.60000000000001,sturn,192,stanley,0.8,206.26515197753906,-351.73681640625,206.26963806152344,-351.7758483886719,-88.63057708740234,-0.0007466324017682192,0.35,0.0,-0.0035895492902308377,-0.05500030517577038,184,-1,5.699453740097395,179.18393620183645
1353,67.65,sturn,192,stanley,0.8,206.27203369140625,-352.02178955078125,206.26963806152344,-351.7758483886719,-88.66766357421875,0.00023388657112176218,0.35,0.0,-0.003246642356765753,-0.017913818359381956,184,-1,5.701761612697511,179.28528740323736
1354,67.7,sturn,192,stanley,0.8,206.27853393554688,-352.3068542480469,206.26963806152344,-351.7758483886719,-88.63394165039062,-0.0007205882566631896,0.35,0.0,-0.0032872048997561534,-0.05163574218749716,184,-1,5.704088175452264,179.38742195344278
1355,67.75,sturn,192,stanley,0.8,206.28538513183594,-352.5920104980469,206.26963806152344,-351.7758483886719,-88.67082977294922,0.0002623257702556865,0.35,0.0,-0.0029790077687516514,-0.014747619628911303,184,-1,5.7063615989699805,179.489661864342
1356,67.8,sturn,192,stanley,0.8,206.2918701171875,-352.87738037109375,206.31552124023438,-353.77532958984375,-88.63692474365234,-0.0006911003631180509,0.35,0.0,-0.0030468514586251584,-0.048652648925783,185,-1,5.708657513273916,179.592716696208
1357,67.85000000000001,sturn,192,stanley,0.8,206.29872131347656,-353.16278076171875,206.31552124023438,-353.77532958984375,-88.67367553710938,0.0002892572416955376,0.35,0.0,-0.0027442546669875206,-0.011901855468764504,185,-1,5.710894747677406,179.69583946518034
1358,67.9,sturn,192,stanley,0.8,206.30519104003906,-353.44830322265625,206.31552124023438,-353.77532958984375,-88.63961791992188,-0.0006653675669233563,0.35,0.0,-0.002825827394226231,-0.04595947265624964,185,-1,5.713153692502742,179.7997554154777
1359,67.95,sturn,192,stanley,0.8,206.31204223632812,-353.7339782714844,206.31552124023438,-353.77532958984375,-88.6761474609375,0.00031019054549606326,0.35,0.0,-0.00252953098437632,-0.009429931640653715,185,-1,5.715356472119515,179.90377200079402
1360,68.0,sturn,192,stanley,0.8,206.31849670410156,-354.01971435546875,206.31552124023438,-353.77532958984375,-88.6419677734375,-0.0006432960747064626,0.35,0.0,-0.0026312587825287536,-0.04360961914060925,185,-1,5.717575911682285,180.00857141267144
1361,68.05,sturn,192,stanley,0.8,206.32534790039062,-354.30560302734375,206.31552124023438,-353.77532958984375,-88.6783447265625,0.00032909768463051367,0.35,0.0,-0.002339862669624852,-0.007232666015626768,185,-1,5.719743726100119,180.11345745463086
1362,68.10000000000001,sturn,192,stanley,0.8,206.3318328857422,-354.5915832519531,206.31552124023438,-353.77532958984375,-88.6441879272461,-0.0006295056202014424,0.35,0.0,-0.002416681259208721,-0.04138946533201318,185,-1,5.722675473198952,180.21910908658768
1363,68.15,sturn,192,stanley,0.8,206.3386688232422,-354.8776550292969,206.36138916015625,-355.7747802734375,-88.67965698242188,0.0003191586220359062,0.35,0.0,-0.002135211391957631,-0.005920410156239208,186,-1,5.726469839106422,180.32486570085146
1364,68.2,sturn,192,stanley,0.8,206.34510803222656,-355.1639099121094,206.36138916015625,-355.7747802734375,-88.64602661132812,-0.0006130836098774371,0.35,0.0,-0.0022640946852323703,-0.03955078124997617,186,-1,5.7358804348502135,180.4314509283499
1365,68.25,sturn,192,stanley,0.8,206.3519287109375,-355.4503173828125,206.36138916015625,-355.7747802734375,-88.68267822265625,0.0003769497200563555,0.35,0.0,-0.002015108841418492,-0.0028991699218589603,186,-1,5.739710979194082,180.53813717732874
1366,68.3,sturn,192,stanley,0.8,206.35841369628906,-355.7369079589844,206.36138916015625,-355.7747802734375,-88.64806365966797,-0.0005917019513476668,0.35,0.0,-0.0021059282794195265,-0.03751373291013659,186,-1,5.744328346567499,180.64559554338894
1367,68.35000000000001,sturn,192,stanley,0.8,206.36529541015625,-356.02374267578125,206.36138916015625,-355.7747802734375,-88.6839599609375,0.00036520410266698385,0.35,0.0,-0.0018057239336267995,-0.0016174316406144446,186,-1,5.747967228385356,180.75317777250694
1368,68.4,sturn,192,stanley,0.8,206.37179565429688,-356.31072998046875,206.36138916015625,-355.7747802734375,-88.64885711669922,-0.0006186565024760836,0.35,0.0,-0.001890389149131276,-0.03672027587892634,186,-1,5.750802315576158,180.86156184282225
1369,68.45,sturn,192,stanley,0.8,206.378662109375,-356.5979919433594,206.36138916015625,-355.7747802734375,-88.68524932861328,0.00035824959001138344,0.35,0.0,-0.0016152401711982817,-0.00032806396484688996,186,-1,5.754123537869703,180.97011077092608
1370,68.5,sturn,192,stanley,0.8,206.38514709472656,-356.8854064941406,206.4072723388672,-357.7742614746094,-88.65070343017578,-0.0006027532782250166,0.35,0.0,-0.0017299867032692928,-0.0348739624023154,187,-1,5.755484357417075,181.07946123103457
1371,68.55,sturn,192,stanley,0.8,206.39198303222656,-357.17303466796875,206.4072723388672,-357.7742614746094,-88.68719482421875,0.00038599418709302084,0.35,0.0,-0.001493747782322032,0.0016174316406144446,187,-1,5.757337116356812,181.18896679821307
1372,68.60000000000001,sturn,192,stanley,0.8,206.3984375,-357.4608154296875,206.4072723388672,-357.7742614746094,-88.65208435058594,-0.0005833768536051095,0.35,0.0,-0.0016423784226719737,-0.0334930419921696,187,-1,5.757700325126021,181.29927339026298
1373,68.65,sturn,192,stanley,0.8,206.40530395507812,-357.748779296875,206.4072723388672,-357.7742614746094,-88.68768310546875,0.0003746013985168613,0.35,0.0,-0.0013833304204187206,0.0021057128905978156,187,-1,5.76149557801841,181.40966743759586
1374,68.7,sturn,192,stanley,0.8,206.41177368164062,-358.03717041015625,206.4072723388672,-357.7742614746094,-88.65380859375,-0.000560062725187205,0.35,0.0,-0.001530707135218112,-0.031768798828130836,187,-1,5.766806329173461,181.52098774795093
1375,68.75,sturn,192,stanley,0.8,206.41860961914062,-358.3260192871094,206.4072723388672,-357.7742614746094,-88.68850708007812,0.0003837815922761359,0.35,0.0,-0.001322469911105184,0.0029296875000020045,187,-1,5.771633793149093,181.6325507019288
1376,68.8,sturn,192,stanley,0.8,206.42510986328125,-358.6151123046875,206.4072723388672,-357.7742614746094,-88.65462493896484,-0.0005543720189065303,0.35,0.0,-0.0014554380536488838,-0.03095245361330057,187,-1,5.776245953339551,181.74491076695801
1377,68.85000000000001,sturn,192,stanley,0.8,206.4320068359375,-358.9044494628906,206.46690368652344,-359.64239501953125,-88.69035339355469,0.11385405311709372,0.35,0.0,0.03713995237652018,4.279434204101565,188,-1,5.779661398734087,181.8573999536764
1378,68.9,sturn,192,stanley,0.8,206.44276428222656,-359.1933898925781,206.46690368652344,-359.64239501953125,-88.43352508544922,0.11045895880423556,0.35,0.0,0.019705415315770893,4.022605895996095,188,-1,5.7698605364915405,181.96659957284186
1379,68.95,sturn,192,stanley,0.8,206.4603271484375,-359.4814453125,206.46690368652344,-359.64239501953125,-87.97393798828125,0.09972639757793927,0.35,0.0,0.009130139027825251,3.563018798828134,188,-1,5.764793625017268,182.0696313672424
1380,69.0,sturn,192,stanley,0.8,206.4813690185547,-359.7690124511719,206.46690368652344,-359.64239501953125,-87.36865997314453,0.0840376417091066,0.35,0.0,0.002064882676901119,2.9577407836914102,188,-1,5.762977592262183,182.16969440081726
1381,69.05,sturn,192,stanley,0.8,206.50523376464844,-360.0563659667969,206.46690368652344,-359.64239501953125,-86.85738372802734,0.07039189398260373,0.35,0.0,-0.0021701122706548406,2.4464645385742276,188,-1,5.765827329186988,182.267503359184
1382,69.10000000000001,sturn,192,stanley,0.8,206.5302734375,-360.3434143066406,206.46690368652344,-359.64239501953125,-86.33777618408203,0.056235826298282145,0.35,0.0,-0.0052060440314766615,1.926856994628905,188,-1,5.764375846090891,182.36452082756267
1383,69.15,sturn,192,stanley,0.8,206.55677795410156,-360.6304626464844,206.81350708007812,-361.1484375,-85.96233367919922,0.47933930880732173,0.35,0.0,-0.06076021482098265,16.294151306152337,189,-1,5.769289083165713,182.46061186553985
1384,69.2,sturn,192,stanley,0.8,206.587158203125,-360.9168395996094,206.81350708007812,-361.1484375,-85.39461517333984,0.4793080249539683,0.35,0.0,-0.1317762863232734,15.726432800292965,189,-1,5.755482700814932,182.55330893798555
1385,69.25,sturn,192,stanley,0.8,206.62908935546875,-361.1999206542969,206.81350708007812,-361.1484375,-84.43933868408203,0.46577321713371894,0.35,0.0,-0.19081593939639022,14.771156311035146,189,-1,5.711830271525669,182.63455017007558
1386,69.3,sturn,192,stanley,0.8,206.68544006347656,-361.4765930175781,206.81350708007812,-361.1484375,-82.86510467529297,0.43141229547089277,0.35,0.0,-0.2341076899141516,13.196922302246087,189,-1,5.638221629923144,182.70042673462066
1387,69.35000000000001,sturn,192,stanley,0.8,206.75750732421875,-361.7455749511719,206.81350708007812,-361.1484375,-80.9005355834961,0.3818402866129437,0.35,0.0,-0.25999000053876725,11.232353210449217,189,-1,5.586888067778944,182.74922088986744
1388,69.4,sturn,192,stanley,0.8,206.84046936035156,-362.00994873046875,207.53196716308594,-362.5167541503906,-78.77204132080078,0.7458153171421216,0.35,0.0,-0.27469322474577174,23.84662628173828,190,-1,5.575985825683812,182.78660644640271
1389,69.45,sturn,192,stanley,0.8,206.93557739257812,-362.26873779296875,207.53196716308594,-362.5167541503906,-76.57837677001953,0.7003159851261156,0.35,0.0,-0.34556750249147067,21.652961730957035,190,-1,5.5374268618082025,182.81103666137614
1390,69.5,sturn,192,stanley,0.8,207.04556274414062,-362.5166015625,207.53196716308594,-362.5167541503906,-73.95980834960938,0.6394594132305724,0.35,0.0,-0.39798797693295235,19.034393310546875,190,-1,5.444691552383141,182.81775447716697
1391,69.55,sturn,192,stanley,0.8,207.17184448242188,-362.75054931640625,207.53196716308594,-362.5167541503906,-71.03937530517578,0.5649001705044914,0.35,0.0,-0.42907468096341417,16.113960266113278,190,-1,5.369888386702224,182.8041768375332
1392,69.60000000000001,sturn,192,stanley,0.8,207.310546875,-362.9752197265625,207.53196716308594,-362.5167541503906,-68.01416015625,0.4824574230743842,0.35,0.0,-0.44466510919562474,13.088745117187493,190,-1,5.359672986565406,182.77577717978167
1393,69.65,sturn,192,stanley,0.8,207.4591522216797,-363.1952209472656,207.53196716308594,-362.5167541503906,-65.24962615966797,0.40393591444316074,0.35,0.0,-0.4494677996006754,10.32421112060546,190,-1,5.394363918863969,182.73680634355867
1394,69.7,sturn,192,stanley,0.8,207.6141815185547,-363.4132995605469,208.49864196777344,-363.5565185546875,-62.738487243652344,0.857363141910178,0.35,0.0,-0.4063208784383636,26.572532653808594,191,-1,5.415166167246515,182.6915911436885
1395,69.75,sturn,192,stanley,0.8,207.77757263183594,-363.62554931640625,208.49864196777344,-363.5565185546875,-60.36098861694336,0.8078556647201455,0.35,0.0,-0.48125110992076175,24.19503402709961,191,-1,5.39757169269835,182.63669142427693
1396,69.8,sturn,192,stanley,0.8,207.95135498046875,-363.8243408203125,208.49864196777344,-363.5565185546875,-57.63251876831055,0.7459394264688275,0.35,0.0,-0.5391842062599911,21.466564178466797,191,-1,5.313213430811871,182.56694411703555
1397,69.85000000000001,sturn,192,stanley,0.8,208.13638305664062,-364.0037841796875,208.49864196777344,-363.5565185546875,-54.56267166137695,0.6700495464084358,0.35,0.0,-0.5748609336285198,18.396717071533203,191,-1,5.199048838843249,182.47897136719595
1398,69.9,sturn,192,stanley,0.8,208.33737182617188,-364.167724609375,208.49864196777344,-363.5565185546875,-51.21727752685547,0.5745955679254119,0.35,0.0,-0.5886031524697345,15.051322937011717,191,-1,5.318569146181807,182.37017487673108
1399,69.95,sturn,192,stanley,0.8,208.54725646972656,-364.3222961425781,208.49864196777344,-363.5565185546875,-48.04246520996094,0.4840775943271564,0.35,0.0,-0.5895320699660216,11.876510620117182,191,-1,5.319898851015174,182.24957155037214
1400,70.0,sturn,192,stanley,0.8,208.7620086669922,-364.4726867675781,208.49864196777344,-363.5565185546875,-45.12653350830078,0.3992923333104327,0.35,0.0,-0.5842132235067453,8.96057891845703,191,-1,5.326381056003797,182.1230486759613
1401,70.05,sturn,192,stanley,0.8,208.9813995361328,-364.6202697753906,209.69972229003906,-364.1244201660156,-42.66408157348633,0.9668689553212565,0.35,0.0,-0.6593563870925023,28.219501495361328,192,-1,5.359566460351352,181.99141344250847
1402,70.10000000000001,sturn,192,stanley,0.8,209.20489501953125,-364.7611389160156,209.69972229003906,-364.1244201660156,-40.25035858154297,0.9188032190976381,0.35,0.0,-0.7400230840224011,25.80577850341797,192,-1,5.317897772608774,181.85341131409032
1403,70.15,sturn,192,stanley,0.8,209.43345642089844,-364.8857727050781,209.69972229003906,-364.1244201660156,-37.6189079284668,0.8621840392866585,0.35,0.0,-0.8037039790933386,23.174327850341797,192,-1,5.234918469429942,181.7039341523869
1404,70.2,sturn,192,stanley,0.8,209.66629028320312,-364.9894104003906,209.69972229003906,-364.1244201660156,-34.53205108642578,0.7860853738489055,0.35,0.0,-0.8459867428260411,20.08747100830078,192,-1,5.192881574323657,181.54152911654495
1405,70.25,sturn,192,stanley,0.8,209.90884399414062,-365.06695556640625,209.69972229003906,-364.1244201660156,-31.045974731445312,0.6883630012831945,0.35,0.0,-0.8605772261052778,16.601394653320316,192,-1,5.2355220831075995,181.35899261885953
1406,70.3,sturn,192,stanley,0.8,210.16078186035156,-365.1257629394531,209.69972229003906,-364.1244201660156,-27.480976104736328,0.5804459322746242,0.35,0.0,-0.8546814139157778,13.03639602661133,192,-1,5.352874771647535,181.1598578846497
1407,70.35000000000001,sturn,192,stanley,0.8,210.42189025878906,-365.1759033203125,211.23599243164062,-364.2309875488281,-24.19916343688965,0.927195203743069,0.35,0.0,-0.9387804298467635,24.629095077514652,193,-1,5.466477125039117,180.94879263376646
1408,70.4,sturn,192,stanley,0.8,210.6850128173828,-365.21612548828125,211.23599243164062,-364.2309875488281,-21.008838653564453,0.84953996579901,0.35,0.0,-0.9809758456332378,21.438770294189457,193,-1,5.382679829219465,180.73162179019482
1409,70.45,sturn,192,stanley,0.8,210.94287109375,-365.2386169433594,211.23599243164062,-364.2309875488281,-17.51508903503418,0.7609459444299803,0.35,0.0,-1.0054015463549308,17.94502067565918,193,-1,5.263581822990766,180.5113169729723
1410,70.5,sturn,192,stanley,0.8,211.200439453125,-365.2369079589844,211.23599243164062,-364.2309875488281,-13.815752983093262,0.6530919715383304,0.35,0.0,-1.005625313497213,14.245684623718262,193,-1,5.311650583352474,180.28048416789866
1411,70.55,sturn,192,stanley,0.8,211.462158203125,-365.21826171875,211.23599243164062,-364.2309875488281,-10.263258934020996,0.5426511413936568,0.35,0.0,-0.9889434446992479,10.693190574645996,193,-1,5.423434198626286,180.03838913726287
1412,70.60000000000001,sturn,192,stanley,0.8,211.72706604003906,-365.19281005859375,211.23599243164062,-364.2309875488281,-7.045508861541748,0.44342662109220693,0.35,0.0,-0.9654802773702629,7.475440502166748,193,-1,5.46500419756337,179.79043595873836
1413,70.65,sturn,192,stanley,0.8,211.99282836914062,-365.1651611328125,211.23599243164062,-364.2309875488281,-4.35580587387085,0.36380437849101116,0.35,0.0,-0.9398263180876892,4.78573751449585,193,-1,5.385629000225223,179.5407805495374
1414,70.7,sturn,192,stanley,0.8,212.26129150390625,-365.13568115234375,213.23619079589844,-364.21600341796875,-2.064605236053467,0.2869985236799807,0.35,0.0,-0.9123365375905672,2.494536876678467,194,-1,5.506464810304671,179.2879389795293
1415,70.75,sturn,192,stanley,0.8,212.530029296875,-365.1048889160156,213.23619079589844,-364.21600341796875,-0.2116699069738388,0.23062856686647523,0.35,0.0,-0.8835616831002984,0.6416015475988388,194,-1,5.419923030567418,179.0343092511662
1416,70.8,sturn,192,stanley,0.8,212.80145263671875,-365.0731201171875,213.23619079589844,-364.21600341796875,1.2873402833938599,0.17620053741461325,0.35,0.0,-0.8538304450128992,-0.85740864276886,194,-1,5.543572823581707,178.77789230566177
1417,70.85000000000001,sturn,192,stanley,0.8,213.07272338867188,-365.0408935546875,213.23619079589844,-364.21600341796875,2.4541211128234863,0.13925893052961863,0.35,0.0,-0.8236403111744798,-2.0241894721984863,194,-1,5.446350562098838,178.5214539188531
1418,70.9,sturn,192,stanley,0.8,213.34613037109375,-365.0083923339844,213.23619079589844,-364.21600341796875,3.3829843997955322,0.1013279253301352,0.35,0.0,-0.7931915563959383,-2.9530527591705322,194,-1,5.569808444392456,178.2630369555881
1419,70.95,sturn,192,stanley,0.8,213.61978149414062,-364.9758605957031,213.23619079589844,-364.21600341796875,4.043435096740723,0.07903856458983385,0.35,0.0,-0.762714116844782,-3.613503456115723,194,-1,5.457121344449435,178.0044393458747
1420,71.0,sturn,192,stanley,0.8,213.89642333984375,-364.9435119628906,213.23619079589844,-364.21600341796875,4.539592742919922,0.05214786731192632,0.35,0.0,-0.7324422189502946,-4.109661102294922,194,-1,5.636637485447341,177.74331231424375
1421,71.05,sturn,192,stanley,0.8,214.1731414794922,-364.9117431640625,213.23619079589844,-364.21600341796875,4.868669033050537,0.0384149391271902,0.35,0.0,-0.7027507111994707,-4.438737392425537,194,-1,5.5508917415206085,177.48243417796144
1422,71.10000000000001,sturn,192,stanley,0.8,214.451904296875,-364.88079833984375,215.2361297607422,-364.20098876953125,5.11650276184082,0.02154475813078177,0.35,0.0,-0.6739058765906211,-4.686571121215821,195,-1,5.660489451112217,177.22016517002788
1423,71.15,sturn,192,stanley,0.8,214.730224609375,-364.8506164550781,215.2361297607422,-364.20098876953125,5.234499931335449,0.014992043756427225,0.35,0.0,-0.6458132603741862,-4.804568290710449,195,-1,5.538539600580298,176.9586938138657
1424,71.2,sturn,192,stanley,0.8,215.0110626220703,-364.8211975097656,215.2361297607422,-364.20098876953125,5.297772407531738,0.0024676387505631046,0.35,0.0,-0.6185024540787849,-4.867840766906738,195,-1,5.708152415911986,176.69538768056412
1425,71.25,sturn,192,stanley,0.8,215.291748046875,-364.7928466796875,215.2361297607422,-364.20098876953125,5.279708385467529,-0.0008426421325484579,0.35,0.0,-0.5922585879808575,-4.84977674484253,195,-1,5.618559950233277,176.43276457398045
1426,71.3,sturn,192,stanley,0.8,215.57427978515625,-364.7654113769531,215.2361297607422,-364.20098876953125,5.24962043762207,-0.008307652219530186,0.35,0.0,-0.5669440775463366,-4.81968879699707,195,-1,5.726012368849898,176.16897925477946
1427,71.35000000000001,sturn,192,stanley,0.8,215.856201171875,-364.7389221191406,215.2361297607422,-364.20098876953125,5.149170398712158,-0.008278511744806276,0.35,0.0,-0.5425710055339944,-4.719238758087158,195,-1,5.603365685361662,175.90623246520528
1428,71.4,sturn,192,stanley,0.8,216.1405487060547,-364.7132873535156,215.2361297607422,-364.20098876953125,5.043240070343018,-0.014179315355063785,0.35,0.0,-0.5190706066197122,-4.613308429718018,195,-1,5.769078031109217,175.64178545486376
1429,71.45,sturn,192,stanley,0.8,216.4246368408203,-364.6885986328125,217.236083984375,-364.1859436035156,4.895898818969727,-0.013285517663081255,0.35,0.0,-0.4965521987593886,-4.465976864099503,196,-1,5.679420491645195,175.37806944928244
1430,71.5,sturn,192,stanley,0.8,216.71051025390625,-364.6648864746094,217.236083984375,-364.1859436035156,4.768679618835449,-0.016605768679973352,0.35,0.0,-0.47498575444979274,-4.338757663965224,196,-1,5.785814645108405,175.11328452684208
1431,71.55,sturn,192,stanley,0.8,216.9957733154297,-364.64202880859375,217.236083984375,-364.1859436035156,4.597894191741943,-0.0141880523478326,0.35,0.0,-0.4542691985097257,-4.167972236871719,196,-1,5.663701696253267,174.84950450257716
1432,71.60000000000001,sturn,192,stanley,0.8,217.28334045410156,-364.6199645996094,217.236083984375,-364.1859436035156,4.443004608154297,-0.017140366501075494,0.35,0.0,-0.4343633658681186,-4.013082653284073,196,-1,5.826312267540293,174.58411627749382
1433,71.65,sturn,192,stanley,0.8,217.5706024169922,-364.5987548828125,217.236083984375,-364.1859436035156,4.263408660888672,-0.014827509010161112,0.35,0.0,-0.41530971147739615,-3.833486706018448,196,-1,5.736918909767728,174.31946637227716
1434,71.7,sturn,192,stanley,0.8,217.85958862304688,-364.57843017578125,217.236083984375,-364.1859436035156,4.117182731628418,-0.016409139394474626,0.35,0.0,-0.39715397976758327,-3.687260776758194,196,-1,5.8421545558883325,174.05377081765934
1435,71.75,sturn,192,stanley,0.8,218.14791870117188,-364.55877685546875,217.236083984375,-364.1859436035156,3.9380555152893066,-0.01339785760779532,0.35,0.0,-0.37966469263104435,-3.5081335604190826,196,-1,5.7206415838370575,173.78904433162447
1436,71.8,sturn,192,stanley,0.8,218.43844604492188,-364.5398864746094,219.2360382080078,-364.1709289550781,3.7829508781433105,-0.015029718158078801,0.35,0.0,-0.3629624133963106,-3.353028923273086,197,-1,5.880273993045538,173.5228017593412
1437,71.85000000000001,sturn,192,stanley,0.8,218.72865295410156,-364.52166748046875,219.2360382080078,-364.1709289550781,3.609262228012085,-0.012443350534315742,0.35,0.0,-0.34692149482351375,-3.179340273141861,197,-1,5.791026654950366,173.25723467167884
1438,71.9,sturn,192,stanley,0.8,219.0205078125,-364.50421142578125,219.2360382080078,-364.1709289550781,3.4738047122955322,-0.013338580358152882,0.35,0.0,-0.3316558595852532,-3.043882757425308,197,-1,5.895048887995834,172.99064387970253
1439,71.95,sturn,192,stanley,0.8,219.31163024902344,-364.48736572265625,219.2360382080078,-364.1709289550781,3.3091633319854736,-0.010412538168197401,0.35,0.0,-0.31699506301191044,-2.8792413771152496,197,-1,5.774072286643182,172.72506882539696
1440,72.0,sturn,192,stanley,0.8,219.6049346923828,-364.47125244140625,219.2360382080078,-364.1709289550781,3.1711032390594482,-0.011431258186206281,0.35,0.0,-0.30308304034646805,-2.7411812841892242,197,-1,5.930821786766136,172.45798834571042
1441,72.05,sturn,192,stanley,0.8,219.8978729248047,-364.45556640625,219.2360382080078,-364.1709289550781,3.0161755084991455,-0.009003473710859057,0.35,0.0,-0.28959550388951893,-2.586253553628921,197,-1,5.841636386464592,172.1915179512349
1442,72.10000000000001,sturn,192,stanley,0.8,220.19232177734375,-364.4407043457031,219.2360382080078,-364.1709289550781,2.9008429050445557,-0.009613173971699503,0.35,0.0,-0.2769432537585132,-2.4709209501743317,197,-1,5.944487881318495,171.92418435822827
1443,72.15,sturn,192,stanley,0.8,220.486083984375,-364.42620849609375,221.23597717285156,-364.15594482421875,2.757295846939087,-0.0070169960438637565,0.35,0.0,-0.26462925257844744,-2.3273738920688634,198,-1,5.824044296150393,171.65771898656024
1444,72.2,sturn,192,stanley,0.8,220.78192138671875,-364.41229248046875,221.23597717285156,-364.15594482421875,2.6406936645507812,-0.0077757413988765,0.35,0.0,-0.252933439696877,-2.2107717096805573,198,-1,5.978059524178234,171.38978224588575
1445,72.25,sturn,192,stanley,0.8,221.07733154296875,-364.39886474609375,221.23597717285156,-364.15594482421875,2.507049083709717,-0.005609603663984994,0.35,0.0,-0.2417226884855458,-2.077127128839493,198,-1,5.888890341033803,171.12254492786445
1446,72.3,sturn,192,stanley,0.8,221.37425231933594,-364.3859558105469,221.23597717285156,-364.15594482421875,2.412938356399536,-0.006165346691380006,0.35,0.0,-0.231042056410072,-1.9830164015293126,198,-1,5.990637114226787,170.85431156934726
1447,72.35000000000001,sturn,192,stanley,0.8,221.67042541503906,-364.3735046386719,221.23597717285156,-364.15594482421875,2.2903785705566406,-0.003912361327827976,0.35,0.0,-0.2208135649104053,-1.8604566156864168,198,-1,5.870701772734318,170.5870493555928
1448,72.4,sturn,192,stanley,0.8,221.9685821533203,-364.3614807128906,221.23597717285156,-364.15594482421875,2.1942849159240723,-0.004530840612014814,0.15,0.0,-0.21102719170567177,-1.7643629610538483,198,-1,6.022132518860307,170.31833520936502
1449,72.45,sturn,192,stanley,0.8,222.26605224609375,-364.3498229980469,223.2359161376953,-364.14093017578125,2.0809743404388428,-0.0025689011691425916,0.35,0.0,-0.2016095841708869,-1.651052385568619,199,-1,5.917989830668407,170.05049825955143
1450,72.5,sturn,192,stanley,0.8,222.56362915039062,-364.3387756347656,223.2359161376953,-364.14093017578125,2.0074105262756348,-0.002923991774111057,0.35,0.0,-0.19279539519985214,-1.5774885714054108,199,-1,5.989319122809542,169.78295498801043
1451,72.55,sturn,192,stanley,0.8,222.85894775390625,-364.3280029296875,223.2359161376953,-364.14093017578125,1.9056503772735596,-0.0008975909067786043,0.35,0.0,-0.18423891157786154,-1.4757284224033356,199,-1,5.84575665620597,169.5176320703725
1452,72.60000000000001,sturn,192,stanley,0.8,223.1551971435547,-364.31768798828125,223.2359161376953,-364.14093017578125,1.830856442451477,-0.001446557140032269,0.35,0.0,-0.1761471628791351,-1.4009344875812528,199,-1,5.978276326427855,169.2518063986543
1453,72.65,sturn,192,stanley,0.8,223.4504852294922,-364.3076477050781,223.2359161376953,-364.14093017578125,1.7351926565170288,0.0001890518609708569,0.35,0.0,-0.16832285152521506,-1.3052707016468048,199,-1,5.880079471376021,168.98705907432264
1454,72.7,sturn,192,stanley,0.8,223.7470245361328,-364.29803466796875,223.2359161376953,-364.14093017578125,1.6782010793685913,-0.0004225561324836539,0.35,0.0,-0.16093516275097422,-1.2482791244983673,199,-1,5.979445993334948,168.72151578779423
1455,72.75,sturn,192,stanley,0.8,224.04269409179688,-364.2886657714844,223.2359161376953,-364.14093017578125,1.5912748575210571,0.0011956751939852747,0.35,0.0,-0.15378508156693796,-1.1613529026508331,199,-1,5.857665972038669,168.45695761478584
1456,72.8,sturn,192,stanley,0.8,224.3402862548828,-364.2796325683594,225.29727172851562,-364.12945556640625,1.5287151336669922,-0.005799625373223496,0.15,0.0,-0.1467258619026339,-1.3221495449543,200,-1,6.008566048896641,168.19097331619147
1457,72.85000000000001,sturn,192,stanley,0.8,224.6371612548828,-364.2711486816406,225.29727172851562,-364.12945556640625,1.43000066280365,-0.004055752902223991,0.35,0.0,-0.13931233648941782,-1.2234350740909576,200,-1,5.903786271238338,167.9259879654673
1458,72.9,sturn,192,stanley,0.8,224.9341583251953,-364.2635498046875,225.29727172851562,-364.12945556640625,1.355541706085205,-0.003727700683148694,0.35,0.0,-0.13278425518322926,-1.1489761173725128,200,-1,5.9751609462001145,167.66142569026292
1459,72.95,sturn,192,stanley,0.8,225.2288360595703,-364.2562561035156,225.29727172851562,-364.12945556640625,1.2492356300354004,-0.001371570079608281,0.35,0.0,-0.12655298590803252,-1.0426700413227081,200,-1,5.8312882400842945,167.39915500781333
1460,73.0,sturn,192,stanley,0.8,225.52450561523438,-364.2494201660156,225.29727172851562,-364.12945556640625,1.1704157590866089,-0.0010209441200044374,0.35,0.0,-0.1207830530853514,-0.9638501703739165,200,-1,5.964552254815837,167.13634164713397
1461,73.05,sturn,192,stanley,0.8,225.8192138671875,-364.2427978515625,225.29727172851562,-364.12945556640625,1.0738346576690674,0.0009411792524296304,0.35,0.0,-0.11522327618887516,-0.8672690689563752,200,-1,5.866419323424897,166.87458435819252
1462,73.10000000000001,sturn,192,stanley,0.8,226.1151580810547,-364.2366027832031,225.29727172851562,-364.12945556640625,1.0191704034805298,0.0009479311173192611,0.35,0.0,-0.11009519855111513,-0.8126048147678375,200,-1,5.966103811212167,166.61205908893874
1463,73.15,sturn,192,stanley,0.8,226.41024780273438,-364.23052978515625,227.3602752685547,-364.1261291503906,0.9375723600387573,-0.003956416580983163,0.35,0.0,-0.10477565009767933,-0.9601898770779371,201,-1,5.844156466146836,166.35045392559417
1464,73.2,sturn,192,stanley,0.8,226.70726013183594,-364.22509765625,227.3602752685547,-364.1261291503906,0.8628459572792053,-0.003626961385988641,0.35,0.0,-0.09922627595893276,-0.8854634743183851,201,-1,5.9957981272261005,166.08758602452934
1465,73.25,sturn,192,stanley,0.8,227.0038299560547,-364.2201843261719,227.3602752685547,-364.1261291503906,0.7584381103515625,-0.0014298602661322578,0.35,0.0,-0.09419587528674993,-0.7810556273907423,201,-1,5.906052645288618,165.82547162944456
1466,73.3,sturn,192,stanley,0.8,227.3018341064453,-364.2158203125,227.3602752685547,-364.1261291503906,0.6912750601768494,-0.0008393164777355546,0.15,0.0,-0.08971422477757389,-0.7138925772160292,201,-1,6.007161990792158,165.56248402740644
1467,73.35000000000001,sturn,192,stanley,0.8,227.598876953125,-364.2116394042969,227.3602752685547,-364.1261291503906,0.5974888205528259,0.0013065857282772,0.35,0.0,-0.08541605919764696,-0.6201063375920057,201,-1,5.87983013768455,165.30054504124817
1468,73.4,sturn,192,stanley,0.8,227.89649963378906,-364.2078552246094,227.3602752685547,-364.1261291503906,0.5363401770591736,0.001844725651226094,0.35,0.0,-0.08151439321289328,-0.5589576940983534,201,-1,5.992074888931034,165.0384105577268
1469,73.45,sturn,192,stanley,0.8,228.19204711914062,-364.2041320800781,227.3602752685547,-364.1261291503906,0.45748573541641235,0.003603317655178147,0.35,0.0,-0.07767458156325495,-0.4801032524555921,201,-1,5.872804260429958,164.77824004690802
1470,73.5,sturn,192,stanley,0.8,228.4881134033203,-364.2007751464844,229.4232635498047,-364.1310729980469,0.4202863276004791,-0.0029946142806146028,0.35,0.0,-0.0738112131999118,-0.6720869541168213,202,-1,5.963850933311873,164.51791415703022
1471,73.55,sturn,192,stanley,0.8,228.78292846679688,-364.19775390625,229.4232635498047,-364.1310729980469,0.33818763494491577,-0.0012631948558104271,0.35,0.0,-0.06949436781431804,-0.5899882614612579,202,-1,5.83625564165893,164.2589655317463
1472,73.60000000000001,sturn,192,stanley,0.8,229.0794677734375,-364.1954345703125,229.4232635498047,-364.1310729980469,0.2669188976287842,-0.00040513334513865107,0.35,0.0,-0.06587184235414283,-0.5187195241451265,202,-1,5.984194822881977,163.99897597163144
1473,73.65,sturn,192,stanley,0.8,229.37542724609375,-364.1932678222656,229.4232635498047,-364.1310729980469,0.1756378412246704,0.0016556994400365038,0.35,0.0,-0.062404451528261996,-0.42743846774101263,202,-1,5.8928964718310395,163.7396910702998
1474,73.7,sturn,192,stanley,0.8,229.67279052734375,-364.19158935546875,229.4232635498047,-364.1310729980469,0.12572549283504486,0.0021960307658773805,0.35,0.0,-0.059419167869152745,-0.3775261193513871,202,-1,5.993824115515987,163.47954596552384
1475,73.75,sturn,192,stanley,0.8,229.96937561035156,-364.19000244140625,229.4232635498047,-364.1310729980469,0.050298381596803665,0.003972732257357684,0.35,0.0,-0.056528856036012314,-0.3020990081131459,202,-1,5.8734493815418904,163.22025105719192
1476,73.8,sturn,192,stanley,0.8,230.2678680419922,-364.1886901855469,229.4232635498047,-364.1310729980469,0.0030505384784191847,0.004436483766023261,0.15,0.0,-0.053904817460245544,-0.25485116499476135,202,-1,6.024392495393112,162.95955701516746
1477,73.85000000000001,sturn,192,stanley,0.8,230.56565856933594,-364.1874084472656,231.43521118164062,-364.1412658691406,-0.0588684044778347,0.004443106330444559,0.35,0.0,-0.0506237123298156,-0.23644015565514567,203,-1,5.9201186346133445,162.6996189560956
1478,73.9,sturn,192,stanley,0.8,230.863525390625,-364.18646240234375,231.43521118164062,-364.1412658691406,-0.0838317796587944,0.004481218811263567,0.35,0.0,-0.04814244939643273,-0.21147678047418597,203,-1,5.991149809706304,162.43990993539012
1479,73.95,sturn,192,stanley,0.8,231.15911865234375,-364.18560791015625,231.43521118164062,-364.1412658691406,-0.1399230808019638,0.005809743688502157,0.35,0.0,-0.045764456098082044,-0.15538547933101657,203,-1,5.847520855116058,162.1823545443326
1480,74.0,sturn,192,stanley,0.8,231.4556427001953,-364.1850280761719,231.43521118164062,-364.1412658691406,-0.1712035983800888,0.006014918778460323,0.35,0.0,-0.043656320004954174,-0.12410496175289155,203,-1,5.979896556003386,161.92425582926933
1481,74.05,sturn,192,stanley,0.8,231.75115966796875,-364.1844177246094,231.43521118164062,-364.1412658691406,-0.2231750190258026,0.007184387659788003,0.35,0.0,-0.04152285731422777,-0.07213354110717776,203,-1,5.881715594365046,161.6671487584851
1482,74.10000000000001,sturn,192,stanley,0.8,232.04795837402344,-364.18408203125,231.43521118164062,-364.1412658691406,-0.2361755222082138,0.006994083726135937,0.35,0.0,-0.039657442991918875,-0.05913303792476656,203,-1,5.980884912132298,161.40919644867952
1483,74.15,sturn,192,stanley,0.8,232.34384155273438,-364.18365478515625,231.43521118164062,-364.1412658691406,-0.2789916396141052,0.007961614757141989,0.35,0.0,-0.037705195855982546,-0.016316920518875153,203,-1,5.859048255194153,161.15212694972297
1484,74.2,sturn,192,stanley,0.8,232.64163208007812,-364.1835021972656,233.4351806640625,-364.15155029296875,-0.2982482612133026,0.007937814967870181,0.15,0.0,-0.03604149585162417,0.002939701080322239,204,-1,6.009840040463799,160.89367302637024
1485,74.25,sturn,192,stanley,0.8,232.93870544433594,-364.1832580566406,233.4351806640625,-364.15155029296875,-0.33612060546875,0.00876540509574838,0.35,0.0,-0.03426621743623936,0.04081204533576963,204,-1,5.905155871757803,160.63593144411269
1486,74.3,sturn,192,stanley,0.8,233.23585510253906,-364.1832580566406,233.4351806640625,-364.15155029296875,-0.3364257514476776,0.00834817919310459,0.35,0.0,-0.032734683177693916,0.041117191314697266,204,-1,5.976194860041727,160.37838168583988
1487,74.35000000000001,sturn,192,stanley,0.8,233.53070068359375,-364.1831970214844,233.4351806640625,-364.15155029296875,-0.3682555854320526,0.009079733048568805,0.35,0.0,-0.031153989980442744,0.07294702529907225,204,-1,5.832232646458038,160.12293402533933
1488,74.4,sturn,192,stanley,0.8,233.8264923095703,-364.183349609375,233.4351806640625,-364.15155029296875,-0.37774658203125,0.00889348716402145,0.35,0.0,-0.029782040997777943,0.08243802189826965,204,-1,5.965463056563053,159.86691007508347
1489,74.45,sturn,192,stanley,0.8,234.12130737304688,-364.1833801269531,233.4351806640625,-364.15155029296875,-0.4104308485984802,0.009604298920134856,0.35,0.0,-0.028293056609020692,0.11512228846549984,204,-1,5.867359493216093,159.61180722570234
1490,74.5,sturn,192,stanley,0.8,234.4173583984375,-364.18365478515625,233.4351806640625,-364.15155029296875,-0.40667724609375,0.00911720691477028,0.35,0.0,-0.027041839351137444,0.11136868596076961,204,-1,5.966783626111377,159.35589539228766
1491,74.55,sturn,192,stanley,0.8,234.71255493164062,-364.1838684082031,235.43516540527344,-364.161865234375,-0.4350890815258026,0.009758345550313107,0.35,0.0,-0.02572727655576989,0.13978052139282224,205,-1,5.844753294149742,159.10083053601312
1492,74.60000000000001,sturn,192,stanley,0.8,235.0096435546875,-364.1842041015625,235.43516540527344,-364.161865234375,-0.442138671875,0.00955297044353526,0.35,0.0,-0.02453174577810717,0.14683011174201965,205,-1,5.9962951914686355,158.84433201285862
1493,74.65,sturn,192,stanley,0.8,235.30624389648438,-364.18450927734375,235.43516540527344,-364.161865234375,-0.469757080078125,0.010152162949449718,0.35,0.0,-0.023308214470177203,0.17444851994514468,205,-1,5.906584153712609,158.58838127197092
1494,74.7,sturn,192,stanley,0.8,235.6043243408203,-364.1850280761719,235.43516540527344,-364.161865234375,-0.461395263671875,0.0096046762917174,0.15,0.0,-0.022290674799086398,0.1660867035388946,205,-1,6.007434691621938,158.33140344938928
1495,74.75,sturn,192,stanley,0.8,235.9014434814453,-364.18548583984375,235.43516540527344,-364.161865234375,-0.4859008491039276,0.010170993078956986,0.35,0.0,-0.021217055422382603,0.19059228897094727,205,-1,5.880046953646944,158.07536794109689
1496,74.8,sturn,192,stanley,0.8,236.19908142089844,-364.18609619140625,235.43516540527344,-364.161865234375,-0.4857482314109802,0.00987640154098006,0.35,0.0,-0.020293347976904987,0.19043967127799985,205,-1,5.992076375594101,157.81910674639383
1497,74.85000000000001,sturn,192,stanley,0.8,236.49464416503906,-364.1865234375,237.4351348876953,-364.17218017578125,-0.510498046875,0.010427680631108016,0.35,0.0,-0.01919043926402799,0.21518948674201963,206,-1,5.872792369639166,157.5646853242755
1498,74.9,sturn,192,stanley,0.8,236.79071044921875,-364.1871337890625,237.4351348876953,-364.17218017578125,-0.5001830458641052,0.009866686411877911,0.35,0.0,-0.01827483226163501,0.20487448573112485,206,-1,5.963674220534875,157.31006747732704
1499,74.95,sturn,192,stanley,0.8,237.08554077148438,-364.1877136230469,237.4351348876953,-364.17218017578125,-0.523223876953125,0.010401897287459846,0.35,0.0,-0.017335078337820872,0.2279153168201446,206,-1,5.836016264713283,157.0566427268033
1500,75.0,sturn,192,stanley,0.8,237.38206481933594,-364.1885070800781,237.4351348876953,-364.17218017578125,-0.5256652235984802,0.010214640954588931,0.35,0.0,-0.016600215019747008,0.23035666346549982,206,-1,5.98397193333053,156.80201551398576
1501,75.05,sturn,192,stanley,0.8,237.6780242919922,-364.1891174316406,237.4351348876953,-364.17218017578125,-0.549591064453125,0.010751156449312897,0.35,0.0,-0.01568515853290347,0.25428250432014465,206,-1,5.892677445206982,156.54792732140814
1502,75.10000000000001,sturn,192,stanley,0.8,237.9753875732422,-364.19000244140625,237.4351348876953,-364.17218017578125,-0.53765869140625,0.010210145833692476,0.35,0.0,-0.015037521253849506,0.2423501312732696,206,-1,5.993378013676633,156.29292155168972
1503,75.15,sturn,192,stanley,0.8,238.27197265625,-364.1907043457031,237.4351348876953,-364.17218017578125,-0.5584107041358948,0.010686097534999002,0.35,0.0,-0.014210791837124745,0.26310214400291443,206,-1,5.872928014151888,156.03863972784492
1504,75.2,sturn,192,stanley,0.8,238.57044982910156,-364.19158935546875,239.4351043701172,-364.1824951171875,-0.558349609375,0.010461441779950257,0.15,0.0,-0.01355061950594052,0.26304104924201965,207,-1,6.023833877695811,155.78297852399155
1505,75.25,sturn,192,stanley,0.8,238.8682098388672,-364.1924133300781,239.4351043701172,-364.1824951171875,-0.5790100693702698,0.010946421088288784,0.35,0.0,-0.012839903109287818,0.28370150923728943,207,-1,5.919514202901438,155.5280532883223
1506,75.3,sturn,192,stanley,0.8,239.16604614257812,-364.19342041015625,239.4351043701172,-364.1824951171875,-0.5640563368797302,0.010370153152421978,0.35,0.0,-0.012311896523916524,0.2687477767467499,207,-1,5.990337898962457,155.27330957383458
1507,75.35000000000001,sturn,192,stanley,0.8,239.46157836914062,-364.19427490234375,239.4351043701172,-364.1824951171875,-0.5822142958641052,0.01080531920448092,0.35,0.0,-0.011643179481502572,0.2869057357311248,207,-1,5.846637076949741,155.02061361778735
1508,75.4,sturn,192,stanley,0.8,239.75804138183594,-364.19525146484375,239.4351043701172,-364.1824951171875,-0.5794676542282104,0.01054829643510754,0.35,0.0,-0.011091733780416547,0.2841590940952301,207,-1,5.979061428337891,154.76733600994848
1509,75.45,sturn,192,stanley,0.8,240.05352783203125,-364.1961364746094,239.4351043701172,-364.1824951171875,-0.6011351943016052,0.011065855562777744,0.35,0.0,-0.01045376984601705,0.30582663416862493,207,-1,5.880892566785654,154.51499982947254
1510,75.5,sturn,192,stanley,0.8,240.3502655029297,-364.1971740722656,239.4351043701172,-364.1824951171875,-0.5873412489891052,0.0105254562387077,0.35,0.0,-0.00996194287907613,0.2920326888561248,207,-1,5.979987485838519,154.26182661913197
1511,75.55,sturn,192,stanley,0.8,240.64608764648438,-364.1980895996094,241.43507385253906,-364.19281005859375,-0.6064453125,0.010978962497903231,0.35,0.0,-0.00934597196432842,0.31113675236701965,208,-1,5.85813648890656,154.00952756551413
1512,75.60000000000001,sturn,192,stanley,0.8,240.94381713867188,-364.19921875,241.43507385253906,-364.19281005859375,-0.6048888564109802,0.010793700501101813,0.15,0.0,-0.00894058458562248,0.3095802962779999,208,-1,6.008954492353053,153.75586662289072
1513,75.65,sturn,192,stanley,0.8,241.24081420898438,-364.2002258300781,241.43507385253906,-364.19281005859375,-0.6239928603172302,0.01125793308266944,0.35,0.0,-0.008416903479568227,0.32868430018424993,208,-1,5.904230866312046,153.50292518586073
1514,75.7,sturn,192,stanley,0.8,241.53790283203125,-364.2013854980469,241.43507385253906,-364.19281005859375,-0.6073912978172302,0.010679992758512676,0.35,0.0,-0.008045336366937913,0.3120827376842498,208,-1,5.975190940619458,153.25014351640124
1515,75.75,sturn,192,stanley,0.8,241.83267211914062,-364.20245361328125,241.43507385253906,-364.19281005859375,-0.6239928603172302,0.011096541076381755,0.35,0.0,-0.007594171787901387,0.32868430018424993,208,-1,5.831194937552524,152.99944949121655
1516,75.8,sturn,192,stanley,0.8,242.12841796875,-364.20361328125,241.43507385253906,-364.19281005859375,-0.6198729872703552,0.010860653929850158,0.35,0.0,-0.007229525442178334,0.3245644271373749,208,-1,5.964472922462032,152.74812924740945
1517,75.85000000000001,sturn,192,stanley,0.8,242.4231719970703,-364.2046813964844,241.43507385253906,-364.19281005859375,-0.6400452256202698,0.01136284890450318,0.35,0.0,-0.0067784395082203,0.34473666548728943,208,-1,5.8663674840343925,152.49776438432735
1518,75.9,sturn,192,stanley,0.8,242.7191925048828,-364.2059631347656,243.43505859375,-364.2030944824219,-0.6246947646141052,0.01085071099058822,0.35,0.0,-0.006558248098657407,0.3293862044811249,209,-1,5.965781818698864,152.2465936868412
1519,75.95,sturn,192,stanley,0.8,243.01429748535156,-364.20703125,243.43505859375,-364.2030944824219,-0.6422423720359802,0.01128064333595152,0.35,0.0,-0.006105353327894067,0.34693381190299993,209,-1,5.843731171658287,151.99625006919564
1520,76.0,sturn,192,stanley,0.8,243.31134033203125,-364.20819091796875,243.43505859375,-364.2030944824219,-0.6391906142234802,0.011077743277980315,0.35,0.0,-0.005734022150499226,0.3438820540904999,209,-1,5.995310106978579,151.74446962566535
1521,76.05,sturn,192,stanley,0.8,243.60792541503906,-364.2093200683594,243.43505859375,-364.2030944824219,-0.6573180556297302,0.011526108820639841,0.35,0.0,-0.005334533152680157,0.3620094954967498,209,-1,5.90559114846908,151.49322561063585
1522,76.10000000000001,sturn,192,stanley,0.8,243.90591430664062,-364.2105712890625,243.43505859375,-364.2030944824219,-0.6399535536766052,0.010948054628110129,0.15,0.0,-0.005049877498755771,0.3446449935436248,209,-1,6.006429902898835,151.24101961664437
1523,76.15,sturn,192,stanley,0.8,244.2029571533203,-364.2117614746094,243.43505859375,-364.2030944824219,-0.6560057997703552,0.011354633747225675,0.35,0.0,-0.00470906349413991,0.36069723963737493,209,-1,5.879010900878417,150.9897500976396
1524,76.2,sturn,192,stanley,0.8,244.50051879882812,-364.2130432128906,245.43502807617188,-364.2134094238281,-0.647979736328125,0.011049140676692985,0.35,0.0,-0.004450333113791896,0.35267117619514465,210,-1,5.991063839591165,150.73825620887706
1525,76.25,sturn,192,stanley,0.8,244.79603576660156,-364.2142028808594,245.43502807617188,-364.2134094238281,-0.665435791015625,0.01148657764346011,0.35,0.0,-0.004086866444246217,0.3701272308826446,210,-1,5.871805725097987,150.488596529495
1526,76.3,sturn,192,stanley,0.8,245.0920867919922,-364.215576171875,245.43502807617188,-364.2134094238281,-0.6482239365577698,0.01094740244496349,0.35,0.0,-0.003934267406406177,0.3529153764247894,210,-1,5.962678607100224,150.23876528994793
1527,76.35000000000001,sturn,192,stanley,0.8,245.38682556152344,-364.216796875,245.43502807617188,-364.2134094238281,-0.664642333984375,0.0113684282168902,0.35,0.0,-0.0036358459814215247,0.3693337738513946,210,-1,5.83500727491952,149.99013031952836
1528,76.4,sturn,192,stanley,0.8,245.68331909179688,-364.2181091308594,245.43502807617188,-364.2134094238281,-0.6608580946922302,0.011192858191308096,0.35,0.0,-0.003419931890747272,0.3655495345592499,210,-1,5.983019680546036,149.7402289614238
1529,76.45,sturn,192,stanley,0.8,245.97923278808594,-364.2193603515625,245.43502807617188,-364.2134094238281,-0.6787719130516052,0.011655387071575214,0.35,0.0,-0.003145971967497745,0.3834633529186249,210,-1,5.891708998778711,149.4909548026096
1530,76.5,sturn,192,stanley,0.8,246.2765350341797,-364.2208557128906,245.43502807617188,-364.2134094238281,-0.6610107421875,0.011128092020408525,0.35,0.0,-0.003108992724337306,0.36570218205451965,210,-1,5.992409464052037,149.24081040871175
1531,76.55,sturn,192,stanley,0.8,246.57302856445312,-364.2221374511719,247.43499755859375,-364.2237243652344,-0.6761474609375,0.011518031642475736,0.35,0.0,-0.0028557674994837048,0.3808389008045197,211,-1,5.87195046476611,148.9914063825206
1532,76.60000000000001,sturn,192,stanley,0.8,246.8714599609375,-364.2235412597656,247.43499755859375,-364.2237243652344,-0.6707459092140198,0.011318525574889375,0.15,0.0,-0.0027214170021779525,0.3754373490810394,211,-1,6.022900105645715,148.7406080220428
1533,76.65,sturn,192,stanley,0.8,247.16917419433594,-364.22479248046875,247.43499755859375,-364.2237243652344,-0.6861876845359802,0.011707477505843469,0.35,0.0,-0.002438176959666416,0.3908791244029999,211,-1,5.918563375173253,148.49050743055872
1534,76.7,sturn,192,stanley,0.8,247.4669647216797,-364.2262878417969,247.43499755859375,-364.2237243652344,-0.6662597060203552,0.011123092195734352,0.35,0.0,-0.002398681073994246,0.3709511458873749,211,-1,5.989374781742644,148.2406505224945
1535,76.75,sturn,192,stanley,0.8,247.7624969482422,-364.2275695800781,247.43499755859375,-364.2237243652344,-0.679718017578125,0.01146641118965192,0.35,0.0,-0.0021572044504859864,0.38440945744514465,211,-1,5.845660671737213,147.99275430537216
1536,76.80000000000001,sturn,192,stanley,0.8,248.0589141845703,-364.2289733886719,247.43499755859375,-364.2237243652344,-0.672637939453125,0.011226255129787232,0.35,0.0,-0.0020332351035411266,0.37732937932014465,211,-1,5.978147446408215,147.7443558443861
1537,76.85000000000001,sturn,192,stanley,0.8,248.3543701171875,-364.2302551269531,247.43499755859375,-364.2237243652344,-0.690155029296875,0.011680482748776809,0.35,0.0,-0.0017921517054253254,0.39484646916389465,211,-1,5.880005048658943,147.49687565706748
1538,76.9,sturn,192,stanley,0.8,248.65106201171875,-364.2317199707031,249.43496704101562,-364.2340393066406,-0.672393798828125,0.011150820901438176,0.35,0.0,-0.0017210071312252,0.3770852386951446,212,-1,5.979095572070707,147.24863491532813
1539,76.95,sturn,192,stanley,0.8,248.94686889648438,-364.2330017089844,249.43496704101562,-364.2340393066406,-0.6876830458641052,0.01154119216287862,0.35,0.0,-0.0014781148963040917,0.3923744857311248,212,-1,5.857213597395422,147.00121607767375
1540,77.0,sturn,192,stanley,0.8,249.24456787109375,-364.2344055175781,249.43496704101562,-364.2340393066406,-0.6824951171875,0.011356205162435677,0.15,0.0,-0.0013475393627659373,0.3871865570545196,212,-1,6.008064892474027,146.75245766594418
1541,77.05000000000001,sturn,192,stanley,0.8,249.54153442382812,-364.2356872558594,249.43496704101562,-364.2340393066406,-0.6981505751609802,0.011753505104100045,0.35,0.0,-0.0010986701018794675,0.4028420150279999,212,-1,5.903330600012518,146.504428296433
1542,77.10000000000001,sturn,192,stanley,0.8,249.83859252929688,-364.2371520996094,249.43496704101562,-364.2340393066406,-0.6782836318016052,0.011168463082364062,0.35,0.0,-0.001032432007195916,0.3829750716686249,212,-1,5.974294057890267,146.2566049886249
1543,77.15,sturn,192,stanley,0.8,250.13333129882812,-364.2384338378906,249.43496704101562,-364.2340393066406,-0.6918334364891052,0.011507868228843183,0.35,0.0,-0.0007950449277692199,0.39652487635612493,212,-1,5.830270701640327,146.0108040202208
1544,77.2,sturn,192,stanley,0.8,250.42901611328125,-364.2398681640625,251.33596801757812,-364.2412109375,-0.6849364042282104,0.02090028145417915,0.35,0.0,0.0023681138484105413,0.7497113272547722,213,-1,5.963600828138446,145.76447805070183
1545,77.25,sturn,192,stanley,0.8,250.72373962402344,-364.24066162109375,251.33596801757812,-364.2412109375,-0.6769713163375854,0.020915554516083595,0.35,0.0,0.0012414619507071626,0.7417462393641472,213,-1,5.8653280860754125,145.51878562151393
1546,77.30000000000001,sturn,192,stanley,0.8,251.0196990966797,-364.2411193847656,251.33596801757812,-364.2412109375,-0.612701416015625,0.01925785794580174,0.35,0.0,0.00044910589910738337,0.6774763390421867,213,-1,5.964544602562184,145.27205943675395
1547,77.35000000000001,sturn,192,stanley,0.8,251.3147430419922,-364.2410888671875,251.33596801757812,-364.2412109375,-0.5786438584327698,0.018350652302957488,0.35,0.0,0.0001460658215760592,0.6434187814593314,213,-1,5.842453060742068,145.02601090724755
1548,77.4,sturn,192,stanley,0.8,251.61175537109375,-364.2410583496094,251.33596801757812,-364.2412109375,-0.5281372666358948,0.01697513097285167,0.35,0.0,-0.0001591995835857911,0.5929121896624565,213,-1,5.994089891066195,144.77850593043644
1549,77.45,sturn,192,stanley,0.8,251.9082489013672,-364.2408142089844,251.33596801757812,-364.2412109375,-0.505035400390625,0.016335802839162406,0.35,0.0,-0.0002502555579288427,0.5698103234171866,213,-1,5.904370902967091,144.53150086468514
1550,77.5,sturn,192,stanley,0.8,252.20616149902344,-364.24066162109375,251.33596801757812,-364.2412109375,-0.4528503119945526,0.014884043197766806,0.15,0.0,-0.0004344685141058189,0.5176252350211143,213,-1,6.005098586635317,144.28355283321665
1551,77.55000000000001,sturn,192,stanley,0.8,252.50311279296875,-364.24029541015625,253.12191772460938,-364.22705078125,-0.44012451171875,0.03758827880154636,0.35,0.0,-0.004136754938205225,1.2833294868469238,214,-1,5.877658554572575,144.03647422587446
1552,77.60000000000001,sturn,192,stanley,0.8,252.80056762695312,-364.23870849609375,253.12191772460938,-364.22705078125,-0.3418578803539276,0.03537399402949159,0.35,0.0,-0.006927409179200819,1.1850628554821014,214,-1,5.988069142405461,143.78848605210095
1553,77.65,sturn,192,stanley,0.8,253.09591674804688,-364.23577880859375,253.12191772460938,-364.22705078125,-0.23016357421875,0.03252974023456593,0.35,0.0,-0.00834444735711968,1.0733685493469238,214,-1,5.868762991890517,143.5416837470802
1554,77.7,sturn,192,stanley,0.8,253.3917694091797,-364.2322692871094,253.12191772460938,-364.22705078125,-0.0805663987994194,0.028412848682301938,0.35,0.0,-0.009189124521898842,0.9237713739275931,214,-1,5.959368715349797,143.294323524506
1555,77.75,sturn,192,stanley,0.8,253.6863250732422,-364.2281799316406,253.12191772460938,-364.22705078125,0.021924661472439766,0.025583908836551927,0.35,0.0,-0.009434943659989774,0.8212803136557341,214,-1,5.831798229012781,143.04789743383353
1556,77.80000000000001,sturn,192,stanley,0.8,253.98260498046875,-364.2239074707031,253.12191772460938,-364.22705078125,0.1265169233083725,0.022562338775374318,0.35,0.0,-0.009523051416324764,0.7166880518198013,214,-1,5.980018240401472,142.80012361467175
1557,77.85000000000001,sturn,192,stanley,0.8,254.27833557128906,-364.2193298339844,254.90750122070312,-364.1886901855469,0.1916738897562027,0.04370768157143395,0.35,0.0,-0.012822561438856302,1.4299610704183578,215,-1,5.888742349709806,142.55281800472486
1558,77.9,sturn,192,stanley,0.8,254.57534790039062,-364.2135925292969,254.90750122070312,-364.1886901855469,0.3419470489025116,0.03995105236013361,0.35,0.0,-0.015492733406295582,1.279687911272049,215,-1,5.987690002859577,142.30398519809253
1559,77.95,sturn,192,stanley,0.8,254.8715362548828,-364.20635986328125,254.90750122070312,-364.1886901855469,0.49060702323913574,0.03603056472724831,0.35,0.0,-0.016644825204748193,1.1310279369354248,215,-1,5.866891342607955,142.05517535283838
1560,78.0,sturn,192,stanley,0.8,255.16964721679688,-364.1985168457031,254.90750122070312,-364.1886901855469,0.655151903629303,0.03136572204639648,0.15,0.0,-0.017241217928166075,0.9664830565452577,215,-1,6.0180824923570615,141.80461654871277
1561,78.05000000000001,sturn,192,stanley,0.8,255.46697998046875,-364.1900634765625,254.90750122070312,-364.1886901855469,0.7795290350914001,0.027870322857777574,0.35,0.0,-0.017205481231851602,0.8421059250831605,215,-1,5.913820448126513,141.55453904169357
1562,78.10000000000001,sturn,192,stanley,0.8,255.76438903808594,-364.1815490722656,254.90750122070312,-364.1886901855469,0.9169566035270691,0.023878317791875815,0.35,0.0,-0.017110892873120086,0.7046783566474916,215,-1,5.984187666870513,141.304547658389
1563,78.15,sturn,192,stanley,0.8,256.0594787597656,-364.1727600097656,256.6923828125,-364.1260070800781,0.9986952543258667,0.04457042613772174,0.35,0.0,-0.020207929476985496,1.4013696908950806,216,-1,5.840408486588922,141.05649466006963
1564,78.2,sturn,192,stanley,0.8,256.3554382324219,-364.16265869140625,256.6923828125,-364.1260070800781,1.147851824760437,0.04071393480412383,0.35,0.0,-0.022509303742483965,1.2522131204605105,216,-1,5.971638018081932,140.8071621646445
1565,78.25,sturn,192,stanley,0.8,256.65032958984375,-364.1512145996094,256.6923828125,-364.1260070800781,1.2996495962142944,0.036663229688769026,0.35,0.0,-0.023424353241310692,1.1004153490066528,216,-1,5.873649821741137,140.55812489660747
1566,78.30000000000001,sturn,192,stanley,0.8,256.9464416503906,-364.13909912109375,256.6923828125,-364.1260070800781,1.48081636428833,0.03146545079737048,0.35,0.0,-0.02371972409730945,0.9192485809326173,216,-1,5.972397747232773,140.30788069294562
1567,78.35000000000001,sturn,192,stanley,0.8,257.2416076660156,-364.12646484375,256.6923828125,-364.1260070800781,1.6078017950057983,0.027886865929959134,0.35,0.0,-0.023457133903556346,0.7922631502151489,216,-1,5.850521066127259,140.05829666372435
1568,78.4,sturn,192,stanley,0.8,257.5386962890625,-364.1135559082031,256.6923828125,-364.1260070800781,1.7311224937438965,0.024131571392571178,0.15,0.0,-0.02300063906165908,0.6689424514770508,216,-1,6.001668247569878,139.80715737667876
1569,78.45,sturn,192,stanley,0.8,257.83502197265625,-364.1003723144531,258.4762878417969,-364.0390625,1.8110569715499878,0.04476824376709102,0.35,0.0,-0.02565938859611945,1.3674379587173462,217,-1,5.896874438264116,139.5566676376392
1570,78.5,sturn,192,stanley,0.8,258.1313171386719,-364.0860595703125,258.4762878417969,-364.0390625,1.9714590311050415,0.04058872673944739,0.35,0.0,-0.027797267127076232,1.2070358991622923,217,-1,5.965864744848081,139.3057359396369
1571,78.55000000000001,sturn,192,stanley,0.8,258.4252014160156,-364.0704650878906,258.4762878417969,-364.0390625,2.1259233951568604,0.03648982514617338,0.35,0.0,-0.028521703198170517,1.0525715351104736,217,-1,5.821428633336593,139.05621998924283
1572,78.60000000000001,sturn,192,stanley,0.8,258.72003173828125,-364.05413818359375,258.4762878417969,-364.0390625,2.294124126434326,0.0315498072135776,0.35,0.0,-0.02856729923688972,0.8843708038330076,217,-1,5.955371503111468,138.8056842765166
1573,78.65,sturn,192,stanley,0.8,259.01385498046875,-364.03729248046875,258.4762878417969,-364.0390625,2.4172780513763428,0.028017869673491763,0.35,0.0,-0.028039055224587498,0.761216878890991,217,-1,5.857608018180621,138.5558483356017
1574,78.7,sturn,192,stanley,0.8,259.3089294433594,-364.0203552246094,258.4762878417969,-364.0390625,2.5528743267059326,0.023918286132920692,0.35,0.0,-0.027488775442527515,0.6256206035614015,217,-1,5.95683830121332,138.3051131221003
1575,78.75,sturn,192,stanley,0.8,259.60308837890625,-364.0030822753906,260.25885009765625,-363.92791748046875,2.6326286792755127,0.044510842232580436,0.35,0.0,-0.029733805037513515,1.3242964744567873,218,-1,5.834712534527165,138.05510778459887
1576,78.80000000000001,sturn,192,stanley,0.8,259.8990478515625,-363.98443603515625,260.25885009765625,-363.92791748046875,2.7795913219451904,0.040542689014566834,0.35,0.0,-0.03155513716893568,1.1773338317871094,218,-1,5.985147192038373,137.8030157553263
1577,78.85000000000001,sturn,192,stanley,0.8,260.1944274902344,-363.9645080566406,260.25885009765625,-363.92791748046875,2.93204402923584,0.03640360935925506,0.35,0.0,-0.03205777410595389,1.02488112449646,218,-1,5.895442874426325,137.5508292501488
1578,78.9,sturn,192,stanley,0.8,260.4912109375,-363.9439392089844,260.25885009765625,-363.92791748046875,3.1132726669311523,0.031097538614315787,0.35,0.0,-0.03201794149933145,0.8436524868011475,218,-1,5.995984732599641,137.297303111576
1579,78.95,sturn,192,stanley,0.8,260.7871398925781,-363.9228820800781,260.25885009765625,-363.92791748046875,3.2397916316986084,0.0274949956556679,0.35,0.0,-0.03143202609762699,0.7171335220336912,218,-1,5.875938511735514,137.0443641550244
1580,79.0,sturn,192,stanley,0.8,261.08502197265625,-363.90142822265625,260.25885009765625,-363.92791748046875,3.362234592437744,0.02363719243571463,0.15,0.0,-0.030585106193322813,0.5946905612945557,218,-1,6.026839874365012,136.7897829703068
1581,79.05000000000001,sturn,192,stanley,0.8,261.38214111328125,-363.8798828125,262.0397033691406,-363.7925720214844,3.440692186355591,0.04422738120059614,0.35,0.0,-0.032728716638986355,1.2946627140045166,219,-1,5.922581864174689,136.5359461421338
1582,79.10000000000001,sturn,192,stanley,0.8,261.6791687011719,-363.8570861816406,262.0397033691406,-363.7925720214844,3.599200963973999,0.04000938936068726,0.35,0.0,-0.034530559262321736,1.1361539363861088,219,-1,5.991312130184577,136.28162993328394
1583,79.15,sturn,192,stanley,0.8,261.9737548828125,-363.8331298828125,262.0397033691406,-363.7925720214844,3.751749277114868,0.03593626864264048,0.35,0.0,-0.034975145709755136,0.9836056232452396,219,-1,5.847345547934887,136.02878952082716
1584,79.2,sturn,192,stanley,0.8,262.2692565917969,-363.8084411621094,262.0397033691406,-363.7925720214844,3.9181253910064697,0.03096314666562909,0.35,0.0,-0.03476539027049043,0.8172295093536376,219,-1,5.97985922872804,135.77495052602987
1585,79.25,sturn,192,stanley,0.8,262.5636901855469,-363.78326416015625,262.0397033691406,-363.7925720214844,4.039128303527832,0.027457923896931954,0.35,0.0,-0.033980843635848045,0.6962265968322756,219,-1,5.881992824499617,135.52186204001745
1586,79.30000000000001,sturn,192,stanley,0.8,262.859375,-363.7579650878906,262.0397033691406,-363.7925720214844,4.172336578369141,0.023351327668503386,0.35,0.0,-0.033177935979231896,0.5630183219909671,219,-1,5.980673529847514,135.26786229280304
1587,79.35000000000001,sturn,192,stanley,0.8,263.1541442871094,-363.732421875,263.8185729980469,-363.633056640625,4.249695777893066,0.04395452219242041,0.35,0.0,-0.0350636887721061,1.2640895843505862,220,-1,5.858838164465515,135.01463251430067
1588,79.4,sturn,192,stanley,0.8,263.4506530761719,-363.70538330078125,263.8185729980469,-363.633056640625,4.394468307495117,0.039967261451957364,0.15,0.0,-0.03664033784789779,1.1193170547485354,220,-1,6.0079898981406705,134.7592896357391
1589,79.45,sturn,192,stanley,0.8,263.7462158203125,-363.67718505859375,263.8185729980469,-363.633056640625,4.5450334548950195,0.035880692102203654,0.35,0.0,-0.0369717836568546,0.9687519073486334,220,-1,5.9032078508279096,134.5041980652618
1590,79.5,sturn,192,stanley,0.8,264.0418395996094,-363.6483459472656,263.8185729980469,-363.633056640625,4.724013328552246,0.03060461484957019,0.35,0.0,-0.03667119013455958,0.7897720336914069,220,-1,5.973464215265026,134.24884962964845
1591,79.55000000000001,sturn,192,stanley,0.8,264.3350830078125,-363.61920166015625,263.8185729980469,-363.633056640625,4.847805976867676,0.02707907506699472,0.35,0.0,-0.03583811431340642,0.6659793853759769,220,-1,5.829501261835908,133.99540820683623
1592,79.60000000000001,sturn,192,stanley,0.8,264.6292724609375,-363.5898742675781,263.8185729980469,-363.633056640625,4.967714309692383,0.023269879416190936,0.35,0.0,-0.034913681187824085,0.5460710525512699,220,-1,5.962981602231031,133.74126608343735
1593,79.65,sturn,192,stanley,0.8,264.9224853515625,-363.560302734375,265.5950927734375,-363.4493713378906,5.04060697555542,0.0439205905857303,0.35,0.0,-0.03654585783253045,1.2516078948974607,221,-1,5.865020747837891,133.4879344727472
1594,79.7,sturn,192,stanley,0.8,265.2167053222656,-363.52947998046875,265.5950927734375,-363.4493713378906,5.194197177886963,0.03975210077540548,0.35,0.0,-0.038155074064463876,1.098017692565918,221,-1,5.962665196139982,133.2332186428125
1595,79.75,sturn,192,stanley,0.8,265.5099182128906,-363.4973449707031,265.5950927734375,-363.4493713378906,5.342770099639893,0.03572628887905488,0.35,0.0,-0.03834956442877456,0.9494447708129882,221,-1,5.840340215704355,132.9786978037349
1596,79.80000000000001,sturn,192,stanley,0.8,265.8049621582031,-363.46441650390625,265.5950927734375,-363.4493713378906,5.5051445960998535,0.030783279572017246,0.35,0.0,-0.03795605988950292,0.7870702743530272,221,-1,5.99206347940451,132.72240221813956
1597,79.85000000000001,sturn,192,stanley,0.8,266.0995178222656,-363.4310607910156,265.5950927734375,-363.4493713378906,5.625589847564697,0.027274469750263503,0.35,0.0,-0.03708436778725148,0.6666250228881833,221,-1,5.902491568816038,132.46641142141075
1598,79.9,sturn,192,stanley,0.8,266.3954162597656,-363.39739990234375,265.5950927734375,-363.4493713378906,5.758456707000732,0.023116262433391047,0.15,0.0,-0.03605650529414107,0.5337581634521481,221,-1,6.003013362307841,132.2093320119437
1599,79.95,sturn,192,stanley,0.8,266.6903991699219,-363.36358642578125,267.3689880371094,-363.2416076660156,5.835075378417969,0.04366512501275905,0.35,0.0,-0.037521551756565144,1.235569953918457,222,-1,5.875609585010973,131.9530643256479
1600,80.0,sturn,192,stanley,0.8,266.9856262207031,-363.3285217285156,267.3689880371094,-363.2416076660156,5.981573104858398,0.03966278656374037,0.35,0.0,-0.039063916021471044,1.0890722274780273,222,-1,5.985925410308152,131.6960198351961
1601,80.05000000000001,sturn,192,stanley,0.8,267.2786560058594,-363.2923889160156,267.3689880371094,-363.2416076660156,6.128746509552002,0.03567882161446371,0.35,0.0,-0.039275819790947616,0.9418988227844244,222,-1,5.866695381421172,131.4402558228996
1602,80.10000000000001,sturn,192,stanley,0.8,267.5721435546875,-363.2555847167969,267.3689880371094,-363.2416076660156,6.304211139678955,0.030444723295748054,0.35,0.0,-0.03887779017650083,0.7664341926574706,222,-1,5.957288657076752,131.18388757496575
1603,80.15,sturn,192,stanley,0.8,267.8642883300781,-363.2183532714844,267.3689880371094,-363.2416076660156,6.42488956451416,0.026961959926581704,0.35,0.0,-0.03789047753532643,0.6457557678222657,222,-1,5.829745258079649,130.9284975546664
1604,80.2,sturn,192,stanley,0.8,268.1581115722656,-363.18084716796875,267.3689880371094,-363.2416076660156,6.541736602783203,0.02318157009906563,0.35,0.0,-0.03683720303343687,0.528908729553223,222,-1,5.978055962164312,130.67176951982057
1605,80.25,sturn,192,stanley,0.8,268.45135498046875,-363.14312744140625,269.1398620605469,-363.00970458984375,6.614422798156738,0.043762292472722016,0.35,0.0,-0.038147477920967454,1.234652519226074,223,-1,5.886776960713816,130.41554072990667
1606,80.30000000000001,sturn,192,stanley,0.8,268.7457580566406,-363.1041259765625,269.1398620605469,-363.00970458984375,6.768068790435791,0.03957521707064977,0.35,0.0,-0.039716306820654704,1.0810065269470217,223,-1,5.985821296624679,130.15777961112929
1607,80.35000000000001,sturn,192,stanley,0.8,269.0391540527344,-363.0638122558594,269.1398620605469,-363.00970458984375,6.916903972625732,0.03553107640437247,0.35,0.0,-0.039847643071776226,0.9321713447570803,223,-1,5.8650213843325965,129.90018833444807
1608,80.4,sturn,192,stanley,0.8,269.3343811035156,-363.02264404296875,269.1398620605469,-363.00970458984375,7.079550266265869,0.03055906353718915,0.15,0.0,-0.039382549052318305,0.7695250511169435,223,-1,6.016309508719704,129.64078880443734
1609,80.45,sturn,192,stanley,0.8,269.62884521484375,-362.9811096191406,269.1398620605469,-363.00970458984375,7.20041561126709,0.027050512492657823,0.35,0.0,-0.038450484882392395,0.6486597061157231,223,-1,5.912028973120628,129.38193762896307
1610,80.5,sturn,192,stanley,0.8,269.92333984375,-362.9394836425781,269.1398620605469,-363.00970458984375,7.333322048187256,0.02292996968276784,0.35,0.0,-0.037431893320627366,0.5157532691955566,223,-1,5.982437870698724,129.1231723670383
1611,80.55000000000001,sturn,192,stanley,0.8,270.21551513671875,-362.89788818359375,270.907470703125,-362.7537841796875,7.409914016723633,0.04346270105237766,0.35,0.0,-0.03867314706998726,1.2175912857055673,224,-1,5.838639371025571,128.86642818917045
1612,80.60000000000001,sturn,192,stanley,0.8,270.5083923339844,-362.8548889160156,270.907470703125,-362.7537841796875,7.553037166595459,0.03949445612604882,0.35,0.0,-0.040094942965801586,1.0744681358337398,224,-1,5.970023677388726,128.60843431856514
1613,80.65,sturn,192,stanley,0.8,270.80010986328125,-362.81072998046875,270.907470703125,-362.7537841796875,7.69810152053833,0.03551910539437173,0.35,0.0,-0.04019623136069797,0.9294037818908686,224,-1,5.872043268420488,128.35080984313984
1614,80.7,sturn,192,stanley,0.8,271.09295654296875,-362.7658996582031,270.907470703125,-362.7537841796875,7.872271537780762,0.030308246382095873,0.35,0.0,-0.039803113960776605,0.7552337646484368,224,-1,5.970852713290023,128.09204331047803
1615,80.75,sturn,192,stanley,0.8,271.38482666015625,-362.7206115722656,270.907470703125,-362.7537841796875,7.9922871589660645,0.026839010123526096,0.35,0.0,-0.03881091859466282,0.635218143463135,224,-1,5.848959630021253,127.83392830839873
1616,80.80000000000001,sturn,192,stanley,0.8,271.6785583496094,-362.6749267578125,270.907470703125,-362.7537841796875,8.108871459960938,0.023047787615945024,0.15,0.0,-0.03770573833259132,0.5186338424682625,224,-1,6.00019730522669,127.57426375457774
1617,80.85000000000001,sturn,192,stanley,0.8,271.9715881347656,-362.62908935546875,272.67138671875,-362.4739074707031,8.18222713470459,0.04356628883571825,0.35,0.0,-0.03872870572694111,1.2237081527709956,225,-1,5.895404436704329,127.3152221819441
1618,80.9,sturn,192,stanley,0.8,272.264404296875,-362.5821533203125,272.67138671875,-362.4739074707031,8.335707664489746,0.03942165207873672,0.35,0.0,-0.04027812121501326,1.0702276229858392,225,-1,5.964507251909528,127.05583446672384
1619,80.95,sturn,192,stanley,0.8,272.5546875,-362.5341796875,272.67138671875,-362.4739074707031,8.483171463012695,0.03545304340315567,0.35,0.0,-0.0403899324731805,0.9227638244628913,225,-1,5.820061707899774,126.79795870879357
1620,81.0,sturn,192,stanley,0.8,272.8458557128906,-362.4854736328125,272.67138671875,-362.4739074707031,8.644702911376953,0.03053075823036043,0.35,0.0,-0.03992380461281347,0.7612323760986326,225,-1,5.954090168342436,126.53909306799017
1621,81.05000000000001,sturn,192,stanley,0.8,273.1359558105469,-362.4363708496094,272.67138671875,-362.4739074707031,8.76153564453125,0.02710849889610886,0.35,0.0,-0.038891722049411846,0.6443996429443365,225,-1,5.856311527818029,126.28097883341826
1622,81.10000000000001,sturn,192,stanley,0.8,273.42730712890625,-362.3870544433594,272.67138671875,-362.4739074707031,8.891185760498047,0.023030914033065033,0.35,0.0,-0.037853373248418073,0.5147495269775396,225,-1,5.955587111891309,126.02190949404938
1623,81.15,sturn,192,stanley,0.8,273.7177429199219,-362.3375549316406,274.43133544921875,-362.1700439453125,8.965357780456543,0.04351623513042047,0.35,0.0,-0.03869696823115942,1.2190074920654297,226,-1,5.833445419831626,125.76360386542193
1624,81.2,sturn,192,stanley,0.8,274.0097961425781,-362.28656005859375,274.43133544921875,-362.1700439453125,9.106546401977539,0.03958067724414319,0.35,0.0,-0.040145307772485095,1.0778188705444336,226,-1,5.983996011413539,125.50326148819178
1625,81.25,sturn,192,stanley,0.8,274.3011169433594,-362.23431396484375,274.43133544921875,-362.1700439453125,9.253183364868164,0.035544153044666245,0.35,0.0,-0.04023263694704014,0.931181907653809,226,-1,5.89429642286383,125.2428719498624
1626,81.30000000000001,sturn,192,stanley,0.8,274.59375,-362.1812744140625,274.43133544921875,-362.1700439453125,9.428837776184082,0.030274628000269865,0.35,0.0,-0.03977103893732247,0.7555274963378903,226,-1,5.994889986996212,124.98112038032868
1627,81.35000000000001,sturn,192,stanley,0.8,274.8855285644531,-362.1278381347656,274.43133544921875,-362.1700439453125,9.550129890441895,0.026763057532638,0.35,0.0,-0.03876787527365347,0.6342353820800786,226,-1,5.874838543223903,124.71994727604218
1628,81.4,sturn,192,stanley,0.8,275.17919921875,-362.073974609375,274.43133544921875,-362.1700439453125,9.667715072631836,0.022950292129025888,0.15,0.0,-0.03767874932850207,0.5166501998901367,226,-1,6.025791484140622,124.4571904577488
1629,81.45,sturn,192,stanley,0.8,275.4721374511719,-362.0199890136719,276.1870422363281,-361.84228515625,9.74169635772705,0.0434046120203052,0.35,0.0,-0.03850637382192845,1.2210988998413081,227,-1,5.921530276450965,124.19508940513339
1630,81.5,sturn,192,stanley,0.8,275.76483154296875,-361.96490478515625,276.1870422363281,-361.84228515625,9.895528793334961,0.039257687249913326,0.35,0.0,-0.040089470402538616,1.0672664642333978,227,-1,5.9903272906673894,123.93264993739402
1631,81.55000000000001,sturn,192,stanley,0.8,276.05499267578125,-361.9088134765625,276.1870422363281,-361.84228515625,10.043410301208496,0.03527357550458032,0.35,0.0,-0.04020216852140458,0.9193849563598635,227,-1,5.8463529593885,123.67170666381132
1632,81.60000000000001,sturn,192,stanley,0.8,276.3459777832031,-361.8520202636719,276.1870422363281,-361.84228515625,10.20543384552002,0.03035272608101695,0.35,0.0,-0.039782468001546105,0.7573614120483393,227,-1,5.978926058454287,123.409837271674
1633,81.65,sturn,192,stanley,0.8,276.6358642578125,-361.7948303222656,276.1870422363281,-361.84228515625,10.322463035583496,0.026927344225115134,0.35,0.0,-0.038764350219267836,0.6403322219848634,227,-1,5.881047533299017,123.1487271521193
1634,81.7,sturn,192,stanley,0.8,276.9269714355469,-361.7374267578125,276.1870422363281,-361.84228515625,10.452068328857422,0.022863785848382192,0.35,0.0,-0.037768650816746616,0.5107269287109371,227,-1,5.979755978288496,122.8866913124058
1635,81.75,sturn,192,stanley,0.8,277.2171630859375,-361.6798095703125,277.9381103515625,-361.4907531738281,10.526187896728516,0.04329875629893165,0.35,0.0,-0.03839383939648852,1.2150373458862305,228,-1,5.857908814851544,122.62538755508025
1636,81.80000000000001,sturn,192,stanley,0.8,277.5089111328125,-361.62060546875,277.9381103515625,-361.4907531738281,10.667394638061523,0.03935689111516705,0.15,0.0,-0.039796824042393306,1.0738306045532229,228,-1,6.007150938862234,122.36203162317466
1637,81.85000000000001,sturn,192,stanley,0.8,277.7996520996094,-361.560302734375,277.9381103515625,-361.4907531738281,10.814262390136719,0.0353418315229753,0.35,0.0,-0.039919230408992486,0.9269628524780267,228,-1,5.902379036726208,122.09891539029164
1638,81.9,sturn,192,stanley,0.8,278.0903015136719,-361.49945068359375,277.9381103515625,-361.4907531738281,10.989721298217773,0.030129316922987936,0.35,0.0,-0.03948518367805979,0.7515039443969724,228,-1,5.972667808215067,121.8356764586197
1639,81.95,sturn,192,stanley,0.8,278.37860107421875,-361.43853759765625,277.9381103515625,-361.4907531738281,11.110337257385254,0.026678632145625523,0.35,0.0,-0.03851320290696144,0.6308879852294917,228,-1,5.8286819447927645,121.57436755866628
1640,82.0,sturn,192,stanley,0.8,278.66778564453125,-361.37725830078125,277.9381103515625,-361.4907531738281,11.227466583251953,0.022885591451811804,0.35,0.0,-0.037362765797193595,0.5137586593627929,228,-1,5.962213915924068,121.31229594895045
1641,82.05000000000001,sturn,192,stanley,0.8,278.9559631347656,-361.31597900390625,279.6842346191406,-361.1154479980469,11.297861099243164,0.04337046152464454,0.35,0.0,-0.03789201951336674,1.221794128417969,229,-1,5.864249896224796,121.0511546056409
1642,82.10000000000001,sturn,192,stanley,0.8,279.2450866699219,-361.25335693359375,279.6842346191406,-361.1154479980469,11.448589324951172,0.03926387838266353,0.35,0.0,-0.039433610530733215,1.0710659027099614,229,-1,5.961960762906323,120.78858183202965
1643,82.15,sturn,192,stanley,0.8,279.5330505371094,-361.1895751953125,279.6842346191406,-361.1154479980469,11.59416675567627,0.03532142718304465,0.35,0.0,-0.03959172204675844,0.9254884719848624,229,-1,5.839633244147642,120.52631330041893
1644,82.2,sturn,192,stanley,0.8,279.8227233886719,-361.124755859375,279.6842346191406,-361.1154479980469,11.753799438476562,0.03042973605091551,0.35,0.0,-0.03910737247865231,0.7658557891845701,229,-1,5.991389222310313,120.26221904891571
1645,82.25,sturn,192,stanley,0.8,280.11181640625,-361.05950927734375,279.6842346191406,-361.1154479980469,11.871833801269531,0.026959160264841537,0.35,0.0,-0.03808024276992247,0.6478214263916009,229,-1,5.901805833047598,119.99844892831274
1646,82.30000000000001,sturn,192,stanley,0.8,280.40234375,-360.9939880371094,279.6842346191406,-361.1154479980469,12.002545356750488,0.022868245818515435,0.15,0.0,-0.037095911127694364,0.5171098709106444,229,-1,6.002347739273187,119.73355523528633
1647,82.35000000000001,sturn,192,stanley,0.8,280.69183349609375,-360.92828369140625,281.4250793457031,-360.7164306640625,12.0773344039917,0.04324085558747858,0.35,0.0,-0.037513351430062875,1.2207508087158192,230,-1,5.874933322441323,119.46949372715595
1648,82.4,sturn,192,stanley,0.8,280.98150634765625,-360.86138916015625,281.4250793457031,-360.7164306640625,12.221702575683594,0.039296368648486124,0.35,0.0,-0.039042234962623365,1.0763826370239258,230,-1,5.985305176288567,119.20468024339291
1649,82.45,sturn,192,stanley,0.8,281.2688903808594,-360.7936706542969,281.4250793457031,-360.7164306640625,12.366617202758789,0.03537434100433698,0.35,0.0,-0.03924276985675893,0.9314680099487299,230,-1,5.8660792250331655,118.9412390370999
1650,82.5,sturn,192,stanley,0.8,281.5566101074219,-360.7253112792969,281.4250793457031,-360.7164306640625,12.540009498596191,0.030210943550917812,0.35,0.0,-0.03889683476760096,0.7580757141113285,230,-1,5.956698337636663,118.67727755180658
1651,82.55000000000001,sturn,192,stanley,0.8,281.84295654296875,-360.6566467285156,281.4250793457031,-360.7164306640625,12.65894889831543,0.02678439018152885,0.35,0.0,-0.037938026136078246,0.639136314392089,230,-1,5.829145900081547,118.41431693333489
1652,82.60000000000001,sturn,192,stanley,0.8,282.13092041015625,-360.5874938964844,281.4250793457031,-360.7164306640625,12.774421691894531,0.023040987870849114,0.35,0.0,-0.03687606587429851,0.5236635208129876,230,-1,5.977488149629427,118.14995587947496
1653,82.65,sturn,192,stanley,0.8,282.4183349609375,-360.5181884765625,283.1603698730469,-360.2938537597656,12.846026420593262,0.04341611145246417,0.35,0.0,-0.03712250489663904,1.2304887771606443,231,-1,5.8862064118109165,117.88606547528302
1654,82.7,sturn,192,stanley,0.8,282.7067565917969,-360.4474792480469,283.1603698730469,-360.2938537597656,12.998150825500488,0.039275014636607736,0.35,0.0,-0.03868572258143971,1.0783643722534177,231,-1,5.985284136918572,117.62064899078881
1655,82.75,sturn,192,stanley,0.8,282.9940490722656,-360.3756408691406,283.1603698730469,-360.2938537597656,13.145203590393066,0.035291049742176846,0.35,0.0,-0.03887906716001893,0.9313116073608391,231,-1,5.864476100551518,117.35550838081073
1656,82.80000000000001,sturn,192,stanley,0.8,283.2830505371094,-360.30267333984375,283.1603698730469,-360.2938537597656,13.306194305419922,0.030367084982965725,0.15,0.0,-0.038392822542143684,0.7703208923339844,231,-1,6.015791949916845,117.08848388870092
1657,82.85000000000001,sturn,192,stanley,0.8,283.5712585449219,-360.2294921875,283.1603698730469,-360.2938537597656,13.425665855407715,0.02690467740626991,0.35,0.0,-0.03750638699700418,0.6508493423461904,231,-1,5.911507739256937,116.82207240719978
1658,82.9,sturn,192,stanley,0.8,283.8594970703125,-360.15618896484375,283.1603698730469,-360.2938537597656,13.557435035705566,0.022823658493756456,0.35,0.0,-0.03650896910016241,0.519080162048339,231,-1,5.981938257906474,116.55570783275338
1659,82.95,sturn,192,stanley,0.8,284.1453857421875,-360.0831604003906,284.8897399902344,-359.8476867675781,13.633150100708008,0.0431570040871181,0.35,0.0,-0.03677144577037589,1.221795082092286,232,-1,5.8381167273605845,116.29145254227257
1660,83.0,sturn,192,stanley,0.8,284.431884765625,-360.00872802734375,284.8897399902344,-359.8476867675781,13.774968147277832,0.03925379447665936,0.35,0.0,-0.03827730971819253,1.0799770355224616,232,-1,5.969556986427484,116.02596596598946
1661,83.05000000000001,sturn,192,stanley,0.8,284.7170715332031,-359.9332580566406,284.8897399902344,-359.8476867675781,13.918548583984375,0.03532874644529198,0.35,0.0,-0.038443827913407856,0.9363965988159197,232,-1,5.871586863898794,115.76093970718136
1662,83.10000000000001,sturn,192,stanley,0.8,285.0032653808594,-359.85693359375,284.8897399902344,-359.8476867675781,14.091375350952148,0.03016090111388808,0.35,0.0,-0.03804260071629422,0.763569831848146,232,-1,5.970413869647752,115.49473814891735
1663,83.15,sturn,192,stanley,0.8,285.28851318359375,-359.78033447265625,284.8897399902344,-359.8476867675781,14.210287094116211,0.026733751791383497,0.35,0.0,-0.03713335476376481,0.6446580886840827,232,-1,5.84851251643149,115.22921624712943
1664,83.2,sturn,192,stanley,0.8,285.5755615234375,-359.70306396484375,284.8897399902344,-359.8476867675781,14.326013565063477,0.022978294958345843,0.35,0.0,-0.03603676993279764,0.5289316177368167,232,-1,5.999778111519219,114.9620417335337
1665,83.25,sturn,192,stanley,0.8,285.8620910644531,-359.6257629394531,286.6129150390625,-359.37811279296875,14.398282051086426,0.04330010651127109,0.35,0.0,-0.036155853532251675,1.2350931167602535,233,-1,5.910079548382799,114.69538577146176
1666,83.30000000000001,sturn,192,stanley,0.8,286.1496276855469,-359.5470275878906,286.6129150390625,-359.37811279296875,14.550889015197754,0.03917033496406313,0.15,0.0,-0.03781886222265604,1.0824861526489262,233,-1,6.009085270802787,114.42717535455206
1667,83.35000000000001,sturn,192,stanley,0.8,286.4358825683594,-359.46710205078125,286.6129150390625,-359.37811279296875,14.698040008544922,0.03518301040485386,0.35,0.0,-0.037990311493387885,0.9353351593017585,233,-1,5.881483786413488,114.15929081853909
1668,83.4,sturn,192,stanley,0.8,286.7223815917969,-359.3865661621094,286.6129150390625,-359.37811279296875,14.86229419708252,0.03025596597679395,0.35,0.0,-0.03763977991301761,0.7710809707641595,233,-1,5.993048704205051,113.8909651882346
1669,83.45,sturn,192,stanley,0.8,287.0068359375,-359.3060607910156,286.6129150390625,-359.37811279296875,14.980287551879883,0.02685698388138006,0.35,0.0,-0.036767635496425366,0.6530876159667978,233,-1,5.873998337783881,113.62433870179538
1670,83.5,sturn,192,stanley,0.8,287.2917785644531,-359.2253112792969,286.6129150390625,-359.37811279296875,15.109962463378906,0.022813318784724097,0.35,0.0,-0.03579196468606413,0.5234127044677755,233,-1,5.96455050075038,113.35732856041747
1671,83.55000000000001,sturn,192,stanley,0.8,287.57537841796875,-359.14459228515625,288.32952880859375,-358.8851318359375,15.18360710144043,0.043126257047202965,0.35,0.0,-0.035811971374292595,1.2281970977783183,234,-1,5.83698025455698,113.09148866619334
1672,83.60000000000001,sturn,192,stanley,0.8,287.8601989746094,-359.0622863769531,288.32952880859375,-358.8851318359375,15.323448181152344,0.039267032355805365,0.35,0.0,-0.037332493847876375,1.0883560180664058,234,-1,5.9833580655292025,112.82382644743622
1673,83.65,sturn,192,stanley,0.8,288.14410400390625,-358.9789123535156,288.32952880859375,-358.8851318359375,15.467894554138184,0.03531927914444292,0.35,0.0,-0.03756974833993193,0.9439096450805655,234,-1,5.892100461110817,112.55628205418024
1674,83.7,sturn,192,stanley,0.8,288.42919921875,-358.8945617675781,288.32952880859375,-358.8851318359375,15.641700744628906,0.03013435540238611,0.35,0.0,-0.03720650354613336,0.7701034545898424,234,-1,5.992313978165071,112.28734168900867
1675,83.75,sturn,192,stanley,0.8,288.7133483886719,-358.8099060058594,288.32952880859375,-358.8851318359375,15.761590957641602,0.026669706638842838,0.35,0.0,-0.03628322244649543,0.6502132415771482,234,-1,5.871932599842202,112.01904639191343
1676,83.80000000000001,sturn,192,stanley,0.8,288.99932861328125,-358.7246398925781,288.32952880859375,-358.8851318359375,15.878192901611328,0.022919918166486846,0.15,0.0,-0.03529180260584075,0.5336112976074205,234,-1,6.022823966306708,111.74912281200973
1677,83.85000000000001,sturn,192,stanley,0.8,289.2845458984375,-358.6393127441406,290.039306640625,-358.3688659667969,15.951556205749512,0.043201797084083955,0.35,0.0,-0.03529961020241948,1.2386808395385736,235,-1,5.918466914276113,111.47987120175749
1678,83.9,sturn,192,stanley,0.8,289.5694580078125,-358.5528869628906,290.039306640625,-358.3688659667969,16.10448455810547,0.03910117985447709,0.35,0.0,-0.036939004286421745,1.0857524871826167,235,-1,5.987314353470148,111.21025617292467
1679,83.95,sturn,192,stanley,0.8,289.8516845703125,-358.4658203125,290.039306640625,-358.3688659667969,16.251272201538086,0.03515872184657428,0.35,0.0,-0.03717245698719879,0.9389648437499999,235,-1,5.843282520700569,110.94234896939675
1680,84.0,sturn,192,stanley,0.8,290.1346435546875,-358.37786865234375,290.039306640625,-358.3688659667969,16.41230583190918,0.030286078263089246,0.35,0.0,-0.036776898248666465,0.7779312133789055,235,-1,5.975985906254482,110.67344455918862
1681,84.05000000000001,sturn,192,stanley,0.8,290.4165344238281,-358.289794921875,290.039306640625,-358.3688659667969,16.528579711914062,0.02691370014088877,0.35,0.0,-0.03594904582704915,0.6616573333740216,235,-1,5.8781284616165825,110.40538971973983
1682,84.10000000000001,sturn,192,stanley,0.8,290.6995849609375,-358.2012939453125,290.039306640625,-358.3688659667969,16.65774154663086,0.022895282421674074,0.35,0.0,-0.03505576731830898,0.5324954986572239,235,-1,5.9769003460542365,110.13632884933656
1683,84.15,sturn,192,stanley,0.8,290.981689453125,-358.1127014160156,291.74188232421875,-357.8294982910156,16.731687545776367,0.04314236499779884,0.35,0.0,-0.03487290299651813,1.2369785308837886,236,-1,5.855015322539997,109.86804730283812
1684,84.2,sturn,192,stanley,0.8,291.26519775390625,-358.02239990234375,291.74188232421875,-357.8294982910156,16.872325897216797,0.03927121569574654,0.15,0.0,-0.03643722558679119,1.0963401794433598,236,-1,6.004429422862138,109.5977177872354
1685,84.25,sturn,192,stanley,0.8,291.54754638671875,-357.9311218261719,291.74188232421875,-357.8294982910156,17.018478393554688,0.03529822939886884,0.35,0.0,-0.036714863255162045,0.9501876831054697,236,-1,5.899629880728422,109.32772590773888
1686,84.30000000000001,sturn,192,stanley,0.8,291.8298034667969,-357.8392639160156,291.74188232421875,-357.8294982910156,17.19338035583496,0.030138722345740082,0.35,0.0,-0.03641270439887673,0.7752857208251952,236,-1,5.969971025153248,109.05754856966131
1687,84.35000000000001,sturn,192,stanley,0.8,292.10968017578125,-357.74761962890625,291.74188232421875,-357.8294982910156,17.313682556152344,0.026711651152221353,0.35,0.0,-0.035579412257417786,0.6549835205078116,236,-1,5.825958404382795,108.78940720514257
1688,84.4,sturn,192,stanley,0.8,292.39044189453125,-357.6554870605469,291.74188232421875,-357.8294982910156,17.43071174621582,0.02296337539972912,0.35,0.0,-0.034554677314597104,0.5379543304443358,236,-1,5.959646603425866,108.52042075636196
1689,84.45,sturn,192,stanley,0.8,292.6702575683594,-357.56341552734375,293.43701171875,-357.2669677734375,17.501264572143555,0.0432565760714315,0.35,0.0,-0.03429190834984108,1.2458305358886732,237,-1,5.8617043018847985,108.25230899346222
1690,84.5,sturn,192,stanley,0.8,292.9507751464844,-357.4699401855469,293.43701171875,-357.2669677734375,17.651744842529297,0.03919177346000444,0.35,0.0,-0.03593172034239228,1.09535026550293,237,-1,5.9594919956721855,107.98286648213701
1691,84.55000000000001,sturn,192,stanley,0.8,293.2300109863281,-357.37548828125,293.43701171875,-357.2669677734375,17.796815872192383,0.03528040802762811,0.35,0.0,-0.0362348402346402,0.9502792358398447,237,-1,5.837133626743467,107.71383728824668
1692,84.60000000000001,sturn,192,stanley,0.8,293.51092529296875,-357.2798767089844,293.43701171875,-357.2669677734375,17.955976486206055,0.030470901300437142,0.35,0.0,-0.03597926157644242,0.7911186218261729,237,-1,5.989024053455201,107.44292429976015
1693,84.65,sturn,192,stanley,0.8,293.7911376953125,-357.1838684082031,293.43701171875,-357.2669677734375,18.07384490966797,0.0270324965894467,0.35,0.0,-0.035122416224920114,0.6732501983642595,237,-1,5.899437219539673,107.17239121465033
1694,84.7,sturn,192,stanley,0.8,294.0727233886719,-357.08734130859375,293.43701171875,-357.2669677734375,18.204702377319336,0.022965082298810512,0.15,0.0,-0.03421566017616148,0.5423927307128907,237,-1,6.000032742837338,106.90063642483295
1695,84.75,sturn,192,stanley,0.8,294.3533020019531,-356.9908447265625,295.12432861328125,-356.6814880371094,18.279821395874023,0.043144393592388475,0.35,0.0,-0.03386866999529031,1.2457046508789065,238,-1,5.872591650174416,106.62977616039154
1696,84.80000000000001,sturn,192,stanley,0.8,294.63397216796875,-356.89306640625,295.12432861328125,-356.6814880371094,18.424060821533203,0.03924540372873246,0.35,0.0,-0.03552080605408303,1.1014652252197261,238,-1,5.983089113146811,106.35811014104644
1697,84.85000000000001,sturn,192,stanley,0.8,294.91217041015625,-356.794677734375,295.12432861328125,-356.6814880371094,18.56859016418457,0.03533006235109082,0.35,0.0,-0.03577150707626198,0.9569358825683587,238,-1,5.863864483343435,106.08796398628408
1698,84.9,sturn,192,stanley,0.8,295.19073486328125,-356.69561767578125,295.12432861328125,-356.6814880371094,18.741601943969727,0.030208101324851192,0.35,0.0,-0.03551182853369699,0.7839241027832026,238,-1,5.954540828239883,105.8172240790395
1699,84.95,sturn,192,stanley,0.8,295.4678955078125,-356.596435546875,295.12432861328125,-356.6814880371094,18.86028289794922,0.026798544247561524,0.35,0.0,-0.0346679091809326,0.6652431488037109,238,-1,5.826965627768111,105.54755466007727
1700,85.0,sturn,192,stanley,0.8,295.74664306640625,-356.4965515136719,295.12432861328125,-356.6814880371094,18.97562026977539,0.023095890488808533,0.35,0.0,-0.03369283935108072,0.5499057769775382,238,-1,5.975442793072172,105.27638257687045
1701,85.05000000000001,sturn,192,stanley,0.8,296.0247497558594,-356.39666748046875,296.8034973144531,-356.0731201171875,19.04729652404785,0.04329771890882614,0.35,0.0,-0.033218034173424615,1.2566585540771495,239,-1,5.884150245192753,105.00581011600622
1702,85.10000000000001,sturn,192,stanley,0.8,296.3037414550781,-356.2952575683594,296.8034973144531,-356.0731201171875,19.199127197265625,0.03920961454054524,0.35,0.0,-0.0349194577127461,1.104827880859375,239,-1,5.983277702852754,104.73367958609913
1703,85.15,sturn,192,stanley,0.8,296.58148193359375,-356.1928405761719,296.8034973144531,-356.0731201171875,19.34567642211914,0.03525211770556108,0.35,0.0,-0.03524220203602835,0.9582786560058607,239,-1,5.862448521791287,104.46189472234255
1704,85.2,sturn,192,stanley,0.8,296.86083984375,-356.0892028808594,296.8034973144531,-356.0731201171875,19.506229400634766,0.03040985333020149,0.15,0.0,-0.03498134105686007,0.7977256774902362,239,-1,6.01387692870416,104.18822917014622
1705,85.25,sturn,192,stanley,0.8,297.13934326171875,-355.9853515625,296.8034973144531,-356.0731201171875,19.625566482543945,0.02696673424229274,0.35,0.0,-0.03422362137794158,0.6783885955810539,239,-1,5.9095918209151606,103.91516680633391
1706,85.30000000000001,sturn,192,stanley,0.8,297.4178771972656,-355.8813171386719,296.8034973144531,-356.0731201171875,19.757471084594727,0.02290745733843967,0.35,0.0,-0.03330476310314151,0.5464839935302754,239,-1,5.980044069339089,103.64208866981208
1707,85.35000000000001,sturn,192,stanley,0.8,297.6941833496094,-355.7779235839844,298.4743347167969,-355.4420471191406,19.833480834960938,0.043035520009651676,0.35,0.0,-0.03276605888471895,1.2489051818847656,240,-1,5.836197147688118,103.37119434845101
1708,85.4,sturn,192,stanley,0.8,297.9708557128906,-355.6730041503906,298.4743347167969,-355.4420471191406,19.975069046020508,0.03918469721322161,0.35,0.0,-0.03439130598313442,1.1073169708251944,240,-1,5.967766446641208,103.09910986678588
1709,85.45,sturn,192,stanley,0.8,298.2461242675781,-355.5672302246094,298.4743347167969,-355.4420471191406,20.118175506591797,0.03529395576273405,0.35,0.0,-0.034714293082836925,0.9642105102539068,240,-1,5.869802998149301,102.82757292899939
1710,85.5,sturn,192,stanley,0.8,298.52239990234375,-355.46051025390625,298.4743347167969,-355.4420471191406,20.290605545043945,0.03019577392789026,0.35,0.0,-0.034516816326038355,0.7917804718017557,240,-1,5.968662568730269,102.55478339433873
1711,85.55000000000001,sturn,192,stanley,0.8,298.7975769042969,-355.3535461425781,298.4743347167969,-355.4420471191406,20.40937042236328,0.026776662351943193,0.35,0.0,-0.033696351513893774,0.6730155944824215,240,-1,5.846728017340054,102.28274237960972
1712,85.60000000000001,sturn,192,stanley,0.8,299.0745544433594,-355.2458190917969,298.4743347167969,-355.4420471191406,20.525144577026367,0.023085219450775282,0.35,0.0,-0.03281168640932014,0.5572414398193342,240,-1,5.998085169381945,102.00900763963602
1713,85.65,sturn,192,stanley,0.8,299.3509826660156,-355.13800048828125,300.1363525390625,-354.78826904296875,20.597728729248047,0.04321380612538225,0.35,0.0,-0.03214771071479072,1.2630863189697275,241,-1,5.908386338014432,101.7357339884319
1714,85.7,sturn,192,stanley,0.8,299.6282653808594,-355.0286560058594,300.1363525390625,-354.78826904296875,20.750293731689453,0.039122174416391424,0.15,0.0,-0.03391315709769266,1.1105213165283216,241,-1,6.007440716744415,101.4609144778766
1715,85.75,sturn,192,stanley,0.8,299.90411376953125,-354.91839599609375,300.1363525390625,-354.78826904296875,20.897125244140625,0.03517245263507958,0.35,0.0,-0.034294834820518955,0.9636898040771495,241,-1,5.879825405202043,101.18661090043263
1716,85.80000000000001,sturn,192,stanley,0.8,300.18023681640625,-354.807373046875,300.1363525390625,-354.78826904296875,21.06113624572754,0.03029510055707899,0.35,0.0,-0.034070705052475087,0.7996788024902333,241,-1,5.991471344845491,100.91170580913644
1717,85.85000000000001,sturn,192,stanley,0.8,300.4542236328125,-354.6966247558594,300.1363525390625,-354.78826904296875,21.1790714263916,0.026905981102655678,0.35,0.0,-0.03330605099778712,0.6817436218261733,241,-1,5.872414510522533,100.63864547480877
1718,85.9,sturn,192,stanley,0.8,300.72869873046875,-354.58563232421875,300.1363525390625,-354.78826904296875,21.30887794494629,0.02290663349417062,0.35,0.0,-0.032496625253355144,0.5519371032714855,241,-1,5.9629925793150145,100.36519327097807
1719,85.95,sturn,192,stanley,0.8,301.0018310546875,-354.4747619628906,301.78936767578125,-354.11199951171875,21.382831573486328,0.04300413871137837,0.35,0.0,-0.03166584661410726,1.2564144134521484,242,-1,5.835419123618705,100.09291073774689
1720,86.0,sturn,192,stanley,0.8,301.27606201171875,-354.3621520996094,301.78936767578125,-354.11199951171875,21.52247428894043,0.039196320194991696,0.35,0.0,-0.033292002720304775,1.1167716979980449,242,-1,5.981912397929871,99.81875137489527
1721,86.05000000000001,sturn,192,stanley,0.8,301.5492248535156,-354.24859619140625,301.78936767578125,-354.11199951171875,21.666454315185547,0.035271537710059864,0.35,0.0,-0.03363386268302429,0.9727916717529278,242,-1,5.8906397493515925,99.54481150031434
1722,86.10000000000001,sturn,192,stanley,0.8,301.8234558105469,-354.1339416503906,301.78936767578125,-354.11199951171875,21.83984375,0.03013540619201897,0.35,0.0,-0.033372890080351825,0.7994022369384773,242,-1,5.9908693053854964,99.26946518050084
1723,86.15,sturn,192,stanley,0.8,302.0967712402344,-354.01910400390625,301.78936767578125,-354.11199951171875,21.959487915039062,0.026692093957456888,0.35,0.0,-0.032590509128850184,0.679758071899412,242,-1,5.8704647268619174,98.99476455361274
1724,86.2,sturn,192,stanley,0.8,302.3717956542969,-353.9034423828125,301.78936767578125,-354.11199951171875,22.07601547241211,0.022987968386719154,0.15,0.0,-0.03170547873677246,0.5632305145263665,242,-1,6.0214346818655144,98.71839849778378
1725,86.25,sturn,192,stanley,0.8,302.6460876464844,-353.787841796875,303.43304443359375,-353.413330078125,22.149539947509766,0.043072145441745445,0.35,0.0,-0.030902920678678336,1.2681369781494147,243,-1,5.917074526298494,98.44272152827429
1726,86.30000000000001,sturn,192,stanley,0.8,302.919921875,-353.67120361328125,303.43304443359375,-353.413330078125,22.302209854125977,0.03902507116781335,0.35,0.0,-0.03270220089877851,1.1154670715332058,243,-1,5.985968690218144,98.16676094190682
1727,86.35000000000001,sturn,192,stanley,0.8,303.1910705566406,-353.55419921875,303.43304443359375,-353.413330078125,22.448486328125,0.035110934953882594,0.35,0.0,-0.03309811459606994,0.9691905975341796,243,-1,5.8419000080561565,97.89256092459237
1728,86.4,sturn,192,stanley,0.8,303.46282958984375,-353.4363098144531,303.43304443359375,-353.413330078125,22.60906219482422,0.030320067106528497,0.35,0.0,-0.03292448760732647,0.8086147308349636,243,-1,5.9747092195808476,97.61742593100549
1729,86.45,sturn,192,stanley,0.8,303.73345947265625,-353.31829833984375,303.43304443359375,-353.413330078125,22.725181579589844,0.026958880549695977,0.35,0.0,-0.03219008559792279,0.6924953460693365,243,-1,5.8768550497927405,97.34312221359968
1730,86.5,sturn,192,stanley,0.8,304.0052490234375,-353.19970703125,303.43304443359375,-353.413330078125,22.85442352294922,0.022971094586385552,0.35,0.0,-0.03138449735986068,0.5632534027099612,243,-1,5.975664021892217,97.0677139636385
1731,86.55000000000001,sturn,192,stanley,0.8,304.2760925292969,-353.0812072753906,305.06707763671875,-352.6924133300781,22.92864418029785,0.04302406750151674,0.35,0.0,-0.030443629446714082,1.2674617767333975,244,-1,5.853770045236753,96.79315969712908
1732,86.60000000000001,sturn,192,stanley,0.8,304.5481262207031,-352.96087646484375,305.06707763671875,-352.6924133300781,23.069055557250977,0.03922151709360454,0.15,0.0,-0.03218013652605392,1.1270503997802739,244,-1,6.003270509110271,96.51658977844154
1733,86.65,sturn,192,stanley,0.8,304.81890869140625,-352.8397216796875,305.06707763671875,-352.6924133300781,23.21481704711914,0.035286438608480034,0.35,0.0,-0.03265223021405128,0.9812889099121095,244,-1,5.898475575675161,96.24043222714278
1734,86.7,sturn,192,stanley,0.8,305.08953857421875,-352.71795654296875,305.06707763671875,-352.6924133300781,23.389461517333984,0.030178856862160736,0.35,0.0,-0.032505053129073744,0.8066444396972642,244,-1,5.968828691041577,95.96406746088212
1735,86.75,sturn,192,stanley,0.8,305.35784912109375,-352.59661865234375,305.06707763671875,-352.6924133300781,23.50972557067871,0.026759906677932408,0.35,0.0,-0.0317969822595672,0.6863803863525372,244,-1,5.824787459634096,95.68975079140071
1736,86.80000000000001,sturn,192,stanley,0.8,305.6269836425781,-352.47479248046875,305.06707763671875,-352.6924133300781,23.62689208984375,0.02307252956404677,0.35,0.0,-0.0309812417288374,0.5692138671875003,244,-1,5.958541097287896,95.41462955686632
1737,86.85000000000001,sturn,192,stanley,0.8,305.8951721191406,-352.35308837890625,306.691162109375,-351.9493408203125,23.697805404663086,0.043163057363798774,0.35,0.0,-0.029916114385740655,1.276729583740233,245,-1,5.86059128717509,95.14037696545584
1738,86.9,sturn,192,stanley,0.8,306.1639404296875,-352.2298278808594,306.691162109375,-351.9493408203125,23.84825897216797,0.0391377258905175,0.35,0.0,-0.031659147199643106,1.1262760162353522,245,-1,5.958419631866411,94.86472485198652
1739,86.95,sturn,192,stanley,0.8,306.4312744140625,-352.1058044433594,306.691162109375,-351.9493408203125,23.99300193786621,0.035248175181543884,0.35,0.0,-0.03210498419289852,0.9815330505371107,245,-1,5.836036471081907,94.58964278665297
1740,87.0,sturn,192,stanley,0.8,306.70013427734375,-351.98046875,306.691162109375,-351.9493408203125,24.151866912841797,0.030504594300761405,0.35,0.0,-0.03200551670877564,0.8226680755615245,245,-1,5.9879977342887445,94.31267535883981
1741,87.05000000000001,sturn,192,stanley,0.8,306.9683532714844,-351.85479736328125,306.691162109375,-351.9493408203125,24.2696533203125,0.027095858046661397,0.35,0.0,-0.03133115986617488,0.7048816680908198,245,-1,5.898410885475111,94.0360307377687
1742,87.10000000000001,sturn,192,stanley,0.8,307.2378234863281,-351.72845458984375,306.691162109375,-351.9493408203125,24.400678634643555,0.023070865075181662,0.35,0.0,-0.030576478630473275,0.5738563537597661,245,-1,5.999020784420429,93.75815452400934
1743,87.15,sturn,192,stanley,0.8,307.5064392089844,-351.6021728515625,306.691162109375,-351.9493408203125,24.476594924926758,0.02080199469274217,0.35,0.0,-0.02951634571915074,0.4979400634765634,245,-1,5.878954586264388,93.48103529379175
1744,87.2,sturn,192,stanley,0.8,307.7768249511719,-351.47509765625,308.30499267578125,-351.1842956542969,24.55349349975586,0.041315061429221825,0.15,0.0,-0.032433722424315664,1.1994724273681623,246,-1,6.029668118667242,93.20224046287422
1745,87.25,sturn,192,stanley,0.8,308.0459899902344,-351.3471374511719,308.30499267578125,-351.1842956542969,24.654977798461914,0.03891644593057385,0.35,0.0,-0.03413309317112018,1.0979881286621078,246,-1,5.924304595472207,92.92377231660949
1746,87.30000000000001,sturn,192,stanley,0.8,308.3146667480469,-351.2181701660156,308.30499267578125,-351.1842956542969,24.828033447265625,0.03401099856581682,0.35,0.0,-0.03471325707520115,0.9249324798583964,246,-1,5.994018871379079,92.64503333603616
1747,87.35000000000001,sturn,192,stanley,0.8,308.5808410644531,-351.08935546875,308.30499267578125,-351.1842956542969,24.96327781677246,0.03025036220731428,0.35,0.0,-0.034343562716656756,0.7896881103515605,246,-1,5.850353688289064,92.36824908298242
1748,87.4,sturn,192,stanley,0.8,308.8477783203125,-350.9598693847656,308.30499267578125,-351.1842956542969,25.100801467895508,0.026010290451730433,0.35,0.0,-0.033700657620918256,0.6521644592285145,246,-1,5.982724975647377,92.09057032468418
1749,87.45,sturn,192,stanley,0.8,309.1136474609375,-350.83050537109375,308.30499267578125,-351.1842956542969,25.191577911376953,0.02331761474482941,0.35,0.0,-0.03270361089732493,0.561388015747068,246,-1,5.884748762453997,91.81383311436458
1750,87.5,sturn,192,stanley,0.8,309.3806457519531,-350.7005920410156,309.9083251953125,-350.3973693847656,25.29694175720215,0.043058026175151726,0.35,0.0,-0.035582058852335674,1.2344532012939466,247,-1,5.983428012570463,91.53603982206451
1751,87.55000000000001,sturn,192,stanley,0.8,309.64617919921875,-350.56988525390625,309.9083251953125,-350.3973693847656,25.40989112854004,0.040367299232597534,0.35,0.0,-0.03725067479242199,1.121503829956055,247,-1,5.8603769113682675,91.2587934752936
1752,87.60000000000001,sturn,192,stanley,0.8,309.9128112792969,-350.4372253417969,309.9083251953125,-350.3973693847656,25.57847785949707,0.035432270941139536,0.15,0.0,-0.03766259607036395,0.9529170989990225,247,-1,6.010575716639501,90.9794892893539
1753,87.65,sturn,192,stanley,0.8,310.1784362792969,-350.30413818359375,309.9083251953125,-350.3973693847656,25.720441818237305,0.03142839724345166,0.35,0.0,-0.03724241394575262,0.8109531402587876,247,-1,5.905921400041011,90.70067982020716
1754,87.7,sturn,192,stanley,0.8,310.4439697265625,-350.1708068847656,309.9083251953125,-350.3973693847656,25.878589630126953,0.02666381373164617,0.35,0.0,-0.036562906191087124,0.65280532836914,247,-1,5.976243018074905,90.42187106381712
1755,87.75,sturn,192,stanley,0.8,310.707275390625,-350.0381164550781,309.9083251953125,-350.3973693847656,25.979206085205078,0.023739532475493832,0.35,0.0,-0.03546165318457872,0.5521888732910161,247,-1,5.832293405187538,90.14516772120805
1756,87.80000000000001,sturn,192,stanley,0.8,310.9714050292969,-349.905029296875,311.50079345703125,-349.5887756347656,26.07737159729004,0.04358120214883055,0.35,0.0,-0.0381191368156536,1.2324542999267571,248,-1,5.965552183495812,89.86772797834965
1757,87.85000000000001,sturn,192,stanley,0.8,311.2340087890625,-349.77117919921875,311.50079345703125,-349.5887756347656,26.192031860351562,0.04079303256310711,0.35,0.0,-0.03967127783767839,1.1177940368652326,248,-1,5.8664581065008425,89.59088487428195
1758,87.9,sturn,192,stanley,0.8,311.49713134765625,-349.63568115234375,311.50079345703125,-349.5887756347656,26.375560760498047,0.03547455209920857,0.35,0.0,-0.0399971783366909,0.9342651367187478,248,-1,5.965032375968424,89.3125949906341
1759,87.95,sturn,192,stanley,0.8,311.7590637207031,-349.4997863769531,311.50079345703125,-349.5887756347656,26.51908302307129,0.03142897932553354,0.35,0.0,-0.03942451081175015,0.790742874145506,248,-1,5.8429874192569,89.034935794251
1760,88.0,sturn,192,stanley,0.8,312.0225524902344,-349.36279296875,311.50079345703125,-349.5887756347656,26.662517547607422,0.026925038028856974,0.35,0.0,-0.03858974339262872,0.6473083496093747,248,-1,5.994577579629073,88.75552621966982
1761,88.05000000000001,sturn,192,stanley,0.8,312.2854919433594,-349.2257080078125,311.50079345703125,-349.5887756347656,26.760725021362305,0.023988040181117273,0.35,0.0,-0.03742160040525988,0.5491008758544893,248,-1,5.904922831407201,88.4765357187159
1762,88.10000000000001,sturn,192,stanley,0.8,312.5496826171875,-349.0880126953125,313.0821228027344,-348.758544921875,26.87211036682129,0.04346429787576605,0.15,0.0,-0.03997481094336247,1.2161445617675775,249,-1,6.005433721659386,88.19636380115038
1763,88.15,sturn,192,stanley,0.8,312.8123474121094,-348.94952392578125,313.0821228027344,-348.758544921875,26.989301681518555,0.040639428224576654,0.35,0.0,-0.041467517398625614,1.0989532470703123,249,-1,5.876789265435041,87.91675434986945
1764,88.2,sturn,192,stanley,0.8,313.07489013671875,-348.80975341796875,313.0821228027344,-348.758544921875,27.163896560668945,0.03554576246164614,0.35,0.0,-0.04177196985645137,0.9243583679199207,249,-1,5.988135089294929,87.63639522858452
1765,88.25,sturn,192,stanley,0.8,313.33514404296875,-348.67022705078125,313.0821228027344,-348.758544921875,27.306188583374023,0.03154110593299136,0.35,0.0,-0.041214162148962785,0.7820663452148421,249,-1,5.8690909360484,87.35787178298389
1766,88.30000000000001,sturn,192,stanley,0.8,313.5957946777344,-348.5301513671875,313.0821228027344,-348.758544921875,27.46349334716797,0.026718867386060836,0.35,0.0,-0.04035852675491142,0.6247615814208967,249,-1,5.959690047815696,87.07878557097023
1767,88.35000000000001,sturn,192,stanley,0.8,313.8551025390625,-348.3903503417969,313.0821228027344,-348.758544921875,27.562862396240234,0.023794042823542534,0.35,0.0,-0.03911298183531642,0.5253925323486319,249,-1,5.8321270415226465,86.8009167521715
1768,88.4,sturn,192,stanley,0.8,314.11590576171875,-348.24969482421875,314.65203857421875,-347.906982421875,27.659276962280273,0.043541170382274785,0.35,0.0,-0.041298211558267184,1.2074089050292995,250,-1,5.980283105409995,86.52152135430627
1769,88.45,sturn,192,stanley,0.8,314.37554931640625,-348.10809326171875,314.65203857421875,-347.906982421875,27.775047302246094,0.04067377758224456,0.35,0.0,-0.04264026551531647,1.0916385650634768,250,-1,5.887938907382371,86.24231464172148
1770,88.5,sturn,192,stanley,0.8,314.63580322265625,-347.9648742675781,314.65203857421875,-347.906982421875,27.959375381469727,0.03529714848681253,0.35,0.0,-0.04286052260659009,0.9073104858398451,250,-1,5.987874970040819,85.96160864020891
1771,88.55000000000001,sturn,192,stanley,0.8,314.89495849609375,-347.8212890625,314.65203857421875,-347.906982421875,28.103410720825195,0.031233606631793837,0.35,0.0,-0.04222968160567456,0.7632751464843756,250,-1,5.867348469616424,85.68147550268954
1772,88.60000000000001,sturn,192,stanley,0.8,315.1556701660156,-347.67645263671875,314.65203857421875,-347.906982421875,28.247127532958984,0.02667850714131749,0.15,0.0,-0.04125447647619876,0.6195583343505865,250,-1,6.018493503004094,85.39948051220688
1773,88.65,sturn,192,stanley,0.8,315.41552734375,-347.53167724609375,314.65203857421875,-347.906982421875,28.34563446044922,0.023726930568211214,0.35,0.0,-0.03992019661493307,0.5210514068603538,250,-1,5.914161295779606,85.11821183365255
1774,88.7,sturn,192,stanley,0.8,315.6755065917969,-347.3869323730469,316.210205078125,-347.03411865234375,28.456907272338867,0.043173867057195524,0.35,0.0,-0.04215644019529624,1.1882095336914051,251,-1,5.984618073437512,84.83699506215537
1775,88.75,sturn,192,stanley,0.8,315.9327392578125,-347.24212646484375,316.210205078125,-347.03411865234375,28.57283592224121,0.04040083673226885,0.35,0.0,-0.043538862122957545,1.072280883789061,251,-1,5.83953211818795,84.5576723553004
1776,88.80000000000001,sturn,192,stanley,0.8,316.1902160644531,-347.0958557128906,316.210205078125,-347.03411865234375,28.7430362701416,0.035371864555214454,0.35,0.0,-0.043768938375298085,0.9020805358886692,251,-1,5.971985699558389,84.2772010701509
1777,88.85000000000001,sturn,192,stanley,0.8,316.44635009765625,-346.94927978515625,316.210205078125,-347.03411865234375,28.882526397705078,0.03139043456764421,0.35,0.0,-0.04306961344080355,0.7625904083251918,251,-1,5.874117936150122,83.99750032156085
1778,88.9,sturn,192,stanley,0.8,316.7034606933594,-346.80181884765625,316.210205078125,-347.03411865234375,29.038223266601562,0.026567034221158668,0.35,0.0,-0.04208415504363608,0.606893539428707,251,-1,5.972934720399071,83.71659537540913
1779,88.95,sturn,192,stanley,0.8,316.9595947265625,-346.6545715332031,316.210205078125,-347.03411865234375,29.136707305908203,0.023658308465859968,0.35,0.0,-0.040801324076936485,0.5084095001220656,251,-1,5.8510401079211185,83.43660429857061
1780,89.0,sturn,192,stanley,0.8,317.2174072265625,-346.5062561035156,317.75640869140625,-346.1402282714844,29.232662200927734,0.04333842074210989,0.15,0.0,-0.04268389691640084,1.1908836364746087,252,-1,6.002141582014084,83.15480898702222
1781,89.05000000000001,sturn,192,stanley,0.8,317.47381591796875,-346.3572082519531,317.75640869140625,-346.1402282714844,29.348880767822266,0.04047774506046096,0.35,0.0,-0.04400142268863089,1.0746650695800803,252,-1,5.8962644844238,82.87350004872225
1782,89.10000000000001,sturn,192,stanley,0.8,317.7297058105469,-346.2071533203125,317.75640869140625,-346.1402282714844,29.532875061035156,0.035147007765784874,0.35,0.0,-0.044187824038006376,0.8906707763671878,252,-1,5.966271354619399,82.59188317604183
1783,89.15,sturn,192,stanley,0.8,317.983154296875,-346.0574951171875,317.75640869140625,-346.1402282714844,29.67593002319336,0.03114066462106366,0.35,0.0,-0.043480027372645724,0.7476158142089847,252,-1,5.822116788764866,82.31227854831266
1784,89.2,sturn,192,stanley,0.8,318.23724365234375,-345.9070739746094,317.75640869140625,-346.1402282714844,29.8188419342041,0.026608618650594038,0.35,0.0,-0.042438872266951394,0.6047039031982413,252,-1,5.956053121684018,82.03178078671574
1785,89.25,sturn,192,stanley,0.8,318.4903564453125,-345.7568664550781,317.75640869140625,-346.1402282714844,29.913471221923828,0.023758685210688253,0.35,0.0,-0.04108740581892084,0.5100746154785191,252,-1,5.858193048051259,81.7521897827201
1786,89.30000000000001,sturn,192,stanley,0.8,318.7445373535156,-345.60595703125,319.2903137207031,-345.225341796875,30.02151107788086,0.04313934896438898,0.35,0.0,-0.04281488209737799,1.1804637908935538,253,-1,5.9574621919314765,81.47147204787272
1787,89.35000000000001,sturn,192,stanley,0.8,318.99725341796875,-345.4544372558594,319.2903137207031,-345.225341796875,30.13532829284668,0.04038256734801122,0.35,0.0,-0.04413418478813663,1.0666465759277346,253,-1,5.83410675619026,81.19135889516986
1788,89.4,sturn,192,stanley,0.8,319.2509765625,-345.3009033203125,319.2903137207031,-345.225341796875,30.303293228149414,0.03535846632312115,0.35,0.0,-0.04425240720369167,0.8986816406249978,253,-1,5.985744157398317,80.9091670875069
1789,89.45,sturn,192,stanley,0.8,319.50384521484375,-345.1469421386719,319.2903137207031,-345.225341796875,30.443702697753906,0.03134064280813932,0.35,0.0,-0.04356251098433346,0.7582721710205083,253,-1,5.896156024713647,80.62731359110425
1790,89.5,sturn,192,stanley,0.8,319.7578125,-344.9920349121094,319.2903137207031,-345.225341796875,30.60023307800293,0.026502951413799627,0.35,0.0,-0.04263257250326882,0.6017417907714846,253,-1,5.9967564674393055,80.34412838081188
1791,89.55000000000001,sturn,192,stanley,0.8,320.01092529296875,-344.8371276855469,319.2903137207031,-345.225341796875,30.69953727722168,0.02355000229323676,0.35,0.0,-0.04125995879733846,0.5024375915527324,253,-1,5.87670578475866,80.06160391751898
1792,89.60000000000001,sturn,192,stanley,0.8,320.26568603515625,-344.68121337890625,320.8116455078125,-344.28973388671875,30.796142578125,0.04315878770427414,0.15,0.0,-0.042908276927400346,1.1842632293701174,254,-1,6.027531079636442,79.77734546335553
1793,89.65,sturn,192,stanley,0.8,320.51904296875,-344.5245666503906,320.8116455078125,-344.28973388671875,30.912736892700195,0.04028372067028232,0.35,0.0,-0.04422117061769604,1.0676689147949223,254,-1,5.9221565281761865,79.49354903506718
1794,89.7,sturn,192,stanley,0.8,320.7718200683594,-344.36688232421875,320.8116455078125,-344.28973388671875,31.096906661987305,0.03493541023080253,0.35,0.0,-0.0443468465874253,0.8834991455078153,254,-1,5.99187798700989,79.20944335688353
1795,89.75,sturn,192,stanley,0.8,321.022216796875,-344.209716796875,320.8116455078125,-344.28973388671875,31.24009895324707,0.03092670693242556,0.35,0.0,-0.04365186883446662,0.7403068542480512,254,-1,5.848194691953772,78.92737812248356
1796,89.80000000000001,sturn,192,stanley,0.8,321.2732238769531,-344.0517883300781,320.8116455078125,-344.28973388671875,31.38320541381836,0.02639829718789723,0.35,0.0,-0.04263300352506852,0.5972003936767604,254,-1,5.980693227711664,78.64443595174592
1797,89.85000000000001,sturn,192,stanley,0.8,321.5232238769531,-343.89404296875,320.8116455078125,-344.28973388671875,31.477720260620117,0.023542365270121865,0.35,0.0,-0.041236074602475414,0.5026855468749983,254,-1,5.882722903288801,78.36238544774612
1798,89.9,sturn,192,stanley,0.8,321.7742614746094,-343.7357482910156,322.3200988769531,-343.33355712890625,31.58540153503418,0.04291281625523787,0.35,0.0,-0.042870020551631194,1.1734333038330038,255,-1,5.981443395744254,78.07934570370351
1799,89.95,sturn,192,stanley,0.8,322.02374267578125,-343.57672119140625,322.3200988769531,-343.33355712890625,31.69900131225586,0.04014605495846669,0.35,0.0,-0.04413060622396986,1.0598335266113266,255,-1,5.858384187061551,77.79685254860065
1800,90.0,sturn,192,stanley,0.8,322.2742004394531,-343.41571044921875,322.3200988769531,-343.33355712890625,31.86690902709961,0.03512821628355679,0.15,0.0,-0.04425145861111085,0.8919258117675762,255,-1,6.00871969434813,77.51231275628939
1801,90.05000000000001,sturn,192,stanley,0.8,322.5235595703125,-343.25439453125,322.3200988769531,-343.33355712890625,32.00750732421875,0.031120116323261688,0.35,0.0,-0.043521196945317,0.7513275146484378,255,-1,5.904054483941841,77.22834564040959
1802,90.10000000000001,sturn,192,stanley,0.8,322.7728576660156,-343.0928039550781,322.3200988769531,-343.33355712890625,32.16389083862305,0.026320387843427925,0.35,0.0,-0.04252693355289652,0.5949440002441417,255,-1,5.97441542292519,76.94430557666678
1803,90.15,sturn,192,stanley,0.8,323.01995849609375,-342.93212890625,322.3200988769531,-343.33355712890625,32.26255798339844,0.023414079030279686,0.35,0.0,-0.04111363844485122,0.4962768554687503,255,-1,5.830438164227637,76.66247638122314
1804,90.2,sturn,192,stanley,0.8,323.2679138183594,-342.7709655761719,323.8154602050781,-342.3569641113281,32.358673095703125,0.04302281628806035,0.35,0.0,-0.042573248505546446,1.1785926818847685,256,-1,5.963806960210194,76.37982232090306
1805,90.25,sturn,192,stanley,0.8,323.51422119140625,-342.6092224121094,323.8154602050781,-342.3569641113281,32.470699310302734,0.040261851217976735,0.35,0.0,-0.043835718611318464,1.06656646728516,256,-1,5.864761265135094,76.09787642401956
1806,90.30000000000001,sturn,192,stanley,0.8,323.76092529296875,-342.44586181640625,323.8154602050781,-342.3569641113281,32.65114212036133,0.034973780766746114,0.35,0.0,-0.04396920059121939,0.8861236572265649,256,-1,5.963381045466433,75.81452959189949
1807,90.35000000000001,sturn,192,stanley,0.8,324.00640869140625,-342.2822570800781,323.8154602050781,-342.3569641113281,32.79155731201172,0.030996781570644474,0.35,0.0,-0.04322477172070904,0.7457084655761704,256,-1,5.8413259492300895,75.53186989918954
1808,90.4,sturn,192,stanley,0.8,324.2533264160156,-342.1173400878906,323.8154602050781,-342.3569641113281,32.93206787109375,0.026508429511616492,0.35,0.0,-0.04217897803507678,0.6051979064941424,256,-1,5.992990489936387,75.24737966392644
1809,90.45,sturn,192,stanley,0.8,324.4996643066406,-341.95245361328125,323.8154602050781,-342.3569641113281,33.02756881713867,0.023622406687526097,0.35,0.0,-0.04083827532734846,0.5096969604492216,256,-1,5.903325993650122,74.96337842346499
1810,90.5,sturn,192,stanley,0.8,324.7472229003906,-341.78680419921875,325.2973937988281,-341.36016845703125,33.136451721191406,0.04290137034887568,0.15,0.0,-0.042217046119583324,1.1792449951171817,257,-1,6.003874117008145,74.67810895413558
1811,90.55000000000001,sturn,192,stanley,0.8,324.9931640625,-341.62054443359375,325.2973937988281,-341.36016845703125,33.25079345703125,0.04013221825279727,0.35,0.0,-0.043545717081747565,1.0649032592773438,257,-1,5.875248798445267,74.39349296421268
1812,90.60000000000001,sturn,192,stanley,0.8,325.23883056640625,-341.4530334472656,325.2973937988281,-341.36016845703125,33.42228317260742,0.035082567291494685,0.35,0.0,-0.0436861107551942,0.8934135437011718,257,-1,5.98667528907344,74.10817927203047
1813,90.65,sturn,192,stanley,0.8,325.4823303222656,-341.2859802246094,325.2973937988281,-341.36016845703125,33.56157684326172,0.031139767364524146,0.35,0.0,-0.042983082239218755,0.7541198730468726,257,-1,5.867603306425362,73.82468620802165
1814,90.7,sturn,192,stanley,0.8,325.72613525390625,-341.1184387207031,325.2973937988281,-341.36016845703125,33.71615219116211,0.02637204903620253,0.35,0.0,-0.042048804375332705,0.599544525146483,257,-1,5.95824000673311,73.54071475204185
1815,90.75,sturn,192,stanley,0.8,325.9686584472656,-340.95123291015625,325.2973937988281,-341.36016845703125,33.8130989074707,0.02349449051243711,0.35,0.0,-0.04066920742532015,0.502597808837888,257,-1,5.830670115874784,73.2579064266896
1816,90.80000000000001,sturn,192,stanley,0.8,326.21258544921875,-340.7831115722656,326.7656555175781,-340.34326171875,33.90739440917969,0.043087974125657506,0.35,0.0,-0.041917184772415794,1.1867294311523486,258,-1,5.978914231744741,72.97359564997524
1817,90.85000000000001,sturn,192,stanley,0.8,326.45526123046875,-340.61419677734375,326.7656555175781,-340.34326171875,34.02082443237305,0.04028298606513137,0.35,0.0,-0.04322911816437239,1.073299407958987,258,-1,5.886583407537374,72.68955112261892
1818,90.9,sturn,192,stanley,0.8,326.6983642578125,-340.4435729980469,326.7656555175781,-340.34326171875,34.20268249511719,0.03496126037989689,0.35,0.0,-0.04338837859581635,0.891441345214848,258,-1,5.986568096688251,72.40400192394586
1819,90.95,sturn,192,stanley,0.8,326.9403076171875,-340.2727355957031,326.7656555175781,-340.34326171875,34.34442901611328,0.030954081030918276,0.35,0.0,-0.042706132931406605,0.7496948242187519,258,-1,5.866030777008218,72.11910678138274
1820,91.0,sturn,192,stanley,0.8,327.1836853027344,-340.1004943847656,326.7656555175781,-340.34326171875,34.486122131347656,0.026447111045542697,0.15,0.0,-0.041699903610021294,0.6080017089843807,258,-1,6.01725227994351,71.83231007564375
1821,91.05000000000001,sturn,192,stanley,0.8,327.42626953125,-339.92840576171875,326.7656555175781,-340.34326171875,34.58292770385742,0.02354515429358998,0.35,0.0,-0.04036234764553509,0.5111961364746145,258,-1,5.9129063386022045,71.54622188207873
1822,91.10000000000001,sturn,192,stanley,0.8,327.66888427734375,-339.7563171386719,328.2200012207031,-339.30657958984375,34.69279861450195,0.04278762841631209,0.35,0.0,-0.04148656060079636,1.1797561645507786,259,-1,5.983384393988902,71.26020744687843
1823,91.15,sturn,192,stanley,0.8,327.9088134765625,-339.58447265625,328.2200012207031,-339.30657958984375,34.806983947753906,0.04005257059836849,0.35,0.0,-0.04283185991337801,1.0655708312988283,259,-1,5.838315409173669,70.97615377569451
1824,91.2,sturn,192,stanley,0.8,328.1488342285156,-339.4111328125,328.2200012207031,-339.30657958984375,34.9751091003418,0.03507679086944753,0.35,0.0,-0.04301908287007212,0.8974456787109361,259,-1,5.970856715159744,70.69096426684142
1825,91.25,sturn,192,stanley,0.8,328.3875427246094,-339.2376403808594,328.2200012207031,-339.30657958984375,35.11262512207031,0.031147684576629163,0.35,0.0,-0.04231369914289279,0.7599296569824195,259,-1,5.873000593196207,70.40656179621315
1826,91.30000000000001,sturn,192,stanley,0.8,328.62713623046875,-339.0632629394531,328.2200012207031,-339.30657958984375,35.26658248901367,0.026394516816660947,0.35,0.0,-0.04140977395901774,0.6059722900390642,259,-1,5.97184068603447,70.12100433923041
1827,91.35000000000001,sturn,192,stanley,0.8,328.86572265625,-338.88909912109375,328.2200012207031,-339.30657958984375,35.363670349121094,0.023514105643701353,0.35,0.0,-0.04008881923432345,0.5088844299316401,259,-1,5.849931532484202,69.83632913368417
1828,91.4,sturn,192,stanley,0.8,329.10589599609375,-338.7137756347656,329.66009521484375,-338.25018310546875,35.458499908447266,0.04304269849446076,0.15,0.0,-0.04111087392500523,1.1924896240234386,260,-1,6.0010695659091,69.54984975897801
1829,91.45,sturn,192,stanley,0.8,329.3446044921875,-338.537841796875,329.66009521484375,-338.25018310546875,35.573326110839844,0.040221843599344435,0.35,0.0,-0.0424559545343835,1.0776634216308598,260,-1,5.895212256575801,69.26388902514913
1830,91.5,sturn,192,stanley,0.8,329.58270263671875,-338.3609619140625,329.66009521484375,-338.25018310546875,35.7557487487793,0.03494771170196476,0.35,0.0,-0.042677693312790775,0.8952407836914116,260,-1,5.965252398295163,68.97765090871557
1831,91.55000000000001,sturn,192,stanley,0.8,329.8183898925781,-338.18475341796875,329.66009521484375,-338.25018310546875,35.897377014160156,0.030980531222744814,0.35,0.0,-0.04199892292911626,0.7536125183105498,260,-1,5.821082806595491,68.69351670838647
1832,91.60000000000001,sturn,192,stanley,0.8,330.0546875,-338.00775146484375,329.66009521484375,-338.25018310546875,36.0390625,0.026510620595491186,0.35,0.0,-0.041047915345575364,0.6119270324707079,260,-1,5.955089116926663,68.40846723390496
1833,91.65,sturn,192,stanley,0.8,330.2900390625,-337.8310546875,329.66009521484375,-338.25018310546875,36.1328010559082,0.023699037097416293,0.35,0.0,-0.03977701498964542,0.5181884765625047,260,-1,5.857231059856295,68.12432719826532
1834,91.7,sturn,192,stanley,0.8,330.5263977050781,-337.6535949707031,331.0857238769531,-337.1743469238281,36.240230560302734,0.04290812593035697,0.35,0.0,-0.04062286879133575,1.189186096191407,261,-1,5.956515450542061,67.8390530946154
1835,91.75,sturn,192,stanley,0.8,330.7611999511719,-337.4756164550781,331.0857238769531,-337.1743469238281,36.353126525878906,0.04018024615731603,0.35,0.0,-0.041998613357235204,1.076290130615237,261,-1,5.833168236297456,67.55441254925248
1836,91.80000000000001,sturn,192,stanley,0.8,330.996826171875,-337.2955322265625,331.0857238769531,-337.1743469238281,36.519920349121094,0.03522043651022543,0.35,0.0,-0.042203003952476476,0.9094963073730525,261,-1,5.984867423411805,67.26768892934977
1837,91.85000000000001,sturn,192,stanley,0.8,331.2314758300781,-337.1151123046875,331.0857238769531,-337.1743469238281,36.65925979614258,0.031233982550093402,0.35,0.0,-0.0415472808546028,0.770156860351564,261,-1,5.895279038487502,66.9813827981593
1838,91.9,sturn,192,stanley,0.8,331.46722412109375,-336.9336242675781,331.0857238769531,-337.1743469238281,36.81494140625,0.026448425724897667,0.35,0.0,-0.040711095622671695,0.6144752502441445,261,-1,5.99589651111362,66.69364447468098
1839,91.95,sturn,192,stanley,0.8,331.7020263671875,-336.7522888183594,331.0857238769531,-337.1743469238281,36.91364288330078,0.023522586591882177,0.35,0.0,-0.03942109023038026,0.5157737731933612,261,-1,5.8758174325708525,66.40669023823666
1840,92.0,sturn,192,stanley,0.8,331.9383544921875,-336.56976318359375,332.49658203125,-336.0792236328125,37.00986099243164,0.04295924324063107,0.15,0.0,-0.040179655673448,1.1979866027832038,262,-1,6.026705420398269,66.1179485011096
1841,92.05000000000001,sturn,192,stanley,0.8,332.1732482910156,-336.3866271972656,332.49658203125,-336.0792236328125,37.125755310058594,0.04010903263319032,0.35,0.0,-0.041562070480650165,1.0820922851562482,262,-1,5.921366779183892,65.82968245525174
1842,92.10000000000001,sturn,192,stanley,0.8,332.4074401855469,-336.20257568359375,332.49658203125,-336.0792236328125,37.308929443359375,0.034818529306925666,0.35,0.0,-0.04179095031084552,0.8989181518554664,262,-1,5.9910985395048835,65.54120086533818
1843,92.15,sturn,192,stanley,0.8,332.63934326171875,-336.019287109375,332.49658203125,-336.0792236328125,37.451236724853516,0.03084556992775813,0.35,0.0,-0.04120365590708477,0.756610870361329,262,-1,5.847398047573387,65.25479798962891
1844,92.2,sturn,192,stanley,0.8,332.8717041015625,-335.83514404296875,332.49658203125,-336.0792236328125,37.59361267089844,0.026359519904462527,0.35,0.0,-0.04022805947734573,0.614234924316408,262,-1,5.9799284920582965,64.96752018230286
1845,92.25,sturn,192,stanley,0.8,333.1031188964844,-335.6513671875,332.49658203125,-336.0792236328125,37.68766784667969,0.023535559874075834,0.35,0.0,-0.03895507747096055,0.5201797485351551,262,-1,5.881947575503145,64.68118904698639
1846,92.30000000000001,sturn,192,stanley,0.8,333.3355407714844,-335.466796875,333.89239501953125,-334.96502685546875,37.79510498046875,0.04272412635555,0.35,0.0,-0.03968807178554801,1.191173553466796,263,-1,5.980684884030184,64.39370036423637
1847,92.35000000000001,sturn,192,stanley,0.8,333.56640625,-335.28179931640625,333.89239501953125,-334.96502685546875,37.9080924987793,0.04000205920566406,0.35,0.0,-0.041135470510808236,1.0781860351562476,263,-1,5.857636011634342,64.10689359824592
1848,92.4,sturn,192,stanley,0.8,333.79791259765625,-335.09466552734375,333.89239501953125,-334.96502685546875,38.075157165527344,0.03504003638737899,0.15,0.0,-0.04132557717671994,0.9111213684082027,263,-1,6.008013123853704,63.8180775642521
1849,92.45,sturn,192,stanley,0.8,334.02838134765625,-334.90740966796875,333.89239501953125,-334.96502685546875,38.21500015258789,0.031080527161673626,0.35,0.0,-0.0407680107654675,0.7712783813476594,263,-1,5.903356744198075,63.52986930216245
1850,92.5,sturn,192,stanley,0.8,334.2586975097656,-334.7198791503906,333.89239501953125,-334.96502685546875,38.37091064453125,0.02632932972406065,0.35,0.0,-0.03990095518312531,0.6153678894043005,263,-1,5.973725229877765,63.24161377474116
1851,92.55000000000001,sturn,192,stanley,0.8,334.4870300292969,-334.5334777832031,333.89239501953125,-334.96502685546875,38.4693489074707,0.023454902439669995,0.35,0.0,-0.03866360691650983,0.516929626464842,263,-1,5.8297350188113075,62.955532095363814
1852,92.60000000000001,sturn,192,stanley,0.8,334.71600341796875,-334.3464660644531,335.27301025390625,-333.83203125,38.56549835205078,0.04286166638730087,0.35,0.0,-0.03915276412530205,1.199207305908207,264,-1,5.963143178926133,62.6686583425133
1853,92.65,sturn,192,stanley,0.8,334.94342041015625,-334.1590576171875,335.27301025390625,-333.83203125,38.677162170410156,0.04013077168235809,0.35,0.0,-0.04056023887731991,1.0875434875488308,264,-1,5.86412888200148,62.38247786458583
1854,92.7,sturn,192,stanley,0.8,335.1710205078125,-333.9700012207031,335.27301025390625,-333.83203125,38.85688400268555,0.03490264483711647,0.35,0.0,-0.0408180927426533,0.9078216552734389,264,-1,5.9627733684591355,62.094944958993814
1855,92.75,sturn,192,stanley,0.8,335.3973388671875,-333.78082275390625,335.27301025390625,-333.83203125,38.99666976928711,0.030949072665849654,0.35,0.0,-0.040162267533418367,0.7680358886718757,264,-1,5.840708506586806,61.80815603391532
1856,92.80000000000001,sturn,192,stanley,0.8,335.62493896484375,-333.59027099609375,335.27301025390625,-333.83203125,39.136749267578125,0.026524028792144397,0.35,0.0,-0.0392706705118758,0.6279563903808574,264,-1,5.992378928062188,61.519578213136064
1857,92.85000000000001,sturn,192,stanley,0.8,335.8520202636719,-333.3996887207031,335.27301025390625,-333.83203125,39.232059478759766,0.02365459254933024,0.35,0.0,-0.03802377273909091,0.5326461791992224,264,-1,5.9027264585841035,61.231362794808724
1858,92.9,sturn,192,stanley,0.8,336.08013916015625,-333.2082214355469,336.6380920410156,-332.6802978515625,39.34099197387695,0.04274509485477808,0.15,0.0,-0.03849726886955546,1.2021446228027381,265,-1,6.0032904031214755,60.941898639348935
1859,92.95,sturn,192,stanley,0.8,336.3066711425781,-333.016357421875,336.6380920410156,-332.6802978515625,39.454978942871094,0.0399953700416444,0.35,0.0,-0.03994698194238977,1.0881576538085969,265,-1,5.874663006141407,60.653134828005136
1860,93.0,sturn,192,stanley,0.8,336.5328369140625,-332.8232727050781,336.6380920410156,-332.6802978515625,39.62575912475586,0.03501225326346041,0.35,0.0,-0.04023101764324302,0.9173774719238309,265,-1,5.986131829441349,60.363681249432474
1861,93.05000000000001,sturn,192,stanley,0.8,336.7568664550781,-332.6309814453125,336.6380920410156,-332.6802978515625,39.76443862915039,0.03111661614597364,0.35,0.0,-0.039729421381070336,0.7786979675292979,265,-1,5.867077817576326,60.076206130280895
1862,93.10000000000001,sturn,192,stanley,0.8,336.9810791015625,-332.4380798339844,336.6380920410156,-332.6802978515625,39.91865158081055,0.02638954862084674,0.35,0.0,-0.038883030996631596,0.6244850158691407,265,-1,5.957731947144467,59.788205604666494
1863,93.15,sturn,192,stanley,0.8,337.2041320800781,-332.2456970214844,336.6380920410156,-332.6802978515625,40.01547622680664,0.02353930075655682,0.35,0.0,-0.037677076770574414,0.5276603698730478,265,-1,5.830135837758533,59.50138304162756
1864,93.2,sturn,192,stanley,0.8,337.4284362792969,-332.05218505859375,337.98736572265625,-331.51019287109375,40.109867095947266,0.042942448068233954,0.35,0.0,-0.0379922085186612,1.211700439453124,266,-1,5.978399528396127,59.21298767255155
1865,93.25,sturn,192,stanley,0.8,337.6513977050781,-331.8581237792969,337.98736572265625,-331.51019287109375,40.22300720214844,0.04016853648831032,0.35,0.0,-0.03946710743256596,1.0985603332519496,266,-1,5.886089534143143,58.92501256121003
1866,93.30000000000001,sturn,192,stanley,0.8,337.8746337890625,-331.6622314453125,337.98736572265625,-331.51019287109375,40.40425491333008,0.03490484096611102,0.35,0.0,-0.03974820817050058,0.9173126220703087,266,-1,5.986087545841508,58.63546797371058
1867,93.35000000000001,sturn,192,stanley,0.8,338.0967102050781,-331.46624755859375,337.98736572265625,-331.51019287109375,40.545494079589844,0.030924597324804428,0.35,0.0,-0.03919484068625043,0.7760734558105481,266,-1,5.865542461561948,58.34660193656652
1868,93.4,sturn,192,stanley,0.8,338.320068359375,-331.2687683105469,337.98736572265625,-331.51019287109375,40.68684387207031,0.026485389468523916,0.15,0.0,-0.03836474526966113,0.6347236633300762,266,-1,6.016783839173407,58.055847360518946
1869,93.45,sturn,192,stanley,0.8,338.54266357421875,-331.0715637207031,337.98736572265625,-331.51019287109375,40.783599853515625,0.023618553606170104,0.35,0.0,-0.03723716542832084,0.537967681884767,266,-1,5.912434097569964,57.76583585574575
1870,93.5,sturn,192,stanley,0.8,338.76531982421875,-330.8742980957031,339.3206481933594,-330.3218078613281,40.893714904785156,0.042701474107626515,0.35,0.0,-0.03762755827849418,1.2062797546386717,267,-1,5.9829141765899125,57.4758145629423
1871,93.55000000000001,sturn,192,stanley,0.8,338.9852294921875,-330.6775817871094,339.3206481933594,-330.3218078613281,41.00784683227539,0.039976014054823455,0.35,0.0,-0.039102077446729167,1.0921478271484335,267,-1,5.837837516875194,57.187912343918256
1872,93.60000000000001,sturn,192,stanley,0.8,339.20513916015625,-330.4793701171875,339.3206481933594,-330.3218078613281,41.17562484741211,0.03506766013784782,0.35,0.0,-0.03946707454251974,0.9243698120117148,267,-1,5.970398578666819,56.89886521609367
1873,93.65,sturn,192,stanley,0.8,339.4236755371094,-330.2811279296875,339.3206481933594,-330.3218078613281,41.31290054321289,0.031160793958848732,0.35,0.0,-0.038888737573234314,0.7870941162109348,267,-1,5.872533802660242,56.610660829636856
1874,93.7,sturn,192,stanley,0.8,339.64300537109375,-330.0819396972656,339.3206481933594,-330.3218078613281,41.466800689697266,0.026455951679763084,0.35,0.0,-0.038140412728195267,0.6331939697265594,267,-1,5.971398474521404,56.321296755540644
1875,93.75,sturn,192,stanley,0.8,339.86138916015625,-329.88299560546875,339.3206481933594,-330.3218078613281,41.56402587890625,0.023583448912735762,0.35,0.0,-0.036938980711036185,0.5359687805175745,267,-1,5.849481615137081,56.03275039175253
1876,93.80000000000001,sturn,192,stanley,0.8,340.08123779296875,-329.68280029296875,340.6376647949219,-329.115478515625,41.65917205810547,0.04293591884810276,0.15,0.0,-0.037114963223797315,1.2192535400390618,268,-1,6.0006666503514685,55.74240926209408
1877,93.85000000000001,sturn,192,stanley,0.8,340.299560546875,-329.4821472167969,340.6376647949219,-329.115478515625,41.77392578125,0.04013997055102455,0.35,0.0,-0.03863317904524574,1.1044998168945344,268,-1,5.894817768051049,55.452645803675495
1878,93.9,sturn,192,stanley,0.8,340.5171813964844,-329.28057861328125,340.6376647949219,-329.115478515625,41.95595932006836,0.03491938674798293,0.35,0.0,-0.039002889931172166,0.9224662780761747,268,-1,5.9648694071184645,55.16260797571542
1879,93.95,sturn,192,stanley,0.8,340.7324523925781,-329.0799560546875,340.6376647949219,-329.115478515625,42.09724807739258,0.030974083008709526,0.35,0.0,-0.03846691570704059,0.7811775207519507,268,-1,5.8206918463884,54.874763281645365
1880,94.0,sturn,192,stanley,0.8,340.9482421875,-328.87847900390625,340.6376647949219,-329.115478515625,42.2387809753418,0.026557550831369948,0.35,0.0,-0.03765778437971404,0.639644622802735,268,-1,5.954714211625753,54.58598943043035
1881,94.05000000000001,sturn,192,stanley,0.8,341.1630859375,-328.6773681640625,340.6376647949219,-329.115478515625,42.33258056640625,0.023751085383117994,0.35,0.0,-0.036473280599412294,0.5458450317382839,268,-1,5.85685568478653,54.298126273668565
1882,94.10000000000001,sturn,192,stanley,0.8,341.37884521484375,-328.4754638671875,341.93817138671875,-327.8913269042969,42.44020080566406,0.04278518185940832,0.35,0.0,-0.03649158693032173,1.2166557312011745,269,-1,5.956143382961247,54.00915826696812
1883,94.15,sturn,192,stanley,0.8,341.5930480957031,-328.273193359375,341.93817138671875,-327.8913269042969,42.55292510986328,0.04007817730996451,0.35,0.0,-0.038023819931262165,1.1039314270019573,269,-1,5.832797348146432,53.72084718059759
1884,94.2,sturn,192,stanley,0.8,341.80780029296875,-328.0687561035156,341.93817138671875,-327.8913269042969,42.719207763671875,0.03518604728465938,0.35,0.0,-0.03836765240755308,0.9376487731933636,269,-1,5.984519756361403,53.43051037238056
1885,94.25,sturn,192,stanley,0.8,342.02166748046875,-327.8640441894531,341.93817138671875,-327.8913269042969,42.8581657409668,0.03123993637048909,0.35,0.0,-0.03790181748107735,0.7986907958984406,269,-1,5.894926676967788,53.14051824439875
1886,94.30000000000001,sturn,192,stanley,0.8,342.23638916015625,-327.6581726074219,341.93817138671875,-327.8913269042969,43.013668060302734,0.026499521965450988,0.35,0.0,-0.03718686593273407,0.6431884765625032,269,-1,5.995559662044759,52.849153561488954
1887,94.35000000000001,sturn,192,stanley,0.8,342.45025634765625,-327.4525451660156,341.93817138671875,-327.8913269042969,43.1124267578125,0.02359238246130095,0.35,0.0,-0.036058658717226855,0.5444297790527335,269,-1,5.875480603782633,52.558542269653515
1888,94.4,sturn,192,stanley,0.8,342.6654968261719,-327.24554443359375,343.221923828125,-326.6496276855469,43.20891571044922,0.04285225049502538,0.15,0.0,-0.03595302190454397,1.2263717651367156,270,-1,6.02636833776027,52.266090149548745
1889,94.45,sturn,192,stanley,0.8,342.87921142578125,-327.03814697265625,343.221923828125,-326.6496276855469,43.32469177246094,0.040022170709428026,0.35,0.0,-0.03748488351152826,1.1105957031250007,270,-1,5.921029007004991,51.97424161641387
1890,94.5,sturn,192,stanley,0.8,343.0922546386719,-326.82989501953125,343.221923828125,-326.6496276855469,43.507442474365234,0.034802930589575516,0.35,0.0,-0.03793656210451471,0.9278450012206994,270,-1,5.990779314577848,51.68213318183186
1891,94.55000000000001,sturn,192,stanley,0.8,343.3029479980469,-326.6226501464844,343.221923828125,-326.6496276855469,43.6494140625,0.03084417146073782,0.35,0.0,-0.03746219774399351,0.7858734130859382,270,-1,5.8470749070408035,51.392245677119114
1892,94.60000000000001,sturn,192,stanley,0.8,343.5141296386719,-326.41448974609375,343.221923828125,-326.6496276855469,43.791656494140625,0.026421909659031916,0.35,0.0,-0.036675956028004664,0.6436309814453103,270,-1,5.979630349187705,51.10139113667788
1893,94.65,sturn,192,stanley,0.8,343.724365234375,-326.206787109375,343.221923828125,-326.6496276855469,43.885799407958984,0.023616152166194823,0.35,0.0,-0.03555424751796499,0.5494880676269533,270,-1,5.881659028583467,50.81151153027972
1894,94.7,sturn,192,stanley,0.8,343.93548583984375,-325.99822998046875,344.4886474609375,-325.3905944824219,43.99357223510742,0.0426256926547151,0.35,0.0,-0.03545695567826462,1.22014236450195,271,-1,5.98040040030609,50.520494015983246
1895,94.75,sturn,192,stanley,0.8,344.14495849609375,-325.7893981933594,344.4886474609375,-325.3905944824219,44.10651779174805,0.03990976796637073,0.35,0.0,-0.037013401249487266,1.107196807861323,271,-1,5.857358054272522,50.230236465893164
1896,94.80000000000001,sturn,192,stanley,0.8,344.35491943359375,-325.5783996582031,344.4886474609375,-325.3905944824219,44.27315902709961,0.03502352209596856,0.15,0.0,-0.0373900025125628,0.9405555725097646,271,-1,6.007750984139084,49.93797296123201
1897,94.85000000000001,sturn,192,stanley,0.8,344.56378173828125,-325.3673400878906,344.4886474609375,-325.3905944824219,44.412689208984375,0.031082501065455806,0.35,0.0,-0.036943863712164425,0.8010253906249968,271,-1,5.903071722951327,49.64633458433182
1898,94.9,sturn,192,stanley,0.8,344.77252197265625,-325.1560363769531,344.4886474609375,-325.3905944824219,44.5684814453125,0.026380242852968683,0.35,0.0,-0.036239098438646866,0.6452331542968722,271,-1,5.97343453674068,49.3546242465624
1899,94.95,sturn,192,stanley,0.8,344.9793395996094,-324.94610595703125,344.4886474609375,-325.3905944824219,44.66701889038086,0.023513597573856408,0.35,0.0,-0.03513721751745058,0.5466957092285124,271,-1,5.829440173702498,49.065186924957644
1900,95.0,sturn,192,stanley,0.8,345.1867980957031,-324.7355041503906,345.7381591796875,-324.114501953125,44.76341247558594,0.042767720078058,0.35,0.0,-0.034882145073969806,1.2287330627441406,272,-1,5.962874378588314,48.774898584206476
1901,95.05000000000001,sturn,192,stanley,0.8,345.392578125,-324.524658203125,345.7381591796875,-324.114501953125,44.87498474121094,0.04004864587801712,0.35,0.0,-0.036401620213015046,1.1171607971191428,272,-1,5.863861116366285,48.485399421650676
1902,95.10000000000001,sturn,192,stanley,0.8,345.5983581542969,-324.3121643066406,345.7381591796875,-324.114501953125,45.054386138916016,0.034870654340507276,0.35,0.0,-0.03677617113705817,0.9377593994140622,272,-1,5.962509107895462,48.19458824841337
1903,95.15,sturn,192,stanley,0.8,345.8030090332031,-324.0997314453125,345.7381591796875,-324.114501953125,45.193878173828125,0.030965380022979203,0.35,0.0,-0.036380991379577135,0.7982673645019539,272,-1,5.840440376392736,47.90451141834606
1904,95.2,sturn,192,stanley,0.8,346.0086975097656,-323.8856506347656,345.7381591796875,-324.114501953125,45.33384323120117,0.026586338540476255,0.35,0.0,-0.03558717388251864,0.6583023071289085,272,-1,5.992162098672495,47.61254778302027
1905,95.25,sturn,192,stanley,0.8,346.21380615234375,-323.6717224121094,345.7381591796875,-324.114501953125,45.429317474365234,0.023731521789241313,0.35,0.0,-0.034482325444700146,0.5628280639648438,272,-1,5.902495350430263,47.32109131566953
1906,95.30000000000001,sturn,192,stanley,0.8,346.41998291015625,-323.4567565917969,346.9702453613281,-322.821533203125,45.53858947753906,0.042649136319032596,0.15,0.0,-0.034147501197919594,1.2319869995117216,273,-1,6.003063387120494,47.02824289335845
1907,95.35000000000001,sturn,192,stanley,0.8,346.62445068359375,-323.2416076660156,346.9702453613281,-322.821533203125,45.65254211425781,0.03991728082026839,0.35,0.0,-0.03576609836949818,1.1180343627929723,273,-1,5.874445435788394,46.73623988234367
1908,95.4,sturn,192,stanley,0.8,346.82843017578125,-323.0252990722656,346.9702453613281,-322.821533203125,45.822940826416016,0.0350027607553674,0.35,0.0,-0.03623464415414304,0.9476356506347653,273,-1,5.98592561695959,46.44359332362661
1909,95.45,sturn,192,stanley,0.8,347.0303955078125,-322.8099060058594,346.9702453613281,-322.821533203125,45.96136474609375,0.031125632637352966,0.35,0.0,-0.03586270286770668,0.8092117309570338,273,-1,5.866872589025817,46.152872407450616
1910,95.5,sturn,192,stanley,0.8,347.23248291015625,-322.5939636230469,346.9702453613281,-322.821533203125,46.115478515625,0.026455654733979234,0.35,0.0,-0.03520346554045059,0.6550979614257845,273,-1,5.957527238866157,45.86168239938441
1911,95.55000000000001,sturn,192,stanley,0.8,347.4333801269531,-322.3786315917969,346.9702453613281,-322.821533203125,46.21243667602539,0.023605801437330987,0.35,0.0,-0.03409508162884095,0.558139801025392,273,-1,5.829937617111214,45.57171041809264
1912,95.60000000000001,sturn,192,stanley,0.8,347.635498046875,-322.1620788574219,348.1846923828125,-321.5119323730469,46.30714416503906,0.04284152212080141,0.35,0.0,-0.033596750206217385,1.241859436035157,274,-1,5.978214498065943,45.28010908964521
1913,95.65,sturn,192,stanley,0.8,347.8362121582031,-321.9450378417969,348.1846923828125,-321.5119323730469,46.420166015625,0.04008461602634213,0.35,0.0,-0.035200766411633,1.1288375854492232,274,-1,5.885920657027144,44.98891801190741
1914,95.7,sturn,192,stanley,0.8,348.0369873046875,-321.7262268066406,348.1846923828125,-321.5119323730469,46.60099411010742,0.03488668560991435,0.35,0.0,-0.03565512640846251,0.9480094909668013,274,-1,5.985903121139365,44.69626314125826
1915,95.75,sturn,192,stanley,0.8,348.2366027832031,-321.5074462890625,348.1846923828125,-321.5119323730469,46.741920471191406,0.030935535105095616,0.35,0.0,-0.03527441785891645,0.807083129882816,274,-1,5.865356696234279,44.40431714268246
1916,95.80000000000001,sturn,192,stanley,0.8,348.4372863769531,-321.2870178222656,348.1846923828125,-321.5119323730469,46.883174896240234,0.02654827697794996,0.15,0.0,-0.03456952455615328,0.6658287048339839,274,-1,6.016605305372035,44.11046354808543
1917,95.85000000000001,sturn,192,stanley,0.8,348.63720703125,-321.0668640136719,348.1846923828125,-321.5119323730469,46.98005676269531,0.023673274115210727,0.35,0.0,-0.033487075785502696,0.5689468383789109,274,-1,5.912245793100487,43.817309190562064
1918,95.9,sturn,192,stanley,0.8,348.8372497558594,-320.8467102050781,349.3811950683594,-320.18597412109375,47.09043884277344,0.04256687996712259,0.35,0.0,-0.03300181958044429,1.2369995117187524,275,-1,5.982733992681446,43.524146654997175
1919,95.95,sturn,192,stanley,0.8,349.03472900390625,-320.62738037109375,349.3811950683594,-320.18597412109375,47.20438003540039,0.03986826472175225,0.35,0.0,-0.0346838372730362,1.1230583190917938,275,-1,5.8376693680222065,43.233112330176226
1920,96.0,sturn,192,stanley,0.8,349.23187255859375,-320.4065856933594,349.3811950683594,-320.18597412109375,47.371604919433594,0.03501793660092295,0.35,0.0,-0.03514117192218788,0.9558334350585933,275,-1,5.97025397190846,42.94107593233484
1921,96.05000000000001,sturn,192,stanley,0.8,349.427734375,-320.18597412109375,349.3811950683594,-320.18597412109375,47.5084114074707,0.03115325474315586,0.35,0.0,-0.03476284544604996,0.8190269470214827,275,-1,5.8724012301194835,42.64993347191857
1922,96.10000000000001,sturn,192,stanley,0.8,349.6242980957031,-319.9642333984375,349.3811950683594,-320.18597412109375,47.66206741333008,0.026502108465323346,0.35,0.0,-0.03415806977241023,0.6653709411621118,275,-1,5.97125327567377,42.35751503397532
1923,96.15,sturn,192,stanley,0.8,349.81988525390625,-319.7428894042969,349.3811950683594,-320.18597412109375,47.75931167602539,0.023640202832757452,0.35,0.0,-0.03308761819483996,0.5681266784667937,275,-1,5.849320765274629,42.06600676476699
1924,96.2,sturn,192,stanley,0.8,350.0167541503906,-319.5201110839844,350.5595397949219,-318.8438720703125,47.85468292236328,0.042820815282098704,0.15,0.0,-0.03240610431814078,1.2511863708496096,276,-1,6.00050165209087,41.77265677576181
1925,96.25,sturn,192,stanley,0.8,350.2121887207031,-319.29705810546875,350.5595397949219,-318.8438720703125,47.96925735473633,0.04005378348254001,0.35,0.0,-0.034114492200827295,1.1366119384765645,276,-1,5.894670020272222,41.479890601909304
1926,96.30000000000001,sturn,192,stanley,0.8,350.4067077636719,-319.0732116699219,350.5595397949219,-318.8438720703125,48.150848388671875,0.03488553545863527,0.35,0.0,-0.03461136689984344,0.9550209045410182,276,-1,5.964732422930053,41.18698998252001
1927,96.35000000000001,sturn,192,stanley,0.8,350.59906005859375,-318.8505554199219,350.5595397949219,-318.8438720703125,48.29179000854492,0.0309654529184883,0.35,0.0,-0.03424952314926453,0.8140792846679678,276,-1,5.820554603244034,40.89629724082087
1928,96.4,sturn,192,stanley,0.8,350.7918701171875,-318.6269836425781,350.5595397949219,-318.8438720703125,48.433143615722656,0.026618066597917406,0.35,0.0,-0.03363435013184449,0.6727256774902344,276,-1,5.954557495965033,40.60463627069226
1929,96.45,sturn,192,stanley,0.8,350.9837951660156,-318.4039001464844,350.5595397949219,-318.8438720703125,48.52699279785156,0.023844588074197145,0.35,0.0,-0.032669839912540466,0.5788764953613326,276,-1,5.856700866054372,40.31390825301617
1930,96.5,sturn,192,stanley,0.8,351.176513671875,-318.1798400878906,351.7196044921875,-317.48590087890625,48.634979248046875,0.04268748092109572,0.35,0.0,-0.031802211286906634,1.2493171691894551,277,-1,5.955991458708585,40.021984375185376
1931,96.55000000000001,sturn,192,stanley,0.8,351.3675842285156,-317.95562744140625,351.7196044921875,-317.48590087890625,48.74773025512695,0.03998491107401135,0.35,0.0,-0.03345476765044497,1.1365661621093754,277,-1,5.8326718738068015,39.730848267340065
1932,96.60000000000001,sturn,192,stanley,0.8,351.55902099609375,-317.729248046875,351.7196044921875,-317.48590087890625,48.91361999511719,0.035172144069475074,0.35,0.0,-0.03399127411459221,0.9706764221191444,277,-1,5.9844162513839585,39.437725498757544
1933,96.65,sturn,192,stanley,0.8,351.74957275390625,-317.5026550292969,351.7196044921875,-317.48590087890625,49.052284240722656,0.0312616180226935,0.35,0.0,-0.033713329501783205,0.8320121765136764,277,-1,5.894820153703165,39.144933480584996
1934,96.7,sturn,192,stanley,0.8,351.9407653808594,-317.2748107910156,351.7196044921875,-317.48590087890625,49.20777893066406,0.02656345718128367,0.35,0.0,-0.03311928314389376,0.6765174865722685,277,-1,5.995439022925374,38.850789255942985
1935,96.75,sturn,192,stanley,0.8,352.1311950683594,-317.04730224609375,351.7196044921875,-317.48590087890625,49.306705474853516,0.02367059401981904,0.35,0.0,-0.03215808117744634,0.5775909423828138,277,-1,5.8753560818517405,38.55737932373033
1936,96.80000000000001,sturn,192,stanley,0.8,352.3228454589844,-316.81829833984375,352.861083984375,-316.11224365234375,49.403568267822266,0.042771078797113934,0.15,0.0,-0.03126811903613608,1.25915908813476,278,-1,6.026257360937161,38.26210800744983
1937,96.85000000000001,sturn,192,stanley,0.8,352.5129699707031,-316.58905029296875,352.861083984375,-316.11224365234375,49.51937484741211,0.039966044170754424,0.35,0.0,-0.032999040053481365,1.143352508544921,278,-1,5.920927953116906,37.967471651546724
1938,96.9,sturn,192,stanley,0.8,352.70220947265625,-316.35906982421875,352.861083984375,-316.11224365234375,49.70187759399414,0.03479395953492546,0.35,0.0,-0.033581199112628454,0.9608497619628855,278,-1,5.990680798686298,37.67271698450488
1939,96.95,sturn,192,stanley,0.8,352.8893737792969,-316.1302795410156,352.861083984375,-316.11224365234375,49.84368896484375,0.030862510510419244,0.35,0.0,-0.03331278373353791,0.81903839111328,278,-1,5.846976890351627,37.380102326233704
1940,97.0,sturn,192,stanley,0.8,353.0768737792969,-315.9006042480469,352.861083984375,-316.11224365234375,49.985931396484375,0.026508245718598115,0.35,0.0,-0.03274300934350011,0.676795959472652,278,-1,5.979535458660091,37.0866035545786
1941,97.05000000000001,sturn,192,stanley,0.8,353.2633972167969,-315.6714172363281,352.861083984375,-316.11224365234375,50.080326080322266,0.02370457494172602,0.35,0.0,-0.03172744790271298,0.5824012756347613,278,-1,5.881569357348854,36.79407409216194
1942,97.10000000000001,sturn,192,stanley,0.8,353.45074462890625,-315.44134521484375,352.861083984375,-316.11224365234375,50.18854522705078,0.020290270255509134,0.35,0.0,-0.03078817784772081,0.4741821289062458,278,-1,5.980312346201522,36.500409798781874
1943,97.15,sturn,192,stanley,0.8,353.6373291015625,-315.2117919921875,353.98382568359375,-314.7232360839844,50.244319915771484,0.04170110250637373,0.35,0.0,-0.03357631799862598,1.1968383789062524,279,-1,5.858443252652889,36.20763166218956
1944,97.2,sturn,192,stanley,0.8,353.82415771484375,-314.9800109863281,353.98382568359375,-314.7232360839844,50.37190628051758,0.038222698587227794,0.15,0.0,-0.03519711551257655,1.0692520141601576,279,-1,6.0076356797291215,35.912864485757424
1945,97.25,sturn,192,stanley,0.8,354.0094909667969,-314.74798583984375,353.98382568359375,-314.7232360839844,50.50909423828125,0.03450566213487734,0.35,0.0,-0.03549641041765198,0.9320640563964816,279,-1,5.902836202514731,35.618700103338675
1946,97.30000000000001,sturn,192,stanley,0.8,354.19439697265625,-314.515625,353.98382568359375,-314.7232360839844,50.67759323120117,0.029545195311932834,0.35,0.0,-0.035252368639961035,0.7635650634765596,279,-1,5.973151059922395,35.324511507832376
1947,97.35000000000001,sturn,192,stanley,0.8,354.3774108886719,-314.28466796875,353.98382568359375,-314.7232360839844,50.79322052001953,0.026241810601131763,0.35,0.0,-0.03440379154198725,0.6479377746582029,279,-1,5.8291782601609405,35.03254085416058
1948,97.4,sturn,192,stanley,0.8,354.56097412109375,-314.05291748046875,353.98382568359375,-314.7232360839844,50.90677261352539,0.022623742074379283,0.35,0.0,-0.03349018645812363,0.5343856811523454,279,-1,5.962691070670097,34.73965342936892
1949,97.45,sturn,192,stanley,0.8,354.74371337890625,-313.82177734375,355.0875244140625,-313.3191223144531,50.97472381591797,0.043653033079364245,0.35,0.0,-0.036208999802403274,1.2448616027832042,280,-1,5.864723435537274,34.447756837484796
1950,97.5,sturn,192,stanley,0.8,354.92626953125,-313.58892822265625,355.0875244140625,-313.3191223144531,51.125118255615234,0.039582508013636594,0.35,0.0,-0.037842929367276346,1.0944671630859373,280,-1,5.962372892683024,34.15452598758723
1951,97.55000000000001,sturn,192,stanley,0.8,355.1071472167969,-313.3559875488281,355.0875244140625,-313.3191223144531,51.27179718017578,0.035622137958349696,0.35,0.0,-0.03809416981620663,0.9477882385253914,280,-1,5.840035415188266,33.86210964959433
1952,97.60000000000001,sturn,192,stanley,0.8,355.2887268066406,-313.1211242675781,355.0875244140625,-313.3191223144531,51.43304443359375,0.030717485197360662,0.35,0.0,-0.03772231019948312,0.7865409851074229,280,-1,5.9917619351872675,33.56772276770552
1953,97.65,sturn,192,stanley,0.8,355.4695739746094,-312.8863220214844,355.0875244140625,-313.3191223144531,51.552791595458984,0.0272186067510266,0.35,0.0,-0.0368089627412137,0.6667938232421852,280,-1,5.90218932446643,33.27380112649781
1954,97.7,sturn,192,stanley,0.8,355.6512451171875,-312.65032958984375,355.0875244140625,-313.3191223144531,51.685184478759766,0.023082909930582405,0.15,0.0,-0.03581770393689809,0.5344009399414043,280,-1,6.002722836665647,32.978480406822285
1955,97.75,sturn,192,stanley,0.8,355.83209228515625,-312.4149475097656,356.17205810546875,-311.900146484375,51.761451721191406,0.04387361217896258,0.35,0.0,-0.038327532103839324,1.2365646362304685,281,-1,5.8753158654146755,32.68414604634606
1956,97.80000000000001,sturn,192,stanley,0.8,356.0123291015625,-312.178466796875,356.17205810546875,-311.900146484375,51.90839767456055,0.03987119954209654,0.35,0.0,-0.039943114270831526,1.0896186828613301,281,-1,5.985615923672022,32.38921092166579
1957,97.85000000000001,sturn,192,stanley,0.8,356.1901550292969,-311.9427795410156,356.17205810546875,-311.900146484375,52.05649948120117,0.0358547879707406,0.35,0.0,-0.04011086166704854,0.9415168762207045,281,-1,5.866381653198971,32.09621058252193
1958,97.9,sturn,192,stanley,0.8,356.3678283691406,-311.7063293457031,356.17205810546875,-311.900146484375,52.2330322265625,0.03058396951040331,0.35,0.0,-0.03969758061535801,0.7649841308593778,281,-1,5.956972390860005,31.802666148894616
1959,97.95,sturn,192,stanley,0.8,356.5442810058594,-311.4705810546875,356.17205810546875,-311.900146484375,52.354637145996094,0.027083545883971338,0.35,0.0,-0.03873186409317331,0.6433792114257828,281,-1,5.829423473714998,31.510378975674914
1960,98.0,sturn,192,stanley,0.8,356.7216796875,-311.23333740234375,356.17205810546875,-311.900146484375,52.47230911254883,0.023262371475032427,0.35,0.0,-0.03762170066996923,0.5257072448730508,281,-1,5.977754183285108,31.216365143970748
1961,98.05000000000001,sturn,192,stanley,0.8,356.8985595703125,-310.9964599609375,357.23724365234375,-310.4665222167969,52.54562759399414,0.044051471677199285,0.35,0.0,-0.03993763592619681,1.2308197021484373,282,-1,5.886480723330227,30.922968690545858
1962,98.10000000000001,sturn,192,stanley,0.8,357.07525634765625,-310.7578125,357.23724365234375,-310.4665222167969,52.700382232666016,0.039815193206561426,0.35,0.0,-0.04145631678283124,1.0760650634765592,282,-1,5.985503833773103,30.62816662341432
1963,98.15,sturn,192,stanley,0.8,357.2503967285156,-310.5189514160156,357.23724365234375,-310.4665222167969,52.850582122802734,0.03574116594936338,0.35,0.0,-0.04159318758275622,0.9258651733398398,282,-1,5.864699234780045,30.33398766513323
1964,98.2,sturn,192,stanley,0.8,357.4261169433594,-310.2781677246094,357.23724365234375,-310.4665222167969,53.01455307006836,0.030706989446531184,0.15,0.0,-0.04106168007378461,0.7618942260742139,282,-1,6.0160065065660575,30.037889136243255
1965,98.25,sturn,192,stanley,0.8,357.6010437011719,-310.0377197265625,357.23724365234375,-310.4665222167969,53.13652420043945,0.02716420273645518,0.35,0.0,-0.040088450661786235,0.639923095703125,282,-1,5.911709513579448,29.742512302614173
1966,98.30000000000001,sturn,192,stanley,0.8,357.77593994140625,-309.797119140625,357.23724365234375,-310.4665222167969,53.27029037475586,0.022999593602183167,0.35,0.0,-0.03900043230490846,0.506156921386715,282,-1,5.982126220273224,29.447057040390387
1967,98.35000000000001,sturn,192,stanley,0.8,357.94915771484375,-309.5582275390625,358.2828674316406,-309.0185852050781,53.34749221801758,0.04371299411828077,0.35,0.0,-0.041087258834942686,1.207382202148434,283,-1,5.83831784588708,29.153953832123083
1968,98.4,sturn,192,stanley,0.8,358.12200927734375,-309.3178405761719,358.2828674316406,-309.0185852050781,53.49159622192383,0.03970248738252847,0.35,0.0,-0.042498543514304765,1.063278198242187,283,-1,5.969708212008195,28.859764381673592
1969,98.45,sturn,192,stanley,0.8,358.2931213378906,-309.0775146484375,358.2828674316406,-309.0185852050781,53.63784408569336,0.035686127123002294,0.35,0.0,-0.04252810155373368,0.917030334472651,283,-1,5.871735066741433,28.566514368594667
1970,98.5,sturn,192,stanley,0.8,358.4644775390625,-308.83587646484375,358.2828674316406,-309.0185852050781,53.8131103515625,0.03040474587532201,0.35,0.0,-0.04199554662793897,0.7417640686035101,283,-1,5.970538416757083,28.272035631148643
1971,98.55000000000001,sturn,192,stanley,0.8,358.6348876953125,-308.5946044921875,358.2828674316406,-309.0185852050781,53.93396759033203,0.02689941020646661,0.35,0.0,-0.04090465018706074,0.6209068298339807,283,-1,5.848634332872714,27.978372938864133
1972,98.60000000000001,sturn,192,stanley,0.8,358.8062744140625,-308.35174560546875,358.2828674316406,-309.0185852050781,54.05109405517578,0.02305670145173322,0.35,0.0,-0.03968904326371331,0.5037803649902312,283,-1,5.999899871604437,27.68288556121015
1973,98.65,sturn,192,stanley,0.8,358.9772033691406,-308.109130859375,359.3087158203125,-307.55657958984375,54.124267578125,0.04376876549210433,0.35,0.0,-0.04163136177113985,1.2090377807617207,284,-1,5.910201331173402,27.38787105413464
1974,98.7,sturn,192,stanley,0.8,359.1480712890625,-307.86474609375,359.3087158203125,-307.55657958984375,54.278594970703125,0.03954050404925382,0.15,0.0,-0.043159495742309706,1.054710388183591,284,-1,6.009174372964284,27.09137361535978
1975,98.75,sturn,192,stanley,0.8,359.3171081542969,-307.6203308105469,359.3087158203125,-307.55657958984375,54.42794418334961,0.03547850161022211,0.35,0.0,-0.04316427489845853,0.9053611755371064,284,-1,5.88157548041027,26.795767659633132
1976,98.80000000000001,sturn,192,stanley,0.8,359.4859619140625,-307.37518310546875,359.3087158203125,-307.55657958984375,54.59420394897461,0.03042640695794706,0.35,0.0,-0.04260185173839802,0.739101409912107,284,-1,5.993146558291643,26.499642098348176
1977,98.85000000000001,sturn,192,stanley,0.8,359.6532287597656,-307.1314392089844,359.3087158203125,-307.55657958984375,54.71369171142578,0.026962799114741406,0.35,0.0,-0.04153272019276477,0.6196136474609389,284,-1,5.874086568510173,26.205543958119854
1978,98.9,sturn,192,stanley,0.8,359.82073974609375,-306.88720703125,359.3087158203125,-307.55657958984375,54.84440612792969,0.022835934832223643,0.35,0.0,-0.04038665304366945,0.4888992309570331,284,-1,5.96461762587915,25.910934793130917
1979,98.95,sturn,192,stanley,0.8,359.9872131347656,-306.6438903808594,360.3145751953125,-306.0807800292969,54.918609619140625,0.04356278429629742,0.35,0.0,-0.0422243730217462,1.1931266784667993,285,-1,5.837067835780201,25.617660873297503
1980,99.0,sturn,192,stanley,0.8,360.1536560058594,-306.3984375,360.3145751953125,-306.0807800292969,55.05990219116211,0.039580894275889296,0.35,0.0,-0.04353460378486432,1.0518341064453138,285,-1,5.983428805099858,25.322558432584216
1981,99.05000000000001,sturn,192,stanley,0.8,360.3186340332031,-306.15277099609375,360.3145751953125,-306.0807800292969,55.20626449584961,0.03554116534727886,0.35,0.0,-0.04350971802399846,0.9054718017578113,285,-1,5.89216576823005,25.027998161333883
1982,99.10000000000001,sturn,192,stanley,0.8,360.48388671875,-305.9056701660156,360.3145751953125,-306.0807800292969,55.38170623779297,0.030236473655760352,0.35,0.0,-0.042913088789917536,0.730030059814456,285,-1,5.992354740716598,24.732077194268136
1983,99.15,sturn,192,stanley,0.8,360.6482849121094,-305.6589050292969,360.3145751953125,-306.0807800292969,55.50273895263672,0.02672113463687977,0.35,0.0,-0.04179429718624594,0.6089973449707059,285,-1,5.871980335901704,24.43688874796183
1984,99.2,sturn,192,stanley,0.8,360.8136291503906,-305.4104919433594,360.3145751953125,-306.0807800292969,55.61997985839844,0.022865585760910027,0.15,0.0,-0.040541987138644764,0.49175643920898354,285,-1,6.022867339954574,24.13983340502883
1985,99.25,sturn,192,stanley,0.8,360.9783935546875,-305.16253662109375,361.3003234863281,-304.5914306640625,55.69347381591797,0.04355274462888394,0.35,0.0,-0.042307628843420486,1.196693420410162,286,-1,5.918516970448753,23.843488709870613
1986,99.30000000000001,sturn,192,stanley,0.8,361.1422119140625,-304.9139709472656,361.3003234863281,-304.5914306640625,55.84737014770508,0.03936318649864337,0.35,0.0,-0.043748044937160835,1.0427970886230482,286,-1,5.987319739561606,23.54708397639827
1987,99.35000000000001,sturn,192,stanley,0.8,361.3034973144531,-304.66656494140625,361.3003234863281,-304.5914306640625,55.99562072753906,0.03535262301233523,0.35,0.0,-0.04370025495981075,0.8945465087890644,286,-1,5.843278066331823,23.25292388687167
1988,99.4,sturn,192,stanley,0.8,361.4648742675781,-304.41802978515625,361.3003234863281,-304.5914306640625,56.15800476074219,0.03036672233375406,0.35,0.0,-0.04311235827517816,0.7321624755859417,286,-1,5.976006984331807,22.957753143494738
1989,99.45,sturn,192,stanley,0.8,361.6252746582031,-304.1700439453125,361.3003234863281,-304.5914306640625,56.275203704833984,0.026929134866808514,0.35,0.0,-0.042006530175020484,0.6149635314941406,286,-1,5.8781259575343165,22.663554328318806
1990,99.5,sturn,192,stanley,0.8,361.7862548828125,-303.92095947265625,361.3003234863281,-304.5914306640625,56.404823303222656,0.02280367388130134,0.35,0.0,-0.04078626203887925,0.485343933105474,286,-1,5.976910802602924,22.36814331267318
1991,99.55000000000001,sturn,192,stanley,0.8,361.9465026855469,-303.6724548339844,362.2657165527344,-303.0888366699219,56.478702545166016,0.04348107285277547,0.35,0.0,-0.04240232751715578,1.1898918151855513,287,-1,5.855046708207027,22.073617340729754
1992,99.60000000000001,sturn,192,stanley,0.8,362.10675048828125,-303.4217529296875,362.2657165527344,-303.0888366699219,56.62020492553711,0.03949122111050238,0.15,0.0,-0.04372743746065533,1.0483894348144533,287,-1,6.004420540977565,21.777176164251678
1993,99.65,sturn,192,stanley,0.8,362.2654724121094,-303.17095947265625,362.2657165527344,-303.0888366699219,56.767662048339844,0.035444629031436824,0.35,0.0,-0.043714263490314924,0.9009323120117242,287,-1,5.899633481977784,21.481390179501215
1994,99.7,sturn,192,stanley,0.8,362.4237365722656,-302.91986083984375,362.2657165527344,-303.0888366699219,56.94369888305664,0.03017716380123291,0.35,0.0,-0.04315108073088195,0.7248954772949231,287,-1,5.9699560066618735,21.18557316411039
1995,99.75,sturn,192,stanley,0.8,362.5802917480469,-302.67041015625,362.2657165527344,-303.0888366699219,57.06467819213867,0.026701534987572807,0.35,0.0,-0.04202520840036528,0.6039161682128915,287,-1,5.825933079750451,20.892034333665936
1996,99.80000000000001,sturn,192,stanley,0.8,362.7373046875,-302.42010498046875,362.2657165527344,-303.0888366699219,57.18196487426758,0.022875747434977934,0.35,0.0,-0.040829136356991313,0.48662948608398643,287,-1,5.959623717347102,20.597553895808684
1997,99.85000000000001,sturn,192,stanley,0.8,362.8935546875,-302.17047119140625,363.21063232421875,-301.5732727050781,57.252349853515625,0.043585529961383374,0.35,0.0,-0.042306177238070064,1.1946754455566428,288,-1,5.861682765313638,20.30404886035891
1998,99.9,sturn,192,stanley,0.8,363.0494689941406,-301.919189453125,363.21063232421875,-301.5732727050781,57.40359115600586,0.0394105738810459,0.35,0.0,-0.04367721328953997,1.0434341430664154,288,-1,5.959448781394483,20.009261319483045
1999,99.95,sturn,192,stanley,0.8,363.2037048339844,-301.66796875,363.21063232421875,-301.5732727050781,57.5499267578125,0.03542462198772981,0.35,0.0,-0.04364987148719686,0.8970985412597688,288,-1,5.8370872270202705,19.715322300118036
2000,100.0,sturn,192,stanley,0.8,363.3583984375,-301.4147644042969,363.21063232421875,-301.5732727050781,57.71017837524414,0.030449958816340886,0.35,0.0,-0.04297460233321729,0.7368469238281256,288,-1,5.988991318919435,19.419434628737548
2001,100.05000000000001,sturn,192,stanley,0.8,363.512451171875,-301.1617431640625,363.21063232421875,-301.5732727050781,57.82855224609375,0.026960668321442526,0.35,0.0,-0.04184902889536174,0.618473052978517,288,-1,5.8994174941510025,19.12402710826675
2002,100.10000000000001,sturn,192,stanley,0.8,363.66717529296875,-300.9074401855469,363.21063232421875,-301.5732727050781,57.95934295654297,0.022800866482229645,0.15,0.0,-0.04062486558564221,0.48768234252930437,288,-1,6.000001791082179,18.82719859009652
2003,100.15,sturn,192,stanley,0.8,363.8211364746094,-300.65380859375,364.1348571777344,-300.04498291015625,58.03392791748047,0.04340261132728027,0.35,0.0,-0.041967622166992846,1.1915283203124925,289,-1,5.872557938089152,18.531341077281624
2004,100.2,sturn,192,stanley,0.8,363.974365234375,-300.3991394042969,364.1348571777344,-300.04498291015625,58.17851638793945,0.03939377420968782,0.35,0.0,-0.043315489481230735,1.0469398498535047,289,-1,5.983004282497487,18.234915678996277
2005,100.25,sturn,192,stanley,0.8,364.1253356933594,-300.1455993652344,364.1348571777344,-300.04498291015625,58.323909759521484,0.03542914484478777,0.35,0.0,-0.04330079584556604,0.901546478271484,289,-1,5.863793347287072,17.940541413724322
2006,100.30000000000001,sturn,192,stanley,0.8,364.276123046875,-299.89129638671875,364.1348571777344,-300.04498291015625,58.497684478759766,0.03019322453074748,0.35,0.0,-0.04273841381185191,0.7277717590332002,289,-1,5.954456095721526,17.645591527610527
2007,100.35000000000001,sturn,192,stanley,0.8,364.42572021484375,-299.6378173828125,364.1348571777344,-300.04498291015625,58.61670684814453,0.02673691103731892,0.35,0.0,-0.041575035282422595,0.6087493896484336,289,-1,5.826883561706654,17.35193542303971
2008,100.4,sturn,192,stanley,0.8,364.576171875,-299.3828125,364.1348571777344,-300.04498291015625,58.73196029663086,0.022946605845733346,0.35,0.0,-0.040365092591554574,0.49349594116210654,289,-1,5.975357987053949,17.056555662731995
2009,100.45,sturn,192,stanley,0.8,364.72613525390625,-299.1281433105469,365.0382385253906,-298.50433349609375,58.803157806396484,0.0435582191490031,0.35,0.0,-0.04156835287892596,1.2007255554199263,290,-1,5.8840684828667875,16.761718876293504
2010,100.5,sturn,192,stanley,0.8,364.8757629394531,-298.87176513671875,365.0382385253906,-298.50433349609375,58.95535659790039,0.03936556656196571,0.35,0.0,-0.04298076207412871,1.0485267639160143,290,-1,5.983183705150478,16.465526395834797
2011,100.55000000000001,sturn,192,stanley,0.8,365.0237731933594,-298.61541748046875,365.0382385253906,-298.50433349609375,59.10279083251953,0.035353073532737686,0.35,0.0,-0.043007636567924314,0.9010925292968798,290,-1,5.862346530329645,16.170103446589778
2012,100.60000000000001,sturn,192,stanley,0.8,365.1722717285156,-298.3570556640625,365.0382385253906,-298.50433349609375,59.26411437988281,0.030380557664521347,0.15,0.0,-0.042450429724002425,0.7397689819335918,290,-1,6.0137860022500735,15.872680281621705
2013,100.65,sturn,192,stanley,0.8,365.3199462890625,-298.09906005859375,365.0382385253906,-298.50433349609375,59.383766174316406,0.026884021111502263,0.35,0.0,-0.041362695987327114,0.6201171875000002,290,-1,5.909499176288376,15.575971755323707
2014,100.7,sturn,192,stanley,0.8,365.4675598144531,-297.8409729003906,365.0382385253906,-298.50433349609375,59.515506744384766,0.022752196930807503,0.35,0.0,-0.040176331193321035,0.4883766174316388,290,-1,5.979957761805589,15.279229797188979
2015,100.75,sturn,192,stanley,0.8,365.61383056640625,-297.5847473144531,365.920654296875,-296.95147705078125,59.590946197509766,0.043313538310038,0.35,0.0,-0.041330642726343736,1.1913681030273433,291,-1,5.836116323637794,14.984773150816267
2016,100.80000000000001,sturn,192,stanley,0.8,365.7593994140625,-297.3271484375,365.920654296875,-296.95147705078125,59.73295211791992,0.0393385924773789,0.35,0.0,-0.04263747258543432,1.0493621826171904,291,-1,5.967648259118321,14.689413633656125
2017,100.85000000000001,sturn,192,stanley,0.8,365.9033203125,-297.0697326660156,365.920654296875,-296.95147705078125,59.87697219848633,0.035370501523874505,0.35,0.0,-0.042595398526265135,0.9053421020507797,291,-1,5.869687085276899,14.394961576680586
2018,100.9,sturn,192,stanley,0.8,366.04742431640625,-296.81097412109375,365.920654296875,-296.95147705078125,60.050106048583984,0.030148418209922874,0.35,0.0,-0.04205768692384887,0.7322082519531309,291,-1,5.968554813426347,14.099241012690788
2019,100.95,sturn,192,stanley,0.8,366.1905517578125,-296.552734375,365.920654296875,-296.95147705078125,60.16910171508789,0.026686351198154254,0.35,0.0,-0.04092090025269335,0.6132125854492203,291,-1,5.8466320169168995,13.804432498821084
2020,101.0,sturn,192,stanley,0.8,366.33453369140625,-296.2927551269531,365.920654296875,-296.95147705078125,60.28460693359375,0.02288414390623037,0.35,0.0,-0.03968078846888917,0.4977073669433658,291,-1,5.997989579539345,13.507705319116168
2021,101.05000000000001,sturn,192,stanley,0.8,366.47808837890625,-296.03314208984375,366.78179931640625,-295.3868408203125,60.35646057128906,0.043435303255281936,0.35,0.0,-0.04072610154926537,1.2042846679687533,292,-1,5.90828446634752,13.211514006280382
2022,101.10000000000001,sturn,192,stanley,0.8,366.6213073730469,-295.771728515625,366.78179931640625,-295.3868408203125,60.50916290283203,0.03923826650411256,0.15,0.0,-0.04216964500658002,1.0515823364257864,292,-1,6.007309490330321,12.913865694852992
2023,101.15,sturn,192,stanley,0.8,366.7628479003906,-295.5105285644531,366.78179931640625,-295.3868408203125,60.65662384033203,0.03524007529145044,0.35,0.0,-0.042239007849221424,0.904121398925783,292,-1,5.879691812704322,12.617154069869512
2024,101.2,sturn,192,stanley,0.8,366.9040832519531,-295.24859619140625,366.78179931640625,-295.3868408203125,60.821163177490234,0.03024390325701824,0.35,0.0,-0.041691223858363796,0.7395820617675865,292,-1,5.991340090338583,12.31993051183492
2025,101.25,sturn,192,stanley,0.8,367.0438537597656,-294.9882507324219,366.78179931640625,-295.3868408203125,60.93924331665039,0.02681404093583439,0.35,0.0,-0.0406111007452169,0.6215019226074202,292,-1,5.872297622497938,12.024786741347198
2026,101.30000000000001,sturn,192,stanley,0.8,367.18389892578125,-294.7273864746094,366.78179931640625,-295.3868408203125,61.06877136230469,0.022737230049124625,0.35,0.0,-0.039525424882755344,0.4919738769531319,292,-1,5.9628738518605475,11.729074074252734
2027,101.35000000000001,sturn,192,stanley,0.8,367.3230285644531,-294.4674987792969,367.6216735839844,-293.8106384277344,61.142059326171875,0.04327580701430988,0.35,0.0,-0.04042537361866749,1.1971130371093746,293,-1,5.835304048255244,11.4346543005676
2028,101.4,sturn,192,stanley,0.8,367.4618225097656,-294.2055969238281,367.6216735839844,-293.8106384277344,61.28207778930664,0.03934802990813895,0.35,0.0,-0.04177230066501478,1.0570945739746105,293,-1,5.981762637452831,11.138574280939208
2029,101.45,sturn,192,stanley,0.8,367.5992126464844,-293.943603515625,367.6216735839844,-293.8106384277344,61.42693328857422,0.03536453283473968,0.35,0.0,-0.04183335655133093,0.9122390747070238,293,-1,5.890518843064101,10.843025300107772
2030,101.5,sturn,192,stanley,0.8,367.73675537109375,-293.6800842285156,367.6216735839844,-293.8106384277344,61.6010627746582,0.03012182300589631,0.35,0.0,-0.041321192401698806,0.7381095886230498,293,-1,5.990762169394822,10.54604533861755
2031,101.55000000000001,sturn,192,stanley,0.8,367.8733825683594,-293.41705322265625,367.6216735839844,-293.8106384277344,61.72104263305664,0.026634523407340807,0.35,0.0,-0.04022481343670989,0.6181297302246113,293,-1,5.870349746137293,10.249910686593724
2032,101.60000000000001,sturn,192,stanley,0.8,368.0108642578125,-293.1522216796875,367.6216735839844,-293.8106384277344,61.83749771118164,0.02282660828050809,0.15,0.0,-0.03904939255865453,0.5016746520996079,293,-1,6.021316339490397,9.951798819698011
2033,101.65,sturn,192,stanley,0.8,368.14776611328125,-292.8879089355469,368.4400634765625,-292.22314453125,61.91046905517578,0.043313938063847264,0.35,0.0,-0.039869651048986876,1.2071342468261743,294,-1,5.916954097598414,9.654418584240489
2034,101.7,sturn,192,stanley,0.8,368.28369140625,-292.62310791015625,368.4400634765625,-292.22314453125,62.063446044921875,0.039170730826108086,0.35,0.0,-0.04137376402220011,1.0541572570800728,294,-1,5.985810131196981,9.357022106978446
2035,101.75,sturn,192,stanley,0.8,368.4172668457031,-292.3597717285156,368.4400634765625,-292.22314453125,62.21049880981445,0.03520826637170951,0.35,0.0,-0.04144430166460175,0.9071044921874972,294,-1,5.841743768021585,9.06195494008484
2036,101.80000000000001,sturn,192,stanley,0.8,368.55072021484375,-292.0953063964844,368.4400634765625,-292.22314453125,62.371788024902344,0.030273159289304175,0.35,0.0,-0.04089540291419943,0.7458152770996138,294,-1,5.974554731534722,8.765926344960706
2037,101.85000000000001,sturn,192,stanley,0.8,368.6833190917969,-291.83148193359375,368.4400634765625,-292.22314453125,62.488155364990234,0.026870027082900327,0.35,0.0,-0.03987412723670944,0.6294479370117144,294,-1,5.876719349426423,8.470849820477063
2038,101.9,sturn,192,stanley,0.8,368.81640625,-291.5664978027344,368.4400634765625,-292.22314453125,62.61716842651367,0.02279369267158863,0.35,0.0,-0.0387640111483194,0.5004348754882783,294,-1,5.975547642701002,8.174529692121624
2039,101.95,sturn,192,stanley,0.8,368.9488220214844,-291.3022155761719,369.2367248535156,-290.6246643066406,62.69071578979492,0.04329437395758209,0.35,0.0,-0.03958754235649076,1.205318450927732,295,-1,5.853650000821632,7.87914178234511
2040,102.0,sturn,192,stanley,0.8,369.0809326171875,-291.03570556640625,369.2367248535156,-290.6246643066406,62.83150863647461,0.03935013698896229,0.15,0.0,-0.04095771944845747,1.0645256042480526,295,-1,6.003101037499053,7.581866015218824
2041,102.05000000000001,sturn,192,stanley,0.8,369.2115173339844,-290.7693176269531,369.2367248535156,-290.6246643066406,62.97806930541992,0.035333377564859755,0.35,0.0,-0.04101137277200304,0.9179649353027347,295,-1,5.898287187462823,7.285343059939201
2042,102.10000000000001,sturn,192,stanley,0.8,369.3416748046875,-290.50262451171875,369.2367248535156,-290.6246643066406,63.15325164794922,0.03011895758857095,0.35,0.0,-0.04054708258406011,0.7427825927734363,295,-1,5.968647817558507,6.9887294293065105
2043,102.15,sturn,192,stanley,0.8,369.4703063964844,-290.23779296875,369.2367248535156,-290.6246643066406,63.27363204956055,0.026671200337132498,0.35,0.0,-0.03953165179413881,0.6224021911621057,295,-1,5.824618865353879,6.69445111755071
2044,102.2,sturn,192,stanley,0.8,369.5992431640625,-289.97198486328125,369.2367248535156,-290.6246643066406,63.3904914855957,0.022875415139373967,0.35,0.0,-0.038360579182585675,0.5055427551269615,295,-1,5.958397489910857,6.3991694198415505
2045,102.25,sturn,192,stanley,0.8,369.7275390625,-289.7069396972656,370.01165771484375,-289.0155334472656,63.46067810058594,0.04338231093962506,0.35,0.0,-0.03894382261728657,1.2137908935546884,296,-1,5.860456961850276,6.104859361512901
2046,102.30000000000001,sturn,192,stanley,0.8,369.8553161621094,-289.4403381347656,370.01165771484375,-289.0155334472656,63.61124038696289,0.0392574717998536,0.35,0.0,-0.040398858742076604,1.0632286071777366,296,-1,5.958272115964558,5.8093510374117
2047,102.35000000000001,sturn,192,stanley,0.8,369.9814758300781,-289.1739501953125,370.01165771484375,-289.0155334472656,63.75664138793945,0.035308303030118234,0.35,0.0,-0.040483290838978434,0.9178276062011673,296,-1,5.835893850514354,5.51470416847955
2048,102.4,sturn,192,stanley,0.8,370.1078796386719,-288.9056091308594,370.01165771484375,-289.0155334472656,63.9160270690918,0.030407879784640234,0.35,0.0,-0.039952929622241576,0.7584419250488303,296,-1,5.987858767994448,5.218182497323583
2049,102.45,sturn,192,stanley,0.8,370.2336730957031,-288.6374816894531,370.01165771484375,-289.0155334472656,64.03379821777344,0.026955765912713762,0.35,0.0,-0.03896225603299733,0.6406707763671906,296,-1,5.898261317431866,4.922113061343641
