step,time,route_name,spawn_index,controller_type,tuning_value,x,y,path_x,path_y,yaw_deg,steer,throttle,brake,cross_track_error,heading_error_deg,closest_waypoint,target_waypoint,speed,distance_to_goal
0,0.0,sturn,192,stanley,1.2,332.51141357421875,-117.62440490722656,332.51141357421875,-117.62442016601562,0.9240431189537048,-3.0585928949199234e-05,0.35,0.0,1.5256804705725497e-05,-1.1920928942248105e-07,0,-1,0.9800000786781311,171.16852996795186
1,0.05,sturn,192,stanley,1.2,332.51141357421875,-117.62440490722656,332.51141357421875,-117.62442016601562,0.9240431189537048,-2.039175421400282e-05,0.35,0.0,1.5256804705725497e-05,-1.1920928942248105e-07,0,-1,1.470000147819519,171.16852996795186
2,0.1,sturn,192,stanley,1.2,332.51141357421875,-117.62440490722656,332.51141357421875,-117.62442016601562,0.9240431189537048,-1.5294666535752013e-05,0.35,0.0,1.5256804705725497e-05,-1.1920928942248105e-07,0,-1,1.9600002765655518,171.16852996795186
3,0.15000000000000002,sturn,192,stanley,1.2,332.51141357421875,-117.62440490722656,332.51141357421875,-117.62442016601562,0.9240431189537048,-1.2236414722279064e-05,0.35,0.0,1.5256804705725497e-05,-1.1920928942248105e-07,0,-1,2.450000286102295,171.16852996795186
4,0.2,sturn,192,stanley,1.2,332.51141357421875,-117.6243896484375,332.51141357421875,-117.62442016601562,0.9240431189537048,-3.148642003539261e-05,0.35,0.0,3.0513609411450994e-05,-1.1920928942248105e-07,0,-1,1.9039393663553963,171.1685448108037
5,0.25,sturn,192,stanley,1.2,332.51141357421875,-117.6243896484375,332.51141357421875,-117.62442016601562,0.9240431189537048,-8.273943462983788e-05,0.35,0.0,3.0513609411450994e-05,-1.1920928942248105e-07,0,-1,0.7244939208042214,171.1685448108037
6,0.30000000000000004,sturn,192,stanley,1.2,332.51141357421875,-117.6243896484375,332.51141357421875,-117.62442016601562,0.9240431189537048,-0.00037832050779772674,0.35,0.0,3.0513609411450994e-05,-1.1920928942248105e-07,0,-1,0.1584431380034877,171.1685448108037
7,0.35000000000000003,sturn,192,stanley,1.2,332.51141357421875,-117.6243896484375,332.51141357421875,-117.62442016601562,0.9240431189537048,-0.0005994208775860963,0.35,0.0,3.0513609411450994e-05,-1.1920928942248105e-07,0,-1,0.08698045462376479,171.1685448108037
8,0.4,sturn,192,stanley,1.2,332.51141357421875,-117.6243896484375,332.51141357421875,-117.62442016601562,0.9240431189537048,-0.00034889935220536883,0.35,0.0,3.0513609411450994e-05,-1.1920928942248105e-07,0,-1,0.17180408537387876,171.1685448108037
9,0.45,sturn,192,stanley,1.2,332.51141357421875,-117.6243896484375,332.51141357421875,-117.62442016601562,0.9240431189537048,-0.0003303199009782368,0.35,0.0,3.0513609411450994e-05,-1.1920928942248105e-07,0,-1,0.1814676225185461,171.1685448108037
10,0.5,sturn,192,stanley,1.2,332.51141357421875,-117.6243896484375,332.51141357421875,-117.62442016601562,0.9240431189537048,-0.000374350741674464,0.35,0.0,3.0513609411450994e-05,-1.1920928942248105e-07,0,-1,0.16012334823610438,171.1685448108037
11,0.55,sturn,192,stanley,1.2,332.51141357421875,-117.6243896484375,332.51141357421875,-117.62442016601562,0.9240431189537048,-0.000462893590450289,0.35,0.0,3.0513609411450994e-05,-1.1920928942248105e-07,0,-1,0.12949453294316787,171.1685448108037
12,0.6000000000000001,sturn,192,stanley,1.2,332.51141357421875,-117.6243896484375,332.51141357421875,-117.62442016601562,0.9240431189537048,-0.0005994208775860963,0.35,0.0,3.0513609411450994e-05,-1.1920928942248105e-07,0,-1,0.09944988042138751,171.1685448108037
13,0.65,sturn,192,stanley,1.2,332.51141357421875,-117.6243896484375,332.51141357421875,-117.62442016601562,0.9240431189537048,-0.0005994208775860963,0.35,0.0,3.0513609411450994e-05,-1.1920928942248105e-07,0,-1,0.07379931956533825,171.1685448108037
14,0.7000000000000001,sturn,192,stanley,1.2,332.51141357421875,-117.6243896484375,332.51141357421875,-117.62442016601562,0.9240431189537048,-0.0005994208775860963,0.35,0.0,3.0513609411450994e-05,-1.1920928942248105e-07,0,-1,0.05344283953319693,171.1685448108037
15,0.75,sturn,192,stanley,1.2,332.51141357421875,-117.6243896484375,332.51141357421875,-117.62442016601562,0.9240431189537048,-0.0005994208775860963,0.35,0.0,3.0513609411450994e-05,-1.1920928942248105e-07,0,-1,0.037996444852191225,171.1685448108037
16,0.8,sturn,192,stanley,1.2,332.51141357421875,-117.6243896484375,332.51141357421875,-117.62442016601562,0.9240431189537048,-0.0005994208775860963,0.35,0.0,3.0513609411450994e-05,-1.1920928942248105e-07,0,-1,0.026628855615863038,171.1685448108037
17,0.8500000000000001,sturn,192,stanley,1.2,332.51141357421875,-117.6243896484375,332.51141357421875,-117.62442016601562,0.9240431189537048,-0.0005994208775860963,0.35,0.0,3.0513609411450994e-05,-1.1920928942248105e-07,0,-1,0.01845107972680803,171.1685448108037
18,0.9,sturn,192,stanley,1.2,332.51141357421875,-117.6243896484375,332.51141357421875,-117.62442016601562,0.9240431189537048,-0.0005994208775860963,0.35,0.0,3.0513609411450994e-05,-1.1920928942248105e-07,0,-1,0.012663859874076122,171.1685448108037
19,0.9500000000000001,sturn,192,stanley,1.2,332.51141357421875,-117.6243896484375,332.51141357421875,-117.62442016601562,0.9240431189537048,-0.0005994208775860963,0.35,0.0,3.0513609411450994e-05,-1.1920928942248105e-07,0,-1,0.008623942732826025,171.1685448108037
20,1.0,sturn,192,stanley,1.2,332.51141357421875,-117.6243896484375,332.51141357421875,-117.62442016601562,0.9240431189537048,-0.0005994208775860963,0.35,0.0,3.0513609411450994e-05,-1.1920928942248105e-07,0,-1,0.005832404840597274,171.1685448108037
21,1.05,sturn,192,stanley,1.2,332.51141357421875,-117.6243896484375,332.51141357421875,-117.62442016601562,0.9240431189537048,-0.0005994208775860963,0.35,0.0,3.0513609411450994e-05,-1.1920928942248105e-07,0,-1,0.003923005896257032,171.1685448108037
22,1.1,sturn,192,stanley,1.2,332.5141296386719,-117.62435150146484,332.51141357421875,-117.62442016601562,0.9237754344940186,-0.00017505973544860946,0.35,0.0,2.4853938578707865e-05,0.0002675652503967977,0,-1,0.26722796927440584,171.16795210031327
23,1.1500000000000001,sturn,192,stanley,1.2,332.5506286621094,-117.62376403808594,332.51141357421875,-117.62442016601562,0.923579752445221,-3.217148159680301e-05,0.35,0.0,2.3625050242622337e-05,0.00046324729919451207,0,-1,1.0220793876232201,171.1600639203528
24,1.2000000000000002,sturn,192,stanley,1.2,332.614990234375,-117.62271881103516,332.51141357421875,-117.62442016601562,0.923479437828064,-2.700329090430495e-05,0.35,0.0,3.076394115568448e-05,0.0005635619163514699,0,-1,1.4020049681960463,171.14618121661937
25,1.25,sturn,192,stanley,1.2,332.6955871582031,-117.62142944335938,332.51141357421875,-117.62442016601562,0.9234191179275513,-5.517888462331747e-06,0.35,0.0,2.018591925210438e-05,0.0006238818168640491,0,-1,1.69873700392583,171.12881013322544
26,1.3,sturn,192,stanley,1.2,332.78619384765625,-117.61997985839844,332.51141357421875,-117.62442016601562,0.923385500907898,1.0047506120134406e-05,0.35,0.0,8.377921007691504e-06,0.0006574988365173676,0,-1,1.883438141447865,171.10932495730574
27,1.35,sturn,192,stanley,1.2,332.8845520019531,-117.618408203125,332.51141357421875,-117.62442016601562,0.9233892560005188,2.488781026007843e-05,0.35,0.0,-6.382688800495896e-06,0.0006537437438965838,0,-1,2.019243239529067,171.08822273999192
28,1.4000000000000001,sturn,192,stanley,1.2,332.9892578125,-117.61671447753906,332.51141357421875,-117.62442016601562,0.9234309792518616,1.882156025987918e-05,0.35,0.0,-1.4568382683604816e-06,0.0006120204925537901,0,-1,2.143291207018818,171.06583805989547
29,1.4500000000000002,sturn,192,stanley,1.2,333.0993347167969,-117.61495208740234,332.51141357421875,-117.62442016601562,0.9234753847122192,2.8927641164940557e-05,0.35,0.0,-1.4494424280484322e-05,0.0005676150321962076,0,-1,2.240210879066332,171.0423533495875
30,1.5,sturn,192,stanley,1.2,333.2143249511719,-117.61309051513672,332.51141357421875,-117.62442016601562,0.9235368371009827,2.084160624604223e-05,0.35,0.0,-7.599531369728227e-06,0.0005061626434327233,0,-1,2.3399924878909344,171.017912607266
31,1.55,sturn,192,stanley,1.2,333.333740234375,-117.61116790771484,332.51141357421875,-117.62442016601562,0.9235938191413879,2.1787167052407535e-05,0.35,0.0,-1.1039711507683514e-05,0.0004491806030273529,0,-1,2.4221656864742145,170.99259918735223
32,1.6,sturn,192,stanley,1.2,333.4574890136719,-117.60917663574219,332.51141357421875,-117.62442016601562,0.9236488938331604,2.354748962349411e-05,0.35,0.0,-1.5710101130342324e-05,0.00039410591125492884,0,-1,2.5116413258417105,170.96645015642352
33,1.6500000000000001,sturn,192,stanley,1.2,333.5853576660156,-117.60710906982422,334.51153564453125,-117.5921630859375,0.9237100481987,1.5333767199031836e-05,0.35,0.0,-7.66644366173054e-06,0.00033295154571539833,1,-1,2.5872725984100016,170.93953023899746
34,1.7000000000000002,sturn,192,stanley,1.2,333.7171936035156,-117.60498046875,334.51153564453125,-117.5921630859375,0.9237581491470337,1.2143350200711905e-05,0.35,0.0,-5.4463312499416355e-06,0.0002848505973817432,1,-1,2.6715493848164162,170.9118678143572
35,1.75,sturn,192,stanley,1.2,333.8528747558594,-117.60279083251953,334.51153564453125,-117.5921630859375,0.9237951040267944,1.0097312309154937e-05,0.35,0.0,-4.210370882993739e-06,0.0002478957176210171,1,-1,2.74365646090531,170.88349910266996
36,1.8,sturn,192,stanley,1.2,333.9924621582031,-117.60053253173828,334.51153564453125,-117.5921630859375,0.9238244295120239,4.377166261809449e-06,0.35,0.0,2.6855323178847507e-06,0.00021857023239148005,1,-1,2.824617691280525,170.8544267008219
37,1.85,sturn,192,stanley,1.2,334.1357727050781,-117.59822082519531,334.51153564453125,-117.5921630859375,0.923841118812561,3.774299762156946e-06,0.35,0.0,2.937496069239237e-06,0.0002018809318542433,1,-1,2.8943261465097043,170.82468575826783
38,1.9000000000000001,sturn,192,stanley,1.2,334.2828063964844,-117.5958480834961,334.51153564453125,-117.5921630859375,0.9238502979278564,2.747516895284941e-06,0.35,0.0,4.173922723936432e-06,0.0001927018165589718,1,-1,2.972670155403654,170.79429273897392
39,1.9500000000000002,sturn,192,stanley,1.2,334.4334411621094,-117.59341430664062,334.51153564453125,-117.5921630859375,0.9238570928573608,-9.204194388984788e-08,0.35,0.0,8.36342723015593e-06,0.00018590688705453535,1,-1,3.0404055424977128,170.76328391512487
40,2.0,sturn,192,stanley,1.2,334.5877380371094,-117.59092712402344,334.51153564453125,-117.5921630859375,0.9238559007644653,1.0004759290939112e-06,0.35,0.0,6.893299760944802e-06,0.00018709897994995288,1,-1,3.116393623438085,170.73164759582994
41,2.0500000000000003,sturn,192,stanley,1.2,334.7454528808594,-117.58837890625,334.51153564453125,-117.5921630859375,0.9238549470901489,-1.6204706150941789e-06,0.35,0.0,1.1329172565530468e-05,0.00018805265426652542,1,-1,3.1823316176916885,170.6994543834928
42,2.1,sturn,192,stanley,1.2,334.90673828125,-117.58577728271484,334.51153564453125,-117.5921630859375,0.9238483309745789,-1.4255413922940049e-06,0.35,0.0,1.1581874605821885e-05,0.00019466876983643058,1,-1,3.2560606341719356,170.66667264977232
43,2.15,sturn,192,stanley,1.2,335.0714416503906,-117.58312225341797,334.51153564453125,-117.5921630859375,0.9238395690917969,-1.7049864162750455e-07,0.35,0.0,1.0112174567047938e-05,0.00020343065261852462,1,-1,3.3202874926490757,170.63334538855494
44,2.2,sturn,192,stanley,1.2,335.23956298828125,-117.58040618896484,334.51153564453125,-117.5921630859375,0.9238334894180298,-2.44001426693881e-06,0.35,0.0,1.4548474802070568e-05,0.00020951032638563102,1,-1,3.39180307448381,170.59948963028927
45,2.25,sturn,192,stanley,1.2,335.4110107421875,-117.57764434814453,334.51153564453125,-117.5921630859375,0.923823356628418,-4.2738940873843185e-08,0.35,0.0,1.111043181629967e-05,0.00021964311599747508,1,-1,3.4543752787016566,170.56512001982503
46,2.3000000000000003,sturn,192,stanley,1.2,335.5858154296875,-117.5748291015625,334.51153564453125,-117.5921630859375,0.9238167405128479,2.598757092106176e-06,0.35,0.0,6.93429422555375e-06,0.00022625923156738024,1,-1,3.523705248581667,170.53024717991508
47,2.35,sturn,192,stanley,1.2,335.7638244628906,-117.57196044921875,336.6697082519531,-117.636474609375,0.9238191843032837,-0.1473205137745944,0.35,0.0,-0.0036178129209793602,-5.225608468055725,2,-1,3.5846754598535733,170.49491374288107
48,2.4000000000000004,sturn,192,stanley,1.2,335.9445495605469,-117.57378387451172,336.6697082519531,-117.636474609375,0.6915811896324158,-0.14705452236537783,0.35,0.0,0.008120064434460728,-4.993370473384857,2,-1,3.636193401215259,170.4545964559814
49,2.45,sturn,192,stanley,1.2,336.12762451171875,-117.58272552490234,336.6697082519531,-117.636474609375,0.186653733253479,-0.1351283615790955,0.35,0.0,0.012936032417739718,-4.48844301700592,2,-1,3.6897413841169215,170.40700694840845
50,2.5,sturn,192,stanley,1.2,336.3134765625,-117.59456634521484,336.6697082519531,-117.636474609375,-0.348968505859375,-0.1208213118161663,0.35,0.0,0.015069307919689141,-3.952820777893067,2,-1,3.7549362097632333,170.3561821624723
51,2.5500000000000003,sturn,192,stanley,1.2,336.5022888183594,-117.60768127441406,336.6697082519531,-117.636474609375,-0.849884033203125,-0.10694510948714059,0.35,0.0,0.016154108556763164,-3.4519052505493164,2,-1,3.8144433410347136,170.30367946261964
52,2.6,sturn,192,stanley,1.2,336.69427490234375,-117.62155151367188,336.6697082519531,-117.636474609375,-1.305999517440796,-0.09406420694220011,0.35,0.0,0.01672379542913749,-2.9957897663116455,2,-1,3.8785772124143927,170.24997027139855
53,2.6500000000000004,sturn,192,stanley,1.2,336.8892822265625,-117.63592529296875,336.6697082519531,-117.636474609375,-1.715514898300171,-0.08238617988552335,0.35,0.0,0.017017983670213215,-2.5862743854522705,2,-1,3.9363892830381833,170.1953423237512
54,2.7,sturn,192,stanley,1.2,337.08734130859375,-117.65074920654297,336.6697082519531,-117.636474609375,-2.081695795059204,-0.07182925647287212,0.35,0.0,0.017092217706045208,-2.2200934886932373,2,-1,3.9981018091623732,170.13985120774518
55,2.75,sturn,192,stanley,1.2,337.28826904296875,-117.66596221923828,336.6697082519531,-117.636474609375,-2.406738519668579,-0.06237914365510295,0.35,0.0,0.016993626027124457,-1.8950507640838623,2,-1,4.053808857467183,170.08360418177875
56,2.8000000000000003,sturn,192,stanley,1.2,337.4920959472656,-117.68153381347656,336.6697082519531,-117.636474609375,-2.694397449493408,-0.05392812152285551,0.35,0.0,0.016754929356696605,-1.6073918342590332,2,-1,4.112838587798667,170.0266344145498
57,2.85,sturn,192,stanley,1.2,337.69873046875,-117.69741821289062,336.6697082519531,-117.636474609375,-2.947296619415283,-0.04643881696264934,0.35,0.0,0.016414907741879946,-1.3544926643371584,2,-1,4.166627809107239,169.9690151172697
58,2.9000000000000004,sturn,192,stanley,1.2,337.9081115722656,-117.71359252929688,338.8515930175781,-117.92826080322266,-3.168884754180908,-0.23662079917174453,0.35,0.0,0.03184349384429344,-7.763336658477785,3,-1,4.223330075711371,169.91079069710648
59,2.95,sturn,192,stanley,1.2,338.1194152832031,-117.73411560058594,338.8515930175781,-117.92826080322266,-3.5648510456085205,-0.23436022026940112,0.35,0.0,0.051766120275585054,-7.367370367050171,3,-1,4.260973444007072,169.84815984886353
60,3.0,sturn,192,stanley,1.2,338.3304748535156,-117.76507568359375,338.8515930175781,-117.92826080322266,-4.369629859924316,-0.2156256312380155,0.35,0.0,0.06139484293115363,-6.562591552734376,3,-1,4.288082317655861,169.77559288772062
61,3.0500000000000003,sturn,192,stanley,1.2,338.5424499511719,-117.80294799804688,338.8515930175781,-117.92826080322266,-5.309511184692383,-0.18981296140964746,0.35,0.0,0.06441040342281988,-5.6227102279663095,3,-1,4.338078018934316,169.69630655671153
62,3.1,sturn,192,stanley,1.2,338.7566833496094,-117.84393310546875,338.8515930175781,-117.92826080322266,-6.196874141693115,-0.16426096008201274,0.35,0.0,0.06479794264720624,-4.735347270965577,3,-1,4.394134422351431,169.6137595205754
63,3.1500000000000004,sturn,192,stanley,1.2,338.9734802246094,-117.88661193847656,338.8515930175781,-117.92826080322266,-6.990180015563965,-0.1408986585119716,0.35,0.0,0.06400865092435676,-3.9420413970947275,3,-1,4.447565577303605,169.52928955212573
64,3.2,sturn,192,stanley,1.2,339.19281005859375,-117.93046569824219,338.8515930175781,-117.92826080322266,-7.686988830566406,-0.12001477991090531,0.35,0.0,0.06254612444668055,-3.2452325820922856,3,-1,4.501230047680777,169.44341969834218
65,3.25,sturn,192,stanley,1.2,339.4146728515625,-117.9752197265625,338.8515930175781,-117.92826080322266,-8.292520523071289,-0.1016045106150999,0.35,0.0,0.060680036979522727,-2.6397008895874023,3,-1,4.551982579128808,169.3564280448162
66,3.3000000000000003,sturn,192,stanley,1.2,339.6390686035156,-118.02072143554688,338.8515930175781,-117.92826080322266,-8.81489086151123,-0.08548708790238124,0.35,0.0,0.05856020728140836,-2.1173305511474614,3,-1,4.6026178065926535,169.26847327341528
67,3.35,sturn,192,stanley,1.2,339.86590576171875,-118.0668716430664,338.8515930175781,-117.92826080322266,-9.26234245300293,-0.07147416259255605,0.35,0.0,0.05626665478565043,-1.6698789596557624,3,-1,4.651028813496673,169.17967941770235
68,3.4000000000000004,sturn,192,stanley,1.2,340.0950622558594,-118.11360931396484,340.98516845703125,-118.47001647949219,-9.642834663391113,-0.25604417859340406,0.35,0.0,0.07120591239543966,-7.9198198318481445,4,-1,4.699140143967714,169.09013861736594
69,3.45,sturn,192,stanley,1.2,340.3250732421875,-118.16526794433594,340.98516845703125,-118.47001647949219,-10.19196891784668,-0.24855807401254146,0.35,0.0,0.09136069546813683,-7.370685577392579,4,-1,4.726181669883701,168.9958802246183
70,3.5,sturn,192,stanley,1.2,340.5527648925781,-118.22789001464844,340.98516845703125,-118.47001647949219,-11.154070854187012,-0.2246593731579643,0.35,0.0,0.10036321516766863,-6.408583641052246,4,-1,4.743217932719489,168.89156367195076
71,3.5500000000000003,sturn,192,stanley,1.2,340.780029296875,-118.29788970947266,340.98516845703125,-118.47001647949219,-12.233234405517578,-0.19419117480444165,0.35,0.0,0.10220307862183434,-5.32942008972168,4,-1,4.78809283197503,168.78034394594076
72,3.6,sturn,192,stanley,1.2,341.0087890625,-118.3715591430664,340.98516845703125,-118.47001647949219,-13.234545707702637,-0.16466267780358215,0.35,0.0,0.10099548190915887,-4.328108787536622,4,-1,4.8376827808295895,168.665503147028
73,3.6500000000000004,sturn,192,stanley,1.2,341.23956298828125,-118.44735717773438,340.98516845703125,-118.47001647949219,-14.113911628723145,-0.13807505753974356,0.35,0.0,0.09836627330844774,-3.448742866516114,4,-1,4.886139895879241,168.54846436862684
74,3.7,sturn,192,stanley,1.2,341.4725036621094,-118.52462005615234,340.98516845703125,-118.47001647949219,-14.869586944580078,-0.11476851959761569,0.35,0.0,0.09499431396168287,-2.693067550659181,4,-1,4.932780263042151,168.42985895508443
75,3.75,sturn,192,stanley,1.2,341.70745849609375,-118.60301208496094,340.98516845703125,-118.47001647949219,-15.510880470275879,-0.09458954061334188,0.35,0.0,0.09115360656606394,-2.0517740249633794,4,-1,4.977719792545256,168.31005239288797
76,3.8000000000000003,sturn,192,stanley,1.2,341.94464111328125,-118.68230438232422,340.98516845703125,-118.47001647949219,-16.049388885498047,-0.07731693398587336,0.35,0.0,0.08712682465596208,-1.51326560974121,4,-1,5.021292544683693,168.1892388481557
77,3.85,sturn,192,stanley,1.2,342.18377685546875,-118.76228332519531,343.04193115234375,-119.25450134277344,-16.488449096679688,-0.2579161078933491,0.35,0.0,0.0973035340749257,-7.704637527465822,5,-1,5.058059143601694,168.06768610257853
78,3.9000000000000004,sturn,192,stanley,1.2,342.4203186035156,-118.84613037109375,343.04193115234375,-119.25450134277344,-17.065227508544922,-0.24972107504616758,0.35,0.0,0.11775868725556543,-7.127859115600587,5,-1,5.0201323538469165,167.94307718505365
79,3.95,sturn,192,stanley,1.2,342.65106201171875,-118.9391098022461,343.04193115234375,-119.25450134277344,-18.05112648010254,-0.22555157017343816,0.35,0.0,0.1275073216019549,-6.141960144042969,5,-1,5.001312514587445,167.81078238259093
80,4.0,sturn,192,stanley,1.2,342.88116455078125,-119.04077911376953,343.04193115234375,-119.25450134277344,-19.179475784301758,-0.19322162800365628,0.35,0.0,0.12906667500730798,-5.013610839843752,5,-1,5.071739712828631,167.6703083943965
81,4.05,sturn,192,stanley,1.2,343.1122131347656,-119.14663696289062,343.04193115234375,-119.25450134277344,-20.2532901763916,-0.1613093103990571,0.35,0.0,0.12719307335010685,-3.939796447753909,5,-1,5.124511232712241,167.5258051796649
82,4.1000000000000005,sturn,192,stanley,1.2,343.3412170410156,-119.25322723388672,343.04193115234375,-119.25450134277344,-21.165611267089844,-0.13422344917562742,0.35,0.0,0.12381344328323673,-3.027475357055664,5,-1,5.094978364215631,167.38119421281527
83,4.15,sturn,192,stanley,1.2,343.569091796875,-119.36042785644531,343.04193115234375,-119.25450134277344,-21.950971603393555,-0.1107447226520526,0.35,0.0,0.11941432861427193,-2.2421150207519536,5,-1,5.023469040875647,167.23643171812108
84,4.2,sturn,192,stanley,1.2,343.7979736328125,-119.4685287475586,343.04193115234375,-119.25450134277344,-22.644329071044922,-0.08845496240945154,0.35,0.0,0.11460673084494438,-1.5487575531005882,5,-1,5.091801645182464,167.09086497680755
85,4.25,sturn,192,stanley,1.2,344.0257873535156,-119.57711029052734,343.04193115234375,-119.25450134277344,-23.148170471191406,-0.07237197536015642,0.35,0.0,0.10892296959854919,-1.0449161529541027,5,-1,5.031444608527888,166.94526163071112
86,4.3,sturn,192,stanley,1.2,344.25299072265625,-119.6849594116211,344.9943542480469,-120.27122497558594,-23.645427703857422,-0.252873113018665,0.35,0.0,0.12358407725711834,-7.178091049194337,6,-1,5.079082090157974,166.80073735642407
87,4.3500000000000005,sturn,192,stanley,1.2,344.48114013671875,-119.79830169677734,344.9943542480469,-120.27122497558594,-24.195348739624023,-0.24476293547598152,0.35,0.0,0.1431541424703479,-6.628170013427737,6,-1,5.075383932906026,166.6508932898976
88,4.4,sturn,192,stanley,1.2,344.7021484375,-119.91810607910156,344.9943542480469,-120.27122497558594,-25.11637306213379,-0.22268966163044573,0.35,0.0,0.15351581040965992,-5.707145690917971,6,-1,5.055265590709743,166.49611020695377
89,4.45,sturn,192,stanley,1.2,344.9217224121094,-120.04716491699219,344.9943542480469,-120.27122497558594,-26.21378517150879,-0.19176378827899337,0.35,0.0,0.15519527580708795,-4.6097335815429705,6,-1,5.07405260485888,166.3326691464514
90,4.5,sturn,192,stanley,1.2,345.1394958496094,-120.17964935302734,344.9943542480469,-120.27122497558594,-27.26380729675293,-0.160796707285483,0.35,0.0,0.15301042308085655,-3.5597114562988312,6,-1,5.084512139331007,166.16637110437998
91,4.55,sturn,192,stanley,1.2,345.3543395996094,-120.31253814697266,344.9943542480469,-120.27122497558594,-28.199819564819336,-0.13291910013010064,0.35,0.0,0.14897716972445385,-2.6236991882324245,6,-1,5.0474689134339465,166.00037270237482
92,4.6000000000000005,sturn,192,stanley,1.2,345.5672607421875,-120.4457015991211,344.9943542480469,-120.27122497558594,-29.009183883666992,-0.10805751908988957,0.35,0.0,0.14372291852159844,-1.8143348693847645,6,-1,5.020015139354898,165.83463067693214
93,4.65,sturn,192,stanley,1.2,345.78033447265625,-120.58008575439453,344.9943542480469,-120.27122497558594,-29.675811767578125,-0.0856171484103993,0.35,0.0,0.1374985742822814,-1.1477069854736335,6,-1,5.111395250415796,165.66787410932437
94,4.7,sturn,192,stanley,1.2,345.99835205078125,-120.7181396484375,344.9943542480469,-120.27122497558594,-30.2135066986084,-0.06654436211156851,0.35,0.0,0.13065604802413328,-0.6100120544433641,6,-1,5.2241653752983925,165.49692661914736
95,4.75,sturn,192,stanley,1.2,346.21624755859375,-120.8566665649414,346.8542175292969,-121.55791473388672,-30.606857299804688,-0.3049703389940012,0.35,0.0,0.13598368725952792,-8.851486206054686,7,-1,5.128406629593756,165.32575719866352
96,4.800000000000001,sturn,192,stanley,1.2,346.4326171875,-120.99842834472656,346.8542175292969,-121.55791473388672,-31.128305435180664,-0.29989114569451547,0.35,0.0,0.16403787112929064,-8.330038070678707,7,-1,5.2041772914231625,165.15185691055888
97,4.8500000000000005,sturn,192,stanley,1.2,346.64080810546875,-121.1478500366211,346.8542175292969,-121.55791473388672,-32.024253845214844,-0.2824818339350104,0.35,0.0,0.18098022746617165,-7.434089660644527,7,-1,5.070046821306133,164.97187859620388
98,4.9,sturn,192,stanley,1.2,346.84344482421875,-121.3064193725586,346.8542175292969,-121.55791473388672,-33.28105926513672,-0.24732429915295148,0.35,0.0,0.1873300199692101,-6.177284240722656,7,-1,5.192206955600464,164.78391823244093
99,4.95,sturn,192,stanley,1.2,347.0407409667969,-121.4693832397461,346.8542175292969,-121.55791473388672,-34.5334587097168,-0.21259891870246392,0.35,0.0,0.18689282554217204,-4.924884796142579,7,-1,5.103795034023664,164.59261897112663
100,5.0,sturn,192,stanley,1.2,347.23699951171875,-121.63605499267578,346.8542175292969,-121.55791473388672,-35.717918395996094,-0.17590594849176516,0.35,0.0,0.18293341034614266,-3.7404251098632773,7,-1,5.20225368042237,164.39798812166248
101,5.050000000000001,sturn,192,stanley,1.2,347.4319763183594,-121.80498504638672,346.8542175292969,-121.55791473388672,-36.7067756652832,-0.14600346254463561,0.35,0.0,0.17641582431727262,-2.751567840576171,7,-1,5.139848393211293,164.201491233383
102,5.1000000000000005,sturn,192,stanley,1.2,347.6278381347656,-121.97586822509766,346.8542175292969,-121.55791473388672,-37.571266174316406,-0.1170324194995235,0.35,0.0,0.16895269498127896,-1.887077331542964,7,-1,5.2558957392244965,164.00310102594105
103,5.15,sturn,192,stanley,1.2,347.8232421875,-122.147705078125,346.8542175292969,-121.55791473388672,-38.239723205566406,-0.09542680449493805,0.35,0.0,0.16046232964270318,-1.218620300292969,7,-1,5.1984362235073975,163.8040080831263
104,5.2,sturn,192,stanley,1.2,348.0205383300781,-122.32119750976562,348.5036926269531,-123.20073699951172,-38.81412124633789,-0.39873057178319293,0.35,0.0,0.18989238323711277,-11.496952056884767,8,-1,5.3070563258227414,163.6031696410105
105,5.25,sturn,192,stanley,1.2,348.2146911621094,-122.4974594116211,348.5036926269531,-123.20073699951172,-39.46365737915039,-0.39546661002576067,0.35,0.0,0.22673323316631686,-10.847415924072271,8,-1,5.202163608131561,163.40022876106875
106,5.300000000000001,sturn,192,stanley,1.2,348.4006652832031,-122.68132781982422,348.5036926269531,-123.20073699951172,-40.56222152709961,-0.3725129699858962,0.35,0.0,0.252422716687874,-9.748851776123047,8,-1,5.2708119707759975,163.19112443482743
107,5.3500000000000005,sturn,192,stanley,1.2,348.5741271972656,-122.87310028076172,348.5036926269531,-123.20073699951172,-42.07368469238281,-0.33522666987212163,0.35,0.0,0.26343609011182323,-8.237388610839844,8,-1,5.17517428759355,162.97616454593623
108,5.4,sturn,192,stanley,1.2,348.74072265625,-123.07150268554688,348.5036926269531,-123.20073699951172,-43.76244354248047,-0.28617793309884015,0.35,0.0,0.26493155965578413,-6.548629760742191,8,-1,5.246602316272905,162.75576060720323
109,5.45,sturn,192,stanley,1.2,348.90234375,-123.273681640625,348.5036926269531,-123.20073699951172,-45.31892395019531,-0.2414716869495985,0.35,0.0,0.2601873636025979,-4.992149353027346,8,-1,5.164950720730763,162.5324462710207
110,5.5,sturn,192,stanley,1.2,349.0628356933594,-123.4798812866211,348.5036926269531,-123.20073699951172,-46.71567916870117,-0.19594068579707097,0.35,0.0,0.25200657031777063,-3.595394134521489,8,-1,5.305074756901555,162.3054188369077
111,5.550000000000001,sturn,192,stanley,1.2,349.2223815917969,-123.68873596191406,348.5036926269531,-123.20073699951172,-47.86532974243164,-0.1596967743663277,0.35,0.0,0.24140222127465294,-2.4457435607910183,8,-1,5.274432532100507,162.07600059132312
112,5.6000000000000005,sturn,192,stanley,1.2,349.3828125,-123.89981842041016,348.5036926269531,-123.20073699951172,-48.86892318725586,-0.1255602552612101,0.35,0.0,0.23005620267475385,-1.442150115966798,8,-1,5.352656039440525,161.8443536192626
113,5.65,sturn,192,stanley,1.2,349.54248046875,-124.11115264892578,349.8143005371094,-125.12474822998047,-49.63104248046875,-0.42294647918387707,0.35,0.0,0.25074940213904373,-11.532764434814453,9,-1,5.265940096616123,161.612667266841
114,5.7,sturn,192,stanley,1.2,349.6994934082031,-124.32591247558594,349.8143005371094,-125.12474822998047,-50.48097229003906,-0.40927704638294643,0.35,0.0,0.28471288467668066,-10.682834625244139,9,-1,5.367871190486649,161.3780611167656
115,5.75,sturn,192,stanley,1.2,349.8453063964844,-124.54605865478516,349.8143005371094,-125.12474822998047,-51.71217727661133,-0.3840125202923271,0.35,0.0,0.30626730925518086,-9.451629638671875,9,-1,5.2705860586068525,161.1397719811513
116,5.800000000000001,sturn,192,stanley,1.2,349.97918701171875,-124.77225494384766,349.8143005371094,-125.12474822998047,-53.387969970703125,-0.33836270866127177,0.35,0.0,0.3144509378196682,-7.775836944580076,9,-1,5.307225867330062,160.8972189309677
117,5.8500000000000005,sturn,192,stanley,1.2,350.1035461425781,-125.0020980834961,349.8143005371094,-125.12474822998047,-55.1113166809082,-0.29045573748591424,0.35,0.0,0.3125348232058701,-6.052490234375002,9,-1,5.214922920256216,160.65242710001846
118,5.9,sturn,192,stanley,1.2,350.22406005859375,-125.23670959472656,349.8143005371094,-125.12474822998047,-56.739227294921875,-0.23797196392148828,0.35,0.0,0.3049504723632648,-4.424579620361333,9,-1,5.361688113623361,160.40349091006036
119,5.95,sturn,192,stanley,1.2,350.3419494628906,-125.47398376464844,349.8143005371094,-125.12474822998047,-58.14651870727539,-0.19517939458349662,0.35,0.0,0.293782824241555,-3.01728820800781,9,-1,5.288207969411943,160.1523226665721
120,6.0,sturn,192,stanley,1.2,350.4591369628906,-125.7136001586914,349.8143005371094,-125.12474822998047,-59.35515213012695,-0.15392060189607457,0.35,0.0,0.2808706350252114,-1.8086547851562556,9,-1,5.389344069408116,159.89897388386598
121,6.050000000000001,sturn,192,stanley,1.2,350.5753173828125,-125.953857421875,349.8143005371094,-125.12474822998047,-60.30067825317383,-0.1232820534010606,0.35,0.0,0.266767145701542,-0.863128662109375,9,-1,5.307278655612686,159.64517019551195
122,6.1000000000000005,sturn,192,stanley,1.2,350.6925048828125,-126.1965103149414,350.7392578125,-127.26111602783203,-61.06960678100586,-0.4149960755519859,0.35,0.0,0.28421996445830733,-10.94694137573242,10,-1,5.454596697943082,159.38889956936754
123,6.15,sturn,192,stanley,1.2,350.8055419921875,-126.44116973876953,350.7392578125,-127.26111602783203,-61.889892578125,-0.4051216164448476,0.35,0.0,0.3161980153947498,-10.126655578613287,10,-1,5.355550017368729,159.13124229336816
124,6.2,sturn,192,stanley,1.2,350.9075012207031,-126.68939208984375,350.7392578125,-127.26111602783203,-63.157081604003906,-0.3754007280390288,0.35,0.0,0.33653936094528936,-8.859466552734371,10,-1,5.3967468164364005,158.8715781588109
125,6.25,sturn,192,stanley,1.2,350.9949645996094,-126.93964385986328,350.7392578125,-127.26111602783203,-64.78166198730469,-0.3340681360557534,0.35,0.0,0.34246647361487015,-7.2348861694335955,10,-1,5.271731615698501,158.61186942380374
126,6.300000000000001,sturn,192,stanley,1.2,351.07391357421875,-127.19447326660156,350.7392578125,-127.26111602783203,-66.52727508544922,-0.2798624409771821,0.35,0.0,0.33888183694297336,-5.489273071289057,10,-1,5.400926804928058,158.34877776721635
127,6.3500000000000005,sturn,192,stanley,1.2,351.1470642089844,-127.45069885253906,350.7392578125,-127.26111602783203,-68.11453247070312,-0.2326420768731542,0.35,0.0,0.3293510745321003,-3.9020156860351514,10,-1,5.330357516989025,158.08508697088513
128,6.4,sturn,192,stanley,1.2,351.21795654296875,-127.70977020263672,350.7392578125,-127.26111602783203,-69.52655029296875,-0.18555824111394142,0.35,0.0,0.3167937312181762,-2.4899978637695304,10,-1,5.430249484089397,157.81888527754424
129,6.45,sturn,192,stanley,1.2,351.2869567871094,-127.96998596191406,350.7392578125,-127.26111602783203,-70.66167449951172,-0.14933282100539927,0.35,0.0,0.30208340721509763,-1.3548736572265612,10,-1,5.356225695365321,157.55180862248534
130,6.5,sturn,192,stanley,1.2,351.3563232421875,-128.23353576660156,350.7392578125,-127.26111602783203,-71.60977172851562,-0.11392931055305607,0.35,0.0,0.2866920423403899,-0.406776428222656,10,-1,5.497682505310365,157.28138606866813
131,6.550000000000001,sturn,192,stanley,1.2,351.4250183105469,-128.49681091308594,351.245361328125,-129.53341674804688,-72.3327407836914,-0.4121684504379063,0.35,0.0,0.30694498944445886,-10.536537170410153,11,-1,5.4177461045442605,157.01133188141253
132,6.6000000000000005,sturn,192,stanley,1.2,351.4900207519531,-128.76190185546875,351.245361328125,-129.53341674804688,-73.14704895019531,-0.398620205606528,0.35,0.0,0.338537991500773,-9.722229003906246,11,-1,5.493316890832268,156.73997282378642
133,6.65,sturn,192,stanley,1.2,351.542724609375,-129.02708435058594,351.245361328125,-129.53341674804688,-74.33790588378906,-0.37469809198572446,0.35,0.0,0.3579161679585834,-8.531372070312493,11,-1,5.357990095015101,156.47015205837698
134,6.7,sturn,192,stanley,1.2,351.58123779296875,-129.29403686523438,351.245361328125,-129.53341674804688,-75.97792053222656,-0.3271321580009569,0.35,0.0,0.36299370926616403,-6.891357421874995,11,-1,5.463683054706827,156.20045159878288
135,6.75,sturn,192,stanley,1.2,351.6099548339844,-129.56178283691406,351.245361328125,-129.53341674804688,-77.69259643554688,-0.27853876241264997,0.35,0.0,0.35825238142767485,-5.176681518554686,11,-1,5.375846690361579,155.93125818811055
136,6.800000000000001,sturn,192,stanley,1.2,351.63330078125,-129.83132934570312,351.245361328125,-129.53341674804688,-79.31192779541016,-0.22624481128667615,0.35,0.0,0.3479579953962621,-3.5573501586914094,11,-1,5.474985732071933,155.66099004217156
137,6.8500000000000005,sturn,192,stanley,1.2,351.6530456542969,-130.10133361816406,351.245361328125,-129.53341674804688,-80.67950439453125,-0.1839011891156554,0.35,0.0,0.3340335637537408,-2.189773559570312,11,-1,5.398077494109671,155.39074537351507
138,6.9,sturn,192,stanley,1.2,351.67138671875,-130.37376403808594,351.245361328125,-129.53341674804688,-81.83873748779297,-0.14247885320822218,0.35,0.0,0.31841501495420493,-1.030540466308587,11,-1,5.524921030992199,155.11828339442621
139,6.95,sturn,192,stanley,1.2,351.6886291503906,-130.64707946777344,351.3506164550781,-131.7236328125,-82.73807525634766,-0.31158088136796425,0.35,0.0,0.35247663130492385,-6.4904785156249964,12,-1,5.4784452344009225,154.8450918241147
140,7.0,sturn,192,stanley,1.2,351.70147705078125,-130.92234802246094,351.3506164550781,-131.7236328125,-83.71490478515625,-0.28520224097377544,0.35,0.0,0.3616171871367611,-5.513648986816399,12,-1,5.55285443434493,154.5705495871975
141,7.050000000000001,sturn,192,stanley,1.2,351.70355224609375,-131.19686889648438,351.3506164550781,-131.7236328125,-84.96476745605469,-0.25092647957898406,0.35,0.0,0.35999608102521374,-4.263786315917968,12,-1,5.466283592304697,154.2981830084262
142,7.1000000000000005,sturn,192,stanley,1.2,351.6985168457031,-131.47195434570312,351.3506164550781,-131.7236328125,-86.32475280761719,-0.20689960833954027,0.35,0.0,0.35125742236222385,-2.903800964355462,12,-1,5.557001438269589,154.0262110394305
143,7.15,sturn,192,stanley,1.2,351.6888122558594,-131.7465362548828,351.3506164550781,-131.7236328125,-87.5330810546875,-0.16921309506544324,0.35,0.0,0.3378567770683575,-1.6954727172851598,12,-1,5.485507672922407,153.75537229064167
144,7.2,sturn,192,stanley,1.2,351.6769714355469,-132.02276611328125,351.3506164550781,-131.7236328125,-88.59681701660156,-0.13138259571323865,0.35,0.0,0.32229790716411966,-0.6317367553710942,12,-1,5.57753629787327,153.4832000016704
145,7.25,sturn,192,stanley,1.2,351.6637878417969,-132.2992401123047,351.3506164550781,-131.7236328125,-89.42137908935547,-0.1034051079286809,0.35,0.0,0.3053930984564522,0.19282531738281986,12,-1,5.500070705978633,153.21098123030333
146,7.300000000000001,sturn,192,stanley,1.2,351.65032958984375,-132.5784912109375,351.3506164550781,-131.7236328125,-90.08763885498047,-0.07551497444312456,0.35,0.0,0.2881762659334757,0.8590850830078135,12,-1,5.650554698890664,152.93606386832877
147,7.3500000000000005,sturn,192,stanley,1.2,351.6368713378906,-132.85845947265625,351.3775634765625,-133.72344970703125,-90.56852722167969,-0.05664269698092844,0.35,0.0,0.27093047309755663,1.3399734497070366,13,-1,5.600332051445659,152.66045279991522
148,7.4,sturn,192,stanley,1.2,351.6240539550781,-133.14027404785156,351.3775634765625,-133.72344970703125,-90.95970916748047,-0.03836947218536169,0.35,0.0,0.2543199373106922,1.7311553955078207,13,-1,5.682652997827376,152.38294285469502
149,7.45,sturn,192,stanley,1.2,351.6116638183594,-133.42210388183594,351.3775634765625,-133.72344970703125,-91.19396209716797,-0.02735631774614767,0.35,0.0,0.23813640344878526,1.9654083251953198,13,-1,5.596825909427295,152.1053768573824
150,7.5,sturn,192,stanley,1.2,351.60015869140625,-133.70603942871094,351.3775634765625,-133.72344970703125,-91.36437225341797,-0.015285124406269321,0.35,0.0,0.22280944808910383,2.1358184814453174,13,-1,5.731677532863203,151.8256212433602
151,7.550000000000001,sturn,192,stanley,1.2,351.5893249511719,-133.98997497558594,351.3775634765625,-133.72344970703125,-91.43114471435547,-0.009161082232129553,0.35,0.0,0.20815381859233478,2.202590942382821,13,-1,5.668272752019076,151.54579071934526
152,7.6000000000000005,sturn,192,stanley,1.2,351.57952880859375,-134.2753143310547,351.3775634765625,-133.72344970703125,-91.48595428466797,-0.001970781393118296,0.35,0.0,0.19451679200565763,2.2574005126953116,13,-1,5.745687075604029,151.26444409448527
153,7.65,sturn,192,stanley,1.2,351.5703430175781,-134.560302734375,351.3775634765625,-133.72344970703125,-91.45394897460938,0.0005869954037055294,0.35,0.0,0.1814947868320486,2.225395202636725,13,-1,5.6568473953651335,150.98337733608412
154,7.7,sturn,192,stanley,1.2,351.5621032714844,-134.84713745117188,351.40447998046875,-135.7232666015625,-91.41881561279297,0.00506947019784949,0.35,0.0,0.16940509259399317,2.190261840820321,14,-1,5.784215264971787,150.70036737048642
155,7.75,sturn,192,stanley,1.2,351.554443359375,-135.13381958007812,351.40447998046875,-135.7232666015625,-91.326416015625,0.005725908235040129,0.35,0.0,0.1578860239170294,2.0978622436523486,14,-1,5.718961452281841,150.4174438862192
156,7.800000000000001,sturn,192,stanley,1.2,351.5477294921875,-135.4218292236328,351.40447998046875,-135.7232666015625,-91.26181030273438,0.00819022341437402,0.35,0.0,0.14729504092605739,2.0332565307617165,14,-1,5.796479629962235,150.13308999685864
157,7.8500000000000005,sturn,192,stanley,1.2,351.5415954589844,-135.70944213867188,351.40447998046875,-135.7232666015625,-91.14376831054688,0.007492132211951788,0.35,0.0,0.13728918086325376,1.9152145385742163,14,-1,5.708861066652254,149.84906335587854
158,7.9,sturn,192,stanley,1.2,351.5361633300781,-135.99879455566406,351.40447998046875,-135.7232666015625,-91.04983520507812,0.008946389270627323,0.35,0.0,0.12796174104737928,1.821281433105472,14,-1,5.832260494405964,149.56323086366905
159,7.95,sturn,192,stanley,1.2,351.53125,-136.28797912597656,351.40447998046875,-135.7232666015625,-90.91814422607422,0.007690671707890125,0.35,0.0,0.11915531290051767,1.6895904541015612,14,-1,5.766502192999918,149.27750651308526
160,8.0,sturn,192,stanley,1.2,351.527099609375,-136.5784149169922,351.40447998046875,-135.7232666015625,-90.82979583740234,0.008414327198404755,0.35,0.0,0.11109490877969586,1.6012420654296862,14,-1,5.844311243175299,148.99045068027235
161,8.05,sturn,192,stanley,1.2,351.5233459472656,-136.8684539794922,351.431396484375,-137.72308349609375,-90.70088958740234,0.006778410333589461,0.35,0.0,0.10344774900481109,1.472335815429687,15,-1,5.75782591888825,148.70374578677962
162,8.1,sturn,192,stanley,1.2,351.52020263671875,-137.16015625,351.431396484375,-137.72308349609375,-90.60587310791016,0.007147248491785622,0.35,0.0,0.09637728196328327,1.3773193359375009,15,-1,5.878070358044183,148.41532190515454
163,8.15,sturn,192,stanley,1.2,351.5173645019531,-137.45164489746094,351.431396484375,-137.72308349609375,-90.47966766357422,0.005459194705928501,0.35,0.0,0.08961483923416526,1.251113891601571,15,-1,5.811806520560063,148.12707983905358
164,8.200000000000001,sturn,192,stanley,1.2,351.5152587890625,-137.74436950683594,351.431396484375,-137.72308349609375,-90.40135192871094,0.005637841867308852,0.35,0.0,0.08356811116148674,1.1727981567382804,15,-1,5.88961545286006,147.83752425976314
165,8.25,sturn,192,stanley,1.2,351.51336669921875,-138.03668212890625,351.431396484375,-137.72308349609375,-90.28650665283203,0.00392006042960931,0.35,0.0,0.0777405337159202,1.057952880859381,15,-1,5.804594953879625,147.54835917610527
166,8.3,sturn,192,stanley,1.2,351.51202392578125,-138.33059692382812,351.431396484375,-137.72308349609375,-90.20845794677734,0.003965755739305556,0.35,0.0,0.07244065143868268,0.9799041748046895,15,-1,5.921148966575719,147.25754307996039
167,8.35,sturn,192,stanley,1.2,351.5108642578125,-138.62425231933594,351.431396484375,-137.72308349609375,-90.10073852539062,0.0023279621653907096,0.35,0.0,0.06732735055310357,0.8721847534179673,15,-1,5.854000485964138,146.9669703578881
168,8.4,sturn,192,stanley,1.2,351.51031494140625,-138.91912841796875,351.4583435058594,-139.722900390625,-90.04122924804688,0.0024272907596034183,0.35,0.0,0.06278860599603346,0.8126754760742211,16,-1,5.931941725599978,146.67511531748113
169,8.450000000000001,sturn,192,stanley,1.2,351.50982666015625,-139.21356201171875,351.4583435058594,-139.722900390625,-89.94596862792969,0.0009030848654524578,0.35,0.0,0.058336153413501644,0.7174148559570305,16,-1,5.848157832487946,146.38370182004255
170,8.5,sturn,192,stanley,1.2,351.5097961425781,-139.50953674316406,351.4583435058594,-139.722900390625,-89.8880844116211,0.0009426053396061958,0.35,0.0,0.05432067333284834,0.6595306396484344,16,-1,5.960782679801324,146.09070999340932
171,8.55,sturn,192,stanley,1.2,351.50994873046875,-139.80519104003906,351.4583435058594,-139.722900390625,-89.79983520507812,-0.0005101086414542079,0.35,0.0,0.050492596413254646,0.5712814331054734,16,-1,5.892522883536196,145.7980214169768
172,8.6,sturn,192,stanley,1.2,351.510498046875,-140.10203552246094,351.4583435058594,-139.722900390625,-89.7585678100586,-0.00033371029653367,0.35,0.0,0.04704518754569515,0.5300140380859434,16,-1,5.971070499024756,145.5041103217887
173,8.65,sturn,192,stanley,1.2,351.5111389160156,-140.39842224121094,351.4583435058594,-139.722900390625,-89.68120574951172,-0.001643865986097035,0.35,0.0,0.04369548638449626,0.45265197753906317,16,-1,5.888427677095618,145.2106512075559
174,8.700000000000001,sturn,192,stanley,1.2,351.51214599609375,-140.6962890625,351.4583435058594,-139.722900390625,-89.64065551757812,-0.0015520117170673426,0.35,0.0,0.04069203505872536,0.4121017456054748,16,-1,5.998249451807566,144.915686785253
175,8.75,sturn,192,stanley,1.2,351.5132751464844,-140.99386596679688,351.4852600097656,-141.7227325439453,-89.56869506835938,-0.0028120909974413727,0.35,0.0,0.037825962117234636,0.3401412963867201,17,-1,5.929962186268636,144.62100373718928
176,8.8,sturn,192,stanley,1.2,351.5147705078125,-141.29258728027344,351.4852600097656,-141.7227325439453,-89.54248046875,-0.002570448081702105,0.15,0.0,0.035299243011056164,0.3139266967773409,17,-1,6.00891993742183,144.32514748623473
177,8.85,sturn,192,stanley,1.2,351.5162048339844,-141.59066772460938,351.4852600097656,-141.7227325439453,-89.47978973388672,-0.003683809165984535,0.35,0.0,0.03272012285968901,0.2512359619140653,17,-1,5.917461040450789,144.02994606876982
178,8.9,sturn,192,stanley,1.2,351.51806640625,-141.88902282714844,351.4852600097656,-141.7227325439453,-89.45565795898438,-0.0035247739975156614,0.35,0.0,0.030564512113324418,0.22710418701172755,17,-1,5.996025880295317,143.73442326056602
179,8.950000000000001,sturn,192,stanley,1.2,351.51983642578125,-142.1857452392578,351.4852600097656,-141.7227325439453,-89.3985824584961,-0.004572992813612583,0.35,0.0,0.02833933926258987,0.1700286865234388,17,-1,5.902895079724475,143.4405410309679
180,9.0,sturn,192,stanley,1.2,351.52203369140625,-142.48281860351562,351.4852600097656,-141.7227325439453,-89.38512420654297,-0.004256539626649183,0.35,0.0,0.0265366486051064,0.1565704345703205,17,-1,5.971239785345644,143.14626154128393
181,9.05,sturn,192,stanley,1.2,351.5240478515625,-142.77882385253906,351.5121765136719,-143.72280883789062,-89.33396911621094,-0.005200798000475818,0.35,0.0,0.02457995284986734,0.10541534423828366,18,-1,5.87934748801386,142.85307702204008
182,9.1,sturn,192,stanley,1.2,351.52642822265625,-143.0758819580078,351.5121765136719,-143.72280883789062,-89.31847381591797,-0.004973839636795479,0.35,0.0,0.022960556506437545,0.08992004394531306,18,-1,5.979598145489413,142.55880934869492
183,9.15,sturn,192,stanley,1.2,351.5286560058594,-143.3723602294922,351.5121765136719,-143.72280883789062,-89.26898193359375,-0.005895219762537763,0.35,0.0,0.021196392912566208,0.04042816162109252,18,-1,5.905910907782715,142.26514916740473
184,9.200000000000001,sturn,192,stanley,1.2,351.5312805175781,-143.6698760986328,351.5121765136719,-143.72280883789062,-89.26309204101562,-0.0055175755930882186,0.35,0.0,0.019814951794232035,0.03453826904297091,18,-1,5.984397654338705,141.97041642704073
185,9.25,sturn,192,stanley,1.2,351.5338134765625,-143.9668731689453,351.5121765136719,-143.72280883789062,-89.21941375732422,-0.006369276290209332,0.35,0.0,0.018348951279956255,-0.009140014648434742,18,-1,5.901148997484775,141.67622197451902
186,9.3,sturn,192,stanley,1.2,351.5365905761719,-144.26527404785156,351.5121765136719,-143.72280883789062,-89.21056365966797,-0.006107153795401605,0.15,0.0,0.0171081685650577,-0.017990112304688676,18,-1,6.00870873574762,141.38061486901543
187,9.35,sturn,192,stanley,1.2,351.5392761230469,-144.56314086914062,351.5121765136719,-143.72280883789062,-89.1688232421875,-0.0069368830161025425,0.35,0.0,0.015783031896567833,-0.059730529785156035,18,-1,5.927867467930098,141.0855612883709
188,9.4,sturn,192,stanley,1.2,351.5423889160156,-144.86099243164062,351.53912353515625,-145.72262573242188,-89.17161560058594,-0.006509073456421319,0.35,0.0,0.01486600351525759,-0.056938171386721394,19,-1,5.981458757266158,140.7904719983048
189,9.450000000000001,sturn,192,stanley,1.2,351.54522705078125,-145.15713500976562,351.53912353515625,-145.72262573242188,-89.13607788085938,-0.007226152246391721,0.35,0.0,0.013716655892104059,-0.09247589111327906,19,-1,5.878139063967954,140.49712522943125
190,9.5,sturn,192,stanley,1.2,351.54833984375,-145.45384216308594,351.53912353515625,-145.72262573242188,-89.13533782958984,-0.006886874955897343,0.35,0.0,0.012834340209544633,-0.09321594238281532,19,-1,5.9693839204409125,140.20319139353117
191,9.55,sturn,192,stanley,1.2,351.55133056640625,-145.74961853027344,351.53912353515625,-145.72262573242188,-89.09899139404297,-0.007652256657278579,0.35,0.0,0.01184249726255104,-0.1295623779296802,19,-1,5.88883015843977,139.91020794339212
192,9.600000000000001,sturn,192,stanley,1.2,351.5545654296875,-146.04620361328125,351.53912353515625,-145.72262573242188,-89.10491943359375,-0.0071828178221395,0.35,0.0,0.011083884366596245,-0.12363433837890522,19,-1,5.964659750472712,139.61640040422552
193,9.65,sturn,192,stanley,1.2,351.55767822265625,-146.34210205078125,351.53912353515625,-145.72262573242188,-89.07211303710938,-0.007882411456840373,0.35,0.0,0.010212457128602534,-0.15644073486327617,19,-1,5.878552089988023,139.32330186410528
194,9.700000000000001,sturn,192,stanley,1.2,351.5610046386719,-146.6393280029297,351.53912353515625,-145.72262573242188,-89.0733642578125,-0.007564395409572661,0.35,0.0,0.009536760089786975,-0.15518951416014926,19,-1,5.984598762075741,139.02887073687714
195,9.75,sturn,192,stanley,1.2,351.564208984375,-146.93614196777344,351.5660400390625,-147.72244262695312,-89.04022216796875,-0.0082889185021617,0.35,0.0,0.008755761036099154,-0.18833160400390284,20,-1,5.914697742783661,138.73487717167134
196,9.8,sturn,192,stanley,1.2,351.56768798828125,-147.23411560058594,351.5660400390625,-147.72244262695312,-89.05010223388672,-0.007793488469032687,0.35,0.0,0.008222571381871883,-0.17845153808593184,20,-1,5.993834892726082,138.43970806341062
197,9.850000000000001,sturn,192,stanley,1.2,351.5710144042969,-147.53160095214844,351.5660400390625,-147.72244262695312,-89.02123260498047,-0.00843006811197379,0.35,0.0,0.007543381823101281,-0.207321166992191,20,-1,5.911742055996003,138.1450566790011
198,9.9,sturn,192,stanley,1.2,351.5745544433594,-147.83056640625,351.5660400390625,-147.72244262695312,-89.02608489990234,-0.008087870000558911,0.15,0.0,0.00705786804000586,-0.20246887207030947,20,-1,6.020140706380134,137.84892214437838
199,9.950000000000001,sturn,192,stanley,1.2,351.5779724121094,-148.12899780273438,351.5660400390625,-147.72244262695312,-88.99736022949219,-0.008741178689281094,0.35,0.0,0.006457485491368561,-0.2311935424804655,20,-1,5.939763723302716,137.55334627221907
200,10.0,sturn,192,stanley,1.2,351.5816650390625,-148.4274139404297,351.5660400390625,-147.72244262695312,-89.01232147216797,-0.008187999210990301,0.35,0.0,0.006131941692636639,-0.21623229980468012,20,-1,5.993105780686645,137.25775666152435
201,10.05,sturn,192,stanley,1.2,351.58514404296875,-148.72412109375,351.59295654296875,-149.72225952148438,-88.9879379272461,-0.008751462456965944,0.35,0.0,0.005627014042955973,-0.24061584472655803,21,-1,5.8899719503527885,136.9639010762937
202,10.100000000000001,sturn,192,stanley,1.2,351.58880615234375,-149.02139282226562,351.59295654296875,-149.72225952148438,-88.99755859375,-0.008336217202567093,0.35,0.0,0.005286363608545729,-0.23099517822265023,21,-1,5.9807298945332175,136.669472166189
203,10.15,sturn,192,stanley,1.2,351.59228515625,-149.31771850585938,351.59295654296875,-149.72225952148438,-88.97087860107422,-0.008952102305784292,0.35,0.0,0.0047753617281504875,-0.2576751708984309,21,-1,5.900071271067865,136.37601854047813
204,10.200000000000001,sturn,192,stanley,1.2,351.5960388183594,-149.61485290527344,351.59295654296875,-149.72225952148438,-88.98558807373047,-0.008430409168408428,0.35,0.0,0.004528104710744605,-0.2429656982421857,21,-1,5.975771436759868,136.08173646831253
205,10.25,sturn,192,stanley,1.2,351.5996398925781,-149.91131591796875,351.59295654296875,-149.72225952148438,-88.96102905273438,-0.009023486252832958,0.35,0.0,0.004137313096998952,-0.2675247192382843,21,-1,5.889783273499068,135.7881536892028
206,10.3,sturn,192,stanley,1.2,351.6033935546875,-150.2090606689453,351.59295654296875,-149.72225952148438,-88.97002410888672,-0.008658536358952574,0.35,0.0,0.003881838385581206,-0.25852966308594,21,-1,5.99507710096368,135.49329351198568
207,10.350000000000001,sturn,192,stanley,1.2,351.60693359375,-150.50640869140625,351.59295654296875,-149.72225952148438,-88.94425201416016,-0.00925617846935585,0.35,0.0,0.0034181014916172224,-0.28430175781249944,21,-1,5.924980201789086,135.19887072526245
208,10.4,sturn,192,stanley,1.2,351.61083984375,-150.8048858642578,351.6199035644531,-151.72207641601562,-88.96067810058594,-0.00872871990936533,0.15,0.0,0.003286035084659489,-0.26787567138671303,22,-1,6.00409106645437,134.90328904322084
209,10.450000000000001,sturn,192,stanley,1.2,351.6144714355469,-151.1027069091797,351.6199035644531,-151.72207641601562,-88.9381332397461,-0.00926375565485793,0.35,0.0,0.0029074739136880044,-0.29042053222655395,22,-1,5.912385212116859,134.60841067174857
210,10.5,sturn,192,stanley,1.2,351.6183776855469,-151.4007568359375,351.6199035644531,-151.72207641601562,-88.95111083984375,-0.008845221889245004,0.35,0.0,0.0028004644150171473,-0.2774429321289087,22,-1,5.990875056321563,134.31327710985266
211,10.55,sturn,192,stanley,1.2,351.6220703125,-151.6972198486328,351.6199035644531,-151.72207641601562,-88.92867279052734,-0.009401125804488899,0.35,0.0,0.0025012172371231866,-0.2998809814453125,22,-1,5.89781629652466,134.01975746566836
212,10.600000000000001,sturn,192,stanley,1.2,351.6260070800781,-151.9940185546875,351.6199035644531,-151.72207641601562,-88.94725799560547,-0.008840937226531367,0.35,0.0,0.0024415688231272143,-0.2812957763671907,22,-1,5.966156121225045,133.72588164479686
213,10.65,sturn,192,stanley,1.2,351.629638671875,-152.28977966308594,351.6199035644531,-151.72207641601562,-88.92593383789062,-0.009345459721667303,0.35,0.0,0.0020907423694457687,-0.302619934082035,22,-1,5.874215619631986,133.4330911239558
214,10.700000000000001,sturn,192,stanley,1.2,351.633544921875,-152.58657836914062,351.6199035644531,-151.72207641601562,-88.93785858154297,-0.008963323880726124,0.35,0.0,0.0020005791434992305,-0.29069519042968867,22,-1,5.974927834340458,133.139246259384
215,10.75,sturn,192,stanley,1.2,351.63726806640625,-152.88282775878906,351.6468200683594,-153.72189331054688,-88.91412353515625,-0.009564890633840067,0.35,0.0,0.0017459332599319768,-0.3144302368164085,23,-1,5.901475095015528,132.8459856841009
216,10.8,sturn,192,stanley,1.2,351.64117431640625,-153.18011474609375,351.6468200683594,-153.72189331054688,-88.93234252929688,-0.009004956085988856,0.35,0.0,0.0016491958787759504,-0.29621124267577426,23,-1,5.9798035249524055,132.551685063953
217,10.850000000000001,sturn,192,stanley,1.2,351.6449279785156,-153.4768524169922,351.6468200683594,-153.72189331054688,-88.91128540039062,-0.009533650429967207,0.35,0.0,0.0014072803624777792,-0.3172683715820323,23,-1,5.89646826277369,132.2579642757039
218,10.9,sturn,192,stanley,1.2,351.6488952636719,-153.77503967285156,351.6468200683594,-153.72189331054688,-88.92333221435547,-0.009165374507394037,0.15,0.0,0.0013594515065553825,-0.3052215576171901,23,-1,6.004477381563116,131.9627919264121
219,10.950000000000001,sturn,192,stanley,1.2,351.6526794433594,-154.07266235351562,351.6468200683594,-153.72189331054688,-88.90129852294922,-0.009726913961937568,0.35,0.0,0.0011361351458905738,-0.32725524902344033,23,-1,5.923746074207826,131.668219519002
220,11.0,sturn,192,stanley,1.2,351.6567077636719,-154.3702850341797,351.6468200683594,-153.72189331054688,-88.92256927490234,-0.009122648656798233,0.35,0.0,0.0011569372808302794,-0.3059844970703082,23,-1,5.977150269942006,131.3736227851076
221,11.05,sturn,192,stanley,1.2,351.6604919433594,-154.6661834716797,351.6468200683594,-153.72189331054688,-88.90411376953125,-0.00958972343094368,0.35,0.0,0.0009568359057489841,-0.3244400024413984,23,-1,5.873689672932643,131.08078104468413
222,11.100000000000001,sturn,192,stanley,1.2,351.66448974609375,-154.96267700195312,351.6737365722656,-155.72171020507812,-88.9189682006836,-0.009165899253430861,0.35,0.0,0.0009735362521320623,-0.3095855712890628,24,-1,5.96524395440981,130.7873319161145
223,11.15,sturn,192,stanley,1.2,351.66827392578125,-155.2582244873047,351.6737365722656,-155.72171020507812,-88.89730834960938,-0.009723914986486457,0.35,0.0,0.0007781600511075886,-0.33124542236327703,24,-1,5.88480915072017,130.49486454809477
224,11.200000000000001,sturn,192,stanley,1.2,351.67230224609375,-155.5546112060547,351.6737365722656,-155.72171020507812,-88.9168930053711,-0.009173395386661279,0.35,0.0,0.0008156030164213175,-0.3116607666015557,24,-1,5.960491439975748,130.2015439678611
225,11.25,sturn,192,stanley,1.2,351.67608642578125,-155.8502960205078,351.6737365722656,-155.72171020507812,-88.89688110351562,-0.009683154491401483,0.35,0.0,0.0006183778342441742,-0.3316726684570252,24,-1,5.874283301071769,129.9089690955743
226,11.3,sturn,192,stanley,1.2,351.6800842285156,-156.14730834960938,351.6737365722656,-155.72171020507812,-88.90989685058594,-0.009307105012881364,0.35,0.0,0.0006168828512451785,-0.31865692138671387,24,-1,5.98071224639962,129.61506385547204
227,11.350000000000001,sturn,192,stanley,1.2,351.6838684082031,-156.4439239501953,351.6737365722656,-155.72171020507812,-88.88796997070312,-0.00986626939556706,0.35,0.0,0.00040712568569994424,-0.34058380126952703,24,-1,5.910916709014818,129.3215985356865
228,11.4,sturn,192,stanley,1.2,351.68792724609375,-156.74168395996094,351.70068359375,-157.72152709960938,-88.90826416015625,-0.00929454285322023,0.35,0.0,0.00043728912895897067,-0.3202896118163998,25,-1,5.9899305383970844,129.0269742118512
229,11.450000000000001,sturn,192,stanley,1.2,351.6917419433594,-157.0389862060547,351.70068359375,-157.72152709960938,-88.88915252685547,-0.009779909485543678,0.35,0.0,0.00024880186960095536,-0.33940124511718384,25,-1,5.90773379930313,128.73285526219644
230,11.5,sturn,192,stanley,1.2,351.6957702636719,-157.33775329589844,351.70068359375,-157.72152709960938,-88.9029541015625,-0.009385845542622819,0.15,0.0,0.000254195828268417,-0.3255996704101598,25,-1,6.016412222004063,128.43727092447037
231,11.55,sturn,192,stanley,1.2,351.69964599609375,-157.635986328125,351.70068359375,-157.72152709960938,-88.88263702392578,-0.009921129987103145,0.35,0.0,0.00011420620944343801,-0.3459167480468689,25,-1,5.936068671395113,128.14225306812594
232,11.600000000000001,sturn,192,stanley,1.2,351.70379638671875,-157.9342041015625,351.70068359375,-157.72152709960938,-88.90538787841797,-0.009314998454377407,0.35,0.0,0.0002490553405238333,-0.32316589355468966,25,-1,5.989321548206328,127.84722126782776
233,11.65,sturn,192,stanley,1.2,351.70770263671875,-158.23074340820312,351.70068359375,-157.72152709960938,-88.8883056640625,-0.009775568928272693,0.35,0.0,0.0001623846345323388,-0.34024810791015714,25,-1,5.886080820883265,127.55390030660256
234,11.700000000000001,sturn,192,stanley,1.2,351.7117614746094,-158.52780151367188,351.70068359375,-157.72152709960938,-88.90460205078125,-0.009328496982370153,0.35,0.0,0.00022130294838358308,-0.3239517211914023,25,-1,5.977071198256422,127.26005778307396
235,11.75,sturn,192,stanley,1.2,351.715576171875,-158.82394409179688,351.72760009765625,-159.72134399414062,-88.88427734375,-0.009856338452076849,0.35,0.0,5.9639597120096643e-05,-0.34427642822265986,26,-1,5.8964809746448354,126.96717328000645
236,11.8,sturn,192,stanley,1.2,351.7196350097656,-159.12091064453125,351.72760009765625,-159.72134399414062,-88.9049072265625,-0.00928644725089015,0.35,0.0,0.00011979056507312007,-0.32364654541015,26,-1,5.972114111248885,126.67345143162811
237,11.850000000000001,sturn,192,stanley,1.2,351.7234802246094,-159.4171600341797,351.72760009765625,-159.72134399414062,-88.88585662841797,-0.009783335012699677,0.35,0.0,-2.4006360163869242e-05,-0.34269714355468606,26,-1,5.886052585753577,126.38048718134499
238,11.9,sturn,192,stanley,1.2,351.7275390625,-159.71473693847656,351.72760009765625,-159.72134399414062,-88.89990234375,-0.009399196955355816,0.35,0.0,2.7926913777290227e-05,-0.3286514282226577,26,-1,5.991642975417582,126.08619381568604
239,11.950000000000001,sturn,192,stanley,1.2,351.73138427734375,-160.0118865966797,351.72760009765625,-159.72134399414062,-88.87885284423828,-0.009948995668319485,0.35,0.0,-0.00012799111012719603,-0.34970092773436723,26,-1,5.921635711417424,125.79237234763582
240,12.0,sturn,192,stanley,1.2,351.73553466796875,-160.3101806640625,351.72760009765625,-159.72134399414062,-88.89978790283203,-0.009395219363789077,0.15,0.0,5.830809201716122e-06,-0.32876586914061773,26,-1,6.000678925930868,125.49738781042207
241,12.05,sturn,192,stanley,1.2,351.73944091796875,-160.6078338623047,351.72760009765625,-159.72134399414062,-88.88146209716797,-0.009885043759280244,0.35,0.0,-9.583718836142854e-05,-0.34709167480468905,26,-1,5.908908845804357,125.20309124885698
242,12.100000000000001,sturn,192,stanley,1.2,351.7435607910156,-160.90573120117188,351.7545166015625,-161.72117614746094,-88.89836883544922,-0.009441621477408832,0.35,0.0,2.4335744808881565e-05,-0.3301773071289066,27,-1,5.9876006906431956,124.90853488099069
243,12.15,sturn,192,stanley,1.2,351.7474670410156,-161.20204162597656,351.7545166015625,-161.72117614746094,-88.8785400390625,-0.009980409474812556,0.35,0.0,-5.9292785474589736e-05,-0.35000610351565775,27,-1,5.893086510332367,124.61559498726785
244,12.200000000000001,sturn,192,stanley,1.2,351.7515563964844,-161.49867248535156,351.7545166015625,-161.72117614746094,-88.90213012695312,-0.009337999079445049,0.35,0.0,3.585322359624197e-05,-0.32641601562502826,27,-1,5.955002383054084,124.32232499949447
245,12.25,sturn,192,stanley,1.2,351.75537109375,-161.794189453125,351.7545166015625,-161.72117614746094,-88.88339233398438,-0.009818289855801951,0.35,0.0,-0.0001286366345137443,-0.3451538085937635,27,-1,5.843044160038886,124.03021506262309
246,12.3,sturn,192,stanley,1.2,351.75946044921875,-162.09066772460938,351.7545166015625,-161.72117614746094,-88.90013122558594,-0.009372862884651612,0.35,0.0,-3.1436181623482017e-05,-0.32841491699220177,27,-1,5.92623428367763,123.7371279509309
247,12.350000000000001,sturn,192,stanley,1.2,351.7630920410156,-162.38595581054688,351.7545166015625,-161.72117614746094,-88.87774658203125,-0.009896119419606999,0.35,0.0,-0.0003759332453794305,-0.35079956054691885,27,-1,5.827518936247235,123.44530672609744
248,12.4,sturn,192,stanley,1.2,351.7671813964844,-162.68161010742188,351.7545166015625,-161.72117614746094,-88.9033203125,-0.009202726481621773,0.35,0.0,-0.00026763879586424143,-0.32522583007816197,27,-1,5.878312410451131,123.1530650366693
249,12.450000000000001,sturn,192,stanley,1.2,351.7707824707031,-162.9757080078125,351.7538757324219,-163.84674072265625,-88.88297271728516,-0.11617577937167592,0.35,0.0,-0.03412104066107673,-4.473602294921877,28,-1,5.757639717589955,122.86245574059247
250,12.5,sturn,192,stanley,1.2,351.7712097167969,-163.26995849609375,351.7538757324219,-163.84674072265625,-89.07194519042969,-0.11687530912976592,0.35,0.0,-0.016466225672835698,-4.284629821777339,28,-1,5.835901849604585,122.57224178396037
251,12.55,sturn,192,stanley,1.2,351.76727294921875,-163.56185913085938,351.7538757324219,-163.84674072265625,-89.44084930419922,-0.11076095664651943,0.35,0.0,-0.003305521257831635,-3.91572570800781,28,-1,5.8137100951459955,122.28509320451829
252,12.600000000000001,sturn,192,stanley,1.2,351.7596435546875,-163.8522186279297,351.7538757324219,-163.84674072265625,-89.94561004638672,-0.09951623412496742,0.35,0.0,0.00607865766678383,-3.410964965820312,28,-1,5.796376986899957,122.0001054114224
253,12.65,sturn,192,stanley,1.2,351.7486267089844,-164.14120483398438,351.7538757324219,-163.84674072265625,-90.51461791992188,-0.08526770890761037,0.35,0.0,0.012000790736617046,-2.84195709228516,28,-1,5.79380757447387,121.71706650020617
254,12.700000000000001,sturn,192,stanley,1.2,351.73541259765625,-164.42860412597656,351.7538757324219,-163.84674072265625,-91.057861328125,-0.07101813772053085,0.35,0.0,0.015636514140641555,-2.298713684082031,28,-1,5.7515363322016215,121.43599116196651
255,12.75,sturn,192,stanley,1.2,351.7207336425781,-164.71466064453125,351.7538757324219,-163.84674072265625,-91.53966522216797,-0.05797520960886046,0.35,0.0,0.01773128765712688,-1.8169097900390636,28,-1,5.744479009962945,121.15651803215164
256,12.8,sturn,192,stanley,1.2,351.7049865722656,-164.998779296875,351.7538757324219,-163.84674072265625,-91.9444808959961,-0.046762091214258374,0.35,0.0,0.018646316658034318,-1.4120941162109404,28,-1,5.708544861919556,120.87916841731239
257,12.850000000000001,sturn,192,stanley,1.2,351.68853759765625,-165.28099060058594,351.36956787109375,-166.17776489257812,-92.27555847167969,-0.3981300604914118,0.35,0.0,0.0699310068130661,-13.09078216552735,29,-1,5.69794440067116,120.6038513213102
258,12.9,sturn,192,stanley,1.2,351.6681823730469,-165.56048583984375,351.36956787109375,-166.17776489257812,-92.73379516601562,-0.4041599303163599,0.35,0.0,0.12436681514918121,-12.632545471191406,29,-1,5.6500662559573245,120.33191123837847
259,12.950000000000001,sturn,192,stanley,1.2,351.6365661621094,-165.83538818359375,351.36956787109375,-166.17776489257812,-93.66564178466797,-0.3928420288257793,0.35,0.0,0.16672713342590845,-11.700698852539066,29,-1,5.59282646032402,120.06646291104583
260,13.0,sturn,192,stanley,1.2,351.5906982421875,-166.1031951904297,351.36956787109375,-166.17776489257812,-95.13177490234375,-0.36141500873581867,0.35,0.0,0.19346503241190716,-10.234565734863288,29,-1,5.50477037338629,119.81050644619832
261,13.05,sturn,192,stanley,1.2,351.53125,-166.36618041992188,351.36956787109375,-166.17776489257812,-96.93518829345703,-0.31418739722732714,0.35,0.0,0.20583036744876915,-8.431152343749996,29,-1,5.512730595787111,119.56171612379313
262,13.100000000000001,sturn,192,stanley,1.2,351.4659729003906,-166.63143920898438,351.36956787109375,-166.17776489257812,-98.73792266845703,-0.2654451085676534,0.35,0.0,0.21317768933326486,-6.628417968750006,29,-1,5.501722179016587,119.3117903501914
263,13.15,sturn,192,stanley,1.2,351.3938293457031,-166.8978729248047,351.36956787109375,-166.17776489257812,-100.40164947509766,-0.21750085054692092,0.35,0.0,0.21421536685845563,-4.964691162109382,29,-1,5.558449491292319,119.06200983466545
264,13.200000000000001,sturn,192,stanley,1.2,351.3173828125,-167.1642303466797,351.36956787109375,-166.17776489257812,-101.81980895996094,-0.1761124674635321,0.35,0.0,0.2110836748908139,-3.5465316772460995,29,-1,5.540964865192628,118.81317695879352
265,13.25,sturn,192,stanley,1.2,351.23785400390625,-167.43051147460938,350.5086669921875,-168.3778076171875,-103.0235595703125,-0.4847182740379354,0.35,0.0,0.21192908743901567,-14.35252380371094,30,-1,5.573368412357285,118.56508962886744
266,13.3,sturn,192,stanley,1.2,351.1522521972656,-167.69406127929688,350.5086669921875,-168.3778076171875,-104.23237609863281,-0.4666664741767208,0.35,0.0,0.2571019316672323,-13.143707275390629,30,-1,5.53632278076556,118.32090299532729
267,13.350000000000001,sturn,192,stanley,1.2,351.0546875,-167.95054626464844,350.5086669921875,-168.3778076171875,-105.8464126586914,-0.4325409543395247,0.35,0.0,0.2884030305557076,-11.52967071533204,30,-1,5.486687441543632,118.08595439600205
268,13.4,sturn,192,stanley,1.2,350.94451904296875,-168.19786071777344,350.5086669921875,-168.3778076171875,-107.83426666259766,-0.3825927032448479,0.35,0.0,0.30429501939387904,-9.541816711425781,30,-1,5.427564344421356,117.86246943536875
269,13.450000000000001,sturn,192,stanley,1.2,350.82421875,-168.43939208984375,350.5086669921875,-168.3778076171875,-109.90865325927734,-0.3245925431290151,0.35,0.0,0.3085306336394691,-7.467430114746102,30,-1,5.440191118950149,117.64671073134448
270,13.5,sturn,192,stanley,1.2,350.69744873046875,-168.67803955078125,350.5086669921875,-168.3778076171875,-111.82032775878906,-0.26907517362019007,0.35,0.0,0.3056949763786879,-5.555755615234379,30,-1,5.434199000424928,117.43519547379658
271,13.55,sturn,192,stanley,1.2,350.5658874511719,-168.91558837890625,350.5086669921875,-168.3778076171875,-113.50528717041016,-0.21747348848195291,0.35,0.0,0.2980994615695654,-3.87079620361329,30,-1,5.4712389844528495,117.22588557679025
272,13.600000000000001,sturn,192,stanley,1.2,350.4314880371094,-169.15261840820312,350.5086669921875,-168.3778076171875,-114.92330932617188,-0.1733573843962755,0.35,0.0,0.2877451032450635,-2.4527740478515745,30,-1,5.465862409259386,117.01786921460592
273,13.65,sturn,192,stanley,1.2,350.2948303222656,-169.38975524902344,350.5086669921875,-168.3778076171875,-116.09812927246094,-0.13476491011320882,0.35,0.0,0.2754344721534444,-1.2779541015625135,30,-1,5.500359747645474,116.81043667169236
274,13.700000000000001,sturn,192,stanley,1.2,350.15716552734375,-169.62696838378906,350.5086669921875,-168.3778076171875,-117.042236328125,-0.10323951715108678,0.35,0.0,0.2622646286738311,-0.3338470458984321,30,-1,5.492328932380602,116.60339303768772
275,13.75,sturn,192,stanley,1.2,350.0188903808594,-169.8641357421875,348.9610900878906,-170.4683837890625,-117.76920318603516,-0.660294830712821,0.35,0.0,0.2683800967550738,-19.76749420166015,31,-1,5.51375412799608,116.39678864226862
276,13.8,sturn,192,stanley,1.2,349.8765869140625,-170.09915161132812,348.9610900878906,-170.4683837890625,-118.56768035888672,-0.6654426940212603,0.35,0.0,0.3456820182117089,-18.96901702880857,31,-1,5.4893864355192665,116.19335095710177
277,13.850000000000001,sturn,192,stanley,1.2,349.7252197265625,-170.326904296875,348.9610900878906,-170.4683837890625,-119.79308319091797,-0.6547645165407608,0.35,0.0,0.411506737630416,-17.743614196777337,31,-1,5.454361258351523,115.99908891524844
278,13.9,sturn,192,stanley,1.2,349.5636901855469,-170.5420684814453,348.9610900878906,-170.4683837890625,-121.52284240722656,-0.6253800516613687,0.35,0.0,0.4611840090641299,-16.013854980468746,31,-1,5.37880275105443,115.8194787183049
279,13.950000000000001,sturn,192,stanley,1.2,349.3902587890625,-170.74069213867188,348.9610900878906,-170.4683837890625,-123.83118438720703,-0.5732283248482972,0.35,0.0,0.4906240147395897,-13.705513000488258,31,-1,5.284213100487046,115.65877844733278
280,14.0,sturn,192,stanley,1.2,349.2066345214844,-170.92347717285156,348.9610900878906,-170.4683837890625,-126.47747802734375,-0.5037690781620615,0.35,0.0,0.50149832225875,-11.059219360351543,31,-1,5.222984584740581,115.5160072074737
281,14.05,sturn,192,stanley,1.2,349.0141296386719,-171.09573364257812,348.9610900878906,-170.4683837890625,-129.15179443359375,-0.4256187036393117,0.35,0.0,0.4986101417411524,-8.384902954101554,31,-1,5.241934875005118,115.38573949543932
282,14.100000000000001,sturn,192,stanley,1.2,348.81536865234375,-171.2626953125,348.9610900878906,-170.4683837890625,-131.58560180664062,-0.3517558998535996,0.35,0.0,0.48759232786259993,-5.951095581054686,31,-1,5.249160959874034,115.26235754254225
283,14.15,sturn,192,stanley,1.2,348.61138916015625,-171.4268341064453,348.9610900878906,-170.4683837890625,-133.72567749023438,-0.28288131615693357,0.35,0.0,0.4709689439885197,-3.811019897460932,31,-1,5.297262746491549,115.14326076643974
284,14.200000000000001,sturn,192,stanley,1.2,348.40435791015625,-171.5899200439453,348.9610900878906,-170.4683837890625,-135.51646423339844,-0.22443416080384196,0.35,0.0,0.4515085613237467,-2.020233154296857,31,-1,5.301841807548854,115.02629810557805
285,14.25,sturn,192,stanley,1.2,348.1949157714844,-171.7528076171875,348.9610900878906,-170.4683837890625,-136.9921875,-0.1732610431612868,0.35,0.0,0.430274209406201,-0.5445098876952891,31,-1,5.3430972342875505,114.91051855223708
286,14.3,sturn,192,stanley,1.2,347.9842529296875,-171.91583251953125,346.63348388671875,-171.8456268310547,-138.17092895507812,-0.8426591123859464,0.35,0.0,0.5009387230199415,-23.06683349609377,32,-1,5.3371007015185,114.79535878475565
287,14.350000000000001,sturn,192,stanley,1.2,347.7702941894531,-172.07492065429688,346.63348388671875,-171.8456268310547,-139.3584442138672,-0.8381871640920584,0.35,0.0,0.5827550907075297,-21.879318237304684,32,-1,5.342570152370767,114.68525066163129
288,14.4,sturn,192,stanley,1.2,347.5513610839844,-172.2227325439453,346.63348388671875,-171.8456268310547,-140.9021759033203,-0.8216020456347276,0.35,0.0,0.6522944532253006,-20.33558654785157,32,-1,5.287712804179031,114.58773952813776
289,14.450000000000001,sturn,192,stanley,1.2,347.3273620605469,-172.35452270507812,346.63348388671875,-171.8456268310547,-142.95225524902344,-0.7867497596346864,0.35,0.0,0.7050340480891297,-18.285507202148448,32,-1,5.194466022816067,114.50749445763647
290,14.5,sturn,192,stanley,1.2,347.0990295410156,-172.4661102294922,346.63348388671875,-171.8456268310547,-145.4729766845703,-0.7294398834500321,0.35,0.0,0.7372507119058478,-15.764785766601564,32,-1,5.140264474786288,114.44844456956004
291,14.55,sturn,192,stanley,1.2,346.8602600097656,-172.55331420898438,346.63348388671875,-171.8456268310547,-148.50172424316406,-0.6421051295461698,0.35,0.0,0.7430225586653582,-12.736038208007823,32,-1,5.19567834360202,114.41601843005778
292,14.600000000000001,sturn,192,stanley,1.2,346.6114807128906,-172.62185668945312,346.63348388671875,-171.8456268310547,-151.73143005371094,-0.5384072847470981,0.35,0.0,0.7279049932252126,-9.506332397460936,32,-1,5.3120126802903185,114.40457565318017
293,14.65,sturn,192,stanley,1.2,346.35418701171875,-172.68174743652344,346.63348388671875,-171.8456268310547,-154.7359161376953,-0.4394800758264031,0.35,0.0,0.7018568473825577,-6.5018463134765625,32,-1,5.390694113457274,114.4040655128447
294,14.700000000000001,sturn,192,stanley,1.2,346.09521484375,-172.7382354736328,346.63348388671875,-171.8456268310547,-157.43272399902344,-0.3540483871377202,0.35,0.0,0.672046941713611,-3.8050384521484575,32,-1,5.340857067994949,114.40786133478794
295,14.75,sturn,192,stanley,1.2,345.8359375,-172.79342651367188,346.63348388671875,-171.8456268310547,-159.6453857421875,-0.28109043617048957,0.35,0.0,0.6409108022543413,-1.5923767089843734,32,-1,5.307088763985946,114.41360352044956
296,14.8,sturn,192,stanley,1.2,345.5782470703125,-172.85043334960938,346.63348388671875,-171.8456268310547,-161.48692321777344,-0.21996978646166734,0.35,0.0,0.6120043876883239,0.24916076660155964,32,-1,5.260131097335367,114.41782432704262
297,14.850000000000001,sturn,192,stanley,1.2,345.3201904296875,-172.90724182128906,344.1087341308594,-172.1979522705078,-162.90078735351562,-0.7444132310587508,0.35,0.0,0.7161732800389553,-16.77310180664067,33,-1,5.258817845693606,114.4229325774958
298,14.9,sturn,192,stanley,1.2,345.0628967285156,-172.95822143554688,344.1087341308594,-172.1979522705078,-164.3212890625,-0.7252476894071385,0.35,0.0,0.7656876358629674,-15.352600097656273,33,-1,5.19444377192129,114.43413232999949
299,14.950000000000001,sturn,192,stanley,1.2,344.8069152832031,-172.99520874023438,344.1087341308594,-172.1979522705078,-166.00038146972656,-0.6936480850090425,0.35,0.0,0.8012173776969486,-13.673507690429735,33,-1,5.135450873958122,114.45920348839697
300,15.0,sturn,192,stanley,1.2,344.55316162109375,-173.0153045654297,344.1087341308594,-172.1979522705078,-168.1395721435547,-0.6396041037240421,0.35,0.0,0.8198685934650455,-11.534317016601621,33,-1,5.132255992279155,114.50070683603948
301,15.05,sturn,192,stanley,1.2,344.29840087890625,-173.0115966796875,344.1087341308594,-172.1979522705078,-170.76864624023438,-0.559946374220284,0.35,0.0,0.8147107518869503,-8.905242919921928,33,-1,5.177608326591861,114.56609279820051
302,15.100000000000001,sturn,192,stanley,1.2,344.04107666015625,-172.98960876464844,344.1087341308594,-172.1979522705078,-173.58934020996094,-0.4656047400654924,0.35,0.0,0.7912585866259011,-6.084548950195339,33,-1,5.2710241789356695,114.65035738655605
303,15.15,sturn,192,stanley,1.2,343.7825012207031,-172.9599151611328,344.1087341308594,-172.1979522705078,-176.2041473388672,-0.38309769637455343,0.35,0.0,0.7600937361586299,-3.469741821289147,33,-1,5.205419294659896,114.74291690172907
304,15.200000000000001,sturn,192,stanley,1.2,343.5216979980469,-172.92733764648438,344.1087341308594,-172.1979522705078,-178.47793579101562,-0.2987818983125907,0.35,0.0,0.7260323414485933,-1.1959533691406512,33,-1,5.342898424164253,114.83934064445393
305,15.25,sturn,192,stanley,1.2,343.26043701171875,-172.89328002929688,344.1087341308594,-172.1979522705078,179.68235778808594,-0.23447970795810255,0.35,0.0,0.6904882627307573,0.6437530517577679,33,-1,5.3212863298218505,114.93783219974407
306,15.3,sturn,192,stanley,1.2,343.0008239746094,-172.85922241210938,342.1084899902344,-172.20933532714844,178.1229705810547,-0.18108426517933035,0.35,0.0,0.6549556718719604,2.2031555175780726,34,-1,5.233207898661603,115.03642450064183
307,15.350000000000001,sturn,192,stanley,1.2,342.7474060058594,-172.82456970214844,342.1084899902344,-172.20933532714844,177.00326538085938,-0.1380277716280556,0.35,0.0,0.6188610825081119,3.3228607177734415,34,-1,5.183098613325614,115.13451796692499
308,15.4,sturn,192,stanley,1.2,342.49566650390625,-172.79150390625,342.1084899902344,-172.20933532714844,176.04959106445312,-0.09956623499814611,0.35,0.0,0.584362935238071,4.276535034179668,34,-1,5.144951220685292,115.23112965145775
309,15.450000000000001,sturn,192,stanley,1.2,342.24371337890625,-172.758544921875,342.1084899902344,-172.20933532714844,175.37770080566406,-0.06751294788744744,0.35,0.0,0.549970381830897,4.948425292968732,34,-1,5.143723424238262,115.32817173562427
310,15.5,sturn,192,stanley,1.2,341.9905700683594,-172.72702026367188,342.1084899902344,-172.20933532714844,174.8245086669922,-0.03937078389450627,0.35,0.0,0.5170053568917591,5.501617431640578,34,-1,5.1421164400228445,115.42461883315414
311,15.55,sturn,192,stanley,1.2,341.7364501953125,-172.69664001464844,342.1084899902344,-172.20933532714844,174.50123596191406,-0.017903160044424625,0.35,0.0,0.4851791640552106,5.824890136718755,34,-1,5.148780569614914,115.52070239405283
312,15.600000000000001,sturn,192,stanley,1.2,341.48175048828125,-172.66761779785156,342.1084899902344,-172.20933532714844,174.24537658691406,0.0009694152441751879,0.35,0.0,0.454707681063876,6.080749511718693,34,-1,5.151011619010614,115.61611749628199
313,15.65,sturn,192,stanley,1.2,341.22607421875,-172.63970947265625,342.1084899902344,-172.20933532714844,174.1876678466797,0.01366268675781918,0.35,0.0,0.4253445130913673,6.138458251953094,34,-1,5.149818805175358,115.71121004109429
314,15.700000000000001,sturn,192,stanley,1.2,340.9698486328125,-172.61370849609375,340.1085205078125,-172.22071838378906,174.15292358398438,0.02501398903802085,0.35,0.0,0.3978863771532145,6.173202514648441,35,-1,5.14913661041469,115.80510719924364
315,15.75,sturn,192,stanley,1.2,340.71356201171875,-172.58880615234375,340.1085205078125,-172.22071838378906,174.26559448242188,0.031690745485366996,0.35,0.0,0.371525667844813,6.060531616210936,35,-1,5.146187464002866,115.8984598541182
316,15.8,sturn,192,stanley,1.2,340.45721435546875,-172.56578063964844,340.1085205078125,-172.22071838378906,174.3616943359375,0.03817846585759952,0.35,0.0,0.34704141177920106,5.964431762695308,35,-1,5.144325077628164,115.99052053530403
317,15.850000000000001,sturn,192,stanley,1.2,340.2008972167969,-172.54380798339844,340.1085205078125,-172.22071838378906,174.57313537597656,0.04100355079446377,0.35,0.0,0.32361016880775517,5.7529907226562615,35,-1,5.143202008599022,116.08205840425094
318,15.9,sturn,192,stanley,1.2,339.9444580078125,-172.5236358642578,340.1085205078125,-172.22071838378906,174.74098205566406,0.04446380841350582,0.35,0.0,0.30197873896103183,5.585144042968753,35,-1,5.144888529942225,116.17239799387902
319,15.950000000000001,sturn,192,stanley,1.2,339.68780517578125,-172.50442504882812,340.1085205078125,-172.22071838378906,175.0030975341797,0.04486024716939757,0.35,0.0,0.28130738132255007,5.323028564453129,35,-1,5.146286905318457,116.26237331544388
320,16.0,sturn,192,stanley,1.2,339.4308776855469,-172.48684692382812,340.1085205078125,-172.22071838378906,175.20509338378906,0.046411642870683244,0.35,0.0,0.2622671243264456,5.121032714843757,35,-1,5.150614201317299,116.35135914150528
321,16.05,sturn,192,stanley,1.2,339.173828125,-172.47010803222656,340.1085205078125,-172.22071838378906,175.4881591796875,0.0452976384865696,0.35,0.0,0.24406539231651705,4.837966918945326,35,-1,5.153701848893724,116.44007639775666
322,16.1,sturn,192,stanley,1.2,338.9164123535156,-172.45494079589844,338.1085510253906,-172.2321014404297,175.70098876953125,0.045634749521266046,0.35,0.0,0.22743404664552375,4.62513732910156,36,-1,5.159531125624206,116.52789398369625
323,16.150000000000002,sturn,192,stanley,1.2,338.65875244140625,-172.44046020507812,338.1085510253906,-172.2321014404297,175.98658752441406,0.04359377886471932,0.35,0.0,0.21148710474749963,4.339538574218757,36,-1,5.163592462686954,116.61562823137352
324,16.2,sturn,192,stanley,1.2,338.40069580078125,-172.42739868164062,338.1085510253906,-172.2321014404297,176.19570922851562,0.043229488636099336,0.35,0.0,0.196956949088192,4.130416870117182,36,-1,5.170176476738244,116.70262386411474
325,16.25,sturn,192,stanley,1.2,338.142333984375,-172.41493225097656,338.1085510253906,-172.2321014404297,176.47256469726562,0.04066593643195642,0.35,0.0,0.18302013951897736,3.8535614013671964,36,-1,5.174764657445605,116.78964613596845
326,16.3,sturn,192,stanley,1.2,337.8836669921875,-172.40382385253906,338.1085510253906,-172.2321014404297,176.66917419433594,0.03990235562774137,0.35,0.0,0.17043960313394035,3.656951904296891,36,-1,5.181667869694234,116.87596751690602
327,16.35,sturn,192,stanley,1.2,337.62469482421875,-172.39315795898438,338.1085510253906,-172.2321014404297,176.9305419921875,0.03708663612343588,0.35,0.0,0.15829982742017937,3.3955841064453143,36,-1,5.186537677546537,116.96246579697353
328,16.400000000000002,sturn,192,stanley,1.2,337.36529541015625,-172.38372802734375,338.1085510253906,-172.2321014404297,177.10972595214844,0.03616763764859683,0.35,0.0,0.14739356173822526,3.216400146484382,36,-1,5.193514023670368,117.04842132729193
329,16.45,sturn,192,stanley,1.2,337.10565185546875,-172.37466430664062,336.10858154296875,-172.2434844970703,177.35215759277344,0.0332739589614888,0.35,0.0,0.13685321773659942,2.973983764648415,37,-1,5.198535946041191,117.13461276236293
330,16.5,sturn,192,stanley,1.2,336.84564208984375,-172.36671447753906,336.10858154296875,-172.2434844970703,177.51150512695312,0.0323451430110826,0.35,0.0,0.12742348729896733,2.8146362304687313,37,-1,5.205457598832585,117.22036508583155
331,16.55,sturn,192,stanley,1.2,336.5853576660156,-172.35903930664062,336.10858154296875,-172.2434844970703,177.73361206054688,0.029495667284972736,0.35,0.0,0.11826684720268092,2.592529296875001,37,-1,5.210562015755238,117.30645328024207
332,16.6,sturn,192,stanley,1.2,336.32470703125,-172.35235595703125,336.10858154296875,-172.2434844970703,177.8726043701172,0.028655381625850886,0.35,0.0,0.11009992777772312,2.453536987304667,37,-1,5.217360467871704,117.3922235163066
333,16.650000000000002,sturn,192,stanley,1.2,336.06378173828125,-172.3458709716797,336.10858154296875,-172.2434844970703,178.07449340820312,0.025924109589430946,0.35,0.0,0.10212980598481819,2.2516479492187194,37,-1,5.222508504414924,117.47840557114499
334,16.7,sturn,192,stanley,1.2,335.8025817871094,-172.34034729003906,336.10858154296875,-172.2434844970703,178.19366455078125,0.025200243295285096,0.35,0.0,0.09511940891689422,2.1324768066406135,37,-1,5.229153317984503,117.56427488900937
335,16.75,sturn,192,stanley,1.2,335.5410461425781,-172.33462524414062,336.10858154296875,-172.2434844970703,178.37335205078125,0.02284160730536975,0.35,0.0,0.0879087399677875,1.9527893066406263,37,-1,5.239894371561175,117.65095479001596
336,16.8,sturn,192,stanley,1.2,335.2792053222656,-172.3294677734375,336.10858154296875,-172.2434844970703,178.47323608398438,0.022562222695294582,0.35,0.0,0.08126089994288266,1.852905273437525,37,-1,5.2542345899746286,117.73771173108075
337,16.85,sturn,192,stanley,1.2,335.0168151855469,-172.32382202148438,334.1086120605469,-172.25486755371094,178.6251983642578,0.021048833746689817,0.35,0.0,0.07412303336407619,1.7009429931640818,38,-1,5.284862630886776,117.82562359903345
338,16.900000000000002,sturn,192,stanley,1.2,334.7539367675781,-172.31912231445312,334.1086120605469,-172.25486755371094,178.7142333984375,0.02092402050884003,0.35,0.0,0.06792704337140744,1.6119079589843446,38,-1,5.309375316139566,117.91331210282209
339,16.95,sturn,192,stanley,1.2,334.49053955078125,-172.31509399414062,334.1086120605469,-172.25486755371094,178.8811798095703,0.0182152683336058,0.35,0.0,0.062399476108755014,1.444961547851572,38,-1,5.313157860620308,118.0010508968486
340,17.0,sturn,192,stanley,1.2,334.2264099121094,-172.31283569335938,334.1086120605469,-172.25486755371094,178.9877166748047,0.016668543952148954,0.35,0.0,0.05863773060273993,1.3384246826171549,38,-1,5.339421305898911,118.087871707294
341,17.05,sturn,192,stanley,1.2,333.96148681640625,-172.31259155273438,334.1086120605469,-172.25486755371094,179.1854248046875,0.011618954621490873,0.35,0.0,0.056885596098186206,1.1407165527343615,38,-1,5.327886054203542,118.17357011585932
342,17.1,sturn,192,stanley,1.2,333.6954650878906,-172.31478881835938,334.1086120605469,-172.25486755371094,179.3101348876953,0.007939493594451796,0.35,0.0,0.057568574642568614,1.0160064697265754,38,-1,5.3621120851494455,118.25784929841036
343,17.150000000000002,sturn,192,stanley,1.2,333.4289245605469,-172.3153076171875,334.1086120605469,-172.25486755371094,179.46392822265625,0.0039585218102511765,0.35,0.0,0.05657016047074884,0.862213134765618,38,-1,5.3744088702605595,118.34442228962877
344,17.2,sturn,192,stanley,1.2,333.1617431640625,-172.31454467773438,334.1086120605469,-172.25486755371094,179.49575805664062,0.0038550039012479995,0.35,0.0,0.054286380821223515,0.830383300781252,38,-1,5.366639568194958,118.432953230075
345,17.25,sturn,192,stanley,1.2,332.89373779296875,-172.31092834472656,332.108642578125,-172.26625061035156,179.56056213378906,0.0038729526004483514,0.35,0.0,0.049145937217611034,0.7655792236327918,39,-1,5.36309641008907,118.5249855155008
346,17.3,sturn,192,stanley,1.2,332.6252746582031,-172.30831909179688,332.108642578125,-172.26625061035156,179.54933166503906,0.0057036654576103265,0.35,0.0,0.04500857808002701,0.7768096923827656,39,-1,5.361325213450632,118.61675541677336
347,17.35,sturn,192,stanley,1.2,332.3558654785156,-172.30580139160156,332.108642578125,-172.26625061035156,179.61209106445312,0.005445261082046172,0.35,0.0,0.040957385107443074,0.71405029296877,39,-1,5.379419449750836,118.70929289292515
348,17.400000000000002,sturn,192,stanley,1.2,332.0850830078125,-172.30377197265625,332.108642578125,-172.26625061035156,179.5939178466797,0.007290834126554911,0.35,0.0,0.03738664841379093,0.7322235107421896,39,-1,5.388298552131047,118.80237343654832
349,17.45,sturn,192,stanley,1.2,331.8126220703125,-172.30177307128906,332.108642578125,-172.26625061035156,179.634521484375,0.007487006583633232,0.35,0.0,0.03383687461874878,0.6916198730468637,39,-1,5.415609550235892,118.89653934343251
350,17.5,sturn,192,stanley,1.2,331.5394592285156,-172.3009490966797,332.108642578125,-172.26625061035156,179.6104736328125,0.0090376994294309,0.35,0.0,0.03145801316031655,0.7156677246093843,39,-1,5.415971317934608,118.99039031885485
351,17.55,sturn,192,stanley,1.2,331.265625,-172.30072021484375,332.108642578125,-172.26625061035156,179.66375732421875,0.008187929066799271,0.35,0.0,0.0296704131603254,0.6623840332030788,39,-1,5.428213721960766,119.08446591527377
352,17.6,sturn,192,stanley,1.2,330.990966796875,-172.30270385742188,330.10870361328125,-172.2776336669922,179.6593017578125,0.008230654768837303,0.35,0.0,0.030091811390833133,0.6668395996093679,40,-1,5.462281937932326,119.17730535013995
353,17.650000000000002,sturn,192,stanley,1.2,330.716552734375,-172.30612182617188,330.10870361328125,-172.2776336669922,179.76307678222656,0.0045457120103675735,0.35,0.0,0.03194770235836489,0.5630645751952933,40,-1,5.43742079681731,119.26927536288794
354,17.7,sturn,192,stanley,1.2,330.4421691894531,-172.30880737304688,330.10870361328125,-172.2776336669922,179.78570556640625,0.0035148512699050218,0.35,0.0,0.033071357029142164,0.5404357910156353,40,-1,5.447272762131967,119.3624809434312
355,17.75,sturn,192,stanley,1.2,330.16815185546875,-172.30935668945312,330.10870361328125,-172.2776336669922,179.86383056640625,0.001643507747871481,0.35,0.0,0.0320609003891987,0.46231079101564976,40,-1,5.445587202715494,119.4581148326417
356,17.8,sturn,192,stanley,1.2,329.896484375,-172.3083953857422,330.10870361328125,-172.2776336669922,179.833251953125,0.0033652407824509797,0.35,0.0,0.029553223964407578,0.4928894042968634,40,-1,5.416871763646272,119.55488154922436
357,17.85,sturn,192,stanley,1.2,329.6258544921875,-172.30735778808594,330.10870361328125,-172.2776336669922,179.87939453125,0.002979822167315129,0.35,0.0,0.02697516105384442,0.4467468261718573,40,-1,5.41578873078494,119.65188889460941
358,17.900000000000002,sturn,192,stanley,1.2,329.3551940917969,-172.3072967529297,330.10870361328125,-172.2776336669922,179.8576202392578,0.004187517827819169,0.35,0.0,0.02537347110977272,0.46852111816401887,40,-1,5.418511225215615,119.7485282974719
359,17.95,sturn,192,stanley,1.2,329.0843200683594,-172.3072052001953,328.1087341308594,-172.2890167236328,179.91197204589844,0.003232734956746135,0.35,0.0,0.02374142170457768,0.41416931152341924,41,-1,5.422581357985502,119.84580637064938
360,18.0,sturn,192,stanley,1.2,328.8132629394531,-172.30770874023438,328.1087341308594,-172.2890167236328,179.89608764648438,0.004069292467724012,0.35,0.0,0.022702039547338362,0.4300537109374847,41,-1,5.426667694489848,119.94312872957036
361,18.05,sturn,192,stanley,1.2,328.5419921875,-172.30770874023438,328.1087341308594,-172.2890167236328,179.95111083984375,0.003057892586079264,0.35,0.0,0.021157909521571053,0.37503051757814515,41,-1,5.4278987974865744,120.04153099657145
362,18.1,sturn,192,stanley,1.2,328.2707824707031,-172.30743408203125,328.1087341308594,-172.2890167236328,179.92491149902344,0.004440514619761717,0.35,0.0,0.019339473167262613,0.4012298583984528,41,-1,5.409324604648775,120.14069849767507
363,18.150000000000002,sturn,192,stanley,1.2,327.9996337890625,-172.30767822265625,328.1087341308594,-172.2890167236328,179.98829650878906,0.0030954786249297967,0.35,0.0,0.018040174661058266,0.33784484863280456,41,-1,5.404477880780756,120.23989103743058
364,18.2,sturn,192,stanley,1.2,327.7287902832031,-172.3099822998047,328.1087341308594,-172.2890167236328,-179.9989776611328,0.002443927792526427,0.35,0.0,0.018802516430324698,0.3251190185546868,41,-1,5.3959008562565565,120.33758589460578
365,18.25,sturn,192,stanley,1.2,327.4581298828125,-172.31239318847656,328.1087341308594,-172.2890167236328,-179.91656494140625,-0.0002403167452157337,0.35,0.0,0.01967271026734002,0.24270629882812247,41,-1,5.38627488339963,120.43564344261412
366,18.3,sturn,192,stanley,1.2,327.1877746582031,-172.31460571289062,328.1087341308594,-172.2890167236328,-179.92140197753906,-0.0003433225575620525,0.35,0.0,0.020346280184758973,0.2475433349609452,41,-1,5.389503907638444,120.53429907212099
367,18.35,sturn,192,stanley,1.2,326.9176025390625,-172.31570434570312,326.1087646484375,-172.30039978027344,-179.87759399414062,-0.001424259189038188,0.35,0.0,0.0199083924310311,0.20373535156250794,42,-1,5.397773574185637,120.63444364522981
368,18.400000000000002,sturn,192,stanley,1.2,326.6475830078125,-172.31663513183594,326.1087646484375,-172.30039978027344,-179.9176025390625,-6.289297429266684e-05,0.35,0.0,0.019302155669352283,0.2437438964843753,42,-1,5.395960489971809,120.7352075987038
369,18.45,sturn,192,stanley,1.2,326.3775939941406,-172.31689453125,326.1087646484375,-172.30039978027344,-179.89456176757812,-0.00024850640673191086,0.35,0.0,0.018024716778353236,0.22070312499998984,42,-1,5.402253827754066,120.837100574638
370,18.5,sturn,192,stanley,1.2,326.1076354980469,-172.3173065185547,326.1087646484375,-172.30039978027344,-179.94485473632812,0.0015978382739942978,0.35,0.0,0.016900037018396298,0.27099609375000727,42,-1,5.402641089619362,120.93935773668582
371,18.55,sturn,192,stanley,1.2,325.83770751953125,-172.3173370361328,326.1087646484375,-172.30039978027344,-179.9231414794922,0.0015301910426944744,0.35,0.0,0.015394067424431803,0.24928283691405548,42,-1,5.407626891995615,121.04247128044992
372,18.6,sturn,192,stanley,1.2,325.56793212890625,-172.31793212890625,326.1087646484375,-172.30039978027344,-179.97093200683594,0.003225673414302846,0.35,0.0,0.014453532441516568,0.2970733642578191,42,-1,5.395680055622246,121.14551868661844
373,18.650000000000002,sturn,192,stanley,1.2,325.2995300292969,-172.317626953125,326.1087646484375,-172.30039978027344,-179.95965576171875,0.0035652400939217206,0.35,0.0,0.012620560549488374,0.2857971191406308,42,-1,5.389128104085885,121.2493776758313
374,18.7,sturn,192,stanley,1.2,325.03167724609375,-172.31846618652344,324.1087646484375,-172.31179809570312,179.98101806640625,0.005512026652761594,0.35,0.0,0.011921394901456358,0.34512329101562045,43,-1,5.38528323985036,121.35247347560329
375,18.75,sturn,192,stanley,1.2,324.7640075683594,-172.32003784179688,324.1087646484375,-172.31179809570312,-179.98809814453125,0.004601118743004637,0.35,0.0,0.011969392756987107,0.314239501953129,43,-1,5.371742861588345,121.45532671967837
376,18.8,sturn,192,stanley,1.2,324.4969787597656,-172.32260131835938,324.1087646484375,-172.31179809570312,179.98912048339844,0.00487515746389038,0.35,0.0,0.01301284379491073,0.33702087402345127,43,-1,5.3770825698259355,121.55751859817215
377,18.85,sturn,192,stanley,1.2,324.2294921875,-172.32431030273438,324.1087646484375,-172.31179809570312,-179.95834350585938,0.0033103137743480194,0.35,0.0,0.013199210801907493,0.2844848632812432,43,-1,5.38184899874439,121.66117654913184
378,18.900000000000002,sturn,192,stanley,1.2,323.96112060546875,-172.3258514404297,324.1087646484375,-172.31179809570312,-179.97361755371094,0.0037490355907068918,0.35,0.0,0.013212696187221777,0.29975891113280395,43,-1,5.389943550876459,121.76583862635962
379,18.95,sturn,192,stanley,1.2,323.6921081542969,-172.3265380859375,324.1087646484375,-172.31179809570312,-179.92098999023438,0.0025588892594165485,0.35,0.0,0.01236805526687024,0.2471313476562431,43,-1,5.396722032718071,121.87204080094662
380,19.0,sturn,192,stanley,1.2,323.42254638671875,-172.327392578125,324.1087646484375,-172.31179809570312,-179.9398956298828,0.003350954966730698,0.35,0.0,0.011688131482746007,0.2660369873046888,43,-1,5.402323822719669,121.97880963694546
381,19.05,sturn,192,stanley,1.2,323.1524353027344,-172.3277130126953,324.1087646484375,-172.31179809570312,-179.89010620117188,0.0023841837886125514,0.35,0.0,0.010471031909355236,0.21624755859375164,43,-1,5.421142539670873,122.08679004903799
382,19.1,sturn,192,stanley,1.2,322.8816833496094,-172.3284149169922,322.1087951660156,-172.32318115234375,-179.90724182128906,0.003190191947254974,0.35,0.0,0.009632915709326312,0.2333679199218979,44,-1,5.441647864916285,122.195181784106
383,19.150000000000002,sturn,192,stanley,1.2,322.61041259765625,-172.32943725585938,322.1087951660156,-172.32318115234375,-179.85501098632812,0.0019017764083135106,0.35,0.0,0.009111180232233068,0.18113708496094216,44,-1,5.467495193807283,122.30399430410371
384,19.200000000000003,sturn,192,stanley,1.2,322.3385925292969,-172.3297882080078,322.1087951660156,-172.32318115234375,-179.88389587402344,0.003165910182598023,0.35,0.0,0.007914942234417913,0.2100219726562601,44,-1,5.48495852954234,122.41414817639263
385,19.25,sturn,192,stanley,1.2,322.0661315917969,-172.32997131347656,322.1087951660156,-172.32318115234375,-179.83819580078125,0.0023484337494087794,0.35,0.0,0.0065472124849887976,0.1643218994140991,44,-1,5.481198728201948,122.5252214462255
386,19.3,sturn,192,stanley,1.2,321.79315185546875,-172.33160400390625,322.1087951660156,-172.32318115234375,-179.8486785888672,0.002635611727580142,0.35,0.0,0.006626091240722335,0.17480468750000086,44,-1,5.518237254741466,122.63569124525029
387,19.35,sturn,192,stanley,1.2,321.51947021484375,-172.33265686035156,322.1087951660156,-172.32318115234375,-179.7980194091797,0.0013790417531664805,0.35,0.0,0.006121150205377606,0.12414550781252133,44,-1,5.546446096468294,122.74748665678031
388,19.400000000000002,sturn,192,stanley,1.2,321.2449951171875,-172.33404541015625,322.1087951660156,-172.32318115234375,-179.8182373046875,0.002027162737087929,0.35,0.0,0.0059473807788682585,0.14436340332035455,44,-1,5.57003782277922,122.85981365106463
389,19.450000000000003,sturn,192,stanley,1.2,320.9695129394531,-172.33511352539062,320.1088562011719,-172.33456420898438,-179.76968383789062,0.000823584899104586,0.35,0.0,0.005448117002719634,0.09580993652342194,45,-1,5.592113957957575,122.97336156747775
390,19.5,sturn,192,stanley,1.2,320.69287109375,-172.3365936279297,320.1088562011719,-172.33456420898438,-179.7978973388672,0.001668465346582482,0.35,0.0,0.00535356582011999,0.12402343750005093,45,-1,5.608713911265448,123.08753243724432
391,19.55,sturn,192,stanley,1.2,320.41510009765625,-172.33761596679688,320.1088562011719,-172.33456420898438,-179.7479248046875,0.0004391331859231764,0.35,0.0,0.004794831320885392,0.07405090332030645,45,-1,5.61794863815391,123.20310870275861
392,19.6,sturn,192,stanley,1.2,320.13568115234375,-172.33921813964844,320.1088562011719,-172.33456420898438,-179.7826385498047,0.0014308390778162124,0.35,0.0,0.0048065413793727954,0.10876464843748536,45,-1,5.631281345608685,123.3193725056255
393,19.650000000000002,sturn,192,stanley,1.2,319.85455322265625,-172.34036254882812,320.1088562011719,-172.33456420898438,-179.73948669433594,0.0003567437002701289,0.35,0.0,0.004350767738968503,0.06561279296876732,45,-1,5.630620984489983,123.43729866567472
394,19.700000000000003,sturn,192,stanley,1.2,319.5708312988281,-172.3422393798828,320.1088562011719,-172.33456420898438,-179.760009765625,0.000856923819463251,0.35,0.0,0.00461263924089477,0.08613586425782743,45,-1,5.648765019615698,123.55619427748677
395,19.75,sturn,192,stanley,1.2,319.2857360839844,-172.3424835205078,320.1088562011719,-172.33456420898438,-179.72499084472656,0.00033589175340773475,0.35,0.0,0.003234030066661341,0.051116943359421636,45,-1,5.649170687230561,123.6776897828834
396,19.8,sturn,192,stanley,1.2,319.0009765625,-172.34368896484375,318.4130554199219,-172.4224090576172,-179.7629852294922,0.27351500648373167,0.35,0.0,0.025862408470615397,9.888198852539077,46,-1,5.6418118280971905,123.79871032360855
397,19.85,sturn,192,stanley,1.2,318.7152404785156,-172.34841918945312,318.4130554199219,-172.4224090576172,-179.54986572265625,0.2832672573526618,0.35,0.0,-0.019713425213044512,9.67507934570313,46,-1,5.664567190904757,123.91750905941667
398,19.900000000000002,sturn,192,stanley,1.2,318.4292297363281,-172.3633575439453,318.4130554199219,-172.4224090576172,-178.922607421875,0.2777613591635923,0.35,0.0,-0.055288396218929295,9.04782104492188,46,-1,5.641177232186295,124.0277726895283
399,19.950000000000003,sturn,192,stanley,1.2,318.1458740234375,-172.39064025878906,318.4130554199219,-172.4224090576172,-177.73269653320312,0.2518998913755604,0.35,0.0,-0.07824450500135322,7.857910156250016,46,-1,5.6115921802404,124.12633062006294
400,20.0,sturn,192,stanley,1.2,317.8643493652344,-172.4278106689453,318.4130554199219,-172.4224090576172,-176.41427612304688,0.2187300580287439,0.35,0.0,-0.09114501097881732,6.5394897460937695,46,-1,5.614271551543207,124.21577025919085
401,20.05,sturn,192,stanley,1.2,317.58392333984375,-172.47105407714844,316.9853210449219,-172.89137268066406,-175.0586395263672,0.6479134877189247,0.35,0.0,-0.11232005960050828,21.300491333007795,47,-1,5.609284943126399,124.29985622404416
402,20.1,sturn,192,stanley,1.2,317.306396484375,-172.5231170654297,316.9853210449219,-172.89137268066406,-173.6724395751953,0.6351384021928496,0.35,0.0,-0.18833450083102957,19.914291381835923,47,-1,5.5891087710312535,124.37533898638071
403,20.150000000000002,sturn,192,stanley,1.2,317.03619384765625,-172.5888214111328,316.9853210449219,-172.89137268066406,-171.82675170898438,0.6048470766327477,0.35,0.0,-0.24887503762229207,18.06860351562498,47,-1,5.512554664352945,124.43594203113624
404,20.200000000000003,sturn,192,stanley,1.2,316.7779235839844,-172.67135620117188,316.9853210449219,-172.89137268066406,-169.56825256347656,0.5567071117242368,0.35,0.0,-0.28904371753646213,15.810104370117166,47,-1,5.400774587036846,124.47675358262923
405,20.25,sturn,192,stanley,1.2,316.53216552734375,-172.76988220214844,316.9853210449219,-172.89137268066406,-166.91384887695312,0.4896274432267449,0.35,0.0,-0.3093368988568683,13.155700683593732,47,-1,5.3335371552669,124.49824367790156
406,20.3,sturn,192,stanley,1.2,316.2930603027344,-172.88037109375,316.9853210449219,-172.89137268066406,-164.32135009765625,0.4177869066976531,0.35,0.0,-0.3159585135307979,10.563201904296875,47,-1,5.342579858050612,124.50661667570695
407,20.35,sturn,192,stanley,1.2,316.0562744140625,-172.99806213378906,315.7377624511719,-173.73794555664062,-161.86073303222656,0.810039588033461,0.35,0.0,-0.33402939641032237,24.070785522460916,48,-1,5.355189343884111,124.50807213391636
408,20.400000000000002,sturn,192,stanley,1.2,315.8245544433594,-173.12527465820312,315.7377624511719,-173.73794555664062,-159.47572326660156,0.7649274365381897,0.35,0.0,-0.3954859577444283,21.685775756835923,48,-1,5.331593567548778,124.49930579656467
409,20.450000000000003,sturn,192,stanley,1.2,315.6047668457031,-173.26480102539062,315.7377624511719,-173.73794555664062,-156.72430419921875,0.7051507795905121,0.35,0.0,-0.43980504769097334,18.934356689453104,48,-1,5.244995539708499,124.47470709506104
410,20.5,sturn,192,stanley,1.2,315.40081787109375,-173.41964721679688,315.7377624511719,-173.73794555664062,-153.6509246826172,0.6254627935045687,0.35,0.0,-0.4621357594558406,15.860977172851545,48,-1,5.249676474784418,124.42978709606196
411,20.55,sturn,192,stanley,1.2,315.2066650390625,-173.59164428710938,315.7377624511719,-173.73794555664062,-150.40097045898438,0.5325930207438091,0.35,0.0,-0.46518149896725614,12.611022949218734,48,-1,5.284705537990947,124.36564480708962
412,20.6,sturn,192,stanley,1.2,315.0184326171875,-173.7709503173828,315.7377624511719,-173.73794555664062,-147.414794921875,0.4445614390131487,0.35,0.0,-0.45883595797563265,9.624847412109373,48,-1,5.296608932404111,124.29279731020378
413,20.650000000000002,sturn,192,stanley,1.2,314.8329162597656,-173.955078125,314.929931640625,-174.80606079101562,-144.6992645263672,0.9801261252121739,0.35,0.0,-0.46539789518771696,28.289443969726577,49,-1,5.300236230488242,124.21492001028733
414,20.700000000000003,sturn,192,stanley,1.2,314.6545715332031,-174.145751953125,314.929931640625,-174.80606079101562,-142.14881896972656,0.9358729280525222,0.35,0.0,-0.5403202061151731,25.738998413085948,49,-1,5.268082328509153,124.12841921394558
415,20.75,sturn,192,stanley,1.2,314.49151611328125,-174.3438262939453,314.929931640625,-174.80606079101562,-139.2755584716797,0.8792649220710466,0.35,0.0,-0.5982572062816127,22.865737915039084,49,-1,5.1680342760923725,124.02874229828844
416,20.8,sturn,192,stanley,1.2,314.34967041015625,-174.555419921875,314.929931640625,-174.80606079101562,-135.9940948486328,0.7959579429045566,0.35,0.0,-0.6311848042539546,19.584274291992205,49,-1,5.208320675766715,123.90765739633551
417,20.85,sturn,192,stanley,1.2,314.2303161621094,-174.7802276611328,314.929931640625,-174.80606079101562,-132.38290405273438,0.6933023789917924,0.35,0.0,-0.638090768418054,15.97308349609376,49,-1,5.253558189105196,123.76476731458219
418,20.900000000000002,sturn,192,stanley,1.2,314.12603759765625,-175.01644897460938,314.929931640625,-174.80606079101562,-128.75830078125,0.5809182700792735,0.35,0.0,-0.6264177858008986,12.348480224609387,49,-1,5.359723878166044,123.60507708767494
419,20.950000000000003,sturn,192,stanley,1.2,314.0275573730469,-175.26229858398438,314.5671081542969,-176.09515380859375,-125.4693374633789,1.0,0.35,0.0,-0.6104908596516458,30.43967437744141,50,-1,5.470851651234728,123.43449573036159
420,21.0,sturn,192,stanley,1.2,313.9376220703125,-175.51129150390625,314.5671081542969,-176.09515380859375,-122.24323272705078,1.0,0.35,0.0,-0.678250283655842,27.21356964111329,50,-1,5.402903051316814,123.25743788300669
421,21.05,sturn,192,stanley,1.2,313.8661193847656,-175.7599334716797,314.5671081542969,-176.09515380859375,-118.87360382080078,0.9528143183318499,0.35,0.0,-0.7276788348199765,23.843940734863292,50,-1,5.215574483861605,123.07226533480323
422,21.1,sturn,192,stanley,1.2,313.8213806152344,-176.0082244873047,314.5671081542969,-176.09515380859375,-115.10401153564453,0.8555219706721191,0.35,0.0,-0.7504772944615642,20.07434844970704,50,-1,5.176626863164691,122.87494833147183
423,21.150000000000002,sturn,192,stanley,1.2,313.80279541015625,-176.25733947753906,314.5671081542969,-176.09515380859375,-111.0916976928711,0.7385329571829851,0.35,0.0,-0.7471506563821414,16.06203460693359,50,-1,5.197886473237556,122.6646542240169
424,21.200000000000003,sturn,192,stanley,1.2,313.8011779785156,-176.51119995117188,314.5671081542969,-176.09515380859375,-107.16812133789062,0.6135493646416006,0.35,0.0,-0.7265055367029951,12.138458251953127,50,-1,5.303044550240936,122.44224369140643
425,21.25,sturn,192,stanley,1.2,313.80731201171875,-176.77224731445312,314.5671081542969,-176.09515380859375,-103.6660385131836,0.4976580757831279,0.35,0.0,-0.6975087143932359,8.6363754272461,50,-1,5.4182314350265,122.20993842160723
426,21.3,sturn,192,stanley,1.2,313.8153076171875,-177.0371856689453,314.56658935546875,-177.9261016845703,-100.62476348876953,0.58303237382576,0.35,0.0,-0.7433252168371614,11.135688781738272,51,-1,5.464734302364244,121.97344236999896
427,21.35,sturn,192,stanley,1.2,313.82830810546875,-177.30039978027344,314.56658935546875,-177.9261016845703,-97.83230590820312,0.5093105460728775,0.35,0.0,-0.7326723810578961,8.343231201171882,51,-1,5.26373104410378,121.73617696824327
428,21.400000000000002,sturn,192,stanley,1.2,313.8512878417969,-177.5637664794922,314.56658935546875,-177.9261016845703,-95.07583618164062,0.41677605516113664,0.35,0.0,-0.7120420546561155,5.586761474609392,51,-1,5.39454389590789,121.49409271501088
429,21.450000000000003,sturn,192,stanley,1.2,313.8805847167969,-177.82720947265625,314.56658935546875,-177.9261016845703,-92.64025115966797,0.33943954425026246,0.35,0.0,-0.685095521075442,3.1511764526367223,51,-1,5.354287021926631,121.24899582448568
430,21.5,sturn,192,stanley,1.2,313.9129638671875,-178.09426879882812,314.56658935546875,-177.9261016845703,-90.53036499023438,0.2633405194126242,0.35,0.0,-0.6550990822550241,1.0412902832031514,51,-1,5.471773683826703,120.99932921646605
431,21.55,sturn,192,stanley,1.2,313.94732666015625,-178.3623809814453,314.56658935546875,-177.9261016845703,-88.856689453125,0.2064774951503545,0.35,0.0,-0.6231284682668035,-0.6323852539062268,51,-1,5.417177232952947,120.74786645817112
432,21.6,sturn,192,stanley,1.2,313.98223876953125,-178.63046264648438,314.56658935546875,-177.9261016845703,-87.42507934570312,0.15582993308931334,0.35,0.0,-0.5906082875809993,-2.0639953613281303,51,-1,5.370269632903141,120.49624658664652
433,21.650000000000002,sturn,192,stanley,1.2,314.018310546875,-178.89923095703125,314.56658935546875,-177.9261016845703,-86.34527587890625,0.11193573328808942,0.35,0.0,-0.5569346079962846,-3.1437988281249543,51,-1,5.395122216761019,120.2435459342726
434,21.700000000000003,sturn,192,stanley,1.2,314.0533142089844,-179.16831970214844,314.58441162109375,-179.92601013183594,-85.44829559326172,0.07423244343719186,0.35,0.0,-0.5243198111596318,-4.040779113769514,52,-1,5.405717265112176,119.991163296511
435,21.75,sturn,192,stanley,1.2,314.0878601074219,-179.43785095214844,314.58441162109375,-179.92601013183594,-84.85619354248047,0.04570172839809996,0.35,0.0,-0.49217875310521303,-4.632881164550739,52,-1,5.408176598907747,119.73869893849361
436,21.8,sturn,192,stanley,1.2,314.12127685546875,-179.7064666748047,314.58441162109375,-179.92601013183594,-84.38134002685547,0.021145572582225165,0.35,0.0,-0.4611586365974413,-5.10773468017575,52,-1,5.403159775572461,119.48766808941613
437,21.85,sturn,192,stanley,1.2,314.1528625488281,-179.97560119628906,314.58441162109375,-179.92601013183594,-84.18649291992188,0.005278295119975722,0.35,0.0,-0.4319741282143746,-5.30258178710935,52,-1,5.3959820070146245,119.237161528621
438,21.900000000000002,sturn,192,stanley,1.2,314.18359375,-180.2469024658203,314.58441162109375,-179.92601013183594,-84.09879302978516,-0.010295311064585033,0.35,0.0,-0.4036633993932019,-5.39028167724608,52,-1,5.503541482714974,118.98526968583322
439,21.950000000000003,sturn,192,stanley,1.2,314.2130432128906,-180.5194549560547,314.58441162109375,-179.92601013183594,-84.16092681884766,-0.016817080833545495,0.35,0.0,-0.376645515290786,-5.328147888183584,52,-1,5.451391770382093,118.7330055066781
440,22.0,sturn,192,stanley,1.2,314.2414245605469,-180.7959747314453,314.58441162109375,-179.92601013183594,-84.264404296875,-0.025399358507444295,0.35,0.0,-0.35073108107193557,-5.224670410156214,52,-1,5.551234212929143,118.47790094646143
441,22.05,sturn,192,stanley,1.2,314.2669677734375,-181.07151794433594,314.6022644042969,-181.92593383789062,-84.39169311523438,-0.02927296134987784,0.35,0.0,-0.32766429346115444,-5.097381591796841,53,-1,5.522103928509164,118.2251415962813
442,22.1,sturn,192,stanley,1.2,314.2910461425781,-181.3456268310547,314.6022644042969,-181.92593383789062,-84.53408813476562,-0.0322417989127941,0.35,0.0,-0.30603116827376076,-4.95498657226562,53,-1,5.490586965358106,117.97445850309244
443,22.150000000000002,sturn,192,stanley,1.2,314.3139953613281,-181.61859130859375,314.6022644042969,-181.92593383789062,-84.70589447021484,-0.03431776456747473,0.35,0.0,-0.2855169436455235,-4.783180236816379,53,-1,5.473142430241476,117.7254364957039
444,22.200000000000003,sturn,192,stanley,1.2,314.33563232421875,-181.8909912109375,314.6022644042969,-181.92593383789062,-84.88748168945312,-0.03581139320737179,0.35,0.0,-0.26630988826672464,-4.601593017578119,53,-1,5.462428614553679,117.4776630877766
445,22.25,sturn,192,stanley,1.2,314.35614013671875,-182.16302490234375,314.6022644042969,-181.92593383789062,-85.08770751953125,-0.03646031908603414,0.35,0.0,-0.24822867280455005,-4.401367187499975,53,-1,5.45555841249041,117.23087864819115
446,22.3,sturn,192,stanley,1.2,314.37542724609375,-182.4349365234375,314.6022644042969,-181.92593383789062,-85.28842163085938,-0.03672378101993943,0.35,0.0,-0.23136702340664256,-4.2006530761718475,53,-1,5.45185098406726,116.98491931857576
447,22.35,sturn,192,stanley,1.2,314.39373779296875,-182.70677185058594,314.6022644042969,-181.92593383789062,-85.49993133544922,-0.03636280698564232,0.35,0.0,-0.21548121735231457,-3.989143371582017,53,-1,5.449878120017311,116.7396281859747
448,22.400000000000002,sturn,192,stanley,1.2,314.4109802246094,-182.97865295410156,314.6200866699219,-183.9258575439453,-85.70531463623047,-0.03582691536825145,0.35,0.0,-0.20065170879522706,-3.7837600708007515,54,-1,5.449731466498172,116.49494790673721
449,22.450000000000003,sturn,192,stanley,1.2,314.42724609375,-183.25064086914062,314.6200866699219,-183.9258575439453,-85.916015625,-0.034794873107470974,0.35,0.0,-0.18681185983903176,-3.5730590820312287,54,-1,5.450404222318227,116.2507837186517
450,22.5,sturn,192,stanley,1.2,314.44256591796875,-183.5227508544922,314.6200866699219,-183.9258575439453,-86.11608123779297,-0.033739273247186875,0.35,0.0,-0.17391910671746788,-3.3729934692382715,54,-1,5.452241539473489,116.00711079293171
451,22.55,sturn,192,stanley,1.2,314.45709228515625,-183.79501342773438,314.6200866699219,-183.9258575439453,-86.31791687011719,-0.032348688356761836,0.35,0.0,-0.16182113973833476,-3.171157836914036,54,-1,5.454417494495877,115.76383015104723
452,22.6,sturn,192,stanley,1.2,314.47076416015625,-184.0674591064453,314.6200866699219,-183.9258575439453,-86.50631713867188,-0.031039169772522246,0.35,0.0,-0.15057926376284417,-2.982757568359375,54,-1,5.4573717056308455,115.52094912115669
453,22.650000000000002,sturn,192,stanley,1.2,314.4837341308594,-184.34007263183594,314.6200866699219,-183.9258575439453,-86.69451141357422,-0.029479715981317215,0.35,0.0,-0.14004076090129736,-2.7945632934570392,54,-1,5.460404727454343,115.27840802983891
454,22.700000000000003,sturn,192,stanley,1.2,314.49591064453125,-184.61293029785156,314.6200866699219,-183.9258575439453,-86.86779022216797,-0.02806155306810221,0.35,0.0,-0.13029786057717746,-2.6212844848632746,54,-1,5.463981598255692,115.0361899114464
455,22.75,sturn,192,stanley,1.2,314.5074768066406,-184.88597106933594,314.6200866699219,-183.9258575439453,-87.03988647460938,-0.026452806672596595,0.35,0.0,-0.1211669203385144,-2.4491882324218532,54,-1,5.467499520403199,114.79425903356208
456,22.8,sturn,192,stanley,1.2,314.5183410644531,-185.1592559814453,314.6379089355469,-185.92576599121094,-87.19650268554688,-0.025036998063485,0.35,0.0,-0.11272798614147107,-2.2925720214843692,55,-1,5.4714058603953175,114.55261171290769
457,22.85,sturn,192,stanley,1.2,314.5287170410156,-185.43270874023438,314.6379089355469,-185.92576599121094,-87.3515853881836,-0.023480082077318196,0.35,0.0,-0.10479085790644653,-2.1374893188476443,55,-1,5.475181613147247,114.31120938603837
458,22.900000000000002,sturn,192,stanley,1.2,314.53851318359375,-185.7064208984375,314.6379089355469,-185.92576599121094,-87.49127197265625,-0.02215254001612487,0.35,0.0,-0.0974358537212691,-1.9978027343750013,55,-1,5.479245328133773,114.07002197226684
459,22.950000000000003,sturn,192,stanley,1.2,314.5478515625,-185.98033142089844,314.6379089355469,-185.92576599121094,-87.6296615600586,-0.020692792714519383,0.35,0.0,-0.0905403638635151,-1.859413146972649,55,-1,5.483150142801778,113.82904335465625
460,23.0,sturn,192,stanley,1.2,314.556640625,-186.25445556640625,314.6379089355469,-185.92576599121094,-87.75308227539062,-0.019461267721342573,0.35,0.0,-0.08419607349333688,-1.7359924316405797,55,-1,5.4872751301986655,113.58830950086056
461,23.05,sturn,192,stanley,1.2,314.56500244140625,-186.52880859375,314.6379089355469,-185.92576599121094,-87.87572479248047,-0.018094268371781193,0.35,0.0,-0.07828105321747429,-1.6133499145507764,55,-1,5.491231025702155,113.34774817898467
462,23.1,sturn,192,stanley,1.2,314.57293701171875,-186.80337524414062,314.6379089355469,-185.92576599121094,-87.98388671875,-0.01698546776722436,0.35,0.0,-0.07279516697009458,-1.5051879882812218,55,-1,5.495359723700464,113.10737519012862
463,23.150000000000002,sturn,192,stanley,1.2,314.5805358886719,-187.07814025878906,314.65576171875,-187.92568969726562,-88.09185791015625,-0.015751447652527128,0.35,0.0,-0.06766506248849838,-1.3972167968749976,56,-1,5.49932647665498,112.86715958492319
464,23.200000000000003,sturn,192,stanley,1.2,314.5877380371094,-187.35316467285156,314.65576171875,-187.92568969726562,-88.1860122680664,-0.014774264930865037,0.35,0.0,-0.06291565097065703,-1.3030624389648562,56,-1,5.503426075266318,112.62708253395861
465,23.25,sturn,192,stanley,1.2,314.5946350097656,-187.62835693359375,314.65576171875,-187.92568969726562,-88.28070068359375,-0.013669359324684634,0.35,0.0,-0.058472899824707596,-1.2083740234374913,56,-1,5.507366954663532,112.38717843290833
466,23.3,sturn,192,stanley,1.2,314.6011962890625,-187.9037628173828,314.65576171875,-187.92568969726562,-88.36224365234375,-0.01281786911787945,0.35,0.0,-0.054367733612921416,-1.1268310546874694,56,-1,5.511419004590189,112.14742596949407
467,23.35,sturn,192,stanley,1.2,314.60748291015625,-188.1793670654297,314.65576171875,-187.92568969726562,-88.44509887695312,-0.011827836797099624,0.35,0.0,-0.05053898353991934,-1.043975830078111,56,-1,5.515326990675688,111.90780930541291
468,23.400000000000002,sturn,192,stanley,1.2,314.6134948730469,-188.45521545410156,314.65576171875,-187.92568969726562,-88.51547241210938,-0.011094249284429083,0.35,0.0,-0.04698705780319949,-0.9736022949218276,56,-1,5.519323497204788,111.66829151826673
469,23.450000000000003,sturn,192,stanley,1.2,314.6192626953125,-188.73123168945312,314.65576171875,-187.92568969726562,-88.58782958984375,-0.010214439090968684,0.35,0.0,-0.043680759708825116,-0.9012451171874678,56,-1,5.5231894643020665,111.4289245595481
470,23.5,sturn,192,stanley,1.2,314.6247863769531,-189.00746154785156,314.673583984375,-189.9256134033203,-88.64834594726562,-0.009588373387190796,0.35,0.0,-0.040608313986974086,-0.8407287597655864,57,-1,5.5271280873242645,111.18967145495985
471,23.55,sturn,192,stanley,1.2,314.630126953125,-189.2838592529297,314.673583984375,-189.9256134033203,-88.71141815185547,-0.00881755578644443,0.35,0.0,-0.037732646645242354,-0.7776565551757898,57,-1,5.530948533030894,110.9505419586394
472,23.6,sturn,192,stanley,1.2,314.63519287109375,-189.56048583984375,314.673583984375,-189.9256134033203,-88.76335906982422,-0.008265288542669285,0.35,0.0,-0.035133667573960144,-0.7257156372070149,57,-1,5.534824249311748,110.71153357434048
473,23.650000000000002,sturn,192,stanley,1.2,314.6401672363281,-189.83729553222656,314.673583984375,-189.9256134033203,-88.818359375,-0.007591046720590125,0.35,0.0,-0.03262787038699002,-0.6707153320312446,57,-1,5.538594600671559,110.47259242922128
474,23.700000000000003,sturn,192,stanley,1.2,314.6448974609375,-190.11428833007812,314.673583984375,-189.9256134033203,-88.8626937866211,-0.007133309947551308,0.35,0.0,-0.03036783690819809,-0.6263809204101324,57,-1,5.542407862578128,110.23380000237704
475,23.75,sturn,192,stanley,1.2,314.6495361328125,-190.39149475097656,314.673583984375,-189.9256134033203,-88.91067504882812,-0.0065370027556709755,0.35,0.0,-0.028201257445383657,-0.5783996582030893,57,-1,5.54612777630913,109.99505276622965
476,23.8,sturn,192,stanley,1.2,314.6539611816406,-190.66888427734375,314.673583984375,-189.9256134033203,-88.948486328125,-0.0061540990094774055,0.35,0.0,-0.026249925325974192,-0.5405883789062488,57,-1,5.54987936500133,109.75644261561334
477,23.85,sturn,192,stanley,1.2,314.6582946777344,-190.9464569091797,314.6914367675781,-191.925537109375,-88.99041748046875,-0.005612964484020093,0.35,0.0,-0.02441010798832978,-0.4986572265624892,58,-1,5.553542574632389,109.51790767025987
478,23.900000000000002,sturn,192,stanley,1.2,314.6624755859375,-191.22421264648438,314.6914367675781,-191.925537109375,-89.02255249023438,-0.0053028672022222305,0.35,0.0,-0.02270617236709093,-0.46652221679684536,58,-1,5.557235305697494,109.2794819454852
479,23.950000000000003,sturn,192,stanley,1.2,314.66656494140625,-191.50216674804688,314.6914367675781,-191.925537109375,-89.05914306640625,-0.004831593951146509,0.35,0.0,-0.021095554695996884,-0.42993164062496336,58,-1,5.560850155627137,109.04112237143124
480,24.0,sturn,192,stanley,1.2,314.6705017089844,-191.78028869628906,314.6914367675781,-191.925537109375,-89.08635711669922,-0.004573104900887131,0.35,0.0,-0.019639015572928666,-0.4027175903320229,58,-1,5.564481951600321,108.8028890694181
481,24.05,sturn,192,stanley,1.2,314.67437744140625,-192.05859375,314.6914367675781,-191.925537109375,-89.118408203125,-0.00415355303274006,0.35,0.0,-0.018245141969399324,-0.3706665039062343,58,-1,5.568046223973347,108.56472268877468
482,24.1,sturn,192,stanley,1.2,314.6781311035156,-192.33706665039062,314.6914367675781,-191.925537109375,-89.14142608642578,-0.003947907623280651,0.35,0.0,-0.016974830549122587,-0.34764862060544344,58,-1,5.5716229034248945,108.32667041738418
483,24.150000000000002,sturn,192,stanley,1.2,314.68182373046875,-192.61573791503906,314.6914367675781,-191.925537109375,-89.16954803466797,-0.0035736618691641314,0.35,0.0,-0.015767320714217426,-0.31952667236324356,58,-1,5.575136432798182,108.08867597497667
484,24.200000000000003,sturn,192,stanley,1.2,314.6853942871094,-192.89459228515625,314.6914367675781,-191.925537109375,-89.18889617919922,-0.0034060028593842977,0.35,0.0,-0.014683509128397578,-0.30017852783200366,58,-1,5.578654670112952,107.85078673460228
485,24.25,sturn,192,stanley,1.2,314.6889343261719,-193.17356872558594,314.7092590332031,-193.9254608154297,-89.21367645263672,-0.003075774176768615,0.35,0.0,-0.01361911896669231,-0.2753982543945079,59,-1,5.582118717710931,107.61300745977482
486,24.3,sturn,192,stanley,1.2,314.69232177734375,-193.45277404785156,314.7092590332031,-193.9254608154297,-89.22991180419922,-0.0029305528375651443,0.35,0.0,-0.012721535083663946,-0.2591629028320265,59,-1,5.585582072732808,107.37531501404611
487,24.35,sturn,192,stanley,1.2,314.69573974609375,-193.7321319580078,314.7092590332031,-193.9254608154297,-89.25169372558594,-0.002636672391645618,0.35,0.0,-0.011794795494189391,-0.23738098144529096,59,-1,5.588993338573037,107.13767783534796
488,24.400000000000002,sturn,192,stanley,1.2,314.6990661621094,-194.01165771484375,314.7092590332031,-193.9254608154297,-89.26522827148438,-0.002545344944680566,0.35,0.0,-0.010961101723194226,-0.22384643554686595,59,-1,5.592401429581756,106.90015029421957
489,24.450000000000003,sturn,192,stanley,1.2,314.70233154296875,-194.29136657714844,314.7092590332031,-193.9254608154297,-89.2845458984375,-0.0022663966720491975,0.35,0.0,-0.010190073471737934,-0.2045288085937182,59,-1,5.595760133358729,106.6627051305141
490,24.5,sturn,192,stanley,1.2,314.70550537109375,-194.5712432861328,314.7092590332031,-193.9254608154297,-89.29570770263672,-0.0021874979571726064,0.35,0.0,-0.009512091038761033,-0.19336700439450266,59,-1,5.599115394454806,106.42537366165973
491,24.55,sturn,192,stanley,1.2,314.7087097167969,-194.85128784179688,314.7092590332031,-193.9254608154297,-89.3128433227539,-0.0019477814584671121,0.35,0.0,-0.008805088965170644,-0.17623138427733578,59,-1,5.602424778800092,106.1880918738457
492,24.6,sturn,192,stanley,1.2,314.7117919921875,-195.13150024414062,314.7270812988281,-195.9253692626953,-89.32196044921875,-0.0018977880926394906,0.35,0.0,-0.008209601673345304,-0.16711425781248287,60,-1,5.605727128434459,105.95094423377554
493,24.650000000000002,sturn,192,stanley,1.2,314.71490478515625,-195.411865234375,314.7270812988281,-195.9253692626953,-89.33721923828125,-0.001678043770823944,0.35,0.0,-0.007597006076561335,-0.1518554687499682,60,-1,5.608989700348578,105.71386279290795
494,24.700000000000003,sturn,192,stanley,1.2,314.7178955078125,-195.69239807128906,314.7270812988281,-195.9253692626953,-89.34468841552734,-0.001637354131125642,0.35,0.0,-0.007107972663029975,-0.14438629150387278,60,-1,5.612241799353556,105.47691958620558
495,24.75,sturn,192,stanley,1.2,314.7209167480469,-195.9730987548828,314.7270812988281,-195.9253692626953,-89.35833740234375,-0.0014300337676377874,0.35,0.0,-0.0065899196088851295,-0.1307373046875004,60,-1,5.615453832137129,105.24003353374708
496,24.8,sturn,192,stanley,1.2,314.723876953125,-196.25396728515625,314.7270812988281,-195.9253692626953,-89.36425018310547,-0.0014216744731136472,0.35,0.0,-0.006134396008446454,-0.12482452392573333,60,-1,5.618658571686423,105.0032564884596
497,24.85,sturn,192,stanley,1.2,314.7268371582031,-196.53497314453125,314.7270812988281,-195.9253692626953,-89.37649536132812,-0.0012317643055626917,0.35,0.0,-0.005680097000502104,-0.11257934570307586,60,-1,5.621822822777066,104.76658256361262
498,24.900000000000002,sturn,192,stanley,1.2,314.7297058105469,-196.816162109375,314.7270812988281,-195.9253692626953,-89.38117218017578,-0.001225367449522069,0.35,0.0,-0.005318979876869847,-0.10790252685546597,60,-1,5.6249763747837935,104.53002567066063
499,24.950000000000003,sturn,192,stanley,1.2,314.73260498046875,-197.09747314453125,314.74493408203125,-197.92529296875,-89.39218139648438,-0.0010417639238847285,0.35,0.0,-0.004946767812578953,-0.0968933105468639,61,-1,5.628094012422398,104.29357174348681
500,25.0,sturn,192,stanley,1.2,314.7354736328125,-197.37896728515625,314.74493408203125,-197.92529296875,-89.39568328857422,-0.0010676869179247048,0.35,0.0,-0.004588372005600755,-0.09339141845702331,61,-1,5.631198478916624,104.05720530268628
501,25.05,sturn,192,stanley,1.2,314.73834228515625,-197.6605987548828,314.74493408203125,-197.92529296875,-89.40562438964844,-0.0009090573389204839,0.35,0.0,-0.004231200791116885,-0.08345031738276623,61,-1,5.634267015600897,103.82094966533398
502,25.1,sturn,192,stanley,1.2,314.7410583496094,-197.94239807128906,314.74493408203125,-197.92529296875,-89.4082260131836,-0.0009062955201004657,0.35,0.0,-0.004028108124658843,-0.0808486938476111,61,-1,5.637320253041097,103.58486596585955
503,25.150000000000002,sturn,192,stanley,1.2,314.7438659667969,-198.22433471679688,314.74493408203125,-197.92529296875,-89.41729736328125,-0.0007500582911321223,0.35,0.0,-0.00373469095637547,-0.07177734374999822,61,-1,5.640344190672973,103.34884637062842
504,25.200000000000003,sturn,192,stanley,1.2,314.7466125488281,-198.5064239501953,314.74493408203125,-197.92529296875,-89.4189682006836,-0.0007834314046721788,0.35,0.0,-0.0035036671759655653,-0.07010650634762072,61,-1,5.643350699276139,103.11296481009352
505,25.25,sturn,192,stanley,1.2,314.7493896484375,-198.78866577148438,314.74493408203125,-197.92529296875,-89.42717742919922,-0.0006400445485439084,0.35,0.0,-0.0032434876891094706,-0.06189727783202722,61,-1,5.646327221849933,102.87717235355811
506,25.3,sturn,192,stanley,1.2,314.75213623046875,-199.071044921875,314.76275634765625,-199.9252166748047,-89.42809295654297,-0.0006981499685120424,0.35,0.0,-0.00300286569220066,-0.060981750488244786,62,-1,5.649290622758203,102.64151768442552
507,25.35,sturn,192,stanley,1.2,314.7549133300781,-199.35360717773438,314.76275634765625,-199.9252166748047,-89.4356918334961,-0.0005710130096864213,0.35,0.0,-0.0027455435878313283,-0.05338287353515593,62,-1,5.652222862694033,102.40593075246413
508,25.400000000000002,sturn,192,stanley,1.2,314.7576599121094,-199.63629150390625,314.76275634765625,-199.9252166748047,-89.43614959716797,-0.0006368333679662784,0.35,0.0,-0.0025198263748968386,-0.052925109863264715,62,-1,5.655138113327255,102.17049833926212
509,25.450000000000003,sturn,192,stanley,1.2,314.7603454589844,-199.9191131591797,314.76275634765625,-199.9252166748047,-89.44329833984375,-0.0004897828126619974,0.35,0.0,-0.0023563664840031136,-0.04577636718749315,62,-1,5.658028524865345,101.93522712107436
510,25.5,sturn,192,stanley,1.2,314.7629699707031,-200.20208740234375,314.76275634765625,-199.9252166748047,-89.44329833984375,-0.0005252692949364184,0.35,0.0,-0.0022552999809828567,-0.04577636718749315,62,-1,5.660898138860692,101.7001067656313
511,25.55,sturn,192,stanley,1.2,314.7656555175781,-200.48521423339844,314.76275634765625,-199.9252166748047,-89.44989776611328,-0.0003928584954369698,0.35,0.0,-0.0020945614067431916,-0.03917694091794016,62,-1,5.663744348126637,101.46507049041509
512,25.6,sturn,192,stanley,1.2,314.7682800292969,-200.7684783935547,314.76275634765625,-199.9252166748047,-89.44927215576172,-0.00044523608155017336,0.35,0.0,-0.0019960801545442913,-0.03980255126949089,62,-1,5.666572509614127,101.23020199144133
513,25.650000000000002,sturn,192,stanley,1.2,314.7709655761719,-201.05186462402344,314.7806091308594,-201.92514038085938,-89.45535278320312,-0.0003203877130448386,0.35,0.0,-0.0018559875969135324,-0.0337219238281152,63,-1,5.6693750916619265,100.99544672319001
514,25.700000000000003,sturn,192,stanley,1.2,314.7735900878906,-201.3354034423828,314.7806091308594,-201.92514038085938,-89.45430755615234,-0.0003838256159425617,0.35,0.0,-0.0017599555297032861,-0.034767150878891075,63,-1,5.672159594932217,100.7608510131163
515,25.75,sturn,192,stanley,1.2,314.7762756347656,-201.61907958984375,314.7806091308594,-201.92514038085938,-89.45995330810547,-0.0002767601949605973,0.35,0.0,-0.0016041153254409278,-0.029121398925735707,63,-1,5.674917477408801,100.52636005286448
516,25.8,sturn,192,stanley,1.2,314.7789001464844,-201.9029083251953,314.7806091308594,-201.92514038085938,-89.45856475830078,-0.00034903283311807473,0.35,0.0,-0.0015106685090520372,-0.030509948730455434,63,-1,5.67765662020876,100.2920331327143
517,25.85,sturn,192,stanley,1.2,314.78155517578125,-202.1868438720703,314.7806091308594,-201.92514038085938,-89.46391296386719,-0.00023901713815997929,0.35,0.0,-0.0013876577887188483,-0.0251617431640548,63,-1,5.6803706091161175,100.05785764469265
518,25.900000000000002,sturn,192,stanley,1.2,314.7841796875,-202.470947265625,314.7806091308594,-201.92514038085938,-89.46231079101562,-0.0003164757540423003,0.35,0.0,-0.0012966601573186115,-0.026763916015623168,63,-1,5.683067461464257,99.82382074977673
519,25.950000000000003,sturn,192,stanley,1.2,314.7868347167969,-202.75515747070312,314.7806091308594,-201.92514038085938,-89.46746063232422,-0.00021120240003870124,0.35,0.0,-0.001176098621974076,-0.0216140747070251,63,-1,5.685742932129586,99.58993953989471
520,26.0,sturn,192,stanley,1.2,314.78948974609375,-203.03952026367188,314.7984313964844,-203.92506408691406,-89.46562957763672,-0.000309080091413906,0.35,0.0,-0.0010447142776363067,-0.023445129394488184,64,-1,5.688398352474277,99.3561963092122
521,26.05,sturn,192,stanley,1.2,314.7921447753906,-203.32400512695312,314.7984313964844,-203.92506408691406,-89.470703125,-0.00020505844878973114,0.35,0.0,-0.000926601927280426,-0.018371582031222283,64,-1,5.691031143590649,99.12261822448505
522,26.1,sturn,192,stanley,1.2,314.7947692871094,-203.60861206054688,314.7984313964844,-203.92506408691406,-89.46881103515625,-0.0002891119976491077,0.35,0.0,-0.0008400944683593869,-0.020263671874971457,64,-1,5.693647371066813,98.88922522625715
523,26.150000000000002,sturn,192,stanley,1.2,314.79742431640625,-203.8933563232422,314.7984313964844,-203.92506408691406,-89.4737548828125,-0.00018792622954563688,0.35,0.0,-0.0007242952371594556,-0.01531982421874988,64,-1,5.696243209764143,98.6559717569283
524,26.200000000000003,sturn,192,stanley,1.2,314.800048828125,-204.17823791503906,314.7984313964844,-203.92506408691406,-89.47177124023438,-0.0002736900338007456,0.35,0.0,-0.0006402369632270703,-0.017303466796877297,64,-1,5.698815661001758,98.42289560108195
525,26.25,sturn,192,stanley,1.2,314.8026123046875,-204.46324157714844,314.7984313964844,-203.92506408691406,-89.47663116455078,-0.00014249249689645446,0.35,0.0,-0.0006182999455027465,-0.012443542480460035,64,-1,5.70137247238206,98.19002943458662
526,26.3,sturn,192,stanley,1.2,314.80511474609375,-204.7483673095703,314.7984313964844,-203.92506408691406,-89.47441101074219,-0.00019218071905420368,0.35,0.0,-0.000658484183986484,-0.014663696289056099,64,-1,5.7039083288208685,97.95737581570111
527,26.35,sturn,192,stanley,1.2,314.8077087402344,-205.0336456298828,314.8162841796875,-205.9249725341797,-89.47896575927734,-7.300096361130605e-05,0.35,0.0,-0.0006269489497632546,-0.010108947753865723,65,-1,5.706423735218928,97.72482300756383
528,26.400000000000002,sturn,192,stanley,1.2,314.81024169921875,-205.31903076171875,314.8162841796875,-205.9249725341797,-89.47643280029297,-0.00014134299481724418,0.35,0.0,-0.0006389299426297242,-0.0126419067382626,65,-1,5.708920936901558,97.4924999105127
529,26.450000000000003,sturn,192,stanley,1.2,314.8127746582031,-205.60455322265625,314.8162841796875,-205.9249725341797,-89.4805908203125,-1.809580039875303e-05,0.35,0.0,-0.0006521355279905197,-0.00848388671872824,65,-1,5.711399697758863,97.26034845222397
530,26.5,sturn,192,stanley,1.2,314.8153381347656,-205.89016723632812,314.8162841796875,-205.9249725341797,-89.4776611328125,-0.00010756843856090096,0.35,0.0,-0.0006356411435743147,-0.011413574218730243,65,-1,5.713858074362101,97.02838993777898
531,26.55,sturn,192,stanley,1.2,314.8179016113281,-206.17593383789062,314.8162841796875,-205.9249725341797,-89.48155975341797,-1.473214560811937e-06,0.35,0.0,-0.0006205074174851395,-0.007514953613284536,65,-1,5.7162952577888735,96.7965955074663
532,26.6,sturn,192,stanley,1.2,314.8204650878906,-206.46180725097656,314.8162841796875,-205.9249725341797,-89.47845458984375,-9.515369066871786e-05,0.35,0.0,-0.0006063261522248854,-0.0106201171874691,65,-1,5.718712405261053,96.5650045145537
533,26.650000000000002,sturn,192,stanley,1.2,314.8230285644531,-206.747802734375,314.8162841796875,-205.9249725341797,-89.48223876953125,8.382796032814147e-06,0.35,0.0,-0.0005932334136262542,-0.006835937499970751,65,-1,5.721111823725453,96.33360712065189
534,26.700000000000003,sturn,192,stanley,1.2,314.8255920410156,-207.03392028808594,314.8341064453125,-207.92489624023438,-89.47905731201172,-9.090245905578058e-05,0.35,0.0,-0.0005690457343689847,-0.01001739501948748,66,-1,5.723492684062146,96.10240581403983
535,26.75,sturn,192,stanley,1.2,314.82818603515625,-207.32017517089844,314.8341064453125,-207.92489624023438,-89.48275756835938,5.707189783218399e-07,0.35,0.0,-0.0005277497501530856,-0.006317138671844336,66,-1,5.725855772519697,95.8713726179126
536,26.8,sturn,192,stanley,1.2,314.8307800292969,-207.6065216064453,314.8341064453125,-207.92489624023438,-89.47957611083984,-0.00010428421041279779,0.35,0.0,-0.0004872701609334039,-0.009498596191411954,66,-1,5.7281996782152635,95.64056491819854
537,26.85,sturn,192,stanley,1.2,314.8333435058594,-207.8929901123047,314.8341064453125,-207.92489624023438,-89.48334503173828,2.8916184838124996e-07,0.35,0.0,-0.000478395463148565,-0.005729675292959683,66,-1,5.73052584178632,95.40997914219864
538,26.900000000000002,sturn,192,stanley,1.2,314.83587646484375,-208.1795654296875,314.8341064453125,-207.92489624023438,-89.48021697998047,-8.14076459054321e-05,0.35,0.0,-0.0005009895909658662,-0.008857727050764251,66,-1,5.732835041185109,95.17963017815721
539,26.950000000000003,sturn,192,stanley,1.2,314.83843994140625,-208.4662628173828,314.8341064453125,-207.92489624023438,-89.4839096069336,2.1686717342896938e-05,0.35,0.0,-0.0004941558806715717,-0.005165100097644146,66,-1,5.735124936572147,94.94947167949164
540,27.0,sturn,192,stanley,1.2,314.84100341796875,-208.75306701660156,314.8341064453125,-207.92489624023438,-89.48064422607422,-7.369066203601858e-05,0.35,0.0,-0.00048827463120619877,-0.00843048095701608,66,-1,5.737399543179614,94.71953676971161
541,27.05,sturn,192,stanley,1.2,314.8435974121094,-209.0399932861328,314.8519287109375,-209.92481994628906,-89.48426818847656,1.3530801926264713e-05,0.35,0.0,-0.00044078207630896676,-0.004806518554654212,67,-1,5.739656917741767,94.48979740225825
542,27.1,sturn,192,stanley,1.2,314.84619140625,-209.32704162597656,314.8519287109375,-209.92481994628906,-89.4810791015625,-8.935236474109973e-05,0.35,0.0,-0.0004065615153936225,-0.007995605468744869,67,-1,5.741894994915641,94.26027469435321
543,27.150000000000002,sturn,192,stanley,1.2,314.8487854003906,-209.61419677734375,314.8519287109375,-209.92481994628906,-89.48471069335938,2.9762747174844e-06,0.35,0.0,-0.00037329341530719816,-0.0043640136718599625,67,-1,5.7441163354595055,94.03098344198544
544,27.200000000000003,sturn,192,stanley,1.2,314.8513488769531,-209.90145874023438,314.8519287109375,-209.92481994628906,-89.48150634765625,-8.924053520561848e-05,0.35,0.0,-0.00037149414082291414,-0.007568359374996696,67,-1,5.746320966000246,93.80194498266576
545,27.25,sturn,192,stanley,1.2,314.8539123535156,-210.18882751464844,314.8519287109375,-209.92481994628906,-89.4852294921875,1.6797313086447174e-05,0.35,0.0,-0.00037064732716755085,-0.0038452148437335474,67,-1,5.7485085857440374,93.57314344983544
546,27.3,sturn,192,stanley,1.2,314.8564453125,-210.47630310058594,314.8519287109375,-209.92481994628906,-89.48199462890625,-6.52147088943989e-05,0.35,0.0,-0.000401269339114327,-0.007080078124962436,67,-1,5.750679173338203,93.34460032120374
547,27.35,sturn,192,stanley,1.2,314.8590087890625,-210.76388549804688,314.8519287109375,-209.92481994628906,-89.48558807373047,3.776511921679546e-05,0.35,0.0,-0.00040232744711680545,-0.0034866333007436134,67,-1,5.752833753542861,93.11628089793778
548,27.400000000000002,sturn,192,stanley,1.2,314.8616027832031,-211.05157470703125,314.8697814941406,-211.92474365234375,-89.48226928710938,-6.058085128258443e-05,0.35,0.0,-0.0003921545486279404,-0.006805419921878596,68,-1,5.754971595631992,92.88818782423684
549,27.450000000000003,sturn,192,stanley,1.2,314.8642272949219,-211.33938598632812,314.8697814941406,-211.92474365234375,-89.48577880859375,1.9873920012380146e-05,0.35,0.0,-0.000334220914574526,-0.003295898437464088,68,-1,5.757088824470414,92.660311782814
550,27.5,sturn,192,stanley,1.2,314.8668518066406,-211.62730407714844,314.8697814941406,-211.92474365234375,-89.48247528076172,-9.399016367573311e-05,0.35,0.0,-0.0002772397413500316,-0.006599426269502104,68,-1,5.759190933242232,92.4326864205168
551,27.55,sturn,192,stanley,1.2,314.86944580078125,-211.91531372070312,314.8697814941406,-211.92474365234375,-89.4861068725586,9.900016754542065e-07,0.35,0.0,-0.00025159132789497366,-0.0029678344726680873,68,-1,5.761277137102599,92.20534552092961
552,27.6,sturn,192,stanley,1.2,314.87200927734375,-212.20343017578125,314.8697814941406,-211.92474365234375,-89.4829330444336,-8.773773749591766e-05,0.35,0.0,-0.00025741174004205577,-0.006141662597610889,68,-1,5.763347245655999,91.97828011898964
553,27.650000000000002,sturn,192,stanley,1.2,314.87457275390625,-212.4916534423828,314.8697814941406,-211.92474365234375,-89.48663330078125,2.0260319014364197e-05,0.35,0.0,-0.00026418461301805883,-0.0024414062499677446,68,-1,5.765400914268173,91.75147419523223
554,27.700000000000003,sturn,192,stanley,1.2,314.87713623046875,-212.77996826171875,314.8697814941406,-211.92474365234375,-89.4833984375,-6.961116358249427e-05,0.35,0.0,-0.0002717738809902793,-0.005676269531247523,68,-1,5.767436603321697,91.52494258256169
555,27.75,sturn,192,stanley,1.2,314.8797302246094,-213.06838989257812,314.8876037597656,-213.92466735839844,-89.48699951171875,2.1613800662056435e-05,0.35,0.0,-0.00023761577769793908,-0.0020751953125056604,69,-1,5.769460898941318,91.29865715275761
556,27.8,sturn,192,stanley,1.2,314.88232421875,-213.35690307617188,314.8876037597656,-213.92466735839844,-89.4837646484375,-7.804056305809531e-05,0.35,0.0,-0.00021645753672207974,-0.00531005859373455,69,-1,5.771464947757149,91.07265182353225
557,27.85,sturn,192,stanley,1.2,314.8849182128906,-213.64552307128906,314.8876037597656,-213.92466735839844,-89.4873275756836,1.6856886698546397e-05,0.35,0.0,-0.00019625175657514036,-0.0017471313476587706,69,-1,5.773457540930193,90.84691771942727
558,27.900000000000002,sturn,192,stanley,1.2,314.8874816894531,-213.93423461914062,314.8876037597656,-213.92466735839844,-89.48410034179688,-7.15879425612891e-05,0.35,0.0,-0.00020737873619763818,-0.004974365234364621,69,-1,5.775431493957583,90.62148900879313
559,27.950000000000003,sturn,192,stanley,1.2,314.89007568359375,-214.2230682373047,314.8876037597656,-213.92466735839844,-89.4876708984375,2.418136550395404e-05,0.35,0.0,-0.000189077877708541,-0.0014038085937149141,69,-1,5.777392781473746,90.39630655326825
560,28.0,sturn,192,stanley,1.2,314.8926696777344,-214.51199340820312,314.8876037597656,-213.92466735839844,-89.48442840576172,-7.442597299262994e-05,0.35,0.0,-0.00017159341421566204,-0.004646301269517731,69,-1,5.779337268836067,90.1714163304486
561,28.05,sturn,192,stanley,1.2,314.895263671875,-214.80099487304688,314.8876037597656,-213.92466735839844,-89.48799896240234,2.186056131226484e-05,0.35,0.0,-0.00015478927988629623,-0.001075744628918913,69,-1,5.78126648627612,89.94683317519257
562,28.1,sturn,192,stanley,1.2,314.8978576660156,-215.090087890625,314.90545654296875,-215.92457580566406,-89.48473358154297,-7.061062947990465e-05,0.35,0.0,-0.00015727050383880937,-0.0043411254882399575,70,-1,5.783181356413904,89.72254838971875
563,28.150000000000002,sturn,192,stanley,1.2,314.90045166015625,-215.37928771972656,314.90545654296875,-215.92457580566406,-89.48834228515625,2.7372142192920285e-05,0.35,0.0,-0.0001422352253345827,-0.0007324218749750566,70,-1,5.785082044363975,89.49855338342026
564,28.200000000000003,sturn,192,stanley,1.2,314.903076171875,-215.66859436035156,314.90545654296875,-215.92457580566406,-89.48503875732422,-8.216960845855587e-05,0.35,0.0,-9.763604288605876e-05,-0.004035949707013073,70,-1,5.786967425128063,89.274831787759
565,28.25,sturn,192,stanley,1.2,314.9056701660156,-215.95797729492188,314.90545654296875,-215.92457580566406,-89.4886474609375,1.6377401500420363e-05,0.35,0.0,-8.423355437426816e-05,-0.0004272460937481719,70,-1,5.788837822347676,89.05144934040824
566,28.3,sturn,192,stanley,1.2,314.90826416015625,-216.2474822998047,314.90545654296875,-215.92457580566406,-89.48540496826172,-8.045178370605447e-05,0.35,0.0,-7.191959252410155e-05,-0.0036697387695001,70,-1,5.790694944458982,88.82835467779441
567,28.35,sturn,192,stanley,1.2,314.9108581542969,-216.53704833984375,314.90545654296875,-215.92457580566406,-89.489013671875,1.8654810338477517e-05,0.35,0.0,-6.014989400474676e-05,-6.103515623519917e-05,70,-1,5.792536870543109,88.60559772900737
568,28.400000000000002,sturn,192,stanley,1.2,314.9134216308594,-216.82672119140625,314.90545654296875,-215.92457580566406,-89.48580169677734,-6.644387260312306e-05,0.35,0.0,-7.984902108753092e-05,-0.003273010253894972,70,-1,5.794364971745123,88.38316657229268
569,28.450000000000003,sturn,192,stanley,1.2,314.916015625,-217.11648559570312,314.92327880859375,-217.92449951171875,-89.48934936523438,2.739095598210073e-05,0.35,0.0,-5.7664711073052675e-05,0.0002746582031347296,71,-1,5.796179964472251,88.16103666034238
570,28.5,sturn,192,stanley,1.2,314.9186096191406,-217.4063262939453,314.92327880859375,-217.92449951171875,-89.486083984375,-6.906960360451769e-05,0.35,0.0,-4.8344197542351044e-05,-0.0029907226562372034,71,-1,5.797977111338505,87.93924264058839
571,28.55,sturn,192,stanley,1.2,314.92120361328125,-217.69625854492188,314.92327880859375,-217.92449951171875,-89.48961639404297,2.897093523704153e-05,0.35,0.0,-3.984007900786771e-05,0.0005416870117464204,71,-1,5.799760476530294,87.71777626136249
572,28.6,sturn,192,stanley,1.2,314.923828125,-217.98629760742188,314.92327880859375,-217.92449951171875,-89.48632049560547,-7.809172777447414e-05,0.35,0.0,-1.7720565290861362e-06,-0.0027542114257685566,71,-1,5.801528548246802,87.49660940758957
573,28.650000000000002,sturn,192,stanley,1.2,314.9264221191406,-218.27642822265625,314.92327880859375,-217.92449951171875,-89.4898681640625,2.0990143130252724e-05,0.35,0.0,4.9632061802588195e-06,0.0007934570312611447,71,-1,5.803285507869336,87.27579699346246
574,28.700000000000003,sturn,192,stanley,1.2,314.9289855957031,-218.56663513183594,314.92327880859375,-217.92449951171875,-89.4866714477539,-6.206632970540788e-05,0.35,0.0,-1.9498225047130842e-05,-0.0024032592773525507,71,-1,5.805024407850053,87.05535411990427
575,28.75,sturn,192,stanley,1.2,314.9316101074219,-218.85693359375,314.92327880859375,-217.92449951171875,-89.49019622802734,2.6543816769779336e-05,0.35,0.0,1.6256678275700445e-05,0.0011215209961080346,71,-1,5.806753126137495,86.83521250998298
576,28.8,sturn,192,stanley,1.2,314.9342346191406,-219.1472930908203,314.94110107421875,-219.92442321777344,-89.48686218261719,-8.474171123627759e-05,0.35,0.0,6.365078558798285e-05,-0.0022125244140221365,72,-1,5.808467708978099,86.61543863786609
577,28.85,sturn,192,stanley,1.2,314.93682861328125,-219.43777465820312,314.94110107421875,-219.92442321777344,-89.490478515625,1.7369289932788602e-05,0.35,0.0,6.725653414516031e-05,0.0014038085937658031,72,-1,5.810170677240148,86.396010453522
578,28.900000000000002,sturn,192,stanley,1.2,314.93939208984375,-219.7283172607422,314.94110107421875,-219.92442321777344,-89.48723602294922,-6.598692043744955e-05,0.35,0.0,3.9801654598305364e-05,-0.0018386840820370138,72,-1,5.811857113429124,86.17697743987182
579,28.950000000000003,sturn,192,stanley,1.2,314.9420166015625,-220.01893615722656,314.94110107421875,-219.92442321777344,-89.49080657958984,2.4916592944275765e-05,0.35,0.0,7.269917543437424e-05,0.001731872558612693,72,-1,5.8135319260416845,85.95827086469305
580,29.0,sturn,192,stanley,1.2,314.9446105957031,-220.30966186523438,314.94110107421875,-219.92442321777344,-89.48754119873047,-6.885560604125511e-05,0.35,0.0,7.41278706683033e-05,-0.0015335083007592403,72,-1,5.81519454803518,85.73993243441592
581,29.05,sturn,192,stanley,1.2,314.94720458984375,-220.6004638671875,314.94110107421875,-219.92442321777344,-89.49108123779297,3.2042736445939024e-05,0.35,0.0,7.48762367387178e-05,0.0020065307617474224,72,-1,5.816844420114127,85.52196829238227
582,29.1,sturn,192,stanley,1.2,314.9498291015625,-220.89134216308594,314.94110107421875,-219.92442321777344,-89.48780822753906,-7.179059241556718e-05,0.35,0.0,0.00010546063841883682,-0.0012664794921475493,72,-1,5.818480451117146,85.30436160516173
583,29.150000000000002,sturn,192,stanley,1.2,314.9524230957031,-221.1822967529297,314.9589538574219,-221.92434692382812,-89.49136352539062,3.6193750565633825e-05,0.35,0.0,8.651544870926474e-05,0.002288818359405191,73,-1,5.820105892748209,85.08715696876806
584,29.200000000000003,sturn,192,stanley,1.2,314.955078125,-221.47332763671875,314.9589538574219,-221.92434692382812,-89.488037109375,-7.899678174343129e-05,0.35,0.0,0.0001462555568355721,-0.0010375976562528302,73,-1,5.821716723961711,84.8702964950087
585,29.25,sturn,192,stanley,1.2,314.9576721191406,-221.7644500732422,314.9589538574219,-221.92434692382812,-89.49156951904297,2.2654212109193908e-05,0.35,0.0,0.00014414654041922386,0.0024948120117307938,73,-1,5.823315778838119,84.65385492987542
586,29.3,sturn,192,stanley,1.2,314.9602966308594,-222.0556640625,314.9589538574219,-221.92434692382812,-89.48834228515625,-7.884416549095558e-05,0.35,0.0,0.00017173749377987694,-0.0007324218749750566,73,-1,5.824903050141848,84.4377743685138
587,29.35,sturn,192,stanley,1.2,314.962890625,-222.34695434570312,314.9589538574219,-221.92434692382812,-89.49191284179688,2.4403087160695033e-05,0.35,0.0,0.00016813175320379596,0.0028381347656237614,73,-1,5.826477910222122,84.22211121738232
588,29.400000000000002,sturn,192,stanley,1.2,314.9654541015625,-222.63832092285156,314.9589538574219,-221.92434692382812,-89.4886703491211,-5.649370509914446e-05,0.35,0.0,0.00013332931869098133,-0.0004043579101281667,73,-1,5.828038544458676,84.00686948202953
589,29.450000000000003,sturn,192,stanley,1.2,314.96807861328125,-222.92974853515625,314.9767761230469,-223.92425537109375,-89.49217987060547,3.1075060007979295e-05,0.35,0.0,0.00017106275188135366,0.003105163574235452,74,-1,5.829589008475361,83.79200180987579
590,29.5,sturn,192,stanley,1.2,314.970703125,-223.22125244140625,314.9767761230469,-223.92425537109375,-89.48888397216797,-7.150234990087781e-05,0.35,0.0,0.0001960684544206493,-0.00019073486327952517,74,-1,5.83112622878836,83.57754240720064
591,29.55,sturn,192,stanley,1.2,314.97332763671875,-223.51284790039062,314.9767761230469,-223.92425537109375,-89.49240112304688,2.0858032507852102e-05,0.35,0.0,0.00022025776196372797,0.0033264160156580213,74,-1,5.832651513747511,83.36348413049068
592,29.6,sturn,192,stanley,1.2,314.9759216308594,-223.8045196533203,314.9767761230469,-223.92425537109375,-89.4891357421875,-7.0059870512184e-05,0.35,0.0,0.0002132503755700731,6.103515628608805e-05,74,-1,5.834163830972902,83.14986311454115
593,29.650000000000002,sturn,192,stanley,1.2,314.978515625,-224.0962677001953,314.9767761230469,-223.92425537109375,-89.4926986694336,3.434439836243605e-05,0.35,0.0,0.00020556266001290312,0.003623962402361867,74,-1,5.835665401877267,82.93666248324503
594,29.700000000000003,sturn,192,stanley,1.2,314.98114013671875,-224.38807678222656,314.9767761230469,-223.92425537109375,-89.48941040039062,-6.708802466834346e-05,0.35,0.0,0.00022784704589814096,0.0003356933594208176,74,-1,5.837156039716491,82.72387620311025
595,29.75,sturn,192,stanley,1.2,314.9837951660156,-224.6799774169922,314.9767761230469,-223.92425537109375,-89.492919921875,1.5713139445674788e-05,0.35,0.0,0.00027983140156037905,0.0038452148437844364,74,-1,5.838634683901371,82.51148614326827
596,29.8,sturn,192,stanley,1.2,314.98638916015625,-224.97195434570312,314.99462890625,-225.92417907714844,-89.48968505859375,-6.724888507522262e-05,0.35,0.0,0.0002517698010597088,0.0006103515625046583,75,-1,5.840098230598891,82.29957096716218
597,29.85,sturn,192,stanley,1.2,314.9889831542969,-225.26397705078125,314.99462890625,-225.92417907714844,-89.49325561523438,3.819695935791608e-05,0.35,0.0,0.00024163290051388512,0.004180908203154365,75,-1,5.841550288030336,82.08811450276404
598,29.900000000000002,sturn,192,stanley,1.2,314.9916076660156,-225.5560760498047,314.99462890625,-225.92417907714844,-89.48995971679688,-6.25744193189685e-05,0.35,0.0,0.00026133203557776553,0.0008850097656393879,75,-1,5.842991391375101,81.87707763848502
599,29.950000000000003,sturn,192,stanley,1.2,314.9942626953125,-225.84825134277344,314.99462890625,-225.92417907714844,-89.49346923828125,2.1069370172377544e-05,0.35,0.0,0.00031086720625135035,0.004394531250003006,75,-1,5.8444219212750745,81.66646444882164
600,30.0,sturn,192,stanley,1.2,314.9968566894531,-226.14051818847656,314.99462890625,-225.92417907714844,-89.49017333984375,-6.89358611705971e-05,0.35,0.0,0.0002985532523822796,0.0010986328125389183,75,-1,5.845839261216805,81.45633247998171
601,30.05,sturn,192,stanley,1.2,314.99945068359375,-226.43284606933594,314.99462890625,-225.92417907714844,-89.49371337890625,3.655208658921949e-05,0.35,0.0,0.0002856950351823968,0.004638671874994692,75,-1,5.847247362521175,81.24666514465378
602,30.1,sturn,192,stanley,1.2,315.0020751953125,-226.72523498535156,314.99462890625,-225.92417907714844,-89.49040985107422,-6.355966668734745e-05,0.35,0.0,0.0003028089194249215,0.001335144043007565,75,-1,5.848644073838315,81.03744516820763
603,30.150000000000002,sturn,192,stanley,1.2,315.0047302246094,-227.01771545410156,315.012451171875,-227.92410278320312,-89.49390411376953,1.64893450453758e-05,0.35,0.0,0.0003618062407647086,0.004829406738325106,76,-1,5.850030254346051,80.82865512771168
604,30.200000000000003,sturn,192,stanley,1.2,315.00732421875,-227.31024169921875,315.012451171875,-227.92410278320312,-89.49065399169922,-7.143214682616087e-05,0.35,0.0,0.000347179167739688,0.0015792846679992506,76,-1,5.851405557446372,80.62039657666467
605,30.25,sturn,192,stanley,1.2,315.00994873046875,-227.60284423828125,315.012451171875,-227.92410278320312,-89.49420166015625,2.485227237910234e-05,0.35,0.0,0.00036238813032437103,0.0051269531250289525,76,-1,5.8527716926617215,80.4125875686237
606,30.3,sturn,192,stanley,1.2,315.0125427246094,-227.89552307128906,315.012451171875,-227.92410278320312,-89.49097442626953,-6.196140711798708e-05,0.35,0.0,0.0003464003989723197,0.0018997192383231017,76,-1,5.854124839660073,80.20527595800924
607,30.35,sturn,192,stanley,1.2,315.0151672363281,-228.18826293945312,315.012451171875,-227.92410278320312,-89.49446868896484,3.3209750375571304e-05,0.35,0.0,0.000360384769062676,0.005393981933640643,76,-1,5.855466804971134,79.99843348312461
608,30.400000000000002,sturn,192,stanley,1.2,315.0177917480469,-228.48104858398438,315.012451171875,-227.92410278320312,-89.49118041992188,-6.52668606815244e-05,0.35,0.0,0.0003739609416549229,0.0021057128906487046,76,-1,5.856799509305883,79.79209698019206
609,30.450000000000003,sturn,192,stanley,1.2,315.0204162597656,-228.77392578125,315.012451171875,-227.92410278320312,-89.49468994140625,3.075470729391203e-05,0.35,0.0,0.0003867207192509532,0.0056152343750123235,76,-1,5.858121769113579,79.58623905179522
610,30.5,sturn,192,stanley,1.2,315.0230712890625,-229.06686401367188,315.0303039550781,-229.9240264892578,-89.49138641357422,-7.17827909916003e-05,0.35,0.0,0.0004111197008364329,0.002311706542974307,77,-1,5.859431529307593,79.38086361911222
611,30.55,sturn,192,stanley,1.2,315.0256652832031,-229.35986328125,315.0303039550781,-229.9240264892578,-89.4948959350586,3.483650613744161e-05,0.35,0.0,0.00039227458699761866,0.005821228027337926,77,-1,5.860735558752822,79.1760412340414
612,30.6,sturn,192,stanley,1.2,315.02825927734375,-229.65292358398438,315.0303039550781,-229.9240264892578,-89.49163818359375,-5.171560054059048e-05,0.35,0.0,0.00037288520982799384,0.0025634765624890318,77,-1,5.862024944921061,78.9717326832325
613,30.650000000000002,sturn,192,stanley,1.2,315.0309143066406,-229.94607543945312,315.0303039550781,-229.9240264892578,-89.49510955810547,3.3815272148620473e-05,0.35,0.0,0.00041371216720858855,0.006034851074237456,77,-1,5.863305966870611,78.76787735241157
614,30.700000000000003,sturn,192,stanley,1.2,315.0335388183594,-230.2392578125,315.0303039550781,-229.9240264892578,-89.49175262451172,-6.542963945051607e-05,0.35,0.0,0.0004237506281505581,0.00267791748048728,77,-1,5.864575627500346,78.56458828702861
615,30.75,sturn,192,stanley,1.2,315.0361633300781,-230.5325164794922,315.0303039550781,-229.9240264892578,-89.49526977539062,3.1957003038898274e-05,0.35,0.0,0.00043310875992901357,0.0061950683594248265,77,-1,5.8658396628077,78.36181666164616
616,30.8,sturn,192,stanley,1.2,315.0387878417969,-230.82583618164062,315.0303039550781,-229.9240264892578,-89.49197387695312,-6.513168851621026e-05,0.35,0.0,0.00044192262837665537,0.0028991699219098493,77,-1,5.867089824226978,78.1595777680612
617,30.85,sturn,192,stanley,1.2,315.0414123535156,-231.11920166015625,315.0481262207031,-231.9239501953125,-89.49545288085938,2.740755762599404e-05,0.35,0.0,0.00046251176664645344,0.006378173828130424,78,-1,5.868333408738682,77.95788681655863
618,30.900000000000002,sturn,192,stanley,1.2,315.0440368652344,-231.41265869140625,315.0481262207031,-231.9239501953125,-89.49217987060547,-6.861451672493488e-05,0.35,0.0,0.0004701010425997706,0.003105163574235452,78,-1,5.869564906214244,77.75671755548129
619,30.950000000000003,sturn,192,stanley,1.2,315.0466613769531,-231.70614624023438,315.0481262207031,-231.9239501953125,-89.49568939208984,2.9241949288934694e-05,0.35,0.0,0.00047741818688768075,0.00661468505859907,78,-1,5.870789396854661,77.55611633789046
620,31.0,sturn,192,stanley,1.2,315.0492858886719,-231.99969482421875,315.0481262207031,-231.9239501953125,-89.492431640625,-6.606944629458897e-05,0.35,0.0,0.0004841910678447794,0.0033569335937501765,78,-1,5.8720033204627695,77.35606736565225
621,31.05,sturn,192,stanley,1.2,315.0519104003906,-232.2933349609375,315.0481262207031,-231.9239501953125,-89.49593353271484,3.202552569638312e-05,0.35,0.0,0.0004901475538056604,0.006858825683590756,78,-1,5.873206866889026,77.15655512923718
622,31.1,sturn,192,stanley,1.2,315.0545349121094,-232.58700561523438,315.0481262207031,-231.9239501953125,-89.49264526367188,-6.379255931030863e-05,0.35,0.0,0.0004958319081011346,0.003570556640649707,78,-1,5.8744012764620885,76.9576257275488
623,31.150000000000002,sturn,192,stanley,1.2,315.0571594238281,-232.88075256347656,315.0481262207031,-231.9239501953125,-89.49612426757812,3.39679879761212e-05,0.35,0.0,0.0005008359332330948,0.0070495605469211705,78,-1,5.875587207809726,76.75925348086942
624,31.200000000000003,sturn,192,stanley,1.2,315.0597839355469,-233.174560546875,315.06597900390625,-233.9238739013672,-89.4928207397461,-5.5747669313331226e-05,0.35,0.0,0.0004869627975812871,0.0037460327148322653,79,-1,5.876762073123643,76.56145375305687
625,31.25,sturn,192,stanley,1.2,315.0624084472656,-233.46841430664062,315.06597900390625,-233.9238739013672,-89.49629974365234,4.233072383874202e-05,0.35,0.0,0.0004910143618843264,0.007225036621103729,79,-1,5.877929516884694,76.3642418198458
626,31.3,sturn,192,stanley,1.2,315.0650329589844,-233.76235961914062,315.06597900390625,-233.9238739013672,-89.49298095703125,-5.3540508610593385e-05,0.35,0.0,0.0004942495311911477,0.003906250000019635,79,-1,5.879084422571549,76.16759250780775
627,31.35,sturn,192,stanley,1.2,315.06768798828125,-234.0563201904297,315.06597900390625,-233.9238739013672,-89.49639892578125,3.291791624681109e-05,0.35,0.0,0.0005278649994384852,0.007324218750005011,79,-1,5.880230832244943,75.97153858017035
628,31.400000000000002,sturn,192,stanley,1.2,315.0703125,-234.35037231445312,315.06597900390625,-233.9238739013672,-89.49307250976562,-6.285087798690132e-05,0.35,0.0,0.000530147707916386,0.003997802734397878,79,-1,5.881368357279392,75.77608074162606
629,31.450000000000003,sturn,192,stanley,1.2,315.07293701171875,-234.6444549560547,315.06597900390625,-233.9238739013672,-89.4965591430664,3.612968377651358e-05,0.35,0.0,0.0005321582847288807,0.007484436035192381,79,-1,5.882494155088507,75.5812415734458
630,31.5,sturn,192,stanley,1.2,315.0755615234375,-234.93858337402344,315.08380126953125,-235.9237823486328,-89.49325561523438,-6.27804123366142e-05,0.35,0.0,0.0005458080655308273,0.004180908203154365,80,-1,5.883613709934545,75.38701627361966
631,31.55,sturn,192,stanley,1.2,315.07818603515625,-235.23280334472656,315.08380126953125,-235.9237823486328,-89.49671173095703,3.5737810783946065e-05,0.35,0.0,0.0005465940498489939,0.007637023925805823,80,-1,5.884725691859227,75.19338037025673
632,31.6,sturn,192,stanley,1.2,315.080810546875,-235.52703857421875,315.08380126953125,-235.9237823486328,-89.49340057373047,-5.904945065293143e-05,0.35,0.0,0.0005472439683344588,0.004325866699244768,80,-1,5.885827116062175,75.00038894416495
633,31.650000000000002,sturn,192,stanley,1.2,315.0834655761719,-235.82138061523438,315.08380126953125,-235.9237823486328,-89.4968490600586,2.9430438934417656e-05,0.35,0.0,0.0005774577907642223,0.007774353027373188,80,-1,5.88691866361348,74.80796474280413
634,31.700000000000003,sturn,192,stanley,1.2,315.0860900878906,-236.11573791503906,315.08380126953125,-235.9237823486328,-89.49359130859375,-6.346637656920939e-05,0.35,0.0,0.0005770191825880636,0.004516601562524294,80,-1,5.888002310214306,74.61621905287551
635,31.75,sturn,192,stanley,1.2,315.0887145996094,-236.41017150878906,315.08380126953125,-235.9237823486328,-89.49706268310547,3.61242261934305e-05,0.35,0.0,0.00057590024524839,0.00798797607422183,80,-1,5.889079981660908,74.4250947444563
636,31.8,sturn,192,stanley,1.2,315.0913391113281,-236.7046356201172,315.08380126953125,-235.9237823486328,-89.4937744140625,-5.732760929532746e-05,0.35,0.0,0.0005745091762433107,0.00469970703128078,80,-1,5.890146142580775,74.23462676754922
637,31.85,sturn,192,stanley,1.2,315.093994140625,-236.99917602539062,315.10162353515625,-237.9237060546875,-89.49722290039062,2.76874384998452e-05,0.35,0.0,0.0006151376101681972,0.0081481933594092,81,-1,5.891205298377036,74.0447678774427
638,31.900000000000002,sturn,192,stanley,1.2,315.09661865234375,-237.29376220703125,315.10162353515625,-237.9237060546875,-89.49392700195312,-6.561786945851815e-05,0.35,0.0,0.0006126580145014949,0.0048522949218942225,81,-1,5.892255042823401,73.85559023382545
639,31.950000000000003,sturn,192,stanley,1.2,315.0992431640625,-237.58839416503906,315.10162353515625,-237.9237060546875,-89.4974365234375,3.565291134137805e-05,0.35,0.0,0.000609770221336682,0.008361816406257841,81,-1,5.8932978813874195,73.66707597438933
640,32.0,sturn,192,stanley,1.2,315.10186767578125,-237.88308715820312,315.10162353515625,-237.9237060546875,-89.49411010742188,-5.820810088076534e-05,0.35,0.0,0.000606338164841058,0.005035400390650709,81,-1,5.894331149929673,73.4792211525262
641,32.050000000000004,sturn,192,stanley,1.2,315.1045227050781,-238.1778106689453,315.10162353515625,-237.9237060546875,-89.49755859375,3.142096276157873e-05,0.35,0.0,0.0006331503414532466,0.008483886718779128,81,-1,5.895355968870317,73.29202693217498
642,32.1,sturn,192,stanley,1.2,315.1071472167969,-238.4726104736328,315.10162353515625,-237.9237060546875,-89.4942626953125,-6.125035415343954e-05,0.35,0.0,0.0006287658241287018,0.005187988281264151,81,-1,5.896375272467636,73.10551784287385
643,32.15,sturn,192,stanley,1.2,315.1097717285156,-238.76744079589844,315.10162353515625,-237.9237060546875,-89.49774169921875,3.973671834242393e-05,0.35,0.0,0.0006241091751387519,0.008666992187535616,81,-1,5.897383833321473,72.91970464432325
644,32.2,sturn,192,stanley,1.2,315.1123962402344,-239.0623321533203,315.1194763183594,-239.92364501953125,-89.49444580078125,-4.660395299130762e-05,0.35,0.0,0.0006007114311977358,0.005371093750020638,82,-1,5.898387090314811,72.73457413293156
645,32.25,sturn,192,stanley,1.2,315.11505126953125,-239.3572540283203,315.1194763183594,-239.92364501953125,-89.49786376953125,4.274693235438856e-05,0.35,0.0,0.0006257547519847853,0.008789062500006013,82,-1,5.899382977942123,72.55012709704198
646,32.300000000000004,sturn,192,stanley,1.2,315.11767578125,-239.6522674560547,315.1194763183594,-239.92364501953125,-89.4945068359375,-5.103665780476167e-05,0.35,0.0,0.0006194653130023994,0.0054321289062558365,82,-1,5.900369468913562,72.36637977624808
647,32.35,sturn,192,stanley,1.2,315.1203308105469,-239.94728088378906,315.1194763183594,-239.92364501953125,-89.49791717529297,3.837124192977452e-05,0.35,0.0,0.0006436922387932317,0.008842468261718174,82,-1,5.901348996791392,72.18334640021729
648,32.4,sturn,192,stanley,1.2,315.1229553222656,-240.24237060546875,315.1194763183594,-239.92364501953125,-89.49457550048828,-5.4750244746564e-05,0.35,0.0,0.0006367224706473303,0.0055007934570649635,82,-1,5.902319677095246,72.00103430353809
649,32.45,sturn,192,stanley,1.2,315.1256103515625,-240.53749084472656,315.1194763183594,-239.92364501953125,-89.49797821044922,3.4759734802867584e-05,0.35,0.0,0.0006599969356092424,0.008903503418004262,82,-1,5.903286297329786,71.81942919142395
650,32.5,sturn,192,stanley,1.2,315.12823486328125,-240.8326873779297,315.1194763183594,-239.92364501953125,-89.49468994140625,-5.6519324902211335e-05,0.35,0.0,0.0006520747066344201,0.0056152343750123235,82,-1,5.9042445581530005,71.63855778444777
651,32.550000000000004,sturn,192,stanley,1.2,315.1308898925781,-241.12789916992188,315.1373291015625,-241.92355346679688,-89.49810028076172,3.962692951232893e-05,0.35,0.0,0.000656063813314455,0.00902557373047466,83,-1,5.905197368380945,71.45841457473439
652,32.6,sturn,192,stanley,1.2,315.1335144042969,-241.42320251464844,315.1373291015625,-241.92355346679688,-89.4947509765625,-5.3081114874727185e-05,0.35,0.0,0.0006471891235107115,0.005676269531247523,83,-1,5.906132865745771,71.2790084368427
653,32.65,sturn,192,stanley,1.2,315.13616943359375,-241.718505859375,315.1373291015625,-241.92355346679688,-89.49819946289062,3.828396674332689e-05,0.35,0.0,0.000668830798480188,0.009124755859375942,83,-1,5.907064730304251,71.10035170579104
654,32.7,sturn,192,stanley,1.2,315.1387939453125,-242.01388549804688,315.1373291015625,-241.92355346679688,-89.494873046875,-5.3544539478244806e-05,0.35,0.0,0.0006592757795129303,0.00579833984376881,83,-1,5.907991098000757,70.92245385558455
655,32.75,sturn,192,stanley,1.2,315.1414489746094,-242.30929565429688,315.1373291015625,-241.92355346679688,-89.49828338623047,3.704973068475993e-05,0.35,0.0,0.0006799649936534854,0.009208679199231146,83,-1,5.90891197981944,70.74529939118456
656,32.800000000000004,sturn,192,stanley,1.2,315.14404296875,-242.60476684570312,315.1373291015625,-241.92355346679688,-89.49493408203125,-4.5018734279344306e-05,0.35,0.0,0.000639077214916791,0.005859375000004009,83,-1,5.909822590498067,70.56895036866428
657,32.85,sturn,192,stanley,1.2,315.1466979980469,-242.9002685546875,315.1373291015625,-241.92355346679688,-89.49835205078125,4.6065386019925125e-05,0.35,0.0,0.0006589500340611273,0.009277343749989383,83,-1,5.9107293227995115,70.39333253155995
658,32.9,sturn,192,stanley,1.2,315.1493225097656,-243.19581604003906,315.1551513671875,-243.92347717285156,-89.49502563476562,-4.931788133432618e-05,0.35,0.0,0.000660081758254401,0.005950927734382252,84,-1,5.9116271505635964,70.21851725342545
659,32.95,sturn,192,stanley,1.2,315.1519775390625,-243.49142456054688,315.1551513671875,-243.92347717285156,-89.49840545654297,4.099531073067538e-05,0.35,0.0,0.0006790021165698173,0.009330749511752433,84,-1,5.912519884011239,70.0444525529266
660,33.0,sturn,192,stanley,1.2,315.15460205078125,-243.78704833984375,315.1551513671875,-243.92347717285156,-89.49505615234375,-5.0767937443405824e-05,0.35,0.0,0.0006672700442793122,0.005981445312525296,84,-1,5.9134052283263685,69.87122108178008
661,33.050000000000004,sturn,192,stanley,1.2,315.1572570800781,-244.08274841308594,315.1551513671875,-243.92347717285156,-89.49844360351562,4.003600917077975e-05,0.35,0.0,0.0006853740075985109,0.009368896484367627,84,-1,5.91428177165001,69.69874422061329
662,33.1,sturn,192,stanley,1.2,315.1598815917969,-244.37844848632812,315.1551513671875,-243.92347717285156,-89.49510955810547,-5.106684868393138e-05,0.35,0.0,0.0006729616061444911,0.006034851074237456,84,-1,5.915149961484266,69.52712225658372
663,33.15,sturn,192,stanley,1.2,315.16253662109375,-244.67425537109375,315.1551513671875,-243.92347717285156,-89.49850463867188,4.027277197768468e-05,0.35,0.0,0.0006901131086347687,0.009429931640653715,84,-1,5.916010782947185,69.35625057540504
664,33.2,sturn,192,stanley,1.2,315.1651611328125,-244.9700469970703,315.1730041503906,-245.92340087890625,-89.49514770507812,-4.512788100333066e-05,0.35,0.0,0.000658551414731574,0.006072998046903539,85,-1,5.916865632816662,69.18625551631985
665,33.25,sturn,192,stanley,1.2,315.1678161621094,-245.2659149169922,315.1730041503906,-245.92340087890625,-89.49853515625,4.6174953609220853e-05,0.35,0.0,0.0006751586538910406,0.009460449218745871,85,-1,5.917715592912121,69.01704136680945
666,33.300000000000004,sturn,192,stanley,1.2,315.17041015625,-245.5618133544922,315.1730041503906,-245.92340087890625,-89.49520874023438,-3.399797625610704e-05,0.35,0.0,0.0006304610318386633,0.006134033203138738,85,-1,5.918559529360727,68.84871635507729
667,33.35,sturn,192,stanley,1.2,315.1730651855469,-245.8577423095703,315.1730041503906,-245.92340087890625,-89.49853515625,5.5741323941538694e-05,0.35,0.0,0.0006465240076673177,0.009460449218745871,85,-1,5.919395310577968,68.68118604161003
668,33.4,sturn,192,stanley,1.2,315.1756896972656,-246.15374755859375,315.1730041503906,-245.92340087890625,-89.49510955810547,-3.708134436925387e-05,0.35,0.0,0.000631390289559238,0.006034851074237456,85,-1,5.920221668874609,68.51450749212337
669,33.45,sturn,192,stanley,1.2,315.1783447265625,-246.44973754882812,315.1730041503906,-245.92340087890625,-89.49840545654297,5.196755927289557e-05,0.35,0.0,0.0006469090020570804,0.009330749511752433,85,-1,5.921042025171761,68.34868747032489
670,33.5,sturn,192,stanley,1.2,315.18096923828125,-246.74583435058594,315.1730041503906,-245.92340087890625,-89.49502563476562,-3.927826492348318e-05,0.35,0.0,0.0006309588889527838,0.005950927734382252,85,-1,5.921854949701731,68.1837161653205
671,33.550000000000004,sturn,192,stanley,1.2,315.1836242675781,-247.04193115234375,315.1908264160156,-247.92332458496094,-89.49835205078125,4.691837293805635e-05,0.35,0.0,0.0006577086079419684,0.009277343749989383,86,-1,5.922661942672629,68.01960821300182
672,33.6,sturn,192,stanley,1.2,315.1862487792969,-247.33807373046875,315.1908264160156,-247.92332458496094,-89.49493408203125,-4.528334319278331e-05,0.35,0.0,0.0006413502973395616,0.005859375000004009,86,-1,5.923464307241241,67.85639634911222
673,33.65,sturn,192,stanley,1.2,315.18890380859375,-247.63427734375,315.1908264160156,-247.92332458496094,-89.49828338623047,4.592533477665146e-05,0.35,0.0,0.0006549640881795622,0.009208679199231146,86,-1,5.9242574107679635,67.6940280195986
674,33.7,sturn,192,stanley,1.2,315.1915283203125,-247.93048095703125,315.1908264160156,-247.92332458496094,-89.4948959350586,-4.5226094423936115e-05,0.35,0.0,0.0006380615142463442,0.005821228027337926,86,-1,5.925045996678355,67.5325943570319
675,33.75,sturn,192,stanley,1.2,315.1941833496094,-248.22677612304688,315.1908264160156,-247.92332458496094,-89.49828338623047,4.734383121774943e-05,0.35,0.0,0.0006508589100901276,0.009208679199231146,86,-1,5.92582959568449,67.37200164333171
676,33.800000000000004,sturn,192,stanley,1.2,315.19677734375,-248.52305603027344,315.1908264160156,-247.92332458496094,-89.4948959350586,-3.346934337282821e-05,0.35,0.0,0.0006027596422201759,0.005821228027337926,86,-1,5.926604386643608,67.2123913537405
677,33.85,sturn,192,stanley,1.2,315.1994323730469,-248.8194122314453,315.1908264160156,-247.92332458496094,-89.49822998046875,5.775423113636392e-05,0.35,0.0,0.0006150127747331473,0.009155273437518987,86,-1,5.927376261411053,67.05361830980411
678,33.9,sturn,192,stanley,1.2,315.2020568847656,-249.1157989501953,315.2086486816406,-249.92324829101562,-89.49481964111328,-3.755298745279889e-05,0.35,0.0,0.0006086608781277559,0.005744934082056649,87,-1,5.928138268725326,66.89579146479166
679,33.95,sturn,192,stanley,1.2,315.2047119140625,-249.4121856689453,315.2086486816406,-249.92324829101562,-89.49810028076172,5.223571217314278e-05,0.35,0.0,0.0006206418789753204,0.00902557373047466,87,-1,5.928897079022837,66.73888168028058
680,34.0,sturn,192,stanley,1.2,315.20733642578125,-249.7086639404297,315.2086486816406,-249.92324829101562,-89.49472045898438,-3.789355915488242e-05,0.35,0.0,0.0006012901200534492,0.005645751953155367,87,-1,5.929648004998609,66.5829003652696
681,34.050000000000004,sturn,192,stanley,1.2,315.2099914550781,-250.00515747070312,315.2086486816406,-249.92324829101562,-89.498046875,5.35188471643038e-05,0.35,0.0,0.0006123186600720936,0.0089721679687625,87,-1,5.930395884286331,66.42784210478679
682,34.1,sturn,192,stanley,1.2,315.2126159667969,-250.3016815185547,315.2086486816406,-249.92324829101562,-89.49462127685547,-3.778549855073526e-05,0.35,0.0,0.0005925587036521131,0.0055465698242540854,87,-1,5.931134932553562,66.27375828507175
683,34.15,sturn,192,stanley,1.2,315.2152404785156,-250.59825134277344,315.2086486816406,-249.92324829101562,-89.49791717529297,6.308632947779074e-05,0.35,0.0,0.0005723905497340229,0.008842468261718174,87,-1,5.931869936599303,66.12062208493036
684,34.2,sturn,192,stanley,1.2,315.2178649902344,-250.89483642578125,315.2086486816406,-249.92324829101562,-89.4945068359375,-2.7605465781715163e-05,0.35,0.0,0.000552086329983232,0.0054321289062558365,87,-1,5.932597707908392,65.96845609454543
685,34.25,sturn,192,stanley,1.2,315.22052001953125,-251.19149780273438,315.22650146484375,-251.92315673828125,-89.49777221679688,6.867234282978845e-05,0.35,0.0,0.0005431491825564835,0.00869750976562777,88,-1,5.933320421913261,65.81721028503813
686,34.300000000000004,sturn,192,stanley,1.2,315.22314453125,-251.48817443847656,315.22650146484375,-251.92315673828125,-89.4942626953125,-2.458614090764501e-05,0.35,0.0,0.0005220285678094734,0.005187988281264151,88,-1,5.934036747178949,65.66697535099884
687,34.35,sturn,192,stanley,1.2,315.2257995605469,-251.78485107421875,315.22650146484375,-251.92315673828125,-89.49749755859375,6.474921592454367e-05,0.35,0.0,0.0005314243178356825,0.00842285156249304,88,-1,5.934748460566546,65.51771290214141
688,34.4,sturn,192,stanley,1.2,315.2284240722656,-252.08163452148438,315.22650146484375,-251.92315673828125,-89.49398803710938,-2.8196499595167376e-05,0.35,0.0,0.0005093512422597514,0.004913330078129422,88,-1,5.935454178865876,65.36943044062966
689,34.45,sturn,192,stanley,1.2,315.2310791015625,-252.37841796875,315.22650146484375,-251.92315673828125,-89.49724578857422,6.21077451898217e-05,0.35,0.0,0.0005177945314570392,0.008171081542978315,88,-1,5.936149156932139,65.2221347823818
690,34.5,sturn,192,stanley,1.2,315.2336730957031,-252.6752166748047,315.22650146484375,-251.92315673828125,-89.4937744140625,-1.9608164762263894e-05,0.35,0.0,0.0004650690252751867,0.00469970703128078,88,-1,5.936842454479798,65.07590540686404
691,34.550000000000004,sturn,192,stanley,1.2,315.236328125,-252.9720916748047,315.24432373046875,-253.92308044433594,-89.49703979492188,6.715206051057647e-05,0.35,0.0,0.000484879386796519,0.007965087890652714,89,-1,5.937531887525151,64.93061333372533
692,34.6,sturn,192,stanley,1.2,315.23895263671875,-253.2689666748047,315.24432373046875,-253.92308044433594,-89.4935302734375,-2.552945849623615e-05,0.35,0.0,0.000461989916224371,0.004455566406238206,89,-1,5.938214256876135,64.78638276507546
693,34.65,sturn,192,stanley,1.2,315.2416076660156,-253.5658721923828,315.24432373046875,-253.92308044433594,-89.4967269897461,6.338997749033691e-05,0.35,0.0,0.00046934467876003473,0.007652282714851901,89,-1,5.938892080802091,64.6431525912988
694,34.7,sturn,192,stanley,1.2,315.2442321777344,-253.8628387451172,315.24432373046875,-253.92308044433594,-89.49325561523438,-2.7934164215246487e-05,0.35,0.0,0.00044563881319166835,0.004180908203154365,89,-1,5.939565826301538,64.50096948240562
695,34.75,sturn,192,stanley,1.2,315.24688720703125,-254.15982055664062,315.24432373046875,-253.92308044433594,-89.49651336669922,6.295384114127839e-05,0.35,0.0,0.00045231324656381773,0.00743865966800326,89,-1,5.940235539468565,64.3598085182577
696,34.800000000000004,sturn,192,stanley,1.2,315.24951171875,-254.4568328857422,315.24432373046875,-253.92308044433594,-89.49304962158203,-2.802002341562573e-05,0.35,0.0,0.0004281991834973421,0.003974914550828762,89,-1,5.940898341101283,64.21972373539202
697,34.85,sturn,192,stanley,1.2,315.2521667480469,-254.75390625,315.24432373046875,-253.92308044433594,-89.49627685546875,6.226553264935568e-05,0.35,0.0,0.0004340572218732748,0.007202148437534613,89,-1,5.941556624534866,64.08065437818894
698,34.9,sturn,192,stanley,1.2,315.2547912597656,-255.05096435546875,315.2621765136719,-255.92300415039062,-89.4927978515625,-2.2951428286720167e-05,0.35,0.0,0.0003912020638557334,0.003723144531263149,90,-1,5.942207499147062,63.94269697896711
699,34.95,sturn,192,stanley,1.2,315.2574462890625,-255.34808349609375,315.2621765136719,-255.92300415039062,-89.49606323242188,6.855775487454383e-05,0.35,0.0,0.0003966519047335559,0.006988525390635082,90,-1,5.942853005202188,63.80576964771353
700,35.0,sturn,192,stanley,1.2,315.2600402832031,-255.64524841308594,315.2621765136719,-255.92300415039062,-89.4925537109375,-1.3194160897506242e-05,0.35,0.0,0.00034066081856683195,0.0034790039062714637,90,-1,5.943492511687488,63.669968595927976
701,35.050000000000004,sturn,192,stanley,1.2,315.2626953125,-255.94241333007812,315.2621765136719,-255.92300415039062,-89.4957275390625,7.583253798730843e-05,0.35,0.0,0.0003457024619465453,0.006652832031265154,90,-1,5.9441295459806796,63.53521258502378
702,35.1,sturn,192,stanley,1.2,315.26531982421875,-256.2396240234375,315.2621765136719,-255.92300415039062,-89.49221801757812,-1.587446084107288e-05,0.35,0.0,0.00031981954305493115,0.0031433105469015348,90,-1,5.9447600259638005,63.40157037188478
703,35.15,sturn,192,stanley,1.2,315.2679748535156,-256.5368957519531,315.2621765136719,-255.92300415039062,-89.4953842163086,7.32484227958808e-05,0.35,0.0,0.00032390872560572343,0.006309509277372186,90,-1,5.945388806535218,63.26898807568885
704,35.2,sturn,192,stanley,1.2,315.2705993652344,-256.83416748046875,315.2621765136719,-255.92300415039062,-89.49185180664062,-1.8935427308246452e-05,0.35,0.0,0.00029748154338329717,0.002777099609388562,90,-1,5.946011112019275,63.13755466154101
705,35.25,sturn,192,stanley,1.2,315.27325439453125,-257.1314392089844,315.2799987792969,-257.92291259765625,-89.49505615234375,6.729694412311332e-05,0.35,0.0,0.00031361812742165037,0.005981445312525296,91,-1,5.946630790815134,63.0072221661664
706,35.300000000000004,sturn,192,stanley,1.2,315.27587890625,-257.4288024902344,315.2799987792969,-257.92291259765625,-89.49154663085938,-2.3965670333727483e-05,0.35,0.0,0.0002863745502030071,0.0024719238281616773,91,-1,5.947241102766309,62.878013825507274
707,35.35,sturn,192,stanley,1.2,315.2785339355469,-257.7261657714844,315.2799987792969,-257.92291259765625,-89.4947509765625,6.65158009844243e-05,0.35,0.0,0.0002896473377575822,0.005676269531247523,91,-1,5.947848353671058,62.749921030452526
708,35.4,sturn,192,stanley,1.2,315.2811279296875,-258.0235290527344,315.2799987792969,-257.92291259765625,-89.49126434326172,-1.4017857636143447e-05,0.35,0.0,0.00023188739576571942,0.002189636230503909,91,-1,5.948451077755323,62.62303385004064
709,35.45,sturn,192,stanley,1.2,315.2837829589844,-258.32098388671875,315.2799987792969,-257.92291259765625,-89.49444580078125,7.607749734956957e-05,0.35,0.0,0.00023434378832407673,0.005371093750020638,91,-1,5.949048520146351,62.49721063841664
710,35.5,sturn,192,stanley,1.2,315.2864074707031,-258.6184387207031,315.2799987792969,-257.92291259765625,-89.49093627929688,-1.4922136874729948e-05,0.35,0.0,0.00020628381610921474,0.001861572265657019,91,-1,5.949639431938198,62.37258014086993
711,35.550000000000004,sturn,192,stanley,1.2,315.2890625,-258.9159240722656,315.2799987792969,-257.92291259765625,-89.49411010742188,7.504428717901731e-05,0.35,0.0,0.00020846807700216664,0.005035400390650709,91,-1,5.950228176372605,62.24908135232807
712,35.6,sturn,192,stanley,1.2,315.29168701171875,-259.21343994140625,315.2978210449219,-259.9228515625,-89.49053192138672,-2.1807088875418492e-05,0.35,0.0,0.00019218337460945832,0.0014572143554779633,92,-1,5.950812366458312,62.12677737672456
713,35.65,sturn,192,stanley,1.2,315.2943420410156,-259.5110168457031,315.2978210449219,-259.9228515625,-89.49373626708984,6.93003152616982e-05,0.35,0.0,0.00019355124050619236,0.004661560058614698,92,-1,5.951391444611773,62.00560758498091
714,35.7,sturn,192,stanley,1.2,315.29693603515625,-259.8085632324219,315.2978210449219,-259.9228515625,-89.49022674560547,-1.1363188090540685e-05,0.35,0.0,0.00013415850852189365,0.0011520385742510787,92,-1,5.951965574887157,61.88569968785655
715,35.75,sturn,192,stanley,1.2,315.2995910644531,-260.1061706542969,315.2978210449219,-259.9228515625,-89.49340057373047,7.896024508166227e-05,0.35,0.0,0.0001352542427532214,0.004325866699244768,92,-1,5.952535368891968,61.76691252010557
716,35.800000000000004,sturn,192,stanley,1.2,315.3022155761719,-260.40380859375,315.2978210449219,-259.9228515625,-89.4898681640625,-1.2163377280542586e-05,0.35,0.0,0.00010556148054592478,0.0007934570312611447,92,-1,5.953100556373294,61.64934969814398
717,35.85,sturn,192,stanley,1.2,315.30487060546875,-260.70147705078125,315.2978210449219,-259.9228515625,-89.49298095703125,7.659488545375484e-05,0.35,0.0,0.00010611295144644008,0.003906250000019635,92,-1,5.953661181472668,61.53296223935955
718,35.9,sturn,192,stanley,1.2,315.3074951171875,-260.9991455078125,315.315673828125,-261.9227600097656,-89.48944091796875,-8.5664303803092e-06,0.35,0.0,5.767909428807706e-05,0.00036621093751297275,93,-1,5.954216284899102,61.417825307651576
719,35.95,sturn,192,stanley,1.2,315.3101501464844,-261.296875,315.315673828125,-261.9227600097656,-89.49258422851562,8.124183210158226e-05,0.35,0.0,5.768630185778133e-05,0.003509521484363619,93,-1,5.954769351412493,61.30386657014489
720,36.0,sturn,192,stanley,1.2,315.3127746582031,-261.5946350097656,315.315673828125,-261.9227600097656,-89.489013671875,-1.0618777259558238e-05,0.35,0.0,2.6905012988860232e-05,-6.103515623519917e-05,93,-1,5.955315932005998,61.1911614883199
721,36.050000000000004,sturn,192,stanley,1.2,315.3154296875,-261.8923645019531,315.315673828125,-261.9227600097656,-89.49211883544922,7.809861665755333e-05,0.35,0.0,2.6912220558564064e-05,0.003044128418000253,93,-1,5.955860811003293,61.07968281537878
722,36.1,sturn,192,stanley,1.2,315.31805419921875,-262.1901550292969,315.315673828125,-261.9227600097656,-89.48855590820312,-1.3457051883355983e-05,0.35,0.0,-4.141199975762986e-06,-0.0005187988280755262,93,-1,5.956400662288053,60.969460842087
723,36.15,sturn,192,stanley,1.2,315.3207092285156,-262.4880065917969,315.315673828125,-261.9227600097656,-89.49172973632812,7.758021754533073e-05,0.35,0.0,-5.222519067682972e-06,0.002655029296867275,93,-1,5.956934064687054,60.860446241400965
724,36.2,sturn,192,stanley,1.2,315.32330322265625,-262.7858581542969,315.315673828125,-261.9227600097656,-89.4881591796875,-3.954227482899844e-06,0.35,0.0,-6.733656770604047e-05,-0.0009155273437315431,93,-1,5.957465348379036,60.75275357310352
725,36.25,sturn,192,stanley,1.2,315.3259582519531,-263.0837097167969,315.33349609375,-263.9226989746094,-89.49130249023438,8.214729931469068e-05,0.35,0.0,-5.609835364499532e-05,0.002227783203169992,94,-1,5.957991782191936,60.646275385448654
726,36.300000000000004,sturn,192,stanley,1.2,315.32855224609375,-263.3816223144531,315.33349609375,-263.9226989746094,-89.48770141601562,-8.471697552087116e-08,0.35,0.0,-0.00011875666561416472,-0.001373291015622759,94,-1,5.958514500049013,60.54111185943669
727,36.35,sturn,192,stanley,1.2,315.33123779296875,-263.6795654296875,315.33349609375,-263.9226989746094,-89.49080657958984,7.919653743895935e-05,0.35,0.0,-9.013801492908317e-05,0.001731872558612693,94,-1,5.959034749872116,60.43713748778569
728,36.4,sturn,192,stanley,1.2,315.3338317871094,-263.9775085449219,315.33349609375,-263.9226989746094,-89.48717498779297,-3.822204977186707e-06,0.35,0.0,-0.00015306845856365901,-0.001899719238272213,94,-1,5.9595454423533045,60.33454166702926
729,36.45,sturn,192,stanley,1.2,315.33648681640625,-264.27545166015625,315.33349609375,-263.9226989746094,-89.4903335571289,8.704382703016268e-05,0.35,0.0,-0.00015496617265179638,0.0012588500976753994,94,-1,5.96005227573565,60.23318736712847
730,36.5,sturn,192,stanley,1.2,315.339111328125,-264.573486328125,315.33349609375,-263.9226989746094,-89.4866943359375,-5.98643039402396e-06,0.35,0.0,-0.00018819664650937106,-0.002380371093732545,94,-1,5.960555512248236,60.13313768075924
731,36.550000000000004,sturn,192,stanley,1.2,315.3417663574219,-264.8715515136719,315.33349609375,-263.9226989746094,-89.48979949951172,8.371143691546347e-05,0.35,0.0,-0.0001911828872591323,0.0007247924805029067,94,-1,5.961054144753343,60.034362256004044
732,36.6,sturn,192,stanley,1.2,315.3443908691406,-265.1695861816406,315.351318359375,-265.9228210449219,-89.4862289428711,-0.0001991074964390794,0.35,0.0,-0.00031196820493523906,-0.010566711425807828,95,-1,5.961550164601804,59.93694505871096
733,36.65,sturn,192,stanley,1.2,315.3470458984375,-265.4676208496094,315.351318359375,-265.9228210449219,-89.4898681640625,-0.00010747741461392338,0.35,0.0,-0.00027451877535092893,-0.006927490234399883,95,-1,5.962042953207921,59.8408247542282
734,36.7,sturn,192,stanley,1.2,315.34967041015625,-265.7657470703125,315.351318359375,-265.9228210449219,-89.48723602294922,-0.00018470810945231582,0.35,0.0,-0.0002683898051376828,-0.009559631347698041,95,-1,5.962530819355991,59.746037551035705
735,36.75,sturn,192,stanley,1.2,315.3523254394531,-266.06390380859375,315.351318359375,-265.9228210449219,-89.49142456054688,-7.702675161983133e-05,0.35,0.0,-0.00023201245315811908,-0.005371093750020638,95,-1,5.963013975392939,59.652551484709555
736,36.800000000000004,sturn,192,stanley,1.2,315.3549499511719,-266.3620300292969,315.351318359375,-265.9228210449219,-89.48888397216797,-0.00015164009658312426,0.35,0.0,-0.00022588348294487297,-0.007911682128940552,95,-1,5.9634953744531405,59.56044960627766
737,36.85,sturn,192,stanley,1.2,315.35760498046875,-266.6601867675781,315.351318359375,-265.9228210449219,-89.49298095703125,-4.657137283251057e-05,0.35,0.0,-0.00018950613096530965,-0.0038146972656413923,95,-1,5.963970550571779,59.469661614028496
738,36.9,sturn,192,stanley,1.2,315.3602294921875,-266.9584045410156,315.3347473144531,-267.9815673828125,-89.49029541015625,-0.05528545896364775,0.35,0.0,3.1205118410364274e-05,-1.9346313476562527,96,-1,5.9644427129861075,59.3802436029838
739,36.95,sturn,192,stanley,1.2,315.3604736328125,-267.25653076171875,315.3347473144531,-267.9815673828125,-89.61943817138672,-0.05411918438107009,0.35,0.0,0.007688804776040212,-1.8054885864257975,96,-1,5.961048306754863,59.294498833856686
740,37.0,sturn,192,stanley,1.2,315.357421875,-267.5545349121094,315.3347473144531,-267.9815673828125,-89.8760986328125,-0.04822337601181626,0.35,0.0,0.01204848966583622,-1.548828124999974,96,-1,5.960078371271005,59.2133293313177
741,37.050000000000004,sturn,192,stanley,1.2,315.35247802734375,-267.85247802734375,315.3347473144531,-267.9815673828125,-90.17178344726562,-0.04058829231357407,0.35,0.0,0.014515152043332242,-1.2531433105468748,96,-1,5.9600110737152185,59.13538620185466
742,37.1,sturn,192,stanley,1.2,315.3462829589844,-268.1504211425781,315.3347473144531,-267.9815673828125,-90.44538116455078,-0.0331712481973576,0.35,0.0,0.015730980637865037,-0.9795455932617377,96,-1,5.960817335146817,59.06004828475484
743,37.15,sturn,192,stanley,1.2,315.3393249511719,-268.4483947753906,315.3347473144531,-267.9815673828125,-90.6905746459961,-0.026314803255138013,0.35,0.0,0.01618486458986634,-0.7343521118164075,96,-1,5.961371486411318,58.98684712769115
744,37.2,sturn,192,stanley,1.2,315.33184814453125,-268.7463684082031,315.3347473144531,-267.9815673828125,-90.88884735107422,-0.02062779700104414,0.35,0.0,0.01612011014405362,-0.5360794067382475,96,-1,5.962195088323681,58.91556372133293
745,37.25,sturn,192,stanley,1.2,315.3240661621094,-269.0443420410156,315.24896240234375,-270.0385437011719,-91.0550537109375,-0.07120053786540109,0.35,0.0,0.016825823530097733,-2.298004150390574,97,-1,5.96271384675036,58.845998745641054
746,37.300000000000004,sturn,192,stanley,1.2,315.3136291503906,-269.3421630859375,315.24896240234375,-270.0385437011719,-91.30870819091797,-0.06626388326483766,0.35,0.0,0.023825785595805303,-2.044349670410136,97,-1,5.959293408588188,58.78047110761078
747,37.35,sturn,192,stanley,1.2,315.2999267578125,-269.63970947265625,315.24896240234375,-270.0385437011719,-91.67119598388672,-0.05713656652193795,0.35,0.0,0.027549892518860086,-1.6818618774413518,97,-1,5.958051869287637,58.719615018462655
748,37.4,sturn,192,stanley,1.2,315.2841491699219,-269.9371643066406,315.24896240234375,-270.0385437011719,-92.03515625,-0.047279643415973356,0.35,0.0,0.02919700191081669,-1.3179016113280948,97,-1,5.958737952857924,58.66224399283375
749,37.45,sturn,192,stanley,1.2,315.2671813964844,-270.2345886230469,315.24896240234375,-270.0385437011719,-92.37144470214844,-0.03782109342412433,0.35,0.0,0.029654178328209834,-0.9816131591796694,97,-1,5.959360537803428,58.607494292745386
750,37.5,sturn,192,stanley,1.2,315.2493896484375,-270.53204345703125,315.24896240234375,-270.0385437011719,-92.65129852294922,-0.0297036757392997,0.35,0.0,0.02929057564034835,-0.7017593383788725,97,-1,5.960435643528298,58.55500346599382
751,37.550000000000004,sturn,192,stanley,1.2,315.23114013671875,-270.8294677734375,315.24896240234375,-270.0385437011719,-92.88607025146484,-0.022723880294263577,0.35,0.0,0.028468208006948156,-0.46698760986325966,97,-1,5.961075385844088,58.50443605651384
752,37.6,sturn,192,stanley,1.2,315.2125244140625,-271.1269836425781,315.0939636230469,-272.09149169921875,-93.06645965576172,-0.07292576061565306,0.35,0.0,0.029280634195193472,-2.2147293090820415,98,-1,5.961888879979587,58.45568061121286
753,37.65,sturn,192,stanley,1.2,315.19134521484375,-271.4241638183594,315.0939636230469,-272.09149169921875,-93.34172821044922,-0.06713235673594475,0.35,0.0,0.03554489579986658,-1.9394607543945268,98,-1,5.958102616708534,58.410981008120565
754,37.7,sturn,192,stanley,1.2,315.1668701171875,-271.7209777832031,315.0939636230469,-272.09149169921875,-93.70769500732422,-0.057649579646468725,0.35,0.0,0.03849354275181015,-1.5734939575195224,98,-1,5.95750064475254,58.37106640215561
755,37.75,sturn,192,stanley,1.2,315.14044189453125,-272.0176696777344,315.0939636230469,-272.09149169921875,-94.084228515625,-0.047218258592595125,0.35,0.0,0.039486119976022145,-1.196960449218761,98,-1,5.957726299916495,58.334580970143584
756,37.800000000000004,sturn,192,stanley,1.2,315.11279296875,-272.3142395019531,315.0939636230469,-272.09149169921875,-94.41659545898438,-0.03764240989538695,0.35,0.0,0.03925194019549262,-0.8645935058594014,98,-1,5.958849606275078,58.30081471256912
757,37.85,sturn,192,stanley,1.2,315.08441162109375,-272.61083984375,315.0939636230469,-272.09149169921875,-94.70342254638672,-0.029129150556787848,0.35,0.0,0.038291256641912574,-0.5777664184570155,98,-1,5.959564820624613,58.26926342322342
758,37.9,sturn,192,stanley,1.2,315.0555114746094,-272.9074401855469,315.0939636230469,-272.09149169921875,-94.92999267578125,-0.022166846588251316,0.35,0.0,0.03681397657621459,-0.351196289062524,98,-1,5.9605226072057675,58.239728496479295
759,37.95,sturn,192,stanley,1.2,315.02642822265625,-273.2040100097656,314.8700256347656,-274.1380615234375,-95.11419677734375,-0.0723657317021119,0.35,0.0,0.03794768086200556,-2.0951232910156135,99,-1,5.961103047026668,58.211889769949956
760,38.0,sturn,192,stanley,1.2,314.99468994140625,-273.5002136230469,314.8700256347656,-274.1380615234375,-95.37969970703125,-0.06666121148694881,0.35,0.0,0.043632271362966504,-1.8296203613280717,99,-1,5.95774668698365,58.188241144161665
761,38.050000000000004,sturn,192,stanley,1.2,314.9597473144531,-273.79595947265625,314.8700256347656,-274.1380615234375,-95.74896240234375,-0.05692091558399172,0.35,0.0,0.04608040187841439,-1.4603576660156032,99,-1,5.95660210522716,58.16934332466866
762,38.1,sturn,192,stanley,1.2,314.92279052734375,-274.0914611816406,314.8700256347656,-274.1380615234375,-96.11529541015625,-0.04659053796305587,0.35,0.0,0.04649965724828418,-1.0940246582030857,99,-1,5.957369179157351,58.15399054063049
763,38.15,sturn,192,stanley,1.2,314.88470458984375,-274.38690185546875,314.8700256347656,-274.1380615234375,-96.45032501220703,-0.03678291827909907,0.35,0.0,0.045791029367485234,-0.758995056152285,99,-1,5.95803898976833,58.141282541179336
764,38.2,sturn,192,stanley,1.2,314.8459167480469,-274.6822814941406,314.8700256347656,-274.1380615234375,-96.7260513305664,-0.028436612687182457,0.35,0.0,0.044378386650643836,-0.48326873779293017,99,-1,5.959133140474719,58.130800780418454
765,38.25,sturn,192,stanley,1.2,314.80670166015625,-274.9776611328125,314.8700256347656,-274.1380615234375,-96.95458221435547,-0.02130026832418536,0.35,0.0,0.04254187551917617,-0.25473785400388044,99,-1,5.959784027483838,58.12226609568125
766,38.300000000000004,sturn,192,stanley,1.2,314.7672119140625,-275.27301025390625,314.5773010253906,-276.17596435546875,-97.12732696533203,-0.07196860194073496,0.35,0.0,0.044108731576384896,-2.010124206542991,100,-1,5.960595911221699,58.115534052487206
767,38.35,sturn,192,stanley,1.2,314.72515869140625,-275.56793212890625,314.5773010253906,-276.17596435546875,-97.39501953125,-0.06608199837924675,0.35,0.0,0.04942376726059858,-1.7424316406249962,100,-1,5.956850429827055,58.1129276607978
768,38.400000000000006,sturn,192,stanley,1.2,314.6799011230469,-275.86224365234375,314.5773010253906,-276.17596435546875,-97.7542724609375,-0.056496701632086255,0.35,0.0,0.05147819375974337,-1.3831787109374922,100,-1,5.956274272632943,58.115106931568135
769,38.45,sturn,192,stanley,1.2,314.63275146484375,-276.15625,314.5773010253906,-276.17596435546875,-98.12403106689453,-0.04597693400173941,0.35,0.0,0.05161607765806151,-1.0134201049804663,100,-1,5.956521447874787,58.12072783044969
770,38.5,sturn,192,stanley,1.2,314.58441162109375,-276.45013427734375,314.5773010253906,-276.17596435546875,-98.44910430908203,-0.0363375693773749,0.35,0.0,0.05055949401944379,-0.6883468627929688,100,-1,5.957643249396032,58.12906939419262
771,38.550000000000004,sturn,192,stanley,1.2,314.53533935546875,-276.7439270019531,314.5773010253906,-276.17596435546875,-98.72827911376953,-0.0277676425433252,0.35,0.0,0.04876524389060145,-0.4091720581054855,100,-1,5.958362580128288,58.139673636297964
772,38.6,sturn,192,stanley,1.2,314.48590087890625,-277.0376892089844,314.5773010253906,-276.17596435546875,-98.94671630859375,-0.020811851662858396,0.35,0.0,0.04660458366503488,-0.19073486328125538,100,-1,5.959309265317646,58.15216886528105
773,38.650000000000006,sturn,192,stanley,1.2,314.4362487792969,-277.3315124511719,314.2162170410156,-278.2028503417969,-99.12257385253906,-0.07156615997637722,0.35,0.0,0.048703385234522195,-1.9429779052734135,101,-1,5.959889862685925,58.16639209480387
774,38.7,sturn,192,stanley,1.2,314.3840637207031,-277.624755859375,314.2162170410156,-278.2028503417969,-99.38078308105469,-0.0658689672101303,0.35,0.0,0.05377131625956161,-1.6847686767578356,101,-1,5.956541545325014,58.184719954677725
775,38.75,sturn,192,stanley,1.2,314.3287048339844,-277.91729736328125,314.2162170410156,-278.2028503417969,-99.7442398071289,-0.056087606040091054,0.35,0.0,0.05558970836172618,-1.321311950683608,101,-1,5.955405685232466,58.20779685135897
776,38.800000000000004,sturn,192,stanley,1.2,314.2713928222656,-278.20947265625,314.2162170410156,-278.2028503417969,-100.10523986816406,-0.045715299712166375,0.35,0.0,0.05542099992263721,-0.9603118896484452,101,-1,5.956180020971536,58.234367115649945
777,38.85,sturn,192,stanley,1.2,314.2130126953125,-278.5014953613281,314.2162170410156,-278.2028503417969,-100.43492126464844,-0.03588280340715451,0.35,0.0,0.05417474790332602,-0.6306304931640958,101,-1,5.95686274393671,58.26352472158199
778,38.900000000000006,sturn,192,stanley,1.2,314.15386962890625,-278.79339599609375,314.2162170410156,-278.2028503417969,-100.70513916015625,-0.027493587259821893,0.35,0.0,0.052156311627529026,-0.3604125976562273,101,-1,5.957954214938499,58.294960014778944
779,38.95,sturn,192,stanley,1.2,314.0943603515625,-279.08526611328125,314.2162170410156,-278.2028503417969,-100.92804718017578,-0.020337115417542573,0.35,0.0,0.04977261562286765,-0.1375045776367129,101,-1,5.958612863482515,58.32826664343247
780,39.0,sturn,192,stanley,1.2,314.03460693359375,-279.3771667480469,313.7871398925781,-280.2164306640625,-101.09489440917969,-0.07153233795083103,0.35,0.0,0.0524274726729477,-1.8987884521484426,102,-1,5.959416500879085,58.36331543336746
781,39.050000000000004,sturn,192,stanley,1.2,313.972412109375,-279.66839599609375,313.7871398925781,-280.2164306640625,-101.3576431274414,-0.06564510456246447,0.35,0.0,0.05730619511118967,-1.6360397338867203,102,-1,5.95567169709467,58.40234889175453
782,39.1,sturn,192,stanley,1.2,313.9069519042969,-279.9588317871094,313.7871398925781,-280.2164306640625,-101.71338653564453,-0.05598370894384685,0.35,0.0,0.05882474346712172,-1.28029632568358,102,-1,5.955091450193924,58.446187374849906
783,39.150000000000006,sturn,192,stanley,1.2,313.8397216796875,-280.2488708496094,313.7871398925781,-280.2164306640625,-102.07991027832031,-0.0454133356821952,0.35,0.0,0.058529392011096346,-0.913772583007783,102,-1,5.9553540819296495,58.49330084762898
784,39.2,sturn,192,stanley,1.2,313.77130126953125,-280.5386657714844,313.7871398925781,-280.2164306640625,-102.40168762207031,-0.03571813239254808,0.35,0.0,0.05701943641190908,-0.5919952392578003,102,-1,5.956481675394384,58.54309350813548
785,39.25,sturn,192,stanley,1.2,313.7022399902344,-280.828369140625,313.7871398925781,-280.2164306640625,-102.67720031738281,-0.02713350618982475,0.35,0.0,0.054864436167066,-0.3164825439452942,102,-1,5.957210582430379,58.59500203765872
786,39.300000000000004,sturn,192,stanley,1.2,313.6327209472656,-281.1180114746094,313.7871398925781,-280.2164306640625,-102.89186096191406,-0.02013546784260976,0.35,0.0,0.05224966998716296,-0.1018218994140394,102,-1,5.958158981740204,58.648837295287564
787,39.35,sturn,192,stanley,1.2,313.5630798339844,-281.4076843261719,313.29052734375,-282.21441650390625,-103.06367492675781,-0.07142767859199828,0.35,0.0,0.05562740646119124,-1.8581390380859275,103,-1,5.958743700888871,58.70425512904928
788,39.400000000000006,sturn,192,stanley,1.2,313.49090576171875,-281.69659423828125,313.29052734375,-282.21441650390625,-103.31873321533203,-0.06568573129732952,0.35,0.0,0.060281684339293734,-1.6030807495117232,103,-1,5.955369025006081,58.763693585857595
789,39.45,sturn,192,stanley,1.2,313.41558837890625,-281.984619140625,313.29052734375,-282.21441650390625,-103.68031311035156,-0.0558168806562573,0.35,0.0,0.06167075940302167,-1.2415008544921988,103,-1,5.954234645656355,58.8277529529396
790,39.5,sturn,192,stanley,1.2,313.33843994140625,-282.2721252441406,313.29052734375,-282.21441650390625,-104.03965759277344,-0.04537774256325877,0.35,0.0,0.06115693533920581,-0.8821563720703165,103,-1,5.955019106000827,58.89509408753908
791,39.550000000000004,sturn,192,stanley,1.2,313.26019287109375,-282.5593566894531,313.29052734375,-282.21441650390625,-104.36748504638672,-0.035466016441204666,0.35,0.0,0.05951080175608544,-0.5543289184570503,103,-1,5.955712517569043,58.96496668984749
792,39.6,sturn,192,stanley,1.2,313.18121337890625,-282.84649658203125,313.29052734375,-282.21441650390625,-104.63549041748047,-0.027021186441137292,0.35,0.0,0.05713337005314974,-0.2863235473633057,103,-1,5.956810183141253,59.036992034332656
793,39.650000000000006,sturn,192,stanley,1.2,313.1019287109375,-283.133544921875,313.29052734375,-282.21441650390625,-104.85576629638672,-0.019836646039773826,0.35,0.0,0.0544374787793426,-0.06604766845703854,103,-1,5.9574771868424765,59.11073666770129
794,39.7,sturn,192,stanley,1.2,313.02239990234375,-283.4206237792969,312.72698974609375,-284.1946105957031,-105.01966094970703,-0.07153890825119165,0.35,0.0,0.05837475802212655,-1.8302841186523393,104,-1,5.958285129611702,59.18613156974717
795,39.75,sturn,192,stanley,1.2,312.9404296875,-283.7068786621094,312.72698974609375,-284.1946105957031,-105.28031158447266,-0.06559642521961628,0.35,0.0,0.0628993670981842,-1.5696334838866919,104,-1,5.954508133813446,59.26537513128662
796,39.800000000000004,sturn,192,stanley,1.2,312.8553161621094,-283.99212646484375,312.72698974609375,-284.1946105957031,-105.63507843017578,-0.05586614494453141,0.35,0.0,0.06412369834013158,-1.214866638183569,104,-1,5.953926144606669,59.34915244756104
797,39.85,sturn,192,stanley,1.2,312.7684326171875,-284.27679443359375,312.72698974609375,-284.1946105957031,-106.00082397460938,-0.045204939716140057,0.35,0.0,0.06348592770846614,-0.8491210937499872,104,-1,5.954194110615212,59.43607113975584
798,39.900000000000006,sturn,192,stanley,1.2,312.68035888671875,-284.5611572265625,312.72698974609375,-284.1946105957031,-106.32161712646484,-0.035420200985305635,0.35,0.0,0.061620609407655284,-0.5283279418944944,104,-1,5.955338522622034,59.525539062444906
799,39.95,sturn,192,stanley,1.2,312.5916748046875,-284.8454284667969,312.72698974609375,-284.1946105957031,-106.5956802368164,-0.026770784892845265,0.35,0.0,0.059144605614086104,-0.2542648315429431,104,-1,5.956079976004478,59.6169684284627
800,40.0,sturn,192,stanley,1.2,312.50262451171875,-285.12957763671875,312.72698974609375,-284.1946105957031,-106.80838775634766,-0.019746676238564367,0.35,0.0,0.05628272929397357,-0.04155731201172359,104,-1,5.957035817080517,59.71010702099337
801,40.050000000000004,sturn,192,stanley,1.2,312.4134216308594,-285.41375732421875,312.09716796875,-286.1546936035156,-106.97804260253906,-0.07151266369779676,0.35,0.0,0.06091033211141417,-1.8000335693359726,105,-1,5.957630241154056,59.80473645932083
802,40.1,sturn,192,stanley,1.2,312.32171630859375,-285.6970520019531,312.09716796875,-286.1546936035156,-107.23157501220703,-0.06572170373064859,0.35,0.0,0.06527978669556098,-1.5465011596679537,105,-1,5.954226399534263,59.90317583760862
803,40.150000000000006,sturn,192,stanley,1.2,312.2269592285156,-285.9792175292969,312.09716796875,-286.1546936035156,-107.59278106689453,-0.05577406458438464,0.35,0.0,0.06639644349708744,-1.1852951049804652,105,-1,5.953087593682954,60.00594686213833
804,40.2,sturn,192,stanley,1.2,312.1303405761719,-286.2607116699219,312.09716796875,-286.1546936035156,-107.95184326171875,-0.04522788441565208,0.35,0.0,0.06553449316789282,-0.8262329101562407,105,-1,5.953880744410464,60.111852657971006
805,40.25,sturn,192,stanley,1.2,312.03271484375,-286.5419006347656,312.09716796875,-286.1546936035156,-108.27912139892578,-0.035243322144991034,0.35,0.0,0.06362082997719971,-0.4989547729492439,105,-1,5.954581586829839,60.220037110549505
806,40.300000000000004,sturn,192,stanley,1.2,311.9343566894531,-286.82293701171875,312.09716796875,-286.1546936035156,-108.54608154296875,-0.026736000036991957,0.35,0.0,0.06096461132693695,-0.23199462890627515,105,-1,5.955688183281285,60.33022101777865
807,40.35,sturn,192,stanley,1.2,311.835693359375,-287.1039123535156,312.09716796875,-286.1546936035156,-108.76493072509766,-0.01950323348324869,0.35,0.0,0.05799981321130926,-0.013145446777342936,105,-1,5.956361722011237,60.44197267344783
808,40.400000000000006,sturn,192,stanley,1.2,311.7367858886719,-287.3848876953125,311.4017028808594,-288.09246826171875,-108.92707061767578,-0.07169016281246957,0.35,0.0,0.06325492835774299,-1.7791366577148255,106,-1,5.957177726154007,60.55522637686687
809,40.45,sturn,192,stanley,1.2,311.63555908203125,-287.6648864746094,311.4017028808594,-288.09246826171875,-109.18663787841797,-0.06571013310699395,0.35,0.0,0.06756769358052975,-1.51956939697262,106,-1,5.953367868300009,60.67198962103585
810,40.5,sturn,192,stanley,1.2,311.53125,-287.9435729980469,311.4017028808594,-288.09246826171875,-109.54142761230469,-0.05589407517039981,0.35,0.0,0.06853329831817156,-1.1647796630859282,106,-1,5.952780232216455,60.79298063500338
811,40.550000000000004,sturn,192,stanley,1.2,311.4251708984375,-288.2216491699219,311.4017028808594,-288.09246826171875,-109.9073715209961,-0.04513859238678557,0.35,0.0,0.06762741086551538,-0.7988357543945437,106,-1,5.95306158784577,60.916909937281034
812,40.6,sturn,192,stanley,1.2,311.3179931640625,-288.49932861328125,311.4017028808594,-288.09246826171875,-110.22799682617188,-0.035289477316291354,0.35,0.0,0.06555358222886142,-0.47821044921876127,106,-1,5.954212630515355,61.04310615667286
813,40.650000000000006,sturn,192,stanley,1.2,311.2101745605469,-288.77685546875,311.4017028808594,-288.09246826171875,-110.5015640258789,-0.026571025755231032,0.35,0.0,0.06282632948108977,-0.20464324951171642,106,-1,5.954964111570538,61.1711177531809
814,40.7,sturn,192,stanley,1.2,311.10198974609375,-289.05426025390625,311.4017028808594,-288.09246826171875,-110.71340942382812,-0.01948836720291787,0.35,0.0,0.0597133597682713,0.007202148437483724,106,-1,5.9559261549908635,61.300663346414694
815,40.75,sturn,192,stanley,1.2,310.9936218261719,-289.3316650390625,310.6414489746094,-290.0057678222656,-110.88176727294922,-0.07171358568150457,0.35,0.0,0.06562092707088335,-1.752571105957056,107,-1,5.9565271021425525,61.431561407611156
816,40.800000000000004,sturn,192,stanley,1.2,310.88287353515625,-289.6080017089844,310.6414489746094,-290.0057678222656,-111.13459014892578,-0.06586493084993421,0.35,0.0,0.06975026533635295,-1.4997482299804938,107,-1,5.95309008286757,61.56589771562284
817,40.85,sturn,192,stanley,1.2,310.7691650390625,-289.88299560546875,310.6414489746094,-290.0057678222656,-111.49612426757812,-0.05583031935578845,0.35,0.0,0.07063062988912339,-1.1382141113281585,107,-1,5.951944165152879,61.704199964744156
818,40.900000000000006,sturn,192,stanley,1.2,310.6536560058594,-290.1572265625,310.6414489746094,-290.0057678222656,-111.85562133789062,-0.0452011077678167,0.35,0.0,0.0695555190332689,-0.7787170410156626,107,-1,5.952748031016119,61.845342354661135
819,40.95,sturn,192,stanley,1.2,310.537109375,-290.43109130859375,310.6414489746094,-290.0057678222656,-112.1830062866211,-0.035127390937345404,0.35,0.0,0.067381790817998,-0.4513320922851398,107,-1,5.95346040386262,61.98858678528537
820,41.0,sturn,192,stanley,1.2,310.41986083984375,-290.7047119140625,310.6414489746094,-290.0057678222656,-112.44963073730469,-0.026543705099283013,0.35,0.0,0.06446626199437935,-0.18470764160159187,107,-1,5.954578956079968,62.1335988302635
821,41.050000000000004,sturn,192,stanley,1.2,310.3023376464844,-290.978271484375,310.6414489746094,-290.0057678222656,-112.66766357421875,-0.019258824945792764,0.35,0.0,0.06127373992348911,0.03332519531245919,107,-1,5.955262725803997,62.27996237826306
822,41.1,sturn,192,stanley,1.2,310.18463134765625,-291.2518005371094,309.8172912597656,-291.89239501953125,-112.82858276367188,-0.07190433727109588,0.35,0.0,0.0678133681510239,-1.7338867187499818,108,-1,5.956082802313615,62.42758120052349
823,41.150000000000006,sturn,192,stanley,1.2,310.06463623046875,-291.524169921875,309.8172912597656,-291.89239501953125,-113.08757781982422,-0.06586628124268364,0.35,0.0,0.07189667998171806,-1.4748916625976658,108,-1,5.952237121467906,62.578404510133666
824,41.2,sturn,192,stanley,1.2,309.9416198730469,-291.7950744628906,309.8172912597656,-291.89239501953125,-113.44278717041016,-0.055959568014422076,0.35,0.0,0.07262323410685713,-1.1196823120116979,108,-1,5.951643425538017,62.733096849627856
825,41.25,sturn,192,stanley,1.2,309.81689453125,-292.0652160644531,309.8172912597656,-291.89239501953125,-113.80921173095703,-0.04511131325855306,0.35,0.0,0.07147830967934446,-0.7532577514648532,108,-1,5.951936719716691,62.890415297996796
826,41.300000000000004,sturn,192,stanley,1.2,309.6910705566406,-292.3348693847656,309.8172912597656,-291.89239501953125,-114.12998962402344,-0.0351672543243686,0.35,0.0,0.0691311980182185,-0.4324798583984063,108,-1,5.953103643647242,63.04977112955999
827,41.35,sturn,192,stanley,1.2,309.5646667480469,-292.6043701171875,309.8172912597656,-291.89239501953125,-114.40326690673828,-0.026387264372922388,0.35,0.0,0.0661932938506487,-0.1592025756835932,108,-1,5.953863635466679,63.21068015427491
828,41.400000000000006,sturn,192,stanley,1.2,309.4378967285156,-292.8737487792969,308.9300842285156,-293.7502136230469,-114.61429595947266,-0.07457092225019585,0.35,0.0,0.06354827659731321,-1.8762893676757273,109,-1,5.954833098605313,63.37292469744412
829,41.45,sturn,192,stanley,1.2,309.3088073730469,-293.1418762207031,308.9300842285156,-293.7502136230469,-114.91104125976562,-0.06744589975206301,0.35,0.0,0.06761076111011022,-1.579544067382806,109,-1,5.951234385962564,63.538268315398966
830,41.5,sturn,192,stanley,1.2,309.1768798828125,-293.40850830078125,308.9300842285156,-293.7502136230469,-115.28746795654297,-0.05697442751739668,0.35,0.0,0.06846608619839606,-1.203117370605469,109,-1,5.95089268120737,63.70716287303696
831,41.550000000000004,sturn,192,stanley,1.2,309.0433044433594,-293.6743469238281,308.9300842285156,-293.7502136230469,-115.66626739501953,-0.045828794988692384,0.35,0.0,0.06749256199322334,-0.8243179321288715,109,-1,5.951289531742949,63.8785071478102
832,41.6,sturn,192,stanley,1.2,308.9086608886719,-293.939697265625,308.9300842285156,-293.7502136230469,-115.99472045898438,-0.03573131227554442,0.35,0.0,0.06534526824380679,-0.49586486816405456,109,-1,5.952517480984757,64.05175567277055
833,41.650000000000006,sturn,192,stanley,1.2,308.77349853515625,-294.2048645019531,308.9300842285156,-293.7502136230469,-116.27311706542969,-0.026885703086330027,0.35,0.0,0.06265197123294816,-0.2174682617187355,109,-1,5.9533056598465945,64.2263990758046
834,41.7,sturn,192,stanley,1.2,308.6379089355469,-294.46990966796875,308.9300842285156,-293.7502136230469,-116.48807525634766,-0.019708073436230267,0.35,0.0,0.05952183613735995,-0.002510070800776871,109,-1,5.954295745490734,64.40234645157585
835,41.75,sturn,192,stanley,1.2,308.5022277832031,-294.73486328125,307.98089599609375,-295.5771484375,-116.65853118896484,-0.06930906278333687,0.35,0.0,0.057654782996448495,-1.7601699829100939,110,-1,5.954914928412187,64.57926220925724
836,41.800000000000004,sturn,192,stanley,1.2,308.36431884765625,-294.99859619140625,307.98089599609375,-295.5771484375,-116.90824127197266,-0.06357813262398912,0.35,0.0,0.06187827212731606,-1.510459899902341,110,-1,5.9518274023423094,64.75905420240784
837,41.85,sturn,192,stanley,1.2,308.2237548828125,-295.26080322265625,307.98089599609375,-295.5771484375,-117.25973510742188,-0.05392242807932984,0.35,0.0,0.0630404978121076,-1.1589660644531132,110,-1,5.9508434982333585,64.94206646264568
838,41.900000000000006,sturn,192,stanley,1.2,308.08148193359375,-295.5220947265625,307.98089599609375,-295.5771484375,-117.60768127441406,-0.04372198745471287,0.35,0.0,0.062263973410271414,-0.8110198974609151,110,-1,5.951661592151156,65.12744593775618
839,41.95,sturn,192,stanley,1.2,307.93829345703125,-295.7829284667969,307.98089599609375,-295.5771484375,-117.92452239990234,-0.034073139091037256,0.35,0.0,0.060464393955130674,-0.494178771972631,110,-1,5.952365603979383,65.31447362029657
840,42.0,sturn,192,stanley,1.2,307.7944641113281,-296.04351806640625,307.98089599609375,-295.5771484375,-118.1826171875,-0.025877323237268494,0.35,0.0,0.0579849851132509,-0.23608398437494948,110,-1,5.953463941623463,65.50290471500541
841,42.050000000000004,sturn,192,stanley,1.2,307.6503601074219,-296.3039855957031,307.98089599609375,-295.5771484375,-118.39445495605469,-0.01890587340424215,0.35,0.0,0.055205921585494644,-0.02424621582027237,110,-1,5.954141136983988,65.69239121182697
842,42.1,sturn,192,stanley,1.2,307.5060729980469,-296.56439208984375,306.918212890625,-297.4071350097656,-118.55126190185547,-0.12101968984683374,0.35,0.0,0.04772072918690884,-3.684730529785147,111,-1,5.954956386202899,65.8828459744067
843,42.150000000000006,sturn,192,stanley,1.2,307.35882568359375,-296.8228759765625,306.918212890625,-297.4071350097656,-118.85530090332031,-0.11676076176036712,0.35,0.0,0.06104767826050822,-3.3806915283203125,111,-1,5.945470886761688,66.07662874439873
844,42.2,sturn,192,stanley,1.2,307.20623779296875,-297.07757568359375,306.918212890625,-297.4071350097656,-119.40652465820312,-0.10328079347126266,0.35,0.0,0.06783874617331404,-2.829467773437498,111,-1,5.938622422165562,66.27567825098849
845,42.25,sturn,192,stanley,1.2,307.05029296875,-297.3300476074219,306.918212890625,-297.4071350097656,-120.0280532836914,-0.08644136320628475,0.35,0.0,0.07060200730021063,-2.207939147949209,111,-1,5.937438759796284,66.47830542020293
846,42.300000000000004,sturn,192,stanley,1.2,306.8921813964844,-297.5811767578125,306.918212890625,-297.4071350097656,-120.60733795166016,-0.069954480778443,0.35,0.0,0.07081626096642342,-1.62865447998048,111,-1,5.939153737408806,66.68348872797871
847,42.35,sturn,192,stanley,1.2,306.7326965332031,-297.8316345214844,306.918212890625,-297.4071350097656,-121.1170883178711,-0.0549530709162828,0.35,0.0,0.06951078222161153,-1.1189041137694828,111,-1,5.940549796869446,66.89056581673151
848,42.400000000000006,sturn,192,stanley,1.2,306.5722961425781,-298.08160400390625,306.918212890625,-297.4071350097656,-121.53300476074219,-0.04228905450728102,0.35,0.0,0.06717044411969536,-0.7029876708984557,111,-1,5.942404582209895,67.09911175214233
849,42.45,sturn,192,stanley,1.2,306.4114074707031,-298.3313903808594,306.918212890625,-297.4071350097656,-121.8718490600586,-0.03166161536526857,0.35,0.0,0.06431941941852376,-0.3641433715820135,111,-1,5.943482132781353,67.30876076310055
850,42.5,sturn,192,stanley,1.2,306.2502136230469,-298.5810241699219,305.7146301269531,-299.1656799316406,-122.1295394897461,-0.1532196669471822,0.35,0.0,0.08219193171108435,-4.412162780761678,112,-1,5.944692847571603,67.51933170490638
851,42.550000000000004,sturn,192,stanley,1.2,306.0859375,-298.8283386230469,305.7146301269531,-299.1656799316406,-122.52603149414062,-0.1470015676489352,0.35,0.0,0.09746153149493564,-4.0156707763671715,112,-1,5.932519736923475,67.73305702639047
852,42.6,sturn,192,stanley,1.2,305.91571044921875,-299.0705261230469,305.7146301269531,-299.1656799316406,-123.21379089355469,-0.12987580108964802,0.35,0.0,0.10489738741714412,-3.3279113769530873,112,-1,5.921721608092802,67.95208490928552
853,42.650000000000006,sturn,192,stanley,1.2,305.7414855957031,-299.3096008300781,305.7146301269531,-299.1656799316406,-123.98688507080078,-0.10858505002365444,0.35,0.0,0.10726793289875185,-2.5548171997070113,112,-1,5.919785832117375,68.17489861920534
854,42.7,sturn,192,stanley,1.2,305.5647277832031,-299.5468444824219,305.7146301269531,-299.1656799316406,-124.70912170410156,-0.08768559930170972,0.35,0.0,0.1065132149957738,-1.8325805664062167,112,-1,5.9220973518527265,68.40032086198349
855,42.75,sturn,192,stanley,1.2,305.38629150390625,-299.7830505371094,305.7146301269531,-299.1656799316406,-125.34284210205078,-0.06866512550119344,0.35,0.0,0.10379218342617214,-1.1988601684570332,112,-1,5.9241612573209546,68.6276755589408
856,42.800000000000004,sturn,192,stanley,1.2,305.2068176269531,-300.0186462402344,305.7146301269531,-299.1656799316406,-125.86079406738281,-0.052553424667121575,0.35,0.0,0.09987411327125623,-0.6809082031249655,112,-1,5.9267411959174865,68.85642097429675
857,42.85,sturn,192,stanley,1.2,305.0267333984375,-300.25396728515625,304.3823547363281,-300.82891845703125,-126.28023529052734,-0.16739839774095663,0.35,0.0,0.11139767879627716,-4.56719207763669,113,-1,5.928261310174191,69.08620805371528
858,42.900000000000006,sturn,192,stanley,1.2,304.84344482421875,-300.4864501953125,304.3823547363281,-300.82891845703125,-126.8047103881836,-0.15694151861869873,0.35,0.0,0.1248030669505793,-4.042716979980453,113,-1,5.915584243186051,69.31894406456492
859,42.95,sturn,192,stanley,1.2,304.6546936035156,-300.71343994140625,304.3823547363281,-300.82891845703125,-127.59202575683594,-0.13640494579887755,0.35,0.0,0.13048342732869483,-3.2554016113281143,113,-1,5.90561405744968,69.55615624347053
860,43.0,sturn,192,stanley,1.2,304.4623107910156,-300.93707275390625,304.3823547363281,-300.82891845703125,-128.42015075683594,-0.11298844502452329,0.35,0.0,0.13122106353863427,-2.4272766113280735,113,-1,5.905746525311239,69.79652697168119
861,43.050000000000004,sturn,192,stanley,1.2,304.2675476074219,-301.1588134765625,304.3823547363281,-300.82891845703125,-129.18919372558594,-0.09023651719114274,0.35,0.0,0.12892054303423978,-1.658233642578107,113,-1,5.907757109795271,70.03916402874304
862,43.1,sturn,192,stanley,1.2,304.07122802734375,-301.3794860839844,304.3823547363281,-300.82891845703125,-129.8419647216797,-0.0701746638708784,0.35,0.0,0.12474408275317278,-1.0054626464843366,113,-1,5.911098561897479,70.28344931190321
863,43.150000000000006,sturn,192,stanley,1.2,303.8740234375,-301.59954833984375,304.3823547363281,-300.82891845703125,-130.38223266601562,-0.052981874607680064,0.35,0.0,0.11949895476280087,-0.46519470214841174,113,-1,5.913262974562799,70.52883160920481
864,43.2,sturn,192,stanley,1.2,303.67620849609375,-301.8193359375,302.92901611328125,-302.387451171875,-130.8031768798828,-0.16550049873311423,0.35,0.0,0.12414039240369629,-4.349960327148423,114,-1,5.915509975854757,70.77511919177967
865,43.25,sturn,192,stanley,1.2,303.4755554199219,-302.0360412597656,302.92901611328125,-302.387451171875,-131.3369903564453,-0.1543739097718252,0.35,0.0,0.13627977637513286,-3.81614685058591,114,-1,5.90287669024805,71.02375295926517
866,43.300000000000004,sturn,192,stanley,1.2,303.2699279785156,-302.2469787597656,302.92901611328125,-302.387451171875,-132.1121826171875,-0.13380424454960285,0.35,0.0,0.14082181428401755,-3.040954589843759,114,-1,5.89427527912515,71.27608746833677
867,43.35,sturn,192,stanley,1.2,303.0610656738281,-302.45452880859375,302.92901611328125,-302.387451171875,-132.93392944335938,-0.11028344324069649,0.35,0.0,0.14068089708316578,-2.219207763671849,114,-1,5.893695892427359,71.53100383041448
868,43.400000000000006,sturn,192,stanley,1.2,302.85003662109375,-302.6600646972656,302.92901611328125,-302.387451171875,-133.6809539794922,-0.08788412237028499,0.35,0.0,0.1375839302781665,-1.4721832275390354,114,-1,5.896828322474485,71.78779600374473
869,43.45,sturn,192,stanley,1.2,302.6376953125,-302.8644714355469,302.92901611328125,-302.387451171875,-134.3245849609375,-0.06787018267879925,0.35,0.0,0.13276098077828016,-0.828552246093738,114,-1,5.899366617269463,72.04585080644513
870,43.5,sturn,192,stanley,1.2,302.4244384765625,-303.0682678222656,302.92901611328125,-302.387451171875,-134.84303283691406,-0.051073112711241986,0.35,0.0,0.12685965256701975,-0.3101043701171638,114,-1,5.902241616923774,72.30490973407272
871,43.550000000000004,sturn,192,stanley,1.2,302.2107238769531,-303.2717590332031,301.36273193359375,-303.8324279785156,-135.2568359375,-0.16167833016798208,0.35,0.0,0.12511507929448878,-4.202026367187521,115,-1,5.903985670929562,72.56460393006525
872,43.6,sturn,192,stanley,1.2,301.994384765625,-303.4720153808594,301.36273193359375,-303.8324279785156,-135.771240234375,-0.15091681773953516,0.35,0.0,0.13667869226104923,-3.6876220703124827,115,-1,5.892195513444066,72.82623868052406
873,43.650000000000006,sturn,192,stanley,1.2,301.7736511230469,-303.6663513183594,301.36273193359375,-303.8324279785156,-136.53433227539062,-0.1305856631674284,0.35,0.0,0.1408867335928308,-2.9245300292968985,115,-1,5.883463312738758,73.09077747361427
874,43.7,sturn,192,stanley,1.2,301.5500183105469,-303.8570556640625,301.36273193359375,-303.8324279785156,-137.3301544189453,-0.10769744199179485,0.35,0.0,0.1404505423659639,-2.1287078857421613,115,-1,5.884081872334535,73.35735679669689
875,43.75,sturn,192,stanley,1.2,301.324462890625,-304.0457458496094,301.36273193359375,-303.8324279785156,-138.0654754638672,-0.08559843011623075,0.35,0.0,0.13723402834270382,-1.39338684082031,115,-1,5.8862486428202105,73.62545009698948
876,43.800000000000004,sturn,192,stanley,1.2,301.0976257324219,-304.2331848144531,301.36273193359375,-303.8324279785156,-138.68629455566406,-0.06616800052618141,0.35,0.0,0.13223354032528142,-0.772567749023427,115,-1,5.889611450858538,73.89463396620933
877,43.85,sturn,192,stanley,1.2,300.8701171875,-304.4200439453125,301.36273193359375,-303.8324279785156,-139.19775390625,-0.04957999432542675,0.35,0.0,0.1263560163412638,-0.2611083984374878,115,-1,5.891828264230172,74.164495445685
878,43.900000000000006,sturn,192,stanley,1.2,300.6420593261719,-304.6065368652344,301.36273193359375,-303.8324279785156,-139.59349060058594,-0.03608757956881415,0.35,0.0,0.11984314192802858,0.13462829589847394,115,-1,5.894119477144961,74.43497036993062
879,43.95,sturn,192,stanley,1.2,300.4138488769531,-304.79302978515625,299.6924133300781,-305.1557312011719,-139.90036010742188,-0.1550085238903219,0.35,0.0,0.13389046723368214,-3.8642272949218546,116,-1,5.8955372200535034,74.7057744214918
880,44.0,sturn,192,stanley,1.2,300.1834411621094,-304.976318359375,299.6924133300781,-305.1557312011719,-140.3209228515625,-0.14696392373171877,0.35,0.0,0.145535144306946,-3.443664550781208,116,-1,5.88405556777391,74.97797833773635
881,44.050000000000004,sturn,192,stanley,1.2,299.9490051269531,-305.1531677246094,299.6924133300781,-305.1557312011719,-141.02589416503906,-0.12826413295473216,0.35,0.0,0.14960482930956764,-2.7386932373046755,116,-1,5.874074576469586,75.25241789280975
882,44.1,sturn,192,stanley,1.2,299.71185302734375,-305.3260192871094,299.6924133300781,-305.1557312011719,-141.7891845703125,-0.10620220842608603,0.35,0.0,0.14884442871383471,-1.975402832031238,116,-1,5.874023520793372,75.52848668128894
883,44.150000000000006,sturn,192,stanley,1.2,299.472900390625,-305.49658203125,299.6924133300781,-305.1557312011719,-142.50538635253906,-0.08449669457469453,0.35,0.0,0.145173573143153,-1.2592010498046813,116,-1,5.875971658436038,75.80576838527632
884,44.2,sturn,192,stanley,1.2,299.2328186035156,-305.6658630371094,299.6924133300781,-305.1557312011719,-143.1139678955078,-0.06528793031279397,0.35,0.0,0.13980142806155388,-0.6506195068359326,116,-1,5.87927641129188,76.08389248136123
885,44.25,sturn,192,stanley,1.2,298.9919738769531,-305.83441162109375,299.6924133300781,-305.1557312011719,-143.61680603027344,-0.04876277489456228,0.35,0.0,0.13338753826759997,-0.14778137207028905,116,-1,5.881516305196149,76.36265693772103
886,44.300000000000004,sturn,192,stanley,1.2,298.750732421875,-306.0025939941406,297.9274597167969,-306.3499450683594,-144.00576782226562,-0.16306339464698483,0.35,0.0,0.1406151026280662,-4.064529418945331,117,-1,5.883847063289182,76.64181067496695
887,44.35,sturn,192,stanley,1.2,298.5074768066406,-306.16729736328125,297.9274597167969,-306.3499450683594,-144.5108184814453,-0.15245104585170782,0.35,0.0,0.15174582521722202,-3.5594787597656143,117,-1,5.871691429962936,76.92200842580783
888,44.400000000000006,sturn,192,stanley,1.2,298.2606506347656,-306.3253173828125,297.9274597167969,-306.3499450683594,-145.26416015625,-0.13219589894830766,0.35,0.0,0.1553160146520855,-2.806137084960957,117,-1,5.863148342704971,77.20380485062488
889,44.45,sturn,192,stanley,1.2,298.0115051269531,-306.4792175292969,297.9274597167969,-306.3499450683594,-146.0691375732422,-0.10881443183154588,0.35,0.0,0.15416303098225534,-2.0011596679687513,117,-1,5.862716186437473,77.48671712822312
890,44.5,sturn,192,stanley,1.2,297.7607116699219,-306.6307678222656,297.9274597167969,-306.3499450683594,-146.80203247070312,-0.08650097406241215,0.35,0.0,0.15014416750082404,-1.2682647705077712,117,-1,5.866019481544534,77.77060039783645
891,44.550000000000004,sturn,192,stanley,1.2,297.50885009765625,-306.78094482421875,297.9274597167969,-306.3499450683594,-147.43331909179688,-0.0665180820766326,0.35,0.0,0.14439489214081427,-0.6369781494140833,117,-1,5.868758254292243,78.05517480513235
892,44.6,sturn,192,stanley,1.2,297.2563171386719,-306.930419921875,297.9274597167969,-306.3499450683594,-147.94046020507812,-0.04976341928548142,0.35,0.0,0.13769483035072444,-0.12983703613281491,117,-1,5.871830376448884,78.34025109707541
893,44.650000000000006,sturn,192,stanley,1.2,297.00341796875,-307.07958984375,296.07781982421875,-307.4082336425781,-148.34378051757812,-0.16134325963584506,0.35,0.0,0.137987619901419,-4.032241821289074,118,-1,5.873780516720969,78.62565020969929
894,44.7,sturn,192,stanley,1.2,296.74871826171875,-307.2250061035156,296.07781982421875,-307.4082336425781,-148.8483428955078,-0.15061509466028478,0.35,0.0,0.14873201087816595,-3.5276794433593914,118,-1,5.862263735782902,78.91173245703928
895,44.75,sturn,192,stanley,1.2,296.4911193847656,-307.36370849609375,296.07781982421875,-307.4082336425781,-149.6041717529297,-0.130249951478362,0.35,0.0,0.1521836019401619,-2.7718505859374756,118,-1,5.8537100525369885,79.19866883680821
896,44.800000000000004,sturn,192,stanley,1.2,296.2314453125,-307.4982604980469,296.07781982421875,-307.4082336425781,-150.3936767578125,-0.10728712687197953,0.35,0.0,0.1509957076962118,-1.9823455810546842,118,-1,5.854552198951784,79.486409273546
897,44.85,sturn,192,stanley,1.2,295.97039794921875,-307.63043212890625,296.07781982421875,-307.4082336425781,-151.12313842773438,-0.08510647474396991,0.35,0.0,0.14706203223590442,-1.252883911132837,118,-1,5.856954573320566,79.77479504419448
898,44.900000000000006,sturn,192,stanley,1.2,295.7083740234375,-307.76116943359375,296.07781982421875,-307.4082336425781,-151.73817443847656,-0.06560921590262642,0.35,0.0,0.14140473032395057,-0.6378479003906257,118,-1,5.8605403499210995,80.0637210273221
899,44.95,sturn,192,stanley,1.2,295.4457702636719,-307.8912353515625,296.07781982421875,-307.4082336425781,-152.24398803710938,-0.048954576329810894,0.35,0.0,0.1348837235187722,-0.132034301757791,118,-1,5.862974695461991,80.35303059907201
900,45.0,sturn,192,stanley,1.2,295.1828308105469,-308.0208740234375,294.1539306640625,-308.32470703125,-152.6341552734375,-0.1585919315558519,0.35,0.0,0.12826210430440882,-4.04757690429687,119,-1,5.86547182296399,80.64256120540367
901,45.050000000000004,sturn,192,stanley,1.2,294.9184265136719,-308.1468200683594,294.1539306640625,-308.32470703125,-153.13796997070312,-0.1479693850903743,0.35,0.0,0.13925955306196605,-3.5437622070312593,119,-1,5.8539502228782565,80.93242076923016
902,45.1,sturn,192,stanley,1.2,294.65155029296875,-308.2658996582031,294.1539306640625,-308.32470703125,-153.8759307861328,-0.12819081150532297,0.35,0.0,0.14297291511100102,-2.8058013916015363,119,-1,5.846515377257983,81.22262116512705
903,45.150000000000006,sturn,192,stanley,1.2,294.3830261230469,-308.3807678222656,294.1539306640625,-308.32470703125,-154.6588134765625,-0.10555258492992857,0.35,0.0,0.1421665182635762,-2.022918701171867,119,-1,5.846445862159937,81.5131562227344
904,45.2,sturn,192,stanley,1.2,294.11328125,-308.4931640625,294.1539306640625,-308.32470703125,-155.36949157714844,-0.08402562015798015,0.35,0.0,0.13860690271193454,-1.3122406005858933,119,-1,5.849817983136892,81.8041311169944
905,45.25,sturn,192,stanley,1.2,293.8427734375,-308.60418701171875,294.1539306640625,-308.32470703125,-155.98143005371094,-0.06480157028716808,0.35,0.0,0.1334841655838551,-0.7003021240233945,119,-1,5.852583647575383,82.09543366109803
906,45.300000000000004,sturn,192,stanley,1.2,293.5716857910156,-308.71435546875,294.1539306640625,-308.32470703125,-156.47328186035156,-0.0486677060774427,0.35,0.0,0.1273472104941142,-0.20845031738278388,119,-1,5.85567511705065,82.38704240802839
907,45.35,sturn,192,stanley,1.2,293.3002624511719,-308.8241882324219,294.1539306640625,-308.32470703125,-156.86538696289062,-0.035245325396068235,0.35,0.0,0.12076910111083666,0.18365478515624206,119,-1,5.857703224892875,82.67887838061658
908,45.400000000000006,sturn,192,stanley,1.2,293.0286560058594,-308.9338684082031,292.1666564941406,-309.0941467285156,-157.15740966796875,-0.1527607554102194,0.35,0.0,0.1292833022613809,-3.830047607421848,120,-1,5.8597607306709865,82.97085027915014
909,45.45,sturn,192,stanley,1.2,292.7559509277344,-309.0400085449219,292.1666564941406,-309.0941467285156,-157.5759735107422,-0.1447471668375768,0.35,0.0,0.14079267326955355,-3.411483764648426,120,-1,5.8486084611632005,83.26281781998576
910,45.5,sturn,192,stanley,1.2,292.48126220703125,-309.1388854980469,292.1666564941406,-309.0941467285156,-158.26268005371094,-0.1265414410233996,0.35,0.0,0.14478886566628535,-2.7247772216796915,120,-1,5.839789776659588,83.55450814190206
911,45.550000000000004,sturn,192,stanley,1.2,292.2052307128906,-309.23333740234375,292.1666564941406,-309.0941467285156,-159.01837158203125,-0.1047458267964722,0.35,0.0,0.14416396548110685,-1.9690856933593428,120,-1,5.839115483767879,83.8461562534109
912,45.6,sturn,192,stanley,1.2,291.9281921386719,-309.3250427246094,292.1666564941406,-309.0941467285156,-159.71469116210938,-0.08363245022511266,0.35,0.0,0.14061423513383714,-1.2727661132812493,120,-1,5.842246779343863,84.13794327795584
913,45.650000000000006,sturn,192,stanley,1.2,291.6504211425781,-309.4152526855469,292.1666564941406,-309.0941467285156,-160.31898498535156,-0.06459802283203389,0.35,0.0,0.13541211465004444,-0.6684722900390794,120,-1,5.844958391341088,84.42998144180439
914,45.7,sturn,192,stanley,1.2,291.37213134765625,-309.50457763671875,292.1666564941406,-309.0941467285156,-160.80665588378906,-0.04855663953909876,0.35,0.0,0.1292042523319586,-0.18080139160157224,120,-1,5.848067876140878,84.7222495815953
915,45.75,sturn,192,stanley,1.2,291.0935974121094,-309.5935363769531,290.12725830078125,-309.7121887207031,-161.1964569091797,-0.1608802478761495,0.35,0.0,0.1305627004671005,-4.0967102050781135,121,-1,5.850136045185763,85.01464099105658
916,45.800000000000004,sturn,192,stanley,1.2,290.8140563964844,-309.6784973144531,290.12725830078125,-309.7121887207031,-161.6906280517578,-0.15061444145848174,0.35,0.0,0.14177210496964052,-3.6025390625000053,121,-1,5.838808329009323,85.30679573199942
917,45.85,sturn,192,stanley,1.2,290.533203125,-309.7562255859375,290.12725830078125,-309.7121887207031,-162.43968200683594,-0.13058895103340784,0.35,0.0,0.14565265707544617,-2.8534851074218754,121,-1,5.830281495908605,85.59803674706376
918,45.900000000000006,sturn,192,stanley,1.2,290.2512512207031,-309.8294372558594,290.12725830078125,-309.7121887207031,-163.2256317138672,-0.10786727265273344,0.35,0.0,0.14488566931851798,-2.067535400390637,121,-1,5.83121142497878,85.88897547833022
919,45.95,sturn,192,stanley,1.2,289.9684753417969,-309.89996337890625,290.12725830078125,-309.7121887207031,-163.9539337158203,-0.08583504800217329,0.35,0.0,0.1413119348104123,-1.3392333984375129,121,-1,5.833752007439772,86.17989974542165
920,46.0,sturn,192,stanley,1.2,289.6850891113281,-309.9689025878906,290.12725830078125,-309.7121887207031,-164.56961059570312,-0.06644384448949021,0.35,0.0,0.13604832557507485,-0.7235565185546541,121,-1,5.837505877989898,86.4709356655508
921,46.050000000000004,sturn,192,stanley,1.2,289.4012756347656,-310.0369873046875,290.12725830078125,-309.7121887207031,-165.0775146484375,-0.049828371779706164,0.35,0.0,0.1298497530926461,-0.2156524658203185,121,-1,5.8401210584436205,86.76212828396835
922,46.1,sturn,192,stanley,1.2,289.1171875,-310.1046142578125,288.0472106933594,-310.1753845214844,-165.47080993652344,-0.15948015966428458,0.35,0.0,0.12356428088038983,-4.128082275390638,122,-1,5.842811330218037,87.05345095272263
923,46.150000000000006,sturn,192,stanley,1.2,288.8324890136719,-310.1683044433594,288.0472106933594,-310.1753845214844,-165.9778594970703,-0.1488594465553437,0.35,0.0,0.1348089665659859,-3.6210327148437487,122,-1,5.83141963488823,87.344187098986
924,46.2,sturn,192,stanley,1.2,288.5469055175781,-310.2247314453125,288.0472106933594,-310.1753845214844,-166.718505859375,-0.12908300883127527,0.35,0.0,0.1387500393966462,-2.880386352539066,122,-1,5.824147801299673,87.63361144045996
925,46.25,sturn,192,stanley,1.2,288.2606506347656,-310.2767639160156,288.0472106933594,-310.1753845214844,-167.5038299560547,-0.10647497628499844,0.35,0.0,0.13824758107677682,-2.0950622558593275,122,-1,5.824255924898629,87.92238075941619
926,46.300000000000004,sturn,192,stanley,1.2,287.9737548828125,-310.3260803222656,288.0472106933594,-310.1753845214844,-168.21714782714844,-0.08495807489510598,0.35,0.0,0.13495798739137072,-1.3817443847655833,122,-1,5.827810555164381,88.21096960443575
927,46.35,sturn,192,stanley,1.2,287.6863708496094,-310.3738098144531,288.0472106933594,-310.1753845214844,-168.83213806152344,-0.065701304923879,0.35,0.0,0.1300194024470091,-0.7667541503906121,122,-1,5.830762225016941,88.49957058054137
928,46.400000000000006,sturn,192,stanley,1.2,287.39862060546875,-310.4206848144531,288.0472106933594,-310.1753845214844,-169.32742309570312,-0.049558851851538556,0.35,0.0,0.12417425129793597,-0.2714691162109191,122,-1,5.834044902521654,88.78828605178307
929,46.45,sturn,192,stanley,1.2,287.1106262207031,-310.46710205078125,288.0472106933594,-310.1753845214844,-169.7233428955078,-0.03609854160055651,0.35,0.0,0.1178347817588902,0.12445068359374821,122,-1,5.836256375898896,89.07711780469991
930,46.5,sturn,192,stanley,1.2,286.82244873046875,-310.5133056640625,285.938232421875,-310.4811096191406,-170.0194549560547,-0.1533564489071256,0.35,0.0,0.1259038294458893,-3.8851470947265705,123,-1,5.838501738036215,89.36608012944724
931,46.550000000000004,sturn,192,stanley,1.2,286.5339660644531,-310.5558166503906,285.938232421875,-310.4811096191406,-170.4417266845703,-0.14529189720978472,0.35,0.0,0.13754217639912053,-3.4628753662109313,123,-1,5.8274899082117875,89.65426422334552
932,46.6,sturn,192,stanley,1.2,286.2452392578125,-310.5908203125,285.938232421875,-310.4811096191406,-171.1305389404297,-0.12707903968838372,0.35,0.0,0.14168971809194567,-2.7740631103515483,123,-1,5.818890604681571,89.94049443925394
933,46.650000000000006,sturn,192,stanley,1.2,285.95611572265625,-310.6212158203125,285.938232421875,-310.4811096191406,-171.88739013671875,-0.10529790895257155,0.35,0.0,0.14121303149612383,-2.0172119140624765,123,-1,5.818404534688213,90.22578011880995
934,46.7,sturn,192,stanley,1.2,285.6665954589844,-310.64874267578125,285.938232421875,-310.4811096191406,-172.5846710205078,-0.0842119299128226,0.35,0.0,0.1378417842490108,-1.3199310302734621,123,-1,5.8217096350642095,90.51063905098471
935,46.75,sturn,192,stanley,1.2,285.376708984375,-310.6746520996094,285.938232421875,-310.4811096191406,-173.19015502929688,-0.06519817398333787,0.35,0.0,0.1328233637324187,-0.7144470214843751,123,-1,5.824591390098924,90.7954130896233
936,46.800000000000004,sturn,192,stanley,1.2,285.0865478515625,-310.6995544433594,285.938232421875,-310.4811096191406,-173.67953491210938,-0.04915324022613067,0.35,0.0,0.12677439232603568,-0.22506713867187525,123,-1,5.8278659207489945,91.0801956445314
937,46.85,sturn,192,stanley,1.2,284.79620361328125,-310.72406005859375,283.8122863769531,-310.62762451171875,-174.0714111328125,-0.16107644487731165,0.35,0.0,0.1271168364935269,-4.1389160156249565,124,-1,5.83009884227607,91.36507851716239
938,46.900000000000006,sturn,192,stanley,1.2,284.5057678222656,-310.7444152832031,283.8122863769531,-310.62762451171875,-174.56739807128906,-0.15079078899152978,0.35,0.0,0.13839164654130554,-3.6429290771483807,124,-1,5.818954049194302,91.64888435209734
939,46.95,sturn,192,stanley,1.2,284.2156677246094,-310.75750732421875,283.8122863769531,-310.62762451171875,-175.3165740966797,-0.13081219064914357,0.35,0.0,0.14241729984158277,-2.8937530517577805,124,-1,5.810662749719989,91.93031054759592
940,47.0,sturn,192,stanley,1.2,283.92547607421875,-310.7659606933594,283.8122863769531,-310.62762451171875,-176.10182189941406,-0.10816011607554471,0.35,0.0,0.14180368473733787,-2.108505249023425,124,-1,5.811773569895339,92.21053982827456
941,47.050000000000004,sturn,192,stanley,1.2,283.63507080078125,-310.7716369628906,283.8122863769531,-310.62762451171875,-176.829345703125,-0.08620512266668055,0.35,0.0,0.1384076531001563,-1.3809814453124651,124,-1,5.814469370922591,92.49023582343503
942,47.1,sturn,192,stanley,1.2,283.3443908691406,-310.7756652832031,283.8122863769531,-310.62762451171875,-177.44485473632812,-0.0668835427527536,0.35,0.0,0.13335589836268721,-0.7654724121093676,124,-1,5.818373200769959,92.76978766381795
943,47.150000000000006,sturn,192,stanley,1.2,283.0534973144531,-310.7787170410156,283.8122863769531,-310.62762451171875,-177.95321655273438,-0.050302606642444785,0.35,0.0,0.12732138590990197,-0.2571105957031408,124,-1,5.821135375464135,93.04933283026033
944,47.2,sturn,192,stanley,1.2,282.7624206542969,-310.78125,281.7758483886719,-310.65478515625,-178.3477020263672,-0.07642507139504272,0.35,0.0,0.13661339425157198,-1.0625152587890436,125,-1,5.823980047168285,93.32897477127929
945,47.25,sturn,192,stanley,1.2,282.4713134765625,-310.78167724609375,281.7758483886719,-310.65478515625,-178.7566375732422,-0.06387987690515239,0.35,0.0,0.1340441151571788,-0.6535797119140268,125,-1,5.8233842783713055,93.60811613417987
946,47.300000000000004,sturn,192,stanley,1.2,282.1801452636719,-310.7799987792969,281.7758483886719,-310.65478515625,-179.16183471679688,-0.05071239053032642,0.35,0.0,0.12936860646758352,-0.24838256835937,125,-1,5.825304759049991,93.88679090104387
947,47.35,sturn,192,stanley,1.2,281.8888854980469,-310.7772216796875,281.7758483886719,-310.65478515625,-179.52574157714844,-0.03835571164438684,0.35,0.0,0.12359358077493682,0.11552429199222572,125,-1,5.827150058938506,94.16531817647302
948,47.400000000000006,sturn,192,stanley,1.2,281.5975036621094,-310.7738342285156,281.7758483886719,-310.65478515625,-179.8173065185547,-0.027858345305836956,0.35,0.0,0.11720697932878517,0.4070892333984568,125,-1,5.829399140554759,94.44386725149134
949,47.45,sturn,192,stanley,1.2,281.3059997558594,-310.770263671875,281.7758483886719,-310.65478515625,179.9508514404297,-0.01901017457595187,0.35,0.0,0.11063602558774376,0.6389312744140676,125,-1,5.831121947078376,94.72255929900014
950,47.5,sturn,192,stanley,1.2,281.0144348144531,-310.76666259765625,281.7758483886719,-310.65478515625,179.78614807128906,-0.0120704121563786,0.35,0.0,0.10403392762191677,0.8036346435546748,125,-1,5.8329333010284055,95.00137840611315
951,47.550000000000004,sturn,192,stanley,1.2,280.7227783203125,-310.7633056640625,279.77593994140625,-310.6753845214844,179.66592407226562,-0.006482144132772757,0.35,0.0,0.09766273558241476,0.9238586425781306,126,-1,5.83444482170729,95.28043010403344
952,47.6,sturn,192,stanley,1.2,280.4309997558594,-310.7601013183594,279.77593994140625,-310.6753845214844,179.59458923339844,-0.0023465415791191512,0.35,0.0,0.09145514619177755,0.9951934814453091,126,-1,5.83599803196804,95.55971695975148
953,47.650000000000006,sturn,192,stanley,1.2,280.1391906738281,-310.7572326660156,279.77593994140625,-310.6753845214844,179.54974365234375,0.0009178171847870547,0.35,0.0,0.0855829182440386,1.0400390624999991,126,-1,5.8374350368689845,95.83920094759097
954,47.7,sturn,192,stanley,1.2,279.8472900390625,-310.75457763671875,279.77593994140625,-310.6753845214844,179.53762817382812,0.00317460762234985,0.35,0.0,0.07992335963042335,1.0521545410156123,126,-1,5.838872083363017,96.11890542539196
955,47.75,sturn,192,stanley,1.2,279.5552978515625,-310.7522888183594,279.77593994140625,-310.6753845214844,179.53839111328125,0.004939736244933276,0.35,0.0,0.07462905015758006,1.0513916015624942,126,-1,5.840305699052062,96.39887143232444
956,47.800000000000004,sturn,192,stanley,1.2,279.26324462890625,-310.7502746582031,279.77593994140625,-310.6753845214844,179.56044006347656,0.006003591039636749,0.35,0.0,0.06960875607324776,1.029342651367198,126,-1,5.841699564389004,96.67904295065871
957,47.85,sturn,192,stanley,1.2,278.9711608886719,-310.74859619140625,279.77593994140625,-310.6753845214844,179.5862274169922,0.006847296848247363,0.35,0.0,0.06492382343181369,1.003555297851567,126,-1,5.843133037527066,96.95940614654342
958,47.900000000000006,sturn,192,stanley,1.2,278.678955078125,-310.7471618652344,277.77606201171875,-310.6959533691406,179.62600708007812,0.007202643232385093,0.35,0.0,0.06049968441457832,0.9637756347656197,127,-1,5.84450837718597,97.24002261176769
959,47.95,sturn,192,stanley,1.2,278.3866882324219,-310.7460632324219,277.77606201171875,-310.6959533691406,179.66375732421875,0.007508921801728344,0.35,0.0,0.056392670248039935,0.926025390624989,127,-1,5.845935598515548,97.52085751897128
960,48.0,sturn,192,stanley,1.2,278.0943298339844,-310.74517822265625,277.77606201171875,-310.6959533691406,179.71116638183594,0.007466951878103109,0.35,0.0,0.05249832541562524,0.8786163330078098,127,-1,5.847298071413017,97.80190566469344
961,48.050000000000004,sturn,192,stanley,1.2,277.80194091796875,-310.74462890625,277.77606201171875,-310.6959533691406,179.75328063964844,0.0074632062672218705,0.35,0.0,0.04893934202610879,0.8365020751953192,127,-1,5.848718154433264,98.08314041113559
962,48.1,sturn,192,stanley,1.2,277.50946044921875,-310.7442626953125,277.77606201171875,-310.6959533691406,179.80247497558594,0.0071952531122631246,0.35,0.0,0.04556251200938639,0.7873077392578153,127,-1,5.850063802381002,98.36457789237161
963,48.150000000000006,sturn,192,stanley,1.2,277.2168884277344,-310.744140625,277.77606201171875,-310.6959533691406,179.8444366455078,0.007051937278239731,0.35,0.0,0.042428867288117345,0.745346069335938,127,-1,5.851464440228211,98.6462336542002
964,48.2,sturn,192,stanley,1.2,276.9242858886719,-310.7441711425781,277.77606201171875,-310.6959533691406,179.8921661376953,0.0066920670406127635,0.35,0.0,0.03944748824176861,0.6976165771484351,127,-1,5.852792696712298,98.92802322638062
965,48.25,sturn,192,stanley,1.2,276.631591796875,-310.7444763183594,275.7761535644531,-310.716552734375,179.93170166015625,0.006478260158528122,0.35,0.0,0.03672753108307449,0.658081054687505,128,-1,5.854175153869727,99.21003728692357
966,48.300000000000004,sturn,192,stanley,1.2,276.3388366699219,-310.74493408203125,275.7761535644531,-310.716552734375,179.97642517089844,0.006060571976740115,0.35,0.0,0.034171804836701125,0.6133575439453107,128,-1,5.855488788212085,99.49221267387227
967,48.35,sturn,192,stanley,1.2,276.0460205078125,-310.74560546875,275.7761535644531,-310.716552734375,-179.9875030517578,0.005818349772828806,0.35,0.0,0.031829062056179414,0.577285766601606,128,-1,5.856850017929212,99.7745648411854
968,48.400000000000006,sturn,192,stanley,1.2,275.7531433105469,-310.7463684082031,275.7761535644531,-310.716552734375,-179.9465789794922,0.005406530635710509,0.35,0.0,0.029577238896190752,0.5363616943359562,128,-1,5.858145300848947,100.05706035665168
969,48.45,sturn,192,stanley,1.2,275.460205078125,-310.7473449707031,275.7761535644531,-310.716552734375,-179.9144744873047,0.005175034305232923,0.35,0.0,0.02753839920205375,0.5042572021484554,128,-1,5.859483540696944,100.33973093142886
970,48.5,sturn,192,stanley,1.2,275.1672058105469,-310.7484436035156,275.7761535644531,-310.716552734375,-179.8775634765625,0.0047651088182685,0.35,0.0,0.02562099508977945,0.46734619140624956,128,-1,5.860761361870251,100.62255140762923
971,48.550000000000004,sturn,192,stanley,1.2,274.8741455078125,-310.74969482421875,275.7761535644531,-310.716552734375,-179.8494110107422,0.004554282769883095,0.35,0.0,0.023855542520697492,0.4391937255859067,128,-1,5.862078000471364,100.90552911214523
972,48.6,sturn,192,stanley,1.2,274.58099365234375,-310.75103759765625,273.7762756347656,-310.7371520996094,-179.81640625,0.004178349322927539,0.35,0.0,0.022168101939564276,0.40618896484372047,129,-1,5.863339421066792,101.18867664505044
973,48.650000000000006,sturn,192,stanley,1.2,274.28778076171875,-310.7525329589844,273.7762756347656,-310.7371520996094,-179.79202270507812,0.003993413778746452,0.35,0.0,0.02064520640247976,0.3818054199218807,129,-1,5.864630695534018,101.47197994864293
974,48.7,sturn,192,stanley,1.2,273.9945373535156,-310.75408935546875,273.7762756347656,-310.7371520996094,-179.7626190185547,0.003644435646741154,0.35,0.0,0.019183028656326595,0.35240173339843633,129,-1,5.865873870654609,101.7553848447447
975,48.75,sturn,192,stanley,1.2,273.701171875,-310.75579833984375,273.7762756347656,-310.7371520996094,-179.74168395996094,0.003486574101258337,0.35,0.0,0.017872174189909867,0.3314666748046741,129,-1,5.867144611676783,102.03900302514833
976,48.800000000000004,sturn,192,stanley,1.2,273.4078063964844,-310.757568359375,273.7762756347656,-310.7371520996094,-179.71551513671875,0.003158514266261988,0.35,0.0,0.01662235164615244,0.30529785156250955,129,-1,5.868370627183646,102.32269208278525
977,48.85,sturn,192,stanley,1.2,273.1143493652344,-310.7594299316406,273.7762756347656,-310.7371520996094,-179.69772338867188,0.003039319997633674,0.35,0.0,0.015463134591200103,0.287506103515598,129,-1,5.8696176461782334,102.60654776900117
978,48.900000000000006,sturn,192,stanley,1.2,272.8208312988281,-310.7613525390625,273.7762756347656,-310.7371520996094,-179.67453002929688,0.0027453855087580387,0.35,0.0,0.014364321195451155,0.26431274414062456,129,-1,5.870824987080247,102.89053211586322
979,48.95,sturn,192,stanley,1.2,272.52728271484375,-310.7633972167969,271.7763671875,-310.7577209472656,-179.65940856933594,0.0026351105395201065,0.35,0.0,0.013405494105494124,0.24919128417967723,130,-1,5.872052707333554,103.17463085951807
980,49.0,sturn,192,stanley,1.2,272.2336120605469,-310.7654724121094,271.7763671875,-310.7577209472656,-179.63882446289062,0.0023649141032346128,0.35,0.0,0.012457689857753649,0.2286071777343819,130,-1,5.873245315025198,103.45890821764328
981,49.050000000000004,sturn,192,stanley,1.2,271.93994140625,-310.76763916015625,271.7763671875,-310.7577209472656,-179.626220703125,0.0022919934913364025,0.35,0.0,0.011601433494002136,0.2160034179687345,130,-1,5.874450584862191,103.74326145692301
982,49.1,sturn,192,stanley,1.2,271.64617919921875,-310.76983642578125,271.7763671875,-310.7577209472656,-179.60792541503906,0.0020464341452430495,0.35,0.0,0.0107747506963964,0.1977081298828444,130,-1,5.875625386047002,104.02776282814423
983,49.150000000000006,sturn,192,stanley,1.2,271.3523864746094,-310.7721252441406,271.7763671875,-310.7577209472656,-179.5974578857422,0.001993924096881414,0.35,0.0,0.010039301651051666,0.18724060058593786,130,-1,5.876810794727763,104.31236847479101
984,49.2,sturn,192,stanley,1.2,271.05853271484375,-310.7744140625,271.7763671875,-310.7577209472656,-179.58114624023438,0.0017745336320194637,0.35,0.0,0.009303224342251013,0.17092895507812425,130,-1,5.877965317691494,104.59708399526976
985,49.25,sturn,192,stanley,1.2,270.76458740234375,-310.77679443359375,269.7764892578125,-310.7783203125,-179.57241821289062,0.0017456594392795716,0.35,0.0,0.008645159021399092,0.16220092773435346,131,-1,5.879129507885339,104.88196178661786
986,49.300000000000004,sturn,192,stanley,1.2,270.4706115722656,-310.7792053222656,269.7764892578125,-310.7783203125,-179.5578155517578,0.0015345431563835508,0.35,0.0,0.008029889031005218,0.14759826660158343,131,-1,5.880268204443444,105.1669267934506
987,49.35,sturn,192,stanley,1.2,270.17657470703125,-310.7817077636719,269.7764892578125,-310.7783203125,-179.55068969726562,0.0015066053303447536,0.35,0.0,0.007505538661144387,0.140472412109381,131,-1,5.881413432472389,105.45202352020364
988,49.400000000000006,sturn,192,stanley,1.2,269.8824768066406,-310.7841796875,269.7764892578125,-310.7783203125,-179.53753662109375,0.0013167824714346791,0.35,0.0,0.006950044066497983,0.12731933593751502,131,-1,5.882531615575276,105.73722064224317
989,49.45,sturn,192,stanley,1.2,269.5883483886719,-310.7867431640625,269.7764892578125,-310.7783203125,-179.5318603515625,0.0013100537000708028,0.35,0.0,0.006485783224112581,0.12164306640626749,131,-1,5.88365698985567,106.02251901299718
990,49.5,sturn,192,stanley,1.2,269.29412841796875,-310.789306640625,269.7764892578125,-310.7783203125,-179.52008056640625,0.001129186565681507,0.35,0.0,0.006020579986543301,0.10986328125002427,131,-1,5.884760780466325,106.30795419996203
991,49.550000000000004,sturn,192,stanley,1.2,268.9998779296875,-310.79193115234375,269.7764892578125,-310.7783203125,-179.51559448242188,0.0011363888203718396,0.35,0.0,0.005616094539905371,0.10537719726564303,131,-1,5.885867787955044,106.59348203575976
992,49.6,sturn,192,stanley,1.2,268.7055358886719,-310.7945556640625,267.7765808105469,-310.79888916015625,-179.5049591064453,0.0009620694359929497,0.35,0.0,0.005228903290284823,0.09474182128907696,132,-1,5.886955245761058,106.87914591020272
993,49.650000000000006,sturn,192,stanley,1.2,268.41119384765625,-310.7972717285156,267.7765808105469,-310.79888916015625,-179.50161743164062,0.0009716356011544644,0.35,0.0,0.004915023332451975,0.09140014648437286,132,-1,5.88804531830667,107.16487960232945
994,49.7,sturn,192,stanley,1.2,268.11676025390625,-310.7999267578125,267.7765808105469,-310.79888916015625,-179.49197387695312,0.0008217764037154763,0.35,0.0,0.004539169056775941,0.0817565917968705,132,-1,5.889114364930538,107.45073337172931
995,49.75,sturn,192,stanley,1.2,267.822265625,-310.8026428222656,267.7765808105469,-310.79888916015625,-179.48960876464844,0.0008596825695441275,0.35,0.0,0.004223718440303294,0.07939147949218403,132,-1,5.890185880784609,107.7367076658676
996,49.800000000000004,sturn,192,stanley,1.2,267.5277404785156,-310.80535888671875,267.7765808105469,-310.79888916015625,-179.48085021972656,0.0007149812555839444,0.35,0.0,0.00390795369210269,0.07063293457032106,132,-1,5.891237665423748,108.02275738526511
997,49.85,sturn,192,stanley,1.2,267.233154296875,-310.8081359863281,267.7765808105469,-310.79888916015625,-179.47918701171875,0.0007528287145147495,0.35,0.0,0.003652592603105473,0.0689697265625175,132,-1,5.892291661087797,108.30892679391347
998,49.900000000000006,sturn,192,stanley,1.2,266.93853759765625,-310.8109436035156,267.7765808105469,-310.79888916015625,-179.47109985351562,0.0005970336629223242,0.35,0.0,0.0034274333437099517,0.06088256835939439,132,-1,5.893328180006259,108.59517836630481
999,49.95,sturn,192,stanley,1.2,266.6438293457031,-310.8137512207031,265.77667236328125,-310.8194885253906,-179.4700927734375,0.0006479072184140264,0.35,0.0,0.003189052320002157,0.059875488281233714,133,-1,5.894368497703294,108.88156339816219
1000,50.0,sturn,192,stanley,1.2,266.34912109375,-310.8165283203125,265.77667236328125,-310.8194885253906,-179.46275329589844,0.0005239009334022173,0.35,0.0,0.0029324347040931022,0.05253601074218263,133,-1,5.895392155261923,109.16798534517142
1001,50.050000000000004,sturn,192,stanley,1.2,266.0543212890625,-310.8193664550781,265.77667236328125,-310.8194885253906,-179.4623565673828,0.0005782093094830231,0.35,0.0,0.0027359066156594767,0.0521392822265775,133,-1,5.896411520877675,109.45455503047751
1002,50.1,sturn,192,stanley,1.2,265.7594909667969,-310.8221740722656,265.77667236328125,-310.8194885253906,-179.4554443359375,0.00045660565314527263,0.35,0.0,0.002508548434168237,0.045227050781223695,133,-1,5.897419749195593,109.74119056676436
1003,50.150000000000006,sturn,192,stanley,1.2,265.4645690917969,-310.8249816894531,265.77667236328125,-310.8194885253906,-179.4554443359375,0.0005327817965863643,0.35,0.0,0.0022802478574931177,0.045227050781223695,133,-1,5.898424522999914,110.02795829846201
1004,50.2,sturn,192,stanley,1.2,265.1696472167969,-310.827880859375,265.77667236328125,-310.8194885253906,-179.44895935058594,0.0003931607876807134,0.35,0.0,0.002143495164806962,0.038742065429719835,133,-1,5.899414721519451,110.31479125797496
1005,50.25,sturn,192,stanley,1.2,264.8746643066406,-310.830810546875,265.77667236328125,-310.8194885253906,-179.44935607910156,0.00044019417789347635,0.35,0.0,0.0020366301699945404,0.03913879394532496,133,-1,5.900403727214481,110.60173343810752
1006,50.300000000000004,sturn,192,stanley,1.2,264.57965087890625,-310.8337097167969,263.77679443359375,-310.840087890625,-179.4433135986328,0.0003176914867854551,0.35,0.0,0.001886341581268154,0.03309631347656447,134,-1,5.901380060385868,110.88874016139432
1007,50.35,sturn,192,stanley,1.2,264.2845458984375,-310.8366394042969,263.77679443359375,-310.840087890625,-179.44422912597656,0.00037993791592738196,0.35,0.0,0.0017782200595438937,0.0340118408203469,134,-1,5.902351973969883,111.1758850795296
1008,50.400000000000006,sturn,192,stanley,1.2,263.98944091796875,-310.83953857421875,263.77679443359375,-310.840087890625,-179.43856811523438,0.00026442490753881236,0.35,0.0,0.0016395825764899787,0.028350830078145456,134,-1,5.903311482248153,111.46306434203731
1009,50.45,sturn,192,stanley,1.2,263.6942443847656,-310.84246826171875,263.77679443359375,-310.840087890625,-179.4398956298828,0.0003387295111614237,0.35,0.0,0.0015305186595818397,0.029678344726579094,134,-1,5.904270839341155,111.7503811710866
1010,50.5,sturn,192,stanley,1.2,263.39898681640625,-310.8453674316406,263.77679443359375,-310.840087890625,-179.43450927734375,0.0002315751362236176,0.35,0.0,0.0013903105178881261,0.02429199218751238,134,-1,5.905450039888314,112.03779104187278
1011,50.550000000000004,sturn,192,stanley,1.2,263.1037292480469,-310.8481750488281,263.77679443359375,-310.840087890625,-179.4369354248047,0.00037772621040178605,0.35,0.0,0.0011585544922054491,0.026718139648434044,134,-1,5.901465160962789,112.32521991648792
1012,50.6,sturn,192,stanley,1.2,262.80841064453125,-310.8511962890625,263.77679443359375,-310.840087890625,-179.43006896972656,0.00018793178114515807,0.35,0.0,0.001139781932374434,0.01985168457032025,134,-1,5.90366169379406,112.61279935504852
1013,50.650000000000006,sturn,192,stanley,1.2,262.5130920410156,-310.8542785644531,261.7768859863281,-310.86065673828125,-179.43124389648438,0.0002015469727078208,0.35,0.0,0.0012002778874039902,0.021026611328140446,135,-1,5.9062601700746695,112.90043328029681
1014,50.7,sturn,192,stanley,1.2,262.21771240234375,-310.8572692871094,261.7768859863281,-310.86065673828125,-179.4259796142578,6.785938620017629e-05,0.35,0.0,0.001150361102787401,0.01576232910159502,135,-1,5.908084067584436,113.1881445557583
1015,50.75,sturn,192,stanley,1.2,261.92230224609375,-310.8603210449219,261.7768859863281,-310.86065673828125,-179.42774963378906,0.00011487938695830022,0.35,0.0,0.0011611621091021612,0.017532348632822905,135,-1,5.908685949227346,113.475939351183
1016,50.800000000000004,sturn,192,stanley,1.2,261.6268615722656,-310.8633117675781,261.7768859863281,-310.86065673828125,-179.423095703125,-1.2068379566752092e-06,0.35,0.0,0.0011106170610296526,0.012878417968731246,135,-1,5.909947245851006,113.76378858690282
1017,50.85,sturn,192,stanley,1.2,261.33135986328125,-310.8663635253906,261.7768859863281,-310.86065673828125,-179.4253692626953,6.050136725792248e-05,0.35,0.0,0.001120475672160533,0.015151977539039472,135,-1,5.910364550421875,114.05175036926072
1018,50.900000000000006,sturn,192,stanley,1.2,261.03582763671875,-310.8693542480469,261.7768859863281,-310.86065673828125,-179.42115783691406,-4.263946555658679e-05,0.35,0.0,0.0010689882289041447,0.01094055175784384,135,-1,5.911574941771287,114.33976610448471
1019,50.95,sturn,192,stanley,1.2,260.740234375,-310.8724060058594,259.7769775390625,-310.8812561035156,-179.4237823486328,3.348899410812068e-05,0.35,0.0,0.0010656250757227533,0.01356506347656807,136,-1,5.911989470097376,114.62789377418444
1020,51.0,sturn,192,stanley,1.2,260.44464111328125,-310.8753967285156,259.7769775390625,-310.8812561035156,-179.4198760986328,-6.074551583183035e-05,0.35,0.0,0.0010135093690104456,0.009658813476548435,136,-1,5.912967578106834,114.91604523991704
1021,51.050000000000004,sturn,192,stanley,1.2,260.1490783691406,-310.8783264160156,259.7769775390625,-310.8812561035156,-179.42337036132812,7.660930063273928e-05,0.35,0.0,0.0009006758713667891,0.013153076171865976,136,-1,5.9136158554769285,115.20419063495068
1022,51.1,sturn,192,stanley,1.2,259.8536376953125,-310.88134765625,259.7769775390625,-310.8812561035156,-179.41981506347656,-1.8285716343595663e-05,0.35,0.0,0.0008806467846239354,0.009597778320313236,136,-1,5.914253057262642,115.49227605094956
1023,51.150000000000006,sturn,192,stanley,1.2,259.5580139160156,-310.8844299316406,259.7769775390625,-310.8812561035156,-179.4236602783203,7.863413363448642e-05,0.35,0.0,0.0009197648301726316,0.013442993164046783,136,-1,5.915214924320221,115.78059086993683
1024,51.2,sturn,192,stanley,1.2,259.26220703125,-310.8874206542969,259.7769775390625,-310.8812561035156,-179.42018127441406,-2.6682100514124604e-06,0.35,0.0,0.0008654502013646058,0.009963989257826208,136,-1,5.916450621151628,116.06909960631674
1025,51.25,sturn,192,stanley,1.2,258.9664306640625,-310.8904724121094,259.7769775390625,-310.8812561035156,-179.42343139648438,8.789820538975423e-05,0.35,0.0,0.0008724816269438489,0.013214111328152063,136,-1,5.9172761385294885,116.35762940815304
1026,51.300000000000004,sturn,192,stanley,1.2,258.6705322265625,-310.89349365234375,257.777099609375,-310.90185546875,-179.4198455810547,-2.1262949430709867e-06,0.35,0.0,0.0008351470634252456,0.00962829589845628,137,-1,5.917980135552046,116.64630739974015
1027,51.35,sturn,192,stanley,1.2,258.3746337890625,-310.89654541015625,257.777099609375,-310.90185546875,-179.42300415039062,8.623406962578582e-05,0.35,0.0,0.0008409219620926483,0.012786865234353004,137,-1,5.9186683628286945,116.93502855179258
1028,51.400000000000006,sturn,192,stanley,1.2,258.0787048339844,-310.8995361328125,257.777099609375,-310.90185546875,-179.41944885253906,3.129439265066765e-06,0.35,0.0,0.0007853508063727834,0.009231567382851151,137,-1,5.919373432035537,117.22380134924235
1029,51.45,sturn,192,stanley,1.2,257.78271484375,-310.902587890625,257.777099609375,-310.90185546875,-179.42259216308594,9.136642375357999e-05,0.35,0.0,0.0007901833098563075,0.012374877929701798,137,-1,5.920092363969086,117.51268316600864
1030,51.5,sturn,192,stanley,1.2,257.4867248535156,-310.9056091308594,257.777099609375,-310.90185546875,-179.41893005371094,-4.709829277561653e-06,0.35,0.0,0.0007644998520101773,0.008712768554673848,137,-1,5.92086409038306,117.80159341589987
1031,51.550000000000004,sturn,192,stanley,1.2,257.190673828125,-310.9085388183594,257.777099609375,-310.90185546875,-179.42202758789062,0.00012282507083705022,0.35,0.0,0.0006466402467191637,0.01181030273438626,137,-1,5.918944359532014,118.09057749069672
1032,51.6,sturn,192,stanley,1.2,256.8946228027344,-310.91156005859375,257.777099609375,-310.90185546875,-179.4175567626953,3.899398440712242e-06,0.35,0.0,0.0006203285254171142,0.007339477539101977,137,-1,5.921235013750797,118.37961727768084
1033,51.650000000000006,sturn,192,stanley,1.2,256.5985107421875,-310.91473388671875,255.7772216796875,-310.92242431640625,-179.4202880859375,3.435436400803998e-05,0.35,0.0,0.0007638908077807188,0.010070800781250529,138,-1,5.922294251064119,118.66878561426135
1034,51.7,sturn,192,stanley,1.2,256.3023986816406,-310.9177551269531,255.7772216796875,-310.92242431640625,-179.41671752929688,-5.867342955993466e-05,0.35,0.0,0.0007369508230227499,0.006500244140651711,138,-1,5.923557003570046,118.9579538344455
1035,51.75,sturn,192,stanley,1.2,256.0061950683594,-310.9208068847656,255.7772216796875,-310.92242431640625,-179.41990661621094,3.158359872443683e-05,0.35,0.0,0.0007395844044105556,0.00968933105469148,138,-1,5.923886272133935,119.24725228119405
1036,51.800000000000004,sturn,192,stanley,1.2,255.70999145507812,-310.92388916015625,255.7772216796875,-310.92242431640625,-179.4158172607422,-9.622350703249901e-05,0.35,0.0,0.0007727339471280158,0.005599975585915357,138,-1,5.924449929316538,119.53659146924718
1037,51.85,sturn,192,stanley,1.2,255.41375732421875,-310.92694091796875,255.7772216796875,-310.92242431640625,-179.41893005371094,-8.027284218151006e-06,0.35,0.0,0.0007750533967878616,0.008712768554673848,138,-1,5.925103855873962,119.82598719940778
1038,51.900000000000006,sturn,192,stanley,1.2,255.1174774169922,-310.9299621582031,255.7772216796875,-310.92242431640625,-179.4153594970703,-0.00010049319174287169,0.35,0.0,0.0007463856875261137,0.00514221191407503,138,-1,5.926191541449036,120.11545416050899
1039,51.95,sturn,192,stanley,1.2,254.82118225097656,-310.9330139160156,255.7772216796875,-310.92242431640625,-179.4186553955078,-6.862493337808338e-06,0.35,0.0,0.00074807687373004,0.008438110351539118,138,-1,5.926735750238802,120.40497601109804
1040,52.0,sturn,192,stanley,1.2,254.5248260498047,-310.9360046386719,253.77732849121094,-310.9430236816406,-179.4154052734375,-7.566697993039549e-05,0.35,0.0,0.0006756714388263651,0.005187988281264151,139,-1,5.928250923727411,120.69457676775824
1041,52.050000000000004,sturn,192,stanley,1.2,254.22853088378906,-310.93890380859375,253.77732849121094,-310.9430236816406,-179.4196319580078,9.521307566882197e-05,0.35,0.0,0.0005247828183820198,0.00941467285155675,139,-1,5.932280829346167,120.98413050976087
1042,52.1,sturn,192,stanley,1.2,253.9322052001953,-310.942138671875,253.77732849121094,-310.9430236816406,-179.41619873046875,-6.400097609594609e-05,0.35,0.0,0.0007092556408359128,0.005981445312474407,139,-1,5.9313929551915905,121.27382087507252
1043,52.150000000000006,sturn,192,stanley,1.2,253.63568115234375,-310.94537353515625,253.77732849121094,-310.9430236816406,-179.4203643798828,-5.269610823591718e-06,0.35,0.0,0.0008916866070580679,0.010147094726531806,139,-1,5.934053122392841,121.56373678998405
1044,52.2,sturn,192,stanley,1.2,253.339111328125,-310.9483642578125,253.77732849121094,-310.9430236816406,-179.4178466796875,-5.669996236316068e-05,0.35,0.0,0.0008295186850510467,0.0076293945312827845,139,-1,5.932404470493685,121.85367550895066
1045,52.25,sturn,192,stanley,1.2,253.04248046875,-310.9513244628906,253.77732849121094,-310.9430236816406,-179.42205810546875,9.456929934372615e-05,0.35,0.0,0.0007362065382584531,0.011840820312478417,139,-1,5.93347281766953,122.14369898542611
1046,52.300000000000004,sturn,192,stanley,1.2,252.7458953857422,-310.9543762207031,251.77743530273438,-310.9635925292969,-179.41925048828125,8.75452149390468e-06,0.35,0.0,0.0007529929993840417,0.009033203124997698,140,-1,5.932531404246431,122.43372959022891
1047,52.35,sturn,192,stanley,1.2,252.44921875,-310.95745849609375,251.77743530273438,-310.9635925292969,-179.4236602783203,0.00012546214220424118,0.35,0.0,0.0007812735003181262,0.013442993164046783,140,-1,5.934322530606875,122.72388761098621
1048,52.400000000000006,sturn,192,stanley,1.2,252.1525115966797,-310.96044921875,251.77743530273438,-310.9635925292969,-179.4208984375,6.761112688233861e-05,0.35,0.0,0.000717691985535287,0.010681152343755187,140,-1,5.93460888107745,123.01408661784079
1049,52.45,sturn,192,stanley,1.2,251.85574340820312,-310.9635009765625,251.77743530273438,-310.9635925292969,-179.4246826171875,0.0001768402442776339,0.35,0.0,0.0007145141299558368,0.014465332031253535,140,-1,5.9360592961823935,123.30438953078273
1050,52.5,sturn,192,stanley,1.2,251.5589599609375,-310.9665222167969,251.77743530273438,-310.9635925292969,-179.4216766357422,0.00010216150826405202,0.35,0.0,0.0006806632471827523,0.011459350585919365,140,-1,5.9361683452995395,123.59473149649725
1051,52.550000000000004,sturn,192,stanley,1.2,251.261962890625,-310.969482421875,251.77743530273438,-310.9635925292969,-179.42572021484375,0.0002499496699180037,0.35,0.0,0.0005835815196546402,0.015502929687506366,140,-1,5.9401841001881,123.88529938756095
1052,52.6,sturn,192,stanley,1.2,250.96478271484375,-310.97265625,251.77743530273438,-310.9635925292969,-179.4217987060547,0.00010007305708577123,0.35,0.0,0.0006982267310663513,0.011581420898440652,140,-1,5.942238175249249,124.17612272847978
1053,52.650000000000006,sturn,192,stanley,1.2,250.66758728027344,-310.97576904296875,249.7775421142578,-310.98419189453125,-179.42442321777344,0.00016145000312993866,0.35,0.0,0.0007392465189623998,0.014205932617164884,141,-1,5.941059263733237,124.46697791480938
1054,52.7,sturn,192,stanley,1.2,250.37046813964844,-310.9787292480469,249.7775421142578,-310.98419189453125,-179.42041015625,7.930435324569162e-05,0.35,0.0,0.0006409082645224481,0.010192871093771816,141,-1,5.94098781383035,124.75775571631249
1055,52.75,sturn,192,stanley,1.2,250.07339477539062,-310.981689453125,249.7775421142578,-310.98419189453125,-179.4228515625,0.00018142497480408488,0.35,0.0,0.0005430412076744373,0.01263427734379045,141,-1,5.941178767717577,125.04851869241725
1056,52.800000000000004,sturn,192,stanley,1.2,249.7763214111328,-310.98468017578125,249.7775421142578,-310.98419189453125,-179.41854858398438,8.076803408086818e-05,0.35,0.0,0.0004756901121560804,0.008331298828114798,141,-1,5.941780766943555,125.33931787318323
1057,52.85,sturn,192,stanley,1.2,249.479248046875,-310.98773193359375,249.7775421142578,-310.98419189453125,-179.4210205078125,0.00015350291736921268,0.35,0.0,0.0004693709392970327,0.010803222656225586,141,-1,5.942519502825134,125.63015953425871
1058,52.900000000000006,sturn,192,stanley,1.2,249.18212890625,-310.99072265625,249.7775421142578,-310.98419189453125,-179.41688537597656,5.779334911209372e-05,0.35,0.0,0.0004015486461867359,0.006668090820311231,141,-1,5.943278346870819,125.92106206605611
1059,52.95,sturn,192,stanley,1.2,248.88494873046875,-310.9937744140625,249.7775421142578,-310.98419189453125,-179.41957092285156,0.00013699166876647814,0.35,0.0,0.0003941300122798277,0.00935363769532155,141,-1,5.944023644079657,126.21206626068931
1060,53.0,sturn,192,stanley,1.2,248.5877685546875,-310.99676513671875,247.77764892578125,-311.0047607421875,-179.41554260253906,3.855744544783955e-05,0.35,0.0,0.0003437589820508933,0.005325317382831516,142,-1,5.944737208599813,126.50308628048067
1061,53.050000000000004,sturn,192,stanley,1.2,248.29049682617188,-310.99981689453125,247.77764892578125,-311.0047607421875,-179.41830444335938,0.00012024289381273986,0.35,0.0,0.0003353979529601078,0.008087158203123111,142,-1,5.945425191414741,126.79423735656566
1062,53.1,sturn,192,stanley,1.2,247.9932403564453,-311.0028381347656,247.77764892578125,-311.0047607421875,-179.4144287109375,2.2312042005381398e-05,0.35,0.0,0.00029667802840364606,0.00421142578124652,142,-1,5.946087457760077,127.08539547791615
1063,53.150000000000006,sturn,192,stanley,1.2,247.69593811035156,-311.005859375,247.77764892578125,-311.0047607421875,-179.41737365722656,0.00011941029159410793,0.35,0.0,0.00025748690625524556,0.007156372070345491,142,-1,5.946733301548982,127.37662658775841
1064,53.2,sturn,192,stanley,1.2,247.39857482910156,-311.00885009765625,247.77764892578125,-311.0047607421875,-179.4135284423828,3.278794006131314e-05,0.35,0.0,0.00018715155932127114,0.0033111572265610545,142,-1,5.947363807168861,127.66793899730942
1065,53.25,sturn,192,stanley,1.2,247.10121154785156,-311.01190185546875,247.77764892578125,-311.0047607421875,-179.41639709472656,0.00011782851270775556,0.35,0.0,0.00017784813504660452,0.00617980957032786,142,-1,5.947985156653012,127.959292137502
1066,53.300000000000004,sturn,192,stanley,1.2,246.80381774902344,-311.0149230957031,247.77764892578125,-311.0047607421875,-179.41258239746094,2.209661478185825e-05,0.35,0.0,0.00013771461771432472,0.002365112304686468,142,-1,5.94859364393139,128.25069638033963
1067,53.35,sturn,192,stanley,1.2,246.50636291503906,-311.0179748535156,245.7777557373047,-311.0253601074219,-179.41549682617188,0.00011286029199982986,0.35,0.0,0.00011503236326340649,0.005279541015642394,143,-1,5.949194746624033,128.5421941987393
1068,53.400000000000006,sturn,192,stanley,1.2,246.2089080810547,-311.0209655761719,245.7777557373047,-311.0253601074219,-179.41171264648438,2.8278257043494372e-05,0.35,0.0,4.3754621145551675e-05,0.0014953613281440462,143,-1,5.949788928969277,128.83370658039922
1069,53.45,sturn,192,stanley,1.2,245.9114532470703,-311.0240173339844,245.7777557373047,-311.0253601074219,-179.4146270751953,0.00011493158176003834,0.35,0.0,3.3508801687006946e-05,0.004409790039099973,143,-1,5.950378797778474,129.12525884977796
1070,53.5,sturn,192,stanley,1.2,245.61392211914062,-311.0270080566406,245.7777557373047,-311.0253601074219,-179.41082763671875,3.0165480396009133e-05,0.35,0.0,-3.85542697507468e-05,0.0006103515625046583,143,-1,5.950958222996544,129.41689999629568
1071,53.550000000000004,sturn,192,stanley,1.2,245.3163604736328,-311.0300598144531,245.7777557373047,-311.0253601074219,-179.41371154785156,0.00011630644423946296,0.35,0.0,-4.989955025715056e-05,0.003494262695317541,143,-1,5.951537617477928,129.70861047899044
1072,53.6,sturn,192,stanley,1.2,245.018798828125,-311.0330505371094,245.7777557373047,-311.0253601074219,-179.409912109375,3.163674208422783e-05,0.35,0.0,-0.00012227675342286418,-0.0003051757812268847,143,-1,5.952111806127173,130.00033492340475
1073,53.650000000000006,sturn,192,stanley,1.2,244.72120666503906,-311.0361022949219,243.77786254882812,-311.04595947265625,-179.41281127929688,0.00012241810756363574,0.35,0.0,-0.00014637260064960175,0.0025939941406320755,144,-1,5.952681197068589,130.29212830213146
1074,53.7,sturn,192,stanley,1.2,244.42355346679688,-311.03912353515625,243.77786254882812,-311.04595947265625,-179.40896606445312,2.6674415549490298e-05,0.35,0.0,-0.0001891762376695404,-0.0012512207031014717,144,-1,5.953245007912357,130.58400136031233
1075,53.75,sturn,192,stanley,1.2,244.1259002685547,-311.04217529296875,243.77786254882812,-311.04595947265625,-179.411865234375,0.00011355621744410854,0.35,0.0,-0.0002014639133598238,0.0016479492187574886,144,-1,5.953805649221804,130.8759068007403
1076,53.800000000000004,sturn,192,stanley,1.2,243.82823181152344,-311.04522705078125,243.77786254882812,-311.04595947265625,-179.40802001953125,7.79244492159306e-06,0.35,0.0,-0.00021390865491408765,-0.0021972656249760586,144,-1,5.9543597634078,131.16785308057874
1077,53.85,sturn,192,stanley,1.2,243.53048706054688,-311.04827880859375,243.77786254882812,-311.04595947265625,-179.4110107421875,9.759951822127495e-05,0.35,0.0,-0.0002271387257882511,0.0007934570312611447,144,-1,5.95491056217161,131.45989977300982
1078,53.900000000000006,sturn,192,stanley,1.2,243.23272705078125,-311.0513916015625,243.77786254882812,-311.04595947265625,-179.4073028564453,-2.4062735121982236e-05,0.35,0.0,-0.0001794939398670854,-0.0029144287109559267,144,-1,5.955456913751847,131.75199945331943
1079,53.95,sturn,192,stanley,1.2,242.9349822998047,-311.0545349121094,243.77786254882812,-311.04595947265625,-179.410400390625,3.8601816472639286e-05,0.35,0.0,-0.00010117612675228545,0.00018310546875648638,144,-1,5.955999631431684,132.0441157777375
1080,54.0,sturn,192,stanley,1.2,242.63717651367188,-311.0576171875,241.77796936035156,-311.0665283203125,-179.4069366455078,-7.1821417934369e-05,0.35,0.0,-6.643897341543185e-05,-0.0032806396484689,145,-1,5.956535099293563,132.33630460160907
1081,54.050000000000004,sturn,192,stanley,1.2,242.33932495117188,-311.0606689453125,241.77796936035156,-311.0665283203125,-179.4103240966797,2.9686292748863295e-05,0.35,0.0,-8.076850533745433e-05,0.00010681152342432076,145,-1,5.957070806002988,132.628557109185
1082,54.1,sturn,192,stanley,1.2,242.04147338867188,-311.06365966796875,241.77796936035156,-311.0665283203125,-179.40707397460938,-3.8327443359610954e-05,0.35,0.0,-0.00015612995991878516,-0.003143310546850646,145,-1,5.9576019828443245,132.92082217504847
1083,54.150000000000006,sturn,192,stanley,1.2,241.74362182617188,-311.06671142578125,241.77796936035156,-311.0665283203125,-179.41046142578125,6.317688362267174e-05,0.35,0.0,-0.00017045949184080753,0.00024414062504257445,145,-1,5.958124882455057,133.21312439860742
1084,54.2,sturn,192,stanley,1.2,241.44569396972656,-311.06976318359375,241.77796936035156,-311.0665283203125,-179.40707397460938,-2.862931456916202e-05,0.35,0.0,-0.00018557435308272927,-0.003143310546850646,145,-1,5.958644185310411,133.50552594666726
1085,54.25,sturn,192,stanley,1.2,241.1477508544922,-311.0728759765625,241.77796936035156,-311.0665283203125,-179.4103240966797,4.914126758396067e-05,0.35,0.0,-0.00013981435752932238,0.00010681152342432076,145,-1,5.959166454991047,133.79797918504858
1086,54.300000000000004,sturn,192,stanley,1.2,240.84979248046875,-311.0759582519531,241.77796936035156,-311.0665283203125,-179.4069366455078,-5.261993931701392e-05,0.35,0.0,-0.00012472738916955058,-0.0032806396484689,145,-1,5.959673803182081,134.0904654816269
1087,54.35,sturn,192,stanley,1.2,240.55184936523438,-311.07904052734375,239.778076171875,-311.0871276855469,-179.4102783203125,4.192762457114489e-05,0.35,0.0,-0.00012191978993816854,6.103515628608805e-05,146,-1,5.960180831628222,134.3829609430733
1088,54.400000000000006,sturn,192,stanley,1.2,240.25379943847656,-311.08209228515625,239.778076171875,-311.0871276855469,-179.4069366455078,-4.815674859144309e-05,0.35,0.0,-0.00013829117809193055,-0.0032806396484689,146,-1,5.960681105079187,134.67557890067383
1089,54.45,sturn,192,stanley,1.2,239.95574951171875,-311.0851745605469,239.778076171875,-311.0871276855469,-179.4103240966797,4.396259729492237e-05,0.35,0.0,-0.00012414660491603707,0.00010681152342432076,146,-1,5.961180745538299,134.9682267949412
1090,54.5,sturn,192,stanley,1.2,239.65771484375,-311.0882568359375,239.778076171875,-311.0871276855469,-179.40695190429688,-5.7101683503706176e-05,0.35,0.0,-0.00010984496587616377,-0.003265380859371933,146,-1,5.961677260457329,135.2608833980719
1091,54.550000000000004,sturn,192,stanley,1.2,239.3596649169922,-311.0913391113281,239.778076171875,-311.0871276855469,-179.4103546142578,3.5455249881777696e-05,0.35,0.0,-9.570039270027052e-05,0.0001373291015673648,146,-1,5.962166209217594,135.55357846072212
1092,54.6,sturn,192,stanley,1.2,239.0615234375,-311.09442138671875,239.778076171875,-311.0871276855469,-179.40707397460938,-6.26294094498161e-05,0.35,0.0,-8.249821470825581e-05,-0.003143310546850646,146,-1,5.9626526074671204,135.84638661028467
1093,54.650000000000006,sturn,192,stanley,1.2,238.76336669921875,-311.0974426269531,237.77818298339844,-311.1076965332031,-179.4104766845703,4.444097474591933e-05,0.35,0.0,-0.00011240549890224882,0.000259399414088652,147,-1,5.963137255536947,136.13922084516489
1094,54.7,sturn,192,stanley,1.2,238.46522521972656,-311.10052490234375,237.77818298339844,-311.1076965332031,-179.40719604492188,-5.3643384062279404e-05,0.35,0.0,-9.920332091023498e-05,-0.0030212402343802475,147,-1,5.963616298835528,136.43207531216228
1095,54.75,sturn,192,stanley,1.2,238.16708374023438,-311.10357666015625,237.77818298339844,-311.1076965332031,-179.41058349609375,4.884107654938725e-05,0.35,0.0,-0.0001165171042478751,0.00036621093751297275,147,-1,5.96409059403281,136.72494668057834
1096,54.800000000000004,sturn,192,stanley,1.2,237.86883544921875,-311.10662841796875,237.77818298339844,-311.1076965332031,-179.40724182128906,-4.057397951228959e-05,0.35,0.0,-0.0001349303486333749,-0.002975463867191126,147,-1,5.96456152588762,137.01794556948943
1097,54.85,sturn,192,stanley,1.2,237.5706024169922,-311.1097106933594,237.77818298339844,-311.1076965332031,-179.4105987548828,5.12974809323527e-05,0.35,0.0,-0.00012267056582524047,0.00038146972655905034,147,-1,5.965029821788395,137.31095816527588
1098,54.900000000000006,sturn,192,stanley,1.2,237.27235412597656,-311.1128234863281,237.77818298339844,-311.1076965332031,-179.40719604492188,-5.9960194686824484e-05,0.35,0.0,-8.005188755143104e-05,-0.0030212402343802475,147,-1,5.965492075922333,137.6040142081889
1099,54.95,sturn,192,stanley,1.2,236.97412109375,-311.11590576171875,237.77818298339844,-311.1076965332031,-179.4105987548828,3.322123450766716e-05,0.35,0.0,-6.779210474329618e-05,0.00038146972655905034,147,-1,5.965954169871609,137.89707164928208
1100,55.0,sturn,192,stanley,1.2,236.67579650878906,-311.1189880371094,235.77828979492188,-311.1282958984375,-179.40733337402344,-5.970863032925448e-05,0.35,0.0,-6.891115211141337e-05,-0.002883911132812883,148,-1,5.966411899624417,138.1902410938466
1101,55.050000000000004,sturn,192,stanley,1.2,236.37745666503906,-311.1220703125,235.77828979492188,-311.1282958984375,-179.4107208251953,3.3399727900663426e-05,0.35,0.0,-5.7750830351138184e-05,0.0005035400390803375,148,-1,5.966867534229791,138.48344759185852
1102,55.1,sturn,192,stanley,1.2,236.07911682128906,-311.1251220703125,235.77828979492188,-311.1282958984375,-179.40745544433594,-5.35264599823185e-05,0.35,0.0,-7.710646992051652e-05,-0.0027618408202915957,148,-1,5.967314852302122,138.77667010262653
1103,55.150000000000006,sturn,192,stanley,1.2,235.78077697753906,-311.128173828125,235.77828979492188,-311.1282958984375,-179.4108428955078,4.962732304609261e-05,0.35,0.0,-9.64621094898957e-05,0.0006256103516016247,148,-1,5.967760153622704,139.06991444798777
1104,55.2,sturn,192,stanley,1.2,235.48239135742188,-311.1312561035156,235.77828979492188,-311.1282958984375,-179.40756225585938,-4.762590430959291e-05,0.35,0.0,-8.57729853215596e-05,-0.002655029296867275,148,-1,5.9682025194903865,139.36323131223162
1105,55.25,sturn,192,stanley,1.2,235.1839599609375,-311.13433837890625,235.77828979492188,-311.1282958984375,-179.410888671875,4.4049501582759754e-05,0.35,0.0,-7.555505874516383e-05,0.0006713867187398575,148,-1,5.968642538589333,139.6566146322688
1106,55.300000000000004,sturn,192,stanley,1.2,234.88552856445312,-311.13739013671875,235.77828979492188,-311.1282958984375,-179.40757751464844,-4.3876715804095316e-05,0.35,0.0,-9.585309349842072e-05,-0.002639770507821197,148,-1,5.969078955021639,139.9500134773964
1107,55.35,sturn,192,stanley,1.2,234.5870819091797,-311.1404724121094,233.7783966064453,-311.1488952636719,-179.41090393066406,5.194321013916914e-05,0.35,0.0,-9.822866777837828e-05,0.0006866455077859351,149,-1,5.969510000753487,140.24345447768502
1108,55.400000000000006,sturn,192,stanley,1.2,234.2886505126953,-311.1435852050781,233.7783966064453,-311.1488952636719,-179.40756225585938,-5.6939156705188334e-05,0.35,0.0,-5.749477987232812e-05,-0.002655029296867275,149,-1,5.96994226149063,140.53690751991877
1109,55.45,sturn,192,stanley,1.2,233.99012756347656,-311.14666748046875,233.7783966064453,-311.1488952636719,-179.410888671875,3.5048033665914234e-05,0.35,0.0,-4.82192484798109e-05,0.0006713867187398575,149,-1,5.970366276485916,140.83046555090604
1110,55.5,sturn,192,stanley,1.2,233.69158935546875,-311.1497497558594,233.7783966064453,-311.1488952636719,-179.40760803222656,-6.168568023165803e-05,0.35,0.0,-3.910078295127394e-05,-0.0026092529296781533,149,-1,5.970787778883376,141.12405945579803
1111,55.550000000000004,sturn,192,stanley,1.2,233.39306640625,-311.15283203125,233.7783966064453,-311.1488952636719,-179.4110107421875,3.2482207108493893e-05,0.35,0.0,-2.982525155875715e-05,0.0007934570312611447,149,-1,5.971207109956921,141.4176591526782
1112,55.6,sturn,192,stanley,1.2,233.0945281982422,-311.1559143066406,233.7783966064453,-311.1488952636719,-179.40777587890625,-6.294275153588925e-05,0.35,0.0,-2.0706786030220622e-05,-0.002441406250018633,149,-1,5.971620557301286,141.7112944664586
1113,55.650000000000006,sturn,192,stanley,1.2,232.7959747314453,-311.1589660644531,233.7783966064453,-311.1488952636719,-179.41123962402344,4.311102689527062e-05,0.35,0.0,-4.226134769531875e-05,0.0010223388672067526,149,-1,5.97203515510083,142.00495946313924
1114,55.7,sturn,192,stanley,1.2,232.49734497070312,-311.1620178222656,231.7784881591797,-311.1694641113281,-179.4079132080078,-5.058074337867667e-05,0.35,0.0,-4.636464647905271e-05,-0.0023040771484003795,150,-1,5.972443137067692,142.29871977447263
1115,55.75,sturn,192,stanley,1.2,232.19869995117188,-311.16510009765625,231.7784881591797,-311.1694641113281,-179.4113006591797,4.356515247883382e-05,0.35,0.0,-3.8345641998374994e-05,0.001083374023441952,150,-1,5.972846467025592,142.59252114951758
1116,55.800000000000004,sturn,192,stanley,1.2,231.9000701904297,-311.1681823730469,231.7784881591797,-311.1694641113281,-179.40798950195312,-5.3729057523225224e-05,0.35,0.0,-3.0169571653717447e-05,-0.002227783203119103,150,-1,5.973247645279648,142.8863276910971
1117,55.85,sturn,192,stanley,1.2,231.6014404296875,-311.1712646484375,231.7784881591797,-311.1694641113281,-179.41139221191406,4.080187038014227e-05,0.35,0.0,-2.19935013090599e-05,0.001174926757820195,150,-1,5.973648949352604,143.18015425605742
1118,55.900000000000006,sturn,192,stanley,1.2,231.30276489257812,-311.1743469238281,231.7784881591797,-311.1694641113281,-179.4080810546875,-5.6336669114673544e-05,0.35,0.0,-1.4288628556341845e-05,-0.0021362304687408597,150,-1,5.9740429226106615,143.4740456769731
1119,55.95,sturn,192,stanley,1.2,231.00404357910156,-311.17742919921875,231.7784881591797,-311.1694641113281,-179.41148376464844,3.8504834976444976e-05,0.35,0.0,-7.054953395563279e-06,0.0012664794921984383,150,-1,5.974436092595972,143.76800184140617
1120,56.0,sturn,192,stanley,1.2,230.70530700683594,-311.1805114746094,229.7786102294922,-311.1900634765625,-179.40814208984375,-5.5157874643107825e-05,0.35,0.0,-1.2571844955119177e-05,-0.0020751953125056604,151,-1,5.974826711897261,144.06199266314792
1121,56.050000000000004,sturn,192,stanley,1.2,230.4065704345703,-311.18359375,229.7786102294922,-311.1900634765625,-179.41156005859375,4.017158353584368e-05,0.35,0.0,-5.4952356583195736e-06,0.001342773437479715,151,-1,5.97521278454837,144.35600303680914
1122,56.1,sturn,192,stanley,1.2,230.10784912109375,-311.1866455078125,229.7786102294922,-311.1900634765625,-179.4082794189453,-4.59072354069259e-05,0.35,0.0,-2.8777521827195833e-05,-0.0019378662109382958,151,-1,5.975593902276733,144.65001214484363
1123,56.150000000000006,sturn,192,stanley,1.2,229.80909729003906,-311.1897277832031,229.7786102294922,-311.1900634765625,-179.41163635253906,4.7729951437744125e-05,0.35,0.0,-2.1857978394377252e-05,0.0014190673828118807,151,-1,5.975975862099894,144.94407626599306
1124,56.2,sturn,192,stanley,1.2,229.51026916503906,-311.19281005859375,229.7786102294922,-311.1900634765625,-179.40830993652344,-4.932727461140964e-05,0.35,0.0,-1.5723764281458472e-05,-0.0019073486327952516,151,-1,5.97635228249823,145.23823454377376
1125,56.25,sturn,192,stanley,1.2,229.21144104003906,-311.1958923339844,229.7786102294922,-311.1900634765625,-179.41163635253906,4.36966694936924e-05,0.35,0.0,-9.58955016853915e-06,0.0014190673828118807,151,-1,5.976726919484342,145.53241191459685
1126,56.300000000000004,sturn,192,stanley,1.2,228.91261291503906,-311.1990051269531,229.7786102294922,-311.1900634765625,-179.40830993652344,-6.338938681770047e-05,0.35,0.0,2.7060625274034564e-05,-0.0019073486327952516,151,-1,5.977101342534961,145.82661392833447
1127,56.35,sturn,192,stanley,1.2,228.61378479003906,-311.20208740234375,227.77870178222656,-311.21063232421875,-179.4117431640625,2.669418666927257e-05,0.35,0.0,5.1431431588215906e-05,0.0015258789062362014,152,-1,5.977468091641134,146.1208291287527
1128,56.400000000000006,sturn,192,stanley,1.2,228.31495666503906,-311.20513916015625,227.77870178222656,-311.21063232421875,-179.408447265625,-5.946101038116416e-05,0.35,0.0,2.704968437147997e-05,-0.0017700195312787758,152,-1,5.977835617145381,146.41505743442988
1129,56.45,sturn,192,stanley,1.2,228.0160369873047,-311.20819091796875,227.77870178222656,-311.21063232421875,-179.41192626953125,4.826111448883541e-05,0.35,0.0,1.7255419708646184e-06,0.0017089843749926877,152,-1,5.978197404081265,146.70939437731172
1130,56.5,sturn,192,stanley,1.2,227.71710205078125,-311.2112731933594,227.77870178222656,-311.21063232421875,-179.40863037109375,-4.756169107241059e-05,0.35,0.0,6.76029503592448e-06,-0.0015869140625222895,152,-1,5.978556835731422,147.0037704980678
1131,56.550000000000004,sturn,192,stanley,1.2,227.41818237304688,-311.21435546875,227.77870178222656,-311.21063232421875,-179.41200256347656,4.708097778502712e-05,0.35,0.0,1.1952113964964171e-05,0.0017852783203248534,152,-1,5.978916785819328,147.2981500474824
1132,56.6,sturn,192,stanley,1.2,227.11924743652344,-311.2174072265625,227.77870178222656,-311.21063232421875,-179.4086456298828,-4.045959216709548e-05,0.35,0.0,-1.3529094299629708e-05,-0.001571655273425323,152,-1,5.979267917722535,147.592557309988
1133,56.650000000000006,sturn,192,stanley,1.2,226.82032775878906,-311.2204895019531,227.77870178222656,-311.21063232421875,-179.41195678710938,5.243901987473084e-05,0.35,0.0,-8.3372753705898e-06,0.0017395019531357319,152,-1,5.979620811984968,147.88697339148894
1134,56.7,sturn,192,stanley,1.2,226.52134704589844,-311.2236022949219,225.77880859375,-311.2312316894531,-179.40863037109375,-5.003987676923051e-05,0.35,0.0,1.4305806439811677e-05,-0.0015869140625222895,153,-1,5.979967679790156,148.18147315652416
1135,56.75,sturn,192,stanley,1.2,226.22232055664062,-311.2266845703125,225.77880859375,-311.2312316894531,-179.4119415283203,4.3220621887925335e-05,0.35,0.0,1.839816432099104e-05,0.0017242431640387653,153,-1,5.980315050122611,148.47603033524166
1136,56.800000000000004,sturn,192,stanley,1.2,225.9232940673828,-311.22979736328125,225.77880859375,-311.2312316894531,-179.40863037109375,-6.275109388073002e-05,0.35,0.0,5.300648353182653e-05,-0.0015869140625222895,153,-1,5.9806555845945555,148.77061096966318
1137,56.85,sturn,192,stanley,1.2,225.624267578125,-311.2328796386719,225.77880859375,-311.2312316894531,-179.41201782226562,3.269010915451579e-05,0.35,0.0,5.709884141300676e-05,0.001800537109370931,153,-1,5.980998022807354,149.065203824084
1138,56.900000000000006,sturn,192,stanley,1.2,225.32525634765625,-311.2359619140625,225.77880859375,-311.2312316894531,-179.40875244140625,-6.200105480543374e-05,0.35,0.0,6.134826515816726e-05,-0.0014648437500010022,153,-1,5.981334191641551,149.35979935790806
1139,56.95,sturn,192,stanley,1.2,225.02622985839844,-311.239013671875,225.77880859375,-311.2312316894531,-179.41217041015625,4.433404243861615e-05,0.35,0.0,3.492466170969266e-05,0.001953125000035262,153,-1,5.981670120686799,149.65442194777373
1140,57.0,sturn,192,stanley,1.2,224.7271270751953,-311.2420959472656,223.77891540527344,-311.2518005371094,-179.4088897705078,-5.642099913560117e-05,0.35,0.0,5.63112166082555e-05,-0.0013275146484336374,154,-1,5.982003242828579,149.9491425894622
1141,57.050000000000004,sturn,192,stanley,1.2,224.42800903320312,-311.24517822265625,223.77891540527344,-311.2518005371094,-179.4122772216797,3.932998967730898e-05,0.35,0.0,5.946117930555675e-05,0.002059936523459583,154,-1,5.982335385575932,150.24389562252725
1142,57.1,sturn,192,stanley,1.2,224.12887573242188,-311.24822998046875,223.77891540527344,-311.2518005371094,-179.40899658203125,-4.536421853720477e-05,0.35,0.0,3.193811480922378e-05,-0.0012207031250093165,154,-1,5.982661172235937,150.53867544958834
1143,57.150000000000006,sturn,192,stanley,1.2,223.8297576904297,-311.2513122558594,223.77891540527344,-311.2518005371094,-179.41236877441406,4.9950461729027884e-05,0.35,0.0,3.508807750652481e-05,0.002151489257837826,154,-1,5.98298688444599,150.83346295828582
1144,57.2,sturn,192,stanley,1.2,223.5306396484375,-311.25439453125,223.77891540527344,-311.2518005371094,-179.40902709960938,-4.655953383405906e-05,0.35,0.0,3.8238040203825846e-05,-0.0011901855468662726,154,-1,5.983307076780051,151.12826754802558
1145,57.25,sturn,192,stanley,1.2,223.2315216064453,-311.2574768066406,223.77891540527344,-311.2518005371094,-179.41236877441406,4.7883428563635015e-05,0.35,0.0,4.13880029011271e-05,0.002151489257837826,154,-1,5.983627868823691,151.42308911904274
1146,57.300000000000004,sturn,192,stanley,1.2,222.93231201171875,-311.2605895996094,223.77891540527344,-311.2518005371094,-179.4090118408203,-5.8770805918664515e-05,0.35,0.0,7.411153174420419e-05,-0.0012054443359632392,154,-1,5.983947028595692,151.71802310686604
1147,57.35,sturn,192,stanley,1.2,222.6331024169922,-311.263671875,221.77902221679688,-311.27239990234375,-179.41238403320312,4.0936598763718175e-05,0.35,0.0,6.388266426525166e-05,0.002166748046883904,155,-1,5.98425803339453,152.01296842181685
1148,57.400000000000006,sturn,192,stanley,1.2,222.33387756347656,-311.2667236328125,221.77902221679688,-311.27239990234375,-179.4090576171875,-4.475901372642939e-05,0.35,0.0,3.5417204585039275e-05,-0.0011596679687232287,155,-1,5.984572389306296,152.30794001082793
1149,57.45,sturn,192,stanley,1.2,222.03466796875,-311.2698059082031,221.77902221679688,-311.27239990234375,-179.41241455078125,5.0429376763667405e-05,0.35,0.0,3.7624772098461545e-05,0.0021972656249760586,155,-1,5.984879019499881,152.6029186345062
1150,57.5,sturn,192,stanley,1.2,221.73544311523438,-311.2729187011719,221.77902221679688,-311.27239990234375,-179.40908813476562,-5.529923997190669e-05,0.35,0.0,7.019123507755778e-05,-0.0011291503906310735,155,-1,5.985186809749042,152.89793419715218
1151,57.550000000000004,sturn,192,stanley,1.2,221.43621826171875,-311.2760009765625,221.77902221679688,-311.27239990234375,-179.41241455078125,3.906941659085245e-05,0.35,0.0,7.224173672699952e-05,0.0021972656249760586,155,-1,5.985490720456609,153.19296074268115
1152,57.6,sturn,192,stanley,1.2,221.13694763183594,-311.2790832519531,221.77902221679688,-311.27239990234375,-179.40914916992188,-5.4744276308283826e-05,0.35,0.0,7.38210407845016e-05,-0.0010681152343449854,155,-1,5.9857940342266724,153.48804865889682
1153,57.650000000000006,sturn,192,stanley,1.2,220.83763122558594,-311.28216552734375,221.77902221679688,-311.27239990234375,-179.41253662109375,4.167761617633485e-05,0.35,0.0,7.492914725006419e-05,0.002319335937497346,155,-1,5.9860942609376515,153.7831978597645
1154,57.7,sturn,192,stanley,1.2,220.53831481933594,-311.28521728515625,219.7791290283203,-311.2929992675781,-179.4092254638672,-3.919450747640106e-05,0.35,0.0,3.308485739359976e-05,-0.0009918212890637087,156,-1,5.986390035610376,154.07835782112826
1155,57.75,sturn,192,stanley,1.2,220.23899841308594,-311.2882995605469,219.7791290283203,-311.2929992675781,-179.41253662109375,5.50469080959907e-05,0.35,0.0,3.4192963859161485e-05,0.002319335937497346,156,-1,5.986681994117388,154.37353921826434
1156,57.800000000000004,sturn,192,stanley,1.2,219.93968200683594,-311.2914123535156,219.7791290283203,-311.2929992675781,-179.4091796875,-5.124131364495262e-05,0.35,0.0,6.581703165437912e-05,-0.0010375976562528302,156,-1,5.986976001324525,154.6687419302683
1157,57.85,sturn,192,stanley,1.2,219.64036560058594,-311.2945556640625,219.7791290283203,-311.2929992675781,-179.41253662109375,2.4283928656042298e-05,0.35,0.0,0.0001279570607792507,0.002319335937497346,156,-1,5.987266109147687,154.9639658371662
1158,57.900000000000006,sturn,192,stanley,1.2,219.34104919433594,-311.2976379394531,219.7791290283203,-311.2929992675781,-179.4092559814453,-6.981016532902685e-05,0.35,0.0,0.00012906516724481287,-0.0009613037109206646,156,-1,5.987554271863291,155.25919479803116
1159,57.95,sturn,192,stanley,1.2,219.04165649414062,-311.30072021484375,219.7791290283203,-311.2929992675781,-179.41270446777344,2.8614132574084242e-05,0.35,0.0,0.00012938794439047632,0.002487182617156866,156,-1,5.987838560640567,155.55451456344073
1160,58.0,sturn,192,stanley,1.2,218.74224853515625,-311.30377197265625,217.77923583984375,-311.3135681152344,-179.4094696044922,-5.978305963960646e-05,0.35,0.0,0.00011711722067978686,-0.0007476806640720231,157,-1,5.988122790493339,155.84985963528047
1161,58.050000000000004,sturn,192,stanley,1.2,218.4428253173828,-311.30682373046875,217.77923583984375,-311.3135681152344,-179.41293334960938,4.919046548920047e-05,0.35,0.0,8.660990476783582e-05,0.0027160644531533627,157,-1,5.988404485682434,156.14523526804092
1162,58.1,sturn,192,stanley,1.2,218.14341735839844,-311.30987548828125,217.77923583984375,-311.3135681152344,-179.40963745117188,-3.502115393709069e-05,0.35,0.0,5.625965471986374e-05,-0.0005798339843616143,157,-1,5.9886833541662,156.44061132287388
1163,58.150000000000006,sturn,192,stanley,1.2,217.843994140625,-311.3129577636719,217.77923583984375,-311.3135681152344,-179.4129638671875,6.001731041718126e-05,0.35,0.0,5.626830013756741e-05,0.002746582031245518,157,-1,5.988956778147989,156.7360230582363
1164,58.2,sturn,192,stanley,1.2,217.54458618164062,-311.3160705566406,217.77923583984375,-311.3135681152344,-179.4095458984375,-4.770147606596686e-05,0.35,0.0,8.694997274890509e-05,-0.0006713867187398575,157,-1,5.989230335787471,157.03144030518234
1165,58.25,sturn,192,stanley,1.2,217.24517822265625,-311.3191833496094,217.77923583984375,-311.3135681152344,-179.41287231445312,3.727735418853322e-05,0.35,0.0,0.00011763164536024266,0.002655029296867275,157,-1,5.989502337538642,157.32687270189692
1166,58.300000000000004,sturn,192,stanley,1.2,216.9456787109375,-311.3222961425781,217.77923583984375,-311.3135681152344,-179.4095458984375,-6.751475215014443e-05,0.35,0.0,0.00014737092278770125,-0.0006713867187398575,157,-1,5.989773551167244,157.6224103429633
1167,58.35,sturn,192,stanley,1.2,216.6461639404297,-311.32537841796875,215.7793426513672,-311.33416748046875,-179.4129638671875,3.452839576489544e-05,0.35,0.0,0.00013400073802915212,0.002746582031245518,158,-1,5.990041539612439,157.91797274848201
1168,58.400000000000006,sturn,192,stanley,1.2,216.34664916992188,-311.3284606933594,215.7793426513672,-311.33416748046875,-179.40966796875,-5.9331959549544075e-05,0.35,0.0,0.00013306698826297692,-0.0005493164062694592,158,-1,5.990309130579718,158.21355007979395
1169,58.45,sturn,192,stanley,1.2,216.04714965820312,-311.33148193359375,215.7793426513672,-311.33416748046875,-179.41311645507812,5.946639427674288e-05,0.35,0.0,7.125838170147104e-05,0.0028991699219098493,158,-1,5.990571206790078,158.50911674574456
1170,58.5,sturn,192,stanley,1.2,215.7476348876953,-311.3345642089844,215.7793426513672,-311.33416748046875,-179.40980529785156,-3.483089665244148e-05,0.35,0.0,7.032463193529492e-05,-0.00041198730465120546,158,-1,5.990832614460579,158.80472369628433
1171,58.550000000000004,sturn,192,stanley,1.2,215.4481201171875,-311.3376770019531,215.7793426513672,-311.33416748046875,-179.4130859375,4.920292540334644e-05,0.35,0.0,9.99068434987733e-05,0.002868652343766805,158,-1,5.9910940151983105,159.10035054326275
1172,58.6,sturn,192,stanley,1.2,215.1486053466797,-311.34075927734375,215.7793426513672,-311.33416748046875,-179.4097137451172,-4.683786245034288e-05,0.35,0.0,9.897309373259767e-05,-0.0005035400390294486,158,-1,5.991352049427428,159.39598675721746
1173,58.650000000000006,sturn,192,stanley,1.2,214.84906005859375,-311.3438720703125,215.7793426513672,-311.33416748046875,-179.4130096435547,3.773612224917659e-05,0.35,0.0,0.0001282411735681159,0.0027923583984346394,158,-1,5.991606983376117,159.69167275786023
1174,58.7,sturn,192,stanley,1.2,214.54945373535156,-311.34698486328125,213.77944946289062,-311.354736328125,-179.4097137451172,-7.174752888861002e-05,0.35,0.0,0.00017496051628499657,-0.0005035400390294486,159,-1,5.991860107181638,159.98743332278525
1175,58.75,sturn,192,stanley,1.2,214.2498321533203,-311.3500671386719,213.77944946289062,-311.354736328125,-179.41314697265625,2.7013654475449574e-05,0.35,0.0,0.0001729273054709617,0.0029296875000020045,159,-1,5.992111798216133,160.28321808700423
1176,58.800000000000004,sturn,192,stanley,1.2,213.95022583007812,-311.3531188964844,213.77944946289062,-311.354736328125,-179.40992736816406,-5.435385076281423e-05,0.35,0.0,0.0001405351991912514,-0.00028991699218080717,159,-1,5.992360674893148,160.57899692471244
1177,58.85,sturn,192,stanley,1.2,213.65061950683594,-311.3561706542969,213.77944946289062,-311.354736328125,-179.413330078125,5.3486743543919315e-05,0.35,0.0,0.00010814309291154174,0.0031127929687584906,159,-1,5.992609107898033,160.8747899855405
1178,58.900000000000006,sturn,192,stanley,1.2,213.35101318359375,-311.3592224121094,213.77944946289062,-311.354736328125,-179.4100341796875,-3.0062370039487246e-05,0.35,0.0,7.575098663183122e-05,-0.00018310546875648638,159,-1,5.992853683670351,161.17059719117822
1179,58.95,sturn,192,stanley,1.2,213.05140686035156,-311.3623352050781,213.77944946289062,-311.354736328125,-179.413330078125,5.471956977995687e-05,0.35,0.0,0.000104390803011431,0.0031127929687584906,159,-1,5.993098542612615,161.4664287589453
1180,59.0,sturn,192,stanley,1.2,212.7517852783203,-311.3654479980469,211.77955627441406,-311.3753356933594,-179.40992736816406,-4.705662876442235e-05,0.35,0.0,0.0001209549858009664,-0.00025939941406320755,160,-1,5.993338543686144,161.76228932218945
1181,59.050000000000004,sturn,192,stanley,1.2,212.45211791992188,-311.3684387207031,211.77955627441406,-311.3753356933594,-179.4134521484375,8.45252261277203e-05,0.35,0.0,2.6743072975467762e-05,0.003265380859371933,160,-1,5.989350371112835,162.05818837046664
1182,59.1,sturn,192,stanley,1.2,212.15245056152344,-311.3714904785156,211.77955627441406,-311.3753356933594,-179.40896606445312,-3.2766551906847444e-05,0.35,0.0,-6.436917525363267e-06,-0.0012207031250093165,160,-1,5.990889857969757,162.35411153940746
1183,59.150000000000006,sturn,192,stanley,1.2,211.85284423828125,-311.3746337890625,211.77955627441406,-311.3753356933594,-179.4134063720703,7.474454250591896e-05,0.35,0.0,5.2559271424294264e-05,0.0032196044921828115,160,-1,5.987467863387388,162.6500036405521
1184,59.2,sturn,192,stanley,1.2,211.55328369140625,-311.3778076171875,211.77955627441406,-311.3753356933594,-179.4093017578125,-7.202601681620186e-05,0.35,0.0,0.00014254264350890052,-0.0008850097656139434,160,-1,5.990895113117209,162.94586934825932
1185,59.25,sturn,192,stanley,1.2,211.25369262695312,-311.3809814453125,211.77955627441406,-311.3753356933594,-179.41175842285156,-3.123860580846467e-05,0.35,0.0,0.0002322118676117632,0.001571655273425323,160,-1,5.990871725209592,163.24177868389788
1186,59.300000000000004,sturn,192,stanley,1.2,210.95407104492188,-311.38409423828125,211.77955627441406,-311.3753356933594,-179.40798950195312,-0.00014819727696674994,0.35,0.0,0.00026053502140821645,-0.002197265625001503,160,-1,5.991716104102989,163.53772140555196
1187,59.35,sturn,192,stanley,1.2,210.65447998046875,-311.38726806640625,209.7796630859375,-311.39593505859375,-179.4107208251953,-9.586030245696538e-05,0.35,0.0,0.00033883307456779137,0.0005340576171979372,161,-1,5.990084487400867,163.83365762308162
1188,59.400000000000006,sturn,192,stanley,1.2,210.35491943359375,-311.390380859375,209.7796630859375,-311.39593505859375,-179.4071044921875,-0.00020868280783755251,0.35,0.0,0.0003677845243277309,-0.003082275390615447,161,-1,5.989876847817906,164.12956693114268
1189,59.45,sturn,192,stanley,1.2,210.05538940429688,-311.3935241699219,209.7796630859375,-311.39593505859375,-179.4103240966797,-0.00013633158585504612,0.35,0.0,0.0004275660832317482,0.0001373291015673648,161,-1,5.9885251532424055,164.42546448679505
1190,59.5,sturn,192,stanley,1.2,209.75587463378906,-311.3966369628906,209.7796630859375,-311.39593505859375,-179.406982421875,-0.0002414559775566391,0.35,0.0,0.0004569887549643036,-0.003204345703136734,161,-1,5.988669105796436,164.72135513251993
1191,59.550000000000004,sturn,192,stanley,1.2,209.45684814453125,-311.3996887207031,209.7796630859375,-311.39593505859375,-179.4121551513672,-8.513250415758695e-05,0.35,0.0,0.00043040587208009436,0.0019683837890558955,161,-1,5.9806789956643,165.01676725948727
1192,59.6,sturn,192,stanley,1.2,209.15774536132812,-311.4027099609375,209.7796630859375,-311.39593505859375,-179.4095458984375,-0.00014066622171444299,0.35,0.0,0.0003725216580791916,-0.0006408691406222579,161,-1,5.980854592991595,165.31226265256794
1193,59.650000000000006,sturn,192,stanley,1.2,208.8589630126953,-311.40582275390625,208.11907958984375,-311.4689025878906,-179.41265869140625,0.2852031583712807,0.35,0.0,0.08651816419937938,10.976562500000012,162,-1,5.981137058205268,165.60747007559286
1194,59.7,sturn,192,stanley,1.2,208.56040954589844,-311.4137268066406,208.11907958984375,-311.4689025878906,-179.16165161132812,0.29511039882609885,0.35,0.0,0.03441352606931949,10.725555419921868,162,-1,5.964489251130797,165.90325255749556
1195,59.75,sturn,192,stanley,1.2,208.26461791992188,-311.4341125488281,208.11907958984375,-311.4689025878906,-178.32537841796875,0.284182691527425,0.35,0.0,-0.004909138577064983,9.889282226562493,162,-1,5.909923143280547,166.19837131744424
1196,59.800000000000004,sturn,192,stanley,1.2,207.9728240966797,-311.46783447265625,208.11907958984375,-311.4689025878906,-177.00186157226562,0.2548901588030068,0.35,0.0,-0.03036492040815697,8.565765380859386,162,-1,5.874420568511784,166.4917408856497
1197,59.85,sturn,192,stanley,1.2,207.68328857421875,-311.5108642578125,208.11907958984375,-311.4689025878906,-175.5502166748047,0.2187455265038286,0.35,0.0,-0.04624907368690319,7.114120483398431,162,-1,5.8670036331983635,166.7844120434066
1198,59.900000000000006,sturn,192,stanley,1.2,207.39483642578125,-311.56011962890625,206.96102905273438,-311.9720764160156,-174.160888671875,0.8730257075491156,0.35,0.0,-0.08444174225522305,29.566619873046875,163,-1,5.8681164273979975,167.07703677035084
1199,59.95,sturn,192,stanley,1.2,207.10890197753906,-311.6180114746094,206.96102905273438,-311.9720764160156,-172.68637084960938,0.8708660340809581,0.35,0.0,-0.2029155999053006,28.092102050781243,163,-1,5.838420112595993,167.36859633705242
1200,60.0,sturn,192,stanley,1.2,206.82962036132812,-311.690185546875,206.96102905273438,-311.9720764160156,-170.80398559570312,0.852874602549782,0.35,0.0,-0.30589404257087266,26.209716796874993,163,-1,5.768749881566572,167.65594156025577
1201,60.050000000000004,sturn,192,stanley,1.2,206.56118774414062,-311.77960205078125,206.96102905273438,-311.9720764160156,-168.41358947753906,0.8150788334830198,0.35,0.0,-0.38853319369090583,23.81932067871093,163,-1,5.660775583748878,167.93542779908702
1202,60.1,sturn,192,stanley,1.2,206.3075714111328,-311.8874816894531,206.96102905273438,-311.9720764160156,-165.52337646484375,0.7564450829229027,0.35,0.0,-0.4475395978950355,20.929107666015607,163,-1,5.530432383073795,168.2033583602703
1203,60.150000000000006,sturn,192,stanley,1.2,206.072021484375,-312.01373291015625,206.96102905273438,-311.9720764160156,-162.184326171875,0.6770806299521019,0.35,0.0,-0.48110487754120546,17.590057373046875,163,-1,5.395254108597159,168.45653649804535
1204,60.2,sturn,192,stanley,1.2,205.84999084472656,-312.1554260253906,206.06932067871094,-312.937255859375,-158.72633361816406,1.0,0.35,0.0,-0.6042410772152006,36.31266784667968,164,-1,5.367812760829187,168.69899133410604
1205,60.25,sturn,192,stanley,1.2,205.6414337158203,-312.3111572265625,206.06932067871094,-312.937255859375,-155.17185974121094,1.0,0.35,0.0,-0.6968287166556053,32.75819396972655,164,-1,5.285036214229723,168.9305655097455
1206,60.300000000000004,sturn,192,stanley,1.2,205.4519500732422,-312.4847717285156,206.06932067871094,-312.937255859375,-151.33258056640625,1.0,0.35,0.0,-0.7637285641703533,28.91891479492187,164,-1,5.288692175057014,169.14641652490488
1207,60.35,sturn,192,stanley,1.2,205.28778076171875,-312.67791748046875,206.06932067871094,-312.937255859375,-147.11318969726562,1.0,0.35,0.0,-0.798788750825365,24.69952392578124,164,-1,5.231436943902934,169.34072179854692
1208,60.400000000000006,sturn,192,stanley,1.2,205.1498260498047,-312.8856201171875,206.06932067871094,-312.937255859375,-142.61761474609375,0.8777671498599623,0.35,0.0,-0.8039156696738157,20.20394897460936,164,-1,5.1959883955827335,169.5118174241174
1209,60.45,sturn,192,stanley,1.2,205.0305938720703,-313.1062316894531,206.06932067871094,-312.937255859375,-138.10426330566406,0.7380478955829286,0.35,0.0,-0.7863174702924689,15.690597534179691,164,-1,5.275323636730536,169.6668636148727
1210,60.5,sturn,192,stanley,1.2,204.9189453125,-313.33880615234375,205.53257751464844,-314.22509765625,-133.91110229492188,1.0,0.35,0.0,-0.7951989748825764,31.074951171874986,165,-1,5.404262967892459,169.81672532194253
1211,60.550000000000004,sturn,192,stanley,1.2,204.81748962402344,-313.5801696777344,205.53257751464844,-314.22509765625,-129.8567657470703,1.0,0.35,0.0,-0.8404970010022802,27.020614624023427,165,-1,5.405966180955701,169.95833061710846
1212,60.6,sturn,192,stanley,1.2,204.73927307128906,-313.8257141113281,205.53257751464844,-314.22509765625,-125.5572280883789,0.9642372515021627,0.35,0.0,-0.8622078057960223,22.72107696533204,165,-1,5.309338250367247,170.0780687913466
1213,60.650000000000006,sturn,192,stanley,1.2,204.68765258789062,-314.07281494140625,205.53257751464844,-314.22509765625,-121.03803253173828,0.8367710342375086,0.35,0.0,-0.8576414188586398,18.201881408691413,165,-1,5.252949948099179,170.17220565297313
1214,60.7,sturn,192,stanley,1.2,204.65554809570312,-314.3241882324219,205.53257751464844,-314.22509765625,-116.58404541015625,0.6973185762598678,0.35,0.0,-0.8330975717126989,13.747894287109373,165,-1,5.312064121225208,170.24821581767802
1215,60.75,sturn,192,stanley,1.2,204.63233947753906,-314.58355712890625,205.53257751464844,-314.22509765625,-112.54121398925781,0.5633171542714311,0.35,0.0,-0.7981038304803755,9.705062866210936,165,-1,5.425414205107659,170.31724614511734
1216,60.800000000000004,sturn,192,stanley,1.2,204.61045837402344,-314.8498229980469,205.53257751464844,-314.22509765625,-109.04366302490234,0.44599151815228166,0.35,0.0,-0.7602834928526734,6.207511901855466,165,-1,5.509692636280963,170.38658419462445
1217,60.85,sturn,192,stanley,1.2,204.58729553222656,-315.1168518066406,205.44381713867188,-315.7851257324219,-106.19769287109375,0.8035022296969527,0.35,0.0,-0.8409663318821701,17.51214599609375,166,-1,5.386971891715241,170.45771185804878
1218,60.900000000000006,sturn,192,stanley,1.2,204.5695343017578,-315.3849792480469,205.44381713867188,-315.7851257324219,-103.57777404785156,0.732726264308872,0.35,0.0,-0.8648736040489772,14.89222717285156,166,-1,5.464843141265089,170.5241224218026
1219,60.95,sturn,192,stanley,1.2,204.56752014160156,-315.6479187011719,205.44381713867188,-315.7851257324219,-100.73474884033203,0.6674756706606226,0.35,0.0,-0.8729189396993933,12.049201965332031,166,-1,5.236318875331449,170.57449583078534
1220,61.0,sturn,192,stanley,1.2,204.58370971679688,-315.9066162109375,205.44381713867188,-315.7851257324219,-97.60509490966797,0.5717466062990051,0.35,0.0,-0.8626680220734396,8.919548034667969,166,-1,5.280572746010052,170.60658429519694
1221,61.050000000000004,sturn,192,stanley,1.2,204.61392211914062,-316.16326904296875,205.44381713867188,-315.7851257324219,-94.58492279052734,0.4754724952928434,0.35,0.0,-0.838351063411516,5.899375915527333,166,-1,5.302825514955897,170.62490311908505
1222,61.1,sturn,192,stanley,1.2,204.65257263183594,-316.4211730957031,205.44381713867188,-315.7851257324219,-91.8462142944336,0.38621839934804314,0.35,0.0,-0.805626917254064,3.1606674194335858,166,-1,5.289787275251468,170.63556250672087
1223,61.150000000000006,sturn,192,stanley,1.2,204.6942596435547,-316.67913818359375,205.44381713867188,-315.7851257324219,-89.41015625,0.30440709469070987,0.35,0.0,-0.7698684712314792,0.7246093749999911,166,-1,5.277257350414187,170.64365066557366
1224,61.2,sturn,192,stanley,1.2,204.73838806152344,-316.9378356933594,205.4897003173828,-317.7848205566406,-87.44757843017578,0.233905475405252,0.35,0.0,-0.7316851230815308,-1.2379684448242279,167,-1,5.289571942490316,170.64988353927734
1225,61.25,sturn,192,stanley,1.2,204.78292846679688,-317.19696044921875,205.4897003173828,-317.7848205566406,-85.80774688720703,0.17366848382040825,0.35,0.0,-0.693100636591353,-2.8777999877929696,167,-1,5.277387586826283,170.65619836834455
1226,61.300000000000004,sturn,192,stanley,1.2,204.82781982421875,-317.4564208984375,205.4897003173828,-317.7848205566406,-84.59993743896484,0.1247375952376478,0.35,0.0,-0.6541729909495891,-4.085609436035158,167,-1,5.283244153903424,170.66263939257212
1227,61.35,sturn,192,stanley,1.2,204.87159729003906,-317.71588134765625,205.4897003173828,-317.7848205566406,-83.62937927246094,0.08391209318668363,0.35,0.0,-0.6163589437938589,-5.056167602539075,167,-1,5.267354818051202,170.67057853372773
1228,61.400000000000006,sturn,192,stanley,1.2,204.91510009765625,-317.97509765625,205.4897003173828,-317.7848205566406,-82.99263000488281,0.05196363943460444,0.35,0.0,-0.5788138820968219,-5.692916870117199,167,-1,5.26756087567388,170.67914374415716
1229,61.45,sturn,192,stanley,1.2,204.9566192626953,-318.2349853515625,205.4897003173828,-317.7848205566406,-82.49510955810547,0.024745706180711344,0.35,0.0,-0.5432673422821186,-6.190437316894535,167,-1,5.26650141794143,170.6901910677044
1230,61.5,sturn,192,stanley,1.2,204.99713134765625,-318.49530029296875,205.4897003173828,-317.7848205566406,-82.24651336669922,0.004724761206873535,0.35,0.0,-0.5087374183583769,-6.439033508300791,167,-1,5.272720248388773,170.70271592262768
1231,61.550000000000004,sturn,192,stanley,1.2,205.03550720214844,-318.7561340332031,205.4897003173828,-317.7848205566406,-82.06871795654297,-0.012167954970461447,0.35,0.0,-0.47635506376142567,-6.616828918457042,167,-1,5.269659277851891,170.7178434686557
1232,61.6,sturn,192,stanley,1.2,205.07261657714844,-319.01708984375,205.53558349609375,-319.7842712402344,-82.07917022705078,-0.023382816173027128,0.35,0.0,-0.4452463163619074,-6.60637664794922,168,-1,5.271042261055755,170.73464148173537
1233,61.650000000000006,sturn,192,stanley,1.2,205.10765075683594,-319.2782897949219,205.53558349609375,-319.7842712402344,-82.10638427734375,-0.033317227540570996,0.35,0.0,-0.4162131579271115,-6.5791625976562536,168,-1,5.270866942022882,170.75392572655255
1234,61.7,sturn,192,stanley,1.2,205.1414794921875,-319.5396728515625,205.53558349609375,-319.7842712402344,-82.27413177490234,-0.03884766461636209,0.35,0.0,-0.3883893269730642,-6.411415100097659,168,-1,5.272324795663957,170.77483170148298
1235,61.75,sturn,192,stanley,1.2,205.17333984375,-319.80145263671875,205.53558349609375,-319.7842712402344,-82.41937255859375,-0.04433661699689433,0.35,0.0,-0.36254246259952816,-6.266174316406252,168,-1,5.275399483372595,170.79814966639384
1236,61.800000000000004,sturn,192,stanley,1.2,205.2040252685547,-320.0634765625,205.53558349609375,-319.7842712402344,-82.67351531982422,-0.04626191473481972,0.35,0.0,-0.3378758162765207,-6.012031555175792,168,-1,5.277898543233084,170.82307155528798
1237,61.85,sturn,192,stanley,1.2,205.23280334472656,-320.325927734375,205.53558349609375,-319.7842712402344,-82.88018035888672,-0.048882782952917904,0.35,0.0,-0.31512581749757057,-5.805366516113282,168,-1,5.28262880847355,170.85035174547926
1238,61.900000000000006,sturn,192,stanley,1.2,205.26055908203125,-320.5886535644531,205.53558349609375,-319.7842712402344,-83.1756591796875,-0.04854354351273391,0.35,0.0,-0.2934041890900074,-5.509887695312508,168,-1,5.285738752400183,170.87909292572655
1239,61.95,sturn,192,stanley,1.2,205.28656005859375,-320.851806640625,205.5814666748047,-321.78375244140625,-83.40792083740234,-0.04940108364128327,0.35,0.0,-0.27345112102588426,-5.277656555175764,169,-1,5.29137388813919,170.9100432284534
1240,62.0,sturn,192,stanley,1.2,205.3116912841797,-321.115234375,205.5814666748047,-321.78375244140625,-83.71654510498047,-0.04770414328320048,0.35,0.0,-0.25436927447790425,-4.969032287597647,169,-1,5.294864071432546,170.94230556589875
1241,62.050000000000004,sturn,192,stanley,1.2,205.335205078125,-321.37908935546875,205.5814666748047,-321.78375244140625,-83.95227813720703,-0.047525518317958926,0.35,0.0,-0.2369142345643943,-4.7332992553710636,169,-1,5.300954402716055,170.97664304527495
1242,62.1,sturn,192,stanley,1.2,205.35792541503906,-321.64324951171875,205.5814666748047,-321.78375244140625,-84.25687408447266,-0.0450354067837804,0.35,0.0,-0.2202594433214142,-4.428703308105437,169,-1,5.304680365642312,171.01222504485227
1243,62.150000000000006,sturn,192,stanley,1.2,205.37918090820312,-321.90777587890625,205.5814666748047,-321.78375244140625,-84.48277282714844,-0.04427969339863092,0.35,0.0,-0.20507751088838513,-4.202804565429685,169,-1,5.310942801489264,171.04972017164212
1244,62.2,sturn,192,stanley,1.2,205.39979553222656,-322.1726379394531,205.5814666748047,-321.78375244140625,-84.77318572998047,-0.041398596598787085,0.35,0.0,-0.19054397942862963,-3.912391662597654,169,-1,5.314828527083198,171.0883181906154
1245,62.25,sturn,192,stanley,1.2,205.41905212402344,-322.4378356933594,205.5814666748047,-321.78375244140625,-84.98180389404297,-0.04037398604293421,0.35,0.0,-0.1773758233186303,-3.70377349853516,169,-1,5.321102743052587,171.12871864313215
1246,62.300000000000004,sturn,192,stanley,1.2,205.43780517578125,-322.70330810546875,205.5814666748047,-321.78375244140625,-85.25255584716797,-0.037349994661834265,0.35,0.0,-0.16471737513135334,-3.4330215454101696,169,-1,5.325094576792492,171.1700750901742
1247,62.35,sturn,192,stanley,1.2,205.45530700683594,-322.9691467285156,205.62733459472656,-323.783203125,-85.44005584716797,-0.03626165789461587,0.35,0.0,-0.1533086901356394,-3.2455215454101434,170,-1,5.331280436733998,171.21313690711432
1248,62.400000000000006,sturn,192,stanley,1.2,205.472412109375,-323.2352600097656,205.62733459472656,-323.783203125,-85.68877410888672,-0.0332426526555324,0.35,0.0,-0.14231245842771387,-2.996803283691403,170,-1,5.335345376754035,171.2570513085035
1249,62.45,sturn,192,stanley,1.2,205.48838806152344,-323.501708984375,205.62733459472656,-323.783203125,-85.8538818359375,-0.03220726323863488,0.35,0.0,-0.13245278046002876,-2.831695556640617,170,-1,5.341395814962433,171.30254564029536
1250,62.5,sturn,192,stanley,1.2,205.50404357910156,-323.7684326171875,205.62733459472656,-323.783203125,-86.08007049560547,-0.029282605296811523,0.35,0.0,-0.12291975312745344,-2.6055068969726847,170,-1,5.345509083466761,171.34881899771437
1251,62.550000000000004,sturn,192,stanley,1.2,205.51864624023438,-324.0354309082031,205.62733459472656,-323.783203125,-86.222900390625,-0.028360017086195673,0.35,0.0,-0.11444560558043829,-2.46267700195314,170,-1,5.351404475174614,171.39658423508016
1252,62.6,sturn,192,stanley,1.2,205.53306579589844,-324.3027648925781,205.62733459472656,-323.783203125,-86.42730712890625,-0.02558885926452403,0.35,0.0,-0.10616221578766517,-2.2582702636718923,170,-1,5.355553858522513,171.445009888761
1253,62.650000000000006,sturn,192,stanley,1.2,205.5464630126953,-324.57037353515625,205.62733459472656,-323.783203125,-86.54893493652344,-0.02481225352069515,0.35,0.0,-0.09890719623251677,-2.136642456054671,170,-1,5.361279333680832,171.494898091674
1254,62.7,sturn,192,stanley,1.2,205.55978393554688,-324.8382263183594,205.6732177734375,-325.7826843261719,-86.73281860351562,-0.022209876991582,0.35,0.0,-0.09173907683528063,-1.9527587890624831,171,-1,5.365457856477194,171.5453223532947
1255,62.75,sturn,192,stanley,1.2,205.5722198486328,-325.1063232421875,205.6732177734375,-325.7826843261719,-86.83480834960938,-0.021627646727699824,0.35,0.0,-0.0854563087188321,-1.8507690429687333,171,-1,5.3710199666533605,171.5970686429629
1256,62.800000000000004,sturn,192,stanley,1.2,205.58460998535156,-325.3747253417969,205.6732177734375,-325.7826843261719,-86.99993896484375,-0.01921005222150418,0.35,0.0,-0.07922630534849531,-1.6856384277343779,171,-1,5.375213287514419,171.64933674094627
1257,62.85,sturn,192,stanley,1.2,205.59620666503906,-325.6434020996094,205.6732177734375,-325.7826843261719,-87.08419799804688,-0.018813746448192132,0.35,0.0,-0.0737958506062675,-1.6013793945312536,171,-1,5.38061322882376,171.70284570852562
1258,62.900000000000006,sturn,192,stanley,1.2,205.60780334472656,-325.9123229980469,205.6732177734375,-325.7826843261719,-87.2325668334961,-0.01657415387083006,0.35,0.0,-0.06837099620340656,-1.453010559082029,171,-1,5.384806973654891,171.75681847153697
1259,62.95,sturn,192,stanley,1.2,205.61862182617188,-326.1815490722656,205.6732177734375,-325.7826843261719,-87.30108642578125,-0.016331392290320376,0.35,0.0,-0.06373113569710774,-1.3844909667968797,171,-1,5.390057761950809,171.8120252051382
1260,63.0,sturn,192,stanley,1.2,205.62953186035156,-326.4509582519531,205.6732177734375,-325.7826843261719,-87.43463134765625,-0.014255061396195654,0.35,0.0,-0.05900394680152776,-1.2509460449218477,171,-1,5.394252209788272,171.86759298025896
1261,63.050000000000004,sturn,192,stanley,1.2,205.63967895507812,-326.72064208984375,205.6732177734375,-325.7826843261719,-87.4892578125,-0.014154475414956319,0.35,0.0,-0.055045796986121345,-1.1963195800781135,171,-1,5.3993601789686085,171.92437286024133
1262,63.1,sturn,192,stanley,1.2,205.64996337890625,-326.9905700683594,205.71910095214844,-327.78216552734375,-87.60968780517578,-0.012213937213132662,0.35,0.0,-0.050960980493079136,-1.0758895874023322,172,-1,5.4035467298969495,171.98148533624754
1263,63.150000000000006,sturn,192,stanley,1.2,205.65956115722656,-327.2607421875,205.71910095214844,-327.78216552734375,-87.65206146240234,-0.01225427775938673,0.35,0.0,-0.04756320321924424,-1.0335159301757784,172,-1,5.408527810310214,172.03972890744348
1264,63.2,sturn,192,stanley,1.2,205.6693115234375,-327.5310974121094,205.71910095214844,-327.78216552734375,-87.76097869873047,-0.01044253316480575,0.35,0.0,-0.04401707846025732,-0.9245986938476795,172,-1,5.41270080078599,172.09827596270387
1265,63.25,sturn,192,stanley,1.2,205.67845153808594,-327.80169677734375,205.71910095214844,-327.78216552734375,-87.79263305664062,-0.010614911503779282,0.35,0.0,-0.041086744999345934,-0.892944335937496,172,-1,5.4175622905173695,172.1578805453482
1266,63.300000000000004,sturn,192,stanley,1.2,205.687744140625,-328.07257080078125,205.71910095214844,-327.78216552734375,-87.89153289794922,-0.008915248931242377,0.35,0.0,-0.038010164180545106,-0.7940444946288847,172,-1,5.42171426033,172.2178127156677
1267,63.35,sturn,192,stanley,1.2,205.69642639160156,-328.3436584472656,205.71910095214844,-327.78216552734375,-87.91387176513672,-0.00918004801338055,0.35,0.0,-0.03554867461739894,-0.7717056274414076,172,-1,5.4264544030542545,172.27879516961383
1268,63.400000000000006,sturn,192,stanley,1.2,205.70538330078125,-328.6149597167969,205.71910095214844,-327.78216552734375,-88.0040283203125,-0.007601824356469464,0.35,0.0,-0.03281749941977989,-0.6815490722656131,172,-1,5.430579464255048,172.33997269340838
1269,63.45,sturn,192,stanley,1.2,205.71372985839844,-328.886474609375,205.7649688720703,-329.7816467285156,-88.018310546875,-0.007972351026067909,0.35,0.0,-0.030691186652554592,-0.6672668457031161,173,-1,5.435214891375241,172.40220079362118
1270,63.5,sturn,192,stanley,1.2,205.7223358154297,-329.1582336425781,205.7649688720703,-329.7816467285156,-88.10098266601562,-0.006474475644245426,0.35,0.0,-0.0283213718925059,-0.5845947265625141,173,-1,5.4393117270593585,172.46464764146555
1271,63.550000000000004,sturn,192,stanley,1.2,205.7303924560547,-329.43023681640625,205.7649688720703,-329.7816467285156,-88.10839080810547,-0.006926272748088045,0.35,0.0,-0.026506329334661856,-0.5771865844726538,173,-1,5.443846062370327,172.52809452901252
1272,63.6,sturn,192,stanley,1.2,205.7386932373047,-329.7023620605469,205.7649688720703,-329.7816467285156,-88.1845932006836,-0.005497646704873366,0.35,0.0,-0.02445001056301779,-0.5009841918945096,173,-1,5.447909391064003,172.59174390295584
1273,63.650000000000006,sturn,192,stanley,1.2,205.74647521972656,-329.97479248046875,205.7649688720703,-329.7816467285156,-88.1860122680664,-0.0060157483916952505,0.35,0.0,-0.022919354530484666,-0.4995651245116977,173,-1,5.452350932908757,172.6563803233065
1274,63.7,sturn,192,stanley,1.2,205.75454711914062,-330.2474060058594,205.7649688720703,-329.7816467285156,-88.256591796875,-0.0046591770360232,0.35,0.0,-0.021103058047090076,-0.42898559570313965,173,-1,5.456376106590973,172.72119210865444
1275,63.75,sturn,192,stanley,1.2,205.76210021972656,-330.520263671875,205.7649688720703,-329.7816467285156,-88.25284576416016,-0.00523704398485405,0.35,0.0,-0.019811024217964712,-0.4327316284179719,173,-1,5.460727643371323,172.7869753764739
1276,63.800000000000004,sturn,192,stanley,1.2,205.76995849609375,-330.7933044433594,205.81085205078125,-331.7810974121094,-88.318603515625,-0.003933994136113424,0.35,0.0,-0.01822382115513783,-0.36697387695311423,174,-1,5.4647097440955115,172.85292024974115
1277,63.85,sturn,192,stanley,1.2,205.77731323242188,-331.06658935546875,205.81085205078125,-331.7810974121094,-88.31036376953125,-0.004563857104213593,0.35,0.0,-0.0171398999814848,-0.37521362304690165,174,-1,5.468974770201875,172.9198223706495
1278,63.900000000000006,sturn,192,stanley,1.2,205.7849884033203,-331.34002685546875,205.81085205078125,-331.7810974121094,-88.3719711303711,-0.003310865902743323,0.35,0.0,-0.015739128766614013,-0.31360626220705523,174,-1,5.472920753812427,172.986864042082
1279,63.95,sturn,192,stanley,1.2,205.79217529296875,-331.61370849609375,205.81085205078125,-331.7810974121094,-88.35986328125,-0.003986427647321353,0.35,0.0,-0.014832110658077019,-0.32571411132809447,174,-1,5.4771035552150575,173.05484866327745
1280,64.0,sturn,192,stanley,1.2,205.79969787597656,-331.8875732421875,205.81085205078125,-331.7810974121094,-88.41783905029297,-0.002777615206421178,0.35,0.0,-0.013593687776775415,-0.26773834228518384,174,-1,5.481001904063057,173.12296738338938
1281,64.05,sturn,192,stanley,1.2,205.80673217773438,-332.16162109375,205.81085205078125,-331.7810974121094,-88.40245819091797,-0.0034879101877332407,0.35,0.0,-0.012847617916965884,-0.2831192016601689,174,-1,5.485108984667304,173.19201260598294
1282,64.10000000000001,sturn,192,stanley,1.2,205.8141326904297,-332.4359436035156,205.81085205078125,-331.7810974121094,-88.45732879638672,-0.0023191904817518017,0.35,0.0,-0.011741733863718885,-0.22824859619139198,174,-1,5.488966787250195,173.26118895367043
1283,64.15,sturn,192,stanley,1.2,205.821044921875,-332.7104187011719,205.81085205078125,-331.7810974121094,-88.43907928466797,-0.0030633521615508175,0.35,0.0,-0.011127502789543104,-0.24649810791014387,174,-1,5.492999222336098,173.33128364447776
1284,64.2,sturn,192,stanley,1.2,205.82833862304688,-332.985107421875,205.8567352294922,-333.78057861328125,-88.49127197265625,-0.0019271452308570025,0.35,0.0,-0.010141828611827223,-0.1943054199219051,175,-1,5.496809587800584,173.40147891577328
1285,64.25,sturn,192,stanley,1.2,205.83514404296875,-333.2599792480469,205.8567352294922,-333.78057861328125,-88.47061157226562,-0.002698020931396955,0.35,0.0,-0.009643481506896616,-0.21496582031248168,175,-1,5.5007714569448645,173.47260120066122
1286,64.3,sturn,192,stanley,1.2,205.84231567382812,-333.5350646972656,205.8567352294922,-333.78057861328125,-88.52050018310547,-0.0015817421678262702,0.35,0.0,-0.008783920123686822,-0.1650772094726433,175,-1,5.504537503725212,173.54383972979917
1287,64.35000000000001,sturn,192,stanley,1.2,205.8490447998047,-333.8103332519531,205.8567352294922,-333.78057861328125,-88.49774169921875,-0.0023814733198655436,0.35,0.0,-0.008370947440065954,-0.18783569335934555,175,-1,5.508428200945646,173.61596158255767
1288,64.4,sturn,192,stanley,1.2,205.8561248779297,-334.0858154296875,205.8567352294922,-333.78057861328125,-88.54562377929688,-0.0012858939827604897,0.35,0.0,-0.007612015252133617,-0.13995361328125458,175,-1,5.512142065275246,173.68821532972518
1289,64.45,sturn,192,stanley,1.2,205.86282348632812,-334.3614501953125,205.8567352294922,-333.78057861328125,-88.52102661132812,-0.0021237683483156756,0.35,0.0,-0.007237952625498481,-0.16455078124999384,175,-1,5.515968542828403,173.7612853669133
1290,64.5,sturn,192,stanley,1.2,205.86984252929688,-334.63726806640625,205.8567352294922,-333.78057861328125,-88.56722259521484,-0.001051239103890495,0.35,0.0,-0.006547740000066452,-0.11835479736327556,175,-1,5.51963279410138,173.8345085928219
1291,64.55,sturn,192,stanley,1.2,205.8764190673828,-334.91326904296875,205.90261840820312,-335.7800598144531,-88.5411376953125,-0.001882966430578447,0.35,0.0,-0.006309142022930151,-0.14443969726563582,176,-1,5.523391649161997,173.90861540655914
1292,64.60000000000001,sturn,192,stanley,1.2,205.88339233398438,-335.1894836425781,205.90261840820312,-335.7800598144531,-88.58586883544922,-0.0008322187315021825,0.35,0.0,-0.005673794270872428,-0.09970855712891855,176,-1,5.527007347500551,173.98281218163703
1293,64.65,sturn,192,stanley,1.2,205.8899688720703,-335.4658508300781,205.90261840820312,-335.7800598144531,-88.55840301513672,-0.0017018540737946202,0.35,0.0,-0.005438570854079626,-0.12717437744137372,176,-1,5.530709412341675,174.05784002266552
1294,64.7,sturn,192,stanley,1.2,205.8968963623047,-335.74237060546875,205.90261840820312,-335.7800598144531,-88.60193634033203,-0.0006660810896966531,0.35,0.0,-0.004855987848133635,-0.08364105224609664,176,-1,5.53427633219995,174.1329844570723
1295,64.75,sturn,192,stanley,1.2,205.90338134765625,-336.0191650390625,205.90261840820312,-335.7800598144531,-88.57341766357422,-0.0015295283960518942,0.35,0.0,-0.004722093669039148,-0.11215972900390161,176,-1,5.537915425542917,174.20903990237215
1296,64.8,sturn,192,stanley,1.2,205.9102325439453,-336.2960510253906,205.90261840820312,-335.7800598144531,-88.61590576171875,-0.0004931528736634844,0.35,0.0,-0.00422418504198204,-0.0696716308594004,176,-1,5.541430912943595,174.28517998031583
1297,64.85000000000001,sturn,192,stanley,1.2,205.91671752929688,-336.57318115234375,205.90261840820312,-335.7800598144531,-88.58638763427734,-0.0013822016603881662,0.35,0.0,-0.004097991329516992,-0.09918975830079213,176,-1,5.545012453373808,174.36214946009076
1298,64.9,sturn,192,stanley,1.2,205.92355346679688,-336.8504333496094,205.948486328125,-337.779541015625,-88.62789154052734,-0.00036881325371194843,0.35,0.0,-0.00361350916021699,-0.057685852050780695,177,-1,5.548482135807447,174.43922784979867
1299,64.95,sturn,192,stanley,1.2,205.92999267578125,-337.12786865234375,205.948486328125,-337.779541015625,-88.59756469726562,-0.0012620861195500595,0.35,0.0,-0.0035400801938636744,-0.08801269531253053,177,-1,5.552000638056734,174.51714653052414
1300,65.0,sturn,192,stanley,1.2,205.9368133544922,-337.4054870605469,205.948486328125,-337.779541015625,-88.63826751708984,-0.0002592534213645784,0.35,0.0,-0.003089482132842601,-0.04730987548830328,177,-1,5.555421097583711,174.59516412553162
1301,65.05,sturn,192,stanley,1.2,205.94322204589844,-337.68328857421875,205.948486328125,-337.779541015625,-88.60722351074219,-0.0011591041446659474,0.35,0.0,-0.0030549632234750184,-0.07835388183593121,177,-1,5.558884543751757,174.67403666108422
1302,65.10000000000001,sturn,192,stanley,1.2,205.9499969482422,-337.96124267578125,205.948486328125,-337.779541015625,-88.64733123779297,-0.00015407931364418576,0.35,0.0,-0.0026578299509865343,-0.03824615478516254,177,-1,5.562256097574459,174.75301405373855
1303,65.15,sturn,192,stanley,1.2,205.9563446044922,-338.2393798828125,205.948486328125,-337.779541015625,-88.61569213867188,-0.001046557613132628,0.35,0.0,-0.0026920306041192596,-0.06988525390624904,177,-1,5.565667272766023,174.83286087264048
1304,65.2,sturn,192,stanley,1.2,205.96311950683594,-338.5177001953125,205.948486328125,-337.779541015625,-88.65511322021484,-5.793068877413506e-05,0.35,0.0,-0.002303297840681078,-0.03046417236326631,177,-1,5.56898824006844,174.91276462447811
1305,65.25,sturn,192,stanley,1.2,205.969482421875,-338.7961730957031,205.99436950683594,-339.7790222167969,-88.62289428710938,-0.0009677952066935741,0.35,0.0,-0.0023349701351823293,-0.06268310546876532,178,-1,5.572342407338485,174.99351384896656
1306,65.3,sturn,192,stanley,1.2,205.97622680664062,-339.0747985839844,205.99436950683594,-339.7790222167969,-88.66173553466797,1.7726944475122385e-05,0.35,0.0,-0.001983747343888162,-0.0238418579101442,178,-1,5.575616635898327,175.07435469452247
1307,65.35000000000001,sturn,192,stanley,1.2,205.9825897216797,-339.35357666015625,205.99436950683594,-339.7790222167969,-88.62902069091797,-0.0009055498033814311,0.35,0.0,-0.0020173941138911973,-0.05655670166014962,178,-1,5.578925071687979,175.1560118301157
1308,65.4,sturn,192,stanley,1.2,205.9893341064453,-339.6325378417969,205.99436950683594,-339.7790222167969,-88.66741180419922,7.003901662639682e-05,0.35,0.0,-0.0016738717892264702,-0.018165588378896678,178,-1,5.582150593825207,175.23777081076545
1309,65.45,sturn,192,stanley,1.2,205.9956817626953,-339.91162109375,205.99436950683594,-339.7790222167969,-88.6343994140625,-0.000853854149692943,0.35,0.0,-0.0017297737574058045,-0.051177978515605946,178,-1,5.585404234577777,175.32035074510526
1310,65.5,sturn,192,stanley,1.2,206.00241088867188,-340.19091796875,205.99436950683594,-339.7790222167969,-88.67244720458984,0.00012019805322358333,0.35,0.0,-0.0014092066733382355,-0.013130187988296859,178,-1,5.588581707207299,175.40304289958118
1311,65.55,sturn,192,stanley,1.2,206.00875854492188,-340.47039794921875,205.99436950683594,-339.7790222167969,-88.63912200927734,-0.0008093980947722887,0.35,0.0,-0.001474209192988728,-0.04645538330080694,178,-1,5.591781874679692,175.48656092714918
1312,65.60000000000001,sturn,192,stanley,1.2,206.0154571533203,-340.75,205.99436950683594,-339.7790222167969,-88.67687225341797,0.00016950649025035533,0.35,0.0,-0.0011911520810651763,-0.008705139160150808,178,-1,5.594912594350492,175.57019151180776
1313,65.65,sturn,192,stanley,1.2,206.02178955078125,-341.0297546386719,206.04025268554688,-341.7784729003906,-88.64324188232422,-0.000759213058549516,0.35,0.0,-0.001283435747598774,-0.04233551025388777,179,-1,5.598061401198082,175.65462349219064
1314,65.7,sturn,192,stanley,1.2,206.0284881591797,-341.3096923828125,206.04025268554688,-341.7784729003906,-88.68069458007812,0.0002140434114149618,0.35,0.0,-0.0010080791023046598,-0.004882812499986378,179,-1,5.601143807850538,175.73917376700413
1315,65.75,sturn,192,stanley,1.2,206.03480529785156,-341.5897521972656,206.04025268554688,-341.7784729003906,-88.64682006835938,-0.0007158540038364357,0.35,0.0,-0.001116891975886893,-0.03875732421876592,179,-1,5.604247663655898,175.8245297577891
1316,65.8,sturn,192,stanley,1.2,206.04150390625,-341.8699951171875,206.04025268554688,-341.7784729003906,-88.6839828491211,0.00025171322236425687,0.35,0.0,-0.0008485357548013658,-0.0015945434570453281,179,-1,5.607283905011947,175.90999020335173
1317,65.85000000000001,sturn,192,stanley,1.2,206.0478057861328,-342.150390625,206.04025268554688,-341.7784729003906,-88.64987182617188,-0.0006769117191324675,0.35,0.0,-0.000980303868980758,-0.035705566406242624,179,-1,5.610342670402431,175.9962804983406
1318,65.9,sturn,192,stanley,1.2,206.05450439453125,-342.4308776855469,206.04025268554688,-341.7784729003906,-88.6867904663086,0.00028577039928396133,0.35,0.0,-0.0007175479872620957,0.0012130737304862779,179,-1,5.6133327146802605,176.08263120112258
1319,65.95,sturn,192,stanley,1.2,206.06082153320312,-342.7115478515625,206.04025268554688,-341.7784729003906,-88.6524658203125,-0.0006521117724678232,0.35,0.0,-0.000840361709261498,-0.033111572265610546,179,-1,5.6163416304297575,176.1698070596017
1320,66.0,sturn,192,stanley,1.2,206.06752014160156,-342.9924011230469,206.08612060546875,-343.7779541015625,-88.68917846679688,0.0003041717995241218,0.35,0.0,-0.0005757775113322226,0.003601074218741862,180,-1,5.619288787131325,176.2570885498007
1321,66.05,sturn,192,stanley,1.2,206.0738067626953,-343.27337646484375,206.08612060546875,-343.7779541015625,-88.65475463867188,-0.0006234548731467531,0.35,0.0,-0.0007361012054756377,-0.030822753906256245,180,-1,5.622253654283151,176.34520345816415
1322,66.10000000000001,sturn,192,stanley,1.2,206.0804901123047,-343.5545349121094,206.08612060546875,-343.7779541015625,-88.69127655029297,0.0003388412161361526,0.35,0.0,-0.0005040010309835764,0.005699157714867528,180,-1,5.625155174726836,176.43341017323417
1323,66.15,sturn,192,stanley,1.2,206.0867919921875,-343.8357849121094,206.08612060546875,-343.7779541015625,-88.65666961669922,-0.0005971856116158211,0.35,0.0,-0.000655370332947001,-0.028907775878887067,180,-1,5.628075409753559,176.5224108376639
1324,66.2,sturn,192,stanley,1.2,206.09349060058594,-344.1172180175781,206.08612060546875,-343.7779541015625,-88.69305419921875,0.00035816259434774835,0.35,0.0,-0.0004143157662749473,0.007476806640618453,180,-1,5.630936144853612,176.61150381595047
1325,66.25,sturn,192,stanley,1.2,206.0997772216797,-344.3987731933594,206.08612060546875,-343.7779541015625,-88.65829467773438,-0.0005744998405454727,0.35,0.0,-0.0005879402664146719,-0.027282714843749584,180,-1,5.633805296822754,176.70142928611972
1326,66.3,sturn,192,stanley,1.2,206.10647583007812,-344.6804504394531,206.08612060546875,-343.7779541015625,-88.69452667236328,0.00037853915377048,0.35,0.0,-0.00035248603910948556,0.008949279785142494,180,-1,5.636619176327275,176.79141238197292
1327,66.35000000000001,sturn,192,stanley,1.2,206.11279296875,-344.9623107910156,206.1320037841797,-345.7774353027344,-88.65966796875,-0.0005634438735248057,0.35,0.0,-0.0005076273642291643,-0.025909423828126825,181,-1,5.639443640017517,176.8822196894799
1328,66.4,sturn,192,stanley,1.2,206.11949157714844,-345.2442932128906,206.1320037841797,-345.7774353027344,-88.69579315185547,0.00038907748757352256,0.35,0.0,-0.00027917356113256117,0.010215759277340933,181,-1,5.642218261258735,176.97311369595383
1329,66.45,sturn,192,stanley,1.2,206.1257781982422,-345.5263977050781,206.1320037841797,-345.7774353027344,-88.66085052490234,-0.0005445258115048878,0.35,0.0,-0.00046539882484773493,-0.02472686767578359,181,-1,5.644997392385375,177.06483911974658
1330,66.5,sturn,192,stanley,1.2,206.13247680664062,-345.8086242675781,206.1320037841797,-345.7774353027344,-88.69686889648438,0.00040697793146439817,0.35,0.0,-0.00024254536111799753,0.011291503906259846,181,-1,5.647731500429335,177.15662279041072
1331,66.55,sturn,192,stanley,1.2,206.13877868652344,-346.0910339355469,206.1320037841797,-345.7774353027344,-88.661865234375,-0.0005312947577925545,0.35,0.0,-0.0004205162750740383,-0.023712158203150764,181,-1,5.650471729032887,177.24924427333943
1332,66.60000000000001,sturn,192,stanley,1.2,206.14547729492188,-346.37359619140625,206.1320037841797,-345.7774353027344,-88.69775390625,0.0004192624193978784,0.35,0.0,-0.00020536327797374306,0.012176513671899234,181,-1,5.6531620318188125,177.34194940200138
1333,66.65,sturn,192,stanley,1.2,206.15182495117188,-346.65625,206.1320037841797,-345.7774353027344,-88.66264343261719,-0.0005360640816406735,0.35,0.0,-0.0003431702093935028,-0.0229339599609357,181,-1,5.655859435407005,177.435417024878
1334,66.7,sturn,192,stanley,1.2,206.15850830078125,-346.9390563964844,206.17788696289062,-347.77691650390625,-88.69847869873047,0.00042203659001110473,0.35,0.0,-0.00015389827433459277,0.012901306152351251,182,-1,5.6585081346353805,177.52902570123356
1335,66.75,sturn,192,stanley,1.2,206.16485595703125,-347.22198486328125,206.17788696289062,-347.77691650390625,-88.66342163085938,-0.0005296137476691464,0.35,0.0,-0.00029800558754207625,-0.02215576171872063,182,-1,5.661167906980602,177.6233927356052
1336,66.8,sturn,192,stanley,1.2,206.17156982421875,-347.5050354003906,206.17788696289062,-347.77691650390625,-88.6992416381836,0.0004177375274687383,0.35,0.0,-7.87984952077981e-05,0.013664245605469352,182,-1,5.663775355548603,177.7178617133801
1337,66.85000000000001,sturn,192,stanley,1.2,206.1779022216797,-347.7882385253906,206.17788696289062,-347.77691650390625,-88.66414642333984,-0.0005275635996747891,0.35,0.0,-0.00024446096417072183,-0.021430969238268614,182,-1,5.666392259022863,177.81314214137112
1338,66.9,sturn,192,stanley,1.2,206.18463134765625,-348.0715637207031,206.17788696289062,-347.77691650390625,-88.699951171875,0.00041632755483494294,0.35,0.0,-1.629947965645171e-05,0.014373779296875293,182,-1,5.668963135795545,177.90849624008118
1339,66.95,sturn,192,stanley,1.2,206.19094848632812,-348.35498046875,206.17788696289062,-347.77691650390625,-88.6648941040039,-0.0005209446925424647,0.35,0.0,-0.00020211701953310075,-0.02068328857419659,182,-1,5.671538893906085,178.00466774391882
1340,67.0,sturn,192,stanley,1.2,206.1976776123047,-348.6385803222656,206.17788696289062,-347.77691650390625,-88.70068359375,0.0004247701228468203,0.35,0.0,1.974408319344728e-05,0.015106201171901238,182,-1,5.674068596851535,178.10092086263532
1341,67.05,sturn,192,stanley,1.2,206.2040252685547,-348.92230224609375,206.2237548828125,-349.7763671875,-88.66557312011719,-0.0005255128208851697,0.35,0.0,-0.0001330355501163033,-0.020004272460933694,183,-1,5.676606434695273,178.19797333608415
1342,67.10000000000001,sturn,192,stanley,1.2,206.2107391357422,-349.2060852050781,206.2237548828125,-349.7763671875,-88.70132446289062,0.0004259206820385501,0.35,0.0,6.937052411737712e-05,0.01574707031249805,183,-1,5.679092833420476,178.29510602833008
1343,67.15,sturn,192,stanley,1.2,206.2170867919922,-349.4900817871094,206.2237548828125,-349.7763671875,-88.66625213623047,-0.0005178382612064911,0.35,0.0,-9.923827382014687e-05,-0.019325256347670797,183,-1,5.68159159960577,178.39305653666392
1344,67.2,sturn,192,stanley,1.2,206.2238006591797,-349.7741394042969,206.2237548828125,-349.7763671875,-88.70196533203125,0.00043474908223218667,0.35,0.0,9.6867418625807e-05,0.016387939453094864,183,-1,5.684040690941749,178.49108728924284
1345,67.25,sturn,192,stanley,1.2,206.2301483154297,-350.0583190917969,206.2237548828125,-349.7763671875,-88.6668701171875,-0.0005082592031720906,0.35,0.0,-7.594163383686705e-05,-0.0187072753906431,183,-1,5.6864991067454245,178.58990170210413
1346,67.3,sturn,192,stanley,1.2,206.2368927001953,-350.3426513671875,206.2237548828125,-349.7763671875,-88.70250701904297,0.00043385038348299693,0.35,0.0,0.0001443732247567945,0.016929626464841287,183,-1,5.688911677638631,178.68880170342112
1347,67.35000000000001,sturn,192,stanley,1.2,206.24322509765625,-350.6270751953125,206.2237548828125,-349.7763671875,-88.6673812866211,-0.0005028754351381515,0.35,0.0,-4.929094104046475e-05,-0.018196105957039722,183,-1,5.6913358953582875,178.78851591520342
1348,67.4,sturn,192,stanley,1.2,206.2499542236328,-350.91162109375,206.26963806152344,-351.7758483886719,-88.7030029296875,0.00044755422721805944,0.35,0.0,0.00014584289793266939,0.017425537109347695,184,-1,5.693711928897993,178.88830451747754
1349,67.45,sturn,192,stanley,1.2,206.25628662109375,-351.1963195800781,206.26963806152344,-351.7758483886719,-88.66783905029297,-0.00048814470782175074,0.35,0.0,-5.412164965231184e-05,-0.017738342285148506,184,-1,5.696094632697107,178.9889150946839
1350,67.5,sturn,192,stanley,1.2,206.2630157470703,-351.4810791015625,206.26963806152344,-351.7758483886719,-88.70336151123047,0.00045946309225911367,0.35,0.0,0.0001411378410816162,0.01778411865233763,184,-1,5.698434288043245,179.08957731128098
1351,67.55,sturn,192,stanley,1.2,206.26934814453125,-351.76605224609375,206.26963806152344,-351.7758483886719,-88.66814422607422,-0.00047564840432076167,0.35,0.0,-6.512708829109037e-05,-0.017433166503921623,184,-1,5.700784672589041,179.19108377198643
1352,67.60000000000001,sturn,192,stanley,1.2,206.27610778808594,-352.0510559082031,206.26963806152344,-351.7758483886719,-88.70360565185547,0.0004616890854947817,0.35,0.0,0.00015504161101140453,0.018028259277329314,184,-1,5.703087312624034,179.2926020950668
1353,67.65,sturn,192,stanley,1.2,206.28244018554688,-352.3362121582031,206.26963806152344,-351.7758483886719,-88.66832733154297,-0.00047377600058909,0.35,0.0,-5.5423572886452444e-05,-0.017250061035165135,184,-1,5.7054025838354665,179.39496918458443
1354,67.7,sturn,192,stanley,1.2,206.28919982910156,-352.6214904785156,206.26963806152344,-351.7758483886719,-88.70372772216797,0.0004640484090870374,0.35,0.0,0.00015844474462831798,0.018150329589850602,184,-1,5.70766889870425,179.49738279075393
1355,67.75,sturn,192,stanley,1.2,206.29551696777344,-352.9068298339844,206.31552124023438,-353.77532958984375,-88.66844940185547,-0.0004630519366719596,0.35,0.0,-7.650141646920947e-05,-0.01712799072264385,185,-1,5.709948398062439,179.60062353516975
1356,67.8,sturn,192,stanley,1.2,206.30227661132812,-353.19232177734375,206.31552124023438,-353.77532958984375,-88.70381927490234,0.00047564120797673713,0.35,0.0,0.00013246660409955112,0.018241882324228846,185,-1,5.712182678530661,179.70390838409259
1357,67.85000000000001,sturn,192,stanley,1.2,206.30860900878906,-353.4779357910156,206.31552124023438,-353.77532958984375,-88.66851043701172,-0.0004572042527578683,0.35,0.0,-8.849921611117986e-05,-0.01706695556640865,185,-1,5.714424762487153,179.80802872299614
1358,67.9,sturn,192,stanley,1.2,206.31536865234375,-353.763671875,206.31552124023438,-353.77532958984375,-88.70379638671875,0.0004810699572178619,0.35,0.0,0.00011486846509071544,0.01821899414060884,185,-1,5.716621789352212,179.9121957484411
1359,67.95,sturn,192,stanley,1.2,206.32171630859375,-354.04949951171875,206.31552124023438,-353.77532958984375,-88.66844940185547,-0.00045648334058385,0.35,0.0,-9.574287809830783e-05,-0.01712799072264385,185,-1,5.7188300060718795,180.01717149332086
1360,68.0,sturn,192,stanley,1.2,206.32847595214844,-354.3354187011719,206.31552124023438,-353.77532958984375,-88.70372772216797,0.00048306778618604904,0.35,0.0,0.00010342454857843741,0.018150329589850602,185,-1,5.720992550202086,180.12219613146235
1361,68.05,sturn,192,stanley,1.2,206.3348388671875,-354.6214904785156,206.31552124023438,-353.77532958984375,-88.6684799194336,-0.0004550280959483035,0.35,0.0,-9.75323600097347e-05,-0.017097473144500806,185,-1,5.72419084727724,180.22803821893942
1362,68.10000000000001,sturn,192,stanley,1.2,206.34158325195312,-354.9076232910156,206.36138916015625,-355.7747802734375,-88.7030029296875,0.000466666420147629,0.35,0.0,9.10087785933357e-05,0.017425537109347695,186,-1,5.729016324789304,180.33394531591472
1363,68.15,sturn,192,stanley,1.2,206.34793090820312,-355.19390869140625,206.36138916015625,-355.7747802734375,-88.6683349609375,-0.0004480929786501162,0.35,0.0,-0.00013010320090856183,-0.017242431640642097,186,-1,5.737151682113894,180.44066899874716
1364,68.2,sturn,192,stanley,1.2,206.3546600341797,-355.4803466796875,206.36138916015625,-355.7747802734375,-88.70410919189453,0.0005203602061061172,0.35,0.0,2.665395667816005e-05,0.018531799316409654,186,-1,5.741342139998715,180.547493655687
1365,68.25,sturn,192,stanley,1.2,206.36102294921875,-355.76702880859375,206.36138916015625,-355.7747802734375,-88.6683578491211,-0.0004276099340519148,0.35,0.0,-0.00018830380032718033,-0.017219543457022094,186,-1,5.745979032662277,180.65514256034126
1366,68.3,sturn,192,stanley,1.2,206.36782836914062,-356.0538635253906,206.36138916015625,-355.7747802734375,-88.70330810546875,0.0004944194403578668,0.35,0.0,3.5626675626964505e-05,0.01773071289062547,186,-1,5.749584615441294,180.762836996679
1367,68.35000000000001,sturn,192,stanley,1.2,206.37425231933594,-356.3409729003906,206.36138916015625,-355.7747802734375,-88.66764068603516,-0.0004687241855643551,0.35,0.0,-0.0001281125793995263,-0.017936706542951073,186,-1,5.75199289730524,180.87138184901158
1368,68.4,sturn,192,stanley,1.2,206.38104248046875,-356.6283264160156,206.36138916015625,-355.7747802734375,-88.70269012451172,0.0004655006474867169,0.35,0.0,6.866240143230812e-05,0.01711273193359777,186,-1,5.755700574620809,180.98007956454825
1369,68.45,sturn,192,stanley,1.2,206.387451171875,-356.9158020019531,206.4072723388672,-357.7742614746094,-88.66753387451172,-0.0004733051561037928,0.35,0.0,-0.00012375808531899998,-0.018043518066375393,187,-1,5.757722733269222,181.0895666278439
1370,68.5,sturn,192,stanley,1.2,206.3942108154297,-357.20355224609375,206.4072723388672,-357.7742614746094,-88.70309448242188,0.000489091579985495,0.35,0.0,3.3406796106244876e-05,0.01751708984372594,187,-1,5.758262990876816,181.19923346797722
1371,68.55,sturn,192,stanley,1.2,206.400634765625,-357.4914855957031,206.4072723388672,-357.7742614746094,-88.66740417480469,-0.00046833302457318504,0.35,0.0,-0.0001492336042834214,-0.01817321777341972,187,-1,5.75929848079805,181.309671981912
1372,68.60000000000001,sturn,192,stanley,1.2,206.40745544433594,-357.7795715332031,206.4072723388672,-357.7742614746094,-88.70249938964844,0.00046260750837287204,0.35,0.0,6.124990638324893e-05,0.016921997070318245,187,-1,5.763016035207326,181.42019985891804
1373,68.65,sturn,192,stanley,1.2,206.41387939453125,-358.0680236816406,206.4072723388672,-357.7742614746094,-88.66778564453125,-0.0004629495083837008,0.35,0.0,-0.0001332912151610086,-0.017791748046860668,187,-1,5.76917902911676,181.53162937304535
1374,68.7,sturn,192,stanley,1.2,206.42071533203125,-358.35693359375,206.4072723388672,-357.7742614746094,-88.70287322998047,0.0004691476682239653,0.35,0.0,7.35459241102028e-05,0.01729583740235426,187,-1,5.774607960393709,181.64325987562177
1375,68.75,sturn,192,stanley,1.2,206.42713928222656,-358.6461486816406,206.4072723388672,-357.7742614746094,-88.66830444335938,-0.0004464323591379154,0.35,0.0,-0.00013849625795551296,-0.017272949218734252,187,-1,5.77873835340649,181.75578220167077
1376,68.8,sturn,192,stanley,1.2,206.4340057373047,-358.9355773925781,206.46690368652344,-359.64239501953125,-88.70352172851562,0.11038163994739626,0.35,0.0,0.03609770125522525,4.292602539062503,188,-1,5.781891158883294,181.86837959239716
1377,68.85000000000001,sturn,192,stanley,1.2,206.44468688964844,-359.22454833984375,206.46690368652344,-359.64239501953125,-88.4486083984375,0.10903745162899073,0.35,0.0,0.01858426074663524,4.037689208984376,188,-1,5.771806452349268,181.9777042538124
1378,68.9,sturn,192,stanley,1.2,206.46200561523438,-359.5126953125,206.46690368652344,-359.64239501953125,-87.99620819091797,0.09979464306950808,0.35,0.0,0.00775708786671089,3.5852890014648526,188,-1,5.767277595742077,182.0810393812442
1379,68.95,sturn,192,stanley,1.2,206.4828643798828,-359.8003845214844,206.46690368652344,-359.64239501953125,-87.39508056640625,0.08509215751987177,0.35,0.0,0.0004977077120763267,2.984161376953128,188,-1,5.76493377789676,182.1813629367961
1380,69.0,sturn,192,stanley,1.2,206.5066375732422,-360.0877990722656,206.46690368652344,-359.64239501953125,-86.88235473632812,0.07191830570307327,0.35,0.0,-0.0038343491373348457,2.471435546875003,188,-1,5.768066741233894,182.27932394548202
1381,69.05,sturn,192,stanley,1.2,206.5316925048828,-360.375,206.46690368652344,-359.64239501953125,-86.35698699951172,0.05794218223143366,0.35,0.0,-0.006869955677489839,1.9460678100586029,188,-1,5.766710961195954,182.3764347247499
1382,69.10000000000001,sturn,192,stanley,1.2,206.55824279785156,-360.66217041015625,206.81350708007812,-361.1484375,-85.97297668457031,0.4898125211126639,0.35,0.0,-0.07040370283593567,16.304794311523438,189,-1,5.771527328009872,182.47257902768513
1383,69.15,sturn,192,stanley,1.2,206.58876037597656,-360.9486389160156,206.81350708007812,-361.1484375,-85.39583587646484,0.49756730645447084,0.35,0.0,-0.14132281195743518,15.727653503417962,189,-1,5.757360887600245,182.56523395043163
1384,69.2,sturn,192,stanley,1.2,206.630859375,-361.2317199707031,206.81350708007812,-361.1484375,-84.43108367919922,0.4905939203360183,0.35,0.0,-0.20020507584876265,14.762901306152337,189,-1,5.713303257756754,182.64636737418647
1385,69.25,sturn,192,stanley,1.2,206.68739318847656,-361.5083923339844,206.81350708007812,-361.1484375,-82.84788513183594,0.4612494492124957,0.35,0.0,-0.24332512907729936,13.179702758789052,189,-1,5.639243944428324,182.7121225028596
1386,69.3,sturn,192,stanley,1.2,206.76052856445312,-361.7765197753906,206.81350708007812,-361.1484375,-80.82380676269531,0.4130784945011218,0.35,0.0,-0.2679089733775829,11.155624389648436,189,-1,5.5720715716864015,182.75963114189256
1387,69.35000000000001,sturn,192,stanley,1.2,206.8456268310547,-362.03900146484375,207.53196716308594,-362.5167541503906,-78.58423614501953,0.7773835619856934,0.35,0.0,-0.2871672561376795,23.658821105957028,190,-1,5.555240017650869,182.79432176450925
1388,69.4,sturn,192,stanley,1.2,206.9436492919922,-362.2951965332031,207.53196716308594,-362.5167541503906,-76.25791931152344,0.7354962394965888,0.35,0.0,-0.3541657330244119,21.332504272460938,190,-1,5.510949813810934,182.81505103540107
1389,69.45,sturn,192,stanley,1.2,207.05691528320312,-362.53955078125,207.53196716308594,-362.5167541503906,-73.50877380371094,0.6764233831087255,0.35,0.0,-0.40188459713241736,18.58335876464844,190,-1,5.4127463432900775,182.8173405944302
1390,69.5,sturn,192,stanley,1.2,207.1866912841797,-362.76898193359375,207.53196716308594,-362.5167541503906,-70.45367431640625,0.6007880128028049,0.35,0.0,-0.4275161499286893,15.528259277343752,190,-1,5.3285716980188695,182.7987026581031
1391,69.55,sturn,192,stanley,1.2,207.32923889160156,-362.9881591796875,207.53196716308594,-362.5167541503906,-67.28565216064453,0.5140547366468871,0.35,0.0,-0.4368030319352365,12.36023712158203,190,-1,5.315570651385441,182.76449696296305
1392,69.60000000000001,sturn,192,stanley,1.2,207.48216247558594,-363.2019348144531,207.53196716308594,-362.5167541503906,-64.37488555908203,0.42897243125977014,0.35,0.0,-0.43449417173253874,9.449470520019528,190,-1,5.351655761587133,182.71896731645154
1393,69.65,sturn,192,stanley,1.2,207.64178466796875,-363.41363525390625,208.49864196777344,-363.5565185546875,-61.73087692260742,0.87269426763937,0.35,0.0,-0.3903025495011584,25.56492233276367,191,-1,5.375699106696278,182.666869071197
1394,69.7,sturn,192,stanley,1.2,207.8098602294922,-363.61932373046875,208.49864196777344,-363.5565185546875,-59.23540115356445,0.8261418440741287,0.35,0.0,-0.4571713723071447,23.069446563720703,191,-1,5.358576146123677,182.6049133990467
1395,69.75,sturn,192,stanley,1.2,207.98800659179688,-363.81109619140625,208.49864196777344,-363.5565185546875,-56.40116882324219,0.7661697501510732,0.35,0.0,-0.5068625990635335,20.235214233398434,191,-1,5.272355026483013,182.52818744036122
1396,69.8,sturn,192,stanley,1.2,208.17837524414062,-363.9832458496094,208.49864196777344,-363.5565185546875,-53.22470474243164,0.6861425053145027,0.35,0.0,-0.5334994272460198,17.058750152587887,191,-1,5.24713453541097,182.43222567635905
1397,69.85000000000001,sturn,192,stanley,1.2,208.3845977783203,-364.1387939453125,208.49864196777344,-363.5565185546875,-49.77994918823242,0.5868893300371025,0.35,0.0,-0.537377840689529,13.61399459838867,191,-1,5.307706270288238,182.31504312237286
1398,69.9,sturn,192,stanley,1.2,208.60330200195312,-364.2867736816406,208.49864196777344,-363.5565185546875,-46.513729095458984,0.48708782799110706,0.35,0.0,-0.527780463255345,10.347774505615234,191,-1,5.391093964501016,182.18361280893913
1399,69.95,sturn,192,stanley,1.2,208.8261260986328,-364.43115234375,209.69972229003906,-364.1244201660156,-43.55362319946289,1.0,0.35,0.0,-0.5149490164479639,29.10904312133789,192,-1,5.3907448533751605,182.04718475159578
1400,70.0,sturn,192,stanley,1.2,209.05332946777344,-364.5670471191406,209.69972229003906,-364.1244201660156,-40.75503921508789,0.9671943594910868,0.35,0.0,-0.5898736832006088,26.31045913696289,192,-1,5.346826146981027,181.90336232128138
1401,70.05,sturn,192,stanley,1.2,209.28404235839844,-364.68572998046875,209.69972229003906,-364.1244201660156,-37.64582824707031,0.9042475705280784,0.35,0.0,-0.6472550882377102,23.201248168945312,192,-1,5.229890492952059,181.74903619790246
1402,70.10000000000001,sturn,192,stanley,1.2,209.52099609375,-364.7796325683594,209.69972229003906,-364.1244201660156,-34.20402145385742,0.818295589952635,0.35,0.0,-0.6790828021362408,19.759441375732425,192,-1,5.215209639586949,181.5783503657196
1403,70.15,sturn,192,stanley,1.2,209.76620483398438,-364.84722900390625,209.69972229003906,-364.1244201660156,-30.41770362854004,0.7099619238624333,0.35,0.0,-0.6833767609524275,15.973123550415039,192,-1,5.251407349655621,181.38876184998185
1404,70.2,sturn,192,stanley,1.2,210.0196990966797,-364.8974609375,209.69972229003906,-364.1244201660156,-26.660137176513672,0.5922725260066989,0.35,0.0,-0.668788351465555,12.215557098388674,192,-1,5.361011654431551,181.18417400213244
1405,70.25,sturn,192,stanley,1.2,210.2818145751953,-364.9401550292969,209.69972229003906,-364.1244201660156,-23.275373458862305,0.4825093633162805,0.35,0.0,-0.6447498704087107,8.830793380737306,192,-1,5.4656774086213655,180.96864390320007
1406,70.3,sturn,192,stanley,1.2,210.54757690429688,-364.9811706542969,211.23599243164062,-364.2309875488281,-20.283170700073242,0.8552630930302407,0.35,0.0,-0.7449963549828799,20.713102340698246,193,-1,5.506841773084797,180.74923453288292
1407,70.35000000000001,sturn,192,stanley,1.2,210.812744140625,-365.0148620605469,211.23599243164062,-364.2309875488281,-17.510814666748047,0.7970345741334999,0.35,0.0,-0.7806765354605235,17.94074630737305,193,-1,5.337180094056544,180.52720921873149
1408,70.4,sturn,192,stanley,1.2,211.07508850097656,-365.0314636230469,211.23599243164062,-364.2309875488281,-14.442585945129395,0.7168503307253099,0.35,0.0,-0.7992461714353043,14.872517585754395,193,-1,5.321238721287881,180.30016017417557
1409,70.45,sturn,192,stanley,1.2,211.33224487304688,-365.0266418457031,211.23599243164062,-364.2309875488281,-11.16703987121582,0.6248354559685361,0.35,0.0,-0.7963541418331844,11.59697151184082,193,-1,5.27297015555949,180.06821732568727
1410,70.5,sturn,192,stanley,1.2,211.592041015625,-365.0038146972656,211.23599243164062,-364.2309875488281,-7.850350856781006,0.5194803309981707,0.35,0.0,-0.7754770559587999,8.280282497406006,193,-1,5.331099790459749,179.82588691982292
1411,70.55,sturn,192,stanley,1.2,211.85171508789062,-364.97369384765625,211.23599243164062,-364.2309875488281,-4.842623710632324,0.4239236386481517,0.35,0.0,-0.7473055582774365,5.272555351257324,193,-1,5.321900360949913,179.5804335265854
1412,70.60000000000001,sturn,192,stanley,1.2,212.11187744140625,-364.9404296875,211.23599243164062,-364.2309875488281,-2.16180419921875,0.33668096779928514,0.35,0.0,-0.7159945024348856,2.59173583984375,193,-1,5.3094598600365295,179.33317285750985
1413,70.65,sturn,192,stanley,1.2,212.3730010986328,-364.9044494628906,213.23619079589844,-364.21600341796875,0.016509322449564934,0.26156275194083883,0.35,0.0,-0.6819495879098801,0.41342231817543507,194,-1,5.322228075962396,179.08387184867922
1414,70.7,sturn,192,stanley,1.2,212.6346435546875,-364.8677978515625,213.23619079589844,-364.21600341796875,1.8418487310409546,0.19744714565591834,0.35,0.0,-0.6472622824364502,-1.4119170904159548,194,-1,5.309544875823786,178.83384578830086
1415,70.75,sturn,192,stanley,1.2,212.896728515625,-364.8305358886719,213.23619079589844,-364.21600341796875,3.2108356952667236,0.1453288518733836,0.35,0.0,-0.6119679629863914,-2.7809040546417236,194,-1,5.314458309336247,178.5831899661311
1416,70.8,sturn,192,stanley,1.2,213.1590118408203,-364.7939758300781,213.23619079589844,-364.21600341796875,4.319217681884766,0.10155983865716192,0.35,0.0,-0.5773770165290533,-3.8892860412597656,194,-1,5.302867681513875,178.33271537784435
1417,70.85000000000001,sturn,192,stanley,1.2,213.4214630126953,-364.75775146484375,213.23619079589844,-364.21600341796875,5.076287269592285,0.06741145835263314,0.35,0.0,-0.5431230134435028,-4.646355628967285,194,-1,5.303652982252103,178.08228463221036
1418,70.9,sturn,192,stanley,1.2,213.6839599609375,-364.7229919433594,213.23619079589844,-364.21600341796875,5.675693035125732,0.03858347889455291,0.35,0.0,-0.5103341563584483,-5.245761394500732,194,-1,5.295916998923457,177.8325190087416
1419,70.95,sturn,192,stanley,1.2,213.94651794433594,-364.68902587890625,213.23619079589844,-364.21600341796875,6.012759685516357,0.017227367888190747,0.35,0.0,-0.4783391919531993,-5.582828044891357,194,-1,5.296061196229353,177.58310247764572
1420,71.0,sturn,192,stanley,1.2,214.20921325683594,-364.6568908691406,213.23619079589844,-364.21600341796875,6.268634796142578,-0.001041279479227773,0.35,0.0,-0.4481762611559678,-5.838703155517578,194,-1,5.2925807457134795,177.33443953706367
1421,71.05,sturn,192,stanley,1.2,214.4720458984375,-364.6258239746094,215.2361297607422,-364.20098876953125,6.328152656555176,-0.0134562544985624,0.35,0.0,-0.41908982517157056,-5.898221015930177,195,-1,5.293334839807312,177.08618616225698
1422,71.10000000000001,sturn,192,stanley,1.2,214.73507690429688,-364.5966796875,215.2361297607422,-364.20098876953125,6.363018035888672,-0.024452549800587912,0.35,0.0,-0.3919200517596255,-5.933086395263673,195,-1,5.293393690701275,176.83867860851646
1423,71.15,sturn,192,stanley,1.2,214.99832153320312,-364.5686340332031,215.2361297607422,-364.20098876953125,6.250298976898193,-0.030878181712749538,0.35,0.0,-0.3658504831836568,-5.820367336273193,195,-1,5.295058688192183,176.59153102142403
1424,71.2,sturn,192,stanley,1.2,215.26182556152344,-364.5424499511719,215.2361297607422,-364.20098876953125,6.153769493103027,-0.037105502685994274,0.35,0.0,-0.341644380907853,-5.723837852478027,195,-1,5.297682230448164,176.3450525149827
1425,71.25,sturn,192,stanley,1.2,215.52557373046875,-364.517333984375,215.2361297607422,-364.20098876953125,5.943237781524658,-0.03967614414862228,0.35,0.0,-0.31850819574235,-5.513306140899658,195,-1,5.300138210936686,176.09889758916623
1426,71.3,sturn,192,stanley,1.2,215.78965759277344,-364.4939270019531,215.2361297607422,-364.20098876953125,5.775764465332031,-0.04288200960257323,0.35,0.0,-0.29708346576539857,-5.345832824707031,195,-1,5.304416722568549,175.8532796941106
1427,71.35000000000001,sturn,192,stanley,1.2,216.0540008544922,-364.4715270996094,215.2361297607422,-364.20098876953125,5.515749454498291,-0.043040205119731806,0.35,0.0,-0.27666773395745536,-5.085817813873291,195,-1,5.307443287419175,175.60794861705168
1428,71.4,sturn,192,stanley,1.2,216.31871032714844,-364.4507751464844,217.236083984375,-364.1859436035156,5.315687656402588,-0.04432439882643638,0.35,0.0,-0.2579405897068361,-4.885765701532364,196,-1,5.312680011636273,175.36310494489604
1429,71.45,sturn,192,stanley,1.2,216.5836639404297,-364.43084716796875,217.236083984375,-364.1859436035156,5.036578178405762,-0.04301893012464899,0.35,0.0,-0.24000124718736285,-4.606656223535538,196,-1,5.316087920225201,175.11848242544465
1430,71.5,sturn,192,stanley,1.2,216.8489532470703,-364.4124450683594,217.236083984375,-364.1859436035156,4.827891826629639,-0.04319312211840738,0.35,0.0,-0.22359025948781058,-4.397969871759415,196,-1,5.321832225951416,174.87432372617482
1431,71.55,sturn,192,stanley,1.2,217.1145477294922,-364.3948059082031,217.236083984375,-364.1859436035156,4.548309803009033,-0.041019191315667745,0.35,0.0,-0.20794447964482884,-4.118387848138809,196,-1,5.325483169199257,174.63030826110983
1432,71.60000000000001,sturn,192,stanley,1.2,217.38047790527344,-364.3785400390625,217.236083984375,-364.1859436035156,4.345396041870117,-0.04055443052834248,0.35,0.0,-0.1936744710267251,-3.915474086999893,196,-1,5.331443359121587,174.38669157867588
1433,71.65,sturn,192,stanley,1.2,217.64669799804688,-364.3629150390625,217.236083984375,-364.1859436035156,4.076404094696045,-0.03792835184122728,0.35,0.0,-0.1800474888950898,-3.646482139825821,196,-1,5.3352511423748155,174.1431796715269
1434,71.7,sturn,192,stanley,1.2,217.91319274902344,-364.3485107421875,217.236083984375,-364.1859436035156,3.887622594833374,-0.037164014687062166,0.35,0.0,-0.16764323641701837,-3.45770063996315,196,-1,5.341245819798465,173.9000551579087
1435,71.75,sturn,192,stanley,1.2,218.1800079345703,-364.3345642089844,217.236083984375,-364.1859436035156,3.6353414058685303,-0.03438489495284342,0.35,0.0,-0.1556991390994994,-3.205419450998306,196,-1,5.345157217617734,173.65692764189262
1436,71.8,sturn,192,stanley,1.2,218.44712829589844,-364.32183837890625,219.2360382080078,-364.1709289550781,3.464887857437134,-0.033506753359056875,0.35,0.0,-0.14498560320450826,-3.03496590256691,197,-1,5.351094038569864,173.41416482597654
1437,71.85000000000001,sturn,192,stanley,1.2,218.71446228027344,-364.3094482421875,219.2360382080078,-364.1709289550781,3.2320473194122314,-0.03069907655700172,0.35,0.0,-0.13460175135473232,-2.802125364542008,197,-1,5.355071100706744,173.17144075254066
1438,71.9,sturn,192,stanley,1.2,218.982177734375,-364.29815673828125,219.2360382080078,-364.1709289550781,3.08162260055542,-0.029853357063146426,0.35,0.0,-0.1253193637409604,-2.651700645685196,197,-1,5.360896213494391,172.92896148671903
1439,71.95,sturn,192,stanley,1.2,219.25010681152344,-364.2871398925781,219.2360382080078,-364.1709289550781,2.8690481185913086,-0.02710950791373103,0.35,0.0,-0.11631322951521486,-2.4391261637210846,197,-1,5.364920155006432,172.68649579974107
1440,72.0,sturn,192,stanley,1.2,219.518310546875,-364.2771911621094,219.2360382080078,-364.1709289550781,2.7387771606445312,-0.026333452769595613,0.35,0.0,-0.10837724134799023,-2.3088552057743073,197,-1,5.3706013796271135,172.44435943808517
1441,72.05,sturn,192,stanley,1.2,219.78672790527344,-364.267333984375,219.2360382080078,-364.1709289550781,2.54614520072937,-0.023724554616353193,0.35,0.0,-0.10053440625474046,-2.1162232458591466,197,-1,5.374656238202832,172.20215443227673
1442,72.10000000000001,sturn,192,stanley,1.2,220.0554656982422,-364.2584228515625,219.2360382080078,-364.1709289550781,2.435312032699585,-0.023111725347949332,0.35,0.0,-0.09363999382618061,-2.0053900778293605,197,-1,5.3801797841964305,171.96018515202087
1443,72.15,sturn,192,stanley,1.2,220.32443237304688,-364.2496337890625,221.23597717285156,-364.15594482421875,2.2614598274230957,-0.020647949827786498,0.35,0.0,-0.0868465662405596,-1.831537872552872,198,-1,5.384256391123053,171.71815046391467
1444,72.2,sturn,192,stanley,1.2,220.5936737060547,-364.24169921875,221.23597717285156,-364.15594482421875,2.1685967445373535,-0.02018111358137399,0.35,0.0,-0.08093246712451176,-1.7386747896671293,198,-1,5.38962643117357,171.4763528660435
1445,72.25,sturn,192,stanley,1.2,220.8631591796875,-364.2337951660156,221.23597717285156,-364.15594482421875,2.0119714736938477,-0.01786998801284541,0.35,0.0,-0.07505071663255716,-1.5820495188236237,198,-1,5.393715281082623,171.2344360391756
1446,72.3,sturn,192,stanley,1.2,221.1328887939453,-364.22662353515625,221.23597717285156,-364.15594482421875,1.9354948997497559,-0.01758383788397243,0.35,0.0,-0.06990319930189341,-1.5055729448795319,198,-1,5.398938060502588,170.9927294250842
1447,72.35000000000001,sturn,192,stanley,1.2,221.40284729003906,-364.219482421875,221.23597717285156,-364.15594482421875,1.7943994998931885,-0.015431201702709342,0.35,0.0,-0.06478791610125512,-1.3644775450229645,198,-1,5.403032525578398,170.750919220909
1448,72.4,sturn,192,stanley,1.2,221.67308044433594,-364.2131042480469,221.23597717285156,-364.15594482421875,1.7325104475021362,-0.01526495288801664,0.35,0.0,-0.06043761176905183,-1.3025884926319122,198,-1,5.408112888843801,170.50930966416163
1449,72.45,sturn,192,stanley,1.2,221.94351196289062,-364.2066345214844,221.23597717285156,-364.15594482421875,1.6052535772323608,-0.013257049190370953,0.35,0.0,-0.05599724570270406,-1.1753316223621368,198,-1,5.412203441867178,170.2675682770847
1450,72.5,sturn,192,stanley,1.2,222.21417236328125,-364.2008056640625,221.23597717285156,-364.15594482421875,1.5563991069793701,-0.013256770488829575,0.35,0.0,-0.05219944814655357,-1.1264771521091461,198,-1,5.417151565431768,170.02601346566254
1451,72.55,sturn,192,stanley,1.2,222.48507690429688,-364.1949157714844,223.2359161376953,-364.14093017578125,1.4413659572601318,-0.011378992260909873,0.35,0.0,-0.048350166332366745,-1.0114440023899078,199,-1,5.421229635950508,169.78430259022474
1452,72.60000000000001,sturn,192,stanley,1.2,222.75624084472656,-364.18963623046875,223.2359161376953,-364.14093017578125,1.4038869142532349,-0.011498299467566747,0.35,0.0,-0.045105448022608,-0.9739649593830109,199,-1,5.426048099017434,169.5427397551646
1453,72.65,sturn,192,stanley,1.2,223.0276336669922,-364.1842041015625,223.2359161376953,-364.14093017578125,1.2995399236679077,-0.0097574665749809,0.35,0.0,-0.04170986352882318,-0.8696179687976836,199,-1,5.430111176068288,169.30099290199163
1454,72.7,sturn,192,stanley,1.2,223.2992401123047,-364.179443359375,223.2359161376953,-364.14093017578125,1.2719714641571045,-0.00996687304012214,0.35,0.0,-0.038987249770176424,-0.8420495092868805,199,-1,5.434815435230407,169.05946596166243
1455,72.75,sturn,192,stanley,1.2,223.571044921875,-364.1744689941406,223.2359161376953,-364.14093017578125,1.1769399642944336,-0.008322064815858302,0.35,0.0,-0.036052507401350825,-0.7470180094242097,199,-1,5.438856181329595,168.81775464464155
1456,72.8,sturn,192,stanley,1.2,223.84307861328125,-364.1700744628906,223.2359161376953,-364.14093017578125,1.158074140548706,-0.008643208868259937,0.35,0.0,-0.033699300104705315,-0.7281521856784821,199,-1,5.443452819440352,168.5762090242905
1457,72.85000000000001,sturn,192,stanley,1.2,224.11534118652344,-364.1654968261719,223.2359161376953,-364.14093017578125,1.0711908340454102,-0.0070837528605799845,0.35,0.0,-0.031164709905025144,-0.641268879175186,199,-1,5.447468896461142,168.3344681199981
1458,72.9,sturn,192,stanley,1.2,224.38783264160156,-364.1614685058594,225.29727172851562,-364.12945556640625,1.059895396232605,-0.01402769219386974,0.35,0.0,-0.028733983562172823,-0.8533298075199128,200,-1,5.4519640078387015,168.09288094458907
1459,72.95,sturn,192,stanley,1.2,224.6604766845703,-364.15753173828125,225.29727172851562,-364.12945556640625,0.9634836316108704,-0.012343895386342235,0.35,0.0,-0.02578018927831026,-0.7569180428981781,200,-1,5.455820467578463,167.85129804108834
1460,73.0,sturn,192,stanley,1.2,224.9333953857422,-364.1544494628906,225.29727172851562,-364.12945556640625,0.9289849996566772,-0.012120600168319144,0.35,0.0,-0.02368187183792779,-0.7224194109439851,200,-1,5.46022661269578,167.6099771816807
1461,73.05,sturn,192,stanley,1.2,225.2064971923828,-364.1512756347656,225.29727172851562,-364.12945556640625,0.8228775858879089,-0.009881982041345825,0.35,0.0,-0.021492662397658912,-0.6163119971752167,200,-1,5.4640633544417705,167.3685488696283
1462,73.10000000000001,sturn,192,stanley,1.2,225.4798126220703,-364.14874267578125,225.29727172851562,-364.12945556640625,0.7932990789413452,-0.009599085950003226,0.35,0.0,-0.01994508809581244,-0.586733490228653,200,-1,5.468513756339755,167.12733743721986
1463,73.15,sturn,192,stanley,1.2,225.7533416748047,-364.14605712890625,225.29727172851562,-364.12945556640625,0.6982296109199524,-0.00749780160172286,0.35,0.0,-0.018245697057740606,-0.4916640222072602,200,-1,5.472298646921862,166.88596439465158
1464,73.2,sturn,192,stanley,1.2,226.02706909179688,-364.1437683105469,225.29727172851562,-364.12945556640625,0.6815869808197021,-0.007494496942923241,0.35,0.0,-0.016943747108113354,-0.47502139210700994,200,-1,5.476653585259519,166.64470724463573
1465,73.25,sturn,192,stanley,1.2,226.30101013183594,-364.141357421875,225.29727172851562,-364.12945556640625,0.5993300676345825,-0.005658638282071738,0.35,0.0,-0.01552049780205488,-0.3927644789218903,200,-1,5.480432402516971,166.40330461210266
1466,73.3,sturn,192,stanley,1.2,226.5751495361328,-364.1393737792969,227.3602752685547,-364.1261291503906,0.5944291353225708,-0.012775118076914614,0.35,0.0,-0.013554556359805492,-0.6170466523617506,201,-1,5.484660538840107,166.16203481071466
1467,73.35000000000001,sturn,192,stanley,1.2,226.8494873046875,-364.137451171875,227.3602752685547,-364.1261291503906,0.5051023364067078,-0.010953061795363752,0.35,0.0,-0.011523654217733253,-0.5277198534458876,201,-1,5.488304641064514,165.92072279310125
1468,73.4,sturn,192,stanley,1.2,227.12399291992188,-364.1363830566406,227.3602752685547,-364.1261291503906,0.4778394103050232,-0.0105980057606943,0.35,0.0,-0.010347177939085503,-0.5004569273442029,201,-1,5.492444397483938,165.67977925246757
1469,73.45,sturn,192,stanley,1.2,227.3987274169922,-364.1352233886719,227.3602752685547,-364.1261291503906,0.3797392249107361,-0.008250842280890763,0.35,0.0,-0.009079058582061325,-0.4023567419499159,201,-1,5.496076038127641,165.43869567403857
1470,73.5,sturn,192,stanley,1.2,227.6736602783203,-364.1346740722656,227.3602752685547,-364.1261291503906,0.3587007224559784,-0.007887156980793618,0.35,0.0,-0.008421212435665617,-0.3813182394951582,201,-1,5.500253327673906,165.1978392291111
1471,73.55,sturn,192,stanley,1.2,227.94879150390625,-364.1338195800781,227.3602752685547,-364.1261291503906,0.27292120456695557,-0.0057820224632249275,0.35,0.0,-0.007458112227480626,-0.29553872160613537,201,-1,5.5038417498439,164.9567678505905
1472,73.60000000000001,sturn,192,stanley,1.2,228.22409057617188,-364.1333923339844,227.3602752685547,-364.1261291503906,0.2657899260520935,-0.005771377097338943,0.35,0.0,-0.006922191822258506,-0.2884074430912733,201,-1,5.507911712267253,164.71586402244264
1473,73.65,sturn,192,stanley,1.2,228.49960327148438,-364.13275146484375,229.4232635498047,-364.1310729980469,0.19337308406829834,-0.010674200178189472,0.35,0.0,-0.005737693521583725,-0.4451737105846405,202,-1,5.511493521331172,164.4747775850411
1474,73.7,sturn,192,stanley,1.2,228.77528381347656,-364.13287353515625,229.4232635498047,-364.1310729980469,0.1809728890657425,-0.010709392446882241,0.35,0.0,-0.004648219495674245,-0.4327735155820847,202,-1,5.515387625787314,164.23402451479436
1475,73.75,sturn,192,stanley,1.2,229.05116271972656,-364.13299560546875,229.4232635498047,-364.1310729980469,0.08821538835763931,-0.008448335304806218,0.35,0.0,-0.003557873711250642,-0.34001601487398153,202,-1,5.518901442246152,163.99320827881456
1476,73.8,sturn,192,stanley,1.2,229.3272247314453,-364.1337890625,229.4232635498047,-364.1310729980469,0.06828180700540543,-0.008029020789476734,0.35,0.0,-0.003138103461896961,-0.32008243352174764,202,-1,5.522863074797726,163.75267094144002
1477,73.85000000000001,sturn,192,stanley,1.2,229.60345458984375,-364.13427734375,229.4232635498047,-364.1310729980469,-0.01773071102797985,-0.0058301696554950485,0.35,0.0,-0.00241242273652509,-0.23406991548836234,202,-1,5.526290343188015,163.51195013899166
1478,73.9,sturn,192,stanley,1.2,229.8798828125,-364.1354064941406,229.4232635498047,-364.1310729980469,-0.025421142578125,-0.005641486564565175,0.35,0.0,-0.0023267332044560455,-0.22637948393821716,202,-1,5.530192066764464,163.27148289745222
1479,73.95,sturn,192,stanley,1.2,230.15647888183594,-364.13616943359375,229.4232635498047,-364.1310729980469,-0.097747802734375,-0.0037362052909962586,0.35,0.0,-0.0018740986295291023,-0.15405282378196716,202,-1,5.533604869987846,163.03080371327385
1480,74.0,sturn,192,stanley,1.2,230.4332733154297,-364.1373596191406,231.43521118164062,-364.1412658691406,-0.092315673828125,-0.005353557818581928,0.35,0.0,-0.001257873673284836,-0.20299288630485537,203,-1,5.537393575684939,162.79027589668982
1481,74.05,sturn,192,stanley,1.2,230.7102508544922,-364.1382751464844,231.43521118164062,-364.1412658691406,-0.1566772311925888,-0.003696471793920281,0.35,0.0,-0.0007458233918746287,-0.13863132894039157,203,-1,5.540794959633498,162.5495689275953
1482,74.10000000000001,sturn,192,stanley,1.2,230.98739624023438,-364.1396789550781,231.43521118164062,-364.1412658691406,-0.147918701171875,-0.003955621550963756,0.35,0.0,-0.000721182779064661,-0.14738985896110535,203,-1,5.544481115185365,162.30907231829102
1483,74.15,sturn,192,stanley,1.2,231.26470947265625,-364.1407775878906,231.43521118164062,-364.1412658691406,-0.207427978515625,-0.0023726007900221383,0.35,0.0,-0.00039050534260150557,-0.08788058161735537,203,-1,5.5478603465539,162.0683961451866
1484,74.2,sturn,192,stanley,1.2,231.54220581054688,-364.1422119140625,231.43521118164062,-364.1412658691406,-0.1918639987707138,-0.0028159364521728697,0.35,0.0,-0.000394573065765209,-0.10344456136226657,203,-1,5.551470467984684,161.827844074945
1485,74.25,sturn,192,stanley,1.2,231.81988525390625,-364.1433410644531,231.43521118164062,-364.1412658691406,-0.2443847358226776,-0.0014222454463923959,0.35,0.0,-9.25253201972333e-05,-0.05092382431030277,203,-1,5.5548247385994225,161.58710026135353
1486,74.3,sturn,192,stanley,1.2,232.09771728515625,-364.14483642578125,231.43521118164062,-364.1412658691406,-0.2225036323070526,-0.0020250437667104553,0.35,0.0,-0.00015589719719207766,-0.07280492782592776,203,-1,5.5583509663284385,161.34652425000687
1487,74.35000000000001,sturn,192,stanley,1.2,232.375732421875,-364.14605712890625,231.43521118164062,-364.1412658691406,-0.2695312201976776,-0.0007563913222191872,0.35,0.0,5.6329221765780146e-05,-0.025777339935302745,203,-1,5.561681238024691,161.10577279348448
1488,74.4,sturn,192,stanley,1.2,232.65391540527344,-364.1476135253906,233.4351806640625,-364.15155029296875,-0.24304194748401642,-0.0014615658759013076,0.35,0.0,-8.999137536031942e-05,-0.05226661264896394,204,-1,5.565130676714516,160.86516289572967
1489,74.45,sturn,192,stanley,1.2,232.93228149414062,-364.1488342285156,233.4351806640625,-364.15155029296875,-0.286102294921875,-0.0003067962483465968,0.35,0.0,0.00012404388040284384,-0.009206265211105383,204,-1,5.568431444193569,160.62434836383997
1490,74.5,sturn,192,stanley,1.2,233.21080017089844,-364.150390625,233.4351806640625,-364.15155029296875,-0.2563476264476776,-0.0011142895232138588,0.35,0.0,3.176686382165648e-06,-0.03896093368530277,204,-1,5.57180980385446,160.3836906561467
1491,74.55,sturn,192,stanley,1.2,233.48947143554688,-364.1516418457031,233.4351806640625,-364.15155029296875,-0.2967529296875,-2.507008632612319e-05,0.35,0.0,0.00018826767093618356,0.001444369554519632,204,-1,5.575073514731855,160.14287103761356
1492,74.60000000000001,sturn,192,stanley,1.2,233.768310546875,-364.1531982421875,233.4351806640625,-364.15155029296875,-0.2649230360984802,-0.0008924744400581645,0.35,0.0,6.905202356382906e-05,-0.030385524034500157,204,-1,5.578394265465576,159.90218181823525
1493,74.65,sturn,192,stanley,1.2,234.0473175048828,-364.1544494628906,233.4351806640625,-364.15155029296875,-0.3036498725414276,0.00014826970391064532,0.35,0.0,0.0002558731998446623,0.008341312408447257,204,-1,5.5816165775602595,159.6613185474116
1494,74.7,sturn,192,stanley,1.2,234.32647705078125,-364.1560363769531,233.4351806640625,-364.15155029296875,-0.2705077528953552,-0.0007465092560316334,0.35,0.0,0.00010779192634165387,-0.02480080723762516,204,-1,5.584878322544713,159.42061622177093
1495,74.75,sturn,192,stanley,1.2,234.60581970214844,-364.15728759765625,235.43516540527344,-364.161865234375,-0.3081664443016052,0.0002608309180399087,0.35,0.0,0.00030305861067118217,0.012857884168624845,205,-1,5.5880615185302585,159.17971245249527
1496,74.8,sturn,192,stanley,1.2,234.8852996826172,-364.1589050292969,235.43516540527344,-364.161865234375,-0.274200439453125,-0.0006473970619593859,0.35,0.0,0.00012611171103751916,-0.021108120679855374,205,-1,5.5912651555414445,158.93900026510067
1497,74.85000000000001,sturn,192,stanley,1.2,235.1649627685547,-364.1601867675781,235.43516540527344,-364.161865234375,-0.3111266493797302,0.0003515900265119171,0.35,0.0,0.0002857974529145127,0.015818089246749864,205,-1,5.594400131422877,158.698087760399
1498,74.9,sturn,192,stanley,1.2,235.4447784423828,-364.1617736816406,235.43516540527344,-364.161865234375,-0.27655029296875,-0.0005854679382320602,0.35,0.0,0.0001410979177866428,-0.018758267164230392,205,-1,5.597552636363011,158.45732501844873
1499,74.95,sturn,192,stanley,1.2,235.72474670410156,-364.16302490234375,235.43516540527344,-364.161865234375,-0.3129577338695526,0.00038750658059388105,0.35,0.0,0.00033287373401244677,0.01764917373657223,205,-1,5.600643326269365,158.2163893482213
1500,75.0,sturn,192,stanley,1.2,236.00485229492188,-364.1646728515625,235.43516540527344,-364.161865234375,-0.2780456840991974,-0.0005383184953972915,0.35,0.0,0.00012863410981796145,-0.017262876033782973,205,-1,5.603744984686235,157.97566499394296
1501,75.05,sturn,192,stanley,1.2,236.28512573242188,-364.1659240722656,235.43516540527344,-364.161865234375,-0.3141784369945526,0.0004263276442744821,0.35,0.0,0.00032198282761359675,0.018869876861572255,205,-1,5.606791680742283,157.73472474741325
1502,75.10000000000001,sturn,192,stanley,1.2,236.56556701660156,-364.1675720214844,237.4351348876953,-364.17218017578125,-0.2790221869945526,-0.000509540604228125,0.35,0.0,0.00012626735654629878,-0.016286373138427745,206,-1,5.609844663124799,157.49397174818785
1503,75.15,sturn,192,stanley,1.2,236.84613037109375,-364.1688537597656,237.4351348876953,-364.17218017578125,-0.3149108588695526,0.0004583616830743511,0.35,0.0,0.0002905931580542971,0.01960229873657226,206,-1,5.612847015014583,157.25305883201318
1504,75.2,sturn,192,stanley,1.2,237.12684631347656,-364.1705017089844,237.4351348876953,-364.17218017578125,-0.279571533203125,-0.00048093622398351067,0.35,0.0,8.949933699947568e-05,-0.01573702692985536,206,-1,5.615854150070408,157.01233303449354
1505,75.25,sturn,192,stanley,1.2,237.40773010253906,-364.1717834472656,237.4351348876953,-364.17218017578125,-0.31524658203125,0.0004803389580785486,0.35,0.0,0.0002554766851557978,0.01993802189826961,206,-1,5.618807787989032,156.77140896598735
1506,75.3,sturn,192,stanley,1.2,237.68875122070312,-364.17340087890625,237.4351348876953,-364.17218017578125,-0.2797546088695526,-0.00047461500686734774,0.35,0.0,8.64729384497864e-05,-0.015553951263427741,206,-1,5.621773443128396,156.53067176826377
1507,75.35000000000001,sturn,192,stanley,1.2,237.96994018554688,-364.1746826171875,237.4351348876953,-364.17218017578125,-0.3153381049633026,0.00048355485146871024,0.35,0.0,0.00025402318817594046,0.02002954483032227,206,-1,5.624684261463373,156.2897529769858
1508,75.4,sturn,192,stanley,1.2,238.25125122070312,-364.17633056640625,237.4351348876953,-364.17218017578125,-0.2798156440258026,-0.000462201453855413,0.35,0.0,5.599652518229088e-05,-0.015492916107177733,206,-1,5.627600872484681,156.04905200300354
1509,75.45,sturn,192,stanley,1.2,238.53271484375,-364.1776123046875,239.4351043701172,-364.1824951171875,-0.3153076171875,0.0004905436228098406,0.35,0.0,0.0002317563477216662,0.019999057054519622,207,-1,5.630467261632176,155.8081680446712
1510,75.5,sturn,192,stanley,1.2,238.81431579589844,-364.17926025390625,239.4351043701172,-364.1824951171875,-0.2797546088695526,-0.00045668170165310613,0.35,0.0,3.5223941219357686e-05,-0.015553951263427741,207,-1,5.633340493658954,155.56749104432376
1511,75.55,sturn,192,stanley,1.2,239.0960693359375,-364.1805419921875,239.4351043701172,-364.1824951171875,-0.315185546875,0.0004962248286586007,0.35,0.0,0.00020568405884970097,0.019876986742019653,207,-1,5.6361620475501075,155.32663216383216
1512,75.60000000000001,sturn,192,stanley,1.2,239.37796020507812,-364.18218994140625,239.4351043701172,-364.1824951171875,-0.2796020209789276,-0.0004524669251109519,0.35,0.0,1.0645908838732886e-05,-0.015706539154052762,207,-1,5.6389875952832265,155.0859825206899
1513,75.65,sturn,192,stanley,1.2,239.6599884033203,-364.1834716796875,239.4351043701172,-364.1824951171875,-0.31500244140625,0.0004991294451904959,0.35,0.0,0.00018252163788192485,0.01969388127326963,207,-1,5.641764792580899,154.8451651819233
1514,75.7,sturn,192,stanley,1.2,239.94216918945312,-364.18511962890625,239.4351043701172,-364.1824951171875,-0.2793883979320526,-0.00045102579158979894,0.35,0.0,-1.1022255637702701e-05,-0.01592016220092774,207,-1,5.644550300868582,154.60454631744594
1515,75.75,sturn,192,stanley,1.2,240.22447204589844,-364.1864013671875,239.4351043701172,-364.1824951171875,-0.314788818359375,0.0005001329989327181,0.35,0.0,0.00016226908481833816,0.019480258226394646,207,-1,5.647287918047514,154.36377393112957
1516,75.8,sturn,192,stanley,1.2,240.5069122314453,-364.18804931640625,241.43507385253906,-364.19281005859375,-0.2791747748851776,-0.00045291852474143023,0.35,0.0,-2.314388096656076e-05,-0.016133785247802773,208,-1,5.650027193327094,154.12321538974408
1517,75.85000000000001,sturn,192,stanley,1.2,240.78948974609375,-364.1893310546875,241.43507385253906,-364.19281005859375,-0.3145446479320526,0.0004969315163581795,0.35,0.0,0.00015156307090232954,0.019236087799072255,208,-1,5.652723343838004,153.8824913970851
1518,75.9,sturn,192,stanley,1.2,241.07220458984375,-364.19097900390625,241.43507385253906,-364.19281005859375,-0.2789611220359802,-0.0004534436225480314,0.35,0.0,-3.9228244870092395e-05,-0.01634743809700016,208,-1,5.655423551993897,153.64198359288216
1519,75.95,sturn,192,stanley,1.2,241.3550567626953,-364.1922607421875,241.43507385253906,-364.19281005859375,-0.3143310248851776,0.00049597070547149,0.35,0.0,0.00013689431841164631,0.019022464752197227,208,-1,5.658080105745524,153.4013114887409
1520,76.0,sturn,192,stanley,1.2,241.6380157470703,-364.19390869140625,241.43507385253906,-364.19281005859375,-0.2787475287914276,-0.00045490529613417585,0.35,0.0,-5.263867610490972e-05,-0.016561031341552734,208,-1,5.660735981486606,153.16088395915298
1521,76.05,sturn,192,stanley,1.2,241.921142578125,-364.1951904296875,241.43507385253906,-364.19281005859375,-0.314117431640625,0.0004940728593026897,0.35,0.0,0.00012489949858967772,0.01880887150764465,208,-1,5.663348664384998,152.92026726971292
1522,76.10000000000001,sturn,192,stanley,1.2,242.2043914794922,-364.1968688964844,241.43507385253906,-364.19281005859375,-0.2785644233226776,-0.0004459326410243708,0.35,0.0,-9.365641221451611e-05,-0.01674413681030276,208,-1,5.66596783670672,152.67990053352884
1523,76.15,sturn,192,stanley,1.2,242.4877471923828,-364.1981201171875,243.43505859375,-364.2030944824219,-0.3139037787914276,0.0004994868447014878,0.35,0.0,9.17767549793256e-05,0.018595218658447266,209,-1,5.668544167849867,152.43936580426356
1524,76.2,sturn,192,stanley,1.2,242.77127075195312,-364.1997985839844,243.43505859375,-364.2030944824219,-0.278350830078125,-0.0004410817402571947,0.35,0.0,-0.0001253635444120188,-0.016957730054855385,209,-1,5.671121373194933,152.1990605169014
1525,76.25,sturn,192,stanley,1.2,243.05490112304688,-364.2010498046875,243.43505859375,-364.2030944824219,-0.3136291205883026,0.0004939150752796037,0.35,0.0,8.528709065176937e-05,0.018320560455322227,209,-1,5.673654762001252,151.9585883141519
1526,76.3,sturn,192,stanley,1.2,243.33865356445312,-364.2027282714844,243.43505859375,-364.2030944824219,-0.278076171875,-0.00044713019664660195,0.35,0.0,-0.0001306735325622014,-0.017232388257980374,209,-1,5.676189156654209,151.7183870221987
1527,76.35000000000001,sturn,192,stanley,1.2,243.6225128173828,-364.2039794921875,243.43505859375,-364.2030944824219,-0.3133849799633026,0.0004883945983838628,0.35,0.0,8.115677867896081e-05,0.01807641983032224,209,-1,5.678687777543471,151.4780198643238
1528,76.4,sturn,192,stanley,1.2,243.90652465820312,-364.2056579589844,243.43505859375,-364.2030944824219,-0.2778625786304474,-0.0004523067564943426,0.35,0.0,-0.00013346687820065288,-0.017445981502533,209,-1,5.681185482727249,151.2379002487023
1529,76.45,sturn,192,stanley,1.2,244.19064331054688,-364.2069091796875,243.43505859375,-364.2030944824219,-0.3131713569164276,0.0004828189184453506,0.35,0.0,7.970039937486677e-05,0.017862796783447262,209,-1,5.6836416781687085,150.99761586821572
1530,76.5,sturn,192,stanley,1.2,244.47488403320312,-364.2085876464844,245.43502807617188,-364.2134094238281,-0.2777099907398224,-0.000458957893006569,0.35,0.0,-0.0001269496199270007,-0.01759856939315797,210,-1,5.686102690782578,150.75760749948415
1531,76.55,sturn,192,stanley,1.2,244.7592315673828,-364.2098388671875,245.43502807617188,-364.2134094238281,-0.3130492568016052,0.0004766959699662548,0.35,0.0,8.739733382589262e-05,0.01774069666862484,210,-1,5.688519807024126,150.5174354543892
1532,76.60000000000001,sturn,192,stanley,1.2,245.04373168945312,-364.2115173339844,245.43502807617188,-364.2134094238281,-0.277618408203125,-0.0004623850303103662,0.35,0.0,-0.0001247096805419897,-0.01769015192985539,210,-1,5.690942694352527,150.2775161750064
1533,76.65,sturn,192,stanley,1.2,245.32833862304688,-364.2127685546875,245.43502807617188,-364.2134094238281,-0.3129882216453552,0.0004737433888061594,0.35,0.0,9.097423954526119e-05,0.01767966151237488,210,-1,5.693322134043648,150.0374343606951
1534,76.7,sturn,192,stanley,1.2,245.61306762695312,-364.2144470214844,245.43502807617188,-364.2134094238281,-0.277587890625,-0.00046493352941731354,0.35,0.0,-0.00011995309864524714,-0.017720669507980343,210,-1,5.69571163986947,149.79763377458497
1535,76.75,sturn,192,stanley,1.2,245.8979034423828,-364.2156982421875,245.43502807617188,-364.2134094238281,-0.3129577338695526,0.00047085182749805244,0.35,0.0,9.691049761937753e-05,0.01764917373657223,210,-1,5.698053884995719,149.55767178242021
1536,76.80000000000001,sturn,192,stanley,1.2,246.18289184570312,-364.2173767089844,245.43502807617188,-364.2134094238281,-0.277618408203125,-0.00046660211472341137,0.35,0.0,-0.0001126798742367729,-0.01769015192985539,210,-1,5.700407159504461,149.31796789787552
1537,76.85000000000001,sturn,192,stanley,1.2,246.46798706054688,-364.2186279296875,247.43499755859375,-364.2237243652344,-0.3129577338695526,0.00046557281763820343,0.35,0.0,0.00011231464976258019,0.01764917373657223,211,-1,5.702712681075731,149.0781037904656
1538,76.9,sturn,192,stanley,1.2,246.753173828125,-364.2203063964844,247.43499755859375,-364.2237243652344,-0.27764892578125,-0.00047141782030793265,0.35,0.0,-9.625333607317984e-05,-0.017659634351730385,211,-1,5.7050268943372595,148.83855196864897
1539,76.95,sturn,192,stanley,1.2,247.0384979248047,-364.2215881347656,247.43499755859375,-364.2237243652344,-0.3130187392234802,0.0004741292607423541,0.35,0.0,9.260972992419791e-05,0.017710179090499836,211,-1,5.707298583799069,148.5988318041489
1540,77.0,sturn,192,stanley,1.2,247.32391357421875,-364.2232666015625,247.43499755859375,-364.2237243652344,-0.2777099907398224,-0.0004633257739302621,0.35,0.0,-0.00011477857973418801,-0.01759856939315797,211,-1,5.709579298564027,148.3594101646176
1541,77.05000000000001,sturn,192,stanley,1.2,247.6094512939453,-364.22454833984375,247.43499755859375,-364.2237243652344,-0.3130492568016052,0.00048101899972679174,0.35,0.0,7.518551736207242e-05,0.01774069666862484,211,-1,5.711817071806878,148.11983429745533
1542,77.10000000000001,sturn,192,stanley,1.2,247.89511108398438,-364.2262268066406,247.43499755859375,-364.2237243652344,-0.2777099907398224,-0.0004577991240602043,0.35,0.0,-0.000130944471040448,-0.01759856939315797,211,-1,5.714063439611436,147.88053392254997
1543,77.15,sturn,192,stanley,1.2,248.18087768554688,-364.2275390625,247.43499755859375,-364.2237243652344,-0.3129882216453552,0.0004949327478813845,0.35,0.0,2.9682129454208263e-05,0.01767966151237488,211,-1,5.716261137277613,147.64110999669103
1544,77.2,sturn,192,stanley,1.2,248.4667510986328,-364.2292175292969,249.43496704101562,-364.2340393066406,-0.277587890625,-0.00044840303191416293,0.35,0.0,-0.0001685528664490581,-0.017720669507980343,212,-1,5.718469747138038,147.40196054549972
1545,77.25,sturn,192,stanley,1.2,248.7527313232422,-364.2304992675781,249.43496704101562,-364.2340393066406,-0.3128051161766052,0.0004917659560316862,0.35,0.0,2.369193792345868e-05,0.017496556043624854,212,-1,5.720637370805902,147.16267225833076
1546,77.30000000000001,sturn,192,stanley,1.2,249.038818359375,-364.232177734375,249.43496704101562,-364.2340393066406,-0.27740478515625,-0.0004496681548279495,0.35,0.0,-0.0001802359882812966,-0.01790377497673037,212,-1,5.722810329255167,146.92367767392523
1547,77.35000000000001,sturn,192,stanley,1.2,249.32501220703125,-364.23345947265625,249.43496704101562,-364.2340393066406,-0.3125915825366974,0.0004893021960849577,0.35,0.0,1.310984719010244e-05,0.01728302240371704,212,-1,5.72494268561869,146.6845455474956
1548,77.4,sturn,192,stanley,1.2,249.611328125,-364.2351379394531,249.43496704101562,-364.2340393066406,-0.2772216796875,-0.0004517208205757943,0.35,0.0,-0.00018963840283727916,-0.018086880445480347,212,-1,5.727084203305365,146.44569707931532
1549,77.45,sturn,192,stanley,1.2,249.89773559570312,-364.2364501953125,249.43496704101562,-364.2340393066406,-0.312408447265625,0.0004973832212787593,0.35,0.0,-2.5708709045975733e-05,0.017099887132644657,212,-1,5.729186040537791,146.20674188920773
1550,77.5,sturn,192,stanley,1.2,250.1842498779297,-364.2381286621094,249.43496704101562,-364.2340393066406,-0.277008056640625,-0.00044491732257895164,0.35,0.0,-0.0002274345730529665,-0.018300503492355374,212,-1,5.731295046682979,145.96806919746234
1551,77.55000000000001,sturn,192,stanley,1.2,250.4708709716797,-364.2393798828125,251.33596801757812,-364.2412109375,-0.3121642768383026,0.009807215375253165,0.35,0.0,0.0028090763856699675,0.3769391998648644,213,-1,5.7333625030080615,145.72924484300862
1552,77.60000000000001,sturn,192,stanley,1.2,250.75759887695312,-364.24053955078125,251.33596801757812,-364.2412109375,-0.2523498237133026,0.008606785996974722,0.35,0.0,0.0013252530998320643,0.3171247467398644,213,-1,5.735276048178295,145.49045354653003
1553,77.65,sturn,192,stanley,1.2,251.04443359375,-364.2408447265625,251.33596801757812,-364.2412109375,-0.24334710836410522,0.008565249195099654,0.35,0.0,0.0006958007012138111,0.308122031390667,213,-1,5.737341793282439,145.25127529851324
1554,77.7,sturn,192,stanley,1.2,251.3313446044922,-364.2412414550781,251.33596801757812,-364.2412109375,-0.1593932956457138,0.006413462767583462,0.35,0.0,-2.5290626281108757e-05,0.22416821867227554,213,-1,5.739209672189812,145.01225690466956
1555,77.75,sturn,192,stanley,1.2,251.61837768554688,-364.2410583496094,251.33596801757812,-364.2412109375,-0.1486511081457138,0.006154918216288079,0.35,0.0,-0.0001666863447613596,0.21342603117227557,213,-1,5.741431857890565,144.7729899518583
1556,77.80000000000001,sturn,192,stanley,1.2,251.90550231933594,-364.2411193847656,251.33596801757812,-364.2412109375,-0.0730285570025444,0.004126160571515325,0.35,0.0,-0.0005523260358329495,0.13780348002910614,213,-1,5.7432451374659745,144.53395605673182
1557,77.85000000000001,sturn,192,stanley,1.2,252.19273376464844,-364.24072265625,251.33596801757812,-364.2412109375,-0.0742797702550888,0.004137219550046792,0.35,0.0,-0.00048032310177839187,0.13905469328165054,213,-1,5.745413293633706,144.29475452919385
1558,77.9,sturn,192,stanley,1.2,252.4800567626953,-364.2406921386719,253.12191772460938,-364.22705078125,-0.011169432662427425,0.025844269662097373,0.35,0.0,-0.004194143988608354,0.8543744077906013,214,-1,5.747241668730491,144.05585609286788
1559,77.95,sturn,192,stanley,1.2,252.7674560546875,-364.2390441894531,253.12191772460938,-364.22705078125,0.03729071468114853,0.025341555962729547,0.35,0.0,-0.006775790598633231,0.8059142604470253,214,-1,5.7486129649068065,143.81617049262192
1560,78.0,sturn,192,stanley,1.2,253.05490112304688,-364.2364807128906,253.12191772460938,-364.22705078125,0.2005019336938858,0.021247268243400973,0.35,0.0,-0.00844268265907947,0.642703041434288,214,-1,5.750052050265041,143.57611125746806
1561,78.05000000000001,sturn,192,stanley,1.2,253.34243774414062,-364.2327575683594,253.12191772460938,-364.22705078125,0.29980602860450745,0.01858252310188784,0.35,0.0,-0.008951379635509769,0.5433989465236664,214,-1,5.752448670021175,143.33550243169816
1562,78.10000000000001,sturn,192,stanley,1.2,253.63006591796875,-364.2289733886719,253.12191772460938,-364.22705078125,0.45884525775909424,0.014191103427559821,0.35,0.0,-0.009400395370882692,0.38435971736907953,214,-1,5.753841919610293,143.0949568767155
1563,78.15,sturn,192,stanley,1.2,253.91778564453125,-364.2245178222656,253.12191772460938,-364.22705078125,0.5301504135131836,0.012077015402034912,0.35,0.0,-0.009179444396887924,0.3130545616149902,214,-1,5.756345400527351,142.85413324869396
1564,78.2,sturn,192,stanley,1.2,254.2056427001953,-364.22027587890625,254.90750122070312,-364.1886901855469,0.6533176302909851,0.03166175350749523,0.35,0.0,-0.011711085311261422,0.9683173298835756,215,-1,5.757794888816006,142.6134899090815
1565,78.25,sturn,192,stanley,1.2,254.4935302734375,-364.21435546875,254.90750122070312,-364.1886901855469,0.7490047216415405,0.029687002573487612,0.35,0.0,-0.013940002849078675,0.8726302385330201,215,-1,5.759349550588052,142.3720525462108
1566,78.30000000000001,sturn,192,stanley,1.2,254.78143310546875,-364.20751953125,254.90750122070312,-364.1886901855469,0.9481786489486694,0.024443505881214425,0.35,0.0,-0.015254191521218673,0.6734563112258911,215,-1,5.760521731499607,142.13025997666054
1567,78.35000000000001,sturn,192,stanley,1.2,255.06942749023438,-364.19952392578125,254.90750122070312,-364.1886901855469,1.0745980739593506,0.020882942624478255,0.35,0.0,-0.015411767530157505,0.5470368862152101,215,-1,5.763060244630064,141.8879098481862
1568,78.4,sturn,192,stanley,1.2,255.3574981689453,-364.1914367675781,254.90750122070312,-364.1886901855469,1.25369393825531,0.01578805914782245,0.35,0.0,-0.01547998652082815,0.36794102191925054,215,-1,5.764275057761631,141.64561638429075
1569,78.45,sturn,192,stanley,1.2,255.64564514160156,-364.1827392578125,254.90750122070312,-364.1886901855469,1.3395694494247437,0.013148294135556446,0.35,0.0,-0.014940257443761169,0.282065510749817,215,-1,5.76681752668066,141.40308663852133
1570,78.5,sturn,192,stanley,1.2,255.9338836669922,-364.17413330078125,256.6923828125,-364.1260070800781,1.472963809967041,0.03204678733120332,0.35,0.0,-0.01632049696465808,0.9271011352539062,216,-1,5.768125038469157,141.16070542771882
1571,78.55000000000001,sturn,192,stanley,1.2,256.22216796875,-364.1639709472656,256.6923828125,-364.1260070800781,1.5749411582946777,0.029785001824256214,0.35,0.0,-0.018239478123914597,0.8251237869262695,216,-1,5.7696837241605445,140.9175757477674
1572,78.60000000000001,sturn,192,stanley,1.2,256.510498046875,-364.1529235839844,256.6923828125,-364.1260070800781,1.7773195505142212,0.024354481427079334,0.35,0.0,-0.019276142830627216,0.6227453947067262,216,-1,5.770767480429413,140.67407627009015
1573,78.65,sturn,192,stanley,1.2,256.798828125,-364.1407470703125,256.6923828125,-364.1260070800781,1.905031442642212,0.02067161279777674,0.35,0.0,-0.01918464765704877,0.4950335025787352,216,-1,5.77325344713296,140.43010407530937
1574,78.7,sturn,192,stanley,1.2,257.0872497558594,-364.12847900390625,256.6923828125,-364.1260070800781,2.0840611457824707,0.015494256461896264,0.35,0.0,-0.019005513995031382,0.31600379943847656,216,-1,5.774387733315144,140.1861739419713
1575,78.75,sturn,192,stanley,1.2,257.3757629394531,-364.1155090332031,256.6923828125,-364.1260070800781,2.169053554534912,0.01276506447111926,0.35,0.0,-0.018128925693066372,0.23101139068603513,216,-1,5.776850839554634,139.94193781269604
1576,78.80000000000001,sturn,192,stanley,1.2,257.6643371582031,-364.1028137207031,258.4762878417969,-364.0390625,2.3008248805999756,0.03141111684405976,0.35,0.0,-0.018633120515415824,0.8776700496673584,217,-1,5.778090160948045,139.6979789373706
1577,78.85000000000001,sturn,192,stanley,1.2,257.95294189453125,-364.0885314941406,258.4762878417969,-364.0390625,2.400245428085327,0.029160942680591197,0.35,0.0,-0.020375060329744385,0.7782495021820066,217,-1,5.779591632816381,139.4532566572484
1578,78.9,sturn,192,stanley,1.2,258.2415771484375,-364.0733642578125,258.4762878417969,-364.0390625,2.5994296073913574,0.023760982055248053,0.35,0.0,-0.02123504393772186,0.5790653228759766,217,-1,5.780615728566806,139.20817072205074
1579,78.95,sturn,192,stanley,1.2,258.53021240234375,-364.05706787109375,258.4762878417969,-364.0390625,2.7238426208496094,0.020112492431440355,0.35,0.0,-0.020967614188571543,0.45465230941772444,217,-1,5.78301258614597,138.9626042240022
1580,79.0,sturn,192,stanley,1.2,258.81890869140625,-364.0407409667969,258.4762878417969,-364.0390625,2.8995814323425293,0.01499004084750829,0.35,0.0,-0.020673098009321333,0.27891349792480474,217,-1,5.784083853111498,138.71713802871662
1581,79.05000000000001,sturn,192,stanley,1.2,259.1076965332031,-364.02374267578125,258.4762878417969,-364.0390625,2.9814999103546143,0.012320804469304596,0.35,0.0,-0.019713304243809925,0.19699501991271962,217,-1,5.786454595938253,138.4713783605777
1582,79.10000000000001,sturn,192,stanley,1.2,259.39654541015625,-364.0069580078125,260.25885009765625,-363.92791748046875,3.110405206680298,0.030753140872970843,0.35,0.0,-0.019347493729655635,0.8465199470520022,218,-1,5.7876289679710515,138.22586082146952
1583,79.15,sturn,192,stanley,1.2,259.68536376953125,-363.9886169433594,260.25885009765625,-363.92791748046875,3.2066633701324463,0.028555400357818242,0.35,0.0,-0.020980491022946857,0.7502617835998535,218,-1,5.78906514524654,137.97963718655996
1584,79.2,sturn,192,stanley,1.2,259.9742126464844,-363.9694519042969,260.25885009765625,-363.92791748046875,3.402433156967163,0.02323664803030704,0.35,0.0,-0.0217935837992549,0.5544919967651365,218,-1,5.790031665608787,137.7330789406374
1585,79.25,sturn,192,stanley,1.2,260.2630615234375,-363.9491271972656,260.25885009765625,-363.92791748046875,3.5236613750457764,0.01965344115029697,0.35,0.0,-0.021449773010429253,0.4332637786865236,218,-1,5.7923388239685885,137.48601476967477
1586,79.30000000000001,sturn,192,stanley,1.2,260.5519714355469,-363.92877197265625,260.25885009765625,-363.92791748046875,3.6964802742004395,0.014589016226434572,0.35,0.0,-0.02107972921269214,0.2604448795318602,218,-1,5.793349411013489,137.23904937520982
1587,79.35000000000001,sturn,192,stanley,1.2,260.8409729003906,-363.90777587890625,260.25885009765625,-363.92791748046875,3.7758359909057617,0.011978908574526569,0.35,0.0,-0.020076661703690293,0.18108916282653786,218,-1,5.795634812259711,136.99180342811042
1588,79.4,sturn,192,stanley,1.2,261.1300354003906,-363.8870544433594,260.25885009765625,-363.92791748046875,3.9024569988250732,0.00811422385585618,0.35,0.0,-0.019351809492391125,0.05446815490722626,218,-1,5.796746171962127,136.74483507408988
1589,79.45,sturn,192,stanley,1.2,261.4191589355469,-363.86578369140625,262.0397033691406,-363.7925720214844,3.938255786895752,0.030136841301072467,0.35,0.0,-0.021733670932133985,0.7970991134643557,219,-1,5.79877038361265,136.49766473446323
1590,79.5,sturn,192,stanley,1.2,261.708251953125,-363.8437805175781,262.0397033691406,-363.7925720214844,4.088083744049072,0.026511924226955457,0.35,0.0,-0.02367123585758854,0.6472711563110352,219,-1,5.79912118934935,136.25025907241536
1591,79.55000000000001,sturn,192,stanley,1.2,261.99725341796875,-363.8200988769531,262.0397033691406,-363.7925720214844,4.202880859375,0.023316677807428996,0.35,0.0,-0.023928505207457706,0.532474040985108,219,-1,5.800892903725402,136.00211206803118
1592,79.60000000000001,sturn,192,stanley,1.2,262.28631591796875,-363.79608154296875,262.0397033691406,-363.7925720214844,4.386892795562744,0.01803340560359827,0.35,0.0,-0.02385626570592564,0.34846210479736334,219,-1,5.801844902662033,135.75388442107356
1593,79.65,sturn,192,stanley,1.2,262.5754089355469,-363.771240234375,262.0397033691406,-363.7925720214844,4.484022617340088,0.014953631984184139,0.35,0.0,-0.022965383452360443,0.25133228302001964,219,-1,5.804085867328432,135.5053139560981
1594,79.7,sturn,192,stanley,1.2,262.8645935058594,-363.74652099609375,262.0397033691406,-363.7925720214844,4.629333972930908,0.010542807993451624,0.35,0.0,-0.022203712837498835,0.1060209274291995,219,-1,5.805078301999807,135.25690698302645
1595,79.75,sturn,192,stanley,1.2,263.15380859375,-363.7212829589844,263.8185729980469,-363.633056640625,4.682236194610596,0.03185823774761769,0.35,0.0,-0.023944056128255273,0.831549167633057,220,-1,5.807130812819065,135.00833639984643
1596,79.80000000000001,sturn,192,stanley,1.2,263.4429931640625,-363.6952209472656,263.8185729980469,-363.633056640625,4.845963954925537,0.027804079686980572,0.35,0.0,-0.02578899992460841,0.6678214073181153,220,-1,5.807337273760456,134.75947085925011
1597,79.85000000000001,sturn,192,stanley,1.2,263.7320861816406,-363.66748046875,263.8185729980469,-363.633056640625,4.971560955047607,0.02426886018380027,0.35,0.0,-0.02595444614024064,0.5422244071960449,220,-1,5.809121890419936,134.5098529333021
1598,79.9,sturn,192,stanley,1.2,264.02117919921875,-363.639404296875,263.8185729980469,-363.633056640625,5.163766384124756,0.018718957363598902,0.35,0.0,-0.02578575221305686,0.35001897811889704,220,-1,5.809971321486587,134.2602003238173
1599,79.95,sturn,192,stanley,1.2,264.310302734375,-363.6105041503906,263.8185729980469,-363.633056640625,5.267049789428711,0.015431447204525906,0.35,0.0,-0.02479982840602314,0.2467355728149414,220,-1,5.812197224008032,134.01019887034934
1600,80.0,sturn,192,stanley,1.2,264.5995178222656,-363.5816955566406,263.8185729980469,-363.633056640625,5.416821479797363,0.010851549501170177,0.35,0.0,-0.02391383059548917,0.09696388244628946,220,-1,5.813104536829127,133.76034207625068
1601,80.05000000000001,sturn,192,stanley,1.2,264.88873291015625,-363.5523681640625,265.5950927734375,-363.4493713378906,5.472886562347412,0.031841084899991746,0.35,0.0,-0.024959844094181824,0.8193283081054688,221,-1,5.815117245938379,133.51034178024526
1602,80.10000000000001,sturn,192,stanley,1.2,265.17791748046875,-363.5222473144531,265.5950927734375,-363.4493713378906,5.638206481933594,0.027710280268683277,0.35,0.0,-0.026714860121913195,0.654008388519287,221,-1,5.815265516344895,133.26005838792625
1603,80.15,sturn,192,stanley,1.2,265.46697998046875,-363.49053955078125,265.5950927734375,-363.4493713378906,5.7642974853515625,0.024160451525594158,0.35,0.0,-0.026879143069846206,0.5279173851013186,221,-1,5.817009777864131,133.00909067121302
1604,80.2,sturn,192,stanley,1.2,265.75604248046875,-363.4584655761719,265.5950927734375,-363.4493713378906,5.956386566162109,0.01860353117566164,0.35,0.0,-0.026679421187497946,0.3358283042907711,221,-1,5.817795067139639,132.75806665380068
1605,80.25,sturn,192,stanley,1.2,266.04510498046875,-363.425537109375,265.5950927734375,-363.4493713378906,6.059331893920898,0.015304801618794675,0.35,0.0,-0.02563035470116008,0.2328829765319826,221,-1,5.819959744963002,132.50669406977892
1606,80.30000000000001,sturn,192,stanley,1.2,266.3342590332031,-363.3927307128906,265.5950927734375,-363.4493713378906,6.208569526672363,0.010729907627852734,0.35,0.0,-0.024712657269683982,0.08364534378051744,221,-1,5.820809078303816,132.25548356998956
1607,80.35000000000001,sturn,192,stanley,1.2,266.62347412109375,-363.3594970703125,267.3689880371094,-363.2416076660156,6.264049053192139,0.03155579798428516,0.35,0.0,-0.025225286671998262,0.8065962791442874,222,-1,5.822758465581383,132.00413128404463
1608,80.4,sturn,192,stanley,1.2,266.9125671386719,-363.3253173828125,267.3689880371094,-363.2416076660156,6.42833948135376,0.027423525084478057,0.35,0.0,-0.02689087344342673,0.6423058509826658,222,-1,5.822863882930816,131.75247159866305
1609,80.45,sturn,192,stanley,1.2,267.2015380859375,-363.28948974609375,267.3689880371094,-363.2416076660156,6.553095817565918,0.023861548928450643,0.35,0.0,-0.026906017423086438,0.5175495147705084,222,-1,5.824544018237163,131.50008013739
1610,80.5,sturn,192,stanley,1.2,267.49053955078125,-363.25335693359375,267.3689880371094,-363.2416076660156,6.743653774261475,0.01832014039530176,0.35,0.0,-0.02662206294457778,0.32699155807495156,222,-1,5.82527710907075,131.2476410051392
1611,80.55000000000001,sturn,192,stanley,1.2,267.7795104980469,-363.2164306640625,267.3689880371094,-363.2416076660156,6.84504508972168,0.015057587951523867,0.35,0.0,-0.025546929068068124,0.22560024261474668,222,-1,5.8273785263101985,130.9949082311401
1612,80.60000000000001,sturn,192,stanley,1.2,268.0685729980469,-363.1795959472656,267.3689880371094,-363.2416076660156,6.9927659034729,0.010507867642918904,0.35,0.0,-0.024573921185208604,0.07787942886352561,222,-1,5.828173910286267,130.7423184672027
1613,80.65,sturn,192,stanley,1.2,268.3576354980469,-363.1423034667969,269.1398620605469,-363.00970458984375,7.046884059906006,0.03118585508896329,0.35,0.0,-0.02453250394670843,0.8021912574768065,223,-1,5.830061141119686,130.48961330662686
1614,80.7,sturn,192,stanley,1.2,268.6466369628906,-363.1041564941406,269.1398620605469,-363.00970458984375,7.209502696990967,0.02710477109562382,0.35,0.0,-0.026210153178214804,0.6395726203918459,223,-1,5.830128575210152,130.23660042149794
1615,80.75,sturn,192,stanley,1.2,268.9354553222656,-363.064453125,269.1398620605469,-363.00970458984375,7.332492828369141,0.023625643759762536,0.35,0.0,-0.026320981803229792,0.5165824890136717,223,-1,5.831749869785871,129.98294908131734
1616,80.80000000000001,sturn,192,stanley,1.2,269.2242736816406,-363.0244140625,269.1398620605469,-363.00970458984375,7.521475791931152,0.018150416858750323,0.35,0.0,-0.02609926210168266,0.3275995254516598,223,-1,5.8324328605141185,129.72925278621653
1617,80.85000000000001,sturn,192,stanley,1.2,269.5130615234375,-362.98358154296875,269.1398620605469,-363.00970458984375,7.621667861938477,0.014944028503809458,0.35,0.0,-0.02508735147649266,0.2274074554443364,223,-1,5.834466246229667,129.47525698778762
1618,80.9,sturn,192,stanley,1.2,269.80194091796875,-362.9428405761719,269.1398620605469,-363.00970458984375,7.768487453460693,0.010442196534467634,0.35,0.0,-0.024178638668398547,0.08058786392211936,223,-1,5.835209340452335,129.22140352204744
1619,80.95,sturn,192,stanley,1.2,270.0908203125,-362.90155029296875,270.907470703125,-362.7537841796875,7.822049140930176,0.030951521491093908,0.35,0.0,-0.023588348856647068,0.805456161499024,224,-1,5.837033186853506,128.96737479726815
1620,81.0,sturn,192,stanley,1.2,270.3796081542969,-362.8594970703125,270.907470703125,-362.7537841796875,7.983822822570801,0.02691619617249547,0.35,0.0,-0.02533204052603591,0.643682479858398,224,-1,5.837058322562988,128.7131120605157
1621,81.05000000000001,sturn,192,stanley,1.2,270.668212890625,-362.81585693359375,270.907470703125,-362.7537841796875,8.105857849121094,0.023476738526979304,0.35,0.0,-0.025479307239479755,0.5216474533081055,224,-1,5.8386264519375555,128.45818168065318
1622,81.10000000000001,sturn,192,stanley,1.2,270.9568176269531,-362.7718811035156,270.907470703125,-362.7537841796875,8.293950080871582,0.018039635765390707,0.35,0.0,-0.025294679137978268,0.3335552215576174,224,-1,5.839259010774538,128.20320299515294
1623,81.15,sturn,192,stanley,1.2,271.2453918457031,-362.72711181640625,270.907470703125,-362.7537841796875,8.393451690673828,0.014866413349358516,0.35,0.0,-0.024320994441481187,0.23405361175537162,224,-1,5.84123201999317,127.94791893101555
1624,81.2,sturn,192,stanley,1.2,271.5340270996094,-362.6824645996094,270.907470703125,-362.7537841796875,8.539726257324219,0.010402422834607615,0.35,0.0,-0.0234771546515775,0.08777904510498098,224,-1,5.841925891046504,127.69281932734654
1625,81.25,sturn,192,stanley,1.2,271.82269287109375,-362.6372985839844,272.67138671875,-362.4739074707031,8.5929594039917,0.030789411997732975,0.35,0.0,-0.022493884037629946,0.8129758834838869,225,-1,5.843694990668388,127.43753479654522
1626,81.30000000000001,sturn,192,stanley,1.2,272.1112365722656,-362.59130859375,272.67138671875,-362.4739074707031,8.754206657409668,0.026782238693598404,0.35,0.0,-0.02427838466553281,0.6517286300659184,225,-1,5.843677756690709,127.18199679627999
1627,81.35000000000001,sturn,192,stanley,1.2,272.3995361328125,-362.5437927246094,272.67138671875,-362.4739074707031,8.875621795654297,0.023391518653487688,0.35,0.0,-0.02451762201365735,0.5303134918212891,225,-1,5.845193188800127,126.92586619690512
1628,81.4,sturn,192,stanley,1.2,272.6878356933594,-362.495849609375,272.67138671875,-362.4739074707031,9.063173294067383,0.01797083900196504,0.35,0.0,-0.024335357490365424,0.34276199340820346,225,-1,5.845773808733003,126.66962735273674
1629,81.45,sturn,192,stanley,1.2,272.97613525390625,-362.4471740722656,272.67138671875,-362.4739074707031,9.162301063537598,0.014831973197799836,0.35,0.0,-0.02343051833035958,0.24363422393798895,225,-1,5.847695184391235,126.41309101767017
1630,81.5,sturn,192,stanley,1.2,273.2644348144531,-362.39862060546875,272.67138671875,-362.4739074707031,9.308311462402344,0.010395911566289821,0.35,0.0,-0.022646108276472718,0.09762382507324159,225,-1,5.848336004367195,126.15678637608242
1631,81.55000000000001,sturn,192,stanley,1.2,273.55279541015625,-362.34954833984375,272.67138671875,-362.4739074707031,9.361468315124512,0.00844299901891295,0.35,0.0,-0.021359849384902874,0.044466972351074,225,-1,5.850053404352586,125.90026870043289
1632,81.60000000000001,sturn,192,stanley,1.2,273.8412170410156,-362.30072021484375,274.43133544921875,-362.1700439453125,9.46408462524414,0.028729698292601483,0.35,0.0,-0.0242748441979658,0.720280647277832,226,-1,5.850832983814805,125.64401240103075
1633,81.65,sturn,192,stanley,1.2,274.1294250488281,-362.2503967285156,274.43133544921875,-362.1700439453125,9.541438102722168,0.02699831118607928,0.35,0.0,-0.025704095860227046,0.6429271697998045,226,-1,5.851611883168521,125.38715022963753
1634,81.7,sturn,192,stanley,1.2,274.4175109863281,-362.1991271972656,274.43133544921875,-362.1700439453125,9.724406242370605,0.021929817608888354,0.35,0.0,-0.026180624579912853,0.45995903015136747,226,-1,5.852145852055108,125.12994996919011
1635,81.75,sturn,192,stanley,1.2,274.7054138183594,-362.1468200683594,274.43133544921875,-362.1700439453125,9.836697578430176,0.01852523317507701,0.35,0.0,-0.02560352813475981,0.3476676940917971,226,-1,5.85388166643474,124.87240030472658
1636,81.80000000000001,sturn,192,stanley,1.2,274.9933776855469,-362.094482421875,274.43133544921875,-362.1700439453125,10.002248764038086,0.013594282739885364,0.35,0.0,-0.02500718695218239,0.18211650848388686,226,-1,5.8544423679168975,124.61493874837613
1637,81.85000000000001,sturn,192,stanley,1.2,275.2813415527344,-362.04144287109375,274.43133544921875,-362.1700439453125,10.075784683227539,0.011058962660024907,0.35,0.0,-0.023720000751400266,0.10858058929443416,226,-1,5.856205474967399,124.35719323040261
1638,81.9,sturn,192,stanley,1.2,275.5693359375,-361.9886169433594,276.1870422363281,-361.84228515625,10.196930885314941,0.03066644091174737,0.35,0.0,-0.026191202120940907,0.7658643722534181,227,-1,5.856862417345028,124.09971352768424
1639,81.95,sturn,192,stanley,1.2,275.8571472167969,-361.9342346191406,276.1870422363281,-361.84228515625,10.28962230682373,0.02846749513610056,0.35,0.0,-0.027534821887020625,0.6731729507446294,227,-1,5.857664096550831,123.84155535684914
1640,82.0,sturn,192,stanley,1.2,276.1447448730469,-361.8790283203125,276.1870422363281,-361.84228515625,10.48462200164795,0.023061075151930198,0.35,0.0,-0.028028878833533048,0.47817325592041054,227,-1,5.858088984895541,123.58319976183789
1641,82.05000000000001,sturn,192,stanley,1.2,276.4322509765625,-361.8226623535156,276.1870422363281,-361.84228515625,10.606306076049805,0.019359685394618083,0.35,0.0,-0.027367020009719353,0.3564891815185547,227,-1,5.859854012601276,123.32433882534204
1642,82.10000000000001,sturn,192,stanley,1.2,276.7197265625,-361.7662048339844,276.1870422363281,-361.84228515625,10.779029846191406,0.01417004518870632,0.35,0.0,-0.026609475633767837,0.18376541137695335,227,-1,5.860332224748701,123.06559679928014
1643,82.15,sturn,192,stanley,1.2,277.0072021484375,-361.7091979980469,276.1870422363281,-361.84228515625,10.85788345336914,0.01147984290615275,0.35,0.0,-0.02531263939400849,0.10491180419921924,227,-1,5.862090737104618,122.80666150164141
1644,82.2,sturn,192,stanley,1.2,277.2947692871094,-361.65234375,277.9381103515625,-361.4907531738281,10.982878684997559,0.030812741704876648,0.35,0.0,-0.02729492240372311,0.7583465576171874,228,-1,5.862682310741633,122.54790560072429
1645,82.25,sturn,192,stanley,1.2,277.58203125,-361.5939636230469,277.9381103515625,-361.4907531738281,11.07801342010498,0.02852783784801368,0.35,0.0,-0.02859176000101299,0.6632118225097652,228,-1,5.863471647941527,122.28857436348785
1646,82.30000000000001,sturn,192,stanley,1.2,277.869140625,-361.53472900390625,277.9381103515625,-361.4907531738281,11.274349212646484,0.02306140599328529,0.35,0.0,-0.029020933865299678,0.4668760299682616,228,-1,5.863844385372357,122.02897208253435
1647,82.35000000000001,sturn,192,stanley,1.2,278.1560974121094,-361.4743347167969,277.9381103515625,-361.4907531738281,11.396708488464355,0.01931564553603613,0.35,0.0,-0.028283653515500152,0.34451675415039007,228,-1,5.865575190422859,121.7689033449993
1648,82.4,sturn,192,stanley,1.2,278.443115234375,-361.4139099121094,277.9381103515625,-361.4907531738281,11.569634437561035,0.01412146510644564,0.35,0.0,-0.02752891427198062,0.17159080505371033,228,-1,5.866007362457551,121.50891916573495
1649,82.45,sturn,192,stanley,1.2,278.73004150390625,-361.35284423828125,277.9381103515625,-361.4907531738281,11.64846420288086,0.01139752858855993,0.35,0.0,-0.026128084786604278,0.09276103973388614,228,-1,5.867722506314629,121.24874945577048
1650,82.5,sturn,192,stanley,1.2,279.0170593261719,-361.29205322265625,279.6842346191406,-361.1154479980469,11.773205757141113,0.03062624556340237,0.35,0.0,-0.027779250102721254,0.7464494705200189,229,-1,5.868267866335043,120.98883621459075
1651,82.55000000000001,sturn,192,stanley,1.2,279.30377197265625,-361.22967529296875,279.6842346191406,-361.1154479980469,11.867742538452148,0.028344820385376883,0.35,0.0,-0.029036557266326493,0.6519126892089839,229,-1,5.869021924669158,120.72829772290032
1652,82.60000000000001,sturn,192,stanley,1.2,279.59033203125,-361.1664123535156,279.6842346191406,-361.1154479980469,12.063218116760254,0.022879825159294365,0.35,0.0,-0.029396821525214164,0.45643711090087846,229,-1,5.869355293699872,120.46746177071915
1653,82.65,sturn,192,stanley,1.2,279.876708984375,-361.1020202636719,279.6842346191406,-361.1154479980469,12.184664726257324,0.019145546102801097,0.35,0.0,-0.028615092070020137,0.3349905014038082,229,-1,5.8710389932264,120.20619383008354
1654,82.7,sturn,192,stanley,1.2,280.1630859375,-361.03759765625,279.6842346191406,-361.1154479980469,12.356629371643066,0.013960125313891313,0.35,0.0,-0.027803570692816706,0.16302585601806666,229,-1,5.871431792502459,119.94505553254744
1655,82.75,sturn,192,stanley,1.2,280.4494323730469,-360.97259521484375,279.6842346191406,-361.1154479980469,12.434548377990723,0.01126826635489699,0.35,0.0,-0.02641938736414587,0.08510684967040984,229,-1,5.873095920446988,119.68371847084208
1656,82.80000000000001,sturn,192,stanley,1.2,280.73583984375,-360.9078674316406,281.4250793457031,-360.7164306640625,12.55843448638916,0.030419364703004385,0.35,0.0,-0.02776673930255763,0.739650726318359,230,-1,5.873603312590263,119.42266132435287
1657,82.85000000000001,sturn,192,stanley,1.2,281.0219421386719,-360.8415222167969,281.4250793457031,-360.7164306640625,12.652033805847168,0.02815935614915362,0.35,0.0,-0.029008920687932593,0.6460514068603508,230,-1,5.87431530826642,119.16094803362219
1658,82.9,sturn,192,stanley,1.2,281.3078308105469,-360.7742919921875,281.4250793457031,-360.7164306640625,12.846488952636719,0.02271393970464785,0.35,0.0,-0.029340685485526034,0.4515962600708006,230,-1,5.874612564268779,118.8989769276497
1659,82.95,sturn,192,stanley,1.2,281.59356689453125,-360.70599365234375,281.4250793457031,-360.7164306640625,12.966987609863281,0.01902007261099789,0.35,0.0,-0.028597877050625296,0.3310976028442373,230,-1,5.876251693010927,118.63658144900515
1660,83.0,sturn,192,stanley,1.2,281.8793029785156,-360.6376037597656,281.4250793457031,-360.7164306640625,13.13811206817627,0.013852148185921679,0.35,0.0,-0.027765970725068007,0.15997314453125025,230,-1,5.876604796038392,118.37427428040411
1661,83.05000000000001,sturn,192,stanley,1.2,282.16497802734375,-360.5686340332031,281.4250793457031,-360.7164306640625,13.215351104736328,0.011171495652058043,0.35,0.0,-0.026355738622085456,0.0827341079711908,230,-1,5.878223531743724,118.11178668302021
1662,83.10000000000001,sturn,192,stanley,1.2,282.45074462890625,-360.4998474121094,283.1603698730469,-360.2938537597656,13.338623046875,0.030176642239170836,0.35,0.0,-0.02721478671176178,0.7378921508789061,231,-1,5.878694678738389,117.84949623882406
1663,83.15,sturn,192,stanley,1.2,282.7361755371094,-360.4295349121094,283.1603698730469,-360.2938537597656,13.431315422058105,0.027935067232071228,0.35,0.0,-0.028435423916471983,0.6451997756958006,231,-1,5.879373371290222,117.58662071420254
1664,83.2,sturn,192,stanley,1.2,283.0213928222656,-360.3583984375,283.1603698730469,-360.2938537597656,13.62460708618164,0.02253545488137113,0.35,0.0,-0.028804872142253253,0.45190811157226535,231,-1,5.879635990312044,117.32351974139681
1665,83.25,sturn,192,stanley,1.2,283.306396484375,-360.2861633300781,283.1603698730469,-360.2938537597656,13.744025230407715,0.018871015979950605,0.35,0.0,-0.028056720680603702,0.3324899673461915,231,-1,5.881228264761227,117.06001304851782
1666,83.30000000000001,sturn,192,stanley,1.2,283.5914611816406,-360.2138977050781,283.1603698730469,-360.2938537597656,13.914186477661133,0.013753957243939213,0.35,0.0,-0.027293812844384424,0.16232872009277338,231,-1,5.881546466194826,116.79658579920125
1667,83.35000000000001,sturn,192,stanley,1.2,283.8764343261719,-360.14105224609375,283.1603698730469,-360.2938537597656,13.990687370300293,0.011115814593774836,0.35,0.0,-0.025946215178432153,0.08582782745361306,231,-1,5.883122017605872,116.53299637520972
1668,83.4,sturn,192,stanley,1.2,284.1614685058594,-360.068359375,284.8897399902344,-359.8476867675781,14.113435745239258,0.030063297556260523,0.35,0.0,-0.026588283714585048,0.7415094375610365,232,-1,5.883561778328316,116.26960692426466
1669,83.45,sturn,192,stanley,1.2,284.4461364746094,-359.9941711425781,284.8897399902344,-359.8476867675781,14.205646514892578,0.027852514307332318,0.35,0.0,-0.02786069599844157,0.6492986679077162,232,-1,5.884203682657931,116.00566442261538
1670,83.5,sturn,192,stanley,1.2,284.7306213378906,-359.91912841796875,284.8897399902344,-359.8476867675781,14.398466110229492,0.02247638968062866,0.35,0.0,-0.02826023168979181,0.4564790725708013,232,-1,5.8844363069223125,115.7414465395152
1671,83.55000000000001,sturn,192,stanley,1.2,285.0148620605469,-359.8429870605469,284.8897399902344,-359.8476867675781,14.517539024353027,0.018829870205145,0.35,0.0,-0.027535262083083246,0.33740615844726546,232,-1,5.885988704735685,115.47683770272076
1672,83.60000000000001,sturn,192,stanley,1.2,285.29913330078125,-359.7668151855469,284.8897399902344,-359.8476867675781,14.687433242797852,0.013726137529492843,0.35,0.0,-0.026788618734340144,0.16751194000244155,232,-1,5.886272054213226,115.21232965362022
1673,83.65,sturn,192,stanley,1.2,285.58331298828125,-359.6900634765625,284.8897399902344,-359.8476867675781,14.763784408569336,0.011098421205182297,0.35,0.0,-0.025458048994533106,0.09116077423095807,232,-1,5.887807603708003,114.94765425901923
1674,83.7,sturn,192,stanley,1.2,285.8675842285156,-359.61358642578125,286.6129150390625,-359.37811279296875,14.88641357421875,0.029985817268480992,0.35,0.0,-0.0259101031552727,0.7469615936279312,233,-1,5.888210062597079,114.68323543611108
1675,83.75,sturn,192,stanley,1.2,286.1514587402344,-359.53546142578125,286.6129150390625,-359.37811279296875,14.978429794311523,0.027777497254691943,0.35,0.0,-0.027174015663400358,0.6549453735351582,233,-1,5.888820510942726,114.41817520080063
1676,83.80000000000001,sturn,192,stanley,1.2,286.43511962890625,-359.45654296875,286.6129150390625,-359.37811279296875,15.17092514038086,0.022424847465033777,0.35,0.0,-0.02761625716883817,0.4624500274658224,233,-1,5.889014615508758,114.15289580848408
1677,83.85000000000001,sturn,192,stanley,1.2,286.7185363769531,-359.37652587890625,286.6129150390625,-359.37811279296875,15.289741516113281,0.01880044255520576,0.35,0.0,-0.02693471773561639,0.3436336517334005,233,-1,5.890531739300517,113.88721704692948
1678,83.9,sturn,192,stanley,1.2,287.0019836425781,-359.2964782714844,286.6129150390625,-359.37811279296875,15.459444046020508,0.013717094900049126,0.35,0.0,-0.02623201360108976,0.17393112182617146,233,-1,5.890778751496734,113.62163728439212
1679,83.95,sturn,192,stanley,1.2,287.28533935546875,-359.2158508300781,286.6129150390625,-359.37811279296875,15.535728454589844,0.01110666891624043,0.35,0.0,-0.024946254295928477,0.09764671325683774,233,-1,5.892276608031945,113.3558850803855
1680,84.0,sturn,192,stanley,1.2,287.5687561035156,-359.1354675292969,288.32952880859375,-358.8851318359375,15.658370018005371,0.02992350511883356,0.35,0.0,-0.02518793381971962,0.7534341812133765,234,-1,5.892641553855841,113.09039208375276
1681,84.05000000000001,sturn,192,stanley,1.2,287.8517761230469,-359.0535583496094,288.32952880859375,-358.8851318359375,15.750304222106934,0.027760106126080764,0.35,0.0,-0.026580298299445915,0.6614999771118153,234,-1,5.893217747063615,112.82432682786865
1682,84.10000000000001,sturn,192,stanley,1.2,288.134521484375,-358.97076416015625,288.32952880859375,-358.8851318359375,15.942708969116211,0.02241785246547513,0.35,0.0,-0.027046110362209788,0.4690952301025391,234,-1,5.893376520685201,112.55802055306353
1683,84.15,sturn,192,stanley,1.2,288.41705322265625,-358.8869323730469,288.32952880859375,-358.8851318359375,16.061532974243164,0.018824056229644764,0.35,0.0,-0.02645624400867015,0.3502712249755846,234,-1,5.894854916416882,112.29132429744206
1684,84.2,sturn,192,stanley,1.2,288.6995849609375,-358.8030090332031,288.32952880859375,-358.8851318359375,16.23133087158203,0.013746551083087512,0.35,0.0,-0.025778555164994735,0.18047332763671897,234,-1,5.895065661752475,112.02470738388834
1685,84.25,sturn,192,stanley,1.2,288.98199462890625,-358.718505859375,288.32952880859375,-358.8851318359375,16.307817459106445,0.011136529917289351,0.35,0.0,-0.02451016758202243,0.10398674011230208,234,-1,5.896533671937956,111.75793559002373
1686,84.30000000000001,sturn,192,stanley,1.2,289.2645568847656,-358.6342468261719,290.039306640625,-358.3688659667969,16.43068504333496,0.029880555795617183,0.35,0.0,-0.024552334743367432,0.7595520019531252,235,-1,5.896863711188805,111.49135451425079
1687,84.35000000000001,sturn,192,stanley,1.2,289.546630859375,-358.54840087890625,290.039306640625,-358.3688659667969,16.52268409729004,0.027702433484348903,0.35,0.0,-0.025906863587739082,0.6675529479980449,235,-1,5.897411244420413,111.2242172131079
1688,84.4,sturn,192,stanley,1.2,289.8284606933594,-358.4617919921875,290.039306640625,-358.3688659667969,16.714969635009766,0.022392742881990647,0.35,0.0,-0.02646037984195363,0.4752674102783185,235,-1,5.89753773517652,110.95689038806765
1689,84.45,sturn,192,stanley,1.2,290.11004638671875,-358.3740234375,290.039306640625,-358.3688659667969,16.83369255065918,0.018789874068053523,0.35,0.0,-0.025833877354788537,0.35654449462890553,235,-1,5.898982869924387,110.68910647797422
1690,84.5,sturn,192,stanley,1.2,290.3916320800781,-358.2862548828125,290.039306640625,-358.3688659667969,17.003372192382812,0.013733001950640198,0.35,0.0,-0.025207374867623436,0.18686485290527108,235,-1,5.899162568994304,110.42146099757404
1691,84.55000000000001,sturn,192,stanley,1.2,290.6730651855469,-358.19781494140625,290.039306640625,-358.3688659667969,17.07979393005371,0.011110372795049242,0.35,0.0,-0.023894380725914488,0.11044311523437317,235,-1,5.900596473972754,110.15361643221729
1692,84.60000000000001,sturn,192,stanley,1.2,290.95465087890625,-358.1096496582031,291.74188232421875,-357.8294982910156,17.202571868896484,0.029754409764915075,0.35,0.0,-0.02362867899432483,0.7660942077636727,236,-1,5.900893553536965,109.88598306471553
1693,84.65,sturn,192,stanley,1.2,291.2357482910156,-358.0199279785156,291.74188232421875,-357.8294982910156,17.294235229492188,0.027591494384336192,0.35,0.0,-0.025000802857455567,0.6744308471679688,236,-1,5.901415126718077,109.61780200950169
1694,84.7,sturn,192,stanley,1.2,291.5166015625,-357.9294128417969,291.74188232421875,-357.8294982910156,17.485998153686523,0.02229284605144584,0.35,0.0,-0.025542853653063816,0.48266792297363337,236,-1,5.901510502195531,109.34940407611057
1695,84.75,sturn,192,stanley,1.2,291.7971496582031,-357.83782958984375,291.74188232421875,-357.8294982910156,17.604190826416016,0.01872482465108057,0.35,0.0,-0.024974740377962115,0.36447525024414096,236,-1,5.902920634022729,109.08064714491093
1696,84.80000000000001,sturn,192,stanley,1.2,292.07769775390625,-357.7462463378906,291.74188232421875,-357.8294982910156,17.773422241210938,0.013700376090709624,0.35,0.0,-0.024406627102860415,0.19524383544921847,236,-1,5.903071972234611,108.812026820369
1697,84.85000000000001,sturn,192,stanley,1.2,292.3581237792969,-357.654052734375,291.74188232421875,-357.8294982910156,17.849565505981445,0.011128236702606265,0.35,0.0,-0.023220273632338362,0.11910057067871045,236,-1,5.904471542598298,108.54322046131354
1698,84.9,sturn,192,stanley,1.2,292.6386413574219,-357.5621032714844,293.43701171875,-357.2669677734375,17.97226333618164,0.029752556278081526,0.35,0.0,-0.022888092301067253,0.7748317718505877,237,-1,5.904737353572934,108.27464985060782
1699,84.95,sturn,192,stanley,1.2,292.9186706542969,-357.4686279296875,293.43701171875,-357.2669677734375,18.063980102539062,0.027624724491988314,0.35,0.0,-0.02437097487193901,0.6831150054931653,237,-1,5.905230052766487,108.00554053484868
1700,85.0,sturn,192,stanley,1.2,293.1984558105469,-357.3743591308594,293.43701171875,-357.2669677734375,18.255891799926758,0.022358686280890175,0.35,0.0,-0.025024031432650307,0.4912033081054685,237,-1,5.905291342059858,107.7362075604896
1701,85.05000000000001,sturn,192,stanley,1.2,293.4779357910156,-357.2789611816406,293.43701171875,-357.2669677734375,18.374422073364258,0.018799124745615868,0.35,0.0,-0.02450976217885554,0.372673034667969,237,-1,5.906676681887922,107.46646563430112
1702,85.10000000000001,sturn,192,stanley,1.2,293.7574462890625,-357.18359375,293.43701171875,-357.2669677734375,18.544092178344727,0.013793091753712822,0.35,0.0,-0.024034199525428082,0.20300292968750105,237,-1,5.906793588813227,107.19685696415547
1703,85.15,sturn,192,stanley,1.2,294.03680419921875,-357.0875244140625,293.43701171875,-357.2669677734375,18.62078857421875,0.01120449302901361,0.35,0.0,-0.022844930662942076,0.12630653381347795,237,-1,5.908166986461883,106.92701681053074
1704,85.2,sturn,192,stanley,1.2,294.31622314453125,-356.99176025390625,295.12432861328125,-356.6814880371094,18.744043350219727,0.029755233546607758,0.35,0.0,-0.022338800484954346,0.781482696533203,238,-1,5.908403247775818,106.65747611151211
1705,85.25,sturn,192,stanley,1.2,294.5951843261719,-356.8944396972656,295.12432861328125,-356.6814880371094,18.836122512817383,0.02762659859618631,0.35,0.0,-0.0238511871002057,0.689403533935545,238,-1,5.908872073701731,106.3873419599705
1706,85.30000000000001,sturn,192,stanley,1.2,294.8738098144531,-356.7962341308594,295.12432861328125,-356.6814880371094,19.028223037719727,0.022326155120912836,0.35,0.0,-0.024417260775327507,0.4973030090332026,238,-1,5.908905448610911,106.11698130529595
1707,85.35000000000001,sturn,192,stanley,1.2,295.1521301269531,-356.6970520019531,295.12432861328125,-356.6814880371094,19.146820068359375,0.018784136112827463,0.35,0.0,-0.02396093352019107,0.37870597839355347,238,-1,5.910262673325168,105.84630723846787
1708,85.4,sturn,192,stanley,1.2,295.43048095703125,-356.59783935546875,295.12432861328125,-356.6814880371094,19.316469192504883,0.013779059807270679,0.35,0.0,-0.0234860434630403,0.20905685424804613,238,-1,5.910353757091814,105.5757229674729
1709,85.45,sturn,192,stanley,1.2,295.70867919921875,-356.4979553222656,295.12432861328125,-356.6814880371094,19.393156051635742,0.011201220101295848,0.35,0.0,-0.022327377376417296,0.13236999511718636,238,-1,5.911698954391408,105.30492208487995
1710,85.5,sturn,192,stanley,1.2,295.9869384765625,-356.3982849121094,296.8034973144531,-356.0731201171875,19.51638412475586,0.02968409350583379,0.35,0.0,-0.02161443791921086,0.78757095336914,239,-1,5.911906896508859,105.03435755184333
1711,85.55000000000001,sturn,192,stanley,1.2,296.26470947265625,-356.2971496582031,296.8034973144531,-356.0731201171875,19.608320236206055,0.02756695882920038,0.35,0.0,-0.02314986930634194,0.6956348419189448,239,-1,5.912349619499056,104.7632729720128
1712,85.60000000000001,sturn,192,stanley,1.2,296.54217529296875,-356.19525146484375,296.8034973144531,-356.0731201171875,19.8001766204834,0.022322564566091926,0.35,0.0,-0.023863870379849314,0.5037784576416005,239,-1,5.912357527400092,104.4920161732
1713,85.65,sturn,192,stanley,1.2,296.8193054199219,-356.0922546386719,296.8034973144531,-356.0731201171875,19.91864776611328,0.01879211196216044,0.35,0.0,-0.023431016481126693,0.38530731201171814,239,-1,5.913684577597706,104.22037588532432
1714,85.7,sturn,192,stanley,1.2,297.0964660644531,-355.98919677734375,296.8034973144531,-356.0731201171875,20.088308334350586,0.013785307494121093,0.35,0.0,-0.022951509458166708,0.2156467437744135,239,-1,5.913745861582715,103.9488023878468
1715,85.75,sturn,192,stanley,1.2,297.3734130859375,-355.8855285644531,296.8034973144531,-356.0731201171875,20.165077209472656,0.011216251728348762,0.35,0.0,-0.021825447795892516,0.1388778686523452,239,-1,5.91506120128149,103.67709264332431
1716,85.80000000000001,sturn,192,stanley,1.2,297.6505126953125,-355.7821350097656,298.4743347167969,-355.4420471191406,20.28840446472168,0.02965477579301882,0.35,0.0,-0.020986819137735424,0.7939815521240219,240,-1,5.9152443198043505,103.40559492970259
1717,85.85000000000001,sturn,192,stanley,1.2,297.9270324707031,-355.67718505859375,298.4743347167969,-355.4420471191406,20.380373001098633,0.027538615943147084,0.35,0.0,-0.02252870399051385,0.7020130157470689,240,-1,5.915663872235739,103.13356848741559
1718,85.9,sturn,192,stanley,1.2,298.2032775878906,-355.5714416503906,298.4743347167969,-355.4420471191406,20.572172164916992,0.022292020159553096,0.35,0.0,-0.023231445226665245,0.5102138519287108,240,-1,5.915644994058263,102.86131957007564
1719,85.95,sturn,192,stanley,1.2,298.47918701171875,-355.4646301269531,298.4743347167969,-355.4420471191406,20.690570831298828,0.018769853896461793,0.35,0.0,-0.022816814165268134,0.3918151855468738,240,-1,5.916943225184156,102.58869951350503
1720,86.0,sturn,192,stanley,1.2,298.7550354003906,-355.35784912109375,298.4743347167969,-355.4420471191406,20.860136032104492,0.013789597737584891,0.35,0.0,-0.02240870300744567,0.22224998474120894,240,-1,5.916979789018099,102.31627365685246
1721,86.05000000000001,sturn,192,stanley,1.2,299.0307312011719,-355.25048828125,298.4743347167969,-355.4420471191406,20.936901092529297,0.011261437623580213,0.35,0.0,-0.021404682151893284,0.14548492431640533,240,-1,5.9182674516284814,102.04368320533754
1722,86.10000000000001,sturn,192,stanley,1.2,299.3065185546875,-355.1432800292969,298.4743347167969,-355.4420471191406,21.06036949157715,0.00745852013919561,0.35,0.0,-0.020575968020901336,0.022016525268554313,240,-1,5.918425320338084,101.77126363889052
1723,86.15,sturn,192,stanley,1.2,299.5821838378906,-355.03564453125,300.1363525390625,-354.78826904296875,21.09361457824707,0.029632531835570967,0.35,0.0,-0.023240538171199004,0.7672004699707028,241,-1,5.919466782624789,101.49876436068418
1724,86.2,sturn,192,stanley,1.2,299.8575439453125,-354.92724609375,300.1363525390625,-354.78826904296875,21.241291046142578,0.02605371297415323,0.35,0.0,-0.02516811153575109,0.6195240020751946,241,-1,5.918869970665837,101.22608116555121
1725,86.25,sturn,192,stanley,1.2,300.1322937011719,-354.81732177734375,300.1363525390625,-354.78826904296875,21.35569953918457,0.022878039363063544,0.35,0.0,-0.025452263906466047,0.5051155090332038,241,-1,5.919686384768419,100.95289615792403
1726,86.30000000000001,sturn,192,stanley,1.2,300.40692138671875,-354.70697021484375,300.1363525390625,-354.78826904296875,21.53923797607422,0.017581694877525363,0.35,0.0,-0.025294439704679123,0.3215770721435557,241,-1,5.919698469559745,100.6796272205656
1727,86.35000000000001,sturn,192,stanley,1.2,300.6813049316406,-354.59588623046875,300.1363525390625,-354.78826904296875,21.636411666870117,0.014495407695269507,0.35,0.0,-0.02436595473162287,0.22440338134765525,241,-1,5.921009308253381,100.40614684614154
1728,86.4,sturn,192,stanley,1.2,300.95574951171875,-354.48492431640625,300.1363525390625,-354.78826904296875,21.780879974365234,0.010104733275334286,0.35,0.0,-0.023573488764516703,0.07993507385253895,241,-1,5.921082337172717,100.13283698929334
1729,86.45,sturn,192,stanley,1.2,301.23004150390625,-354.3734436035156,301.78936767578125,-354.11199951171875,21.833147048950195,0.03165527481087016,0.35,0.0,-0.025998895901402502,0.8060989379882817,242,-1,5.922215260020887,99.85940015430407
1730,86.5,sturn,192,stanley,1.2,301.5039367675781,-354.26116943359375,301.78936767578125,-354.11199951171875,21.996614456176758,0.027585191767901546,0.35,0.0,-0.027805661468110227,0.6426315307617171,242,-1,5.921496522658698,99.5858156720529
1731,86.55000000000001,sturn,192,stanley,1.2,301.77728271484375,-354.14739990234375,301.78936767578125,-354.11199951171875,22.123558044433594,0.024028221404328552,0.35,0.0,-0.028020841079509994,0.5156879425048816,242,-1,5.922384147036991,99.31169505505162
1732,86.60000000000001,sturn,192,stanley,1.2,302.05047607421875,-354.03314208984375,301.78936767578125,-354.11199951171875,22.316783905029297,0.018409975337966546,0.35,0.0,-0.027726627797452413,0.3224620819091792,242,-1,5.922333372728937,99.0374642785284
1733,86.65,sturn,192,stanley,1.2,302.3233947753906,-353.91815185546875,301.78936767578125,-354.11199951171875,22.421289443969727,0.015065222094758558,0.35,0.0,-0.026650704587807023,0.2179565429687507,242,-1,5.923680213546116,98.76303670277863
1734,86.7,sturn,192,stanley,1.2,302.59637451171875,-353.80328369140625,301.78936767578125,-354.11199951171875,22.571073532104492,0.010473997141423757,0.35,0.0,-0.025710939895226936,0.06817245483398211,242,-1,5.923708738227841,98.48877821986778
1735,86.75,sturn,192,stanley,1.2,302.86920166015625,-353.6879577636719,303.43304443359375,-353.413330078125,22.627065658569336,0.03184539410835484,0.35,0.0,-0.027918559716865132,0.7906112670898438,243,-1,5.924850195223307,98.2144304634909
1736,86.80000000000001,sturn,192,stanley,1.2,303.14166259765625,-353.57177734375,303.43304443359375,-353.413330078125,22.792932510375977,0.02766244394794846,0.35,0.0,-0.029592110109100747,0.624744415283204,243,-1,5.924099112736434,97.93986235931148
1737,86.85000000000001,sturn,192,stanley,1.2,303.4134826660156,-353.4541015625,303.43304443359375,-353.413330078125,22.9212589263916,0.024009979226437148,0.35,0.0,-0.029638767739858993,0.4964179992675792,243,-1,5.924983395670805,97.66481056986139
1738,86.9,sturn,192,stanley,1.2,303.6851501464844,-353.3360595703125,303.43304443359375,-353.413330078125,23.11510467529297,0.018355605591871375,0.35,0.0,-0.029288735315254735,0.30257225036621194,243,-1,5.92490690399483,97.38972993015885
1739,86.95,sturn,192,stanley,1.2,303.95654296875,-353.21722412109375,303.43304443359375,-353.413330078125,23.219711303710938,0.01497111170316419,0.35,0.0,-0.028101443596284525,0.19796562194824185,243,-1,5.926239504585341,97.11440207890085
1740,87.0,sturn,192,stanley,1.2,304.22802734375,-353.0985107421875,303.43304443359375,-353.413330078125,23.369232177734375,0.010354724880922074,0.35,0.0,-0.02706255340528574,0.04844474792480437,243,-1,5.926240709454135,96.83922051600557
1741,87.05000000000001,sturn,192,stanley,1.2,304.4993591308594,-352.9792785644531,305.06707763671875,-352.6924133300781,23.424728393554688,0.031642990051301424,0.35,0.0,-0.028977844159385785,0.7713775634765607,244,-1,5.927362049389807,96.5639010352868
1742,87.10000000000001,sturn,192,stanley,1.2,304.7702941894531,-352.8592529296875,305.06707763671875,-352.6924133300781,23.58976173400879,0.027447556636077456,0.35,0.0,-0.03054242992035726,0.6063442230224598,244,-1,5.92660445665697,96.2884180148959
1743,87.15,sturn,192,stanley,1.2,305.04058837890625,-352.7376403808594,305.06707763671875,-352.6924133300781,23.717018127441406,0.02376194672017914,0.35,0.0,-0.030396847940714768,0.4790878295898426,244,-1,5.927463625189575,96.01237344028755
1744,87.2,sturn,192,stanley,1.2,305.31072998046875,-352.61578369140625,305.06707763671875,-352.6924133300781,23.9095516204834,0.018118360881383962,0.35,0.0,-0.02996603375280263,0.28655433654785023,244,-1,5.927378665291323,95.73638249407563
1745,87.25,sturn,192,stanley,1.2,305.58056640625,-352.4931945800781,305.06707763671875,-352.6924133300781,24.012784957885742,0.014761107803143783,0.35,0.0,-0.028742062771881016,0.1833209991455061,244,-1,5.928685868889784,95.46020207991856
1746,87.30000000000001,sturn,192,stanley,1.2,305.8504943847656,-352.3707275390625,305.06707763671875,-352.6924133300781,24.160964965820312,0.010171192005955303,0.35,0.0,-0.027666961878274166,0.035140991210936626,244,-1,5.928676861477683,95.18416685603128
1747,87.35000000000001,sturn,192,stanley,1.2,306.1202697753906,-352.247802734375,306.691162109375,-351.9493408203125,24.215225219726562,0.031472184067882755,0.35,0.0,-0.0295148482120709,0.7593097686767579,245,-1,5.929773465912703,94.90803221130855
1748,87.4,sturn,192,stanley,1.2,306.3896484375,-352.1240234375,306.691162109375,-351.9493408203125,24.37912940979004,0.027297527376298314,0.35,0.0,-0.03104529204465023,0.5954055786132818,245,-1,5.929006225349829,94.63168248217504
1749,87.45,sturn,192,stanley,1.2,306.6583251953125,-351.99871826171875,306.691162109375,-351.9493408203125,24.505393981933594,0.02363911457646379,0.35,0.0,-0.030896178657546274,0.46914100646972506,245,-1,5.929846540338019,94.35484479523856
1750,87.5,sturn,192,stanley,1.2,306.9268798828125,-351.87310791015625,306.691162109375,-351.9493408203125,24.697084426879883,0.01800430942790001,0.35,0.0,-0.030418884821617878,0.27745056152343806,245,-1,5.929743271540437,94.07799162558346
1751,87.55000000000001,sturn,192,stanley,1.2,307.1950988769531,-351.7467956542969,306.691162109375,-351.9493408203125,24.79956817626953,0.014658264665137732,0.35,0.0,-0.02916358296805663,0.17496681213379037,245,-1,5.93102746624839,93.80098506950085
1752,87.60000000000001,sturn,192,stanley,1.2,307.46343994140625,-351.62054443359375,306.691162109375,-351.9493408203125,24.947067260742188,0.010063682402937455,0.35,0.0,-0.028015149178191978,0.02746772766113365,245,-1,5.931002233778915,93.52405742479417
1753,87.65,sturn,192,stanley,1.2,307.73162841796875,-351.493896484375,308.30499267578125,-351.1842956542969,25.000690460205078,0.031337943981359626,0.35,0.0,-0.02972784427053174,0.7522754669189432,246,-1,5.932074051990376,93.24706938892358
1754,87.7,sturn,192,stanley,1.2,307.9993896484375,-351.36639404296875,308.30499267578125,-351.1842956542969,25.163896560668945,0.0271735486220125,0.35,0.0,-0.031229568217992443,0.5890693664550758,246,-1,5.931297499119966,92.96987932832086
1755,87.75,sturn,192,stanley,1.2,308.2664489746094,-351.23736572265625,308.30499267578125,-351.1842956542969,25.289451599121094,0.023526040135369485,0.35,0.0,-0.031051998320043198,0.46351432800292813,246,-1,5.932112811789574,92.69218861518067
1756,87.80000000000001,sturn,192,stanley,1.2,308.53338623046875,-351.10809326171875,308.30499267578125,-351.1842956542969,25.480440139770508,0.017920254513971827,0.35,0.0,-0.030601498322046713,0.27252578735351457,246,-1,5.931991240904295,92.41452253414961
1757,87.85000000000001,sturn,192,stanley,1.2,308.79998779296875,-350.97802734375,308.30499267578125,-351.1842956542969,25.58234977722168,0.014572357320467608,0.35,0.0,-0.02929049477878204,0.17061614990234253,246,-1,5.933251246645816,92.13662971510253
1758,87.9,sturn,192,stanley,1.2,309.0666809082031,-350.8481140136719,308.30499267578125,-351.1842956542969,25.729310989379883,0.009998157659295898,0.35,0.0,-0.028156702368018205,0.023654937744138918,246,-1,5.933210380098707,91.85890203535328
1759,87.95,sturn,192,stanley,1.2,309.3331604003906,-350.7177734375,309.9083251953125,-350.3973693847656,25.78247833251953,0.031243343451650613,0.35,0.0,-0.029742935446837704,0.7489166259765623,247,-1,5.934261767034457,91.58112904087363
1760,88.0,sturn,192,stanley,1.2,309.59930419921875,-350.58660888671875,309.9083251953125,-350.3973693847656,25.945194244384766,0.02710271973393554,0.35,0.0,-0.03127463172130002,0.586200714111328,247,-1,5.933469599462588,91.3031051995354
1761,88.05000000000001,sturn,192,stanley,1.2,309.8646545410156,-350.45404052734375,309.9083251953125,-350.3973693847656,26.070302963256836,0.02350073503056028,0.35,0.0,-0.03119592702611724,0.4610919952392585,247,-1,5.934270418626459,91.02471982616477
1762,88.10000000000001,sturn,192,stanley,1.2,310.1299133300781,-350.321044921875,309.9083251953125,-350.3973693847656,26.260997772216797,0.017886416361801598,0.35,0.0,-0.030694074117525547,0.27039718627929676,247,-1,5.934137986878622,90.7462009886656
1763,88.15,sturn,192,stanley,1.2,310.39483642578125,-350.1873474121094,309.9083251953125,-350.3973693847656,26.36271095275879,0.014554642449745794,0.35,0.0,-0.029414284403387614,0.16868400573730288,247,-1,5.935381110587349,90.46751477691438
1764,88.2,sturn,192,stanley,1.2,310.6598205566406,-350.0537414550781,309.9083251953125,-350.3973693847656,26.509531021118164,0.009972451719260278,0.35,0.0,-0.028243669660203363,0.021863937377928147,247,-1,5.935322497408885,90.1889690774542
1765,88.25,sturn,192,stanley,1.2,310.9245910644531,-349.919677734375,311.50079345703125,-349.5887756347656,26.562570571899414,0.031163802617379704,0.35,0.0,-0.02965650052169866,0.7472553253173799,248,-1,5.936356154469641,89.910350556654
1766,88.30000000000001,sturn,192,stanley,1.2,311.18896484375,-349.7848815917969,311.50079345703125,-349.5887756347656,26.725025177001953,0.027027809989121927,0.35,0.0,-0.03118013254317556,0.5848007202148429,248,-1,5.935553886006858,89.63158214675471
1767,88.35000000000001,sturn,192,stanley,1.2,311.45263671875,-349.6485900878906,311.50079345703125,-349.5887756347656,26.849782943725586,0.02341988602450522,0.35,0.0,-0.03105304330431782,0.4600429534912084,248,-1,5.936337537085021,89.35231026868532
1768,88.4,sturn,192,stanley,1.2,311.7161560058594,-349.51202392578125,311.50079345703125,-349.5887756347656,27.040069580078125,0.017837405462582254,0.35,0.0,-0.030611902039798827,0.2697563171386713,248,-1,5.936187904505001,89.07305384589236
1769,88.45,sturn,192,stanley,1.2,311.9793395996094,-349.37469482421875,311.50079345703125,-349.5887756347656,27.141420364379883,0.014518399941672686,0.35,0.0,-0.029338842884624683,0.16840553283691298,248,-1,5.937410136093194,88.79357832391484
1770,88.5,sturn,192,stanley,1.2,312.2425842285156,-349.23748779296875,311.50079345703125,-349.5887756347656,27.287973403930664,0.009955246001642474,0.35,0.0,-0.02820225095773049,0.021852493286130866,248,-1,5.937339436752947,88.51426443235256
1771,88.55000000000001,sturn,192,stanley,1.2,312.5055847167969,-349.0998229980469,313.0821228027344,-348.758544921875,27.34084701538086,0.031156579229409898,0.35,0.0,-0.029631475901380044,0.7474079132080061,249,-1,5.9383561676048,88.23489319208237
1772,88.60000000000001,sturn,192,stanley,1.2,312.76824951171875,-348.9613952636719,313.0821228027344,-348.758544921875,27.503210067749023,0.02703064358858388,0.35,0.0,-0.03117802899972713,0.5850448608398441,249,-1,5.937536673573381,87.95530092899504
1773,88.65,sturn,192,stanley,1.2,313.03009033203125,-348.82147216796875,313.0821228027344,-348.758544921875,27.627971649169922,0.023411558850294018,0.35,0.0,-0.031017386516963657,0.46028327941894487,249,-1,5.938301616661664,87.67527523007875
1774,88.7,sturn,192,stanley,1.2,313.2917785644531,-348.6812744140625,313.0821228027344,-348.758544921875,27.818262100219727,0.017817916666946675,0.35,0.0,-0.030542591024479107,0.26999282836913996,249,-1,5.938132910145842,87.39526078630223
1775,88.75,sturn,192,stanley,1.2,313.5531311035156,-348.54034423828125,313.0821228027344,-348.758544921875,27.91958999633789,0.014497758996496895,0.35,0.0,-0.02926358096013193,0.1686649322509762,249,-1,5.939344002863851,87.1150424612546
1776,88.80000000000001,sturn,192,stanley,1.2,313.8145751953125,-348.39947509765625,313.0821228027344,-348.758544921875,28.066059112548828,0.009922115544221581,0.35,0.0,-0.02808152340837472,0.022195816040039736,249,-1,5.939255368700425,86.8349188134242
1777,88.85000000000001,sturn,192,stanley,1.2,314.0758056640625,-348.2582092285156,314.65203857421875,-347.906982421875,28.118824005126953,0.031088344248995117,0.35,0.0,-0.029395406491964038,0.7478618621826199,250,-1,5.940259269783619,86.55475707073508
1778,88.9,sturn,192,stanley,1.2,314.33660888671875,-348.1161193847656,314.65203857421875,-347.906982421875,28.28094482421875,0.026945275641911143,0.35,0.0,-0.030869707098309412,0.585741043090822,250,-1,5.939429647535774,86.27438326970073
1779,88.95,sturn,192,stanley,1.2,314.59661865234375,-347.97259521484375,314.65203857421875,-347.906982421875,28.40534210205078,0.023335255145483822,0.35,0.0,-0.030704843341309834,0.4613437652587923,250,-1,5.940182524855973,85.99358770528177
1780,89.0,sturn,192,stanley,1.2,314.8564758300781,-347.828857421875,314.65203857421875,-347.906982421875,28.595205307006836,0.01777015318734051,0.35,0.0,-0.030279234833115884,0.2714805603027355,250,-1,5.940001570507146,85.71284464758502
1781,89.05000000000001,sturn,192,stanley,1.2,315.1159973144531,-347.684326171875,314.65203857421875,-347.906982421875,28.696195602416992,0.014458660264792499,0.35,0.0,-0.028996696215160156,0.17049026489257882,250,-1,5.9411916850218685,85.43184528645507
1782,89.10000000000001,sturn,192,stanley,1.2,315.3755798339844,-347.5399475097656,314.65203857421875,-347.906982421875,28.842388153076172,0.009911760393494095,0.35,0.0,-0.027877251879351528,0.0242977142333983,250,-1,5.9410905706138,85.15102780840091
1783,89.15,sturn,192,stanley,1.2,315.63494873046875,-347.3951110839844,316.210205078125,-347.03411865234375,28.894990921020508,0.031086658525830937,0.35,0.0,-0.029203616227408302,0.7501258850097616,251,-1,5.942074290930991,84.87012187065122
1784,89.2,sturn,192,stanley,1.2,315.8938903808594,-347.24951171875,316.210205078125,-347.03411865234375,29.057037353515625,0.02696668696869924,0.35,0.0,-0.030741748881622677,0.588079452514646,251,-1,5.941229846868612,84.58904145537862
1785,89.25,sturn,192,stanley,1.2,316.1520690917969,-347.10247802734375,316.210205078125,-347.03411865234375,29.181493759155273,0.023381158411732633,0.35,0.0,-0.030655930482832824,0.46362304687499917,251,-1,5.941966793925875,84.30750651045803
1786,89.30000000000001,sturn,192,stanley,1.2,316.4100646972656,-346.9552001953125,316.210205078125,-347.03411865234375,29.371553421020508,0.017822757100178176,0.35,0.0,-0.030267359276123437,0.2735633850097642,251,-1,5.941769445820959,84.02601786687678
1787,89.35000000000001,sturn,192,stanley,1.2,316.6676330566406,-346.8070983886719,316.210205078125,-347.03411865234375,29.472837448120117,0.014491956133877232,0.35,0.0,-0.028951339838736212,0.17227935791015248,251,-1,5.9429454070626235,83.74430350422197
1788,89.4,sturn,192,stanley,1.2,316.92529296875,-346.6591796875,316.210205078125,-347.03411865234375,29.619304656982422,0.009939935437447953,0.35,0.0,-0.02783974280823648,0.02581214904784994,251,-1,5.942828888079087,83.46277247651781
1789,89.45,sturn,192,stanley,1.2,317.18280029296875,-346.51080322265625,317.75640869140625,-346.1402282714844,29.672163009643555,0.031079028715262698,0.35,0.0,-0.029080361509173036,0.7513828277587935,252,-1,5.943803198500164,83.18110737218993
1790,89.5,sturn,192,stanley,1.2,317.4398193359375,-346.36163330078125,317.75640869140625,-346.1402282714844,29.834333419799805,0.026949828049388457,0.35,0.0,-0.030601700175271113,0.5892124176025386,252,-1,5.942947903475595,82.89927760990953
1791,89.55000000000001,sturn,192,stanley,1.2,317.6960144042969,-346.2110900878906,317.75640869140625,-346.1402282714844,29.958826065063477,0.02336519312035198,0.35,0.0,-0.030521591255016616,0.46471977233886913,252,-1,5.943668682416813,82.61706699732859
1792,89.60000000000001,sturn,192,stanley,1.2,317.9520568847656,-346.06024169921875,317.75640869140625,-346.1402282714844,30.148853302001953,0.017797202811427833,0.35,0.0,-0.030101058833994734,0.2746925354003953,252,-1,5.943463637588011,82.33483250687563
1793,89.65,sturn,192,stanley,1.2,318.20770263671875,-345.9085998535156,317.75640869140625,-346.1402282714844,30.25006866455078,0.014471954913851231,0.35,0.0,-0.028795425310977674,0.17347717285156086,252,-1,5.944624922853772,82.05236715561851
1794,89.7,sturn,192,stanley,1.2,318.46343994140625,-345.75714111328125,317.75640869140625,-346.1402282714844,30.396440505981445,0.009926152573411917,0.35,0.0,-0.02769404588842106,0.027105331420898097,252,-1,5.944498918289491,81.77008436500148
1795,89.75,sturn,192,stanley,1.2,318.71893310546875,-345.6052551269531,319.2903137207031,-345.225341796875,30.449195861816406,0.031073199018575595,0.35,0.0,-0.028950063864359166,0.7527790069580045,253,-1,5.945455308216862,81.48774572878503
1796,89.80000000000001,sturn,192,stanley,1.2,318.9739990234375,-345.4526062011719,319.2903137207031,-345.225341796875,30.6113224029541,0.02696149002780118,0.35,0.0,-0.030520908696944432,0.5906524658203143,253,-1,5.944584778183377,81.20521727000515
1797,89.85000000000001,sturn,192,stanley,1.2,319.22821044921875,-345.2985534667969,319.2903137207031,-345.225341796875,30.735843658447266,0.023378557105093144,0.35,0.0,-0.030448335671650763,0.4661312103271453,253,-1,5.945294708896286,80.92229252161046
1798,89.9,sturn,192,stanley,1.2,319.4822082519531,-345.1441650390625,319.2903137207031,-345.225341796875,30.925954818725586,0.0177917637354587,0.35,0.0,-0.02997795973224618,0.2760200500488289,253,-1,5.945073518912639,80.63935647385559
1799,89.95,sturn,192,stanley,1.2,319.73583984375,-344.9891357421875,319.2903137207031,-345.225341796875,31.02722930908203,0.014497134304301943,0.35,0.0,-0.028769700724256442,0.1747455596923837,253,-1,5.946225961949174,80.35627740695948
1800,90.0,sturn,192,stanley,1.2,319.9895324707031,-344.83416748046875,319.2903137207031,-345.225341796875,31.17369270324707,0.009941220374397021,0.35,0.0,-0.027645267576621002,0.028282165527342692,253,-1,5.9460852451696535,80.0733075854671
1801,90.05000000000001,sturn,192,stanley,1.2,320.2430419921875,-344.67877197265625,320.8116455078125,-344.28973388671875,31.226585388183594,0.031065538391177143,0.35,0.0,-0.02884445798251134,0.7538204193115252,254,-1,5.947029979421705,79.79023683691075
1802,90.10000000000001,sturn,192,stanley,1.2,320.4960632324219,-344.5226135253906,320.8116455078125,-344.28973388671875,31.38878059387207,0.02694461824912084,0.35,0.0,-0.03039373311063512,0.5916252136230513,254,-1,5.946147868902442,79.50700830887672
1803,90.15,sturn,192,stanley,1.2,320.74822998046875,-344.3650817871094,320.8116455078125,-344.28973388671875,31.513282775878906,0.02336372455728342,0.35,0.0,-0.030325578576480404,0.4671230316162153,254,-1,5.9468442490873805,79.22339391105145
1804,90.2,sturn,192,stanley,1.2,321.00018310546875,-344.20721435546875,320.8116455078125,-344.28973388671875,31.703350067138672,0.017779678245012667,0.35,0.0,-0.02985953810251013,0.27705574035644465,254,-1,5.9466093304109116,78.93976351356663
1805,90.25,sturn,192,stanley,1.2,321.2517395019531,-344.0486755371094,320.8116455078125,-344.28973388671875,31.804576873779297,0.014474190132943453,0.35,0.0,-0.02861388874985693,0.17582893371581929,254,-1,5.9477515275032395,78.65597978739048
1806,90.30000000000001,sturn,192,stanley,1.2,321.5033874511719,-343.8902282714844,320.8116455078125,-344.28973388671875,31.950973510742188,0.009921923754515404,0.35,0.0,-0.02749438610909699,0.029432296752931204,254,-1,5.947599052191411,78.37230721838083
1807,90.35000000000001,sturn,192,stanley,1.2,321.75482177734375,-343.7313537597656,322.3200988769531,-343.33355712890625,32.003753662109375,0.03103675298891005,0.35,0.0,-0.028655514069884314,0.7550811767578123,255,-1,5.948536453089581,78.08854850958146
1808,90.4,sturn,192,stanley,1.2,322.0057373046875,-343.57177734375,322.3200988769531,-343.33355712890625,32.16581726074219,0.026927890825335605,0.35,0.0,-0.030230268886724615,0.5930175781250008,255,-1,5.947641314202995,77.80469031348402
1809,90.45,sturn,192,stanley,1.2,322.25579833984375,-343.410888671875,322.3200988769531,-343.33355712890625,32.290252685546875,0.023374365531666042,0.35,0.0,-0.030239105538598647,0.46858215332031133,255,-1,5.948323842967901,77.52048036105906
1810,90.5,sturn,192,stanley,1.2,322.5056457519531,-343.24957275390625,322.3200988769531,-343.33355712890625,32.48030471801758,0.017790802657584332,0.35,0.0,-0.02977305488386517,0.27853012084960577,255,-1,5.948080515529314,77.23617974133333
1811,90.55000000000001,sturn,192,stanley,1.2,322.7550964355469,-343.08758544921875,322.3200988769531,-343.33355712890625,32.58158874511719,0.014483916348002421,0.35,0.0,-0.028527726370937367,0.17724609375000042,255,-1,5.949208393384904,76.95171865778136
1812,90.60000000000001,sturn,192,stanley,1.2,323.0046691894531,-342.92572021484375,322.3200988769531,-343.33355712890625,32.728065490722656,0.009943632480979757,0.35,0.0,-0.027451106321994267,0.030769348144531364,255,-1,5.949041504943829,76.66737130144604
1813,90.65,sturn,192,stanley,1.2,323.25396728515625,-342.7634582519531,323.8154602050781,-342.3569641113281,32.78096008300781,0.031054613716749297,0.35,0.0,-0.02861052360545019,0.7563056945800768,256,-1,5.94996505616964,76.38299534277488
1814,90.7,sturn,192,stanley,1.2,323.50274658203125,-342.6004638671875,323.8154602050781,-342.3569641113281,32.94316482543945,0.0269450694698712,0.35,0.0,-0.030195754487100546,0.5941009521484363,256,-1,5.949058460243707,76.09848860007075
1815,90.75,sturn,192,stanley,1.2,323.75067138671875,-342.4360046386719,323.8154602050781,-342.3569641113281,33.06774139404297,0.023349007199926552,0.35,0.0,-0.03008790985879392,0.4695243835449244,256,-1,5.949730331332646,75.813500448234
1816,90.80000000000001,sturn,192,stanley,1.2,323.9983825683594,-342.2713317871094,323.8154602050781,-342.3569641113281,33.2578010559082,0.01778578855480676,0.35,0.0,-0.029683982427841107,0.27946472167968944,256,-1,5.949476838909351,75.52858077645531
1817,90.85000000000001,sturn,192,stanley,1.2,324.24566650390625,-342.1059265136719,323.8154602050781,-342.3569641113281,33.35909652709961,0.014477002925020596,0.35,0.0,-0.02843351724190979,0.17816925048828045,256,-1,5.950591729723582,75.24346605231216
1818,90.9,sturn,192,stanley,1.2,324.4930419921875,-341.9406433105469,323.8154602050781,-342.3569641113281,33.50553894042969,0.00993069261446333,0.35,0.0,-0.0273353819006526,0.03172683715820323,256,-1,5.950415781214598,74.95848349550715
1819,90.95,sturn,192,stanley,1.2,324.7402038574219,-341.77490234375,325.2973937988281,-341.36016845703125,33.55840301513672,0.031021020372694483,0.35,0.0,-0.028429779497113172,0.7572937011718726,257,-1,5.951328307377013,74.67338106115707
1820,91.0,sturn,192,stanley,1.2,324.9868469238281,-341.6085205078125,325.2973937988281,-341.36016845703125,33.72049331665039,0.02692727610575536,0.35,0.0,-0.030053327425152626,0.5952033996581986,257,-1,5.9504154490121195,74.3882105192775
1821,91.05000000000001,sturn,192,stanley,1.2,325.2325744628906,-341.4407653808594,325.2973937988281,-341.36016845703125,33.8449592590332,0.023361140440057167,0.35,0.0,-0.03002648335593379,0.47073745727538524,257,-1,5.951078318985888,74.10265521019673
1822,91.10000000000001,sturn,192,stanley,1.2,325.47808837890625,-341.2726745605469,325.2973937988281,-341.36016845703125,34.035030364990234,0.01779084380004552,0.35,0.0,-0.029601944917241815,0.2806663513183594,257,-1,5.950810513152574,73.8170698307478
1823,91.15,sturn,192,stanley,1.2,325.7231750488281,-341.10394287109375,325.2973937988281,-341.36016845703125,34.1363525390625,0.014499805905012063,0.35,0.0,-0.02840722354649597,0.1793441772460879,257,-1,5.951916018751582,73.53135275889308
1824,91.2,sturn,192,stanley,1.2,325.9683532714844,-340.935302734375,325.2973937988281,-341.36016845703125,34.282894134521484,0.00996087484281434,0.35,0.0,-0.027339732665137395,0.032802581787109424,257,-1,5.951727809681743,73.245743154456
1825,91.25,sturn,192,stanley,1.2,326.2132873535156,-340.7662353515625,326.7656555175781,-340.34326171875,34.33591842651367,0.031072301232939994,0.35,0.0,-0.028512454187736902,0.7582054138183617,258,-1,5.952629128766218,72.96005142714752
1826,91.30000000000001,sturn,192,stanley,1.2,326.45770263671875,-340.596435546875,326.7656555175781,-340.34326171875,34.498252868652344,0.026959724966951218,0.35,0.0,-0.030100341698884425,0.5958709716796896,258,-1,5.9517002180000835,72.67421288330007
1827,91.35000000000001,sturn,192,stanley,1.2,326.7011413574219,-340.42535400390625,326.7656555175781,-340.34326171875,34.62297821044922,0.023387695454443986,0.35,0.0,-0.030078053194778014,0.47114562988281306,258,-1,5.952354987193715,72.38808621066534
1828,91.4,sturn,192,stanley,1.2,326.94439697265625,-340.2539367675781,326.7656555175781,-340.34326171875,34.81326675415039,0.017818595759390897,0.35,0.0,-0.02967582622700536,0.28085708618164523,258,-1,5.952077828589996,72.10190556836773
1829,91.45,sturn,192,stanley,1.2,327.1872253417969,-340.081787109375,326.7656555175781,-340.34326171875,34.914794921875,0.014504475360370183,0.35,0.0,-0.028428692423108082,0.17932891845703547,258,-1,5.953172402339003,71.81551478187696
1830,91.5,sturn,192,stanley,1.2,327.43011474609375,-339.9097900390625,326.7656555175781,-340.34326171875,35.06148147583008,0.009954989287457288,0.35,0.0,-0.02734149777037681,0.032642364501953854,258,-1,5.95297492576895,71.52929679740639
1831,91.55000000000001,sturn,192,stanley,1.2,327.6726989746094,-339.7374267578125,328.2200012207031,-339.30657958984375,35.114559173583984,0.03103206897786321,0.35,0.0,-0.028414613965397295,0.7579956054687491,259,-1,5.953867644382216,71.24307716026223
1832,91.60000000000001,sturn,192,stanley,1.2,327.9148864746094,-339.5642395019531,328.2200012207031,-339.30657958984375,35.27681350708008,0.026919258026868387,0.35,0.0,-0.029995162588269286,0.595741271972658,259,-1,5.952931069961106,70.9565548903178
1833,91.65,sturn,192,stanley,1.2,328.156005859375,-339.38983154296875,328.2200012207031,-339.30657958984375,35.40138244628906,0.023347679614867826,0.35,0.0,-0.029960649366299635,0.47117233276366915,259,-1,5.95357972576534,70.66983651908741
1834,91.7,sturn,192,stanley,1.2,328.39697265625,-339.2151184082031,328.2200012207031,-339.30657958984375,35.59146499633789,0.017794738484357447,0.35,0.0,-0.029589431261106774,0.28108978271483964,259,-1,5.953292784056809,70.38306447224679
1835,91.75,sturn,192,stanley,1.2,328.6374816894531,-339.0396728515625,328.2200012207031,-339.30657958984375,35.69284439086914,0.01448965584590804,0.35,0.0,-0.028356472973788432,0.17971038818359453,259,-1,5.954374170545512,70.09609377300242
1836,91.80000000000001,sturn,192,stanley,1.2,328.8780517578125,-338.8643798828125,328.2200012207031,-339.30657958984375,35.839385986328125,0.009948897786236538,0.35,0.0,-0.027282925717683426,0.03316879272460967,259,-1,5.954168463756097,69.8092947039407
1837,91.85000000000001,sturn,192,stanley,1.2,329.11834716796875,-338.68865966796875,329.66009521484375,-338.25018310546875,35.89242172241211,0.03103951290406838,0.35,0.0,-0.02839326268943332,0.7585678100585941,260,-1,5.955050250121881,69.52242185207999
1838,91.9,sturn,192,stanley,1.2,329.3581848144531,-338.51226806640625,329.66009521484375,-338.25018310546875,36.054656982421875,0.02695067977071118,0.35,0.0,-0.030045119670650267,0.5963325500488297,260,-1,5.9541062434817125,69.2353962320057
1839,91.95,sturn,192,stanley,1.2,329.59698486328125,-338.33453369140625,329.66009521484375,-338.25018310546875,36.17933654785156,0.023372564519323943,0.35,0.0,-0.03000030497023915,0.47165298461914223,260,-1,5.954742093162307,68.94804677288822
1840,92.0,sturn,192,stanley,1.2,329.8355712890625,-338.1564636230469,329.66009521484375,-338.25018310546875,36.36958312988281,0.0177917405634598,0.35,0.0,-0.029558648052591258,0.2814064025878956,260,-1,5.954444776823555,68.6606530207868
1841,92.05000000000001,sturn,192,stanley,1.2,330.07373046875,-337.9777526855469,329.66009521484375,-338.25018310546875,36.47105407714844,0.014491419354927967,0.35,0.0,-0.028347790543116064,0.17993545532226587,260,-1,5.955522114300609,68.37310607787563
1842,92.10000000000001,sturn,192,stanley,1.2,330.31195068359375,-337.7991638183594,329.66009521484375,-338.25018310546875,36.61765670776367,0.009948031272053938,0.35,0.0,-0.027271302675119624,0.03333282470703312,260,-1,5.955305970016658,68.08570555354993
1843,92.15,sturn,192,stanley,1.2,330.5498352050781,-337.6201171875,331.0857238769531,-337.1743469238281,36.67070388793945,0.031005515035356635,0.35,0.0,-0.02828300021611474,0.7587127685546908,261,-1,5.956178853301376,67.79823923982987
1844,92.2,sturn,192,stanley,1.2,330.7872619628906,-337.4404296875,331.0857238769531,-337.1743469238281,36.832889556884766,0.026905436683043866,0.35,0.0,-0.029896770961372415,0.5965270996093771,261,-1,5.955228667989045,67.5106366794003
1845,92.25,sturn,192,stanley,1.2,331.0237121582031,-337.2593994140625,331.0857238769531,-337.1743469238281,36.9574089050293,0.023331507636285578,0.35,0.0,-0.029850703026057808,0.4720077514648452,261,-1,5.955856347880508,67.22265944294409
1846,92.30000000000001,sturn,192,stanley,1.2,331.2599182128906,-337.078125,331.0857238769531,-337.1743469238281,37.14744186401367,0.017774417623947845,0.35,0.0,-0.029462377692187194,0.2819747924804727,261,-1,5.955549719000633,66.93472431311687
1847,92.35000000000001,sturn,192,stanley,1.2,331.49566650390625,-336.8961181640625,331.0857238769531,-337.1743469238281,37.2487678527832,0.014466034449103488,0.35,0.0,-0.028214212921262943,0.1806488037109397,261,-1,5.956614841323761,66.64657510572486
1848,92.4,sturn,192,stanley,1.2,331.73150634765625,-336.7142639160156,331.0857238769531,-337.1743469238281,37.395225524902344,0.009928553344764564,0.35,0.0,-0.02714286285585521,0.03419113159179734,261,-1,5.9563936414591625,66.35857648243581
1849,92.45,sturn,192,stanley,1.2,331.9670715332031,-336.5318603515625,332.49658203125,-336.0792236328125,37.448150634765625,0.030990930622367043,0.35,0.0,-0.028158614617758482,0.7596969604492188,262,-1,5.957257489280999,66.0703964269233
1850,92.5,sturn,192,stanley,1.2,332.20208740234375,-336.3489074707031,332.49658203125,-336.0792236328125,37.610225677490234,0.02688997931831328,0.35,0.0,-0.0297604110536836,0.5976219177246099,262,-1,5.956295971679344,65.78220119316697
1851,92.55000000000001,sturn,192,stanley,1.2,332.43609619140625,-336.16473388671875,332.49658203125,-336.0792236328125,37.73466873168945,0.023339944319094346,0.35,0.0,-0.029780117760961733,0.4731788635253911,262,-1,5.956913621492201,65.49373377697454
1852,92.60000000000001,sturn,192,stanley,1.2,332.6698303222656,-335.9801940917969,332.49658203125,-336.0792236328125,37.9246940612793,0.017766748856659603,0.35,0.0,-0.02934218559966327,0.28315353393554804,262,-1,5.956598082212569,65.20522550147311
1853,92.65,sturn,192,stanley,1.2,332.9031677246094,-335.79498291015625,332.49658203125,-336.0792236328125,38.02602005004883,0.014470751004139675,0.35,0.0,-0.02813131348493139,0.18182754516601507,262,-1,5.957657321069944,64.91650698686709
1854,92.7,sturn,192,stanley,1.2,333.1365051269531,-335.6099548339844,332.49658203125,-336.0792236328125,38.17247772216797,0.009934782051633905,0.35,0.0,-0.02706432055440028,0.035369873046872696,262,-1,5.957426217657195,64.62801775286269
1855,92.75,sturn,192,stanley,1.2,333.3695983886719,-335.42449951171875,333.89239501953125,-334.96502685546875,38.2254638671875,0.031047204569189017,0.35,0.0,-0.028237286658297056,0.7608146667480462,263,-1,5.958282676063786,64.33942003306304
1856,92.80000000000001,sturn,192,stanley,1.2,333.6021423339844,-335.23834228515625,333.89239501953125,-334.96502685546875,38.387725830078125,0.02694090662400482,0.35,0.0,-0.02983926031771722,0.5985527038574258,263,-1,5.957307337097349,64.05067815715344
1857,92.85000000000001,sturn,192,stanley,1.2,333.83367919921875,-335.0509033203125,333.89239501953125,-334.96502685546875,38.51246643066406,0.023366679837168083,0.35,0.0,-0.029811354524530362,0.473812103271484,263,-1,5.957918285048287,63.76160268452982
1858,92.9,sturn,192,stanley,1.2,334.06494140625,-334.8631591796875,333.89239501953125,-334.96502685546875,38.70273971557617,0.0177864434205119,0.35,0.0,-0.02937343973342961,0.283538818359375,263,-1,5.957594735134084,63.47252988771183
1859,92.95,sturn,192,stanley,1.2,334.2957763671875,-334.67474365234375,333.89239501953125,-334.96502685546875,38.804256439208984,0.014479238778336335,0.35,0.0,-0.02814486313943121,0.18202209472656247,263,-1,5.958645118396837,63.183258081433344
1860,93.0,sturn,192,stanley,1.2,334.52667236328125,-334.4864807128906,333.89239501953125,-334.96502685546875,38.950870513916016,0.009937364576277747,0.35,0.0,-0.02707329190968588,0.035408020019532416,263,-1,5.958404414528302,62.89415308855111
1861,93.05000000000001,sturn,192,stanley,1.2,334.75726318359375,-334.2978820800781,335.27301025390625,-333.83203125,39.00390625,0.031032496513155663,0.35,0.0,-0.028198583773359598,0.7607994079589874,264,-1,5.95925206377684,62.6050442624668
1862,93.10000000000001,sturn,192,stanley,1.2,334.9873046875,-334.10858154296875,335.27301025390625,-333.83203125,39.16618347167969,0.026935512820285206,0.35,0.0,-0.02983038428131557,0.5985221862792954,264,-1,5.958273563735583,62.31578329117378
1863,93.15,sturn,192,stanley,1.2,335.21624755859375,-333.91802978515625,335.27301025390625,-333.83203125,39.2909049987793,0.023360267907251694,0.35,0.0,-0.029797673911220596,0.4738006591796867,264,-1,5.958873207130223,62.02625497113251
1864,93.2,sturn,192,stanley,1.2,335.44500732421875,-333.7271423339844,335.27301025390625,-333.83203125,39.481163024902344,0.017790405170357702,0.35,0.0,-0.029389802639097046,0.28354263305664285,264,-1,5.958543178413881,61.73664531382198
1865,93.25,sturn,192,stanley,1.2,335.6732482910156,-333.5356140136719,335.27301025390625,-333.83203125,39.582698822021484,0.014481487868013296,0.35,0.0,-0.02815746698843488,0.18200683593750366,264,-1,5.959588892061539,61.44690843824482
1866,93.30000000000001,sturn,192,stanley,1.2,335.9015808105469,-333.3442077636719,335.27301025390625,-333.83203125,39.72932815551758,0.009936487658737095,0.35,0.0,-0.027077524516739837,0.03537750244140846,264,-1,5.95933927407503,61.15729442473128
1867,93.35000000000001,sturn,192,stanley,1.2,336.129638671875,-333.15240478515625,336.6380920410156,-332.6802978515625,39.78240203857422,0.03104843227922489,0.35,0.0,-0.028256948908781165,0.7607345581054716,265,-1,5.960180175206098,60.86760408426537
1868,93.4,sturn,192,stanley,1.2,336.35711669921875,-332.9599914550781,336.6380920410156,-332.6802978515625,39.94474411010742,0.026954616681890493,0.35,0.0,-0.029904175674188183,0.5983924865722702,265,-1,5.959191336193249,60.577845370659126
1869,93.45,sturn,192,stanley,1.2,336.58349609375,-332.7663269042969,336.6380920410156,-332.6802978515625,40.06957244873047,0.02338126751463041,0.35,0.0,-0.029886445119958853,0.4735641479492244,265,-1,5.959784557375514,60.287806060433645
1870,93.5,sturn,192,stanley,1.2,336.80963134765625,-332.572265625,336.6380920410156,-332.6802978515625,40.25998306274414,0.017783989882883613,0.35,0.0,-0.029408537527229828,0.28315353393554804,265,-1,5.959449540317626,59.997667619274345
1871,93.55000000000001,sturn,192,stanley,1.2,337.0352783203125,-332.37762451171875,336.6380920410156,-332.6802978515625,40.36159896850586,0.014471681836327912,0.35,0.0,-0.028172611598946296,0.18153762817382788,265,-1,5.960482359424957,59.70742552951991
1872,93.60000000000001,sturn,192,stanley,1.2,337.26104736328125,-332.1830749511719,336.6380920410156,-332.6802978515625,40.50822830200195,0.00992441441089444,0.35,0.0,-0.02708560631919016,0.034908294677739045,265,-1,5.96022801852688,59.41726246330893
1873,93.65,sturn,192,stanley,1.2,337.4864501953125,-331.98822021484375,337.98736572265625,-331.51019287109375,40.56126403808594,0.031035509468918143,0.35,0.0,-0.028259295108118143,0.7603034973144491,266,-1,5.961063448523601,59.127145644456256
1874,93.7,sturn,192,stanley,1.2,337.71136474609375,-331.792724609375,337.98736572265625,-331.51019287109375,40.72353744506836,0.026956796914877023,0.35,0.0,-0.0299466106336988,0.5980300903320315,266,-1,5.9600689857220654,58.83687418688119
1875,93.75,sturn,192,stanley,1.2,337.9351501464844,-331.5959167480469,337.98736572265625,-331.51019287109375,40.848365783691406,0.023374878865470877,0.35,0.0,-0.029902841080285972,0.4732017517089857,266,-1,5.960654588078222,58.54627734393627
1876,93.80000000000001,sturn,192,stanley,1.2,338.15869140625,-331.39886474609375,337.98736572265625,-331.51019287109375,41.03876495361328,0.01780749225873858,0.35,0.0,-0.02951451584940558,0.2828025817871066,266,-1,5.960309139205376,58.255700028879374
1877,93.85000000000001,sturn,192,stanley,1.2,338.38177490234375,-331.201171875,337.98736572265625,-331.51019287109375,41.14043045043945,0.014514926593580314,0.35,0.0,-0.028342633652567367,0.1811370849609358,266,-1,5.961340354068441,57.96494465983267
1878,93.9,sturn,192,stanley,1.2,338.6048889160156,-331.00360107421875,337.98736572265625,-331.51019287109375,41.2872428894043,0.009971374360011312,0.35,0.0,-0.027282578450765704,0.03432464599609046,266,-1,5.96107812684154,57.67434545894243
1879,93.95,sturn,192,stanley,1.2,338.8277587890625,-330.8055725097656,339.3206481933594,-330.3218078613281,41.340538024902344,0.031087847741057315,0.35,0.0,-0.02849556933445363,0.7594566345214823,267,-1,5.961905096325229,57.38359197909372
1880,94.0,sturn,192,stanley,1.2,339.04998779296875,-330.60693359375,339.3206481933594,-330.3218078613281,41.50312423706055,0.026972342133467067,0.35,0.0,-0.030098504514233904,0.5968704223632764,267,-1,5.960900322615004,57.09278992651399
1881,94.05000000000001,sturn,192,stanley,1.2,339.2710876464844,-330.4071044921875,339.3206481933594,-330.3218078613281,41.62818145751953,0.023386065250277317,0.35,0.0,-0.030061338296988163,0.47181320190429776,267,-1,5.9614814548735895,56.80174810566373
1882,94.10000000000001,sturn,192,stanley,1.2,339.4919738769531,-330.20697021484375,339.3206481933594,-330.3218078613281,41.818729400634766,0.0178083661573001,0.35,0.0,-0.02965452044145947,0.2812652587890604,267,-1,5.961129093143038,56.51065385306517
1883,94.15,sturn,192,stanley,1.2,339.7123107910156,-330.0062561035156,339.3206481933594,-330.3218078613281,41.92048645019531,0.014502223439335778,0.35,0.0,-0.0284492034385235,0.17950820922851135,267,-1,5.962154682688734,56.21947696645592
1884,94.2,sturn,192,stanley,1.2,339.9327697753906,-329.8055419921875,339.3206481933594,-330.3218078613281,42.06731033325195,0.00993750826471141,0.35,0.0,-0.02732572561402974,0.0326843261718751,267,-1,5.961884676331375,55.928302066780006
1885,94.25,sturn,192,stanley,1.2,340.1529235839844,-329.60443115234375,340.6376647949219,-329.115478515625,42.12049865722656,0.03103259326202071,0.35,0.0,-0.028464359193250577,0.7579269409179717,268,-1,5.962709771641974,55.6370524779956
1886,94.30000000000001,sturn,192,stanley,1.2,340.3724670410156,-329.4027404785156,340.6376647949219,-329.115478515625,42.28285598754883,0.026918802494620548,0.35,0.0,-0.030052845635600622,0.5955696105957052,268,-1,5.961699238563174,55.345753433602674
1887,94.35000000000001,sturn,192,stanley,1.2,340.5908203125,-329.19989013671875,340.6376647949219,-329.115478515625,42.40761947631836,0.02332972203613725,0.35,0.0,-0.029981672567212833,0.47080612182617526,268,-1,5.9622775038243505,55.05426145931317
1888,94.4,sturn,192,stanley,1.2,340.8089904785156,-328.99676513671875,340.6376647949219,-329.115478515625,42.59784698486328,0.017764431793847506,0.35,0.0,-0.02958463699788154,0.280578613281249,268,-1,5.9619163907114405,54.76271988221421
1889,94.45,sturn,192,stanley,1.2,341.0265808105469,-328.7929992675781,340.6376647949219,-329.115478515625,42.69930648803711,0.014448449344048651,0.35,0.0,-0.028323427927942763,0.1791191101074229,268,-1,5.962932641351422,54.47105556153152
1890,94.5,sturn,192,stanley,1.2,341.24432373046875,-328.58935546875,340.6376647949219,-329.115478515625,42.8458137512207,0.009911132071184776,0.35,0.0,-0.027255499546568307,0.032611846923829894,268,-1,5.962659350127011,54.17947432388229
1891,94.55000000000001,sturn,192,stanley,1.2,341.4617614746094,-328.38531494140625,341.93817138671875,-327.8913269042969,42.898765563964844,0.031051188062718824,0.35,0.0,-0.028510225900023112,0.7580909729003952,269,-1,5.963473081543451,53.88781303868797
1892,94.60000000000001,sturn,192,stanley,1.2,341.6785583496094,-328.1806640625,341.93817138671875,-327.8913269042969,43.06104278564453,0.026943684737416967,0.35,0.0,-0.03011102322068346,0.5958137512207032,269,-1,5.9624579415136365,53.59608682064365
1893,94.65,sturn,192,stanley,1.2,341.8941650390625,-327.97479248046875,341.93817138671875,-327.8913269042969,43.1859016418457,0.023341083138549403,0.35,0.0,-0.030007027388397313,0.4709548950195335,269,-1,5.963027272854478,53.30410409172465
1894,94.7,sturn,192,stanley,1.2,342.1096496582031,-327.7686767578125,341.93817138671875,-327.8913269042969,43.37620162963867,0.01778433427690763,0.35,0.0,-0.029642129191763844,0.2806549072265621,269,-1,5.962661286266325,53.01205787500326
1895,94.75,sturn,192,stanley,1.2,342.32452392578125,-327.56195068359375,341.93817138671875,-327.8913269042969,43.477779388427734,0.014476024276853005,0.35,0.0,-0.028414300699414807,0.17907714843750167,269,-1,5.963673145940308,52.71992350534721
1896,94.80000000000001,sturn,192,stanley,1.2,342.5395202636719,-327.3553466796875,341.93817138671875,-327.8913269042969,43.624420166015625,0.009939130741531363,0.35,0.0,-0.02735905826620877,0.032436370849609174,269,-1,5.9633901862229095,52.4278886975599
1897,94.85000000000001,sturn,192,stanley,1.2,342.75421142578125,-327.1483459472656,343.221923828125,-326.6496276855469,43.67755126953125,0.031088784618401307,0.35,0.0,-0.028658634480498768,0.757736206054686,270,-1,5.964201461851795,52.13576841836916
1898,94.9,sturn,192,stanley,1.2,342.9682312011719,-326.9407653808594,343.221923828125,-326.6496276855469,43.840030670166016,0.02698006422661522,0.35,0.0,-0.030273405712395424,0.5952568054199171,270,-1,5.963178577541832,51.84361748610355
1899,94.95,sturn,192,stanley,1.2,343.18109130859375,-326.73199462890625,343.221923828125,-326.6496276855469,43.96510314941406,0.023390156962128598,0.35,0.0,-0.030226447610839074,0.47018432617187333,270,-1,5.963741113780944,51.55120448791431
1900,95.0,sturn,192,stanley,1.2,343.3937072753906,-326.5229187011719,343.221923828125,-326.6496276855469,44.15570068359375,0.01780158212949867,0.35,0.0,-0.02979065765352705,0.2795867919921853,270,-1,5.963369902556275,51.25874242240124
1901,95.05000000000001,sturn,192,stanley,1.2,343.60577392578125,-326.3132629394531,343.221923828125,-326.6496276855469,44.25748062133789,0.014485380248166816,0.35,0.0,-0.028556263895453265,0.17780685424804807,270,-1,5.964377550916622,50.96617504355607
1902,95.10000000000001,sturn,192,stanley,1.2,343.81793212890625,-326.10369873046875,343.221923828125,-326.6496276855469,44.40426254272461,0.009928141531472976,0.35,0.0,-0.02745133896728319,0.03102493286132669,270,-1,5.964089367449289,50.673697974891944
1903,95.15,sturn,192,stanley,1.2,344.0296936035156,-325.8937683105469,344.4886474609375,-325.3905944824219,44.45743942260742,0.03106957717742952,0.35,0.0,-0.02873039382850706,0.7562751770019528,271,-1,5.9648938010022245,50.38120636777992
1904,95.2,sturn,192,stanley,1.2,344.2408447265625,-325.6832580566406,344.4886474609375,-325.3905944824219,44.61988067626953,0.026945604298064665,0.35,0.0,-0.030295693374992855,0.5938339233398438,271,-1,5.9638646255616,50.08864156787079
1905,95.25,sturn,192,stanley,1.2,344.45086669921875,-325.4715881347656,344.4886474609375,-325.3905944824219,44.744842529296875,0.02335685933861847,0.35,0.0,-0.030242645688062716,0.4688720703124985,271,-1,5.964423672931458,49.79580959361817
1906,95.30000000000001,sturn,192,stanley,1.2,344.66064453125,-325.2596435546875,344.4886474609375,-325.3905944824219,44.93532180786133,0.017776949758728434,0.35,0.0,-0.02982283487435411,0.27839279174804477,271,-1,5.9640482654808835,49.50294913387517
1907,95.35000000000001,sturn,192,stanley,1.2,344.869873046875,-325.0470886230469,344.4886474609375,-325.3905944824219,45.03699493408203,0.014462123367384918,0.35,0.0,-0.02858318166180321,0.17671966552734458,271,-1,5.965049017030751,49.20995047709723
1908,95.4,sturn,192,stanley,1.2,345.0792541503906,-324.83465576171875,344.4886474609375,-325.3905944824219,45.18364715576172,0.00992825372991544,0.35,0.0,-0.027537820266828494,0.030067443847654824,271,-1,5.964756832888516,48.91703232751766
1909,95.45,sturn,192,stanley,1.2,345.28826904296875,-324.6217956542969,345.7381591796875,-324.114501953125,45.23675537109375,0.031087500877047338,0.35,0.0,-0.028864801614910895,0.7553901672363261,272,-1,5.965554963311779,48.62402621133592
1910,95.5,sturn,192,stanley,1.2,345.49664306640625,-324.4084167480469,345.7381591796875,-324.114501953125,45.399234771728516,0.02698219394891355,0.35,0.0,-0.030490202019458873,0.5929107666015637,272,-1,5.964518466173317,48.33100689321056
1911,95.55000000000001,sturn,192,stanley,1.2,345.7038269042969,-324.1938781738281,345.7381591796875,-324.114501953125,45.52434158325195,0.02339481655585767,0.35,0.0,-0.030453880526933368,0.46780395507812805,272,-1,5.965074522787172,48.037741204847016
1912,95.60000000000001,sturn,192,stanley,1.2,345.91070556640625,-323.97906494140625,345.7381591796875,-324.114501953125,45.71498489379883,0.017801424416374133,0.35,0.0,-0.030007242309723764,0.2771606445312509,272,-1,5.964687199819797,47.74447605248722
1913,95.65,sturn,192,stanley,1.2,346.1170349121094,-323.7637023925781,345.7381591796875,-324.114501953125,45.816829681396484,0.014487090677217785,0.35,0.0,-0.0287838698475828,0.1753158569335915,272,-1,5.965686484436518,47.451115978867115
1914,95.7,sturn,192,stanley,1.2,346.3234558105469,-323.54840087890625,345.7381591796875,-324.114501953125,45.963626861572266,0.009926159931164717,0.35,0.0,-0.027668750792652574,0.028518676757811338,272,-1,5.96538694973698,47.157818022471034
1915,95.75,sturn,192,stanley,1.2,346.5295715332031,-323.3327331542969,346.9702453613281,-322.821533203125,46.01680374145508,0.0311010467726816,0.35,0.0,-0.029049331439237158,0.7537727355957053,273,-1,5.966181451556486,46.86444363918599
1916,95.80000000000001,sturn,192,stanley,1.2,346.7349853515625,-323.1164855957031,346.9702453613281,-322.821533203125,46.179351806640625,0.026970695872782127,0.35,0.0,-0.030604755925799115,0.5912246704101592,273,-1,5.965140492768912,46.57103054005113
1917,95.85000000000001,sturn,192,stanley,1.2,346.9392395019531,-322.8991394042969,346.9702453613281,-322.821533203125,46.304466247558594,0.023381241869858,0.35,0.0,-0.030562749537475776,0.46611022949218783,273,-1,5.965687458763505,46.277392021626795
1918,95.9,sturn,192,stanley,1.2,347.14324951171875,-322.6815185546875,346.9702453613281,-322.821533203125,46.495079040527344,0.01780145512536198,0.35,0.0,-0.030154738869341294,0.275497436523441,273,-1,5.965302425484754,45.983715763943884
1919,95.95,sturn,192,stanley,1.2,347.3465881347656,-322.46331787109375,346.9702453613281,-322.821533203125,46.596885681152344,0.01446488999628151,0.35,0.0,-0.028860403744578184,0.1736907958984413,273,-1,5.966296222079371,45.68997807646151
1920,96.0,sturn,192,stanley,1.2,347.55010986328125,-322.2452392578125,346.9702453613281,-322.821533203125,46.74361801147461,0.009918307669440282,0.35,0.0,-0.02778309094091813,0.026958465576176933,273,-1,5.96599100518079,45.396302399734026
1921,96.05000000000001,sturn,192,stanley,1.2,347.7533264160156,-322.02679443359375,348.1846923828125,-321.5119323730469,46.79674530029297,0.031114814028505158,0.35,0.0,-0.029225495922066802,0.7522583007812537,274,-1,5.9667799346285415,45.10254505178493
1922,96.10000000000001,sturn,192,stanley,1.2,347.955810546875,-321.8077392578125,348.1846923828125,-321.5119323730469,46.95927810668945,0.02698326560417464,0.35,0.0,-0.030776053376733198,0.5897254943847664,274,-1,5.96573255693661,44.8087315308375
1923,96.15,sturn,192,stanley,1.2,348.1570739746094,-321.5876159667969,348.1846923828125,-321.5119323730469,47.084495544433594,0.02338129666866532,0.35,0.0,-0.030704974668093212,0.46450805664062583,274,-1,5.966277586628731,44.51473828687589
1924,96.2,sturn,192,stanley,1.2,348.3581237792969,-321.3671875,348.1846923828125,-321.5119323730469,47.2751350402832,0.017791993638110428,0.35,0.0,-0.030270291893386564,0.2738685607910165,274,-1,5.965885017881961,44.22066043207913
1925,96.25,sturn,192,stanley,1.2,348.55859375,-321.1462097167969,348.1846923828125,-321.5119323730469,47.37696075439453,0.014475029725760084,0.35,0.0,-0.02903700951812979,0.17204284667969016,274,-1,5.9668717921328955,43.926489308015924
1926,96.30000000000001,sturn,192,stanley,1.2,348.7590637207031,-320.92535400390625,348.1846923828125,-321.5119323730469,47.52373123168945,0.00990317752374712,0.35,0.0,-0.027886119646086505,0.025272369384766086,274,-1,5.966562364786031,43.63247803557297
1927,96.35000000000001,sturn,192,stanley,1.2,348.9592590332031,-320.7041015625,349.3811950683594,-320.18597412109375,47.57685470581055,0.031097447266501595,0.35,0.0,-0.0293208666760455,0.7505836486816401,275,-1,5.9673468943633114,43.33833745532405
1928,96.4,sturn,192,stanley,1.2,349.1587829589844,-320.4823303222656,349.3811950683594,-320.18597412109375,47.73934555053711,0.026978755760779575,0.35,0.0,-0.030906945620649856,0.5880928039550803,275,-1,5.966295810193886,43.04417650450967
1929,96.45,sturn,192,stanley,1.2,349.3570251464844,-320.25946044921875,349.3811950683594,-320.18597412109375,47.86449432373047,0.023368648243665077,0.35,0.0,-0.03080517062116315,0.46294403076171714,275,-1,5.9668369073663925,42.74982954662798
1930,96.5,sturn,192,stanley,1.2,349.5550231933594,-320.03631591796875,349.3811950683594,-320.18597412109375,48.05510330200195,0.01776968222263756,0.35,0.0,-0.030338420406876676,0.2723350524902319,275,-1,5.96644000324009,42.45543542380696
1931,96.55000000000001,sturn,192,stanley,1.2,349.75244140625,-319.8126220703125,349.3811950683594,-320.18597412109375,48.1568489074707,0.01444457905131687,0.35,0.0,-0.029073333837523085,0.17058944702148646,275,-1,5.967422527290373,42.16094035916776
1932,96.60000000000001,sturn,192,stanley,1.2,349.9499816894531,-319.5889892578125,349.3811950683594,-320.18597412109375,48.3034782409668,0.00988258270288432,0.35,0.0,-0.02794000911254546,0.023960113525391246,275,-1,5.9671097106601785,41.866486696778075
1933,96.65,sturn,192,stanley,1.2,350.1470947265625,-319.3650207519531,350.5595397949219,-318.8438720703125,48.356468200683594,0.03108924332160004,0.35,0.0,-0.02940126125166309,0.7494010925292969,276,-1,5.967890304356594,41.57203124011392
1934,96.7,sturn,192,stanley,1.2,350.3435974121094,-319.1405334472656,350.5595397949219,-318.8438720703125,48.51885986328125,0.026970298591881117,0.35,0.0,-0.03097805855240751,0.5870094299316448,276,-1,5.966832241553255,41.27751494859096
1935,96.75,sturn,192,stanley,1.2,350.5388488769531,-318.91497802734375,350.5595397949219,-318.8438720703125,48.64396667480469,0.023372432060336033,0.35,0.0,-0.030909776497282264,0.4619026184082028,276,-1,5.9673641011972895,40.98280875952329
1936,96.80000000000001,sturn,192,stanley,1.2,350.7338562011719,-318.68914794921875,350.5595397949219,-318.8438720703125,48.834564208984375,0.017785039289756773,0.35,0.0,-0.03047713486198611,0.2713050842285148,276,-1,5.9669661333750215,40.688050850907544
1937,96.85000000000001,sturn,192,stanley,1.2,350.92828369140625,-318.4627685546875,350.5595397949219,-318.8438720703125,48.93636703491211,0.014469698424325796,0.35,0.0,-0.029246567474319612,0.16950225830078297,276,-1,5.967945237909352,40.3931845069028
1938,96.9,sturn,192,stanley,1.2,351.12274169921875,-318.2364501953125,350.5595397949219,-318.8438720703125,49.08311462402344,0.009893103033333258,0.35,0.0,-0.028079026432461518,0.022754669189453455,276,-1,5.9676279416042854,40.09840649639432
1939,96.95,sturn,192,stanley,1.2,351.31683349609375,-318.00982666015625,351.7196044921875,-317.48590087890625,49.136199951171875,0.031105280173754295,0.35,0.0,-0.029565766362388002,0.7480964660644578,277,-1,5.968402832555572,39.80361463680919
1940,97.0,sturn,192,stanley,1.2,351.51025390625,-317.7826232910156,351.7196044921875,-317.48590087890625,49.2987060546875,0.02696518198578299,0.35,0.0,-0.03108833899348476,0.5855903625488329,277,-1,5.967343825000557,39.50873434891936
1941,97.05000000000001,sturn,192,stanley,1.2,351.70245361328125,-317.55438232421875,351.7196044921875,-317.48590087890625,49.42385482788086,0.023362421456784164,0.35,0.0,-0.031008826544355675,0.4604415893554697,277,-1,5.967874174255127,39.21366075513186
1942,97.10000000000001,sturn,192,stanley,1.2,351.8943786621094,-317.3258972167969,351.7196044921875,-317.48590087890625,49.614437103271484,0.017770805330646264,0.35,0.0,-0.03056196273052296,0.2698593139648468,277,-1,5.967471449993358,38.91857275389549
1943,97.15,sturn,192,stanley,1.2,352.0856628417969,-317.0968933105469,351.7196044921875,-317.48590087890625,49.716182708740234,0.01444374627218543,0.35,0.0,-0.0292907182164428,0.16811370849609505,277,-1,5.968447662520807,38.62342655281007
1944,97.2,sturn,192,stanley,1.2,352.277099609375,-316.8679504394531,351.7196044921875,-317.48590087890625,49.86283874511719,0.009887025658370824,0.35,0.0,-0.02817549148390841,0.021457672119143775,277,-1,5.968125823682,38.3283032806255
1945,97.25,sturn,192,stanley,1.2,352.4681701660156,-316.638671875,352.861083984375,-316.11224365234375,49.91585922241211,0.031147760026998237,0.35,0.0,-0.029803950257842604,0.7468681335449191,278,-1,5.968900250007567,38.03313474977622
1946,97.30000000000001,sturn,192,stanley,1.2,352.65850830078125,-316.40887451171875,352.861083984375,-316.11224365234375,50.07843017578125,0.027014150843030833,0.35,0.0,-0.03135189036318556,0.5842971801757784,278,-1,5.967829413706693,37.73795349354915
1947,97.35000000000001,sturn,192,stanley,1.2,352.84759521484375,-316.1780090332031,352.861083984375,-316.11224365234375,50.20380401611328,0.023399255684773686,0.35,0.0,-0.031255040014643104,0.45892333984375017,278,-1,5.968355326308709,37.44255557390627
1948,97.4,sturn,192,stanley,1.2,353.0364074707031,-315.9468994140625,352.861083984375,-316.11224365234375,50.39462661743164,0.017795147520887258,0.35,0.0,-0.030791004446565517,0.2681007385253908,278,-1,5.967947188253752,37.14713850994334
1949,97.45,sturn,192,stanley,1.2,353.22454833984375,-315.71527099609375,352.861083984375,-316.11224365234375,50.496585845947266,0.01444855035371198,0.35,0.0,-0.029478841231311115,0.16614151000976493,278,-1,5.968917163646915,36.85167110818376
1950,97.5,sturn,192,stanley,1.2,353.412841796875,-315.4837341308594,352.861083984375,-316.11224365234375,50.64336395263672,0.009881499862556951,0.35,0.0,-0.02834272759180151,0.019363403320311435,278,-1,5.968595464998384,36.5562516092306
1951,97.55000000000001,sturn,192,stanley,1.2,353.6007995605469,-315.2518310546875,353.98382568359375,-314.7232360839844,50.69641876220703,0.031140311093294844,0.35,0.0,-0.029968439696475113,0.7447395324707012,279,-1,5.969363257217053,36.260739387322445
1952,97.60000000000001,sturn,192,stanley,1.2,353.78802490234375,-315.0194396972656,353.98382568359375,-314.7232360839844,50.85899353027344,0.027007434912357634,0.35,0.0,-0.03151902325125794,0.5821647644042991,279,-1,5.968291127663184,35.965232271135626
1953,97.65,sturn,192,stanley,1.2,353.97393798828125,-314.7859802246094,353.98382568359375,-314.7232360839844,50.984336853027344,0.023378775335171034,0.35,0.0,-0.03137768866149306,0.4568214416503884,279,-1,5.968813733526091,35.66952635443913
1954,97.7,sturn,192,stanley,1.2,354.15960693359375,-314.5523376464844,353.98382568359375,-314.7232360839844,51.17509460449219,0.01778235222124023,0.35,0.0,-0.030931310869218187,0.2660636901855448,279,-1,5.968401987315474,35.37383342416813
1955,97.75,sturn,192,stanley,1.2,354.3446350097656,-314.3181457519531,353.98382568359375,-314.7232360839844,51.276973724365234,0.014445390862356994,0.35,0.0,-0.02964139481767203,0.16418457031249994,279,-1,5.969371801796131,35.0780403862195
1956,97.80000000000001,sturn,192,stanley,1.2,354.52972412109375,-314.08404541015625,353.98382568359375,-314.7232360839844,51.423702239990234,0.009863675284897101,0.35,0.0,-0.028456272801875016,0.0174560546874971,279,-1,5.969040649068742,34.78234083193197
1957,97.85000000000001,sturn,192,stanley,1.2,354.7144775390625,-313.8495788574219,355.0875244140625,-313.3191223144531,51.476688385009766,0.031141502930106153,0.35,0.0,-0.03013426423958765,0.7428970336914027,280,-1,5.969804947784429,34.48654295293292
1958,97.9,sturn,192,stanley,1.2,354.8984680175781,-313.6146545410156,355.0875244140625,-313.3191223144531,51.63920974731445,0.0269922406147863,0.35,0.0,-0.03163049299522755,0.5803756713867191,280,-1,5.96872999410842,34.19078358081648
1959,97.95,sturn,192,stanley,1.2,355.0812072753906,-313.37872314453125,355.0875244140625,-313.3191223144531,51.76450729370117,0.02337531533743899,0.35,0.0,-0.0315208269187884,0.45507812499999756,280,-1,5.96924992555057,33.89483341525503
1960,98.0,sturn,192,stanley,1.2,355.263671875,-313.1425476074219,355.0875244140625,-313.3191223144531,51.95522689819336,0.017770156499821096,0.35,0.0,-0.031044511195154,0.26435852050781367,280,-1,5.968830566895097,33.598854669066576
1961,98.05000000000001,sturn,192,stanley,1.2,355.4455261230469,-312.9058532714844,355.0875244140625,-313.3191223144531,52.05707931518555,0.014438384046855953,0.35,0.0,-0.029767959962784862,0.16250610351562486,280,-1,5.969798240931596,33.30277883899361
1962,98.10000000000001,sturn,192,stanley,1.2,355.62744140625,-312.66925048828125,355.0875244140625,-313.3191223144531,52.2037467956543,0.009862686481832006,0.35,0.0,-0.028595737334843496,0.015838623046876294,280,-1,5.969467618522013,33.006794978447935
1963,98.15,sturn,192,stanley,1.2,355.8089904785156,-312.43231201171875,356.17205810546875,-311.900146484375,52.2567024230957,0.031159571970401218,0.35,0.0,-0.030328788583839417,0.7413139343261738,281,-1,5.970228176248314,32.710749051066216
1964,98.2,sturn,192,stanley,1.2,355.98980712890625,-312.19488525390625,356.17205810546875,-311.900146484375,52.41926574707031,0.02701338973992151,0.35,0.0,-0.031838064475263494,0.5787506103515625,281,-1,5.969147935980111,32.414691622845346
1965,98.25,sturn,192,stanley,1.2,356.1693420410156,-311.9564514160156,356.17205810546875,-311.900146484375,52.5446662902832,0.023389980836036706,0.35,0.0,-0.031717621601392514,0.4533500671386718,281,-1,5.969662964780095,32.118445550481965
1966,98.30000000000001,sturn,192,stanley,1.2,356.34857177734375,-311.7177734375,356.17205810546875,-311.900146484375,52.73550033569336,0.017770125279281117,0.35,0.0,-0.031206526624245404,0.2625160217285151,281,-1,5.9692420068085115,31.822181391573793
1967,98.35000000000001,sturn,192,stanley,1.2,356.5271911621094,-311.47857666015625,356.17205810546875,-311.900146484375,52.83738708496094,0.014426142024338765,0.35,0.0,-0.02989576065977123,0.16062927246094086,281,-1,5.970205453650172,31.52581244040494
1968,98.4,sturn,192,stanley,1.2,356.7058410644531,-311.2394714355469,356.17205810546875,-311.900146484375,52.98406219482422,0.009830825732516453,0.35,0.0,-0.02866446682332907,0.01395416259765652,281,-1,5.96986995804244,31.229548987612482
1969,98.45,sturn,192,stanley,1.2,356.88421630859375,-311.0000915527344,357.23724365234375,-310.4665222167969,53.03691864013672,0.031168407533053957,0.35,0.0,-0.030512719414545975,0.7395286560058553,282,-1,5.970629191093504,30.93322546625043
1970,98.5,sturn,192,stanley,1.2,357.0617980957031,-310.76019287109375,357.23724365234375,-310.4665222167969,53.199440002441406,0.02701813069143949,0.35,0.0,-0.032005960073578144,0.5770072937011715,282,-1,5.969545584956441,30.636885953833847
1971,98.55000000000001,sturn,192,stanley,1.2,357.2380676269531,-310.5193176269531,357.23724365234375,-310.4665222167969,53.32483673095703,0.023387596618650575,0.35,0.0,-0.03186349377288325,0.45161056518554243,282,-1,5.970052493921361,30.340386064709282
1972,98.60000000000001,sturn,192,stanley,1.2,357.41400146484375,-310.2782287597656,357.23724365234375,-310.4665222167969,53.51569366455078,0.017757749802576092,0.35,0.0,-0.031323979942800145,0.2607536315917912,282,-1,5.969631660253864,30.04390475135395
1973,98.65,sturn,192,stanley,1.2,357.58929443359375,-310.03662109375,357.23724365234375,-310.4665222167969,53.61756134033203,0.014397123350761128,0.35,0.0,-0.029960888188105772,0.1588859558105436,282,-1,5.970592053566887,29.74732593432996
1974,98.7,sturn,192,stanley,1.2,357.7647705078125,-309.79510498046875,357.23724365234375,-310.4665222167969,53.76411819458008,0.009828258023669777,0.35,0.0,-0.02879961274152737,0.012329101562499953,282,-1,5.970252126022952,29.450775941423945
1975,98.75,sturn,192,stanley,1.2,357.9398498535156,-309.55328369140625,358.2828674316406,-309.0185852050781,53.816898345947266,0.031164415779753697,0.35,0.0,-0.030637360421086945,0.7379760742187439,283,-1,5.971008008852777,29.154194375690633
1976,98.80000000000001,sturn,192,stanley,1.2,358.1141662597656,-309.31097412109375,358.2828674316406,-309.0185852050781,53.9793815612793,0.027014041910656414,0.35,0.0,-0.03212704704904834,0.5754928588867136,283,-1,5.969920676037634,28.857599724416797
1977,98.85000000000001,sturn,192,stanley,1.2,358.2871398925781,-309.0677185058594,358.2828674316406,-309.0185852050781,54.104759216308594,0.023380629203404942,0.35,0.0,-0.03197418149633337,0.4501152038574175,283,-1,5.970428604377256,28.560872831185435
1978,98.9,sturn,192,stanley,1.2,358.4597473144531,-308.82421875,358.2828674316406,-309.0185852050781,54.29556655883789,0.01773469168913989,0.35,0.0,-0.03138139164198861,0.2593078613281232,283,-1,5.970002887945766,28.26414770913754
1979,98.95,sturn,192,stanley,1.2,358.63177490234375,-308.58026123046875,358.2828674316406,-309.0185852050781,54.39738082885742,0.014386303291111594,0.35,0.0,-0.03005076000548279,0.1574935913085878,283,-1,5.970958338835962,27.967340899862688
1980,99.0,sturn,192,stanley,1.2,358.8039245605469,-308.3363342285156,358.2828674316406,-309.0185852050781,54.543853759765625,0.009802683914956518,0.35,0.0,-0.02883727339481995,0.011020660400386635,283,-1,5.970617960015658,27.670538336637307
1981,99.05000000000001,sturn,192,stanley,1.2,358.9757080078125,-308.0921325683594,359.3087158203125,-307.55657958984375,54.596534729003906,0.031160763166938308,0.35,0.0,-0.030732810889070705,0.7367706298828125,284,-1,5.971369932773532,27.373710430926856
1982,99.10000000000001,sturn,192,stanley,1.2,359.1467590332031,-307.8474426269531,359.3087158203125,-307.55657958984375,54.7589111328125,0.027018513385340028,0.35,0.0,-0.03223796004757762,0.5743942260742192,284,-1,5.970277433894995,27.076846266942674
1983,99.15,sturn,192,stanley,1.2,359.31640625,-307.6018371582031,359.3087158203125,-307.55657958984375,54.88429641723633,0.023379184156470105,0.35,0.0,-0.03206775864003809,0.4490089416503873,284,-1,5.970782640633784,26.779892567845106
1984,99.2,sturn,192,stanley,1.2,359.4857482910156,-307.35601806640625,359.3087158203125,-307.55657958984375,55.075096130371094,0.017749959134297454,0.35,0.0,-0.03152504872272173,0.2582092285156225,284,-1,5.970354824109278,26.48293282019957
1985,99.25,sturn,192,stanley,1.2,359.6544494628906,-307.1097412109375,359.3087158203125,-307.55657958984375,55.176937103271484,0.014400972579104828,0.35,0.0,-0.030194863401383942,0.15636825561523096,284,-1,5.971310652135675,26.18591351934216
1986,99.30000000000001,sturn,192,stanley,1.2,359.8232727050781,-306.8634948730469,359.3087158203125,-307.55657958984375,55.32350540161133,0.009815014632910667,0.35,0.0,-0.02898243628301661,0.00979995727539004,284,-1,5.970963179149771,25.888897092484235
1987,99.35000000000001,sturn,192,stanley,1.2,359.99169921875,-306.61700439453125,360.3145751953125,-306.0807800292969,55.37626266479492,0.031197014004477955,0.35,0.0,-0.030957434305178444,0.7354736328125028,285,-1,5.971712724002323,25.591891374775997
1988,99.4,sturn,192,stanley,1.2,360.15936279296875,-306.3700256347656,360.3145751953125,-306.0807800292969,55.5388069152832,0.027039307694539945,0.35,0.0,-0.03243021104547669,0.5729293823242182,285,-1,5.970617385915563,25.29485565073344
1989,99.45,sturn,192,stanley,1.2,360.32562255859375,-306.1221008300781,360.3145751953125,-306.0807800292969,55.664344787597656,0.02337922107836303,0.35,0.0,-0.03221015797774837,0.4473915100097665,285,-1,5.971120224972792,24.997689717244423
1990,99.5,sturn,192,stanley,1.2,360.49163818359375,-305.87396240234375,360.3145751953125,-306.0807800292969,55.85524368286133,0.017747473938802456,0.35,0.0,-0.03166832641647575,0.256492614746094,285,-1,5.97068710826555,24.70048391727217
1991,99.55000000000001,sturn,192,stanley,1.2,360.656982421875,-305.6253662109375,360.3145751953125,-306.0807800292969,55.957115173339844,0.01438967037611128,0.35,0.0,-0.03031392132248345,0.15462112426757857,285,-1,5.9716400618108905,24.403225412790672
1992,99.60000000000001,sturn,192,stanley,1.2,360.82244873046875,-305.3768310546875,360.3145751953125,-306.0807800292969,56.103668212890625,0.009801996273302459,0.35,0.0,-0.029094881713665477,0.008068084716796431,285,-1,5.971293312810358,24.10599527263446
1993,99.65,sturn,192,stanley,1.2,360.9875793457031,-305.12799072265625,361.3003234863281,-304.5914306640625,56.1563606262207,0.031206020879107337,0.35,0.0,-0.031131327837256695,0.733806610107425,286,-1,5.972042154666136,23.808687823722313
1994,99.7,sturn,192,stanley,1.2,361.15185546875,-304.87872314453125,361.3003234863281,-304.5914306640625,56.318904876708984,0.027037669510408324,0.35,0.0,-0.03257176600387447,0.5712623596191467,286,-1,5.970940989392482,23.511438884077947
1995,99.75,sturn,192,stanley,1.2,361.3147888183594,-304.6285400390625,361.3003234863281,-304.5914306640625,56.44445037841797,0.02338909633662538,0.35,0.0,-0.032387360698783424,0.4457168579101593,286,-1,5.971441168391647,23.21404413800381
1996,99.80000000000001,sturn,192,stanley,1.2,361.4774169921875,-304.3781433105469,361.3003234863281,-304.5914306640625,56.635406494140625,0.01775083173642443,0.35,0.0,-0.031830641859876066,0.25476074218750044,286,-1,5.971007351183232,22.916633798587412
1997,99.85000000000001,sturn,192,stanley,1.2,361.6393737792969,-304.1272888183594,361.3003234863281,-304.5914306640625,56.73732376098633,0.014386897203558754,0.35,0.0,-0.030461501285114267,0.15284347534180218,286,-1,5.971955459363558,22.61916293510893
1998,99.9,sturn,192,stanley,1.2,361.8013916015625,-303.87652587890625,361.3003234863281,-304.5914306640625,56.88388442993164,0.009782923729921901,0.35,0.0,-0.029193495571281536,0.006282806396490662,286,-1,5.971607516645358,22.321774602345574
1999,99.95,sturn,192,stanley,1.2,361.9630126953125,-303.6254577636719,362.2657165527344,-303.0888366699219,56.936546325683594,0.031183753042826442,0.35,0.0,-0.031218005228689394,0.732048034667969,287,-1,5.9723522326978475,22.02433198711329
2000,100.0,sturn,192,stanley,1.2,362.1239318847656,-303.37396240234375,362.2657165527344,-303.0888366699219,57.0989875793457,0.02702741422639393,0.35,0.0,-0.03268606282392923,0.5696067810058598,287,-1,5.971249086149128,21.72686803593313
2001,100.05000000000001,sturn,192,stanley,1.2,362.28350830078125,-303.12158203125,362.2657165527344,-303.0888366699219,57.22445297241211,0.023395781877568758,0.35,0.0,-0.03254620172995312,0.4441413879394534,287,-1,5.971749502076517,21.429272017156567
2002,100.10000000000001,sturn,192,stanley,1.2,362.44268798828125,-302.8690490722656,362.2657165527344,-303.0888366699219,57.415367126464844,0.01775874871679426,0.35,0.0,-0.03198951103210948,0.25322723388671575,287,-1,5.971309993738606,21.131752183451077
2003,100.15,sturn,192,stanley,1.2,362.6011962890625,-302.61602783203125,362.2657165527344,-303.0888366699219,57.51731872558594,0.014388590386117032,0.35,0.0,-0.030604379075107213,0.15127563476563202,287,-1,5.972256901683236,20.834136942596025
2004,100.2,sturn,192,stanley,1.2,362.7599182128906,-302.3630676269531,362.2657165527344,-303.0888366699219,57.663909912109375,0.009815355747109157,0.35,0.0,-0.029432394482702517,0.004684448242196536,287,-1,5.971907497471182,20.536505402428446
2005,100.25,sturn,192,stanley,1.2,362.9181823730469,-302.1098327636719,363.21063232421875,-301.5732727050781,57.716678619384766,0.03124761976981252,0.35,0.0,-0.031561543249583046,0.7303466796874992,288,-1,5.972648654411536,20.23886934524198
2006,100.30000000000001,sturn,192,stanley,1.2,363.0756530761719,-301.85614013671875,363.21063232421875,-301.5732727050781,57.87936019897461,0.02707378869103251,0.35,0.0,-0.03299728707979152,0.56766510009766,288,-1,5.971541367157417,19.941219009973764
2007,100.35000000000001,sturn,192,stanley,1.2,363.23175048828125,-301.6015930175781,363.21063232421875,-301.5732727050781,58.005126953125,0.02341980364171164,0.35,0.0,-0.03281562738273004,0.4418983459472755,288,-1,5.972034959125498,19.643464316848398
2008,100.4,sturn,192,stanley,1.2,363.3874816894531,-301.34686279296875,363.21063232421875,-301.5732727050781,58.19628143310547,0.017765115365125858,0.35,0.0,-0.03222608192676965,0.2507438659668077,288,-1,5.971593469841475,19.345739525958596
2009,100.45,sturn,192,stanley,1.2,363.54254150390625,-301.0917053222656,363.21063232421875,-301.5732727050781,58.29836654663086,0.014391113915956997,0.35,0.0,-0.030840837586610215,0.1486587524414054,288,-1,5.972541069997486,19.04796573538203
2010,100.5,sturn,192,stanley,1.2,363.6977233886719,-300.83660888671875,363.21063232421875,-301.5732727050781,58.44502258300781,0.009790633298717977,0.35,0.0,-0.029591555166083805,0.0020027160644604585,288,-1,5.972186505611253,18.750216536960355
2011,100.55000000000001,sturn,192,stanley,1.2,363.8525390625,-300.5812072753906,364.1348571777344,-300.04498291015625,58.49776077270508,0.03125015566819708,0.35,0.0,-0.03180105078237741,0.7276954650878807,289,-1,5.972926685830587,18.45238810880998
2012,100.60000000000001,sturn,192,stanley,1.2,364.0065612792969,-300.32537841796875,364.1348571777344,-300.04498291015625,58.66041946411133,0.027077142990445974,0.35,0.0,-0.03323728922481174,0.5650367736816362,289,-1,5.971814146282957,18.154564065285427
2013,100.65,sturn,192,stanley,1.2,364.1590881347656,-300.0687255859375,364.1348571777344,-300.04498291015625,58.786190032958984,0.023393945023328516,0.35,0.0,-0.03296713636670894,0.4392662048339773,289,-1,5.972304508056753,17.856704496505973
2014,100.7,sturn,192,stanley,1.2,364.3114013671875,-299.8118896484375,364.1348571777344,-300.04498291015625,58.977294921875,0.01775455384117517,0.35,0.0,-0.03241975333685651,0.24816131591796015,289,-1,5.971863496239797,17.558801011829004
2015,100.75,sturn,192,stanley,1.2,364.4630432128906,-299.55462646484375,364.1348571777344,-300.04498291015625,59.079288482666016,0.0143971246200346,0.35,0.0,-0.03107691811634483,0.14616775512694882,289,-1,5.972812282070383,17.260840939208276
2016,100.80000000000001,sturn,192,stanley,1.2,364.61474609375,-299.29742431640625,364.1348571777344,-300.04498291015625,59.22593307495117,0.009793753922121666,0.35,0.0,-0.029817752847794088,-0.00047683715821153516,289,-1,5.9724516348356245,16.9629316880965
2017,100.85000000000001,sturn,192,stanley,1.2,364.7660217285156,-299.0399475097656,365.0382385253906,-298.50433349609375,59.278682708740234,0.031250307942609266,0.35,0.0,-0.032019681319454985,0.7252006530761754,290,-1,5.973192994573847,16.664992355836723
2018,100.9,sturn,192,stanley,1.2,364.91656494140625,-298.78204345703125,365.0382385253906,-298.50433349609375,59.44135665893555,0.02707889861493011,0.35,0.0,-0.033462141589568783,0.5625267028808593,290,-1,5.972079940385788,16.36702167081585
2019,100.95,sturn,192,stanley,1.2,365.06561279296875,-298.5233154296875,365.0382385253906,-298.50433349609375,59.567142486572266,0.02339710001263934,0.35,0.0,-0.03319759134986632,0.4367408752441416,290,-1,5.972573228771113,16.069001360869883
2020,101.0,sturn,192,stanley,1.2,365.21441650390625,-298.264404296875,365.0382385253906,-298.50433349609375,59.758243560791016,0.01775120894342586,0.35,0.0,-0.03263005886726497,0.24563980102538602,290,-1,5.972129487331715,15.770946633144357
2021,101.05000000000001,sturn,192,stanley,1.2,365.3625183105469,-298.0050964355469,365.0382385253906,-298.50433349609375,59.86027908325195,0.014382426819061829,0.35,0.0,-0.03125629467671315,0.14360427856445981,290,-1,5.973073359654337,15.472868448453772
2022,101.10000000000001,sturn,192,stanley,1.2,365.5107421875,-297.7458190917969,365.0382385253906,-298.50433349609375,60.00687026977539,0.009782699911362842,0.35,0.0,-0.03000350761213605,-0.0029869079589884065,290,-1,5.9727136795477955,15.174785164812471
2023,101.15,sturn,192,stanley,1.2,365.6584777832031,-297.4862976074219,365.920654296875,-296.95147705078125,60.05956268310547,0.031252763938306546,0.35,0.0,-0.0322412933909533,0.7227516174316465,291,-1,5.9734470376157915,14.876720430058764
2024,101.2,sturn,192,stanley,1.2,365.8055114746094,-297.2263488769531,365.920654296875,-296.95147705078125,60.22220993041992,0.02708073781972366,0.35,0.0,-0.03367956520421583,0.5601043701171864,291,-1,5.97233132893263,14.578602810887958
2025,101.25,sturn,192,stanley,1.2,365.9510498046875,-296.965576171875,365.920654296875,-296.95147705078125,60.3480110168457,0.023397034323107378,0.35,0.0,-0.03341052237718132,0.43430328369140997,291,-1,5.972818797730641,14.280421396046078
2026,101.30000000000001,sturn,192,stanley,1.2,366.0962829589844,-296.70465087890625,365.920654296875,-296.95147705078125,60.539093017578125,0.017737777237121017,0.35,0.0,-0.032800648254910234,0.24322128295898737,291,-1,5.972373690272391,13.982255460305925
2027,101.35000000000001,sturn,192,stanley,1.2,366.24078369140625,-296.4433288574219,365.920654296875,-296.95147705078125,60.64109420776367,0.014347302649544407,0.35,0.0,-0.031357882506616225,0.1412200927734403,291,-1,5.97331286915454,13.68407147566212
2028,101.4,sturn,192,stanley,1.2,366.3854675292969,-296.1820373535156,366.78179931640625,-295.3868408203125,60.787574768066406,0.03201969823507619,0.35,0.0,-0.03019041406358397,0.7731704711914086,292,-1,5.9729531666149,13.385854499521331
2029,101.45,sturn,192,stanley,1.2,366.5286560058594,-295.9199523925781,366.78179931640625,-295.3868408203125,60.89939880371094,0.029185396515712943,0.35,0.0,-0.031287390401551596,0.6613464355468769,292,-1,5.973009348159509,13.08759182255309
2030,101.5,sturn,192,stanley,1.2,366.6711120605469,-295.657470703125,366.78179931640625,-295.3868408203125,61.106693267822266,0.02335047853127891,0.35,0.0,-0.031551398963890476,0.4540519714355547,292,-1,5.972458928488047,12.789306368567939
2031,101.55000000000001,sturn,192,stanley,1.2,366.81256103515625,-295.3945007324219,366.78179931640625,-295.3868408203125,61.23690414428711,0.01934766189596418,0.35,0.0,-0.030697326748897805,0.3238410949707038,292,-1,5.973405761154463,12.491032425406598
2032,101.60000000000001,sturn,192,stanley,1.2,366.9540100097656,-295.1314392089844,366.78179931640625,-295.3868408203125,61.41435241699219,0.013983246416813854,0.35,0.0,-0.02979965467125252,0.1463928222656329,292,-1,5.972958023636109,12.192691736619603
2033,101.65,sturn,192,stanley,1.2,367.0948791503906,-294.86810302734375,366.78179931640625,-295.3868408203125,61.496150970458984,0.011138836886384023,0.35,0.0,-0.028261321934321043,0.06459426879883481,292,-1,5.973850114826642,11.894369066319708
2034,101.7,sturn,192,stanley,1.2,367.2359619140625,-294.6048889160156,367.6216735839844,-293.8106384277344,61.62174606323242,0.029406801702411396,0.35,0.0,-0.027090994701233606,0.7174263000488277,293,-1,5.973543798433329,11.596081863975614
2035,101.75,sturn,192,stanley,1.2,367.375732421875,-294.3409118652344,367.6216735839844,-293.8106384277344,61.71473693847656,0.027160502531342095,0.35,0.0,-0.028339492488722168,0.6244354248046837,293,-1,5.973529953895044,11.297684321376213
2036,101.80000000000001,sturn,192,stanley,1.2,367.5146789550781,-294.0765686035156,367.6216735839844,-293.8106384277344,61.90630340576172,0.02180259796119234,0.35,0.0,-0.02868817819302473,0.4328689575195266,293,-1,5.973048952869351,10.999323027077738
2037,101.85000000000001,sturn,192,stanley,1.2,367.6527404785156,-293.81170654296875,367.6216735839844,-293.8106384277344,62.02391815185547,0.018218539534185566,0.35,0.0,-0.028012155406773584,0.3152542114257746,293,-1,5.973900238114846,10.700883919270067
2038,101.9,sturn,192,stanley,1.2,367.7906799316406,-293.5467834472656,367.6216735839844,-293.8106384277344,62.19171142578125,0.013157904196377622,0.35,0.0,-0.027199678820746004,0.14746093750000336,293,-1,5.973485736432617,10.402455465246554
2039,101.95,sturn,192,stanley,1.2,367.9281921386719,-293.2815856933594,367.6216735839844,-293.8106384277344,62.266212463378906,0.010594562588257988,0.35,0.0,-0.025881279181761252,0.07295989990234145,293,-1,5.974318951409967,10.103974008817817
2040,102.0,sturn,192,stanley,1.2,368.0658874511719,-293.0164794921875,368.4400634765625,-292.22314453125,62.38656234741211,0.02909883211334483,0.35,0.0,-0.02497363681396203,0.7310409545898464,294,-1,5.97403562590902,9.805513391248002
2041,102.05000000000001,sturn,192,stanley,1.2,368.2021484375,-292.7506408691406,368.4400634765625,-292.22314453125,62.476070404052734,0.026980301349109743,0.35,0.0,-0.02630800606592254,0.6415328979492227,294,-1,5.973982640370314,9.50700918322891
2042,102.10000000000001,sturn,192,stanley,1.2,368.337646484375,-292.48443603515625,368.4400634765625,-292.22314453125,62.66550827026367,0.021729049085800478,0.35,0.0,-0.02679629558640087,0.45209503173828336,294,-1,5.973509189771187,9.208507319428922
2043,102.15,sturn,192,stanley,1.2,368.47216796875,-292.2177734375,368.4400634765625,-292.22314453125,62.78190612792969,0.0182082701509836,0.35,0.0,-0.026206570636353826,0.33569717407226646,294,-1,5.974338676600892,8.910012395837649
2044,102.2,sturn,192,stanley,1.2,368.60662841796875,-291.9510803222656,368.4400634765625,-292.22314453125,62.9490966796875,0.013215632526048597,0.35,0.0,-0.02554860735381355,0.1685066223144514,294,-1,5.973929887733501,8.611527524440453
2045,102.25,sturn,192,stanley,1.2,368.7406311035156,-291.6840515136719,368.4400634765625,-292.22314453125,63.02353286743164,0.010687255516707834,0.35,0.0,-0.024330560604792356,0.09407043457031165,294,-1,5.974754786308159,8.312941627147461
2046,102.30000000000001,sturn,192,stanley,1.2,368.8747863769531,-291.41717529296875,369.2367248535156,-290.6246643066406,63.14418029785156,0.0292695843876488,0.35,0.0,-0.02368617442930626,0.7518539428711001,295,-1,5.97446650926412,8.014444554746348
2047,102.35000000000001,sturn,192,stanley,1.2,369.0075378417969,-291.1495361328125,369.2367248535156,-290.6246643066406,63.23436737060547,0.027169275966104176,0.35,0.0,-0.02513502249631233,0.661666870117188,295,-1,5.974401498804675,7.7158501154588714
2048,102.4,sturn,192,stanley,1.2,369.1394958496094,-290.881591796875,369.2367248535156,-290.6246643066406,63.42477035522461,0.021927829221866393,0.35,0.0,-0.025737070683552965,0.47126388549805376,295,-1,5.973917313732911,7.417318388927349
2049,102.45,sturn,192,stanley,1.2,369.2704162597656,-290.6131286621094,369.2367248535156,-290.6246643066406,63.54228591918945,0.018385614031032862,0.35,0.0,-0.025179086988227694,0.353748321533203,295,-1,5.974746086043024,7.118753576353668
2050,102.5,sturn,192,stanley,1.2,369.40130615234375,-290.3446044921875,369.2367248535156,-290.6246643066406,63.710628509521484,0.0133750949092577,0.35,0.0,-0.02456684304584625,0.18540573120117507,295,-1,5.974329798618711,6.820156171065092
2051,102.55000000000001,sturn,192,stanley,1.2,369.5315856933594,-290.0758056640625,369.2367248535156,-290.6246643066406,63.78617858886719,0.010794204069094558,0.35,0.0,-0.023285655182687715,0.10985565185547579,295,-1,5.975155411280158,6.521570142860035
2052,102.60000000000001,sturn,192,stanley,1.2,369.6621398925781,-289.8070983886719,370.01165771484375,-289.0155334472656,63.90771484375,0.02936200160740165,0.35,0.0,-0.02267398417592409,0.7667541503906248,296,-1,5.974865871868009,6.222967033279317
2053,102.65,sturn,192,stanley,1.2,369.79132080078125,-289.5377197265625,370.01165771484375,-289.0155334472656,63.99863815307617,0.02726927439287209,0.35,0.0,-0.024209977681143524,0.6758308410644508,296,-1,5.974801149906257,5.924324108660495
2054,102.7,sturn,192,stanley,1.2,369.9196472167969,-289.2679748535156,370.01165771484375,-289.0155334472656,64.18968200683594,0.02201110904644699,0.35,0.0,-0.02481695186933648,0.4847869873046815,296,-1,5.974309740555385,5.625705024540947
2055,102.75,sturn,192,stanley,1.2,370.0469970703125,-288.9977722167969,370.01165771484375,-289.0155334472656,64.30781555175781,0.018479700290375663,0.35,0.0,-0.024345405698099135,0.3666534423828158,296,-1,5.97514440618301,5.327073392155881
2056,102.80000000000001,sturn,192,stanley,1.2,370.1742858886719,-288.7275390625,370.01165771484375,-289.0155334472656,64.47676086425781,0.01347578966172701,0.35,0.0,-0.023805636115648773,0.19770812988281897,296,-1,5.974722807014515,5.028447746518658
2057,102.85000000000001,sturn,192,stanley,1.2,370.30108642578125,-288.4570007324219,370.01165771484375,-289.0155334472656,64.55288696289062,0.010934234748368446,0.35,0.0,-0.022693970803538743,0.12158203124999413,296,-1,5.9755456942249445,4.729749979534955
